hris_worker_id,payroll_worker_id,legal_entity_id,crosswalk_status,crosswalk_version
HRIS-WKR-000001,PAY-WKR-000001,LE-IE-SYNTH-001,ACTIVE,xwalk_v1.0.0
HRIS-WKR-000002,PAY-WKR-000002,LE-IE-SYNTH-001,ACTIVE,xwalk_v1.0.0
HRIS-WKR-000003,PAY-WKR-000003,LE-IE-SYNTH-001,ACTIVE,xwalk_v1.0.0
HRIS-WKR-000004,,LE-IE-SYNTH-001,MISSING,xwalk_v1.0.0
HRIS-WKR-000005,PAY-WKR-000004,LE-IE-SYNTH-001,ACTIVE,xwalk_v1.0.0
HRIS-WKR-000006,PAY-WKR-000005,LE-IE-SYNTH-001,ACTIVE,xwalk_v1.0.0
HRIS-WKR-000007,PAY-WKR-000006,LE-IE-SYNTH-001,ACTIVE,xwalk_v1.0.0
HRIS-WKR-000008,PAY-WKR-000007,LE-IE-SYNTH-001,ACTIVE,xwalk_v1.0.0
HRIS-WKR-000009,PAY-WKR-000008,LE-IE-SYNTH-001,ACTIVE,xwalk_v1.0.0
HRIS-WKR-000010,PAY-WKR-000009,LE-IE-SYNTH-001,ACTIVE,xwalk_v1.0.0
HRIS-WKR-000011,PAY-WKR-000010,LE-IE-SYNTH-001,ACTIVE,xwalk_v1.0.0
HRIS-WKR-000012,PAY-WKR-000011,LE-IE-SYNTH-001,ACTIVE,xwalk_v1.0.0
HRIS-WKR-000013,PAY-WKR-000012,LE-IE-SYNTH-001,ACTIVE,xwalk_v1.0.0
HRIS-WKR-000014,PAY-WKR-000013,LE-IE-SYNTH-001,ACTIVE,xwalk_v1.0.0
HRIS-WKR-000015,PAY-WKR-000014,LE-IE-SYNTH-001,ACTIVE,xwalk_v1.0.0
HRIS-WKR-000016,PAY-WKR-000015,LE-IE-SYNTH-001,ACTIVE,xwalk_v1.0.0
HRIS-WKR-000017,PAY-WKR-000016,LE-IE-SYNTH-001,ACTIVE,xwalk_v1.0.0
HRIS-WKR-000018,PAY-WKR-DUP-000001,LE-IE-SYNTH-001,ACTIVE,xwalk_v1.0.0
HRIS-WKR-000019,PAY-WKR-000017,LE-IE-SYNTH-001,ACTIVE,xwalk_v1.0.0
HRIS-WKR-000020,PAY-WKR-000018,LE-IE-SYNTH-001,ACTIVE,xwalk_v1.0.0
HRIS-WKR-000021,PAY-WKR-000019,LE-IE-SYNTH-001,ACTIVE,xwalk_v1.0.0
HRIS-WKR-000022,PAY-WKR-000020,LE-IE-SYNTH-001,ACTIVE,xwalk_v1.0.0
HRIS-WKR-000023,PAY-WKR-000021,LE-IE-SYNTH-001,ACTIVE,xwalk_v1.0.0
HRIS-WKR-000024,PAY-WKR-000022,LE-IE-SYNTH-001,ACTIVE,xwalk_v1.0.0
HRIS-WKR-000025,PAY-WKR-000023,LE-IE-SYNTH-001,ACTIVE,xwalk_v1.0.0
HRIS-WKR-000026,PAY-WKR-000024,LE-IE-SYNTH-001,ACTIVE,xwalk_v1.0.0
HRIS-WKR-000027,PAY-WKR-000025,LE-IE-SYNTH-001,ACTIVE,xwalk_v1.0.0
HRIS-WKR-000028,PAY-WKR-000026,LE-IE-SYNTH-001,ACTIVE,xwalk_v1.0.0
HRIS-WKR-000029,PAY-WKR-000027,LE-IE-SYNTH-001,ACTIVE,xwalk_v1.0.0
HRIS-WKR-000030,PAY-WKR-000028,LE-IE-SYNTH-001,ACTIVE,xwalk_v1.0.0
HRIS-WKR-000031,PAY-WKR-000029,LE-IE-SYNTH-001,ACTIVE,xwalk_v1.0.0
HRIS-WKR-000032,PAY-WKR-000030,LE-IE-SYNTH-001,ACTIVE,xwalk_v1.0.0
HRIS-WKR-000033,PAY-WKR-000031,LE-IE-SYNTH-001,ACTIVE,xwalk_v1.0.0
HRIS-WKR-000034,PAY-WKR-000032,LE-IE-SYNTH-001,ACTIVE,xwalk_v1.0.0
HRIS-WKR-000035,PAY-WKR-000033,LE-IE-SYNTH-001,ACTIVE,xwalk_v1.0.0
HRIS-WKR-000036,PAY-WKR-000034,LE-IE-SYNTH-001,ACTIVE,xwalk_v1.0.0
HRIS-WKR-000037,PAY-WKR-000035,LE-IE-SYNTH-001,ACTIVE,xwalk_v1.0.0
HRIS-WKR-000038,PAY-WKR-DUP-000001,LE-IE-SYNTH-001,ACTIVE,xwalk_v1.0.0
HRIS-WKR-000039,PAY-WKR-000036,LE-IE-SYNTH-001,ACTIVE,xwalk_v1.0.0
HRIS-WKR-000040,PAY-WKR-000037,LE-IE-SYNTH-001,ACTIVE,xwalk_v1.0.0
HRIS-WKR-000041,PAY-WKR-000038,LE-IE-SYNTH-001,ACTIVE,xwalk_v1.0.0
HRIS-WKR-000042,PAY-WKR-000039,LE-IE-SYNTH-001,ACTIVE,xwalk_v1.0.0
HRIS-WKR-000043,PAY-WKR-000040,LE-IE-SYNTH-001,ACTIVE,xwalk_v1.0.0
HRIS-WKR-000044,PAY-WKR-000041,LE-IE-SYNTH-001,ACTIVE,xwalk_v1.0.0
HRIS-WKR-000045,,LE-IE-SYNTH-001,MISSING,xwalk_v1.0.0
HRIS-WKR-000046,PAY-WKR-000042,LE-IE-SYNTH-001,ACTIVE,xwalk_v1.0.0
HRIS-WKR-000047,PAY-WKR-000043,LE-IE-SYNTH-001,ACTIVE,xwalk_v1.0.0
HRIS-WKR-000048,PAY-WKR-000044,LE-IE-SYNTH-001,ACTIVE,xwalk_v1.0.0
HRIS-WKR-000049,PAY-WKR-000045,LE-IE-SYNTH-001,ACTIVE,xwalk_v1.0.0
HRIS-WKR-000050,PAY-WKR-000046,LE-IE-SYNTH-001,ACTIVE,xwalk_v1.0.0
HRIS-WKR-000051,PAY-WKR-000047,LE-IE-SYNTH-001,ACTIVE,xwalk_v1.0.0
HRIS-WKR-000052,PAY-WKR-000048,LE-IE-SYNTH-001,ACTIVE,xwalk_v1.0.0
HRIS-WKR-000053,PAY-WKR-000049,LE-IE-SYNTH-001,ACTIVE,xwalk_v1.0.0
HRIS-WKR-000054,PAY-WKR-000050,LE-IE-SYNTH-001,ACTIVE,xwalk_v1.0.0
HRIS-WKR-000055,PAY-WKR-000051,LE-IE-SYNTH-001,ACTIVE,xwalk_v1.0.0
HRIS-WKR-000056,PAY-WKR-000052,LE-IE-SYNTH-001,ACTIVE,xwalk_v1.0.0
HRIS-WKR-000057,PAY-WKR-000053,LE-IE-SYNTH-001,ACTIVE,xwalk_v1.0.0
HRIS-WKR-000058,PAY-WKR-000054,LE-IE-SYNTH-001,ACTIVE,xwalk_v1.0.0
HRIS-WKR-000059,PAY-WKR-000055,LE-IE-SYNTH-001,ACTIVE,xwalk_v1.0.0
HRIS-WKR-000060,,LE-IE-SYNTH-001,MISSING,xwalk_v1.0.0
HRIS-WKR-000061,PAY-WKR-000056,LE-IE-SYNTH-001,ACTIVE,xwalk_v1.0.0
HRIS-WKR-000062,PAY-WKR-000057,LE-IE-SYNTH-001,ACTIVE,xwalk_v1.0.0
HRIS-WKR-000063,PAY-WKR-000058,LE-IE-SYNTH-001,ACTIVE,xwalk_v1.0.0
HRIS-WKR-000064,PAY-WKR-000059,LE-IE-SYNTH-001,ACTIVE,xwalk_v1.0.0
HRIS-WKR-000065,PAY-WKR-000060,LE-IE-SYNTH-001,ACTIVE,xwalk_v1.0.0
HRIS-WKR-000066,PAY-WKR-000061,LE-IE-SYNTH-001,ACTIVE,xwalk_v1.0.0
HRIS-WKR-000067,PAY-WKR-000062,LE-IE-SYNTH-001,ACTIVE,xwalk_v1.0.0
HRIS-WKR-000068,PAY-WKR-000063,LE-IE-SYNTH-001,ACTIVE,xwalk_v1.0.0
HRIS-WKR-000069,PAY-WKR-000064,LE-IE-SYNTH-001,ACTIVE,xwalk_v1.0.0
HRIS-WKR-000070,PAY-WKR-000065,LE-IE-SYNTH-001,ACTIVE,xwalk_v1.0.0
HRIS-WKR-000071,PAY-WKR-000066,LE-IE-SYNTH-001,ACTIVE,xwalk_v1.0.0
HRIS-WKR-000072,PAY-WKR-000067,LE-IE-SYNTH-001,ACTIVE,xwalk_v1.0.0
HRIS-WKR-000073,PAY-WKR-000068,LE-IE-SYNTH-001,ACTIVE,xwalk_v1.0.0
HRIS-WKR-000074,PAY-WKR-000069,LE-IE-SYNTH-001,ACTIVE,xwalk_v1.0.0
HRIS-WKR-000075,PAY-WKR-000070,LE-IE-SYNTH-001,ACTIVE,xwalk_v1.0.0
HRIS-WKR-000076,PAY-WKR-000071,LE-IE-SYNTH-001,ACTIVE,xwalk_v1.0.0
HRIS-WKR-000077,PAY-WKR-000072,LE-IE-SYNTH-001,ACTIVE,xwalk_v1.0.0
HRIS-WKR-000078,PAY-WKR-000073,LE-IE-SYNTH-001,ACTIVE,xwalk_v1.0.0
HRIS-WKR-000079,PAY-WKR-000074,LE-IE-SYNTH-001,ACTIVE,xwalk_v1.0.0
HRIS-WKR-000080,PAY-WKR-000075,LE-IE-SYNTH-001,ACTIVE,xwalk_v1.0.0
HRIS-WKR-000081,PAY-WKR-000076,LE-IE-SYNTH-001,ACTIVE,xwalk_v1.0.0
HRIS-WKR-000082,PAY-WKR-000077,LE-IE-SYNTH-001,ACTIVE,xwalk_v1.0.0
HRIS-WKR-000083,PAY-WKR-000078,LE-IE-SYNTH-001,ACTIVE,xwalk_v1.0.0
HRIS-WKR-000084,PAY-WKR-000079,LE-IE-SYNTH-001,ACTIVE,xwalk_v1.0.0
HRIS-WKR-000085,PAY-WKR-000080,LE-IE-SYNTH-001,ACTIVE,xwalk_v1.0.0
HRIS-WKR-000086,PAY-WKR-000081,LE-IE-SYNTH-001,ACTIVE,xwalk_v1.0.0
HRIS-WKR-000087,PAY-WKR-000082,LE-IE-SYNTH-001,ACTIVE,xwalk_v1.0.0
HRIS-WKR-000088,PAY-WKR-000083,LE-IE-SYNTH-001,ACTIVE,xwalk_v1.0.0
HRIS-WKR-000089,PAY-WKR-000084,LE-IE-SYNTH-001,ACTIVE,xwalk_v1.0.0
HRIS-WKR-000090,PAY-WKR-000085,LE-IE-SYNTH-001,ACTIVE,xwalk_v1.0.0
HRIS-WKR-000091,PAY-WKR-000086,LE-IE-SYNTH-001,ACTIVE,xwalk_v1.0.0
HRIS-WKR-000092,PAY-WKR-000087,LE-IE-SYNTH-001,ACTIVE,xwalk_v1.0.0
HRIS-WKR-000093,PAY-WKR-000088,LE-IE-SYNTH-001,ACTIVE,xwalk_v1.0.0
HRIS-WKR-000094,PAY-WKR-000089,LE-IE-SYNTH-001,ACTIVE,xwalk_v1.0.0
HRIS-WKR-000095,PAY-WKR-000090,LE-IE-SYNTH-001,ACTIVE,xwalk_v1.0.0
HRIS-WKR-000096,PAY-WKR-000091,LE-IE-SYNTH-001,ACTIVE,xwalk_v1.0.0
HRIS-WKR-000097,PAY-WKR-000092,LE-IE-SYNTH-001,ACTIVE,xwalk_v1.0.0
HRIS-WKR-000098,PAY-WKR-000093,LE-IE-SYNTH-001,ACTIVE,xwalk_v1.0.0
HRIS-WKR-000099,PAY-WKR-000094,LE-IE-SYNTH-001,ACTIVE,xwalk_v1.0.0
HRIS-WKR-000100,PAY-WKR-000095,LE-IE-SYNTH-001,ACTIVE,xwalk_v1.0.0
HRIS-WKR-000101,PAY-WKR-000096,LE-IE-SYNTH-001,ACTIVE,xwalk_v1.0.0
HRIS-WKR-000102,PAY-WKR-000097,LE-IE-SYNTH-001,ACTIVE,xwalk_v1.0.0
HRIS-WKR-000103,PAY-WKR-000098,LE-IE-SYNTH-001,ACTIVE,xwalk_v1.0.0
HRIS-WKR-000104,PAY-WKR-000099,LE-IE-SYNTH-001,ACTIVE,xwalk_v1.0.0
HRIS-WKR-000105,PAY-WKR-000100,LE-IE-SYNTH-001,ACTIVE,xwalk_v1.0.0
HRIS-WKR-000106,PAY-WKR-000101,LE-IE-SYNTH-001,ACTIVE,xwalk_v1.0.0
HRIS-WKR-000107,PAY-WKR-000102,LE-IE-SYNTH-001,ACTIVE,xwalk_v1.0.0
HRIS-WKR-000108,PAY-WKR-000103,LE-IE-SYNTH-001,ACTIVE,xwalk_v1.0.0
HRIS-WKR-000109,PAY-WKR-000104,LE-IE-SYNTH-001,ACTIVE,xwalk_v1.0.0
HRIS-WKR-000110,PAY-WKR-000105,LE-IE-SYNTH-001,ACTIVE,xwalk_v1.0.0
HRIS-WKR-000111,PAY-WKR-000106,LE-IE-SYNTH-001,ACTIVE,xwalk_v1.0.0
HRIS-WKR-000112,PAY-WKR-000107,LE-IE-SYNTH-001,ACTIVE,xwalk_v1.0.0
HRIS-WKR-000113,PAY-WKR-000108,LE-IE-SYNTH-001,ACTIVE,xwalk_v1.0.0
HRIS-WKR-000114,PAY-WKR-000109,LE-IE-SYNTH-001,ACTIVE,xwalk_v1.0.0
HRIS-WKR-000115,PAY-WKR-000110,LE-IE-SYNTH-001,ACTIVE,xwalk_v1.0.0
HRIS-WKR-000116,PAY-WKR-000111,LE-IE-SYNTH-001,ACTIVE,xwalk_v1.0.0
HRIS-WKR-000117,PAY-WKR-000112,LE-IE-SYNTH-001,ACTIVE,xwalk_v1.0.0
HRIS-WKR-000118,PAY-WKR-000113,LE-IE-SYNTH-001,ACTIVE,xwalk_v1.0.0
HRIS-WKR-000119,,LE-IE-SYNTH-001,MISSING,xwalk_v1.0.0
HRIS-WKR-000120,PAY-WKR-000114,LE-IE-SYNTH-001,ACTIVE,xwalk_v1.0.0
HRIS-WKR-000121,PAY-WKR-000115,LE-IE-SYNTH-001,ACTIVE,xwalk_v1.0.0
HRIS-WKR-000122,PAY-WKR-000116,LE-IE-SYNTH-001,ACTIVE,xwalk_v1.0.0
HRIS-WKR-000123,PAY-WKR-000117,LE-IE-SYNTH-001,ACTIVE,xwalk_v1.0.0
HRIS-WKR-000124,PAY-WKR-000118,LE-IE-SYNTH-001,ACTIVE,xwalk_v1.0.0
HRIS-WKR-000125,PAY-WKR-000119,LE-IE-SYNTH-001,ACTIVE,xwalk_v1.0.0
HRIS-WKR-000126,PAY-WKR-000120,LE-IE-SYNTH-001,ACTIVE,xwalk_v1.0.0
HRIS-WKR-000127,PAY-WKR-000121,LE-IE-SYNTH-001,ACTIVE,xwalk_v1.0.0
HRIS-WKR-000128,PAY-WKR-000122,LE-IE-SYNTH-001,ACTIVE,xwalk_v1.0.0
HRIS-WKR-000129,,LE-IE-SYNTH-001,MISSING,xwalk_v1.0.0
HRIS-WKR-000130,PAY-WKR-000123,LE-IE-SYNTH-001,ACTIVE,xwalk_v1.0.0
HRIS-WKR-000131,PAY-WKR-000124,LE-IE-SYNTH-001,ACTIVE,xwalk_v1.0.0
HRIS-WKR-000132,PAY-WKR-000125,LE-IE-SYNTH-001,ACTIVE,xwalk_v1.0.0
HRIS-WKR-000133,PAY-WKR-000126,LE-IE-SYNTH-001,ACTIVE,xwalk_v1.0.0
HRIS-WKR-000134,PAY-WKR-000127,LE-IE-SYNTH-001,ACTIVE,xwalk_v1.0.0
HRIS-WKR-000135,PAY-WKR-000128,LE-IE-SYNTH-001,ACTIVE,xwalk_v1.0.0
HRIS-WKR-000136,PAY-WKR-000129,LE-IE-SYNTH-001,ACTIVE,xwalk_v1.0.0
HRIS-WKR-000137,PAY-WKR-000130,LE-IE-SYNTH-001,ACTIVE,xwalk_v1.0.0
HRIS-WKR-000138,PAY-WKR-000131,LE-IE-SYNTH-001,ACTIVE,xwalk_v1.0.0
HRIS-WKR-000139,PAY-WKR-000132,LE-IE-SYNTH-001,ACTIVE,xwalk_v1.0.0
HRIS-WKR-000140,PAY-WKR-000133,LE-IE-SYNTH-001,ACTIVE,xwalk_v1.0.0
HRIS-WKR-000141,PAY-WKR-000134,LE-IE-SYNTH-001,ACTIVE,xwalk_v1.0.0
HRIS-WKR-000142,PAY-WKR-000135,LE-IE-SYNTH-001,ACTIVE,xwalk_v1.0.0
HRIS-WKR-000143,PAY-WKR-000136,LE-IE-SYNTH-001,ACTIVE,xwalk_v1.0.0
HRIS-WKR-000144,PAY-WKR-000137,LE-IE-SYNTH-001,ACTIVE,xwalk_v1.0.0
HRIS-WKR-000145,PAY-WKR-000138,LE-IE-SYNTH-001,ACTIVE,xwalk_v1.0.0
HRIS-WKR-000146,PAY-WKR-000139,LE-IE-SYNTH-001,ACTIVE,xwalk_v1.0.0
HRIS-WKR-000147,PAY-WKR-000140,LE-IE-SYNTH-001,ACTIVE,xwalk_v1.0.0
HRIS-WKR-000148,PAY-WKR-000141,LE-IE-SYNTH-001,ACTIVE,xwalk_v1.0.0
HRIS-WKR-000149,PAY-WKR-000142,LE-IE-SYNTH-001,ACTIVE,xwalk_v1.0.0
HRIS-WKR-000150,PAY-WKR-000143,LE-IE-SYNTH-001,ACTIVE,xwalk_v1.0.0
HRIS-WKR-000151,PAY-WKR-000144,LE-IE-SYNTH-001,ACTIVE,xwalk_v1.0.0
HRIS-WKR-000152,PAY-WKR-000145,LE-IE-SYNTH-001,ACTIVE,xwalk_v1.0.0
HRIS-WKR-000153,PAY-WKR-000146,LE-IE-SYNTH-001,ACTIVE,xwalk_v1.0.0
HRIS-WKR-000154,PAY-WKR-000147,LE-IE-SYNTH-001,ACTIVE,xwalk_v1.0.0
HRIS-WKR-000155,PAY-WKR-000148,LE-IE-SYNTH-001,ACTIVE,xwalk_v1.0.0
HRIS-WKR-000156,PAY-WKR-000149,LE-IE-SYNTH-001,ACTIVE,xwalk_v1.0.0
HRIS-WKR-000157,PAY-WKR-000150,LE-IE-SYNTH-001,ACTIVE,xwalk_v1.0.0
HRIS-WKR-000158,PAY-WKR-000151,LE-IE-SYNTH-001,ACTIVE,xwalk_v1.0.0
HRIS-WKR-000159,PAY-WKR-000152,LE-IE-SYNTH-001,ACTIVE,xwalk_v1.0.0
HRIS-WKR-000160,PAY-WKR-000153,LE-IE-SYNTH-001,ACTIVE,xwalk_v1.0.0
HRIS-WKR-000161,PAY-WKR-000154,LE-IE-SYNTH-001,ACTIVE,xwalk_v1.0.0
HRIS-WKR-000162,PAY-WKR-000155,LE-IE-SYNTH-001,ACTIVE,xwalk_v1.0.0
HRIS-WKR-000163,PAY-WKR-000156,LE-IE-SYNTH-001,ACTIVE,xwalk_v1.0.0
HRIS-WKR-000164,PAY-WKR-000157,LE-IE-SYNTH-001,ACTIVE,xwalk_v1.0.0
HRIS-WKR-000165,PAY-WKR-000158,LE-IE-SYNTH-001,ACTIVE,xwalk_v1.0.0
HRIS-WKR-000166,PAY-WKR-000159,LE-IE-SYNTH-001,ACTIVE,xwalk_v1.0.0
HRIS-WKR-000167,PAY-WKR-000160,LE-IE-SYNTH-001,ACTIVE,xwalk_v1.0.0
HRIS-WKR-000168,PAY-WKR-000161,LE-IE-SYNTH-001,ACTIVE,xwalk_v1.0.0
HRIS-WKR-000169,PAY-WKR-000162,LE-IE-SYNTH-001,ACTIVE,xwalk_v1.0.0
HRIS-WKR-000170,PAY-WKR-000163,LE-IE-SYNTH-001,ACTIVE,xwalk_v1.0.0
HRIS-WKR-000171,PAY-WKR-000164,LE-IE-SYNTH-001,ACTIVE,xwalk_v1.0.0
HRIS-WKR-000172,PAY-WKR-000165,LE-IE-SYNTH-001,ACTIVE,xwalk_v1.0.0
HRIS-WKR-000173,PAY-WKR-000166,LE-IE-SYNTH-001,ACTIVE,xwalk_v1.0.0
HRIS-WKR-000174,PAY-WKR-000167,LE-IE-SYNTH-001,ACTIVE,xwalk_v1.0.0
HRIS-WKR-000175,PAY-WKR-000168,LE-IE-SYNTH-001,ACTIVE,xwalk_v1.0.0
HRIS-WKR-000176,PAY-WKR-000169,LE-IE-SYNTH-001,ACTIVE,xwalk_v1.0.0
HRIS-WKR-000177,PAY-WKR-000170,LE-IE-SYNTH-001,ACTIVE,xwalk_v1.0.0
HRIS-WKR-000178,PAY-WKR-000171,LE-IE-SYNTH-001,ACTIVE,xwalk_v1.0.0
HRIS-WKR-000179,PAY-WKR-000172,LE-IE-SYNTH-001,ACTIVE,xwalk_v1.0.0
HRIS-WKR-000180,PAY-WKR-000173,LE-IE-SYNTH-001,ACTIVE,xwalk_v1.0.0
HRIS-WKR-000181,PAY-WKR-000174,LE-IE-SYNTH-001,ACTIVE,xwalk_v1.0.0
HRIS-WKR-000182,PAY-WKR-000175,LE-IE-SYNTH-001,ACTIVE,xwalk_v1.0.0
HRIS-WKR-000183,PAY-WKR-000176,LE-IE-SYNTH-001,ACTIVE,xwalk_v1.0.0
HRIS-WKR-000184,PAY-WKR-000177,LE-IE-SYNTH-001,ACTIVE,xwalk_v1.0.0
HRIS-WKR-000185,PAY-WKR-000178,LE-IE-SYNTH-001,ACTIVE,xwalk_v1.0.0
HRIS-WKR-000186,PAY-WKR-000179,LE-IE-SYNTH-001,ACTIVE,xwalk_v1.0.0
HRIS-WKR-000187,PAY-WKR-000180,LE-IE-SYNTH-001,ACTIVE,xwalk_v1.0.0
HRIS-WKR-000188,PAY-WKR-000181,LE-IE-SYNTH-001,ACTIVE,xwalk_v1.0.0
HRIS-WKR-000189,PAY-WKR-000182,LE-IE-SYNTH-001,ACTIVE,xwalk_v1.0.0
HRIS-WKR-000190,PAY-WKR-000183,LE-IE-SYNTH-001,ACTIVE,xwalk_v1.0.0
HRIS-WKR-000191,PAY-WKR-000184,LE-IE-SYNTH-001,ACTIVE,xwalk_v1.0.0
HRIS-WKR-000192,PAY-WKR-000185,LE-IE-SYNTH-001,ACTIVE,xwalk_v1.0.0
HRIS-WKR-000193,PAY-WKR-000186,LE-IE-SYNTH-001,ACTIVE,xwalk_v1.0.0
HRIS-WKR-000194,PAY-WKR-000187,LE-IE-SYNTH-001,ACTIVE,xwalk_v1.0.0
HRIS-WKR-000195,PAY-WKR-000188,LE-IE-SYNTH-001,ACTIVE,xwalk_v1.0.0
HRIS-WKR-000196,PAY-WKR-000189,LE-IE-SYNTH-001,ACTIVE,xwalk_v1.0.0
HRIS-WKR-000197,PAY-WKR-000190,LE-IE-SYNTH-001,ACTIVE,xwalk_v1.0.0
HRIS-WKR-000198,PAY-WKR-000191,LE-IE-SYNTH-001,ACTIVE,xwalk_v1.0.0
HRIS-WKR-000199,PAY-WKR-000192,LE-IE-SYNTH-001,ACTIVE,xwalk_v1.0.0
HRIS-WKR-000200,PAY-WKR-000193,LE-IE-SYNTH-001,ACTIVE,xwalk_v1.0.0
HRIS-WKR-000201,PAY-WKR-000194,LE-IE-SYNTH-001,ACTIVE,xwalk_v1.0.0
HRIS-WKR-000202,PAY-WKR-000195,LE-IE-SYNTH-001,ACTIVE,xwalk_v1.0.0
HRIS-WKR-000203,PAY-WKR-000196,LE-IE-SYNTH-001,ACTIVE,xwalk_v1.0.0
HRIS-WKR-000204,PAY-WKR-000197,LE-IE-SYNTH-001,ACTIVE,xwalk_v1.0.0
HRIS-WKR-000205,PAY-WKR-000198,LE-IE-SYNTH-001,ACTIVE,xwalk_v1.0.0
HRIS-WKR-000206,PAY-WKR-000199,LE-IE-SYNTH-001,ACTIVE,xwalk_v1.0.0
HRIS-WKR-000207,PAY-WKR-000200,LE-IE-SYNTH-001,ACTIVE,xwalk_v1.0.0
HRIS-WKR-000208,PAY-WKR-000201,LE-IE-SYNTH-001,ACTIVE,xwalk_v1.0.0
HRIS-WKR-000209,PAY-WKR-000202,LE-IE-SYNTH-001,ACTIVE,xwalk_v1.0.0
HRIS-WKR-000210,PAY-WKR-000203,LE-IE-SYNTH-001,ACTIVE,xwalk_v1.0.0
HRIS-WKR-000211,PAY-WKR-000204,LE-IE-SYNTH-001,ACTIVE,xwalk_v1.0.0
HRIS-WKR-000212,PAY-WKR-000205,LE-IE-SYNTH-001,ACTIVE,xwalk_v1.0.0
HRIS-WKR-000213,PAY-WKR-000206,LE-IE-SYNTH-001,ACTIVE,xwalk_v1.0.0
HRIS-WKR-000214,PAY-WKR-000207,LE-IE-SYNTH-001,ACTIVE,xwalk_v1.0.0
HRIS-WKR-000215,PAY-WKR-000208,LE-IE-SYNTH-001,ACTIVE,xwalk_v1.0.0
HRIS-WKR-000216,PAY-WKR-000209,LE-IE-SYNTH-001,ACTIVE,xwalk_v1.0.0
HRIS-WKR-000217,PAY-WKR-000210,LE-IE-SYNTH-001,ACTIVE,xwalk_v1.0.0
HRIS-WKR-000218,PAY-WKR-000211,LE-IE-SYNTH-001,ACTIVE,xwalk_v1.0.0
HRIS-WKR-000219,PAY-WKR-000212,LE-IE-SYNTH-001,ACTIVE,xwalk_v1.0.0
HRIS-WKR-000220,PAY-WKR-000213,LE-IE-SYNTH-001,ACTIVE,xwalk_v1.0.0
HRIS-WKR-000221,PAY-WKR-000214,LE-IE-SYNTH-001,ACTIVE,xwalk_v1.0.0
HRIS-WKR-000222,PAY-WKR-000215,LE-IE-SYNTH-001,ACTIVE,xwalk_v1.0.0
HRIS-WKR-000223,PAY-WKR-000216,LE-IE-SYNTH-001,ACTIVE,xwalk_v1.0.0
HRIS-WKR-000224,PAY-WKR-000217,LE-IE-SYNTH-001,ACTIVE,xwalk_v1.0.0
HRIS-WKR-000225,PAY-WKR-000218,LE-IE-SYNTH-001,ACTIVE,xwalk_v1.0.0
HRIS-WKR-000226,PAY-WKR-000219,LE-IE-SYNTH-001,ACTIVE,xwalk_v1.0.0
HRIS-WKR-000227,PAY-WKR-000220,LE-IE-SYNTH-001,ACTIVE,xwalk_v1.0.0
HRIS-WKR-000228,PAY-WKR-000221,LE-IE-SYNTH-001,ACTIVE,xwalk_v1.0.0
HRIS-WKR-000229,PAY-WKR-000222,LE-IE-SYNTH-001,ACTIVE,xwalk_v1.0.0
HRIS-WKR-000230,PAY-WKR-000223,LE-IE-SYNTH-001,ACTIVE,xwalk_v1.0.0
HRIS-WKR-000231,PAY-WKR-000224,LE-IE-SYNTH-001,ACTIVE,xwalk_v1.0.0
HRIS-WKR-000232,PAY-WKR-000225,LE-IE-SYNTH-001,ACTIVE,xwalk_v1.0.0
HRIS-WKR-000233,PAY-WKR-000226,LE-IE-SYNTH-001,ACTIVE,xwalk_v1.0.0
HRIS-WKR-000234,PAY-WKR-000227,LE-IE-SYNTH-001,ACTIVE,xwalk_v1.0.0
HRIS-WKR-000235,PAY-WKR-000228,LE-IE-SYNTH-001,ACTIVE,xwalk_v1.0.0
HRIS-WKR-000236,PAY-WKR-000229,LE-IE-SYNTH-001,ACTIVE,xwalk_v1.0.0
HRIS-WKR-000237,PAY-WKR-000230,LE-IE-SYNTH-001,ACTIVE,xwalk_v1.0.0
HRIS-WKR-000238,PAY-WKR-000231,LE-IE-SYNTH-001,ACTIVE,xwalk_v1.0.0
HRIS-WKR-000239,PAY-WKR-000232,LE-IE-SYNTH-001,ACTIVE,xwalk_v1.0.0
HRIS-WKR-000240,PAY-WKR-000233,LE-IE-SYNTH-001,ACTIVE,xwalk_v1.0.0
HRIS-WKR-000241,PAY-WKR-000234,LE-IE-SYNTH-001,ACTIVE,xwalk_v1.0.0
HRIS-WKR-000242,PAY-WKR-000235,LE-IE-SYNTH-001,ACTIVE,xwalk_v1.0.0
HRIS-WKR-000243,PAY-WKR-000236,LE-IE-SYNTH-001,ACTIVE,xwalk_v1.0.0
HRIS-WKR-000244,,LE-IE-SYNTH-001,MISSING,xwalk_v1.0.0
HRIS-WKR-000245,PAY-WKR-000237,LE-IE-SYNTH-001,ACTIVE,xwalk_v1.0.0
HRIS-WKR-000246,PAY-WKR-000238,LE-IE-SYNTH-001,ACTIVE,xwalk_v1.0.0
HRIS-WKR-000247,PAY-WKR-000239,LE-IE-SYNTH-001,ACTIVE,xwalk_v1.0.0
HRIS-WKR-000248,PAY-WKR-000240,LE-IE-SYNTH-001,ACTIVE,xwalk_v1.0.0
HRIS-WKR-000249,PAY-WKR-000241,LE-IE-SYNTH-001,ACTIVE,xwalk_v1.0.0
HRIS-WKR-000250,PAY-WKR-000242,LE-IE-SYNTH-001,ACTIVE,xwalk_v1.0.0
HRIS-WKR-000251,PAY-WKR-000243,LE-IE-SYNTH-001,ACTIVE,xwalk_v1.0.0
HRIS-WKR-000252,PAY-WKR-000244,LE-IE-SYNTH-001,ACTIVE,xwalk_v1.0.0
HRIS-WKR-000253,PAY-WKR-000245,LE-IE-SYNTH-001,ACTIVE,xwalk_v1.0.0
HRIS-WKR-000254,PAY-WKR-000246,LE-IE-SYNTH-001,ACTIVE,xwalk_v1.0.0
HRIS-WKR-000255,PAY-WKR-000247,LE-IE-SYNTH-001,ACTIVE,xwalk_v1.0.0
HRIS-WKR-000256,PAY-WKR-000248,LE-IE-SYNTH-001,ACTIVE,xwalk_v1.0.0
HRIS-WKR-000257,PAY-WKR-000249,LE-IE-SYNTH-001,ACTIVE,xwalk_v1.0.0
HRIS-WKR-000258,PAY-WKR-000250,LE-IE-SYNTH-001,ACTIVE,xwalk_v1.0.0
HRIS-WKR-000259,PAY-WKR-000251,LE-IE-SYNTH-001,ACTIVE,xwalk_v1.0.0
HRIS-WKR-000260,PAY-WKR-000252,LE-IE-SYNTH-001,ACTIVE,xwalk_v1.0.0
HRIS-WKR-000261,PAY-WKR-000253,LE-IE-SYNTH-001,ACTIVE,xwalk_v1.0.0
HRIS-WKR-000262,PAY-WKR-000254,LE-IE-SYNTH-001,ACTIVE,xwalk_v1.0.0
HRIS-WKR-000263,PAY-WKR-000255,LE-IE-SYNTH-001,ACTIVE,xwalk_v1.0.0
HRIS-WKR-000264,PAY-WKR-000256,LE-IE-SYNTH-001,ACTIVE,xwalk_v1.0.0
HRIS-WKR-000265,PAY-WKR-000257,LE-IE-SYNTH-001,ACTIVE,xwalk_v1.0.0
HRIS-WKR-000266,PAY-WKR-000258,LE-IE-SYNTH-001,ACTIVE,xwalk_v1.0.0
HRIS-WKR-000267,PAY-WKR-000259,LE-IE-SYNTH-001,ACTIVE,xwalk_v1.0.0
HRIS-WKR-000268,PAY-WKR-000260,LE-IE-SYNTH-001,ACTIVE,xwalk_v1.0.0
HRIS-WKR-000269,PAY-WKR-000261,LE-IE-SYNTH-001,ACTIVE,xwalk_v1.0.0
HRIS-WKR-000270,PAY-WKR-000262,LE-IE-SYNTH-001,ACTIVE,xwalk_v1.0.0
HRIS-WKR-000271,PAY-WKR-000263,LE-IE-SYNTH-001,ACTIVE,xwalk_v1.0.0
HRIS-WKR-000272,PAY-WKR-000264,LE-IE-SYNTH-001,ACTIVE,xwalk_v1.0.0
HRIS-WKR-000273,PAY-WKR-000265,LE-IE-SYNTH-001,ACTIVE,xwalk_v1.0.0
HRIS-WKR-000274,PAY-WKR-000266,LE-IE-SYNTH-001,ACTIVE,xwalk_v1.0.0
HRIS-WKR-000275,PAY-WKR-000267,LE-IE-SYNTH-001,ACTIVE,xwalk_v1.0.0
HRIS-WKR-000276,PAY-WKR-000268,LE-IE-SYNTH-001,ACTIVE,xwalk_v1.0.0
HRIS-WKR-000277,PAY-WKR-000269,LE-IE-SYNTH-001,ACTIVE,xwalk_v1.0.0
HRIS-WKR-000278,PAY-WKR-000270,LE-IE-SYNTH-001,ACTIVE,xwalk_v1.0.0
HRIS-WKR-000279,PAY-WKR-000271,LE-IE-SYNTH-001,ACTIVE,xwalk_v1.0.0
HRIS-WKR-000280,PAY-WKR-000272,LE-IE-SYNTH-001,ACTIVE,xwalk_v1.0.0
HRIS-WKR-000281,PAY-WKR-000273,LE-IE-SYNTH-001,ACTIVE,xwalk_v1.0.0
HRIS-WKR-000282,PAY-WKR-000274,LE-IE-SYNTH-001,ACTIVE,xwalk_v1.0.0
HRIS-WKR-000283,PAY-WKR-000275,LE-IE-SYNTH-001,ACTIVE,xwalk_v1.0.0
HRIS-WKR-000284,PAY-WKR-000276,LE-IE-SYNTH-001,ACTIVE,xwalk_v1.0.0
HRIS-WKR-000285,PAY-WKR-000277,LE-IE-SYNTH-001,ACTIVE,xwalk_v1.0.0
HRIS-WKR-000286,PAY-WKR-000278,LE-IE-SYNTH-001,ACTIVE,xwalk_v1.0.0
HRIS-WKR-000287,PAY-WKR-000279,LE-IE-SYNTH-001,ACTIVE,xwalk_v1.0.0
HRIS-WKR-000288,PAY-WKR-000280,LE-IE-SYNTH-001,ACTIVE,xwalk_v1.0.0
HRIS-WKR-000289,PAY-WKR-000281,LE-IE-SYNTH-001,ACTIVE,xwalk_v1.0.0
HRIS-WKR-000290,PAY-WKR-000282,LE-IE-SYNTH-001,ACTIVE,xwalk_v1.0.0
HRIS-WKR-000291,PAY-WKR-000283,LE-IE-SYNTH-001,ACTIVE,xwalk_v1.0.0
HRIS-WKR-000292,PAY-WKR-000284,LE-IE-SYNTH-001,ACTIVE,xwalk_v1.0.0
HRIS-WKR-000293,PAY-WKR-000285,LE-IE-SYNTH-001,ACTIVE,xwalk_v1.0.0
HRIS-WKR-000294,PAY-WKR-000286,LE-IE-SYNTH-001,ACTIVE,xwalk_v1.0.0
HRIS-WKR-000295,PAY-WKR-000287,LE-IE-SYNTH-001,ACTIVE,xwalk_v1.0.0
HRIS-WKR-000296,PAY-WKR-000288,LE-IE-SYNTH-001,ACTIVE,xwalk_v1.0.0
HRIS-WKR-000297,PAY-WKR-000289,LE-IE-SYNTH-001,ACTIVE,xwalk_v1.0.0
HRIS-WKR-000298,,LE-IE-SYNTH-001,MISSING,xwalk_v1.0.0
HRIS-WKR-000299,PAY-WKR-000290,LE-IE-SYNTH-001,ACTIVE,xwalk_v1.0.0
HRIS-WKR-000300,PAY-WKR-000291,LE-IE-SYNTH-001,ACTIVE,xwalk_v1.0.0
HRIS-WKR-000301,PAY-WKR-000292,LE-IE-SYNTH-001,ACTIVE,xwalk_v1.0.0
HRIS-WKR-000302,PAY-WKR-000293,LE-IE-SYNTH-001,ACTIVE,xwalk_v1.0.0
HRIS-WKR-000303,PAY-WKR-000294,LE-IE-SYNTH-001,ACTIVE,xwalk_v1.0.0
HRIS-WKR-000304,PAY-WKR-000295,LE-IE-SYNTH-001,ACTIVE,xwalk_v1.0.0
HRIS-WKR-000305,PAY-WKR-000296,LE-IE-SYNTH-001,ACTIVE,xwalk_v1.0.0
HRIS-WKR-000306,PAY-WKR-000297,LE-IE-SYNTH-001,ACTIVE,xwalk_v1.0.0
HRIS-WKR-000307,PAY-WKR-000298,LE-IE-SYNTH-001,ACTIVE,xwalk_v1.0.0
HRIS-WKR-000308,PAY-WKR-000299,LE-IE-SYNTH-001,ACTIVE,xwalk_v1.0.0
HRIS-WKR-000309,PAY-WKR-000300,LE-IE-SYNTH-001,ACTIVE,xwalk_v1.0.0
HRIS-WKR-000310,,LE-IE-SYNTH-001,MISSING,xwalk_v1.0.0
HRIS-WKR-000311,PAY-WKR-000301,LE-IE-SYNTH-001,ACTIVE,xwalk_v1.0.0
HRIS-WKR-000312,PAY-WKR-000302,LE-IE-SYNTH-001,ACTIVE,xwalk_v1.0.0
HRIS-WKR-000313,PAY-WKR-000303,LE-IE-SYNTH-001,ACTIVE,xwalk_v1.0.0
HRIS-WKR-000314,PAY-WKR-000304,LE-IE-SYNTH-001,ACTIVE,xwalk_v1.0.0
HRIS-WKR-000315,PAY-WKR-000305,LE-IE-SYNTH-001,ACTIVE,xwalk_v1.0.0
HRIS-WKR-000316,PAY-WKR-000306,LE-IE-SYNTH-001,ACTIVE,xwalk_v1.0.0
HRIS-WKR-000317,PAY-WKR-000307,LE-IE-SYNTH-001,ACTIVE,xwalk_v1.0.0
HRIS-WKR-000318,PAY-WKR-000308,LE-IE-SYNTH-001,ACTIVE,xwalk_v1.0.0
HRIS-WKR-000319,PAY-WKR-000309,LE-IE-SYNTH-001,ACTIVE,xwalk_v1.0.0
HRIS-WKR-000320,PAY-WKR-000310,LE-IE-SYNTH-001,ACTIVE,xwalk_v1.0.0
HRIS-WKR-000321,PAY-WKR-000311,LE-IE-SYNTH-001,ACTIVE,xwalk_v1.0.0
HRIS-WKR-000322,PAY-WKR-000312,LE-IE-SYNTH-001,ACTIVE,xwalk_v1.0.0
HRIS-WKR-000323,PAY-WKR-000313,LE-IE-SYNTH-001,ACTIVE,xwalk_v1.0.0
HRIS-WKR-000324,PAY-WKR-000314,LE-IE-SYNTH-001,ACTIVE,xwalk_v1.0.0
HRIS-WKR-000325,PAY-WKR-000315,LE-IE-SYNTH-001,ACTIVE,xwalk_v1.0.0
HRIS-WKR-000326,PAY-WKR-000316,LE-IE-SYNTH-001,ACTIVE,xwalk_v1.0.0
HRIS-WKR-000327,PAY-WKR-000317,LE-IE-SYNTH-001,ACTIVE,xwalk_v1.0.0
HRIS-WKR-000328,PAY-WKR-000318,LE-IE-SYNTH-001,ACTIVE,xwalk_v1.0.0
HRIS-WKR-000329,PAY-WKR-000319,LE-IE-SYNTH-001,ACTIVE,xwalk_v1.0.0
HRIS-WKR-000330,PAY-WKR-000320,LE-IE-SYNTH-001,ACTIVE,xwalk_v1.0.0
HRIS-WKR-000331,PAY-WKR-000321,LE-IE-SYNTH-001,ACTIVE,xwalk_v1.0.0
HRIS-WKR-000332,PAY-WKR-000322,LE-IE-SYNTH-001,ACTIVE,xwalk_v1.0.0
HRIS-WKR-000333,PAY-WKR-000323,LE-IE-SYNTH-001,ACTIVE,xwalk_v1.0.0
HRIS-WKR-000334,PAY-WKR-000324,LE-IE-SYNTH-001,ACTIVE,xwalk_v1.0.0
HRIS-WKR-000335,PAY-WKR-000325,LE-IE-SYNTH-001,ACTIVE,xwalk_v1.0.0
HRIS-WKR-000336,PAY-WKR-000326,LE-IE-SYNTH-001,ACTIVE,xwalk_v1.0.0
HRIS-WKR-000337,PAY-WKR-000327,LE-IE-SYNTH-001,ACTIVE,xwalk_v1.0.0
HRIS-WKR-000338,PAY-WKR-000328,LE-IE-SYNTH-001,ACTIVE,xwalk_v1.0.0
HRIS-WKR-000339,PAY-WKR-000329,LE-IE-SYNTH-001,ACTIVE,xwalk_v1.0.0
HRIS-WKR-000340,PAY-WKR-000330,LE-IE-SYNTH-001,ACTIVE,xwalk_v1.0.0
HRIS-WKR-000341,PAY-WKR-000331,LE-IE-SYNTH-001,ACTIVE,xwalk_v1.0.0
HRIS-WKR-000342,PAY-WKR-000332,LE-IE-SYNTH-001,ACTIVE,xwalk_v1.0.0
HRIS-WKR-000343,PAY-WKR-000333,LE-IE-SYNTH-001,ACTIVE,xwalk_v1.0.0
HRIS-WKR-000344,PAY-WKR-000334,LE-IE-SYNTH-001,ACTIVE,xwalk_v1.0.0
HRIS-WKR-000345,,LE-IE-SYNTH-001,MISSING,xwalk_v1.0.0
HRIS-WKR-000346,PAY-WKR-000335,LE-IE-SYNTH-001,ACTIVE,xwalk_v1.0.0
HRIS-WKR-000347,PAY-WKR-000336,LE-IE-SYNTH-001,ACTIVE,xwalk_v1.0.0
HRIS-WKR-000348,PAY-WKR-000337,LE-IE-SYNTH-001,ACTIVE,xwalk_v1.0.0
HRIS-WKR-000349,PAY-WKR-000338,LE-IE-SYNTH-001,ACTIVE,xwalk_v1.0.0
HRIS-WKR-000350,PAY-WKR-000339,LE-IE-SYNTH-001,ACTIVE,xwalk_v1.0.0
HRIS-WKR-000351,PAY-WKR-000340,LE-IE-SYNTH-001,ACTIVE,xwalk_v1.0.0
HRIS-WKR-000352,PAY-WKR-000341,LE-IE-SYNTH-001,ACTIVE,xwalk_v1.0.0
HRIS-WKR-000353,PAY-WKR-000342,LE-IE-SYNTH-001,ACTIVE,xwalk_v1.0.0
HRIS-WKR-000354,PAY-WKR-000343,LE-IE-SYNTH-001,ACTIVE,xwalk_v1.0.0
HRIS-WKR-000355,PAY-WKR-000344,LE-IE-SYNTH-001,ACTIVE,xwalk_v1.0.0
HRIS-WKR-000356,PAY-WKR-000345,LE-IE-SYNTH-001,ACTIVE,xwalk_v1.0.0
HRIS-WKR-000357,PAY-WKR-000346,LE-IE-SYNTH-001,ACTIVE,xwalk_v1.0.0
HRIS-WKR-000358,PAY-WKR-000347,LE-IE-SYNTH-001,ACTIVE,xwalk_v1.0.0
HRIS-WKR-000359,PAY-WKR-000348,LE-IE-SYNTH-001,ACTIVE,xwalk_v1.0.0
HRIS-WKR-000360,PAY-WKR-000349,LE-IE-SYNTH-001,ACTIVE,xwalk_v1.0.0
HRIS-WKR-000361,PAY-WKR-000350,LE-IE-SYNTH-001,ACTIVE,xwalk_v1.0.0
HRIS-WKR-000362,PAY-WKR-000351,LE-IE-SYNTH-001,ACTIVE,xwalk_v1.0.0
HRIS-WKR-000363,PAY-WKR-000352,LE-IE-SYNTH-001,ACTIVE,xwalk_v1.0.0
HRIS-WKR-000364,PAY-WKR-000353,LE-IE-SYNTH-001,ACTIVE,xwalk_v1.0.0
HRIS-WKR-000365,PAY-WKR-000354,LE-IE-SYNTH-001,ACTIVE,xwalk_v1.0.0
HRIS-WKR-000366,PAY-WKR-000355,LE-IE-SYNTH-001,ACTIVE,xwalk_v1.0.0
HRIS-WKR-000367,PAY-WKR-000356,LE-IE-SYNTH-001,ACTIVE,xwalk_v1.0.0
HRIS-WKR-000368,PAY-WKR-000357,LE-IE-SYNTH-001,ACTIVE,xwalk_v1.0.0
HRIS-WKR-000369,,LE-IE-SYNTH-001,MISSING,xwalk_v1.0.0
HRIS-WKR-000370,PAY-WKR-000358,LE-IE-SYNTH-001,ACTIVE,xwalk_v1.0.0
HRIS-WKR-000371,PAY-WKR-000359,LE-IE-SYNTH-001,ACTIVE,xwalk_v1.0.0
HRIS-WKR-000372,PAY-WKR-000360,LE-IE-SYNTH-001,ACTIVE,xwalk_v1.0.0
HRIS-WKR-000373,PAY-WKR-000361,LE-IE-SYNTH-001,ACTIVE,xwalk_v1.0.0
HRIS-WKR-000374,PAY-WKR-000362,LE-IE-SYNTH-001,ACTIVE,xwalk_v1.0.0
HRIS-WKR-000375,PAY-WKR-000363,LE-IE-SYNTH-001,ACTIVE,xwalk_v1.0.0
HRIS-WKR-000376,PAY-WKR-000364,LE-IE-SYNTH-001,ACTIVE,xwalk_v1.0.0
HRIS-WKR-000377,PAY-WKR-000365,LE-IE-SYNTH-001,ACTIVE,xwalk_v1.0.0
HRIS-WKR-000378,PAY-WKR-000366,LE-IE-SYNTH-001,ACTIVE,xwalk_v1.0.0
HRIS-WKR-000379,PAY-WKR-000367,LE-IE-SYNTH-001,ACTIVE,xwalk_v1.0.0
HRIS-WKR-000380,PAY-WKR-000368,LE-IE-SYNTH-001,ACTIVE,xwalk_v1.0.0
HRIS-WKR-000381,PAY-WKR-000369,LE-IE-SYNTH-001,ACTIVE,xwalk_v1.0.0
HRIS-WKR-000382,PAY-WKR-000370,LE-IE-SYNTH-001,ACTIVE,xwalk_v1.0.0
HRIS-WKR-000383,PAY-WKR-000371,LE-IE-SYNTH-001,ACTIVE,xwalk_v1.0.0
HRIS-WKR-000384,PAY-WKR-000372,LE-IE-SYNTH-001,ACTIVE,xwalk_v1.0.0
HRIS-WKR-000385,PAY-WKR-000373,LE-IE-SYNTH-001,ACTIVE,xwalk_v1.0.0
HRIS-WKR-000386,,LE-IE-SYNTH-001,MISSING,xwalk_v1.0.0
HRIS-WKR-000387,PAY-WKR-000374,LE-IE-SYNTH-001,ACTIVE,xwalk_v1.0.0
HRIS-WKR-000388,PAY-WKR-000375,LE-IE-SYNTH-001,ACTIVE,xwalk_v1.0.0
HRIS-WKR-000389,PAY-WKR-000376,LE-IE-SYNTH-001,ACTIVE,xwalk_v1.0.0
HRIS-WKR-000390,PAY-WKR-000377,LE-IE-SYNTH-001,ACTIVE,xwalk_v1.0.0
HRIS-WKR-000391,PAY-WKR-000378,LE-IE-SYNTH-001,ACTIVE,xwalk_v1.0.0
HRIS-WKR-000392,PAY-WKR-000379,LE-IE-SYNTH-001,ACTIVE,xwalk_v1.0.0
HRIS-WKR-000393,PAY-WKR-000380,LE-IE-SYNTH-001,ACTIVE,xwalk_v1.0.0
HRIS-WKR-000394,PAY-WKR-000381,LE-IE-SYNTH-001,ACTIVE,xwalk_v1.0.0
HRIS-WKR-000395,PAY-WKR-000382,LE-IE-SYNTH-001,ACTIVE,xwalk_v1.0.0
HRIS-WKR-000396,PAY-WKR-000383,LE-IE-SYNTH-001,ACTIVE,xwalk_v1.0.0
HRIS-WKR-000397,PAY-WKR-000384,LE-IE-SYNTH-001,ACTIVE,xwalk_v1.0.0
HRIS-WKR-000398,PAY-WKR-000385,LE-IE-SYNTH-001,ACTIVE,xwalk_v1.0.0
HRIS-WKR-000399,PAY-WKR-000386,LE-IE-SYNTH-001,ACTIVE,xwalk_v1.0.0
HRIS-WKR-000400,PAY-WKR-000387,LE-IE-SYNTH-001,ACTIVE,xwalk_v1.0.0
HRIS-WKR-000401,PAY-WKR-000388,LE-IE-SYNTH-001,ACTIVE,xwalk_v1.0.0
HRIS-WKR-000402,PAY-WKR-000389,LE-IE-SYNTH-001,ACTIVE,xwalk_v1.0.0
HRIS-WKR-000403,PAY-WKR-000390,LE-IE-SYNTH-001,ACTIVE,xwalk_v1.0.0
HRIS-WKR-000404,,LE-IE-SYNTH-001,MISSING,xwalk_v1.0.0
HRIS-WKR-000405,PAY-WKR-000391,LE-IE-SYNTH-001,ACTIVE,xwalk_v1.0.0
HRIS-WKR-000406,PAY-WKR-000392,LE-IE-SYNTH-001,ACTIVE,xwalk_v1.0.0
HRIS-WKR-000407,PAY-WKR-000393,LE-IE-SYNTH-001,ACTIVE,xwalk_v1.0.0
HRIS-WKR-000408,PAY-WKR-000394,LE-IE-SYNTH-001,ACTIVE,xwalk_v1.0.0
HRIS-WKR-000409,PAY-WKR-000395,LE-IE-SYNTH-001,ACTIVE,xwalk_v1.0.0
HRIS-WKR-000410,PAY-WKR-000396,LE-IE-SYNTH-001,ACTIVE,xwalk_v1.0.0
HRIS-WKR-000411,PAY-WKR-000397,LE-IE-SYNTH-001,ACTIVE,xwalk_v1.0.0
HRIS-WKR-000412,PAY-WKR-000398,LE-IE-SYNTH-001,ACTIVE,xwalk_v1.0.0
HRIS-WKR-000413,PAY-WKR-000399,LE-IE-SYNTH-001,ACTIVE,xwalk_v1.0.0
HRIS-WKR-000414,PAY-WKR-000400,LE-IE-SYNTH-001,ACTIVE,xwalk_v1.0.0
HRIS-WKR-000415,PAY-WKR-000401,LE-IE-SYNTH-001,ACTIVE,xwalk_v1.0.0
HRIS-WKR-000416,PAY-WKR-000402,LE-IE-SYNTH-001,ACTIVE,xwalk_v1.0.0
HRIS-WKR-000417,PAY-WKR-000403,LE-IE-SYNTH-001,ACTIVE,xwalk_v1.0.0
HRIS-WKR-000418,PAY-WKR-000404,LE-IE-SYNTH-001,ACTIVE,xwalk_v1.0.0
HRIS-WKR-000419,PAY-WKR-000405,LE-IE-SYNTH-001,ACTIVE,xwalk_v1.0.0
HRIS-WKR-000420,PAY-WKR-000406,LE-IE-SYNTH-001,ACTIVE,xwalk_v1.0.0
HRIS-WKR-000421,PAY-WKR-000407,LE-IE-SYNTH-001,ACTIVE,xwalk_v1.0.0
HRIS-WKR-000422,PAY-WKR-000408,LE-IE-SYNTH-001,ACTIVE,xwalk_v1.0.0
HRIS-WKR-000423,PAY-WKR-000409,LE-IE-SYNTH-001,ACTIVE,xwalk_v1.0.0
HRIS-WKR-000424,PAY-WKR-000410,LE-IE-SYNTH-001,ACTIVE,xwalk_v1.0.0
HRIS-WKR-000425,PAY-WKR-000411,LE-IE-SYNTH-001,ACTIVE,xwalk_v1.0.0
HRIS-WKR-000426,PAY-WKR-000412,LE-IE-SYNTH-001,ACTIVE,xwalk_v1.0.0
HRIS-WKR-000427,PAY-WKR-000413,LE-IE-SYNTH-001,ACTIVE,xwalk_v1.0.0
HRIS-WKR-000428,PAY-WKR-000414,LE-IE-SYNTH-001,ACTIVE,xwalk_v1.0.0
HRIS-WKR-000429,PAY-WKR-000415,LE-IE-SYNTH-001,ACTIVE,xwalk_v1.0.0
HRIS-WKR-000430,PAY-WKR-000416,LE-IE-SYNTH-001,ACTIVE,xwalk_v1.0.0
HRIS-WKR-000431,PAY-WKR-000417,LE-IE-SYNTH-001,ACTIVE,xwalk_v1.0.0
HRIS-WKR-000432,PAY-WKR-000418,LE-IE-SYNTH-001,ACTIVE,xwalk_v1.0.0
HRIS-WKR-000433,PAY-WKR-000419,LE-IE-SYNTH-001,ACTIVE,xwalk_v1.0.0
HRIS-WKR-000434,PAY-WKR-000420,LE-IE-SYNTH-001,ACTIVE,xwalk_v1.0.0
HRIS-WKR-000435,PAY-WKR-000421,LE-IE-SYNTH-001,ACTIVE,xwalk_v1.0.0
HRIS-WKR-000436,PAY-WKR-000422,LE-IE-SYNTH-001,ACTIVE,xwalk_v1.0.0
HRIS-WKR-000437,PAY-WKR-000423,LE-IE-SYNTH-001,ACTIVE,xwalk_v1.0.0
HRIS-WKR-000438,PAY-WKR-000424,LE-IE-SYNTH-001,ACTIVE,xwalk_v1.0.0
HRIS-WKR-000439,,LE-IE-SYNTH-001,MISSING,xwalk_v1.0.0
HRIS-WKR-000440,PAY-WKR-000425,LE-IE-SYNTH-001,ACTIVE,xwalk_v1.0.0
HRIS-WKR-000441,PAY-WKR-000426,LE-IE-SYNTH-001,ACTIVE,xwalk_v1.0.0
HRIS-WKR-000442,PAY-WKR-000427,LE-IE-SYNTH-001,ACTIVE,xwalk_v1.0.0
HRIS-WKR-000443,PAY-WKR-000428,LE-IE-SYNTH-001,ACTIVE,xwalk_v1.0.0
HRIS-WKR-000444,PAY-WKR-000429,LE-IE-SYNTH-001,ACTIVE,xwalk_v1.0.0
HRIS-WKR-000445,PAY-WKR-000430,LE-IE-SYNTH-001,ACTIVE,xwalk_v1.0.0
HRIS-WKR-000446,PAY-WKR-000431,LE-IE-SYNTH-001,ACTIVE,xwalk_v1.0.0
HRIS-WKR-000447,PAY-WKR-000432,LE-IE-SYNTH-001,ACTIVE,xwalk_v1.0.0
HRIS-WKR-000448,PAY-WKR-000433,LE-IE-SYNTH-001,ACTIVE,xwalk_v1.0.0
HRIS-WKR-000449,PAY-WKR-000434,LE-IE-SYNTH-001,ACTIVE,xwalk_v1.0.0
HRIS-WKR-000450,PAY-WKR-000435,LE-IE-SYNTH-001,ACTIVE,xwalk_v1.0.0
HRIS-WKR-000451,,LE-IE-SYNTH-001,MISSING,xwalk_v1.0.0
HRIS-WKR-000452,PAY-WKR-000436,LE-IE-SYNTH-001,ACTIVE,xwalk_v1.0.0
HRIS-WKR-000453,PAY-WKR-000437,LE-IE-SYNTH-001,ACTIVE,xwalk_v1.0.0
HRIS-WKR-000454,PAY-WKR-000438,LE-IE-SYNTH-001,ACTIVE,xwalk_v1.0.0
HRIS-WKR-000455,PAY-WKR-000439,LE-IE-SYNTH-001,ACTIVE,xwalk_v1.0.0
HRIS-WKR-000456,,LE-IE-SYNTH-001,MISSING,xwalk_v1.0.0
HRIS-WKR-000457,PAY-WKR-000440,LE-IE-SYNTH-001,ACTIVE,xwalk_v1.0.0
HRIS-WKR-000458,PAY-WKR-000441,LE-IE-SYNTH-001,ACTIVE,xwalk_v1.0.0
HRIS-WKR-000459,PAY-WKR-000442,LE-IE-SYNTH-001,ACTIVE,xwalk_v1.0.0
HRIS-WKR-000460,PAY-WKR-000443,LE-IE-SYNTH-001,ACTIVE,xwalk_v1.0.0
HRIS-WKR-000461,PAY-WKR-000444,LE-IE-SYNTH-001,ACTIVE,xwalk_v1.0.0
HRIS-WKR-000462,PAY-WKR-000445,LE-IE-SYNTH-001,ACTIVE,xwalk_v1.0.0
HRIS-WKR-000463,PAY-WKR-000446,LE-IE-SYNTH-001,ACTIVE,xwalk_v1.0.0
HRIS-WKR-000464,PAY-WKR-000447,LE-IE-SYNTH-001,ACTIVE,xwalk_v1.0.0
HRIS-WKR-000465,PAY-WKR-000448,LE-IE-SYNTH-001,ACTIVE,xwalk_v1.0.0
HRIS-WKR-000466,PAY-WKR-000449,LE-IE-SYNTH-001,ACTIVE,xwalk_v1.0.0
HRIS-WKR-000467,PAY-WKR-000450,LE-IE-SYNTH-001,ACTIVE,xwalk_v1.0.0
HRIS-WKR-000468,PAY-WKR-000451,LE-IE-SYNTH-001,ACTIVE,xwalk_v1.0.0
HRIS-WKR-000469,PAY-WKR-000452,LE-IE-SYNTH-001,ACTIVE,xwalk_v1.0.0
HRIS-WKR-000470,PAY-WKR-000453,LE-IE-SYNTH-001,ACTIVE,xwalk_v1.0.0
HRIS-WKR-000471,PAY-WKR-000454,LE-IE-SYNTH-001,ACTIVE,xwalk_v1.0.0
HRIS-WKR-000472,PAY-WKR-000455,LE-IE-SYNTH-001,ACTIVE,xwalk_v1.0.0
HRIS-WKR-000473,PAY-WKR-000456,LE-IE-SYNTH-001,ACTIVE,xwalk_v1.0.0
HRIS-WKR-000474,PAY-WKR-000457,LE-IE-SYNTH-001,ACTIVE,xwalk_v1.0.0
HRIS-WKR-000475,PAY-WKR-000458,LE-IE-SYNTH-001,ACTIVE,xwalk_v1.0.0
HRIS-WKR-000476,PAY-WKR-000459,LE-IE-SYNTH-001,ACTIVE,xwalk_v1.0.0
HRIS-WKR-000477,PAY-WKR-000460,LE-IE-SYNTH-001,ACTIVE,xwalk_v1.0.0
HRIS-WKR-000478,PAY-WKR-000461,LE-IE-SYNTH-001,ACTIVE,xwalk_v1.0.0
HRIS-WKR-000479,PAY-WKR-000462,LE-IE-SYNTH-001,ACTIVE,xwalk_v1.0.0
HRIS-WKR-000480,PAY-WKR-000463,LE-IE-SYNTH-001,ACTIVE,xwalk_v1.0.0
HRIS-WKR-000481,,LE-IE-SYNTH-001,MISSING,xwalk_v1.0.0
HRIS-WKR-000482,PAY-WKR-000464,LE-IE-SYNTH-001,ACTIVE,xwalk_v1.0.0
HRIS-WKR-000483,PAY-WKR-000465,LE-IE-SYNTH-001,ACTIVE,xwalk_v1.0.0
HRIS-WKR-000484,PAY-WKR-000466,LE-IE-SYNTH-001,ACTIVE,xwalk_v1.0.0
HRIS-WKR-000485,PAY-WKR-000467,LE-IE-SYNTH-001,ACTIVE,xwalk_v1.0.0
HRIS-WKR-000486,PAY-WKR-000468,LE-IE-SYNTH-001,ACTIVE,xwalk_v1.0.0
HRIS-WKR-000487,PAY-WKR-000469,LE-IE-SYNTH-001,ACTIVE,xwalk_v1.0.0
HRIS-WKR-000488,PAY-WKR-000470,LE-IE-SYNTH-001,ACTIVE,xwalk_v1.0.0
HRIS-WKR-000489,PAY-WKR-000471,LE-IE-SYNTH-001,ACTIVE,xwalk_v1.0.0
HRIS-WKR-000490,PAY-WKR-000472,LE-IE-SYNTH-001,ACTIVE,xwalk_v1.0.0
HRIS-WKR-000491,,LE-IE-SYNTH-001,MISSING,xwalk_v1.0.0
HRIS-WKR-000492,PAY-WKR-000473,LE-IE-SYNTH-001,ACTIVE,xwalk_v1.0.0
HRIS-WKR-000493,PAY-WKR-000474,LE-IE-SYNTH-001,ACTIVE,xwalk_v1.0.0
HRIS-WKR-000494,,LE-IE-SYNTH-001,MISSING,xwalk_v1.0.0
HRIS-WKR-000495,,LE-IE-SYNTH-001,MISSING,xwalk_v1.0.0
HRIS-WKR-000496,PAY-WKR-000475,LE-IE-SYNTH-001,ACTIVE,xwalk_v1.0.0
HRIS-WKR-000497,PAY-WKR-000476,LE-IE-SYNTH-001,ACTIVE,xwalk_v1.0.0
HRIS-WKR-000498,PAY-WKR-000477,LE-IE-SYNTH-001,ACTIVE,xwalk_v1.0.0
HRIS-WKR-000499,PAY-WKR-000478,LE-IE-SYNTH-001,ACTIVE,xwalk_v1.0.0
HRIS-WKR-000500,PAY-WKR-000479,LE-IE-SYNTH-001,ACTIVE,xwalk_v1.0.0
HRIS-WKR-000501,PAY-WKR-000480,LE-IE-SYNTH-001,ACTIVE,xwalk_v1.0.0
HRIS-WKR-000502,PAY-WKR-000481,LE-IE-SYNTH-001,ACTIVE,xwalk_v1.0.0
HRIS-WKR-000503,PAY-WKR-000482,LE-IE-SYNTH-001,ACTIVE,xwalk_v1.0.0
HRIS-WKR-000504,PAY-WKR-000483,LE-IE-SYNTH-001,ACTIVE,xwalk_v1.0.0
HRIS-WKR-000505,PAY-WKR-000484,LE-IE-SYNTH-001,ACTIVE,xwalk_v1.0.0
HRIS-WKR-000506,PAY-WKR-000485,LE-IE-SYNTH-001,ACTIVE,xwalk_v1.0.0
HRIS-WKR-000507,PAY-WKR-000486,LE-IE-SYNTH-001,ACTIVE,xwalk_v1.0.0
HRIS-WKR-000508,PAY-WKR-000487,LE-IE-SYNTH-001,ACTIVE,xwalk_v1.0.0
HRIS-WKR-000509,PAY-WKR-000488,LE-IE-SYNTH-001,ACTIVE,xwalk_v1.0.0
HRIS-WKR-000510,PAY-WKR-000489,LE-IE-SYNTH-001,ACTIVE,xwalk_v1.0.0
HRIS-WKR-000511,,LE-IE-SYNTH-001,MISSING,xwalk_v1.0.0
HRIS-WKR-000512,PAY-WKR-000490,LE-IE-SYNTH-001,ACTIVE,xwalk_v1.0.0
HRIS-WKR-000513,PAY-WKR-000491,LE-IE-SYNTH-001,ACTIVE,xwalk_v1.0.0
HRIS-WKR-000514,PAY-WKR-000492,LE-IE-SYNTH-001,ACTIVE,xwalk_v1.0.0
HRIS-WKR-000515,PAY-WKR-000493,LE-IE-SYNTH-001,ACTIVE,xwalk_v1.0.0
HRIS-WKR-000516,PAY-WKR-000494,LE-IE-SYNTH-001,ACTIVE,xwalk_v1.0.0
HRIS-WKR-000517,PAY-WKR-000495,LE-IE-SYNTH-001,ACTIVE,xwalk_v1.0.0
HRIS-WKR-000518,PAY-WKR-000496,LE-IE-SYNTH-001,ACTIVE,xwalk_v1.0.0
HRIS-WKR-000519,PAY-WKR-000497,LE-IE-SYNTH-001,ACTIVE,xwalk_v1.0.0
HRIS-WKR-000520,PAY-WKR-000498,LE-IE-SYNTH-001,ACTIVE,xwalk_v1.0.0
HRIS-WKR-000521,PAY-WKR-000499,LE-IE-SYNTH-001,ACTIVE,xwalk_v1.0.0
HRIS-WKR-000522,PAY-WKR-000500,LE-IE-SYNTH-001,ACTIVE,xwalk_v1.0.0
HRIS-WKR-000523,PAY-WKR-000501,LE-IE-SYNTH-001,ACTIVE,xwalk_v1.0.0
HRIS-WKR-000524,PAY-WKR-000502,LE-IE-SYNTH-001,ACTIVE,xwalk_v1.0.0
HRIS-WKR-000525,PAY-WKR-000503,LE-IE-SYNTH-001,ACTIVE,xwalk_v1.0.0
HRIS-WKR-000526,PAY-WKR-000504,LE-IE-SYNTH-001,ACTIVE,xwalk_v1.0.0
HRIS-WKR-000527,PAY-WKR-000505,LE-IE-SYNTH-001,ACTIVE,xwalk_v1.0.0
HRIS-WKR-000528,PAY-WKR-000506,LE-IE-SYNTH-001,ACTIVE,xwalk_v1.0.0
HRIS-WKR-000529,PAY-WKR-000507,LE-IE-SYNTH-001,ACTIVE,xwalk_v1.0.0
HRIS-WKR-000530,PAY-WKR-000508,LE-IE-SYNTH-001,ACTIVE,xwalk_v1.0.0
HRIS-WKR-000531,PAY-WKR-000509,LE-IE-SYNTH-001,ACTIVE,xwalk_v1.0.0
HRIS-WKR-000532,PAY-WKR-000510,LE-IE-SYNTH-001,ACTIVE,xwalk_v1.0.0
HRIS-WKR-000533,PAY-WKR-000511,LE-IE-SYNTH-001,ACTIVE,xwalk_v1.0.0
HRIS-WKR-000534,PAY-WKR-000512,LE-IE-SYNTH-001,ACTIVE,xwalk_v1.0.0
HRIS-WKR-000535,PAY-WKR-000513,LE-IE-SYNTH-001,ACTIVE,xwalk_v1.0.0
HRIS-WKR-000536,PAY-WKR-000514,LE-IE-SYNTH-001,ACTIVE,xwalk_v1.0.0
HRIS-WKR-000537,PAY-WKR-000515,LE-IE-SYNTH-001,ACTIVE,xwalk_v1.0.0
HRIS-WKR-000538,PAY-WKR-000516,LE-IE-SYNTH-001,ACTIVE,xwalk_v1.0.0
HRIS-WKR-000539,PAY-WKR-000517,LE-IE-SYNTH-001,ACTIVE,xwalk_v1.0.0
HRIS-WKR-000540,PAY-WKR-000518,LE-IE-SYNTH-001,ACTIVE,xwalk_v1.0.0
HRIS-WKR-000541,PAY-WKR-000519,LE-IE-SYNTH-001,ACTIVE,xwalk_v1.0.0
HRIS-WKR-000542,PAY-WKR-000520,LE-IE-SYNTH-001,ACTIVE,xwalk_v1.0.0
HRIS-WKR-000543,PAY-WKR-000521,LE-IE-SYNTH-001,ACTIVE,xwalk_v1.0.0
HRIS-WKR-000544,PAY-WKR-000522,LE-IE-SYNTH-001,ACTIVE,xwalk_v1.0.0
HRIS-WKR-000545,PAY-WKR-000523,LE-IE-SYNTH-001,ACTIVE,xwalk_v1.0.0
HRIS-WKR-000546,PAY-WKR-000524,LE-IE-SYNTH-001,ACTIVE,xwalk_v1.0.0
HRIS-WKR-000547,PAY-WKR-000525,LE-IE-SYNTH-001,ACTIVE,xwalk_v1.0.0
HRIS-WKR-000548,PAY-WKR-000526,LE-IE-SYNTH-001,ACTIVE,xwalk_v1.0.0
HRIS-WKR-000549,PAY-WKR-000527,LE-IE-SYNTH-001,ACTIVE,xwalk_v1.0.0
HRIS-WKR-000550,PAY-WKR-000528,LE-IE-SYNTH-001,ACTIVE,xwalk_v1.0.0
HRIS-WKR-000551,PAY-WKR-000529,LE-IE-SYNTH-001,ACTIVE,xwalk_v1.0.0
HRIS-WKR-000552,PAY-WKR-000530,LE-IE-SYNTH-001,ACTIVE,xwalk_v1.0.0
HRIS-WKR-000553,PAY-WKR-000531,LE-IE-SYNTH-001,ACTIVE,xwalk_v1.0.0
HRIS-WKR-000554,PAY-WKR-000532,LE-IE-SYNTH-001,ACTIVE,xwalk_v1.0.0
HRIS-WKR-000555,PAY-WKR-000533,LE-IE-SYNTH-001,ACTIVE,xwalk_v1.0.0
HRIS-WKR-000556,PAY-WKR-000534,LE-IE-SYNTH-001,ACTIVE,xwalk_v1.0.0
HRIS-WKR-000557,PAY-WKR-000535,LE-IE-SYNTH-001,ACTIVE,xwalk_v1.0.0
HRIS-WKR-000558,PAY-WKR-000536,LE-IE-SYNTH-001,ACTIVE,xwalk_v1.0.0
HRIS-WKR-000559,PAY-WKR-000537,LE-IE-SYNTH-001,ACTIVE,xwalk_v1.0.0
HRIS-WKR-000560,PAY-WKR-000538,LE-IE-SYNTH-001,ACTIVE,xwalk_v1.0.0
HRIS-WKR-000561,PAY-WKR-000539,LE-IE-SYNTH-001,ACTIVE,xwalk_v1.0.0
HRIS-WKR-000562,PAY-WKR-000540,LE-IE-SYNTH-001,ACTIVE,xwalk_v1.0.0
HRIS-WKR-000563,PAY-WKR-000541,LE-IE-SYNTH-001,ACTIVE,xwalk_v1.0.0
HRIS-WKR-000564,PAY-WKR-000542,LE-IE-SYNTH-001,ACTIVE,xwalk_v1.0.0
HRIS-WKR-000565,PAY-WKR-000543,LE-IE-SYNTH-001,ACTIVE,xwalk_v1.0.0
HRIS-WKR-000566,PAY-WKR-000544,LE-IE-SYNTH-001,ACTIVE,xwalk_v1.0.0
HRIS-WKR-000567,PAY-WKR-000545,LE-IE-SYNTH-001,ACTIVE,xwalk_v1.0.0
HRIS-WKR-000568,PAY-WKR-000546,LE-IE-SYNTH-001,ACTIVE,xwalk_v1.0.0
HRIS-WKR-000569,PAY-WKR-000547,LE-IE-SYNTH-001,ACTIVE,xwalk_v1.0.0
HRIS-WKR-000570,PAY-WKR-000548,LE-IE-SYNTH-001,ACTIVE,xwalk_v1.0.0
HRIS-WKR-000571,PAY-WKR-000549,LE-IE-SYNTH-001,ACTIVE,xwalk_v1.0.0
HRIS-WKR-000572,PAY-WKR-000550,LE-IE-SYNTH-001,ACTIVE,xwalk_v1.0.0
HRIS-WKR-000573,PAY-WKR-000551,LE-IE-SYNTH-001,ACTIVE,xwalk_v1.0.0
HRIS-WKR-000574,PAY-WKR-000552,LE-IE-SYNTH-001,ACTIVE,xwalk_v1.0.0
HRIS-WKR-000575,PAY-WKR-000553,LE-IE-SYNTH-001,ACTIVE,xwalk_v1.0.0
HRIS-WKR-000576,PAY-WKR-000554,LE-IE-SYNTH-001,ACTIVE,xwalk_v1.0.0
HRIS-WKR-000577,PAY-WKR-000555,LE-IE-SYNTH-001,ACTIVE,xwalk_v1.0.0
HRIS-WKR-000578,PAY-WKR-000556,LE-IE-SYNTH-001,ACTIVE,xwalk_v1.0.0
HRIS-WKR-000579,PAY-WKR-000557,LE-IE-SYNTH-001,ACTIVE,xwalk_v1.0.0
HRIS-WKR-000580,PAY-WKR-000558,LE-IE-SYNTH-001,ACTIVE,xwalk_v1.0.0
HRIS-WKR-000581,PAY-WKR-000559,LE-IE-SYNTH-001,ACTIVE,xwalk_v1.0.0
HRIS-WKR-000582,PAY-WKR-000560,LE-IE-SYNTH-001,ACTIVE,xwalk_v1.0.0
HRIS-WKR-000583,PAY-WKR-000561,LE-IE-SYNTH-001,ACTIVE,xwalk_v1.0.0
HRIS-WKR-000584,PAY-WKR-000562,LE-IE-SYNTH-001,ACTIVE,xwalk_v1.0.0
HRIS-WKR-000585,PAY-WKR-000563,LE-IE-SYNTH-001,ACTIVE,xwalk_v1.0.0
HRIS-WKR-000586,PAY-WKR-000564,LE-IE-SYNTH-001,ACTIVE,xwalk_v1.0.0
HRIS-WKR-000587,PAY-WKR-000565,LE-IE-SYNTH-001,ACTIVE,xwalk_v1.0.0
HRIS-WKR-000588,PAY-WKR-000566,LE-IE-SYNTH-001,ACTIVE,xwalk_v1.0.0
HRIS-WKR-000589,PAY-WKR-000567,LE-IE-SYNTH-001,ACTIVE,xwalk_v1.0.0
HRIS-WKR-000590,PAY-WKR-000568,LE-IE-SYNTH-001,ACTIVE,xwalk_v1.0.0
HRIS-WKR-000591,PAY-WKR-000569,LE-IE-SYNTH-001,ACTIVE,xwalk_v1.0.0
HRIS-WKR-000592,PAY-WKR-000570,LE-IE-SYNTH-001,ACTIVE,xwalk_v1.0.0
HRIS-WKR-000593,PAY-WKR-000571,LE-IE-SYNTH-001,ACTIVE,xwalk_v1.0.0
HRIS-WKR-000594,PAY-WKR-000572,LE-IE-SYNTH-001,ACTIVE,xwalk_v1.0.0
HRIS-WKR-000595,PAY-WKR-000573,LE-IE-SYNTH-001,ACTIVE,xwalk_v1.0.0
HRIS-WKR-000596,PAY-WKR-000574,LE-IE-SYNTH-001,ACTIVE,xwalk_v1.0.0
HRIS-WKR-000597,PAY-WKR-000575,LE-IE-SYNTH-001,ACTIVE,xwalk_v1.0.0
HRIS-WKR-000598,PAY-WKR-000576,LE-IE-SYNTH-001,ACTIVE,xwalk_v1.0.0
HRIS-WKR-000599,PAY-WKR-000577,LE-IE-SYNTH-001,ACTIVE,xwalk_v1.0.0
HRIS-WKR-000600,PAY-WKR-000578,LE-IE-SYNTH-001,ACTIVE,xwalk_v1.0.0
HRIS-WKR-000601,PAY-WKR-000579,LE-IE-SYNTH-001,ACTIVE,xwalk_v1.0.0
HRIS-WKR-000602,PAY-WKR-000580,LE-IE-SYNTH-001,ACTIVE,xwalk_v1.0.0
HRIS-WKR-000603,PAY-WKR-000581,LE-IE-SYNTH-001,ACTIVE,xwalk_v1.0.0
HRIS-WKR-000604,PAY-WKR-000582,LE-IE-SYNTH-001,ACTIVE,xwalk_v1.0.0
HRIS-WKR-000605,PAY-WKR-000583,LE-IE-SYNTH-001,ACTIVE,xwalk_v1.0.0
HRIS-WKR-000606,PAY-WKR-000584,LE-IE-SYNTH-001,ACTIVE,xwalk_v1.0.0
HRIS-WKR-000607,PAY-WKR-000585,LE-IE-SYNTH-001,ACTIVE,xwalk_v1.0.0
HRIS-WKR-000608,PAY-WKR-000586,LE-IE-SYNTH-001,ACTIVE,xwalk_v1.0.0
HRIS-WKR-000609,PAY-WKR-000587,LE-IE-SYNTH-001,ACTIVE,xwalk_v1.0.0
HRIS-WKR-000610,PAY-WKR-000588,LE-IE-SYNTH-001,ACTIVE,xwalk_v1.0.0
HRIS-WKR-000611,PAY-WKR-000589,LE-IE-SYNTH-001,ACTIVE,xwalk_v1.0.0
HRIS-WKR-000612,PAY-WKR-000590,LE-IE-SYNTH-001,ACTIVE,xwalk_v1.0.0
HRIS-WKR-000613,PAY-WKR-000591,LE-IE-SYNTH-001,ACTIVE,xwalk_v1.0.0
HRIS-WKR-000614,PAY-WKR-000592,LE-IE-SYNTH-001,ACTIVE,xwalk_v1.0.0
HRIS-WKR-000615,PAY-WKR-000593,LE-IE-SYNTH-001,ACTIVE,xwalk_v1.0.0
HRIS-WKR-000616,PAY-WKR-000594,LE-IE-SYNTH-001,ACTIVE,xwalk_v1.0.0
HRIS-WKR-000617,PAY-WKR-000595,LE-IE-SYNTH-001,ACTIVE,xwalk_v1.0.0
HRIS-WKR-000618,PAY-WKR-000596,LE-IE-SYNTH-001,ACTIVE,xwalk_v1.0.0
HRIS-WKR-000619,PAY-WKR-000597,LE-IE-SYNTH-001,ACTIVE,xwalk_v1.0.0
HRIS-WKR-000620,PAY-WKR-000598,LE-IE-SYNTH-001,ACTIVE,xwalk_v1.0.0
HRIS-WKR-000621,PAY-WKR-000599,LE-IE-SYNTH-001,ACTIVE,xwalk_v1.0.0
HRIS-WKR-000622,PAY-WKR-000600,LE-IE-SYNTH-001,ACTIVE,xwalk_v1.0.0
HRIS-WKR-000623,PAY-WKR-000601,LE-IE-SYNTH-001,ACTIVE,xwalk_v1.0.0
HRIS-WKR-000624,PAY-WKR-000602,LE-IE-SYNTH-001,ACTIVE,xwalk_v1.0.0
HRIS-WKR-000625,PAY-WKR-000603,LE-IE-SYNTH-001,ACTIVE,xwalk_v1.0.0
HRIS-WKR-000626,PAY-WKR-000604,LE-IE-SYNTH-001,ACTIVE,xwalk_v1.0.0
HRIS-WKR-000627,PAY-WKR-000605,LE-IE-SYNTH-001,ACTIVE,xwalk_v1.0.0
HRIS-WKR-000628,PAY-WKR-000606,LE-IE-SYNTH-001,ACTIVE,xwalk_v1.0.0
HRIS-WKR-000629,PAY-WKR-000607,LE-IE-SYNTH-001,ACTIVE,xwalk_v1.0.0
HRIS-WKR-000630,PAY-WKR-000608,LE-IE-SYNTH-001,ACTIVE,xwalk_v1.0.0
HRIS-WKR-000631,PAY-WKR-000609,LE-IE-SYNTH-001,ACTIVE,xwalk_v1.0.0
HRIS-WKR-000632,,LE-IE-SYNTH-001,MISSING,xwalk_v1.0.0
HRIS-WKR-000633,PAY-WKR-000610,LE-IE-SYNTH-001,ACTIVE,xwalk_v1.0.0
HRIS-WKR-000634,PAY-WKR-000611,LE-IE-SYNTH-001,ACTIVE,xwalk_v1.0.0
HRIS-WKR-000635,PAY-WKR-000612,LE-IE-SYNTH-001,ACTIVE,xwalk_v1.0.0
HRIS-WKR-000636,PAY-WKR-000613,LE-IE-SYNTH-001,ACTIVE,xwalk_v1.0.0
HRIS-WKR-000637,PAY-WKR-000614,LE-IE-SYNTH-001,ACTIVE,xwalk_v1.0.0
HRIS-WKR-000638,PAY-WKR-000615,LE-IE-SYNTH-001,ACTIVE,xwalk_v1.0.0
HRIS-WKR-000639,PAY-WKR-000616,LE-IE-SYNTH-001,ACTIVE,xwalk_v1.0.0
HRIS-WKR-000640,PAY-WKR-000617,LE-IE-SYNTH-001,ACTIVE,xwalk_v1.0.0
HRIS-WKR-000641,PAY-WKR-000618,LE-IE-SYNTH-001,ACTIVE,xwalk_v1.0.0
HRIS-WKR-000642,PAY-WKR-000619,LE-IE-SYNTH-001,ACTIVE,xwalk_v1.0.0
HRIS-WKR-000643,PAY-WKR-000620,LE-IE-SYNTH-001,ACTIVE,xwalk_v1.0.0
HRIS-WKR-000644,PAY-WKR-000621,LE-IE-SYNTH-001,ACTIVE,xwalk_v1.0.0
HRIS-WKR-000645,PAY-WKR-000622,LE-IE-SYNTH-001,ACTIVE,xwalk_v1.0.0
HRIS-WKR-000646,PAY-WKR-000623,LE-IE-SYNTH-001,ACTIVE,xwalk_v1.0.0
HRIS-WKR-000647,PAY-WKR-000624,LE-IE-SYNTH-001,ACTIVE,xwalk_v1.0.0
HRIS-WKR-000648,PAY-WKR-000625,LE-IE-SYNTH-001,ACTIVE,xwalk_v1.0.0
HRIS-WKR-000649,PAY-WKR-000626,LE-IE-SYNTH-001,ACTIVE,xwalk_v1.0.0
HRIS-WKR-000650,PAY-WKR-000627,LE-IE-SYNTH-001,ACTIVE,xwalk_v1.0.0
HRIS-WKR-000651,PAY-WKR-000628,LE-IE-SYNTH-001,ACTIVE,xwalk_v1.0.0
HRIS-WKR-000652,PAY-WKR-000629,LE-IE-SYNTH-001,ACTIVE,xwalk_v1.0.0
HRIS-WKR-000653,PAY-WKR-000630,LE-IE-SYNTH-001,ACTIVE,xwalk_v1.0.0
HRIS-WKR-000654,PAY-WKR-000631,LE-IE-SYNTH-001,ACTIVE,xwalk_v1.0.0
HRIS-WKR-000655,PAY-WKR-000632,LE-IE-SYNTH-001,ACTIVE,xwalk_v1.0.0
HRIS-WKR-000656,PAY-WKR-000633,LE-IE-SYNTH-001,ACTIVE,xwalk_v1.0.0
HRIS-WKR-000657,PAY-WKR-000634,LE-IE-SYNTH-001,ACTIVE,xwalk_v1.0.0
HRIS-WKR-000658,,LE-IE-SYNTH-001,MISSING,xwalk_v1.0.0
HRIS-WKR-000659,PAY-WKR-000635,LE-IE-SYNTH-001,ACTIVE,xwalk_v1.0.0
HRIS-WKR-000660,PAY-WKR-000636,LE-IE-SYNTH-001,ACTIVE,xwalk_v1.0.0
HRIS-WKR-000661,PAY-WKR-000637,LE-IE-SYNTH-001,ACTIVE,xwalk_v1.0.0
HRIS-WKR-000662,PAY-WKR-000638,LE-IE-SYNTH-001,ACTIVE,xwalk_v1.0.0
HRIS-WKR-000663,PAY-WKR-000639,LE-IE-SYNTH-001,ACTIVE,xwalk_v1.0.0
HRIS-WKR-000664,PAY-WKR-000640,LE-IE-SYNTH-001,ACTIVE,xwalk_v1.0.0
HRIS-WKR-000665,PAY-WKR-000641,LE-IE-SYNTH-001,ACTIVE,xwalk_v1.0.0
HRIS-WKR-000666,PAY-WKR-000642,LE-IE-SYNTH-001,ACTIVE,xwalk_v1.0.0
HRIS-WKR-000667,PAY-WKR-000643,LE-IE-SYNTH-001,ACTIVE,xwalk_v1.0.0
HRIS-WKR-000668,PAY-WKR-000644,LE-IE-SYNTH-001,ACTIVE,xwalk_v1.0.0
HRIS-WKR-000669,PAY-WKR-000645,LE-IE-SYNTH-001,ACTIVE,xwalk_v1.0.0
HRIS-WKR-000670,PAY-WKR-000646,LE-IE-SYNTH-001,ACTIVE,xwalk_v1.0.0
HRIS-WKR-000671,PAY-WKR-000647,LE-IE-SYNTH-001,ACTIVE,xwalk_v1.0.0
HRIS-WKR-000672,PAY-WKR-000648,LE-IE-SYNTH-001,ACTIVE,xwalk_v1.0.0
HRIS-WKR-000673,PAY-WKR-000649,LE-IE-SYNTH-001,ACTIVE,xwalk_v1.0.0
HRIS-WKR-000674,,LE-IE-SYNTH-001,MISSING,xwalk_v1.0.0
HRIS-WKR-000675,PAY-WKR-000650,LE-IE-SYNTH-001,ACTIVE,xwalk_v1.0.0
HRIS-WKR-000676,PAY-WKR-000651,LE-IE-SYNTH-001,ACTIVE,xwalk_v1.0.0
HRIS-WKR-000677,PAY-WKR-000652,LE-IE-SYNTH-001,ACTIVE,xwalk_v1.0.0
HRIS-WKR-000678,PAY-WKR-000653,LE-IE-SYNTH-001,ACTIVE,xwalk_v1.0.0
HRIS-WKR-000679,PAY-WKR-000654,LE-IE-SYNTH-001,ACTIVE,xwalk_v1.0.0
HRIS-WKR-000680,PAY-WKR-000655,LE-IE-SYNTH-001,ACTIVE,xwalk_v1.0.0
HRIS-WKR-000681,PAY-WKR-000656,LE-IE-SYNTH-001,ACTIVE,xwalk_v1.0.0
HRIS-WKR-000682,PAY-WKR-000657,LE-IE-SYNTH-001,ACTIVE,xwalk_v1.0.0
HRIS-WKR-000683,PAY-WKR-000658,LE-IE-SYNTH-001,ACTIVE,xwalk_v1.0.0
HRIS-WKR-000684,PAY-WKR-000659,LE-IE-SYNTH-001,ACTIVE,xwalk_v1.0.0
HRIS-WKR-000685,PAY-WKR-000660,LE-IE-SYNTH-001,ACTIVE,xwalk_v1.0.0
HRIS-WKR-000686,PAY-WKR-000661,LE-IE-SYNTH-001,ACTIVE,xwalk_v1.0.0
HRIS-WKR-000687,PAY-WKR-000662,LE-IE-SYNTH-001,ACTIVE,xwalk_v1.0.0
HRIS-WKR-000688,PAY-WKR-000663,LE-IE-SYNTH-001,ACTIVE,xwalk_v1.0.0
HRIS-WKR-000689,PAY-WKR-000664,LE-IE-SYNTH-001,ACTIVE,xwalk_v1.0.0
HRIS-WKR-000690,PAY-WKR-000665,LE-IE-SYNTH-001,ACTIVE,xwalk_v1.0.0
HRIS-WKR-000691,PAY-WKR-000666,LE-IE-SYNTH-001,ACTIVE,xwalk_v1.0.0
HRIS-WKR-000692,PAY-WKR-000667,LE-IE-SYNTH-001,ACTIVE,xwalk_v1.0.0
HRIS-WKR-000693,PAY-WKR-000668,LE-IE-SYNTH-001,ACTIVE,xwalk_v1.0.0
HRIS-WKR-000694,PAY-WKR-000669,LE-IE-SYNTH-001,ACTIVE,xwalk_v1.0.0
HRIS-WKR-000695,PAY-WKR-000670,LE-IE-SYNTH-001,ACTIVE,xwalk_v1.0.0
HRIS-WKR-000696,PAY-WKR-000671,LE-IE-SYNTH-001,ACTIVE,xwalk_v1.0.0
HRIS-WKR-000697,PAY-WKR-000672,LE-IE-SYNTH-001,ACTIVE,xwalk_v1.0.0
HRIS-WKR-000698,PAY-WKR-000673,LE-IE-SYNTH-001,ACTIVE,xwalk_v1.0.0
HRIS-WKR-000699,PAY-WKR-000674,LE-IE-SYNTH-001,ACTIVE,xwalk_v1.0.0
HRIS-WKR-000700,PAY-WKR-000675,LE-IE-SYNTH-001,ACTIVE,xwalk_v1.0.0
HRIS-WKR-000701,PAY-WKR-000676,LE-IE-SYNTH-001,ACTIVE,xwalk_v1.0.0
HRIS-WKR-000702,PAY-WKR-000677,LE-IE-SYNTH-001,ACTIVE,xwalk_v1.0.0
HRIS-WKR-000703,PAY-WKR-000678,LE-IE-SYNTH-001,ACTIVE,xwalk_v1.0.0
HRIS-WKR-000704,PAY-WKR-000679,LE-IE-SYNTH-001,ACTIVE,xwalk_v1.0.0
HRIS-WKR-000705,PAY-WKR-000680,LE-IE-SYNTH-001,ACTIVE,xwalk_v1.0.0
HRIS-WKR-000706,PAY-WKR-000681,LE-IE-SYNTH-001,ACTIVE,xwalk_v1.0.0
HRIS-WKR-000707,PAY-WKR-000682,LE-IE-SYNTH-001,ACTIVE,xwalk_v1.0.0
HRIS-WKR-000708,PAY-WKR-000683,LE-IE-SYNTH-001,ACTIVE,xwalk_v1.0.0
HRIS-WKR-000709,PAY-WKR-000684,LE-IE-SYNTH-001,ACTIVE,xwalk_v1.0.0
HRIS-WKR-000710,PAY-WKR-000685,LE-IE-SYNTH-001,ACTIVE,xwalk_v1.0.0
HRIS-WKR-000711,PAY-WKR-000686,LE-IE-SYNTH-001,ACTIVE,xwalk_v1.0.0
HRIS-WKR-000712,PAY-WKR-000687,LE-IE-SYNTH-001,ACTIVE,xwalk_v1.0.0
HRIS-WKR-000713,PAY-WKR-000688,LE-IE-SYNTH-001,ACTIVE,xwalk_v1.0.0
HRIS-WKR-000714,PAY-WKR-000689,LE-IE-SYNTH-001,ACTIVE,xwalk_v1.0.0
HRIS-WKR-000715,PAY-WKR-000690,LE-IE-SYNTH-001,ACTIVE,xwalk_v1.0.0
HRIS-WKR-000716,PAY-WKR-000691,LE-IE-SYNTH-001,ACTIVE,xwalk_v1.0.0
HRIS-WKR-000717,PAY-WKR-000692,LE-IE-SYNTH-001,ACTIVE,xwalk_v1.0.0
HRIS-WKR-000718,PAY-WKR-000693,LE-IE-SYNTH-001,ACTIVE,xwalk_v1.0.0
HRIS-WKR-000719,PAY-WKR-000694,LE-IE-SYNTH-001,ACTIVE,xwalk_v1.0.0
HRIS-WKR-000720,PAY-WKR-000695,LE-IE-SYNTH-001,ACTIVE,xwalk_v1.0.0
HRIS-WKR-000721,PAY-WKR-000696,LE-IE-SYNTH-001,ACTIVE,xwalk_v1.0.0
HRIS-WKR-000722,PAY-WKR-000697,LE-IE-SYNTH-001,ACTIVE,xwalk_v1.0.0
HRIS-WKR-000723,PAY-WKR-000698,LE-IE-SYNTH-001,ACTIVE,xwalk_v1.0.0
HRIS-WKR-000724,PAY-WKR-000699,LE-IE-SYNTH-001,ACTIVE,xwalk_v1.0.0
HRIS-WKR-000725,PAY-WKR-000700,LE-IE-SYNTH-001,ACTIVE,xwalk_v1.0.0
HRIS-WKR-000726,PAY-WKR-000701,LE-IE-SYNTH-001,ACTIVE,xwalk_v1.0.0
HRIS-WKR-000727,PAY-WKR-000702,LE-IE-SYNTH-001,ACTIVE,xwalk_v1.0.0
HRIS-WKR-000728,PAY-WKR-000703,LE-IE-SYNTH-001,ACTIVE,xwalk_v1.0.0
HRIS-WKR-000729,PAY-WKR-000704,LE-IE-SYNTH-001,ACTIVE,xwalk_v1.0.0
HRIS-WKR-000730,PAY-WKR-000705,LE-IE-SYNTH-001,ACTIVE,xwalk_v1.0.0
HRIS-WKR-000731,PAY-WKR-000706,LE-IE-SYNTH-001,ACTIVE,xwalk_v1.0.0
HRIS-WKR-000732,PAY-WKR-000707,LE-IE-SYNTH-001,ACTIVE,xwalk_v1.0.0
HRIS-WKR-000733,PAY-WKR-000708,LE-IE-SYNTH-001,ACTIVE,xwalk_v1.0.0
HRIS-WKR-000734,PAY-WKR-000709,LE-IE-SYNTH-001,ACTIVE,xwalk_v1.0.0
HRIS-WKR-000735,PAY-WKR-000710,LE-IE-SYNTH-001,ACTIVE,xwalk_v1.0.0
HRIS-WKR-000736,PAY-WKR-000711,LE-IE-SYNTH-001,ACTIVE,xwalk_v1.0.0
HRIS-WKR-000737,PAY-WKR-000712,LE-IE-SYNTH-001,ACTIVE,xwalk_v1.0.0
HRIS-WKR-000738,PAY-WKR-000713,LE-IE-SYNTH-001,ACTIVE,xwalk_v1.0.0
HRIS-WKR-000739,PAY-WKR-000714,LE-IE-SYNTH-001,ACTIVE,xwalk_v1.0.0
HRIS-WKR-000740,PAY-WKR-000715,LE-IE-SYNTH-001,ACTIVE,xwalk_v1.0.0
HRIS-WKR-000741,PAY-WKR-000716,LE-IE-SYNTH-001,ACTIVE,xwalk_v1.0.0
HRIS-WKR-000742,PAY-WKR-000717,LE-IE-SYNTH-001,ACTIVE,xwalk_v1.0.0
HRIS-WKR-000743,PAY-WKR-000718,LE-IE-SYNTH-001,ACTIVE,xwalk_v1.0.0
HRIS-WKR-000744,PAY-WKR-000719,LE-IE-SYNTH-001,ACTIVE,xwalk_v1.0.0
HRIS-WKR-000745,PAY-WKR-000720,LE-IE-SYNTH-001,ACTIVE,xwalk_v1.0.0
HRIS-WKR-000746,PAY-WKR-000721,LE-IE-SYNTH-001,ACTIVE,xwalk_v1.0.0
HRIS-WKR-000747,PAY-WKR-000722,LE-IE-SYNTH-001,ACTIVE,xwalk_v1.0.0
HRIS-WKR-000748,PAY-WKR-000723,LE-IE-SYNTH-001,ACTIVE,xwalk_v1.0.0
HRIS-WKR-000749,PAY-WKR-000724,LE-IE-SYNTH-001,ACTIVE,xwalk_v1.0.0
HRIS-WKR-000750,PAY-WKR-000725,LE-IE-SYNTH-001,ACTIVE,xwalk_v1.0.0
HRIS-WKR-000751,PAY-WKR-000726,LE-IE-SYNTH-001,ACTIVE,xwalk_v1.0.0
HRIS-WKR-000752,PAY-WKR-000727,LE-IE-SYNTH-001,ACTIVE,xwalk_v1.0.0
HRIS-WKR-000753,PAY-WKR-000728,LE-IE-SYNTH-001,ACTIVE,xwalk_v1.0.0
HRIS-WKR-000754,PAY-WKR-000729,LE-IE-SYNTH-001,ACTIVE,xwalk_v1.0.0
HRIS-WKR-000755,PAY-WKR-000730,LE-IE-SYNTH-001,ACTIVE,xwalk_v1.0.0
HRIS-WKR-000756,PAY-WKR-000731,LE-IE-SYNTH-001,ACTIVE,xwalk_v1.0.0
HRIS-WKR-000757,PAY-WKR-000732,LE-IE-SYNTH-001,ACTIVE,xwalk_v1.0.0
HRIS-WKR-000758,PAY-WKR-000733,LE-IE-SYNTH-001,ACTIVE,xwalk_v1.0.0
HRIS-WKR-000759,PAY-WKR-000734,LE-IE-SYNTH-001,ACTIVE,xwalk_v1.0.0
HRIS-WKR-000760,PAY-WKR-000735,LE-IE-SYNTH-001,ACTIVE,xwalk_v1.0.0
HRIS-WKR-000761,PAY-WKR-000736,LE-IE-SYNTH-001,ACTIVE,xwalk_v1.0.0
HRIS-WKR-000762,PAY-WKR-000737,LE-IE-SYNTH-001,ACTIVE,xwalk_v1.0.0
HRIS-WKR-000763,,LE-IE-SYNTH-001,MISSING,xwalk_v1.0.0
HRIS-WKR-000764,PAY-WKR-000738,LE-IE-SYNTH-001,ACTIVE,xwalk_v1.0.0
HRIS-WKR-000765,PAY-WKR-000739,LE-IE-SYNTH-001,ACTIVE,xwalk_v1.0.0
HRIS-WKR-000766,PAY-WKR-000740,LE-IE-SYNTH-001,ACTIVE,xwalk_v1.0.0
HRIS-WKR-000767,PAY-WKR-000741,LE-IE-SYNTH-001,ACTIVE,xwalk_v1.0.0
HRIS-WKR-000768,PAY-WKR-000742,LE-IE-SYNTH-001,ACTIVE,xwalk_v1.0.0
HRIS-WKR-000769,PAY-WKR-000743,LE-IE-SYNTH-001,ACTIVE,xwalk_v1.0.0
HRIS-WKR-000770,PAY-WKR-000744,LE-IE-SYNTH-001,ACTIVE,xwalk_v1.0.0
HRIS-WKR-000771,PAY-WKR-000745,LE-IE-SYNTH-001,ACTIVE,xwalk_v1.0.0
HRIS-WKR-000772,PAY-WKR-000746,LE-IE-SYNTH-001,ACTIVE,xwalk_v1.0.0
HRIS-WKR-000773,PAY-WKR-000747,LE-IE-SYNTH-001,ACTIVE,xwalk_v1.0.0
HRIS-WKR-000774,PAY-WKR-000748,LE-IE-SYNTH-001,ACTIVE,xwalk_v1.0.0
HRIS-WKR-000775,PAY-WKR-000749,LE-IE-SYNTH-001,ACTIVE,xwalk_v1.0.0
HRIS-WKR-000776,PAY-WKR-000750,LE-IE-SYNTH-001,ACTIVE,xwalk_v1.0.0
HRIS-WKR-000777,PAY-WKR-000751,LE-IE-SYNTH-001,ACTIVE,xwalk_v1.0.0
HRIS-WKR-000778,PAY-WKR-000752,LE-IE-SYNTH-001,ACTIVE,xwalk_v1.0.0
HRIS-WKR-000779,PAY-WKR-000753,LE-IE-SYNTH-001,ACTIVE,xwalk_v1.0.0
HRIS-WKR-000780,PAY-WKR-000754,LE-IE-SYNTH-001,ACTIVE,xwalk_v1.0.0
HRIS-WKR-000781,PAY-WKR-000755,LE-IE-SYNTH-001,ACTIVE,xwalk_v1.0.0
HRIS-WKR-000782,PAY-WKR-000756,LE-IE-SYNTH-001,ACTIVE,xwalk_v1.0.0
HRIS-WKR-000783,PAY-WKR-000757,LE-IE-SYNTH-001,ACTIVE,xwalk_v1.0.0
HRIS-WKR-000784,PAY-WKR-000758,LE-IE-SYNTH-001,ACTIVE,xwalk_v1.0.0
HRIS-WKR-000785,PAY-WKR-000759,LE-IE-SYNTH-001,ACTIVE,xwalk_v1.0.0
HRIS-WKR-000786,PAY-WKR-000760,LE-IE-SYNTH-001,ACTIVE,xwalk_v1.0.0
HRIS-WKR-000787,PAY-WKR-000761,LE-IE-SYNTH-001,ACTIVE,xwalk_v1.0.0
HRIS-WKR-000788,PAY-WKR-000762,LE-IE-SYNTH-001,ACTIVE,xwalk_v1.0.0
HRIS-WKR-000789,PAY-WKR-000763,LE-IE-SYNTH-001,ACTIVE,xwalk_v1.0.0
HRIS-WKR-000790,PAY-WKR-000764,LE-IE-SYNTH-001,ACTIVE,xwalk_v1.0.0
HRIS-WKR-000791,PAY-WKR-000765,LE-IE-SYNTH-001,ACTIVE,xwalk_v1.0.0
HRIS-WKR-000792,PAY-WKR-000766,LE-IE-SYNTH-001,ACTIVE,xwalk_v1.0.0
HRIS-WKR-000793,PAY-WKR-000767,LE-IE-SYNTH-001,ACTIVE,xwalk_v1.0.0
HRIS-WKR-000794,PAY-WKR-000768,LE-IE-SYNTH-001,ACTIVE,xwalk_v1.0.0
HRIS-WKR-000795,,LE-IE-SYNTH-001,MISSING,xwalk_v1.0.0
HRIS-WKR-000796,PAY-WKR-000769,LE-IE-SYNTH-001,ACTIVE,xwalk_v1.0.0
HRIS-WKR-000797,PAY-WKR-000770,LE-IE-SYNTH-001,ACTIVE,xwalk_v1.0.0
HRIS-WKR-000798,PAY-WKR-000771,LE-IE-SYNTH-001,ACTIVE,xwalk_v1.0.0
HRIS-WKR-000799,,LE-IE-SYNTH-001,MISSING,xwalk_v1.0.0
HRIS-WKR-000800,PAY-WKR-000772,LE-IE-SYNTH-001,ACTIVE,xwalk_v1.0.0
HRIS-WKR-000801,PAY-WKR-000773,LE-IE-SYNTH-001,ACTIVE,xwalk_v1.0.0
HRIS-WKR-000802,PAY-WKR-000774,LE-IE-SYNTH-001,ACTIVE,xwalk_v1.0.0
HRIS-WKR-000803,PAY-WKR-000775,LE-IE-SYNTH-001,ACTIVE,xwalk_v1.0.0
HRIS-WKR-000804,PAY-WKR-000776,LE-IE-SYNTH-001,ACTIVE,xwalk_v1.0.0
HRIS-WKR-000805,PAY-WKR-000777,LE-IE-SYNTH-001,ACTIVE,xwalk_v1.0.0
HRIS-WKR-000806,PAY-WKR-000778,LE-IE-SYNTH-001,ACTIVE,xwalk_v1.0.0
HRIS-WKR-000807,PAY-WKR-000779,LE-IE-SYNTH-001,ACTIVE,xwalk_v1.0.0
HRIS-WKR-000808,PAY-WKR-000780,LE-IE-SYNTH-001,ACTIVE,xwalk_v1.0.0
HRIS-WKR-000809,PAY-WKR-000781,LE-IE-SYNTH-001,ACTIVE,xwalk_v1.0.0
HRIS-WKR-000810,PAY-WKR-000782,LE-IE-SYNTH-001,ACTIVE,xwalk_v1.0.0
HRIS-WKR-000811,PAY-WKR-000783,LE-IE-SYNTH-001,ACTIVE,xwalk_v1.0.0
HRIS-WKR-000812,PAY-WKR-000784,LE-IE-SYNTH-001,ACTIVE,xwalk_v1.0.0
HRIS-WKR-000813,PAY-WKR-000785,LE-IE-SYNTH-001,ACTIVE,xwalk_v1.0.0
HRIS-WKR-000814,PAY-WKR-000786,LE-IE-SYNTH-001,ACTIVE,xwalk_v1.0.0
HRIS-WKR-000815,PAY-WKR-000787,LE-IE-SYNTH-001,ACTIVE,xwalk_v1.0.0
HRIS-WKR-000816,PAY-WKR-000788,LE-IE-SYNTH-001,ACTIVE,xwalk_v1.0.0
HRIS-WKR-000817,PAY-WKR-000789,LE-IE-SYNTH-001,ACTIVE,xwalk_v1.0.0
HRIS-WKR-000818,PAY-WKR-000790,LE-IE-SYNTH-001,ACTIVE,xwalk_v1.0.0
HRIS-WKR-000819,PAY-WKR-000791,LE-IE-SYNTH-001,ACTIVE,xwalk_v1.0.0
HRIS-WKR-000820,PAY-WKR-000792,LE-IE-SYNTH-001,ACTIVE,xwalk_v1.0.0
HRIS-WKR-000821,PAY-WKR-000793,LE-IE-SYNTH-001,ACTIVE,xwalk_v1.0.0
HRIS-WKR-000822,PAY-WKR-000794,LE-IE-SYNTH-001,ACTIVE,xwalk_v1.0.0
HRIS-WKR-000823,PAY-WKR-000795,LE-IE-SYNTH-001,ACTIVE,xwalk_v1.0.0
HRIS-WKR-000824,PAY-WKR-000796,LE-IE-SYNTH-001,ACTIVE,xwalk_v1.0.0
HRIS-WKR-000825,PAY-WKR-000797,LE-IE-SYNTH-001,ACTIVE,xwalk_v1.0.0
HRIS-WKR-000826,PAY-WKR-000798,LE-IE-SYNTH-001,ACTIVE,xwalk_v1.0.0
HRIS-WKR-000827,PAY-WKR-000799,LE-IE-SYNTH-001,ACTIVE,xwalk_v1.0.0
HRIS-WKR-000828,PAY-WKR-000800,LE-IE-SYNTH-001,ACTIVE,xwalk_v1.0.0
HRIS-WKR-000829,PAY-WKR-000801,LE-IE-SYNTH-001,ACTIVE,xwalk_v1.0.0
HRIS-WKR-000830,PAY-WKR-000802,LE-IE-SYNTH-001,ACTIVE,xwalk_v1.0.0
HRIS-WKR-000831,PAY-WKR-000803,LE-IE-SYNTH-001,ACTIVE,xwalk_v1.0.0
HRIS-WKR-000832,PAY-WKR-000804,LE-IE-SYNTH-001,ACTIVE,xwalk_v1.0.0
HRIS-WKR-000833,PAY-WKR-000805,LE-IE-SYNTH-001,ACTIVE,xwalk_v1.0.0
HRIS-WKR-000834,PAY-WKR-000806,LE-IE-SYNTH-001,ACTIVE,xwalk_v1.0.0
HRIS-WKR-000835,PAY-WKR-000807,LE-IE-SYNTH-001,ACTIVE,xwalk_v1.0.0
HRIS-WKR-000836,PAY-WKR-000808,LE-IE-SYNTH-001,ACTIVE,xwalk_v1.0.0
HRIS-WKR-000837,PAY-WKR-000809,LE-IE-SYNTH-001,ACTIVE,xwalk_v1.0.0
HRIS-WKR-000838,PAY-WKR-000810,LE-IE-SYNTH-001,ACTIVE,xwalk_v1.0.0
HRIS-WKR-000839,PAY-WKR-000811,LE-IE-SYNTH-001,ACTIVE,xwalk_v1.0.0
HRIS-WKR-000840,PAY-WKR-000812,LE-IE-SYNTH-001,ACTIVE,xwalk_v1.0.0
HRIS-WKR-000841,PAY-WKR-000813,LE-IE-SYNTH-001,ACTIVE,xwalk_v1.0.0
HRIS-WKR-000842,PAY-WKR-000814,LE-IE-SYNTH-001,ACTIVE,xwalk_v1.0.0
HRIS-WKR-000843,PAY-WKR-000815,LE-IE-SYNTH-001,ACTIVE,xwalk_v1.0.0
HRIS-WKR-000844,PAY-WKR-000816,LE-IE-SYNTH-001,ACTIVE,xwalk_v1.0.0
HRIS-WKR-000845,PAY-WKR-000817,LE-IE-SYNTH-001,ACTIVE,xwalk_v1.0.0
HRIS-WKR-000846,PAY-WKR-000818,LE-IE-SYNTH-001,ACTIVE,xwalk_v1.0.0
HRIS-WKR-000847,PAY-WKR-000819,LE-IE-SYNTH-001,ACTIVE,xwalk_v1.0.0
HRIS-WKR-000848,PAY-WKR-000820,LE-IE-SYNTH-001,ACTIVE,xwalk_v1.0.0
HRIS-WKR-000849,PAY-WKR-000821,LE-IE-SYNTH-001,ACTIVE,xwalk_v1.0.0
HRIS-WKR-000850,PAY-WKR-000822,LE-IE-SYNTH-001,ACTIVE,xwalk_v1.0.0
HRIS-WKR-000851,PAY-WKR-000823,LE-IE-SYNTH-001,ACTIVE,xwalk_v1.0.0
HRIS-WKR-000852,PAY-WKR-000824,LE-IE-SYNTH-001,ACTIVE,xwalk_v1.0.0
HRIS-WKR-000853,PAY-WKR-000825,LE-IE-SYNTH-001,ACTIVE,xwalk_v1.0.0
HRIS-WKR-000854,PAY-WKR-000826,LE-IE-SYNTH-001,ACTIVE,xwalk_v1.0.0
HRIS-WKR-000855,PAY-WKR-000827,LE-IE-SYNTH-001,ACTIVE,xwalk_v1.0.0
HRIS-WKR-000856,PAY-WKR-000828,LE-IE-SYNTH-001,ACTIVE,xwalk_v1.0.0
HRIS-WKR-000857,PAY-WKR-000829,LE-IE-SYNTH-001,ACTIVE,xwalk_v1.0.0
HRIS-WKR-000858,PAY-WKR-000830,LE-IE-SYNTH-001,ACTIVE,xwalk_v1.0.0
HRIS-WKR-000859,PAY-WKR-000831,LE-IE-SYNTH-001,ACTIVE,xwalk_v1.0.0
HRIS-WKR-000860,PAY-WKR-000832,LE-IE-SYNTH-001,ACTIVE,xwalk_v1.0.0
HRIS-WKR-000861,PAY-WKR-000833,LE-IE-SYNTH-001,ACTIVE,xwalk_v1.0.0
HRIS-WKR-000862,PAY-WKR-000834,LE-IE-SYNTH-001,ACTIVE,xwalk_v1.0.0
HRIS-WKR-000863,PAY-WKR-000835,LE-IE-SYNTH-001,ACTIVE,xwalk_v1.0.0
HRIS-WKR-000864,PAY-WKR-000836,LE-IE-SYNTH-001,ACTIVE,xwalk_v1.0.0
HRIS-WKR-000865,PAY-WKR-000837,LE-IE-SYNTH-001,ACTIVE,xwalk_v1.0.0
HRIS-WKR-000866,PAY-WKR-000838,LE-IE-SYNTH-001,ACTIVE,xwalk_v1.0.0
HRIS-WKR-000867,PAY-WKR-000839,LE-IE-SYNTH-001,ACTIVE,xwalk_v1.0.0
HRIS-WKR-000868,PAY-WKR-000840,LE-IE-SYNTH-001,ACTIVE,xwalk_v1.0.0
HRIS-WKR-000869,PAY-WKR-000841,LE-IE-SYNTH-001,ACTIVE,xwalk_v1.0.0
HRIS-WKR-000870,PAY-WKR-000842,LE-IE-SYNTH-001,ACTIVE,xwalk_v1.0.0
HRIS-WKR-000871,PAY-WKR-000843,LE-IE-SYNTH-001,ACTIVE,xwalk_v1.0.0
HRIS-WKR-000872,PAY-WKR-000844,LE-IE-SYNTH-001,ACTIVE,xwalk_v1.0.0
HRIS-WKR-000873,PAY-WKR-000845,LE-IE-SYNTH-001,ACTIVE,xwalk_v1.0.0
HRIS-WKR-000874,PAY-WKR-000846,LE-IE-SYNTH-001,ACTIVE,xwalk_v1.0.0
HRIS-WKR-000875,PAY-WKR-000847,LE-IE-SYNTH-001,ACTIVE,xwalk_v1.0.0
HRIS-WKR-000876,PAY-WKR-000848,LE-IE-SYNTH-001,ACTIVE,xwalk_v1.0.0
HRIS-WKR-000877,PAY-WKR-000849,LE-IE-SYNTH-001,ACTIVE,xwalk_v1.0.0
HRIS-WKR-000878,PAY-WKR-000850,LE-IE-SYNTH-001,ACTIVE,xwalk_v1.0.0
HRIS-WKR-000879,PAY-WKR-000851,LE-IE-SYNTH-001,ACTIVE,xwalk_v1.0.0
HRIS-WKR-000880,PAY-WKR-000852,LE-IE-SYNTH-001,ACTIVE,xwalk_v1.0.0
HRIS-WKR-000881,PAY-WKR-000853,LE-IE-SYNTH-001,ACTIVE,xwalk_v1.0.0
HRIS-WKR-000882,PAY-WKR-000854,LE-IE-SYNTH-001,ACTIVE,xwalk_v1.0.0
HRIS-WKR-000883,PAY-WKR-000855,LE-IE-SYNTH-001,ACTIVE,xwalk_v1.0.0
HRIS-WKR-000884,PAY-WKR-000856,LE-IE-SYNTH-001,ACTIVE,xwalk_v1.0.0
HRIS-WKR-000885,PAY-WKR-000857,LE-IE-SYNTH-001,ACTIVE,xwalk_v1.0.0
HRIS-WKR-000886,PAY-WKR-000858,LE-IE-SYNTH-001,ACTIVE,xwalk_v1.0.0
HRIS-WKR-000887,PAY-WKR-000859,LE-IE-SYNTH-001,ACTIVE,xwalk_v1.0.0
HRIS-WKR-000888,PAY-WKR-000860,LE-IE-SYNTH-001,ACTIVE,xwalk_v1.0.0
HRIS-WKR-000889,PAY-WKR-000861,LE-IE-SYNTH-001,ACTIVE,xwalk_v1.0.0
HRIS-WKR-000890,PAY-WKR-000862,LE-IE-SYNTH-001,ACTIVE,xwalk_v1.0.0
HRIS-WKR-000891,PAY-WKR-000863,LE-IE-SYNTH-001,ACTIVE,xwalk_v1.0.0
HRIS-WKR-000892,PAY-WKR-000864,LE-IE-SYNTH-001,ACTIVE,xwalk_v1.0.0
HRIS-WKR-000893,PAY-WKR-000865,LE-IE-SYNTH-001,ACTIVE,xwalk_v1.0.0
HRIS-WKR-000894,PAY-WKR-000866,LE-IE-SYNTH-001,ACTIVE,xwalk_v1.0.0
HRIS-WKR-000895,PAY-WKR-000867,LE-IE-SYNTH-001,ACTIVE,xwalk_v1.0.0
HRIS-WKR-000896,PAY-WKR-000868,LE-IE-SYNTH-001,ACTIVE,xwalk_v1.0.0
HRIS-WKR-000897,PAY-WKR-000869,LE-IE-SYNTH-001,ACTIVE,xwalk_v1.0.0
HRIS-WKR-000898,PAY-WKR-000870,LE-IE-SYNTH-001,ACTIVE,xwalk_v1.0.0
HRIS-WKR-000899,PAY-WKR-000871,LE-IE-SYNTH-001,ACTIVE,xwalk_v1.0.0
HRIS-WKR-000900,PAY-WKR-000872,LE-IE-SYNTH-001,ACTIVE,xwalk_v1.0.0
HRIS-WKR-000901,PAY-WKR-000873,LE-IE-SYNTH-001,ACTIVE,xwalk_v1.0.0
HRIS-WKR-000902,PAY-WKR-000874,LE-IE-SYNTH-001,ACTIVE,xwalk_v1.0.0
HRIS-WKR-000903,PAY-WKR-000875,LE-IE-SYNTH-001,ACTIVE,xwalk_v1.0.0
HRIS-WKR-000904,PAY-WKR-000876,LE-IE-SYNTH-001,ACTIVE,xwalk_v1.0.0
HRIS-WKR-000905,PAY-WKR-000877,LE-IE-SYNTH-001,ACTIVE,xwalk_v1.0.0
HRIS-WKR-000906,PAY-WKR-000878,LE-IE-SYNTH-001,ACTIVE,xwalk_v1.0.0
HRIS-WKR-000907,PAY-WKR-000879,LE-IE-SYNTH-001,ACTIVE,xwalk_v1.0.0
HRIS-WKR-000908,PAY-WKR-000880,LE-IE-SYNTH-001,ACTIVE,xwalk_v1.0.0
HRIS-WKR-000909,PAY-WKR-000881,LE-IE-SYNTH-001,ACTIVE,xwalk_v1.0.0
HRIS-WKR-000910,PAY-WKR-000882,LE-IE-SYNTH-001,ACTIVE,xwalk_v1.0.0
HRIS-WKR-000911,PAY-WKR-000883,LE-IE-SYNTH-001,ACTIVE,xwalk_v1.0.0
HRIS-WKR-000912,PAY-WKR-000884,LE-IE-SYNTH-001,ACTIVE,xwalk_v1.0.0
HRIS-WKR-000913,PAY-WKR-000885,LE-IE-SYNTH-001,ACTIVE,xwalk_v1.0.0
HRIS-WKR-000914,PAY-WKR-000886,LE-IE-SYNTH-001,ACTIVE,xwalk_v1.0.0
HRIS-WKR-000915,PAY-WKR-000887,LE-IE-SYNTH-001,ACTIVE,xwalk_v1.0.0
HRIS-WKR-000916,PAY-WKR-000888,LE-IE-SYNTH-001,ACTIVE,xwalk_v1.0.0
HRIS-WKR-000917,PAY-WKR-000889,LE-IE-SYNTH-001,ACTIVE,xwalk_v1.0.0
HRIS-WKR-000918,PAY-WKR-000890,LE-IE-SYNTH-001,ACTIVE,xwalk_v1.0.0
HRIS-WKR-000919,,LE-IE-SYNTH-001,MISSING,xwalk_v1.0.0
HRIS-WKR-000920,PAY-WKR-000891,LE-IE-SYNTH-001,ACTIVE,xwalk_v1.0.0
HRIS-WKR-000921,PAY-WKR-000892,LE-IE-SYNTH-001,ACTIVE,xwalk_v1.0.0
HRIS-WKR-000922,PAY-WKR-000893,LE-IE-SYNTH-001,ACTIVE,xwalk_v1.0.0
HRIS-WKR-000923,PAY-WKR-000894,LE-IE-SYNTH-001,ACTIVE,xwalk_v1.0.0
HRIS-WKR-000924,PAY-WKR-000895,LE-IE-SYNTH-001,ACTIVE,xwalk_v1.0.0
HRIS-WKR-000925,PAY-WKR-000896,LE-IE-SYNTH-001,ACTIVE,xwalk_v1.0.0
HRIS-WKR-000926,PAY-WKR-000897,LE-IE-SYNTH-001,ACTIVE,xwalk_v1.0.0
HRIS-WKR-000927,,LE-IE-SYNTH-001,MISSING,xwalk_v1.0.0
HRIS-WKR-000928,PAY-WKR-000898,LE-IE-SYNTH-001,ACTIVE,xwalk_v1.0.0
HRIS-WKR-000929,PAY-WKR-000899,LE-IE-SYNTH-001,ACTIVE,xwalk_v1.0.0
HRIS-WKR-000930,PAY-WKR-000900,LE-IE-SYNTH-001,ACTIVE,xwalk_v1.0.0
HRIS-WKR-000931,PAY-WKR-000901,LE-IE-SYNTH-001,ACTIVE,xwalk_v1.0.0
HRIS-WKR-000932,PAY-WKR-000902,LE-IE-SYNTH-001,ACTIVE,xwalk_v1.0.0
HRIS-WKR-000933,PAY-WKR-000903,LE-IE-SYNTH-001,ACTIVE,xwalk_v1.0.0
HRIS-WKR-000934,PAY-WKR-000904,LE-IE-SYNTH-001,ACTIVE,xwalk_v1.0.0
HRIS-WKR-000935,PAY-WKR-000905,LE-IE-SYNTH-001,ACTIVE,xwalk_v1.0.0
HRIS-WKR-000936,PAY-WKR-000906,LE-IE-SYNTH-001,ACTIVE,xwalk_v1.0.0
HRIS-WKR-000937,PAY-WKR-000907,LE-IE-SYNTH-001,ACTIVE,xwalk_v1.0.0
HRIS-WKR-000938,PAY-WKR-000908,LE-IE-SYNTH-001,ACTIVE,xwalk_v1.0.0
HRIS-WKR-000939,PAY-WKR-000909,LE-IE-SYNTH-001,ACTIVE,xwalk_v1.0.0
HRIS-WKR-000940,PAY-WKR-000910,LE-IE-SYNTH-001,ACTIVE,xwalk_v1.0.0
HRIS-WKR-000941,PAY-WKR-000911,LE-IE-SYNTH-001,ACTIVE,xwalk_v1.0.0
HRIS-WKR-000942,PAY-WKR-000912,LE-IE-SYNTH-001,ACTIVE,xwalk_v1.0.0
HRIS-WKR-000943,PAY-WKR-000913,LE-IE-SYNTH-001,ACTIVE,xwalk_v1.0.0
HRIS-WKR-000944,PAY-WKR-000914,LE-IE-SYNTH-001,ACTIVE,xwalk_v1.0.0
HRIS-WKR-000945,PAY-WKR-000915,LE-IE-SYNTH-001,ACTIVE,xwalk_v1.0.0
HRIS-WKR-000946,,LE-IE-SYNTH-001,MISSING,xwalk_v1.0.0
HRIS-WKR-000947,PAY-WKR-000916,LE-IE-SYNTH-001,ACTIVE,xwalk_v1.0.0
HRIS-WKR-000948,PAY-WKR-000917,LE-IE-SYNTH-001,ACTIVE,xwalk_v1.0.0
HRIS-WKR-000949,PAY-WKR-000918,LE-IE-SYNTH-001,ACTIVE,xwalk_v1.0.0
HRIS-WKR-000950,PAY-WKR-000919,LE-IE-SYNTH-001,ACTIVE,xwalk_v1.0.0
HRIS-WKR-000951,PAY-WKR-000920,LE-IE-SYNTH-001,ACTIVE,xwalk_v1.0.0
HRIS-WKR-000952,PAY-WKR-000921,LE-IE-SYNTH-001,ACTIVE,xwalk_v1.0.0
HRIS-WKR-000953,PAY-WKR-000922,LE-IE-SYNTH-001,ACTIVE,xwalk_v1.0.0
HRIS-WKR-000954,PAY-WKR-000923,LE-IE-SYNTH-001,ACTIVE,xwalk_v1.0.0
HRIS-WKR-000955,PAY-WKR-000924,LE-IE-SYNTH-001,ACTIVE,xwalk_v1.0.0
HRIS-WKR-000956,PAY-WKR-000925,LE-IE-SYNTH-001,ACTIVE,xwalk_v1.0.0
HRIS-WKR-000957,PAY-WKR-000926,LE-IE-SYNTH-001,ACTIVE,xwalk_v1.0.0
HRIS-WKR-000958,PAY-WKR-000927,LE-IE-SYNTH-001,ACTIVE,xwalk_v1.0.0
HRIS-WKR-000959,PAY-WKR-000928,LE-IE-SYNTH-001,ACTIVE,xwalk_v1.0.0
HRIS-WKR-000960,PAY-WKR-000929,LE-IE-SYNTH-001,ACTIVE,xwalk_v1.0.0
HRIS-WKR-000961,PAY-WKR-000930,LE-IE-SYNTH-001,ACTIVE,xwalk_v1.0.0
HRIS-WKR-000962,PAY-WKR-000931,LE-IE-SYNTH-001,ACTIVE,xwalk_v1.0.0
HRIS-WKR-000963,PAY-WKR-000932,LE-IE-SYNTH-001,ACTIVE,xwalk_v1.0.0
HRIS-WKR-000964,PAY-WKR-000933,LE-IE-SYNTH-001,ACTIVE,xwalk_v1.0.0
HRIS-WKR-000965,PAY-WKR-000934,LE-IE-SYNTH-001,ACTIVE,xwalk_v1.0.0
HRIS-WKR-000966,PAY-WKR-000935,LE-IE-SYNTH-001,ACTIVE,xwalk_v1.0.0
HRIS-WKR-000967,PAY-WKR-000936,LE-IE-SYNTH-001,ACTIVE,xwalk_v1.0.0
HRIS-WKR-000968,PAY-WKR-000937,LE-IE-SYNTH-001,ACTIVE,xwalk_v1.0.0
HRIS-WKR-000969,PAY-WKR-000938,LE-IE-SYNTH-001,ACTIVE,xwalk_v1.0.0
HRIS-WKR-000970,PAY-WKR-000939,LE-IE-SYNTH-001,ACTIVE,xwalk_v1.0.0
HRIS-WKR-000971,PAY-WKR-000940,LE-IE-SYNTH-001,ACTIVE,xwalk_v1.0.0
HRIS-WKR-000972,PAY-WKR-000941,LE-IE-SYNTH-001,ACTIVE,xwalk_v1.0.0
HRIS-WKR-000973,PAY-WKR-000942,LE-IE-SYNTH-001,ACTIVE,xwalk_v1.0.0
HRIS-WKR-000974,PAY-WKR-000943,LE-IE-SYNTH-001,ACTIVE,xwalk_v1.0.0
HRIS-WKR-000975,PAY-WKR-000944,LE-IE-SYNTH-001,ACTIVE,xwalk_v1.0.0
HRIS-WKR-000976,PAY-WKR-000945,LE-IE-SYNTH-001,ACTIVE,xwalk_v1.0.0
HRIS-WKR-000977,PAY-WKR-000946,LE-IE-SYNTH-001,ACTIVE,xwalk_v1.0.0
HRIS-WKR-000978,PAY-WKR-000947,LE-IE-SYNTH-001,ACTIVE,xwalk_v1.0.0
HRIS-WKR-000979,PAY-WKR-000948,LE-IE-SYNTH-001,ACTIVE,xwalk_v1.0.0
HRIS-WKR-000980,PAY-WKR-000949,LE-IE-SYNTH-001,ACTIVE,xwalk_v1.0.0
HRIS-WKR-000981,PAY-WKR-000950,LE-IE-SYNTH-001,ACTIVE,xwalk_v1.0.0
HRIS-WKR-000982,PAY-WKR-000951,LE-IE-SYNTH-001,ACTIVE,xwalk_v1.0.0
HRIS-WKR-000983,PAY-WKR-000952,LE-IE-SYNTH-001,ACTIVE,xwalk_v1.0.0
HRIS-WKR-000984,PAY-WKR-000953,LE-IE-SYNTH-001,ACTIVE,xwalk_v1.0.0
HRIS-WKR-000985,PAY-WKR-000954,LE-IE-SYNTH-001,ACTIVE,xwalk_v1.0.0
HRIS-WKR-000986,PAY-WKR-000955,LE-IE-SYNTH-001,ACTIVE,xwalk_v1.0.0
HRIS-WKR-000987,PAY-WKR-000956,LE-IE-SYNTH-001,ACTIVE,xwalk_v1.0.0
HRIS-WKR-000988,PAY-WKR-000957,LE-IE-SYNTH-001,ACTIVE,xwalk_v1.0.0
HRIS-WKR-000989,PAY-WKR-000958,LE-IE-SYNTH-001,ACTIVE,xwalk_v1.0.0
HRIS-WKR-000990,PAY-WKR-000959,LE-IE-SYNTH-001,ACTIVE,xwalk_v1.0.0
HRIS-WKR-000991,PAY-WKR-000960,LE-IE-SYNTH-001,ACTIVE,xwalk_v1.0.0
HRIS-WKR-000992,PAY-WKR-000961,LE-IE-SYNTH-001,ACTIVE,xwalk_v1.0.0
HRIS-WKR-000993,PAY-WKR-000962,LE-IE-SYNTH-001,ACTIVE,xwalk_v1.0.0
HRIS-WKR-000994,PAY-WKR-000963,LE-IE-SYNTH-001,ACTIVE,xwalk_v1.0.0
HRIS-WKR-000995,PAY-WKR-000964,LE-IE-SYNTH-001,ACTIVE,xwalk_v1.0.0
HRIS-WKR-000996,PAY-WKR-000965,LE-IE-SYNTH-001,ACTIVE,xwalk_v1.0.0
HRIS-WKR-000997,PAY-WKR-000966,LE-IE-SYNTH-001,ACTIVE,xwalk_v1.0.0
HRIS-WKR-000998,PAY-WKR-000967,LE-IE-SYNTH-001,ACTIVE,xwalk_v1.0.0
HRIS-WKR-000999,PAY-WKR-000968,LE-IE-SYNTH-001,ACTIVE,xwalk_v1.0.0
HRIS-WKR-001000,PAY-WKR-000969,LE-IE-SYNTH-001,ACTIVE,xwalk_v1.0.0
HRIS-WKR-001001,PAY-WKR-000970,LE-IE-SYNTH-001,ACTIVE,xwalk_v1.0.0
HRIS-WKR-001002,PAY-WKR-000971,LE-IE-SYNTH-001,ACTIVE,xwalk_v1.0.0
HRIS-WKR-001003,PAY-WKR-000972,LE-IE-SYNTH-001,ACTIVE,xwalk_v1.0.0
HRIS-WKR-001004,PAY-WKR-000973,LE-IE-SYNTH-001,ACTIVE,xwalk_v1.0.0
HRIS-WKR-001005,PAY-WKR-000974,LE-IE-SYNTH-001,ACTIVE,xwalk_v1.0.0
HRIS-WKR-001006,PAY-WKR-000975,LE-IE-SYNTH-001,ACTIVE,xwalk_v1.0.0
HRIS-WKR-001007,PAY-WKR-000976,LE-IE-SYNTH-001,ACTIVE,xwalk_v1.0.0
HRIS-WKR-001008,PAY-WKR-000977,LE-IE-SYNTH-001,ACTIVE,xwalk_v1.0.0
HRIS-WKR-001009,PAY-WKR-000978,LE-IE-SYNTH-001,ACTIVE,xwalk_v1.0.0
HRIS-WKR-001010,PAY-WKR-000979,LE-IE-SYNTH-001,ACTIVE,xwalk_v1.0.0
HRIS-WKR-001011,PAY-WKR-000980,LE-IE-SYNTH-001,ACTIVE,xwalk_v1.0.0
HRIS-WKR-001012,PAY-WKR-000981,LE-IE-SYNTH-001,ACTIVE,xwalk_v1.0.0
HRIS-WKR-001013,PAY-WKR-000982,LE-IE-SYNTH-001,ACTIVE,xwalk_v1.0.0
HRIS-WKR-001014,PAY-WKR-000983,LE-IE-SYNTH-001,ACTIVE,xwalk_v1.0.0
HRIS-WKR-001015,PAY-WKR-000984,LE-IE-SYNTH-001,ACTIVE,xwalk_v1.0.0
HRIS-WKR-001016,PAY-WKR-000985,LE-IE-SYNTH-001,ACTIVE,xwalk_v1.0.0
HRIS-WKR-001017,PAY-WKR-000986,LE-IE-SYNTH-001,ACTIVE,xwalk_v1.0.0
HRIS-WKR-001018,PAY-WKR-000987,LE-IE-SYNTH-001,ACTIVE,xwalk_v1.0.0
HRIS-WKR-001019,PAY-WKR-000988,LE-IE-SYNTH-001,ACTIVE,xwalk_v1.0.0
HRIS-WKR-001020,PAY-WKR-000989,LE-IE-SYNTH-001,ACTIVE,xwalk_v1.0.0
HRIS-WKR-001021,PAY-WKR-000990,LE-IE-SYNTH-001,ACTIVE,xwalk_v1.0.0
HRIS-WKR-001022,PAY-WKR-000991,LE-IE-SYNTH-001,ACTIVE,xwalk_v1.0.0
HRIS-WKR-001023,PAY-WKR-000992,LE-IE-SYNTH-001,ACTIVE,xwalk_v1.0.0
HRIS-WKR-001024,PAY-WKR-000993,LE-IE-SYNTH-001,ACTIVE,xwalk_v1.0.0
HRIS-WKR-001025,PAY-WKR-000994,LE-IE-SYNTH-001,ACTIVE,xwalk_v1.0.0
HRIS-WKR-001026,PAY-WKR-000995,LE-IE-SYNTH-001,ACTIVE,xwalk_v1.0.0
HRIS-WKR-001027,PAY-WKR-000996,LE-IE-SYNTH-001,ACTIVE,xwalk_v1.0.0
HRIS-WKR-001028,PAY-WKR-000997,LE-IE-SYNTH-001,ACTIVE,xwalk_v1.0.0
HRIS-WKR-001029,PAY-WKR-000998,LE-IE-SYNTH-001,ACTIVE,xwalk_v1.0.0
HRIS-WKR-001030,PAY-WKR-000999,LE-IE-SYNTH-001,ACTIVE,xwalk_v1.0.0
HRIS-WKR-001031,PAY-WKR-001000,LE-IE-SYNTH-001,ACTIVE,xwalk_v1.0.0
HRIS-WKR-001032,PAY-WKR-001001,LE-IE-SYNTH-001,ACTIVE,xwalk_v1.0.0
HRIS-WKR-001033,PAY-WKR-001002,LE-IE-SYNTH-001,ACTIVE,xwalk_v1.0.0
HRIS-WKR-001034,PAY-WKR-001003,LE-IE-SYNTH-001,ACTIVE,xwalk_v1.0.0
HRIS-WKR-001035,PAY-WKR-001004,LE-IE-SYNTH-001,ACTIVE,xwalk_v1.0.0
HRIS-WKR-001036,PAY-WKR-001005,LE-IE-SYNTH-001,ACTIVE,xwalk_v1.0.0
HRIS-WKR-001037,PAY-WKR-001006,LE-IE-SYNTH-001,ACTIVE,xwalk_v1.0.0
HRIS-WKR-001038,PAY-WKR-001007,LE-IE-SYNTH-001,ACTIVE,xwalk_v1.0.0
HRIS-WKR-001039,,LE-IE-SYNTH-001,MISSING,xwalk_v1.0.0
HRIS-WKR-001040,PAY-WKR-001008,LE-IE-SYNTH-001,ACTIVE,xwalk_v1.0.0
HRIS-WKR-001041,PAY-WKR-001009,LE-IE-SYNTH-001,ACTIVE,xwalk_v1.0.0
HRIS-WKR-001042,PAY-WKR-001010,LE-IE-SYNTH-001,ACTIVE,xwalk_v1.0.0
HRIS-WKR-001043,PAY-WKR-001011,LE-IE-SYNTH-001,ACTIVE,xwalk_v1.0.0
HRIS-WKR-001044,PAY-WKR-001012,LE-IE-SYNTH-001,ACTIVE,xwalk_v1.0.0
HRIS-WKR-001045,PAY-WKR-001013,LE-IE-SYNTH-001,ACTIVE,xwalk_v1.0.0
HRIS-WKR-001046,PAY-WKR-001014,LE-IE-SYNTH-001,ACTIVE,xwalk_v1.0.0
HRIS-WKR-001047,PAY-WKR-001015,LE-IE-SYNTH-001,ACTIVE,xwalk_v1.0.0
HRIS-WKR-001048,PAY-WKR-001016,LE-IE-SYNTH-001,ACTIVE,xwalk_v1.0.0
HRIS-WKR-001049,PAY-WKR-001017,LE-IE-SYNTH-001,ACTIVE,xwalk_v1.0.0
HRIS-WKR-001050,PAY-WKR-001018,LE-IE-SYNTH-001,ACTIVE,xwalk_v1.0.0
HRIS-WKR-001051,PAY-WKR-001019,LE-IE-SYNTH-001,ACTIVE,xwalk_v1.0.0
HRIS-WKR-001052,PAY-WKR-001020,LE-IE-SYNTH-001,ACTIVE,xwalk_v1.0.0
HRIS-WKR-001053,PAY-WKR-001021,LE-IE-SYNTH-001,ACTIVE,xwalk_v1.0.0
HRIS-WKR-001054,PAY-WKR-001022,LE-IE-SYNTH-001,ACTIVE,xwalk_v1.0.0
HRIS-WKR-001055,PAY-WKR-001023,LE-IE-SYNTH-001,ACTIVE,xwalk_v1.0.0
HRIS-WKR-001056,PAY-WKR-001024,LE-IE-SYNTH-001,ACTIVE,xwalk_v1.0.0
HRIS-WKR-001057,PAY-WKR-001025,LE-IE-SYNTH-001,ACTIVE,xwalk_v1.0.0
HRIS-WKR-001058,,LE-IE-SYNTH-001,MISSING,xwalk_v1.0.0
HRIS-WKR-001059,PAY-WKR-001026,LE-IE-SYNTH-001,ACTIVE,xwalk_v1.0.0
HRIS-WKR-001060,PAY-WKR-001027,LE-IE-SYNTH-001,ACTIVE,xwalk_v1.0.0
HRIS-WKR-001061,PAY-WKR-001028,LE-IE-SYNTH-001,ACTIVE,xwalk_v1.0.0
HRIS-WKR-001062,PAY-WKR-001029,LE-IE-SYNTH-001,ACTIVE,xwalk_v1.0.0
HRIS-WKR-001063,PAY-WKR-001030,LE-IE-SYNTH-001,ACTIVE,xwalk_v1.0.0
HRIS-WKR-001064,PAY-WKR-001031,LE-IE-SYNTH-001,ACTIVE,xwalk_v1.0.0
HRIS-WKR-001065,PAY-WKR-001032,LE-IE-SYNTH-001,ACTIVE,xwalk_v1.0.0
HRIS-WKR-001066,PAY-WKR-001033,LE-IE-SYNTH-001,ACTIVE,xwalk_v1.0.0
HRIS-WKR-001067,PAY-WKR-001034,LE-IE-SYNTH-001,ACTIVE,xwalk_v1.0.0
HRIS-WKR-001068,PAY-WKR-001035,LE-IE-SYNTH-001,ACTIVE,xwalk_v1.0.0
HRIS-WKR-001069,PAY-WKR-001036,LE-IE-SYNTH-001,ACTIVE,xwalk_v1.0.0
HRIS-WKR-001070,PAY-WKR-001037,LE-IE-SYNTH-001,ACTIVE,xwalk_v1.0.0
HRIS-WKR-001071,PAY-WKR-001038,LE-IE-SYNTH-001,ACTIVE,xwalk_v1.0.0
HRIS-WKR-001072,PAY-WKR-001039,LE-IE-SYNTH-001,ACTIVE,xwalk_v1.0.0
HRIS-WKR-001073,PAY-WKR-001040,LE-IE-SYNTH-001,ACTIVE,xwalk_v1.0.0
HRIS-WKR-001074,PAY-WKR-001041,LE-IE-SYNTH-001,ACTIVE,xwalk_v1.0.0
HRIS-WKR-001075,PAY-WKR-001042,LE-IE-SYNTH-001,ACTIVE,xwalk_v1.0.0
HRIS-WKR-001076,PAY-WKR-001043,LE-IE-SYNTH-001,ACTIVE,xwalk_v1.0.0
HRIS-WKR-001077,PAY-WKR-001044,LE-IE-SYNTH-001,ACTIVE,xwalk_v1.0.0
HRIS-WKR-001078,PAY-WKR-001045,LE-IE-SYNTH-001,ACTIVE,xwalk_v1.0.0
HRIS-WKR-001079,PAY-WKR-001046,LE-IE-SYNTH-001,ACTIVE,xwalk_v1.0.0
HRIS-WKR-001080,PAY-WKR-001047,LE-IE-SYNTH-001,ACTIVE,xwalk_v1.0.0
HRIS-WKR-001081,PAY-WKR-001048,LE-IE-SYNTH-001,ACTIVE,xwalk_v1.0.0
HRIS-WKR-001082,PAY-WKR-001049,LE-IE-SYNTH-001,ACTIVE,xwalk_v1.0.0
HRIS-WKR-001083,PAY-WKR-001050,LE-IE-SYNTH-001,ACTIVE,xwalk_v1.0.0
HRIS-WKR-001084,PAY-WKR-001051,LE-IE-SYNTH-001,ACTIVE,xwalk_v1.0.0
HRIS-WKR-001085,PAY-WKR-001052,LE-IE-SYNTH-001,ACTIVE,xwalk_v1.0.0
HRIS-WKR-001086,PAY-WKR-001053,LE-IE-SYNTH-001,ACTIVE,xwalk_v1.0.0
HRIS-WKR-001087,PAY-WKR-001054,LE-IE-SYNTH-001,ACTIVE,xwalk_v1.0.0
HRIS-WKR-001088,PAY-WKR-001055,LE-IE-SYNTH-001,ACTIVE,xwalk_v1.0.0
HRIS-WKR-001089,PAY-WKR-001056,LE-IE-SYNTH-001,ACTIVE,xwalk_v1.0.0
HRIS-WKR-001090,PAY-WKR-001057,LE-IE-SYNTH-001,ACTIVE,xwalk_v1.0.0
HRIS-WKR-001091,PAY-WKR-001058,LE-IE-SYNTH-001,ACTIVE,xwalk_v1.0.0
HRIS-WKR-001092,PAY-WKR-001059,LE-IE-SYNTH-001,ACTIVE,xwalk_v1.0.0
HRIS-WKR-001093,PAY-WKR-001060,LE-IE-SYNTH-001,ACTIVE,xwalk_v1.0.0
HRIS-WKR-001094,PAY-WKR-001061,LE-IE-SYNTH-001,ACTIVE,xwalk_v1.0.0
HRIS-WKR-001095,,LE-IE-SYNTH-001,MISSING,xwalk_v1.0.0
HRIS-WKR-001096,PAY-WKR-001062,LE-IE-SYNTH-001,ACTIVE,xwalk_v1.0.0
HRIS-WKR-001097,PAY-WKR-001063,LE-IE-SYNTH-001,ACTIVE,xwalk_v1.0.0
HRIS-WKR-001098,PAY-WKR-001064,LE-IE-SYNTH-001,ACTIVE,xwalk_v1.0.0
HRIS-WKR-001099,PAY-WKR-001065,LE-IE-SYNTH-001,ACTIVE,xwalk_v1.0.0
HRIS-WKR-001100,PAY-WKR-001066,LE-IE-SYNTH-001,ACTIVE,xwalk_v1.0.0
HRIS-WKR-001101,PAY-WKR-001067,LE-IE-SYNTH-001,ACTIVE,xwalk_v1.0.0
HRIS-WKR-001102,PAY-WKR-001068,LE-IE-SYNTH-001,ACTIVE,xwalk_v1.0.0
HRIS-WKR-001103,PAY-WKR-001069,LE-IE-SYNTH-001,ACTIVE,xwalk_v1.0.0
HRIS-WKR-001104,PAY-WKR-001070,LE-IE-SYNTH-001,ACTIVE,xwalk_v1.0.0
HRIS-WKR-001105,PAY-WKR-001071,LE-IE-SYNTH-001,ACTIVE,xwalk_v1.0.0
HRIS-WKR-001106,PAY-WKR-001072,LE-IE-SYNTH-001,ACTIVE,xwalk_v1.0.0
HRIS-WKR-001107,PAY-WKR-001073,LE-IE-SYNTH-001,ACTIVE,xwalk_v1.0.0
HRIS-WKR-001108,PAY-WKR-001074,LE-IE-SYNTH-001,ACTIVE,xwalk_v1.0.0
HRIS-WKR-001109,PAY-WKR-001075,LE-IE-SYNTH-001,ACTIVE,xwalk_v1.0.0
HRIS-WKR-001110,PAY-WKR-001076,LE-IE-SYNTH-001,ACTIVE,xwalk_v1.0.0
HRIS-WKR-001111,PAY-WKR-001077,LE-IE-SYNTH-001,ACTIVE,xwalk_v1.0.0
HRIS-WKR-001112,PAY-WKR-001078,LE-IE-SYNTH-001,ACTIVE,xwalk_v1.0.0
HRIS-WKR-001113,PAY-WKR-001079,LE-IE-SYNTH-001,ACTIVE,xwalk_v1.0.0
HRIS-WKR-001114,PAY-WKR-001080,LE-IE-SYNTH-001,ACTIVE,xwalk_v1.0.0
HRIS-WKR-001115,PAY-WKR-001081,LE-IE-SYNTH-001,ACTIVE,xwalk_v1.0.0
HRIS-WKR-001116,PAY-WKR-001082,LE-IE-SYNTH-001,ACTIVE,xwalk_v1.0.0
HRIS-WKR-001117,PAY-WKR-001083,LE-IE-SYNTH-001,ACTIVE,xwalk_v1.0.0
HRIS-WKR-001118,PAY-WKR-001084,LE-IE-SYNTH-001,ACTIVE,xwalk_v1.0.0
HRIS-WKR-001119,PAY-WKR-001085,LE-IE-SYNTH-001,ACTIVE,xwalk_v1.0.0
HRIS-WKR-001120,PAY-WKR-001086,LE-IE-SYNTH-001,ACTIVE,xwalk_v1.0.0
HRIS-WKR-001121,PAY-WKR-001087,LE-IE-SYNTH-001,ACTIVE,xwalk_v1.0.0
HRIS-WKR-001122,PAY-WKR-001088,LE-IE-SYNTH-001,ACTIVE,xwalk_v1.0.0
HRIS-WKR-001123,PAY-WKR-001089,LE-IE-SYNTH-001,ACTIVE,xwalk_v1.0.0
HRIS-WKR-001124,PAY-WKR-001090,LE-IE-SYNTH-001,ACTIVE,xwalk_v1.0.0
HRIS-WKR-001125,PAY-WKR-001091,LE-IE-SYNTH-001,ACTIVE,xwalk_v1.0.0
HRIS-WKR-001126,PAY-WKR-001092,LE-IE-SYNTH-001,ACTIVE,xwalk_v1.0.0
HRIS-WKR-001127,PAY-WKR-001093,LE-IE-SYNTH-001,ACTIVE,xwalk_v1.0.0
HRIS-WKR-001128,PAY-WKR-001094,LE-IE-SYNTH-001,ACTIVE,xwalk_v1.0.0
HRIS-WKR-001129,PAY-WKR-001095,LE-IE-SYNTH-001,ACTIVE,xwalk_v1.0.0
HRIS-WKR-001130,PAY-WKR-001096,LE-IE-SYNTH-001,ACTIVE,xwalk_v1.0.0
HRIS-WKR-001131,PAY-WKR-001097,LE-IE-SYNTH-001,ACTIVE,xwalk_v1.0.0
HRIS-WKR-001132,PAY-WKR-001098,LE-IE-SYNTH-001,ACTIVE,xwalk_v1.0.0
HRIS-WKR-001133,PAY-WKR-001099,LE-IE-SYNTH-001,ACTIVE,xwalk_v1.0.0
HRIS-WKR-001134,PAY-WKR-001100,LE-IE-SYNTH-001,ACTIVE,xwalk_v1.0.0
HRIS-WKR-001135,PAY-WKR-001101,LE-IE-SYNTH-001,ACTIVE,xwalk_v1.0.0
HRIS-WKR-001136,PAY-WKR-001102,LE-IE-SYNTH-001,ACTIVE,xwalk_v1.0.0
HRIS-WKR-001137,PAY-WKR-001103,LE-IE-SYNTH-001,ACTIVE,xwalk_v1.0.0
HRIS-WKR-001138,PAY-WKR-001104,LE-IE-SYNTH-001,ACTIVE,xwalk_v1.0.0
HRIS-WKR-001139,PAY-WKR-001105,LE-IE-SYNTH-001,ACTIVE,xwalk_v1.0.0
HRIS-WKR-001140,PAY-WKR-001106,LE-IE-SYNTH-001,ACTIVE,xwalk_v1.0.0
HRIS-WKR-001141,PAY-WKR-001107,LE-IE-SYNTH-001,ACTIVE,xwalk_v1.0.0
HRIS-WKR-001142,PAY-WKR-001108,LE-IE-SYNTH-001,ACTIVE,xwalk_v1.0.0
HRIS-WKR-001143,PAY-WKR-001109,LE-IE-SYNTH-001,ACTIVE,xwalk_v1.0.0
HRIS-WKR-001144,PAY-WKR-001110,LE-IE-SYNTH-001,ACTIVE,xwalk_v1.0.0
HRIS-WKR-001145,PAY-WKR-001111,LE-IE-SYNTH-001,ACTIVE,xwalk_v1.0.0
HRIS-WKR-001146,PAY-WKR-001112,LE-IE-SYNTH-001,ACTIVE,xwalk_v1.0.0
HRIS-WKR-001147,PAY-WKR-001113,LE-IE-SYNTH-001,ACTIVE,xwalk_v1.0.0
HRIS-WKR-001148,PAY-WKR-001114,LE-IE-SYNTH-001,ACTIVE,xwalk_v1.0.0
HRIS-WKR-001149,PAY-WKR-001115,LE-IE-SYNTH-001,ACTIVE,xwalk_v1.0.0
HRIS-WKR-001150,PAY-WKR-001116,LE-IE-SYNTH-001,ACTIVE,xwalk_v1.0.0
HRIS-WKR-001151,PAY-WKR-001117,LE-IE-SYNTH-001,ACTIVE,xwalk_v1.0.0
HRIS-WKR-001152,PAY-WKR-001118,LE-IE-SYNTH-001,ACTIVE,xwalk_v1.0.0
HRIS-WKR-001153,PAY-WKR-001119,LE-IE-SYNTH-001,ACTIVE,xwalk_v1.0.0
HRIS-WKR-001154,PAY-WKR-001120,LE-IE-SYNTH-001,ACTIVE,xwalk_v1.0.0
HRIS-WKR-001155,PAY-WKR-001121,LE-IE-SYNTH-001,ACTIVE,xwalk_v1.0.0
HRIS-WKR-001156,PAY-WKR-001122,LE-IE-SYNTH-001,ACTIVE,xwalk_v1.0.0
HRIS-WKR-001157,PAY-WKR-001123,LE-IE-SYNTH-001,ACTIVE,xwalk_v1.0.0
HRIS-WKR-001158,PAY-WKR-001124,LE-IE-SYNTH-001,ACTIVE,xwalk_v1.0.0
HRIS-WKR-001159,PAY-WKR-001125,LE-IE-SYNTH-001,ACTIVE,xwalk_v1.0.0
HRIS-WKR-001160,PAY-WKR-001126,LE-IE-SYNTH-001,ACTIVE,xwalk_v1.0.0
HRIS-WKR-001161,PAY-WKR-001127,LE-IE-SYNTH-001,ACTIVE,xwalk_v1.0.0
HRIS-WKR-001162,PAY-WKR-001128,LE-IE-SYNTH-001,ACTIVE,xwalk_v1.0.0
HRIS-WKR-001163,PAY-WKR-001129,LE-IE-SYNTH-001,ACTIVE,xwalk_v1.0.0
HRIS-WKR-001164,PAY-WKR-001130,LE-IE-SYNTH-001,ACTIVE,xwalk_v1.0.0
HRIS-WKR-001165,PAY-WKR-001131,LE-IE-SYNTH-001,ACTIVE,xwalk_v1.0.0
HRIS-WKR-001166,PAY-WKR-001132,LE-IE-SYNTH-001,ACTIVE,xwalk_v1.0.0
HRIS-WKR-001167,PAY-WKR-001133,LE-IE-SYNTH-001,ACTIVE,xwalk_v1.0.0
HRIS-WKR-001168,PAY-WKR-001134,LE-IE-SYNTH-001,ACTIVE,xwalk_v1.0.0
HRIS-WKR-001169,PAY-WKR-001135,LE-IE-SYNTH-001,ACTIVE,xwalk_v1.0.0
HRIS-WKR-001170,PAY-WKR-001136,LE-IE-SYNTH-001,ACTIVE,xwalk_v1.0.0
HRIS-WKR-001171,PAY-WKR-001137,LE-IE-SYNTH-001,ACTIVE,xwalk_v1.0.0
HRIS-WKR-001172,PAY-WKR-001138,LE-IE-SYNTH-001,ACTIVE,xwalk_v1.0.0
HRIS-WKR-001173,PAY-WKR-001139,LE-IE-SYNTH-001,ACTIVE,xwalk_v1.0.0
HRIS-WKR-001174,PAY-WKR-001140,LE-IE-SYNTH-001,ACTIVE,xwalk_v1.0.0
HRIS-WKR-001175,PAY-WKR-001141,LE-IE-SYNTH-001,ACTIVE,xwalk_v1.0.0
HRIS-WKR-001176,PAY-WKR-001142,LE-IE-SYNTH-001,ACTIVE,xwalk_v1.0.0
HRIS-WKR-001177,PAY-WKR-001143,LE-IE-SYNTH-001,ACTIVE,xwalk_v1.0.0
HRIS-WKR-001178,PAY-WKR-001144,LE-IE-SYNTH-001,ACTIVE,xwalk_v1.0.0
HRIS-WKR-001179,PAY-WKR-001145,LE-IE-SYNTH-001,ACTIVE,xwalk_v1.0.0
HRIS-WKR-001180,PAY-WKR-001146,LE-IE-SYNTH-001,ACTIVE,xwalk_v1.0.0
HRIS-WKR-001181,PAY-WKR-001147,LE-IE-SYNTH-001,ACTIVE,xwalk_v1.0.0
HRIS-WKR-001182,PAY-WKR-001148,LE-IE-SYNTH-001,ACTIVE,xwalk_v1.0.0
HRIS-WKR-001183,PAY-WKR-001149,LE-IE-SYNTH-001,ACTIVE,xwalk_v1.0.0
HRIS-WKR-001184,PAY-WKR-001150,LE-IE-SYNTH-001,ACTIVE,xwalk_v1.0.0
HRIS-WKR-001185,PAY-WKR-001151,LE-IE-SYNTH-001,ACTIVE,xwalk_v1.0.0
HRIS-WKR-001186,PAY-WKR-001152,LE-IE-SYNTH-001,ACTIVE,xwalk_v1.0.0
HRIS-WKR-001187,PAY-WKR-001153,LE-IE-SYNTH-001,ACTIVE,xwalk_v1.0.0
HRIS-WKR-001188,PAY-WKR-001154,LE-IE-SYNTH-001,ACTIVE,xwalk_v1.0.0
HRIS-WKR-001189,PAY-WKR-001155,LE-IE-SYNTH-001,ACTIVE,xwalk_v1.0.0
HRIS-WKR-001190,PAY-WKR-001156,LE-IE-SYNTH-001,ACTIVE,xwalk_v1.0.0
HRIS-WKR-001191,PAY-WKR-001157,LE-IE-SYNTH-001,ACTIVE,xwalk_v1.0.0
HRIS-WKR-001192,,LE-IE-SYNTH-001,MISSING,xwalk_v1.0.0
HRIS-WKR-001193,PAY-WKR-001158,LE-IE-SYNTH-001,ACTIVE,xwalk_v1.0.0
HRIS-WKR-001194,PAY-WKR-001159,LE-IE-SYNTH-001,ACTIVE,xwalk_v1.0.0
HRIS-WKR-001195,PAY-WKR-001160,LE-IE-SYNTH-001,ACTIVE,xwalk_v1.0.0
HRIS-WKR-001196,PAY-WKR-001161,LE-IE-SYNTH-001,ACTIVE,xwalk_v1.0.0
HRIS-WKR-001197,PAY-WKR-001162,LE-IE-SYNTH-001,ACTIVE,xwalk_v1.0.0
HRIS-WKR-001198,PAY-WKR-001163,LE-IE-SYNTH-001,ACTIVE,xwalk_v1.0.0
HRIS-WKR-001199,PAY-WKR-001164,LE-IE-SYNTH-001,ACTIVE,xwalk_v1.0.0
HRIS-WKR-001200,PAY-WKR-001165,LE-IE-SYNTH-001,ACTIVE,xwalk_v1.0.0
HRIS-WKR-001201,PAY-WKR-001166,LE-IE-SYNTH-001,ACTIVE,xwalk_v1.0.0
HRIS-WKR-001202,PAY-WKR-001167,LE-IE-SYNTH-001,ACTIVE,xwalk_v1.0.0
HRIS-WKR-001203,PAY-WKR-001168,LE-IE-SYNTH-001,ACTIVE,xwalk_v1.0.0
HRIS-WKR-001204,PAY-WKR-001169,LE-IE-SYNTH-001,ACTIVE,xwalk_v1.0.0
HRIS-WKR-001205,,LE-IE-SYNTH-001,MISSING,xwalk_v1.0.0
HRIS-WKR-001206,PAY-WKR-001170,LE-IE-SYNTH-001,ACTIVE,xwalk_v1.0.0
HRIS-WKR-001207,PAY-WKR-001171,LE-IE-SYNTH-001,ACTIVE,xwalk_v1.0.0
HRIS-WKR-001208,PAY-WKR-001172,LE-IE-SYNTH-001,ACTIVE,xwalk_v1.0.0
HRIS-WKR-001209,PAY-WKR-001173,LE-IE-SYNTH-001,ACTIVE,xwalk_v1.0.0
HRIS-WKR-001210,PAY-WKR-001174,LE-IE-SYNTH-001,ACTIVE,xwalk_v1.0.0
HRIS-WKR-001211,PAY-WKR-001175,LE-IE-SYNTH-001,ACTIVE,xwalk_v1.0.0
HRIS-WKR-001212,PAY-WKR-001176,LE-IE-SYNTH-001,ACTIVE,xwalk_v1.0.0
HRIS-WKR-001213,PAY-WKR-001177,LE-IE-SYNTH-001,ACTIVE,xwalk_v1.0.0
HRIS-WKR-001214,PAY-WKR-001178,LE-IE-SYNTH-001,ACTIVE,xwalk_v1.0.0
HRIS-WKR-001215,PAY-WKR-001179,LE-IE-SYNTH-001,ACTIVE,xwalk_v1.0.0
HRIS-WKR-001216,PAY-WKR-001180,LE-IE-SYNTH-001,ACTIVE,xwalk_v1.0.0
HRIS-WKR-001217,PAY-WKR-001181,LE-IE-SYNTH-001,ACTIVE,xwalk_v1.0.0
HRIS-WKR-001218,PAY-WKR-001182,LE-IE-SYNTH-001,ACTIVE,xwalk_v1.0.0
HRIS-WKR-001219,PAY-WKR-001183,LE-IE-SYNTH-001,ACTIVE,xwalk_v1.0.0
HRIS-WKR-001220,PAY-WKR-001184,LE-IE-SYNTH-001,ACTIVE,xwalk_v1.0.0
HRIS-WKR-001221,PAY-WKR-001185,LE-IE-SYNTH-001,ACTIVE,xwalk_v1.0.0
HRIS-WKR-001222,PAY-WKR-001186,LE-IE-SYNTH-001,ACTIVE,xwalk_v1.0.0
HRIS-WKR-001223,PAY-WKR-001187,LE-IE-SYNTH-001,ACTIVE,xwalk_v1.0.0
HRIS-WKR-001224,PAY-WKR-001188,LE-IE-SYNTH-001,ACTIVE,xwalk_v1.0.0
HRIS-WKR-001225,PAY-WKR-001189,LE-IE-SYNTH-001,ACTIVE,xwalk_v1.0.0
HRIS-WKR-001226,PAY-WKR-001190,LE-IE-SYNTH-001,ACTIVE,xwalk_v1.0.0
HRIS-WKR-001227,PAY-WKR-001191,LE-IE-SYNTH-001,ACTIVE,xwalk_v1.0.0
HRIS-WKR-001228,PAY-WKR-001192,LE-IE-SYNTH-001,ACTIVE,xwalk_v1.0.0
HRIS-WKR-001229,PAY-WKR-001193,LE-IE-SYNTH-001,ACTIVE,xwalk_v1.0.0
HRIS-WKR-001230,PAY-WKR-001194,LE-IE-SYNTH-001,ACTIVE,xwalk_v1.0.0
HRIS-WKR-001231,PAY-WKR-001195,LE-IE-SYNTH-001,ACTIVE,xwalk_v1.0.0
HRIS-WKR-001232,PAY-WKR-001196,LE-IE-SYNTH-001,ACTIVE,xwalk_v1.0.0
HRIS-WKR-001233,PAY-WKR-001197,LE-IE-SYNTH-001,ACTIVE,xwalk_v1.0.0
HRIS-WKR-001234,PAY-WKR-001198,LE-IE-SYNTH-001,ACTIVE,xwalk_v1.0.0
HRIS-WKR-001235,PAY-WKR-001199,LE-IE-SYNTH-001,ACTIVE,xwalk_v1.0.0
HRIS-WKR-001236,PAY-WKR-001200,LE-IE-SYNTH-001,ACTIVE,xwalk_v1.0.0
HRIS-WKR-001237,PAY-WKR-001201,LE-IE-SYNTH-001,ACTIVE,xwalk_v1.0.0
HRIS-WKR-001238,PAY-WKR-001202,LE-IE-SYNTH-001,ACTIVE,xwalk_v1.0.0
HRIS-WKR-001239,PAY-WKR-001203,LE-IE-SYNTH-001,ACTIVE,xwalk_v1.0.0
HRIS-WKR-001240,PAY-WKR-001204,LE-IE-SYNTH-001,ACTIVE,xwalk_v1.0.0
HRIS-WKR-001241,PAY-WKR-001205,LE-IE-SYNTH-001,ACTIVE,xwalk_v1.0.0
HRIS-WKR-001242,PAY-WKR-001206,LE-IE-SYNTH-001,ACTIVE,xwalk_v1.0.0
HRIS-WKR-001243,PAY-WKR-001207,LE-IE-SYNTH-001,ACTIVE,xwalk_v1.0.0
HRIS-WKR-001244,PAY-WKR-001208,LE-IE-SYNTH-001,ACTIVE,xwalk_v1.0.0
HRIS-WKR-001245,PAY-WKR-001209,LE-IE-SYNTH-001,ACTIVE,xwalk_v1.0.0
HRIS-WKR-001246,,LE-IE-SYNTH-001,MISSING,xwalk_v1.0.0
HRIS-WKR-001247,PAY-WKR-001210,LE-IE-SYNTH-001,ACTIVE,xwalk_v1.0.0
HRIS-WKR-001248,PAY-WKR-001211,LE-IE-SYNTH-001,ACTIVE,xwalk_v1.0.0
HRIS-WKR-001249,PAY-WKR-001212,LE-IE-SYNTH-001,ACTIVE,xwalk_v1.0.0
HRIS-WKR-001250,PAY-WKR-001213,LE-IE-SYNTH-001,ACTIVE,xwalk_v1.0.0
HRIS-WKR-001251,PAY-WKR-001214,LE-IE-SYNTH-001,ACTIVE,xwalk_v1.0.0
HRIS-WKR-001252,PAY-WKR-001215,LE-IE-SYNTH-001,ACTIVE,xwalk_v1.0.0
HRIS-WKR-001253,PAY-WKR-001216,LE-IE-SYNTH-001,ACTIVE,xwalk_v1.0.0
HRIS-WKR-001254,PAY-WKR-001217,LE-IE-SYNTH-001,ACTIVE,xwalk_v1.0.0
HRIS-WKR-001255,PAY-WKR-001218,LE-IE-SYNTH-001,ACTIVE,xwalk_v1.0.0
HRIS-WKR-001256,PAY-WKR-001219,LE-IE-SYNTH-001,ACTIVE,xwalk_v1.0.0
HRIS-WKR-001257,PAY-WKR-001220,LE-IE-SYNTH-001,ACTIVE,xwalk_v1.0.0
HRIS-WKR-001258,PAY-WKR-001221,LE-IE-SYNTH-001,ACTIVE,xwalk_v1.0.0
HRIS-WKR-001259,PAY-WKR-001222,LE-IE-SYNTH-001,ACTIVE,xwalk_v1.0.0
HRIS-WKR-001260,PAY-WKR-001223,LE-IE-SYNTH-001,ACTIVE,xwalk_v1.0.0
HRIS-WKR-001261,PAY-WKR-001224,LE-IE-SYNTH-001,ACTIVE,xwalk_v1.0.0
HRIS-WKR-001262,PAY-WKR-001225,LE-IE-SYNTH-001,ACTIVE,xwalk_v1.0.0
HRIS-WKR-001263,PAY-WKR-001226,LE-IE-SYNTH-001,ACTIVE,xwalk_v1.0.0
HRIS-WKR-001264,PAY-WKR-001227,LE-IE-SYNTH-001,ACTIVE,xwalk_v1.0.0
HRIS-WKR-001265,PAY-WKR-001228,LE-IE-SYNTH-001,ACTIVE,xwalk_v1.0.0
HRIS-WKR-001266,PAY-WKR-001229,LE-IE-SYNTH-001,ACTIVE,xwalk_v1.0.0
HRIS-WKR-001267,PAY-WKR-001230,LE-IE-SYNTH-001,ACTIVE,xwalk_v1.0.0
HRIS-WKR-001268,PAY-WKR-001231,LE-IE-SYNTH-001,ACTIVE,xwalk_v1.0.0
HRIS-WKR-001269,PAY-WKR-001232,LE-IE-SYNTH-001,ACTIVE,xwalk_v1.0.0
HRIS-WKR-001270,PAY-WKR-001233,LE-IE-SYNTH-001,ACTIVE,xwalk_v1.0.0
HRIS-WKR-001271,PAY-WKR-001234,LE-IE-SYNTH-001,ACTIVE,xwalk_v1.0.0
HRIS-WKR-001272,PAY-WKR-001235,LE-IE-SYNTH-001,ACTIVE,xwalk_v1.0.0
HRIS-WKR-001273,PAY-WKR-001236,LE-IE-SYNTH-001,ACTIVE,xwalk_v1.0.0
HRIS-WKR-001274,PAY-WKR-001237,LE-IE-SYNTH-001,ACTIVE,xwalk_v1.0.0
HRIS-WKR-001275,PAY-WKR-001238,LE-IE-SYNTH-001,ACTIVE,xwalk_v1.0.0
HRIS-WKR-001276,PAY-WKR-001239,LE-IE-SYNTH-001,ACTIVE,xwalk_v1.0.0
HRIS-WKR-001277,PAY-WKR-001240,LE-IE-SYNTH-001,ACTIVE,xwalk_v1.0.0
HRIS-WKR-001278,PAY-WKR-001241,LE-IE-SYNTH-001,ACTIVE,xwalk_v1.0.0
HRIS-WKR-001279,PAY-WKR-001242,LE-IE-SYNTH-001,ACTIVE,xwalk_v1.0.0
HRIS-WKR-001280,PAY-WKR-001243,LE-IE-SYNTH-001,ACTIVE,xwalk_v1.0.0
HRIS-WKR-001281,PAY-WKR-001244,LE-IE-SYNTH-001,ACTIVE,xwalk_v1.0.0
HRIS-WKR-001282,PAY-WKR-001245,LE-IE-SYNTH-001,ACTIVE,xwalk_v1.0.0
HRIS-WKR-001283,PAY-WKR-001246,LE-IE-SYNTH-001,ACTIVE,xwalk_v1.0.0
HRIS-WKR-001284,PAY-WKR-001247,LE-IE-SYNTH-001,ACTIVE,xwalk_v1.0.0
HRIS-WKR-001285,PAY-WKR-001248,LE-IE-SYNTH-001,ACTIVE,xwalk_v1.0.0
HRIS-WKR-001286,PAY-WKR-001249,LE-IE-SYNTH-001,ACTIVE,xwalk_v1.0.0
HRIS-WKR-001287,PAY-WKR-001250,LE-IE-SYNTH-001,ACTIVE,xwalk_v1.0.0
HRIS-WKR-001288,PAY-WKR-001251,LE-IE-SYNTH-001,ACTIVE,xwalk_v1.0.0
HRIS-WKR-001289,PAY-WKR-001252,LE-IE-SYNTH-001,ACTIVE,xwalk_v1.0.0
HRIS-WKR-001290,PAY-WKR-001253,LE-IE-SYNTH-001,ACTIVE,xwalk_v1.0.0
HRIS-WKR-001291,PAY-WKR-001254,LE-IE-SYNTH-001,ACTIVE,xwalk_v1.0.0
HRIS-WKR-001292,PAY-WKR-001255,LE-IE-SYNTH-001,ACTIVE,xwalk_v1.0.0
HRIS-WKR-001293,PAY-WKR-001256,LE-IE-SYNTH-001,ACTIVE,xwalk_v1.0.0
HRIS-WKR-001294,PAY-WKR-001257,LE-IE-SYNTH-001,ACTIVE,xwalk_v1.0.0
HRIS-WKR-001295,PAY-WKR-001258,LE-IE-SYNTH-001,ACTIVE,xwalk_v1.0.0
HRIS-WKR-001296,PAY-WKR-001259,LE-IE-SYNTH-001,ACTIVE,xwalk_v1.0.0
HRIS-WKR-001297,PAY-WKR-001260,LE-IE-SYNTH-001,ACTIVE,xwalk_v1.0.0
HRIS-WKR-001298,PAY-WKR-001261,LE-IE-SYNTH-001,ACTIVE,xwalk_v1.0.0
HRIS-WKR-001299,PAY-WKR-001262,LE-IE-SYNTH-001,ACTIVE,xwalk_v1.0.0
HRIS-WKR-001300,PAY-WKR-001263,LE-IE-SYNTH-001,ACTIVE,xwalk_v1.0.0
HRIS-WKR-001301,PAY-WKR-001264,LE-IE-SYNTH-001,ACTIVE,xwalk_v1.0.0
HRIS-WKR-001302,PAY-WKR-001265,LE-IE-SYNTH-001,ACTIVE,xwalk_v1.0.0
HRIS-WKR-001303,PAY-WKR-001266,LE-IE-SYNTH-001,ACTIVE,xwalk_v1.0.0
HRIS-WKR-001304,PAY-WKR-001267,LE-IE-SYNTH-001,ACTIVE,xwalk_v1.0.0
HRIS-WKR-001305,PAY-WKR-001268,LE-IE-SYNTH-001,ACTIVE,xwalk_v1.0.0
HRIS-WKR-001306,PAY-WKR-001269,LE-IE-SYNTH-001,ACTIVE,xwalk_v1.0.0
HRIS-WKR-001307,PAY-WKR-001270,LE-IE-SYNTH-001,ACTIVE,xwalk_v1.0.0
HRIS-WKR-001308,PAY-WKR-001271,LE-IE-SYNTH-001,ACTIVE,xwalk_v1.0.0
HRIS-WKR-001309,PAY-WKR-001272,LE-IE-SYNTH-001,ACTIVE,xwalk_v1.0.0
HRIS-WKR-001310,PAY-WKR-001273,LE-IE-SYNTH-001,ACTIVE,xwalk_v1.0.0
HRIS-WKR-001311,PAY-WKR-001274,LE-IE-SYNTH-001,ACTIVE,xwalk_v1.0.0
HRIS-WKR-001312,PAY-WKR-001275,LE-IE-SYNTH-001,ACTIVE,xwalk_v1.0.0
HRIS-WKR-001313,PAY-WKR-001276,LE-IE-SYNTH-001,ACTIVE,xwalk_v1.0.0
HRIS-WKR-001314,PAY-WKR-001277,LE-IE-SYNTH-001,ACTIVE,xwalk_v1.0.0
HRIS-WKR-001315,PAY-WKR-001278,LE-IE-SYNTH-001,ACTIVE,xwalk_v1.0.0
HRIS-WKR-001316,PAY-WKR-001279,LE-IE-SYNTH-001,ACTIVE,xwalk_v1.0.0
HRIS-WKR-001317,PAY-WKR-001280,LE-IE-SYNTH-001,ACTIVE,xwalk_v1.0.0
HRIS-WKR-001318,PAY-WKR-001281,LE-IE-SYNTH-001,ACTIVE,xwalk_v1.0.0
HRIS-WKR-001319,PAY-WKR-001282,LE-IE-SYNTH-001,ACTIVE,xwalk_v1.0.0
HRIS-WKR-001320,PAY-WKR-001283,LE-IE-SYNTH-001,ACTIVE,xwalk_v1.0.0
HRIS-WKR-001321,PAY-WKR-001284,LE-IE-SYNTH-001,ACTIVE,xwalk_v1.0.0
HRIS-WKR-001322,PAY-WKR-001285,LE-IE-SYNTH-001,ACTIVE,xwalk_v1.0.0
HRIS-WKR-001323,PAY-WKR-001286,LE-IE-SYNTH-001,ACTIVE,xwalk_v1.0.0
HRIS-WKR-001324,PAY-WKR-001287,LE-IE-SYNTH-001,ACTIVE,xwalk_v1.0.0
HRIS-WKR-001325,PAY-WKR-001288,LE-IE-SYNTH-001,ACTIVE,xwalk_v1.0.0
HRIS-WKR-001326,PAY-WKR-001289,LE-IE-SYNTH-001,ACTIVE,xwalk_v1.0.0
HRIS-WKR-001327,PAY-WKR-001290,LE-IE-SYNTH-001,ACTIVE,xwalk_v1.0.0
HRIS-WKR-001328,PAY-WKR-001291,LE-IE-SYNTH-001,ACTIVE,xwalk_v1.0.0
HRIS-WKR-001329,PAY-WKR-001292,LE-IE-SYNTH-001,ACTIVE,xwalk_v1.0.0
HRIS-WKR-001330,PAY-WKR-001293,LE-IE-SYNTH-001,ACTIVE,xwalk_v1.0.0
HRIS-WKR-001331,PAY-WKR-001294,LE-IE-SYNTH-001,ACTIVE,xwalk_v1.0.0
HRIS-WKR-001332,PAY-WKR-001295,LE-IE-SYNTH-001,ACTIVE,xwalk_v1.0.0
HRIS-WKR-001333,PAY-WKR-001296,LE-IE-SYNTH-001,ACTIVE,xwalk_v1.0.0
HRIS-WKR-001334,PAY-WKR-001297,LE-IE-SYNTH-001,ACTIVE,xwalk_v1.0.0
HRIS-WKR-001335,PAY-WKR-001298,LE-IE-SYNTH-001,ACTIVE,xwalk_v1.0.0
HRIS-WKR-001336,PAY-WKR-001299,LE-IE-SYNTH-001,ACTIVE,xwalk_v1.0.0
HRIS-WKR-001337,PAY-WKR-001300,LE-IE-SYNTH-001,ACTIVE,xwalk_v1.0.0
HRIS-WKR-001338,PAY-WKR-001301,LE-IE-SYNTH-001,ACTIVE,xwalk_v1.0.0
HRIS-WKR-001339,PAY-WKR-001302,LE-IE-SYNTH-001,ACTIVE,xwalk_v1.0.0
HRIS-WKR-001340,PAY-WKR-001303,LE-IE-SYNTH-001,ACTIVE,xwalk_v1.0.0
HRIS-WKR-001341,PAY-WKR-001304,LE-IE-SYNTH-001,ACTIVE,xwalk_v1.0.0
HRIS-WKR-001342,PAY-WKR-001305,LE-IE-SYNTH-001,ACTIVE,xwalk_v1.0.0
HRIS-WKR-001343,PAY-WKR-001306,LE-IE-SYNTH-001,ACTIVE,xwalk_v1.0.0
HRIS-WKR-001344,PAY-WKR-001307,LE-IE-SYNTH-001,ACTIVE,xwalk_v1.0.0
HRIS-WKR-001345,,LE-IE-SYNTH-001,MISSING,xwalk_v1.0.0
HRIS-WKR-001346,PAY-WKR-001308,LE-IE-SYNTH-001,ACTIVE,xwalk_v1.0.0
HRIS-WKR-001347,PAY-WKR-001309,LE-IE-SYNTH-001,ACTIVE,xwalk_v1.0.0
HRIS-WKR-001348,PAY-WKR-001310,LE-IE-SYNTH-001,ACTIVE,xwalk_v1.0.0
HRIS-WKR-001349,PAY-WKR-001311,LE-IE-SYNTH-001,ACTIVE,xwalk_v1.0.0
HRIS-WKR-001350,PAY-WKR-001312,LE-IE-SYNTH-001,ACTIVE,xwalk_v1.0.0
HRIS-WKR-001351,PAY-WKR-001313,LE-IE-SYNTH-001,ACTIVE,xwalk_v1.0.0
HRIS-WKR-001352,PAY-WKR-001314,LE-IE-SYNTH-001,ACTIVE,xwalk_v1.0.0
HRIS-WKR-001353,PAY-WKR-001315,LE-IE-SYNTH-001,ACTIVE,xwalk_v1.0.0
HRIS-WKR-001354,PAY-WKR-001316,LE-IE-SYNTH-001,ACTIVE,xwalk_v1.0.0
HRIS-WKR-001355,PAY-WKR-001317,LE-IE-SYNTH-001,ACTIVE,xwalk_v1.0.0
HRIS-WKR-001356,PAY-WKR-001318,LE-IE-SYNTH-001,ACTIVE,xwalk_v1.0.0
HRIS-WKR-001357,,LE-IE-SYNTH-001,MISSING,xwalk_v1.0.0
HRIS-WKR-001358,PAY-WKR-001319,LE-IE-SYNTH-001,ACTIVE,xwalk_v1.0.0
HRIS-WKR-001359,PAY-WKR-001320,LE-IE-SYNTH-001,ACTIVE,xwalk_v1.0.0
HRIS-WKR-001360,PAY-WKR-001321,LE-IE-SYNTH-001,ACTIVE,xwalk_v1.0.0
HRIS-WKR-001361,PAY-WKR-001322,LE-IE-SYNTH-001,ACTIVE,xwalk_v1.0.0
HRIS-WKR-001362,PAY-WKR-001323,LE-IE-SYNTH-001,ACTIVE,xwalk_v1.0.0
HRIS-WKR-001363,PAY-WKR-001324,LE-IE-SYNTH-001,ACTIVE,xwalk_v1.0.0
HRIS-WKR-001364,PAY-WKR-001325,LE-IE-SYNTH-001,ACTIVE,xwalk_v1.0.0
HRIS-WKR-001365,PAY-WKR-001326,LE-IE-SYNTH-001,ACTIVE,xwalk_v1.0.0
HRIS-WKR-001366,PAY-WKR-001327,LE-IE-SYNTH-001,ACTIVE,xwalk_v1.0.0
HRIS-WKR-001367,PAY-WKR-001328,LE-IE-SYNTH-001,ACTIVE,xwalk_v1.0.0
HRIS-WKR-001368,PAY-WKR-001329,LE-IE-SYNTH-001,ACTIVE,xwalk_v1.0.0
HRIS-WKR-001369,PAY-WKR-001330,LE-IE-SYNTH-001,ACTIVE,xwalk_v1.0.0
HRIS-WKR-001370,PAY-WKR-001331,LE-IE-SYNTH-001,ACTIVE,xwalk_v1.0.0
HRIS-WKR-001371,PAY-WKR-001332,LE-IE-SYNTH-001,ACTIVE,xwalk_v1.0.0
HRIS-WKR-001372,PAY-WKR-001333,LE-IE-SYNTH-001,ACTIVE,xwalk_v1.0.0
HRIS-WKR-001373,PAY-WKR-001334,LE-IE-SYNTH-001,ACTIVE,xwalk_v1.0.0
HRIS-WKR-001374,PAY-WKR-001335,LE-IE-SYNTH-001,ACTIVE,xwalk_v1.0.0
HRIS-WKR-001375,PAY-WKR-001336,LE-IE-SYNTH-001,ACTIVE,xwalk_v1.0.0
HRIS-WKR-001376,PAY-WKR-001337,LE-IE-SYNTH-001,ACTIVE,xwalk_v1.0.0
HRIS-WKR-001377,PAY-WKR-001338,LE-IE-SYNTH-001,ACTIVE,xwalk_v1.0.0
HRIS-WKR-001378,PAY-WKR-001339,LE-IE-SYNTH-001,ACTIVE,xwalk_v1.0.0
HRIS-WKR-001379,PAY-WKR-001340,LE-IE-SYNTH-001,ACTIVE,xwalk_v1.0.0
HRIS-WKR-001380,PAY-WKR-001341,LE-IE-SYNTH-001,ACTIVE,xwalk_v1.0.0
HRIS-WKR-001381,PAY-WKR-001342,LE-IE-SYNTH-001,ACTIVE,xwalk_v1.0.0
HRIS-WKR-001382,PAY-WKR-001343,LE-IE-SYNTH-001,ACTIVE,xwalk_v1.0.0
HRIS-WKR-001383,PAY-WKR-001344,LE-IE-SYNTH-001,ACTIVE,xwalk_v1.0.0
HRIS-WKR-001384,PAY-WKR-001345,LE-IE-SYNTH-001,ACTIVE,xwalk_v1.0.0
HRIS-WKR-001385,PAY-WKR-001346,LE-IE-SYNTH-001,ACTIVE,xwalk_v1.0.0
HRIS-WKR-001386,PAY-WKR-001347,LE-IE-SYNTH-001,ACTIVE,xwalk_v1.0.0
HRIS-WKR-001387,PAY-WKR-001348,LE-IE-SYNTH-001,ACTIVE,xwalk_v1.0.0
HRIS-WKR-001388,PAY-WKR-001349,LE-IE-SYNTH-001,ACTIVE,xwalk_v1.0.0
HRIS-WKR-001389,PAY-WKR-001350,LE-IE-SYNTH-001,ACTIVE,xwalk_v1.0.0
HRIS-WKR-001390,PAY-WKR-001351,LE-IE-SYNTH-001,ACTIVE,xwalk_v1.0.0
HRIS-WKR-001391,PAY-WKR-001352,LE-IE-SYNTH-001,ACTIVE,xwalk_v1.0.0
HRIS-WKR-001392,PAY-WKR-001353,LE-IE-SYNTH-001,ACTIVE,xwalk_v1.0.0
HRIS-WKR-001393,PAY-WKR-001354,LE-IE-SYNTH-001,ACTIVE,xwalk_v1.0.0
HRIS-WKR-001394,,LE-IE-SYNTH-001,MISSING,xwalk_v1.0.0
HRIS-WKR-001395,,LE-IE-SYNTH-001,MISSING,xwalk_v1.0.0
HRIS-WKR-001396,,LE-IE-SYNTH-001,MISSING,xwalk_v1.0.0
HRIS-WKR-001397,PAY-WKR-001355,LE-IE-SYNTH-001,ACTIVE,xwalk_v1.0.0
HRIS-WKR-001398,PAY-WKR-001356,LE-IE-SYNTH-001,ACTIVE,xwalk_v1.0.0
HRIS-WKR-001399,PAY-WKR-001357,LE-IE-SYNTH-001,ACTIVE,xwalk_v1.0.0
HRIS-WKR-001400,PAY-WKR-001358,LE-IE-SYNTH-001,ACTIVE,xwalk_v1.0.0
HRIS-WKR-001401,PAY-WKR-001359,LE-IE-SYNTH-001,ACTIVE,xwalk_v1.0.0
HRIS-WKR-001402,PAY-WKR-001360,LE-IE-SYNTH-001,ACTIVE,xwalk_v1.0.0
HRIS-WKR-001403,PAY-WKR-001361,LE-IE-SYNTH-001,ACTIVE,xwalk_v1.0.0
HRIS-WKR-001404,PAY-WKR-001362,LE-IE-SYNTH-001,ACTIVE,xwalk_v1.0.0
HRIS-WKR-001405,PAY-WKR-001363,LE-IE-SYNTH-001,ACTIVE,xwalk_v1.0.0
HRIS-WKR-001406,PAY-WKR-001364,LE-IE-SYNTH-001,ACTIVE,xwalk_v1.0.0
HRIS-WKR-001407,PAY-WKR-001365,LE-IE-SYNTH-001,ACTIVE,xwalk_v1.0.0
HRIS-WKR-001408,PAY-WKR-001366,LE-IE-SYNTH-001,ACTIVE,xwalk_v1.0.0
HRIS-WKR-001409,PAY-WKR-001367,LE-IE-SYNTH-001,ACTIVE,xwalk_v1.0.0
HRIS-WKR-001410,PAY-WKR-001368,LE-IE-SYNTH-001,ACTIVE,xwalk_v1.0.0
HRIS-WKR-001411,PAY-WKR-001369,LE-IE-SYNTH-001,ACTIVE,xwalk_v1.0.0
HRIS-WKR-001412,PAY-WKR-001370,LE-IE-SYNTH-001,ACTIVE,xwalk_v1.0.0
HRIS-WKR-001413,PAY-WKR-001371,LE-IE-SYNTH-001,ACTIVE,xwalk_v1.0.0
HRIS-WKR-001414,PAY-WKR-001372,LE-IE-SYNTH-001,ACTIVE,xwalk_v1.0.0
HRIS-WKR-001415,PAY-WKR-001373,LE-IE-SYNTH-001,ACTIVE,xwalk_v1.0.0
HRIS-WKR-001416,PAY-WKR-001374,LE-IE-SYNTH-001,ACTIVE,xwalk_v1.0.0
HRIS-WKR-001417,PAY-WKR-001375,LE-IE-SYNTH-001,ACTIVE,xwalk_v1.0.0
HRIS-WKR-001418,PAY-WKR-001376,LE-IE-SYNTH-001,ACTIVE,xwalk_v1.0.0
HRIS-WKR-001419,PAY-WKR-001377,LE-IE-SYNTH-001,ACTIVE,xwalk_v1.0.0
HRIS-WKR-001420,PAY-WKR-001378,LE-IE-SYNTH-001,ACTIVE,xwalk_v1.0.0
HRIS-WKR-001421,PAY-WKR-001379,LE-IE-SYNTH-001,ACTIVE,xwalk_v1.0.0
HRIS-WKR-001422,PAY-WKR-001380,LE-IE-SYNTH-001,ACTIVE,xwalk_v1.0.0
HRIS-WKR-001423,PAY-WKR-001381,LE-IE-SYNTH-001,ACTIVE,xwalk_v1.0.0
HRIS-WKR-001424,PAY-WKR-001382,LE-IE-SYNTH-001,ACTIVE,xwalk_v1.0.0
HRIS-WKR-001425,PAY-WKR-001383,LE-IE-SYNTH-001,ACTIVE,xwalk_v1.0.0
HRIS-WKR-001426,PAY-WKR-001384,LE-IE-SYNTH-001,ACTIVE,xwalk_v1.0.0
HRIS-WKR-001427,PAY-WKR-001385,LE-IE-SYNTH-001,ACTIVE,xwalk_v1.0.0
HRIS-WKR-001428,PAY-WKR-001386,LE-IE-SYNTH-001,ACTIVE,xwalk_v1.0.0
HRIS-WKR-001429,PAY-WKR-001387,LE-IE-SYNTH-001,ACTIVE,xwalk_v1.0.0
HRIS-WKR-001430,PAY-WKR-001388,LE-IE-SYNTH-001,ACTIVE,xwalk_v1.0.0
HRIS-WKR-001431,PAY-WKR-001389,LE-IE-SYNTH-001,ACTIVE,xwalk_v1.0.0
HRIS-WKR-001432,PAY-WKR-001390,LE-IE-SYNTH-001,ACTIVE,xwalk_v1.0.0
HRIS-WKR-001433,PAY-WKR-001391,LE-IE-SYNTH-001,ACTIVE,xwalk_v1.0.0
HRIS-WKR-001434,PAY-WKR-001392,LE-IE-SYNTH-001,ACTIVE,xwalk_v1.0.0
HRIS-WKR-001435,PAY-WKR-001393,LE-IE-SYNTH-001,ACTIVE,xwalk_v1.0.0
HRIS-WKR-001436,PAY-WKR-001394,LE-IE-SYNTH-001,ACTIVE,xwalk_v1.0.0
HRIS-WKR-001437,PAY-WKR-001395,LE-IE-SYNTH-001,ACTIVE,xwalk_v1.0.0
HRIS-WKR-001438,PAY-WKR-001396,LE-IE-SYNTH-001,ACTIVE,xwalk_v1.0.0
HRIS-WKR-001439,PAY-WKR-001397,LE-IE-SYNTH-001,ACTIVE,xwalk_v1.0.0
HRIS-WKR-001440,PAY-WKR-001398,LE-IE-SYNTH-001,ACTIVE,xwalk_v1.0.0
HRIS-WKR-001441,PAY-WKR-001399,LE-IE-SYNTH-001,ACTIVE,xwalk_v1.0.0
HRIS-WKR-001442,PAY-WKR-001400,LE-IE-SYNTH-001,ACTIVE,xwalk_v1.0.0
HRIS-WKR-001443,PAY-WKR-001401,LE-IE-SYNTH-001,ACTIVE,xwalk_v1.0.0
HRIS-WKR-001444,PAY-WKR-001402,LE-IE-SYNTH-001,ACTIVE,xwalk_v1.0.0
HRIS-WKR-001445,PAY-WKR-001403,LE-IE-SYNTH-001,ACTIVE,xwalk_v1.0.0
HRIS-WKR-001446,PAY-WKR-001404,LE-IE-SYNTH-001,ACTIVE,xwalk_v1.0.0
HRIS-WKR-001447,PAY-WKR-001405,LE-IE-SYNTH-001,ACTIVE,xwalk_v1.0.0
HRIS-WKR-001448,PAY-WKR-001406,LE-IE-SYNTH-001,ACTIVE,xwalk_v1.0.0
HRIS-WKR-001449,PAY-WKR-001407,LE-IE-SYNTH-001,ACTIVE,xwalk_v1.0.0
HRIS-WKR-001450,PAY-WKR-001408,LE-IE-SYNTH-001,ACTIVE,xwalk_v1.0.0
HRIS-WKR-001451,PAY-WKR-001409,LE-IE-SYNTH-001,ACTIVE,xwalk_v1.0.0
HRIS-WKR-001452,PAY-WKR-001410,LE-IE-SYNTH-001,ACTIVE,xwalk_v1.0.0
HRIS-WKR-001453,PAY-WKR-001411,LE-IE-SYNTH-001,ACTIVE,xwalk_v1.0.0
HRIS-WKR-001454,PAY-WKR-001412,LE-IE-SYNTH-001,ACTIVE,xwalk_v1.0.0
HRIS-WKR-001455,PAY-WKR-001413,LE-IE-SYNTH-001,ACTIVE,xwalk_v1.0.0
HRIS-WKR-001456,PAY-WKR-001414,LE-IE-SYNTH-001,ACTIVE,xwalk_v1.0.0
HRIS-WKR-001457,PAY-WKR-001415,LE-IE-SYNTH-001,ACTIVE,xwalk_v1.0.0
HRIS-WKR-001458,PAY-WKR-001416,LE-IE-SYNTH-001,ACTIVE,xwalk_v1.0.0
HRIS-WKR-001459,PAY-WKR-001417,LE-IE-SYNTH-001,ACTIVE,xwalk_v1.0.0
HRIS-WKR-001460,PAY-WKR-001418,LE-IE-SYNTH-001,ACTIVE,xwalk_v1.0.0
HRIS-WKR-001461,PAY-WKR-001419,LE-IE-SYNTH-001,ACTIVE,xwalk_v1.0.0
HRIS-WKR-001462,PAY-WKR-001420,LE-IE-SYNTH-001,ACTIVE,xwalk_v1.0.0
HRIS-WKR-001463,PAY-WKR-001421,LE-IE-SYNTH-001,ACTIVE,xwalk_v1.0.0
HRIS-WKR-001464,PAY-WKR-001422,LE-IE-SYNTH-001,ACTIVE,xwalk_v1.0.0
HRIS-WKR-001465,PAY-WKR-001423,LE-IE-SYNTH-001,ACTIVE,xwalk_v1.0.0
HRIS-WKR-001466,PAY-WKR-001424,LE-IE-SYNTH-001,ACTIVE,xwalk_v1.0.0
HRIS-WKR-001467,PAY-WKR-001425,LE-IE-SYNTH-001,ACTIVE,xwalk_v1.0.0
HRIS-WKR-001468,PAY-WKR-001426,LE-IE-SYNTH-001,ACTIVE,xwalk_v1.0.0
HRIS-WKR-001469,PAY-WKR-001427,LE-IE-SYNTH-001,ACTIVE,xwalk_v1.0.0
HRIS-WKR-001470,PAY-WKR-001428,LE-IE-SYNTH-001,ACTIVE,xwalk_v1.0.0
HRIS-WKR-001471,PAY-WKR-001429,LE-IE-SYNTH-001,ACTIVE,xwalk_v1.0.0
HRIS-WKR-001472,PAY-WKR-001430,LE-IE-SYNTH-001,ACTIVE,xwalk_v1.0.0
HRIS-WKR-001473,PAY-WKR-001431,LE-IE-SYNTH-001,ACTIVE,xwalk_v1.0.0
HRIS-WKR-001474,PAY-WKR-001432,LE-IE-SYNTH-001,ACTIVE,xwalk_v1.0.0
HRIS-WKR-001475,PAY-WKR-001433,LE-IE-SYNTH-001,ACTIVE,xwalk_v1.0.0
HRIS-WKR-001476,PAY-WKR-001434,LE-IE-SYNTH-001,ACTIVE,xwalk_v1.0.0
HRIS-WKR-001477,PAY-WKR-001435,LE-IE-SYNTH-001,ACTIVE,xwalk_v1.0.0
HRIS-WKR-001478,PAY-WKR-001436,LE-IE-SYNTH-001,ACTIVE,xwalk_v1.0.0
HRIS-WKR-001479,PAY-WKR-001437,LE-IE-SYNTH-001,ACTIVE,xwalk_v1.0.0
HRIS-WKR-001480,PAY-WKR-001438,LE-IE-SYNTH-001,ACTIVE,xwalk_v1.0.0
HRIS-WKR-001481,PAY-WKR-001439,LE-IE-SYNTH-001,ACTIVE,xwalk_v1.0.0
HRIS-WKR-001482,PAY-WKR-001440,LE-IE-SYNTH-001,ACTIVE,xwalk_v1.0.0
HRIS-WKR-001483,PAY-WKR-001441,LE-IE-SYNTH-001,ACTIVE,xwalk_v1.0.0
HRIS-WKR-001484,PAY-WKR-001442,LE-IE-SYNTH-001,ACTIVE,xwalk_v1.0.0
HRIS-WKR-001485,PAY-WKR-001443,LE-IE-SYNTH-001,ACTIVE,xwalk_v1.0.0
HRIS-WKR-001486,PAY-WKR-001444,LE-IE-SYNTH-001,ACTIVE,xwalk_v1.0.0
HRIS-WKR-001487,PAY-WKR-001445,LE-IE-SYNTH-001,ACTIVE,xwalk_v1.0.0
HRIS-WKR-001488,PAY-WKR-001446,LE-IE-SYNTH-001,ACTIVE,xwalk_v1.0.0
HRIS-WKR-001489,PAY-WKR-001447,LE-IE-SYNTH-001,ACTIVE,xwalk_v1.0.0
HRIS-WKR-001490,PAY-WKR-001448,LE-IE-SYNTH-001,ACTIVE,xwalk_v1.0.0
HRIS-WKR-001491,PAY-WKR-001449,LE-IE-SYNTH-001,ACTIVE,xwalk_v1.0.0
HRIS-WKR-001492,PAY-WKR-001450,LE-IE-SYNTH-001,ACTIVE,xwalk_v1.0.0
HRIS-WKR-001493,PAY-WKR-001451,LE-IE-SYNTH-001,ACTIVE,xwalk_v1.0.0
HRIS-WKR-001494,PAY-WKR-001452,LE-IE-SYNTH-001,ACTIVE,xwalk_v1.0.0
HRIS-WKR-001495,PAY-WKR-001453,LE-IE-SYNTH-001,ACTIVE,xwalk_v1.0.0
HRIS-WKR-001496,PAY-WKR-001454,LE-IE-SYNTH-001,ACTIVE,xwalk_v1.0.0
HRIS-WKR-001497,PAY-WKR-001455,LE-IE-SYNTH-001,ACTIVE,xwalk_v1.0.0
HRIS-WKR-001498,PAY-WKR-001456,LE-IE-SYNTH-001,ACTIVE,xwalk_v1.0.0
HRIS-WKR-001499,PAY-WKR-001457,LE-IE-SYNTH-001,ACTIVE,xwalk_v1.0.0
HRIS-WKR-001500,PAY-WKR-001458,LE-IE-SYNTH-001,ACTIVE,xwalk_v1.0.0
HRIS-WKR-001501,PAY-WKR-001459,LE-IE-SYNTH-001,ACTIVE,xwalk_v1.0.0
HRIS-WKR-001502,PAY-WKR-001460,LE-IE-SYNTH-001,ACTIVE,xwalk_v1.0.0
HRIS-WKR-001503,PAY-WKR-001461,LE-IE-SYNTH-001,ACTIVE,xwalk_v1.0.0
HRIS-WKR-001504,PAY-WKR-001462,LE-IE-SYNTH-001,ACTIVE,xwalk_v1.0.0
HRIS-WKR-001505,PAY-WKR-001463,LE-IE-SYNTH-001,ACTIVE,xwalk_v1.0.0
HRIS-WKR-001506,PAY-WKR-001464,LE-IE-SYNTH-001,ACTIVE,xwalk_v1.0.0
HRIS-WKR-001507,PAY-WKR-001465,LE-IE-SYNTH-001,ACTIVE,xwalk_v1.0.0
HRIS-WKR-001508,PAY-WKR-001466,LE-IE-SYNTH-001,ACTIVE,xwalk_v1.0.0
HRIS-WKR-001509,,LE-IE-SYNTH-001,MISSING,xwalk_v1.0.0
HRIS-WKR-001510,PAY-WKR-001467,LE-IE-SYNTH-001,ACTIVE,xwalk_v1.0.0
HRIS-WKR-001511,PAY-WKR-001468,LE-IE-SYNTH-001,ACTIVE,xwalk_v1.0.0
HRIS-WKR-001512,PAY-WKR-001469,LE-IE-SYNTH-001,ACTIVE,xwalk_v1.0.0
HRIS-WKR-001513,PAY-WKR-001470,LE-IE-SYNTH-001,ACTIVE,xwalk_v1.0.0
HRIS-WKR-001514,PAY-WKR-001471,LE-IE-SYNTH-001,ACTIVE,xwalk_v1.0.0
HRIS-WKR-001515,PAY-WKR-001472,LE-IE-SYNTH-001,ACTIVE,xwalk_v1.0.0
HRIS-WKR-001516,PAY-WKR-001473,LE-IE-SYNTH-001,ACTIVE,xwalk_v1.0.0
HRIS-WKR-001517,PAY-WKR-001474,LE-IE-SYNTH-001,ACTIVE,xwalk_v1.0.0
HRIS-WKR-001518,PAY-WKR-001475,LE-IE-SYNTH-001,ACTIVE,xwalk_v1.0.0
HRIS-WKR-001519,PAY-WKR-001476,LE-IE-SYNTH-001,ACTIVE,xwalk_v1.0.0
HRIS-WKR-001520,PAY-WKR-001477,LE-IE-SYNTH-001,ACTIVE,xwalk_v1.0.0
HRIS-WKR-001521,PAY-WKR-001478,LE-IE-SYNTH-001,ACTIVE,xwalk_v1.0.0
HRIS-WKR-001522,PAY-WKR-001479,LE-IE-SYNTH-001,ACTIVE,xwalk_v1.0.0
HRIS-WKR-001523,PAY-WKR-001480,LE-IE-SYNTH-001,ACTIVE,xwalk_v1.0.0
HRIS-WKR-001524,PAY-WKR-001481,LE-IE-SYNTH-001,ACTIVE,xwalk_v1.0.0
HRIS-WKR-001525,PAY-WKR-001482,LE-IE-SYNTH-001,ACTIVE,xwalk_v1.0.0
HRIS-WKR-001526,PAY-WKR-001483,LE-IE-SYNTH-001,ACTIVE,xwalk_v1.0.0
HRIS-WKR-001527,PAY-WKR-001484,LE-IE-SYNTH-001,ACTIVE,xwalk_v1.0.0
HRIS-WKR-001528,PAY-WKR-001485,LE-IE-SYNTH-001,ACTIVE,xwalk_v1.0.0
HRIS-WKR-001529,PAY-WKR-001486,LE-IE-SYNTH-001,ACTIVE,xwalk_v1.0.0
HRIS-WKR-001530,PAY-WKR-001487,LE-IE-SYNTH-001,ACTIVE,xwalk_v1.0.0
HRIS-WKR-001531,PAY-WKR-001488,LE-IE-SYNTH-001,ACTIVE,xwalk_v1.0.0
HRIS-WKR-001532,PAY-WKR-001489,LE-IE-SYNTH-001,ACTIVE,xwalk_v1.0.0
HRIS-WKR-001533,PAY-WKR-001490,LE-IE-SYNTH-001,ACTIVE,xwalk_v1.0.0
HRIS-WKR-001534,PAY-WKR-001491,LE-IE-SYNTH-001,ACTIVE,xwalk_v1.0.0
HRIS-WKR-001535,PAY-WKR-001492,LE-IE-SYNTH-001,ACTIVE,xwalk_v1.0.0
HRIS-WKR-001536,PAY-WKR-001493,LE-IE-SYNTH-001,ACTIVE,xwalk_v1.0.0
HRIS-WKR-001537,PAY-WKR-001494,LE-IE-SYNTH-001,ACTIVE,xwalk_v1.0.0
HRIS-WKR-001538,PAY-WKR-001495,LE-IE-SYNTH-001,ACTIVE,xwalk_v1.0.0
HRIS-WKR-001539,PAY-WKR-001496,LE-IE-SYNTH-001,ACTIVE,xwalk_v1.0.0
HRIS-WKR-001540,PAY-WKR-001497,LE-IE-SYNTH-001,ACTIVE,xwalk_v1.0.0
HRIS-WKR-001541,PAY-WKR-001498,LE-IE-SYNTH-001,ACTIVE,xwalk_v1.0.0
HRIS-WKR-001542,PAY-WKR-001499,LE-IE-SYNTH-001,ACTIVE,xwalk_v1.0.0
HRIS-WKR-001543,PAY-WKR-001500,LE-IE-SYNTH-001,ACTIVE,xwalk_v1.0.0
HRIS-WKR-001544,PAY-WKR-001501,LE-IE-SYNTH-001,ACTIVE,xwalk_v1.0.0
HRIS-WKR-001545,PAY-WKR-001502,LE-IE-SYNTH-001,ACTIVE,xwalk_v1.0.0
HRIS-WKR-001546,PAY-WKR-001503,LE-IE-SYNTH-001,ACTIVE,xwalk_v1.0.0
HRIS-WKR-001547,PAY-WKR-001504,LE-IE-SYNTH-001,ACTIVE,xwalk_v1.0.0
HRIS-WKR-001548,,LE-IE-SYNTH-001,MISSING,xwalk_v1.0.0
HRIS-WKR-001549,PAY-WKR-001505,LE-IE-SYNTH-001,ACTIVE,xwalk_v1.0.0
HRIS-WKR-001550,PAY-WKR-001506,LE-IE-SYNTH-001,ACTIVE,xwalk_v1.0.0
HRIS-WKR-001551,PAY-WKR-001507,LE-IE-SYNTH-001,ACTIVE,xwalk_v1.0.0
HRIS-WKR-001552,PAY-WKR-001508,LE-IE-SYNTH-001,ACTIVE,xwalk_v1.0.0
HRIS-WKR-001553,PAY-WKR-001509,LE-IE-SYNTH-001,ACTIVE,xwalk_v1.0.0
HRIS-WKR-001554,PAY-WKR-001510,LE-IE-SYNTH-001,ACTIVE,xwalk_v1.0.0
HRIS-WKR-001555,PAY-WKR-001511,LE-IE-SYNTH-001,ACTIVE,xwalk_v1.0.0
HRIS-WKR-001556,PAY-WKR-001512,LE-IE-SYNTH-001,ACTIVE,xwalk_v1.0.0
HRIS-WKR-001557,PAY-WKR-001513,LE-IE-SYNTH-001,ACTIVE,xwalk_v1.0.0
HRIS-WKR-001558,PAY-WKR-001514,LE-IE-SYNTH-001,ACTIVE,xwalk_v1.0.0
HRIS-WKR-001559,PAY-WKR-001515,LE-IE-SYNTH-001,ACTIVE,xwalk_v1.0.0
HRIS-WKR-001560,PAY-WKR-001516,LE-IE-SYNTH-001,ACTIVE,xwalk_v1.0.0
HRIS-WKR-001561,PAY-WKR-001517,LE-IE-SYNTH-001,ACTIVE,xwalk_v1.0.0
HRIS-WKR-001562,PAY-WKR-001518,LE-IE-SYNTH-001,ACTIVE,xwalk_v1.0.0
HRIS-WKR-001563,PAY-WKR-001519,LE-IE-SYNTH-001,ACTIVE,xwalk_v1.0.0
HRIS-WKR-001564,PAY-WKR-001520,LE-IE-SYNTH-001,ACTIVE,xwalk_v1.0.0
HRIS-WKR-001565,PAY-WKR-001521,LE-IE-SYNTH-001,ACTIVE,xwalk_v1.0.0
HRIS-WKR-001566,PAY-WKR-001522,LE-IE-SYNTH-001,ACTIVE,xwalk_v1.0.0
HRIS-WKR-001567,PAY-WKR-001523,LE-IE-SYNTH-001,ACTIVE,xwalk_v1.0.0
HRIS-WKR-001568,PAY-WKR-001524,LE-IE-SYNTH-001,ACTIVE,xwalk_v1.0.0
HRIS-WKR-001569,PAY-WKR-001525,LE-IE-SYNTH-001,ACTIVE,xwalk_v1.0.0
HRIS-WKR-001570,PAY-WKR-001526,LE-IE-SYNTH-001,ACTIVE,xwalk_v1.0.0
HRIS-WKR-001571,PAY-WKR-001527,LE-IE-SYNTH-001,ACTIVE,xwalk_v1.0.0
HRIS-WKR-001572,PAY-WKR-001528,LE-IE-SYNTH-001,ACTIVE,xwalk_v1.0.0
HRIS-WKR-001573,PAY-WKR-001529,LE-IE-SYNTH-001,ACTIVE,xwalk_v1.0.0
HRIS-WKR-001574,PAY-WKR-001530,LE-IE-SYNTH-001,ACTIVE,xwalk_v1.0.0
HRIS-WKR-001575,PAY-WKR-001531,LE-IE-SYNTH-001,ACTIVE,xwalk_v1.0.0
HRIS-WKR-001576,PAY-WKR-001532,LE-IE-SYNTH-001,ACTIVE,xwalk_v1.0.0
HRIS-WKR-001577,PAY-WKR-001533,LE-IE-SYNTH-001,ACTIVE,xwalk_v1.0.0
HRIS-WKR-001578,PAY-WKR-001534,LE-IE-SYNTH-001,ACTIVE,xwalk_v1.0.0
HRIS-WKR-001579,PAY-WKR-001535,LE-IE-SYNTH-001,ACTIVE,xwalk_v1.0.0
HRIS-WKR-001580,PAY-WKR-001536,LE-IE-SYNTH-001,ACTIVE,xwalk_v1.0.0
HRIS-WKR-001581,PAY-WKR-001537,LE-IE-SYNTH-001,ACTIVE,xwalk_v1.0.0
HRIS-WKR-001582,PAY-WKR-001538,LE-IE-SYNTH-001,ACTIVE,xwalk_v1.0.0
HRIS-WKR-001583,PAY-WKR-001539,LE-IE-SYNTH-001,ACTIVE,xwalk_v1.0.0
HRIS-WKR-001584,PAY-WKR-001540,LE-IE-SYNTH-001,ACTIVE,xwalk_v1.0.0
HRIS-WKR-001585,PAY-WKR-001541,LE-IE-SYNTH-001,ACTIVE,xwalk_v1.0.0
HRIS-WKR-001586,PAY-WKR-001542,LE-IE-SYNTH-001,ACTIVE,xwalk_v1.0.0
HRIS-WKR-001587,PAY-WKR-001543,LE-IE-SYNTH-001,ACTIVE,xwalk_v1.0.0
HRIS-WKR-001588,PAY-WKR-001544,LE-IE-SYNTH-001,ACTIVE,xwalk_v1.0.0
HRIS-WKR-001589,PAY-WKR-001545,LE-IE-SYNTH-001,ACTIVE,xwalk_v1.0.0
HRIS-WKR-001590,PAY-WKR-001546,LE-IE-SYNTH-001,ACTIVE,xwalk_v1.0.0
HRIS-WKR-001591,PAY-WKR-001547,LE-IE-SYNTH-001,ACTIVE,xwalk_v1.0.0
HRIS-WKR-001592,PAY-WKR-001548,LE-IE-SYNTH-001,ACTIVE,xwalk_v1.0.0
HRIS-WKR-001593,PAY-WKR-001549,LE-IE-SYNTH-001,ACTIVE,xwalk_v1.0.0
HRIS-WKR-001594,PAY-WKR-001550,LE-IE-SYNTH-001,ACTIVE,xwalk_v1.0.0
HRIS-WKR-001595,PAY-WKR-001551,LE-IE-SYNTH-001,ACTIVE,xwalk_v1.0.0
HRIS-WKR-001596,PAY-WKR-001552,LE-IE-SYNTH-001,ACTIVE,xwalk_v1.0.0
HRIS-WKR-001597,PAY-WKR-001553,LE-IE-SYNTH-001,ACTIVE,xwalk_v1.0.0
HRIS-WKR-001598,PAY-WKR-001554,LE-IE-SYNTH-001,ACTIVE,xwalk_v1.0.0
HRIS-WKR-001599,PAY-WKR-001555,LE-IE-SYNTH-001,ACTIVE,xwalk_v1.0.0
HRIS-WKR-001600,PAY-WKR-001556,LE-IE-SYNTH-001,ACTIVE,xwalk_v1.0.0
HRIS-WKR-001601,PAY-WKR-001557,LE-IE-SYNTH-001,ACTIVE,xwalk_v1.0.0
HRIS-WKR-001602,PAY-WKR-001558,LE-IE-SYNTH-001,ACTIVE,xwalk_v1.0.0
HRIS-WKR-001603,PAY-WKR-001559,LE-IE-SYNTH-001,ACTIVE,xwalk_v1.0.0
HRIS-WKR-001604,PAY-WKR-001560,LE-IE-SYNTH-001,ACTIVE,xwalk_v1.0.0
HRIS-WKR-001605,PAY-WKR-001561,LE-IE-SYNTH-001,ACTIVE,xwalk_v1.0.0
HRIS-WKR-001606,PAY-WKR-001562,LE-IE-SYNTH-001,ACTIVE,xwalk_v1.0.0
HRIS-WKR-001607,PAY-WKR-001563,LE-IE-SYNTH-001,ACTIVE,xwalk_v1.0.0
HRIS-WKR-001608,PAY-WKR-001564,LE-IE-SYNTH-001,ACTIVE,xwalk_v1.0.0
HRIS-WKR-001609,PAY-WKR-001565,LE-IE-SYNTH-001,ACTIVE,xwalk_v1.0.0
HRIS-WKR-001610,PAY-WKR-001566,LE-IE-SYNTH-001,ACTIVE,xwalk_v1.0.0
HRIS-WKR-001611,PAY-WKR-001567,LE-IE-SYNTH-001,ACTIVE,xwalk_v1.0.0
HRIS-WKR-001612,PAY-WKR-001568,LE-IE-SYNTH-001,ACTIVE,xwalk_v1.0.0
HRIS-WKR-001613,PAY-WKR-001569,LE-IE-SYNTH-001,ACTIVE,xwalk_v1.0.0
HRIS-WKR-001614,PAY-WKR-001570,LE-IE-SYNTH-001,ACTIVE,xwalk_v1.0.0
HRIS-WKR-001615,PAY-WKR-001571,LE-IE-SYNTH-001,ACTIVE,xwalk_v1.0.0
HRIS-WKR-001616,PAY-WKR-001572,LE-IE-SYNTH-001,ACTIVE,xwalk_v1.0.0
HRIS-WKR-001617,PAY-WKR-001573,LE-IE-SYNTH-001,ACTIVE,xwalk_v1.0.0
HRIS-WKR-001618,PAY-WKR-001574,LE-IE-SYNTH-001,ACTIVE,xwalk_v1.0.0
HRIS-WKR-001619,PAY-WKR-001575,LE-IE-SYNTH-001,ACTIVE,xwalk_v1.0.0
HRIS-WKR-001620,PAY-WKR-001576,LE-IE-SYNTH-001,ACTIVE,xwalk_v1.0.0
HRIS-WKR-001621,PAY-WKR-001577,LE-IE-SYNTH-001,ACTIVE,xwalk_v1.0.0
HRIS-WKR-001622,PAY-WKR-001578,LE-IE-SYNTH-001,ACTIVE,xwalk_v1.0.0
HRIS-WKR-001623,PAY-WKR-001579,LE-IE-SYNTH-001,ACTIVE,xwalk_v1.0.0
HRIS-WKR-001624,PAY-WKR-001580,LE-IE-SYNTH-001,ACTIVE,xwalk_v1.0.0
HRIS-WKR-001625,PAY-WKR-001581,LE-IE-SYNTH-001,ACTIVE,xwalk_v1.0.0
HRIS-WKR-001626,PAY-WKR-001582,LE-IE-SYNTH-001,ACTIVE,xwalk_v1.0.0
HRIS-WKR-001627,PAY-WKR-001583,LE-IE-SYNTH-001,ACTIVE,xwalk_v1.0.0
HRIS-WKR-001628,PAY-WKR-001584,LE-IE-SYNTH-001,ACTIVE,xwalk_v1.0.0
HRIS-WKR-001629,PAY-WKR-001585,LE-IE-SYNTH-001,ACTIVE,xwalk_v1.0.0
HRIS-WKR-001630,PAY-WKR-001586,LE-IE-SYNTH-001,ACTIVE,xwalk_v1.0.0
HRIS-WKR-001631,PAY-WKR-001587,LE-IE-SYNTH-001,ACTIVE,xwalk_v1.0.0
HRIS-WKR-001632,PAY-WKR-001588,LE-IE-SYNTH-001,ACTIVE,xwalk_v1.0.0
HRIS-WKR-001633,PAY-WKR-001589,LE-IE-SYNTH-001,ACTIVE,xwalk_v1.0.0
HRIS-WKR-001634,PAY-WKR-001590,LE-IE-SYNTH-001,ACTIVE,xwalk_v1.0.0
HRIS-WKR-001635,PAY-WKR-001591,LE-IE-SYNTH-001,ACTIVE,xwalk_v1.0.0
HRIS-WKR-001636,PAY-WKR-001592,LE-IE-SYNTH-001,ACTIVE,xwalk_v1.0.0
HRIS-WKR-001637,PAY-WKR-001593,LE-IE-SYNTH-001,ACTIVE,xwalk_v1.0.0
HRIS-WKR-001638,PAY-WKR-001594,LE-IE-SYNTH-001,ACTIVE,xwalk_v1.0.0
HRIS-WKR-001639,PAY-WKR-001595,LE-IE-SYNTH-001,ACTIVE,xwalk_v1.0.0
HRIS-WKR-001640,PAY-WKR-001596,LE-IE-SYNTH-001,ACTIVE,xwalk_v1.0.0
HRIS-WKR-001641,PAY-WKR-001597,LE-IE-SYNTH-001,ACTIVE,xwalk_v1.0.0
HRIS-WKR-001642,PAY-WKR-001598,LE-IE-SYNTH-001,ACTIVE,xwalk_v1.0.0
HRIS-WKR-001643,PAY-WKR-001599,LE-IE-SYNTH-001,ACTIVE,xwalk_v1.0.0
HRIS-WKR-001644,PAY-WKR-001600,LE-IE-SYNTH-001,ACTIVE,xwalk_v1.0.0
HRIS-WKR-001645,PAY-WKR-001601,LE-IE-SYNTH-001,ACTIVE,xwalk_v1.0.0
HRIS-WKR-001646,PAY-WKR-001602,LE-IE-SYNTH-001,ACTIVE,xwalk_v1.0.0
HRIS-WKR-001647,PAY-WKR-001603,LE-IE-SYNTH-001,ACTIVE,xwalk_v1.0.0
HRIS-WKR-001648,PAY-WKR-001604,LE-IE-SYNTH-001,ACTIVE,xwalk_v1.0.0
HRIS-WKR-001649,PAY-WKR-001605,LE-IE-SYNTH-001,ACTIVE,xwalk_v1.0.0
HRIS-WKR-001650,PAY-WKR-001606,LE-IE-SYNTH-001,ACTIVE,xwalk_v1.0.0
HRIS-WKR-001651,PAY-WKR-001607,LE-IE-SYNTH-001,ACTIVE,xwalk_v1.0.0
HRIS-WKR-001652,PAY-WKR-001608,LE-IE-SYNTH-001,ACTIVE,xwalk_v1.0.0
HRIS-WKR-001653,PAY-WKR-001609,LE-IE-SYNTH-001,ACTIVE,xwalk_v1.0.0
HRIS-WKR-001654,PAY-WKR-001610,LE-IE-SYNTH-001,ACTIVE,xwalk_v1.0.0
HRIS-WKR-001655,PAY-WKR-001611,LE-IE-SYNTH-001,ACTIVE,xwalk_v1.0.0
HRIS-WKR-001656,PAY-WKR-001612,LE-IE-SYNTH-001,ACTIVE,xwalk_v1.0.0
HRIS-WKR-001657,PAY-WKR-001613,LE-IE-SYNTH-001,ACTIVE,xwalk_v1.0.0
HRIS-WKR-001658,PAY-WKR-001614,LE-IE-SYNTH-001,ACTIVE,xwalk_v1.0.0
HRIS-WKR-001659,PAY-WKR-001615,LE-IE-SYNTH-001,ACTIVE,xwalk_v1.0.0
HRIS-WKR-001660,PAY-WKR-001616,LE-IE-SYNTH-001,ACTIVE,xwalk_v1.0.0
HRIS-WKR-001661,PAY-WKR-001617,LE-IE-SYNTH-001,ACTIVE,xwalk_v1.0.0
HRIS-WKR-001662,PAY-WKR-001618,LE-IE-SYNTH-001,ACTIVE,xwalk_v1.0.0
HRIS-WKR-001663,PAY-WKR-001619,LE-IE-SYNTH-001,ACTIVE,xwalk_v1.0.0
HRIS-WKR-001664,PAY-WKR-001620,LE-IE-SYNTH-001,ACTIVE,xwalk_v1.0.0
HRIS-WKR-001665,PAY-WKR-001621,LE-IE-SYNTH-001,ACTIVE,xwalk_v1.0.0
HRIS-WKR-001666,PAY-WKR-001622,LE-IE-SYNTH-001,ACTIVE,xwalk_v1.0.0
HRIS-WKR-001667,PAY-WKR-001623,LE-IE-SYNTH-001,ACTIVE,xwalk_v1.0.0
HRIS-WKR-001668,PAY-WKR-001624,LE-IE-SYNTH-001,ACTIVE,xwalk_v1.0.0
HRIS-WKR-001669,PAY-WKR-001625,LE-IE-SYNTH-001,ACTIVE,xwalk_v1.0.0
HRIS-WKR-001670,PAY-WKR-001626,LE-IE-SYNTH-001,ACTIVE,xwalk_v1.0.0
HRIS-WKR-001671,PAY-WKR-001627,LE-IE-SYNTH-001,ACTIVE,xwalk_v1.0.0
HRIS-WKR-001672,PAY-WKR-001628,LE-IE-SYNTH-001,ACTIVE,xwalk_v1.0.0
HRIS-WKR-001673,PAY-WKR-001629,LE-IE-SYNTH-001,ACTIVE,xwalk_v1.0.0
HRIS-WKR-001674,PAY-WKR-001630,LE-IE-SYNTH-001,ACTIVE,xwalk_v1.0.0
HRIS-WKR-001675,PAY-WKR-001631,LE-IE-SYNTH-001,ACTIVE,xwalk_v1.0.0
HRIS-WKR-001676,PAY-WKR-001632,LE-IE-SYNTH-001,ACTIVE,xwalk_v1.0.0
HRIS-WKR-001677,PAY-WKR-001633,LE-IE-SYNTH-001,ACTIVE,xwalk_v1.0.0
HRIS-WKR-001678,,LE-IE-SYNTH-001,MISSING,xwalk_v1.0.0
HRIS-WKR-001679,PAY-WKR-001634,LE-IE-SYNTH-001,ACTIVE,xwalk_v1.0.0
HRIS-WKR-001680,PAY-WKR-001635,LE-IE-SYNTH-001,ACTIVE,xwalk_v1.0.0
HRIS-WKR-001681,PAY-WKR-001636,LE-IE-SYNTH-001,ACTIVE,xwalk_v1.0.0
HRIS-WKR-001682,PAY-WKR-001637,LE-IE-SYNTH-001,ACTIVE,xwalk_v1.0.0
HRIS-WKR-001683,PAY-WKR-001638,LE-IE-SYNTH-001,ACTIVE,xwalk_v1.0.0
HRIS-WKR-001684,PAY-WKR-001639,LE-IE-SYNTH-001,ACTIVE,xwalk_v1.0.0
HRIS-WKR-001685,PAY-WKR-001640,LE-IE-SYNTH-001,ACTIVE,xwalk_v1.0.0
HRIS-WKR-001686,PAY-WKR-001641,LE-IE-SYNTH-001,ACTIVE,xwalk_v1.0.0
HRIS-WKR-001687,PAY-WKR-001642,LE-IE-SYNTH-001,ACTIVE,xwalk_v1.0.0
HRIS-WKR-001688,PAY-WKR-001643,LE-IE-SYNTH-001,ACTIVE,xwalk_v1.0.0
HRIS-WKR-001689,PAY-WKR-001644,LE-IE-SYNTH-001,ACTIVE,xwalk_v1.0.0
HRIS-WKR-001690,PAY-WKR-001645,LE-IE-SYNTH-001,ACTIVE,xwalk_v1.0.0
HRIS-WKR-001691,PAY-WKR-001646,LE-IE-SYNTH-001,ACTIVE,xwalk_v1.0.0
HRIS-WKR-001692,PAY-WKR-001647,LE-IE-SYNTH-001,ACTIVE,xwalk_v1.0.0
HRIS-WKR-001693,PAY-WKR-001648,LE-IE-SYNTH-001,ACTIVE,xwalk_v1.0.0
HRIS-WKR-001694,PAY-WKR-001649,LE-IE-SYNTH-001,ACTIVE,xwalk_v1.0.0
HRIS-WKR-001695,PAY-WKR-001650,LE-IE-SYNTH-001,ACTIVE,xwalk_v1.0.0
HRIS-WKR-001696,PAY-WKR-001651,LE-IE-SYNTH-001,ACTIVE,xwalk_v1.0.0
HRIS-WKR-001697,PAY-WKR-001652,LE-IE-SYNTH-001,ACTIVE,xwalk_v1.0.0
HRIS-WKR-001698,PAY-WKR-001653,LE-IE-SYNTH-001,ACTIVE,xwalk_v1.0.0
HRIS-WKR-001699,PAY-WKR-001654,LE-IE-SYNTH-001,ACTIVE,xwalk_v1.0.0
HRIS-WKR-001700,PAY-WKR-001655,LE-IE-SYNTH-001,ACTIVE,xwalk_v1.0.0
HRIS-WKR-001701,PAY-WKR-001656,LE-IE-SYNTH-001,ACTIVE,xwalk_v1.0.0
HRIS-WKR-001702,PAY-WKR-001657,LE-IE-SYNTH-001,ACTIVE,xwalk_v1.0.0
HRIS-WKR-001703,PAY-WKR-001658,LE-IE-SYNTH-001,ACTIVE,xwalk_v1.0.0
HRIS-WKR-001704,,LE-IE-SYNTH-001,MISSING,xwalk_v1.0.0
HRIS-WKR-001705,PAY-WKR-001659,LE-IE-SYNTH-001,ACTIVE,xwalk_v1.0.0
HRIS-WKR-001706,PAY-WKR-001660,LE-IE-SYNTH-001,ACTIVE,xwalk_v1.0.0
HRIS-WKR-001707,PAY-WKR-001661,LE-IE-SYNTH-001,ACTIVE,xwalk_v1.0.0
HRIS-WKR-001708,PAY-WKR-001662,LE-IE-SYNTH-001,ACTIVE,xwalk_v1.0.0
HRIS-WKR-001709,PAY-WKR-001663,LE-IE-SYNTH-001,ACTIVE,xwalk_v1.0.0
HRIS-WKR-001710,PAY-WKR-001664,LE-IE-SYNTH-001,ACTIVE,xwalk_v1.0.0
HRIS-WKR-001711,PAY-WKR-001665,LE-IE-SYNTH-001,ACTIVE,xwalk_v1.0.0
HRIS-WKR-001712,PAY-WKR-001666,LE-IE-SYNTH-001,ACTIVE,xwalk_v1.0.0
HRIS-WKR-001713,PAY-WKR-001667,LE-IE-SYNTH-001,ACTIVE,xwalk_v1.0.0
HRIS-WKR-001714,PAY-WKR-001668,LE-IE-SYNTH-001,ACTIVE,xwalk_v1.0.0
HRIS-WKR-001715,PAY-WKR-001669,LE-IE-SYNTH-001,ACTIVE,xwalk_v1.0.0
HRIS-WKR-001716,PAY-WKR-001670,LE-IE-SYNTH-001,ACTIVE,xwalk_v1.0.0
HRIS-WKR-001717,PAY-WKR-001671,LE-IE-SYNTH-001,ACTIVE,xwalk_v1.0.0
HRIS-WKR-001718,PAY-WKR-001672,LE-IE-SYNTH-001,ACTIVE,xwalk_v1.0.0
HRIS-WKR-001719,PAY-WKR-001673,LE-IE-SYNTH-001,ACTIVE,xwalk_v1.0.0
HRIS-WKR-001720,PAY-WKR-001674,LE-IE-SYNTH-001,ACTIVE,xwalk_v1.0.0
HRIS-WKR-001721,PAY-WKR-001675,LE-IE-SYNTH-001,ACTIVE,xwalk_v1.0.0
HRIS-WKR-001722,PAY-WKR-001676,LE-IE-SYNTH-001,ACTIVE,xwalk_v1.0.0
HRIS-WKR-001723,PAY-WKR-001677,LE-IE-SYNTH-001,ACTIVE,xwalk_v1.0.0
HRIS-WKR-001724,PAY-WKR-001678,LE-IE-SYNTH-001,ACTIVE,xwalk_v1.0.0
HRIS-WKR-001725,PAY-WKR-001679,LE-IE-SYNTH-001,ACTIVE,xwalk_v1.0.0
HRIS-WKR-001726,,LE-IE-SYNTH-001,MISSING,xwalk_v1.0.0
HRIS-WKR-001727,PAY-WKR-001680,LE-IE-SYNTH-001,ACTIVE,xwalk_v1.0.0
HRIS-WKR-001728,PAY-WKR-001681,LE-IE-SYNTH-001,ACTIVE,xwalk_v1.0.0
HRIS-WKR-001729,PAY-WKR-001682,LE-IE-SYNTH-001,ACTIVE,xwalk_v1.0.0
HRIS-WKR-001730,PAY-WKR-001683,LE-IE-SYNTH-001,ACTIVE,xwalk_v1.0.0
HRIS-WKR-001731,PAY-WKR-001684,LE-IE-SYNTH-001,ACTIVE,xwalk_v1.0.0
HRIS-WKR-001732,PAY-WKR-001685,LE-IE-SYNTH-001,ACTIVE,xwalk_v1.0.0
HRIS-WKR-001733,PAY-WKR-001686,LE-IE-SYNTH-001,ACTIVE,xwalk_v1.0.0
HRIS-WKR-001734,PAY-WKR-001687,LE-IE-SYNTH-001,ACTIVE,xwalk_v1.0.0
HRIS-WKR-001735,PAY-WKR-001688,LE-IE-SYNTH-001,ACTIVE,xwalk_v1.0.0
HRIS-WKR-001736,PAY-WKR-001689,LE-IE-SYNTH-001,ACTIVE,xwalk_v1.0.0
HRIS-WKR-001737,PAY-WKR-001690,LE-IE-SYNTH-001,ACTIVE,xwalk_v1.0.0
HRIS-WKR-001738,PAY-WKR-001691,LE-IE-SYNTH-001,ACTIVE,xwalk_v1.0.0
HRIS-WKR-001739,PAY-WKR-001692,LE-IE-SYNTH-001,ACTIVE,xwalk_v1.0.0
HRIS-WKR-001740,PAY-WKR-001693,LE-IE-SYNTH-001,ACTIVE,xwalk_v1.0.0
HRIS-WKR-001741,PAY-WKR-001694,LE-IE-SYNTH-001,ACTIVE,xwalk_v1.0.0
HRIS-WKR-001742,PAY-WKR-001695,LE-IE-SYNTH-001,ACTIVE,xwalk_v1.0.0
HRIS-WKR-001743,PAY-WKR-001696,LE-IE-SYNTH-001,ACTIVE,xwalk_v1.0.0
HRIS-WKR-001744,PAY-WKR-001697,LE-IE-SYNTH-001,ACTIVE,xwalk_v1.0.0
HRIS-WKR-001745,PAY-WKR-001698,LE-IE-SYNTH-001,ACTIVE,xwalk_v1.0.0
HRIS-WKR-001746,PAY-WKR-001699,LE-IE-SYNTH-001,ACTIVE,xwalk_v1.0.0
HRIS-WKR-001747,PAY-WKR-001700,LE-IE-SYNTH-001,ACTIVE,xwalk_v1.0.0
HRIS-WKR-001748,PAY-WKR-001701,LE-IE-SYNTH-001,ACTIVE,xwalk_v1.0.0
HRIS-WKR-001749,PAY-WKR-001702,LE-IE-SYNTH-001,ACTIVE,xwalk_v1.0.0
HRIS-WKR-001750,PAY-WKR-001703,LE-IE-SYNTH-001,ACTIVE,xwalk_v1.0.0
HRIS-WKR-001751,PAY-WKR-001704,LE-IE-SYNTH-001,ACTIVE,xwalk_v1.0.0
HRIS-WKR-001752,PAY-WKR-001705,LE-IE-SYNTH-001,ACTIVE,xwalk_v1.0.0
HRIS-WKR-001753,PAY-WKR-001706,LE-IE-SYNTH-001,ACTIVE,xwalk_v1.0.0
HRIS-WKR-001754,PAY-WKR-001707,LE-IE-SYNTH-001,ACTIVE,xwalk_v1.0.0
HRIS-WKR-001755,PAY-WKR-001708,LE-IE-SYNTH-001,ACTIVE,xwalk_v1.0.0
HRIS-WKR-001756,PAY-WKR-001709,LE-IE-SYNTH-001,ACTIVE,xwalk_v1.0.0
HRIS-WKR-001757,,LE-IE-SYNTH-001,MISSING,xwalk_v1.0.0
HRIS-WKR-001758,PAY-WKR-001710,LE-IE-SYNTH-001,ACTIVE,xwalk_v1.0.0
HRIS-WKR-001759,PAY-WKR-001711,LE-IE-SYNTH-001,ACTIVE,xwalk_v1.0.0
HRIS-WKR-001760,PAY-WKR-001712,LE-IE-SYNTH-001,ACTIVE,xwalk_v1.0.0
HRIS-WKR-001761,PAY-WKR-001713,LE-IE-SYNTH-001,ACTIVE,xwalk_v1.0.0
HRIS-WKR-001762,PAY-WKR-001714,LE-IE-SYNTH-001,ACTIVE,xwalk_v1.0.0
HRIS-WKR-001763,PAY-WKR-001715,LE-IE-SYNTH-001,ACTIVE,xwalk_v1.0.0
HRIS-WKR-001764,PAY-WKR-001716,LE-IE-SYNTH-001,ACTIVE,xwalk_v1.0.0
HRIS-WKR-001765,PAY-WKR-001717,LE-IE-SYNTH-001,ACTIVE,xwalk_v1.0.0
HRIS-WKR-001766,PAY-WKR-001718,LE-IE-SYNTH-001,ACTIVE,xwalk_v1.0.0
HRIS-WKR-001767,PAY-WKR-001719,LE-IE-SYNTH-001,ACTIVE,xwalk_v1.0.0
HRIS-WKR-001768,PAY-WKR-001720,LE-IE-SYNTH-001,ACTIVE,xwalk_v1.0.0
HRIS-WKR-001769,PAY-WKR-001721,LE-IE-SYNTH-001,ACTIVE,xwalk_v1.0.0
HRIS-WKR-001770,PAY-WKR-001722,LE-IE-SYNTH-001,ACTIVE,xwalk_v1.0.0
HRIS-WKR-001771,PAY-WKR-001723,LE-IE-SYNTH-001,ACTIVE,xwalk_v1.0.0
HRIS-WKR-001772,,LE-IE-SYNTH-001,MISSING,xwalk_v1.0.0
HRIS-WKR-001773,PAY-WKR-001724,LE-IE-SYNTH-001,ACTIVE,xwalk_v1.0.0
HRIS-WKR-001774,PAY-WKR-001725,LE-IE-SYNTH-001,ACTIVE,xwalk_v1.0.0
HRIS-WKR-001775,PAY-WKR-001726,LE-IE-SYNTH-001,ACTIVE,xwalk_v1.0.0
HRIS-WKR-001776,PAY-WKR-001727,LE-IE-SYNTH-001,ACTIVE,xwalk_v1.0.0
HRIS-WKR-001777,PAY-WKR-001728,LE-IE-SYNTH-001,ACTIVE,xwalk_v1.0.0
HRIS-WKR-001778,PAY-WKR-001729,LE-IE-SYNTH-001,ACTIVE,xwalk_v1.0.0
HRIS-WKR-001779,PAY-WKR-001730,LE-IE-SYNTH-001,ACTIVE,xwalk_v1.0.0
HRIS-WKR-001780,PAY-WKR-001731,LE-IE-SYNTH-001,ACTIVE,xwalk_v1.0.0
HRIS-WKR-001781,PAY-WKR-001732,LE-IE-SYNTH-001,ACTIVE,xwalk_v1.0.0
HRIS-WKR-001782,PAY-WKR-001733,LE-IE-SYNTH-001,ACTIVE,xwalk_v1.0.0
HRIS-WKR-001783,PAY-WKR-001734,LE-IE-SYNTH-001,ACTIVE,xwalk_v1.0.0
HRIS-WKR-001784,PAY-WKR-001735,LE-IE-SYNTH-001,ACTIVE,xwalk_v1.0.0
HRIS-WKR-001785,PAY-WKR-001736,LE-IE-SYNTH-001,ACTIVE,xwalk_v1.0.0
HRIS-WKR-001786,PAY-WKR-001737,LE-IE-SYNTH-001,ACTIVE,xwalk_v1.0.0
HRIS-WKR-001787,PAY-WKR-001738,LE-IE-SYNTH-001,ACTIVE,xwalk_v1.0.0
HRIS-WKR-001788,PAY-WKR-001739,LE-IE-SYNTH-001,ACTIVE,xwalk_v1.0.0
HRIS-WKR-001789,PAY-WKR-001740,LE-IE-SYNTH-001,ACTIVE,xwalk_v1.0.0
HRIS-WKR-001790,PAY-WKR-001741,LE-IE-SYNTH-001,ACTIVE,xwalk_v1.0.0
HRIS-WKR-001791,PAY-WKR-001742,LE-IE-SYNTH-001,ACTIVE,xwalk_v1.0.0
HRIS-WKR-001792,PAY-WKR-001743,LE-IE-SYNTH-001,ACTIVE,xwalk_v1.0.0
HRIS-WKR-001793,PAY-WKR-001744,LE-IE-SYNTH-001,ACTIVE,xwalk_v1.0.0
HRIS-WKR-001794,PAY-WKR-001745,LE-IE-SYNTH-001,ACTIVE,xwalk_v1.0.0
HRIS-WKR-001795,PAY-WKR-001746,LE-IE-SYNTH-001,ACTIVE,xwalk_v1.0.0
HRIS-WKR-001796,PAY-WKR-001747,LE-IE-SYNTH-001,ACTIVE,xwalk_v1.0.0
HRIS-WKR-001797,PAY-WKR-001748,LE-IE-SYNTH-001,ACTIVE,xwalk_v1.0.0
HRIS-WKR-001798,PAY-WKR-001749,LE-IE-SYNTH-001,ACTIVE,xwalk_v1.0.0
HRIS-WKR-001799,PAY-WKR-001750,LE-IE-SYNTH-001,ACTIVE,xwalk_v1.0.0
HRIS-WKR-001800,,LE-IE-SYNTH-001,MISSING,xwalk_v1.0.0
HRIS-WKR-001801,PAY-WKR-001751,LE-IE-SYNTH-001,ACTIVE,xwalk_v1.0.0
HRIS-WKR-001802,PAY-WKR-001752,LE-IE-SYNTH-001,ACTIVE,xwalk_v1.0.0
HRIS-WKR-001803,PAY-WKR-001753,LE-IE-SYNTH-001,ACTIVE,xwalk_v1.0.0
HRIS-WKR-001804,PAY-WKR-001754,LE-IE-SYNTH-001,ACTIVE,xwalk_v1.0.0
HRIS-WKR-001805,PAY-WKR-001755,LE-IE-SYNTH-001,ACTIVE,xwalk_v1.0.0
HRIS-WKR-001806,PAY-WKR-001756,LE-IE-SYNTH-001,ACTIVE,xwalk_v1.0.0
HRIS-WKR-001807,PAY-WKR-001757,LE-IE-SYNTH-001,ACTIVE,xwalk_v1.0.0
HRIS-WKR-001808,PAY-WKR-001758,LE-IE-SYNTH-001,ACTIVE,xwalk_v1.0.0
HRIS-WKR-001809,PAY-WKR-001759,LE-IE-SYNTH-001,ACTIVE,xwalk_v1.0.0
HRIS-WKR-001810,PAY-WKR-001760,LE-IE-SYNTH-001,ACTIVE,xwalk_v1.0.0
HRIS-WKR-001811,PAY-WKR-001761,LE-IE-SYNTH-001,ACTIVE,xwalk_v1.0.0
HRIS-WKR-001812,PAY-WKR-001762,LE-IE-SYNTH-001,ACTIVE,xwalk_v1.0.0
HRIS-WKR-001813,PAY-WKR-001763,LE-IE-SYNTH-001,ACTIVE,xwalk_v1.0.0
HRIS-WKR-001814,PAY-WKR-001764,LE-IE-SYNTH-001,ACTIVE,xwalk_v1.0.0
HRIS-WKR-001815,PAY-WKR-001765,LE-IE-SYNTH-001,ACTIVE,xwalk_v1.0.0
HRIS-WKR-001816,PAY-WKR-001766,LE-IE-SYNTH-001,ACTIVE,xwalk_v1.0.0
HRIS-WKR-001817,PAY-WKR-001767,LE-IE-SYNTH-001,ACTIVE,xwalk_v1.0.0
HRIS-WKR-001818,PAY-WKR-001768,LE-IE-SYNTH-001,ACTIVE,xwalk_v1.0.0
HRIS-WKR-001819,PAY-WKR-001769,LE-IE-SYNTH-001,ACTIVE,xwalk_v1.0.0
HRIS-WKR-001820,PAY-WKR-001770,LE-IE-SYNTH-001,ACTIVE,xwalk_v1.0.0
HRIS-WKR-001821,PAY-WKR-001771,LE-IE-SYNTH-001,ACTIVE,xwalk_v1.0.0
HRIS-WKR-001822,PAY-WKR-001772,LE-IE-SYNTH-001,ACTIVE,xwalk_v1.0.0
HRIS-WKR-001823,PAY-WKR-001773,LE-IE-SYNTH-001,ACTIVE,xwalk_v1.0.0
HRIS-WKR-001824,PAY-WKR-001774,LE-IE-SYNTH-001,ACTIVE,xwalk_v1.0.0
HRIS-WKR-001825,PAY-WKR-001775,LE-IE-SYNTH-001,ACTIVE,xwalk_v1.0.0
HRIS-WKR-001826,PAY-WKR-001776,LE-IE-SYNTH-001,ACTIVE,xwalk_v1.0.0
HRIS-WKR-001827,PAY-WKR-001777,LE-IE-SYNTH-001,ACTIVE,xwalk_v1.0.0
HRIS-WKR-001828,PAY-WKR-001778,LE-IE-SYNTH-001,ACTIVE,xwalk_v1.0.0
HRIS-WKR-001829,PAY-WKR-001779,LE-IE-SYNTH-001,ACTIVE,xwalk_v1.0.0
HRIS-WKR-001830,PAY-WKR-001780,LE-IE-SYNTH-001,ACTIVE,xwalk_v1.0.0
HRIS-WKR-001831,,LE-IE-SYNTH-001,MISSING,xwalk_v1.0.0
HRIS-WKR-001832,PAY-WKR-001781,LE-IE-SYNTH-001,ACTIVE,xwalk_v1.0.0
HRIS-WKR-001833,PAY-WKR-001782,LE-IE-SYNTH-001,ACTIVE,xwalk_v1.0.0
HRIS-WKR-001834,PAY-WKR-001783,LE-IE-SYNTH-001,ACTIVE,xwalk_v1.0.0
HRIS-WKR-001835,PAY-WKR-001784,LE-IE-SYNTH-001,ACTIVE,xwalk_v1.0.0
HRIS-WKR-001836,PAY-WKR-001785,LE-IE-SYNTH-001,ACTIVE,xwalk_v1.0.0
HRIS-WKR-001837,PAY-WKR-001786,LE-IE-SYNTH-001,ACTIVE,xwalk_v1.0.0
HRIS-WKR-001838,PAY-WKR-001787,LE-IE-SYNTH-001,ACTIVE,xwalk_v1.0.0
HRIS-WKR-001839,PAY-WKR-001788,LE-IE-SYNTH-001,ACTIVE,xwalk_v1.0.0
HRIS-WKR-001840,PAY-WKR-001789,LE-IE-SYNTH-001,ACTIVE,xwalk_v1.0.0
HRIS-WKR-001841,PAY-WKR-001790,LE-IE-SYNTH-001,ACTIVE,xwalk_v1.0.0
HRIS-WKR-001842,PAY-WKR-001791,LE-IE-SYNTH-001,ACTIVE,xwalk_v1.0.0
HRIS-WKR-001843,PAY-WKR-001792,LE-IE-SYNTH-001,ACTIVE,xwalk_v1.0.0
HRIS-WKR-001844,PAY-WKR-001793,LE-IE-SYNTH-001,ACTIVE,xwalk_v1.0.0
HRIS-WKR-001845,PAY-WKR-001794,LE-IE-SYNTH-001,ACTIVE,xwalk_v1.0.0
HRIS-WKR-001846,PAY-WKR-001795,LE-IE-SYNTH-001,ACTIVE,xwalk_v1.0.0
HRIS-WKR-001847,PAY-WKR-001796,LE-IE-SYNTH-001,ACTIVE,xwalk_v1.0.0
HRIS-WKR-001848,PAY-WKR-001797,LE-IE-SYNTH-001,ACTIVE,xwalk_v1.0.0
HRIS-WKR-001849,PAY-WKR-001798,LE-IE-SYNTH-001,ACTIVE,xwalk_v1.0.0
HRIS-WKR-001850,PAY-WKR-001799,LE-IE-SYNTH-001,ACTIVE,xwalk_v1.0.0
HRIS-WKR-001851,PAY-WKR-001800,LE-IE-SYNTH-001,ACTIVE,xwalk_v1.0.0
HRIS-WKR-001852,PAY-WKR-001801,LE-IE-SYNTH-001,ACTIVE,xwalk_v1.0.0
HRIS-WKR-001853,PAY-WKR-001802,LE-IE-SYNTH-001,ACTIVE,xwalk_v1.0.0
HRIS-WKR-001854,PAY-WKR-001803,LE-IE-SYNTH-001,ACTIVE,xwalk_v1.0.0
HRIS-WKR-001855,PAY-WKR-001804,LE-IE-SYNTH-001,ACTIVE,xwalk_v1.0.0
HRIS-WKR-001856,,LE-IE-SYNTH-001,MISSING,xwalk_v1.0.0
HRIS-WKR-001857,PAY-WKR-001805,LE-IE-SYNTH-001,ACTIVE,xwalk_v1.0.0
HRIS-WKR-001858,PAY-WKR-001806,LE-IE-SYNTH-001,ACTIVE,xwalk_v1.0.0
HRIS-WKR-001859,PAY-WKR-001807,LE-IE-SYNTH-001,ACTIVE,xwalk_v1.0.0
HRIS-WKR-001860,PAY-WKR-001808,LE-IE-SYNTH-001,ACTIVE,xwalk_v1.0.0
HRIS-WKR-001861,PAY-WKR-001809,LE-IE-SYNTH-001,ACTIVE,xwalk_v1.0.0
HRIS-WKR-001862,PAY-WKR-001810,LE-IE-SYNTH-001,ACTIVE,xwalk_v1.0.0
HRIS-WKR-001863,PAY-WKR-001811,LE-IE-SYNTH-001,ACTIVE,xwalk_v1.0.0
HRIS-WKR-001864,PAY-WKR-001812,LE-IE-SYNTH-001,ACTIVE,xwalk_v1.0.0
HRIS-WKR-001865,PAY-WKR-001813,LE-IE-SYNTH-001,ACTIVE,xwalk_v1.0.0
HRIS-WKR-001866,PAY-WKR-001814,LE-IE-SYNTH-001,ACTIVE,xwalk_v1.0.0
HRIS-WKR-001867,PAY-WKR-001815,LE-IE-SYNTH-001,ACTIVE,xwalk_v1.0.0
HRIS-WKR-001868,PAY-WKR-001816,LE-IE-SYNTH-001,ACTIVE,xwalk_v1.0.0
HRIS-WKR-001869,PAY-WKR-001817,LE-IE-SYNTH-001,ACTIVE,xwalk_v1.0.0
HRIS-WKR-001870,PAY-WKR-001818,LE-IE-SYNTH-001,ACTIVE,xwalk_v1.0.0
HRIS-WKR-001871,PAY-WKR-001819,LE-IE-SYNTH-001,ACTIVE,xwalk_v1.0.0
HRIS-WKR-001872,PAY-WKR-001820,LE-IE-SYNTH-001,ACTIVE,xwalk_v1.0.0
HRIS-WKR-001873,PAY-WKR-001821,LE-IE-SYNTH-001,ACTIVE,xwalk_v1.0.0
HRIS-WKR-001874,PAY-WKR-001822,LE-IE-SYNTH-001,ACTIVE,xwalk_v1.0.0
HRIS-WKR-001875,PAY-WKR-001823,LE-IE-SYNTH-001,ACTIVE,xwalk_v1.0.0
HRIS-WKR-001876,PAY-WKR-001824,LE-IE-SYNTH-001,ACTIVE,xwalk_v1.0.0
HRIS-WKR-001877,PAY-WKR-001825,LE-IE-SYNTH-001,ACTIVE,xwalk_v1.0.0
HRIS-WKR-001878,PAY-WKR-001826,LE-IE-SYNTH-001,ACTIVE,xwalk_v1.0.0
HRIS-WKR-001879,PAY-WKR-001827,LE-IE-SYNTH-001,ACTIVE,xwalk_v1.0.0
HRIS-WKR-001880,PAY-WKR-001828,LE-IE-SYNTH-001,ACTIVE,xwalk_v1.0.0
HRIS-WKR-001881,PAY-WKR-001829,LE-IE-SYNTH-001,ACTIVE,xwalk_v1.0.0
HRIS-WKR-001882,PAY-WKR-001830,LE-IE-SYNTH-001,ACTIVE,xwalk_v1.0.0
HRIS-WKR-001883,PAY-WKR-001831,LE-IE-SYNTH-001,ACTIVE,xwalk_v1.0.0
HRIS-WKR-001884,PAY-WKR-001832,LE-IE-SYNTH-001,ACTIVE,xwalk_v1.0.0
HRIS-WKR-001885,PAY-WKR-001833,LE-IE-SYNTH-001,ACTIVE,xwalk_v1.0.0
HRIS-WKR-001886,PAY-WKR-001834,LE-IE-SYNTH-001,ACTIVE,xwalk_v1.0.0
HRIS-WKR-001887,PAY-WKR-001835,LE-IE-SYNTH-001,ACTIVE,xwalk_v1.0.0
HRIS-WKR-001888,PAY-WKR-001836,LE-IE-SYNTH-001,ACTIVE,xwalk_v1.0.0
HRIS-WKR-001889,PAY-WKR-001837,LE-IE-SYNTH-001,ACTIVE,xwalk_v1.0.0
HRIS-WKR-001890,PAY-WKR-001838,LE-IE-SYNTH-001,ACTIVE,xwalk_v1.0.0
HRIS-WKR-001891,PAY-WKR-001839,LE-IE-SYNTH-001,ACTIVE,xwalk_v1.0.0
HRIS-WKR-001892,PAY-WKR-001840,LE-IE-SYNTH-001,ACTIVE,xwalk_v1.0.0
HRIS-WKR-001893,PAY-WKR-001841,LE-IE-SYNTH-001,ACTIVE,xwalk_v1.0.0
HRIS-WKR-001894,PAY-WKR-001842,LE-IE-SYNTH-001,ACTIVE,xwalk_v1.0.0
HRIS-WKR-001895,PAY-WKR-001843,LE-IE-SYNTH-001,ACTIVE,xwalk_v1.0.0
HRIS-WKR-001896,PAY-WKR-001844,LE-IE-SYNTH-001,ACTIVE,xwalk_v1.0.0
HRIS-WKR-001897,PAY-WKR-001845,LE-IE-SYNTH-001,ACTIVE,xwalk_v1.0.0
HRIS-WKR-001898,PAY-WKR-001846,LE-IE-SYNTH-001,ACTIVE,xwalk_v1.0.0
HRIS-WKR-001899,PAY-WKR-001847,LE-IE-SYNTH-001,ACTIVE,xwalk_v1.0.0
HRIS-WKR-001900,PAY-WKR-001848,LE-IE-SYNTH-001,ACTIVE,xwalk_v1.0.0
HRIS-WKR-001901,PAY-WKR-001849,LE-IE-SYNTH-001,ACTIVE,xwalk_v1.0.0
HRIS-WKR-001902,PAY-WKR-001850,LE-IE-SYNTH-001,ACTIVE,xwalk_v1.0.0
HRIS-WKR-001903,PAY-WKR-001851,LE-IE-SYNTH-001,ACTIVE,xwalk_v1.0.0
HRIS-WKR-001904,PAY-WKR-001852,LE-IE-SYNTH-001,ACTIVE,xwalk_v1.0.0
HRIS-WKR-001905,PAY-WKR-001853,LE-IE-SYNTH-001,ACTIVE,xwalk_v1.0.0
HRIS-WKR-001906,PAY-WKR-001854,LE-IE-SYNTH-001,ACTIVE,xwalk_v1.0.0
HRIS-WKR-001907,PAY-WKR-001855,LE-IE-SYNTH-001,ACTIVE,xwalk_v1.0.0
HRIS-WKR-001908,PAY-WKR-001856,LE-IE-SYNTH-001,ACTIVE,xwalk_v1.0.0
HRIS-WKR-001909,PAY-WKR-001857,LE-IE-SYNTH-001,ACTIVE,xwalk_v1.0.0
HRIS-WKR-001910,PAY-WKR-001858,LE-IE-SYNTH-001,ACTIVE,xwalk_v1.0.0
HRIS-WKR-001911,,LE-IE-SYNTH-001,MISSING,xwalk_v1.0.0
HRIS-WKR-001912,PAY-WKR-001859,LE-IE-SYNTH-001,ACTIVE,xwalk_v1.0.0
HRIS-WKR-001913,PAY-WKR-001860,LE-IE-SYNTH-001,ACTIVE,xwalk_v1.0.0
HRIS-WKR-001914,PAY-WKR-001861,LE-IE-SYNTH-001,ACTIVE,xwalk_v1.0.0
HRIS-WKR-001915,PAY-WKR-001862,LE-IE-SYNTH-001,ACTIVE,xwalk_v1.0.0
HRIS-WKR-001916,PAY-WKR-001863,LE-IE-SYNTH-001,ACTIVE,xwalk_v1.0.0
HRIS-WKR-001917,PAY-WKR-001864,LE-IE-SYNTH-001,ACTIVE,xwalk_v1.0.0
HRIS-WKR-001918,,LE-IE-SYNTH-001,MISSING,xwalk_v1.0.0
HRIS-WKR-001919,PAY-WKR-001865,LE-IE-SYNTH-001,ACTIVE,xwalk_v1.0.0
HRIS-WKR-001920,PAY-WKR-001866,LE-IE-SYNTH-001,ACTIVE,xwalk_v1.0.0
HRIS-WKR-001921,PAY-WKR-001867,LE-IE-SYNTH-001,ACTIVE,xwalk_v1.0.0
HRIS-WKR-001922,PAY-WKR-001868,LE-IE-SYNTH-001,ACTIVE,xwalk_v1.0.0
HRIS-WKR-001923,PAY-WKR-001869,LE-IE-SYNTH-001,ACTIVE,xwalk_v1.0.0
HRIS-WKR-001924,PAY-WKR-001870,LE-IE-SYNTH-001,ACTIVE,xwalk_v1.0.0
HRIS-WKR-001925,PAY-WKR-001871,LE-IE-SYNTH-001,ACTIVE,xwalk_v1.0.0
HRIS-WKR-001926,PAY-WKR-001872,LE-IE-SYNTH-001,ACTIVE,xwalk_v1.0.0
HRIS-WKR-001927,PAY-WKR-001873,LE-IE-SYNTH-001,ACTIVE,xwalk_v1.0.0
HRIS-WKR-001928,PAY-WKR-001874,LE-IE-SYNTH-001,ACTIVE,xwalk_v1.0.0
HRIS-WKR-001929,PAY-WKR-001875,LE-IE-SYNTH-001,ACTIVE,xwalk_v1.0.0
HRIS-WKR-001930,PAY-WKR-001876,LE-IE-SYNTH-001,ACTIVE,xwalk_v1.0.0
HRIS-WKR-001931,PAY-WKR-001877,LE-IE-SYNTH-001,ACTIVE,xwalk_v1.0.0
HRIS-WKR-001932,PAY-WKR-001878,LE-IE-SYNTH-001,ACTIVE,xwalk_v1.0.0
HRIS-WKR-001933,PAY-WKR-001879,LE-IE-SYNTH-001,ACTIVE,xwalk_v1.0.0
HRIS-WKR-001934,PAY-WKR-001880,LE-IE-SYNTH-001,ACTIVE,xwalk_v1.0.0
HRIS-WKR-001935,PAY-WKR-001881,LE-IE-SYNTH-001,ACTIVE,xwalk_v1.0.0
HRIS-WKR-001936,PAY-WKR-001882,LE-IE-SYNTH-001,ACTIVE,xwalk_v1.0.0
HRIS-WKR-001937,PAY-WKR-001883,LE-IE-SYNTH-001,ACTIVE,xwalk_v1.0.0
HRIS-WKR-001938,PAY-WKR-001884,LE-IE-SYNTH-001,ACTIVE,xwalk_v1.0.0
HRIS-WKR-001939,PAY-WKR-001885,LE-IE-SYNTH-001,ACTIVE,xwalk_v1.0.0
HRIS-WKR-001940,PAY-WKR-001886,LE-IE-SYNTH-001,ACTIVE,xwalk_v1.0.0
HRIS-WKR-001941,PAY-WKR-001887,LE-IE-SYNTH-001,ACTIVE,xwalk_v1.0.0
HRIS-WKR-001942,PAY-WKR-001888,LE-IE-SYNTH-001,ACTIVE,xwalk_v1.0.0
HRIS-WKR-001943,,LE-IE-SYNTH-001,MISSING,xwalk_v1.0.0
HRIS-WKR-001944,PAY-WKR-001889,LE-IE-SYNTH-001,ACTIVE,xwalk_v1.0.0
HRIS-WKR-001945,PAY-WKR-001890,LE-IE-SYNTH-001,ACTIVE,xwalk_v1.0.0
HRIS-WKR-001946,PAY-WKR-001891,LE-IE-SYNTH-001,ACTIVE,xwalk_v1.0.0
HRIS-WKR-001947,PAY-WKR-001892,LE-IE-SYNTH-001,ACTIVE,xwalk_v1.0.0
HRIS-WKR-001948,PAY-WKR-001893,LE-IE-SYNTH-001,ACTIVE,xwalk_v1.0.0
HRIS-WKR-001949,PAY-WKR-001894,LE-IE-SYNTH-001,ACTIVE,xwalk_v1.0.0
HRIS-WKR-001950,PAY-WKR-001895,LE-IE-SYNTH-001,ACTIVE,xwalk_v1.0.0
HRIS-WKR-001951,PAY-WKR-001896,LE-IE-SYNTH-001,ACTIVE,xwalk_v1.0.0
HRIS-WKR-001952,PAY-WKR-001897,LE-IE-SYNTH-001,ACTIVE,xwalk_v1.0.0
HRIS-WKR-001953,PAY-WKR-001898,LE-IE-SYNTH-001,ACTIVE,xwalk_v1.0.0
HRIS-WKR-001954,PAY-WKR-001899,LE-IE-SYNTH-001,ACTIVE,xwalk_v1.0.0
HRIS-WKR-001955,PAY-WKR-001900,LE-IE-SYNTH-001,ACTIVE,xwalk_v1.0.0
HRIS-WKR-001956,PAY-WKR-001901,LE-IE-SYNTH-001,ACTIVE,xwalk_v1.0.0
HRIS-WKR-001957,PAY-WKR-001902,LE-IE-SYNTH-001,ACTIVE,xwalk_v1.0.0
HRIS-WKR-001958,PAY-WKR-001903,LE-IE-SYNTH-001,ACTIVE,xwalk_v1.0.0
HRIS-WKR-001959,PAY-WKR-001904,LE-IE-SYNTH-001,ACTIVE,xwalk_v1.0.0
HRIS-WKR-001960,PAY-WKR-001905,LE-IE-SYNTH-001,ACTIVE,xwalk_v1.0.0
HRIS-WKR-001961,PAY-WKR-001906,LE-IE-SYNTH-001,ACTIVE,xwalk_v1.0.0
HRIS-WKR-001962,PAY-WKR-001907,LE-IE-SYNTH-001,ACTIVE,xwalk_v1.0.0
HRIS-WKR-001963,,LE-IE-SYNTH-001,MISSING,xwalk_v1.0.0
HRIS-WKR-001964,PAY-WKR-001908,LE-IE-SYNTH-001,ACTIVE,xwalk_v1.0.0
HRIS-WKR-001965,PAY-WKR-001909,LE-IE-SYNTH-001,ACTIVE,xwalk_v1.0.0
HRIS-WKR-001966,PAY-WKR-001910,LE-IE-SYNTH-001,ACTIVE,xwalk_v1.0.0
HRIS-WKR-001967,PAY-WKR-001911,LE-IE-SYNTH-001,ACTIVE,xwalk_v1.0.0
HRIS-WKR-001968,PAY-WKR-001912,LE-IE-SYNTH-001,ACTIVE,xwalk_v1.0.0
HRIS-WKR-001969,PAY-WKR-001913,LE-IE-SYNTH-001,ACTIVE,xwalk_v1.0.0
HRIS-WKR-001970,PAY-WKR-001914,LE-IE-SYNTH-001,ACTIVE,xwalk_v1.0.0
HRIS-WKR-001971,PAY-WKR-001915,LE-IE-SYNTH-001,ACTIVE,xwalk_v1.0.0
HRIS-WKR-001972,PAY-WKR-001916,LE-IE-SYNTH-001,ACTIVE,xwalk_v1.0.0
HRIS-WKR-001973,PAY-WKR-001917,LE-IE-SYNTH-001,ACTIVE,xwalk_v1.0.0
HRIS-WKR-001974,PAY-WKR-001918,LE-IE-SYNTH-001,ACTIVE,xwalk_v1.0.0
HRIS-WKR-001975,PAY-WKR-001919,LE-IE-SYNTH-001,ACTIVE,xwalk_v1.0.0
HRIS-WKR-001976,PAY-WKR-001920,LE-IE-SYNTH-001,ACTIVE,xwalk_v1.0.0
HRIS-WKR-001977,PAY-WKR-001921,LE-IE-SYNTH-001,ACTIVE,xwalk_v1.0.0
HRIS-WKR-001978,PAY-WKR-001922,LE-IE-SYNTH-001,ACTIVE,xwalk_v1.0.0
HRIS-WKR-001979,PAY-WKR-001923,LE-IE-SYNTH-001,ACTIVE,xwalk_v1.0.0
HRIS-WKR-001980,PAY-WKR-001924,LE-IE-SYNTH-001,ACTIVE,xwalk_v1.0.0
HRIS-WKR-001981,PAY-WKR-001925,LE-IE-SYNTH-001,ACTIVE,xwalk_v1.0.0
HRIS-WKR-001982,PAY-WKR-001926,LE-IE-SYNTH-001,ACTIVE,xwalk_v1.0.0
HRIS-WKR-001983,PAY-WKR-001927,LE-IE-SYNTH-001,ACTIVE,xwalk_v1.0.0
HRIS-WKR-001984,,LE-IE-SYNTH-001,MISSING,xwalk_v1.0.0
HRIS-WKR-001985,PAY-WKR-001928,LE-IE-SYNTH-001,ACTIVE,xwalk_v1.0.0
HRIS-WKR-001986,PAY-WKR-001929,LE-IE-SYNTH-001,ACTIVE,xwalk_v1.0.0
HRIS-WKR-001987,PAY-WKR-001930,LE-IE-SYNTH-001,ACTIVE,xwalk_v1.0.0
HRIS-WKR-001988,PAY-WKR-001931,LE-IE-SYNTH-001,ACTIVE,xwalk_v1.0.0
HRIS-WKR-001989,PAY-WKR-001932,LE-IE-SYNTH-001,ACTIVE,xwalk_v1.0.0
HRIS-WKR-001990,PAY-WKR-001933,LE-IE-SYNTH-001,ACTIVE,xwalk_v1.0.0
HRIS-WKR-001991,PAY-WKR-001934,LE-IE-SYNTH-001,ACTIVE,xwalk_v1.0.0
HRIS-WKR-001992,PAY-WKR-001935,LE-IE-SYNTH-001,ACTIVE,xwalk_v1.0.0
HRIS-WKR-001993,PAY-WKR-001936,LE-IE-SYNTH-001,ACTIVE,xwalk_v1.0.0
HRIS-WKR-001994,PAY-WKR-001937,LE-IE-SYNTH-001,ACTIVE,xwalk_v1.0.0
HRIS-WKR-001995,PAY-WKR-001938,LE-IE-SYNTH-001,ACTIVE,xwalk_v1.0.0
HRIS-WKR-001996,PAY-WKR-001939,LE-IE-SYNTH-001,ACTIVE,xwalk_v1.0.0
HRIS-WKR-001997,PAY-WKR-001940,LE-IE-SYNTH-001,ACTIVE,xwalk_v1.0.0
HRIS-WKR-001998,PAY-WKR-001941,LE-IE-SYNTH-001,ACTIVE,xwalk_v1.0.0
HRIS-WKR-001999,PAY-WKR-001942,LE-IE-SYNTH-001,ACTIVE,xwalk_v1.0.0
HRIS-WKR-002000,PAY-WKR-001943,LE-IE-SYNTH-001,ACTIVE,xwalk_v1.0.0
HRIS-WKR-002001,PAY-WKR-001944,LE-IE-SYNTH-001,ACTIVE,xwalk_v1.0.0
HRIS-WKR-002002,PAY-WKR-001945,LE-IE-SYNTH-001,ACTIVE,xwalk_v1.0.0
HRIS-WKR-002003,PAY-WKR-001946,LE-IE-SYNTH-001,ACTIVE,xwalk_v1.0.0
HRIS-WKR-002004,PAY-WKR-001947,LE-IE-SYNTH-001,ACTIVE,xwalk_v1.0.0
HRIS-WKR-002005,PAY-WKR-001948,LE-IE-SYNTH-001,ACTIVE,xwalk_v1.0.0
HRIS-WKR-002006,PAY-WKR-001949,LE-IE-SYNTH-001,ACTIVE,xwalk_v1.0.0
HRIS-WKR-002007,PAY-WKR-001950,LE-IE-SYNTH-001,ACTIVE,xwalk_v1.0.0
HRIS-WKR-002008,PAY-WKR-001951,LE-IE-SYNTH-001,ACTIVE,xwalk_v1.0.0
HRIS-WKR-002009,PAY-WKR-001952,LE-IE-SYNTH-001,ACTIVE,xwalk_v1.0.0
HRIS-WKR-002010,,LE-IE-SYNTH-001,MISSING,xwalk_v1.0.0
HRIS-WKR-002011,PAY-WKR-001953,LE-IE-SYNTH-001,ACTIVE,xwalk_v1.0.0
HRIS-WKR-002012,PAY-WKR-001954,LE-IE-SYNTH-001,ACTIVE,xwalk_v1.0.0
HRIS-WKR-002013,PAY-WKR-001955,LE-IE-SYNTH-001,ACTIVE,xwalk_v1.0.0
HRIS-WKR-002014,PAY-WKR-001956,LE-IE-SYNTH-001,ACTIVE,xwalk_v1.0.0
HRIS-WKR-002015,PAY-WKR-001957,LE-IE-SYNTH-001,ACTIVE,xwalk_v1.0.0
HRIS-WKR-002016,PAY-WKR-001958,LE-IE-SYNTH-001,ACTIVE,xwalk_v1.0.0
HRIS-WKR-002017,PAY-WKR-001959,LE-IE-SYNTH-001,ACTIVE,xwalk_v1.0.0
HRIS-WKR-002018,PAY-WKR-001960,LE-IE-SYNTH-001,ACTIVE,xwalk_v1.0.0
HRIS-WKR-002019,PAY-WKR-001961,LE-IE-SYNTH-001,ACTIVE,xwalk_v1.0.0
HRIS-WKR-002020,,LE-IE-SYNTH-001,MISSING,xwalk_v1.0.0
HRIS-WKR-002021,PAY-WKR-001962,LE-IE-SYNTH-001,ACTIVE,xwalk_v1.0.0
HRIS-WKR-002022,PAY-WKR-001963,LE-IE-SYNTH-001,ACTIVE,xwalk_v1.0.0
HRIS-WKR-002023,PAY-WKR-001964,LE-IE-SYNTH-001,ACTIVE,xwalk_v1.0.0
HRIS-WKR-002024,PAY-WKR-001965,LE-IE-SYNTH-001,ACTIVE,xwalk_v1.0.0
HRIS-WKR-002025,PAY-WKR-001966,LE-IE-SYNTH-001,ACTIVE,xwalk_v1.0.0
HRIS-WKR-002026,PAY-WKR-001967,LE-IE-SYNTH-001,ACTIVE,xwalk_v1.0.0
HRIS-WKR-002027,PAY-WKR-001968,LE-IE-SYNTH-001,ACTIVE,xwalk_v1.0.0
HRIS-WKR-002028,PAY-WKR-001969,LE-IE-SYNTH-001,ACTIVE,xwalk_v1.0.0
HRIS-WKR-002029,PAY-WKR-001970,LE-IE-SYNTH-001,ACTIVE,xwalk_v1.0.0
HRIS-WKR-002030,PAY-WKR-001971,LE-IE-SYNTH-001,ACTIVE,xwalk_v1.0.0
HRIS-WKR-002031,PAY-WKR-001972,LE-IE-SYNTH-001,ACTIVE,xwalk_v1.0.0
HRIS-WKR-002032,PAY-WKR-001973,LE-IE-SYNTH-001,ACTIVE,xwalk_v1.0.0
HRIS-WKR-002033,PAY-WKR-001974,LE-IE-SYNTH-001,ACTIVE,xwalk_v1.0.0
HRIS-WKR-002034,PAY-WKR-001975,LE-IE-SYNTH-001,ACTIVE,xwalk_v1.0.0
HRIS-WKR-002035,PAY-WKR-001976,LE-IE-SYNTH-001,ACTIVE,xwalk_v1.0.0
HRIS-WKR-002036,PAY-WKR-001977,LE-IE-SYNTH-001,ACTIVE,xwalk_v1.0.0
HRIS-WKR-002037,PAY-WKR-001978,LE-IE-SYNTH-001,ACTIVE,xwalk_v1.0.0
HRIS-WKR-002038,PAY-WKR-001979,LE-IE-SYNTH-001,ACTIVE,xwalk_v1.0.0
HRIS-WKR-002039,PAY-WKR-001980,LE-IE-SYNTH-001,ACTIVE,xwalk_v1.0.0
HRIS-WKR-002040,PAY-WKR-001981,LE-IE-SYNTH-001,ACTIVE,xwalk_v1.0.0
HRIS-WKR-002041,PAY-WKR-001982,LE-IE-SYNTH-001,ACTIVE,xwalk_v1.0.0
HRIS-WKR-002042,PAY-WKR-001983,LE-IE-SYNTH-001,ACTIVE,xwalk_v1.0.0
HRIS-WKR-002043,PAY-WKR-001984,LE-IE-SYNTH-001,ACTIVE,xwalk_v1.0.0
HRIS-WKR-002044,PAY-WKR-001985,LE-IE-SYNTH-001,ACTIVE,xwalk_v1.0.0
HRIS-WKR-002045,PAY-WKR-001986,LE-IE-SYNTH-001,ACTIVE,xwalk_v1.0.0
HRIS-WKR-002046,PAY-WKR-001987,LE-IE-SYNTH-001,ACTIVE,xwalk_v1.0.0
HRIS-WKR-002047,PAY-WKR-001988,LE-IE-SYNTH-001,ACTIVE,xwalk_v1.0.0
HRIS-WKR-002048,PAY-WKR-001989,LE-IE-SYNTH-001,ACTIVE,xwalk_v1.0.0
HRIS-WKR-002049,PAY-WKR-001990,LE-IE-SYNTH-001,ACTIVE,xwalk_v1.0.0
HRIS-WKR-002050,PAY-WKR-001991,LE-IE-SYNTH-001,ACTIVE,xwalk_v1.0.0
HRIS-WKR-002051,PAY-WKR-001992,LE-IE-SYNTH-001,ACTIVE,xwalk_v1.0.0
HRIS-WKR-002052,PAY-WKR-001993,LE-IE-SYNTH-001,ACTIVE,xwalk_v1.0.0
HRIS-WKR-002053,PAY-WKR-001994,LE-IE-SYNTH-001,ACTIVE,xwalk_v1.0.0
HRIS-WKR-002054,PAY-WKR-001995,LE-IE-SYNTH-001,ACTIVE,xwalk_v1.0.0
HRIS-WKR-002055,,LE-IE-SYNTH-001,MISSING,xwalk_v1.0.0
HRIS-WKR-002056,PAY-WKR-001996,LE-IE-SYNTH-001,ACTIVE,xwalk_v1.0.0
HRIS-WKR-002057,PAY-WKR-001997,LE-IE-SYNTH-001,ACTIVE,xwalk_v1.0.0
HRIS-WKR-002058,PAY-WKR-001998,LE-IE-SYNTH-001,ACTIVE,xwalk_v1.0.0
HRIS-WKR-002059,PAY-WKR-001999,LE-IE-SYNTH-001,ACTIVE,xwalk_v1.0.0
HRIS-WKR-002060,PAY-WKR-002000,LE-IE-SYNTH-001,ACTIVE,xwalk_v1.0.0
HRIS-WKR-002061,PAY-WKR-002001,LE-IE-SYNTH-001,ACTIVE,xwalk_v1.0.0
HRIS-WKR-002062,PAY-WKR-002002,LE-IE-SYNTH-001,ACTIVE,xwalk_v1.0.0
HRIS-WKR-002063,PAY-WKR-002003,LE-IE-SYNTH-001,ACTIVE,xwalk_v1.0.0
HRIS-WKR-002064,PAY-WKR-002004,LE-IE-SYNTH-001,ACTIVE,xwalk_v1.0.0
HRIS-WKR-002065,PAY-WKR-002005,LE-IE-SYNTH-001,ACTIVE,xwalk_v1.0.0
HRIS-WKR-002066,PAY-WKR-002006,LE-IE-SYNTH-001,ACTIVE,xwalk_v1.0.0
HRIS-WKR-002067,PAY-WKR-002007,LE-IE-SYNTH-001,ACTIVE,xwalk_v1.0.0
HRIS-WKR-002068,PAY-WKR-002008,LE-IE-SYNTH-001,ACTIVE,xwalk_v1.0.0
HRIS-WKR-002069,PAY-WKR-002009,LE-IE-SYNTH-001,ACTIVE,xwalk_v1.0.0
HRIS-WKR-002070,PAY-WKR-002010,LE-IE-SYNTH-001,ACTIVE,xwalk_v1.0.0
HRIS-WKR-002071,PAY-WKR-002011,LE-IE-SYNTH-001,ACTIVE,xwalk_v1.0.0
HRIS-WKR-002072,PAY-WKR-002012,LE-IE-SYNTH-001,ACTIVE,xwalk_v1.0.0
HRIS-WKR-002073,PAY-WKR-002013,LE-IE-SYNTH-001,ACTIVE,xwalk_v1.0.0
HRIS-WKR-002074,PAY-WKR-002014,LE-IE-SYNTH-001,ACTIVE,xwalk_v1.0.0
HRIS-WKR-002075,PAY-WKR-002015,LE-IE-SYNTH-001,ACTIVE,xwalk_v1.0.0
HRIS-WKR-002076,PAY-WKR-002016,LE-IE-SYNTH-001,ACTIVE,xwalk_v1.0.0
HRIS-WKR-002077,,LE-IE-SYNTH-001,MISSING,xwalk_v1.0.0
HRIS-WKR-002078,PAY-WKR-002017,LE-IE-SYNTH-001,ACTIVE,xwalk_v1.0.0
HRIS-WKR-002079,PAY-WKR-002018,LE-IE-SYNTH-001,ACTIVE,xwalk_v1.0.0
HRIS-WKR-002080,PAY-WKR-002019,LE-IE-SYNTH-001,ACTIVE,xwalk_v1.0.0
HRIS-WKR-002081,PAY-WKR-002020,LE-IE-SYNTH-001,ACTIVE,xwalk_v1.0.0
HRIS-WKR-002082,PAY-WKR-002021,LE-IE-SYNTH-001,ACTIVE,xwalk_v1.0.0
HRIS-WKR-002083,PAY-WKR-002022,LE-IE-SYNTH-001,ACTIVE,xwalk_v1.0.0
HRIS-WKR-002084,PAY-WKR-002023,LE-IE-SYNTH-001,ACTIVE,xwalk_v1.0.0
HRIS-WKR-002085,PAY-WKR-002024,LE-IE-SYNTH-001,ACTIVE,xwalk_v1.0.0
HRIS-WKR-002086,PAY-WKR-002025,LE-IE-SYNTH-001,ACTIVE,xwalk_v1.0.0
HRIS-WKR-002087,PAY-WKR-002026,LE-IE-SYNTH-001,ACTIVE,xwalk_v1.0.0
HRIS-WKR-002088,PAY-WKR-002027,LE-IE-SYNTH-001,ACTIVE,xwalk_v1.0.0
HRIS-WKR-002089,PAY-WKR-002028,LE-IE-SYNTH-001,ACTIVE,xwalk_v1.0.0
HRIS-WKR-002090,PAY-WKR-002029,LE-IE-SYNTH-001,ACTIVE,xwalk_v1.0.0
HRIS-WKR-002091,PAY-WKR-002030,LE-IE-SYNTH-001,ACTIVE,xwalk_v1.0.0
HRIS-WKR-002092,PAY-WKR-002031,LE-IE-SYNTH-001,ACTIVE,xwalk_v1.0.0
HRIS-WKR-002093,PAY-WKR-002032,LE-IE-SYNTH-001,ACTIVE,xwalk_v1.0.0
HRIS-WKR-002094,PAY-WKR-002033,LE-IE-SYNTH-001,ACTIVE,xwalk_v1.0.0
HRIS-WKR-002095,PAY-WKR-002034,LE-IE-SYNTH-001,ACTIVE,xwalk_v1.0.0
HRIS-WKR-002096,PAY-WKR-002035,LE-IE-SYNTH-001,ACTIVE,xwalk_v1.0.0
HRIS-WKR-002097,PAY-WKR-002036,LE-IE-SYNTH-001,ACTIVE,xwalk_v1.0.0
HRIS-WKR-002098,PAY-WKR-002037,LE-IE-SYNTH-001,ACTIVE,xwalk_v1.0.0
HRIS-WKR-002099,PAY-WKR-002038,LE-IE-SYNTH-001,ACTIVE,xwalk_v1.0.0
HRIS-WKR-002100,PAY-WKR-002039,LE-IE-SYNTH-001,ACTIVE,xwalk_v1.0.0
HRIS-WKR-002101,PAY-WKR-002040,LE-IE-SYNTH-001,ACTIVE,xwalk_v1.0.0
HRIS-WKR-002102,PAY-WKR-002041,LE-IE-SYNTH-001,ACTIVE,xwalk_v1.0.0
HRIS-WKR-002103,PAY-WKR-002042,LE-IE-SYNTH-001,ACTIVE,xwalk_v1.0.0
HRIS-WKR-002104,PAY-WKR-002043,LE-IE-SYNTH-001,ACTIVE,xwalk_v1.0.0
HRIS-WKR-002105,PAY-WKR-002044,LE-IE-SYNTH-001,ACTIVE,xwalk_v1.0.0
HRIS-WKR-002106,PAY-WKR-002045,LE-IE-SYNTH-001,ACTIVE,xwalk_v1.0.0
HRIS-WKR-002107,PAY-WKR-002046,LE-IE-SYNTH-001,ACTIVE,xwalk_v1.0.0
HRIS-WKR-002108,PAY-WKR-002047,LE-IE-SYNTH-001,ACTIVE,xwalk_v1.0.0
HRIS-WKR-002109,PAY-WKR-002048,LE-IE-SYNTH-001,ACTIVE,xwalk_v1.0.0
HRIS-WKR-002110,PAY-WKR-002049,LE-IE-SYNTH-001,ACTIVE,xwalk_v1.0.0
HRIS-WKR-002111,PAY-WKR-002050,LE-IE-SYNTH-001,ACTIVE,xwalk_v1.0.0
HRIS-WKR-002112,PAY-WKR-002051,LE-IE-SYNTH-001,ACTIVE,xwalk_v1.0.0
HRIS-WKR-002113,PAY-WKR-002052,LE-IE-SYNTH-001,ACTIVE,xwalk_v1.0.0
HRIS-WKR-002114,PAY-WKR-002053,LE-IE-SYNTH-001,ACTIVE,xwalk_v1.0.0
HRIS-WKR-002115,PAY-WKR-002054,LE-IE-SYNTH-001,ACTIVE,xwalk_v1.0.0
HRIS-WKR-002116,PAY-WKR-002055,LE-IE-SYNTH-001,ACTIVE,xwalk_v1.0.0
HRIS-WKR-002117,PAY-WKR-002056,LE-IE-SYNTH-001,ACTIVE,xwalk_v1.0.0
HRIS-WKR-002118,PAY-WKR-002057,LE-IE-SYNTH-001,ACTIVE,xwalk_v1.0.0
HRIS-WKR-002119,PAY-WKR-002058,LE-IE-SYNTH-001,ACTIVE,xwalk_v1.0.0
HRIS-WKR-002120,PAY-WKR-002059,LE-IE-SYNTH-001,ACTIVE,xwalk_v1.0.0
HRIS-WKR-002121,PAY-WKR-002060,LE-IE-SYNTH-001,ACTIVE,xwalk_v1.0.0
HRIS-WKR-002122,PAY-WKR-002061,LE-IE-SYNTH-001,ACTIVE,xwalk_v1.0.0
HRIS-WKR-002123,PAY-WKR-002062,LE-IE-SYNTH-001,ACTIVE,xwalk_v1.0.0
HRIS-WKR-002124,PAY-WKR-002063,LE-IE-SYNTH-001,ACTIVE,xwalk_v1.0.0
HRIS-WKR-002125,,LE-IE-SYNTH-001,MISSING,xwalk_v1.0.0
HRIS-WKR-002126,PAY-WKR-002064,LE-IE-SYNTH-001,ACTIVE,xwalk_v1.0.0
HRIS-WKR-002127,PAY-WKR-002065,LE-IE-SYNTH-001,ACTIVE,xwalk_v1.0.0
HRIS-WKR-002128,PAY-WKR-002066,LE-IE-SYNTH-001,ACTIVE,xwalk_v1.0.0
HRIS-WKR-002129,PAY-WKR-002067,LE-IE-SYNTH-001,ACTIVE,xwalk_v1.0.0
HRIS-WKR-002130,PAY-WKR-002068,LE-IE-SYNTH-001,ACTIVE,xwalk_v1.0.0
HRIS-WKR-002131,PAY-WKR-002069,LE-IE-SYNTH-001,ACTIVE,xwalk_v1.0.0
HRIS-WKR-002132,PAY-WKR-002070,LE-IE-SYNTH-001,ACTIVE,xwalk_v1.0.0
HRIS-WKR-002133,PAY-WKR-002071,LE-IE-SYNTH-001,ACTIVE,xwalk_v1.0.0
HRIS-WKR-002134,PAY-WKR-002072,LE-IE-SYNTH-001,ACTIVE,xwalk_v1.0.0
HRIS-WKR-002135,PAY-WKR-002073,LE-IE-SYNTH-001,ACTIVE,xwalk_v1.0.0
HRIS-WKR-002136,PAY-WKR-002074,LE-IE-SYNTH-001,ACTIVE,xwalk_v1.0.0
HRIS-WKR-002137,PAY-WKR-002075,LE-IE-SYNTH-001,ACTIVE,xwalk_v1.0.0
HRIS-WKR-002138,PAY-WKR-002076,LE-IE-SYNTH-001,ACTIVE,xwalk_v1.0.0
HRIS-WKR-002139,PAY-WKR-002077,LE-IE-SYNTH-001,ACTIVE,xwalk_v1.0.0
HRIS-WKR-002140,PAY-WKR-002078,LE-IE-SYNTH-001,ACTIVE,xwalk_v1.0.0
HRIS-WKR-002141,PAY-WKR-002079,LE-IE-SYNTH-001,ACTIVE,xwalk_v1.0.0
HRIS-WKR-002142,PAY-WKR-002080,LE-IE-SYNTH-001,ACTIVE,xwalk_v1.0.0
HRIS-WKR-002143,PAY-WKR-002081,LE-IE-SYNTH-001,ACTIVE,xwalk_v1.0.0
HRIS-WKR-002144,PAY-WKR-002082,LE-IE-SYNTH-001,ACTIVE,xwalk_v1.0.0
HRIS-WKR-002145,PAY-WKR-002083,LE-IE-SYNTH-001,ACTIVE,xwalk_v1.0.0
HRIS-WKR-002146,PAY-WKR-002084,LE-IE-SYNTH-001,ACTIVE,xwalk_v1.0.0
HRIS-WKR-002147,PAY-WKR-002085,LE-IE-SYNTH-001,ACTIVE,xwalk_v1.0.0
HRIS-WKR-002148,PAY-WKR-002086,LE-IE-SYNTH-001,ACTIVE,xwalk_v1.0.0
HRIS-WKR-002149,PAY-WKR-002087,LE-IE-SYNTH-001,ACTIVE,xwalk_v1.0.0
HRIS-WKR-002150,PAY-WKR-002088,LE-IE-SYNTH-001,ACTIVE,xwalk_v1.0.0
HRIS-WKR-002151,PAY-WKR-002089,LE-IE-SYNTH-001,ACTIVE,xwalk_v1.0.0
HRIS-WKR-002152,PAY-WKR-002090,LE-IE-SYNTH-001,ACTIVE,xwalk_v1.0.0
HRIS-WKR-002153,PAY-WKR-002091,LE-IE-SYNTH-001,ACTIVE,xwalk_v1.0.0
HRIS-WKR-002154,PAY-WKR-002092,LE-IE-SYNTH-001,ACTIVE,xwalk_v1.0.0
HRIS-WKR-002155,PAY-WKR-002093,LE-IE-SYNTH-001,ACTIVE,xwalk_v1.0.0
HRIS-WKR-002156,PAY-WKR-002094,LE-IE-SYNTH-001,ACTIVE,xwalk_v1.0.0
HRIS-WKR-002157,PAY-WKR-002095,LE-IE-SYNTH-001,ACTIVE,xwalk_v1.0.0
HRIS-WKR-002158,PAY-WKR-002096,LE-IE-SYNTH-001,ACTIVE,xwalk_v1.0.0
HRIS-WKR-002159,PAY-WKR-002097,LE-IE-SYNTH-001,ACTIVE,xwalk_v1.0.0
HRIS-WKR-002160,PAY-WKR-002098,LE-IE-SYNTH-001,ACTIVE,xwalk_v1.0.0
HRIS-WKR-002161,PAY-WKR-002099,LE-IE-SYNTH-001,ACTIVE,xwalk_v1.0.0
HRIS-WKR-002162,PAY-WKR-002100,LE-IE-SYNTH-001,ACTIVE,xwalk_v1.0.0
HRIS-WKR-002163,PAY-WKR-002101,LE-IE-SYNTH-001,ACTIVE,xwalk_v1.0.0
HRIS-WKR-002164,PAY-WKR-002102,LE-IE-SYNTH-001,ACTIVE,xwalk_v1.0.0
HRIS-WKR-002165,PAY-WKR-002103,LE-IE-SYNTH-001,ACTIVE,xwalk_v1.0.0
HRIS-WKR-002166,PAY-WKR-002104,LE-IE-SYNTH-001,ACTIVE,xwalk_v1.0.0
HRIS-WKR-002167,PAY-WKR-002105,LE-IE-SYNTH-001,ACTIVE,xwalk_v1.0.0
HRIS-WKR-002168,PAY-WKR-002106,LE-IE-SYNTH-001,ACTIVE,xwalk_v1.0.0
HRIS-WKR-002169,PAY-WKR-002107,LE-IE-SYNTH-001,ACTIVE,xwalk_v1.0.0
HRIS-WKR-002170,PAY-WKR-002108,LE-IE-SYNTH-001,ACTIVE,xwalk_v1.0.0
HRIS-WKR-002171,PAY-WKR-002109,LE-IE-SYNTH-001,ACTIVE,xwalk_v1.0.0
HRIS-WKR-002172,PAY-WKR-002110,LE-IE-SYNTH-001,ACTIVE,xwalk_v1.0.0
HRIS-WKR-002173,PAY-WKR-002111,LE-IE-SYNTH-001,ACTIVE,xwalk_v1.0.0
HRIS-WKR-002174,PAY-WKR-002112,LE-IE-SYNTH-001,ACTIVE,xwalk_v1.0.0
HRIS-WKR-002175,PAY-WKR-002113,LE-IE-SYNTH-001,ACTIVE,xwalk_v1.0.0
HRIS-WKR-002176,PAY-WKR-002114,LE-IE-SYNTH-001,ACTIVE,xwalk_v1.0.0
HRIS-WKR-002177,PAY-WKR-002115,LE-IE-SYNTH-001,ACTIVE,xwalk_v1.0.0
HRIS-WKR-002178,PAY-WKR-002116,LE-IE-SYNTH-001,ACTIVE,xwalk_v1.0.0
HRIS-WKR-002179,PAY-WKR-002117,LE-IE-SYNTH-001,ACTIVE,xwalk_v1.0.0
HRIS-WKR-002180,PAY-WKR-002118,LE-IE-SYNTH-001,ACTIVE,xwalk_v1.0.0
HRIS-WKR-002181,PAY-WKR-002119,LE-IE-SYNTH-001,ACTIVE,xwalk_v1.0.0
HRIS-WKR-002182,PAY-WKR-002120,LE-IE-SYNTH-001,ACTIVE,xwalk_v1.0.0
HRIS-WKR-002183,PAY-WKR-002121,LE-IE-SYNTH-001,ACTIVE,xwalk_v1.0.0
HRIS-WKR-002184,PAY-WKR-002122,LE-IE-SYNTH-001,ACTIVE,xwalk_v1.0.0
HRIS-WKR-002185,PAY-WKR-002123,LE-IE-SYNTH-001,ACTIVE,xwalk_v1.0.0
HRIS-WKR-002186,PAY-WKR-002124,LE-IE-SYNTH-001,ACTIVE,xwalk_v1.0.0
HRIS-WKR-002187,PAY-WKR-002125,LE-IE-SYNTH-001,ACTIVE,xwalk_v1.0.0
HRIS-WKR-002188,PAY-WKR-002126,LE-IE-SYNTH-001,ACTIVE,xwalk_v1.0.0
HRIS-WKR-002189,PAY-WKR-002127,LE-IE-SYNTH-001,ACTIVE,xwalk_v1.0.0
HRIS-WKR-002190,PAY-WKR-002128,LE-IE-SYNTH-001,ACTIVE,xwalk_v1.0.0
HRIS-WKR-002191,PAY-WKR-002129,LE-IE-SYNTH-001,ACTIVE,xwalk_v1.0.0
HRIS-WKR-002192,PAY-WKR-002130,LE-IE-SYNTH-001,ACTIVE,xwalk_v1.0.0
HRIS-WKR-002193,PAY-WKR-002131,LE-IE-SYNTH-001,ACTIVE,xwalk_v1.0.0
HRIS-WKR-002194,PAY-WKR-002132,LE-IE-SYNTH-001,ACTIVE,xwalk_v1.0.0
HRIS-WKR-002195,PAY-WKR-002133,LE-IE-SYNTH-001,ACTIVE,xwalk_v1.0.0
HRIS-WKR-002196,PAY-WKR-002134,LE-IE-SYNTH-001,ACTIVE,xwalk_v1.0.0
HRIS-WKR-002197,PAY-WKR-002135,LE-IE-SYNTH-001,ACTIVE,xwalk_v1.0.0
HRIS-WKR-002198,PAY-WKR-002136,LE-IE-SYNTH-001,ACTIVE,xwalk_v1.0.0
HRIS-WKR-002199,PAY-WKR-002137,LE-IE-SYNTH-001,ACTIVE,xwalk_v1.0.0
HRIS-WKR-002200,PAY-WKR-002138,LE-IE-SYNTH-001,ACTIVE,xwalk_v1.0.0
HRIS-WKR-002201,PAY-WKR-002139,LE-IE-SYNTH-001,ACTIVE,xwalk_v1.0.0
HRIS-WKR-002202,PAY-WKR-002140,LE-IE-SYNTH-001,ACTIVE,xwalk_v1.0.0
HRIS-WKR-002203,PAY-WKR-002141,LE-IE-SYNTH-001,ACTIVE,xwalk_v1.0.0
HRIS-WKR-002204,PAY-WKR-002142,LE-IE-SYNTH-001,ACTIVE,xwalk_v1.0.0
HRIS-WKR-002205,PAY-WKR-002143,LE-IE-SYNTH-001,ACTIVE,xwalk_v1.0.0
HRIS-WKR-002206,PAY-WKR-002144,LE-IE-SYNTH-001,ACTIVE,xwalk_v1.0.0
HRIS-WKR-002207,PAY-WKR-002145,LE-IE-SYNTH-001,ACTIVE,xwalk_v1.0.0
HRIS-WKR-002208,PAY-WKR-002146,LE-IE-SYNTH-001,ACTIVE,xwalk_v1.0.0
HRIS-WKR-002209,PAY-WKR-002147,LE-IE-SYNTH-001,ACTIVE,xwalk_v1.0.0
HRIS-WKR-002210,PAY-WKR-002148,LE-IE-SYNTH-001,ACTIVE,xwalk_v1.0.0
HRIS-WKR-002211,PAY-WKR-002149,LE-IE-SYNTH-001,ACTIVE,xwalk_v1.0.0
HRIS-WKR-002212,PAY-WKR-002150,LE-IE-SYNTH-001,ACTIVE,xwalk_v1.0.0
HRIS-WKR-002213,PAY-WKR-002151,LE-IE-SYNTH-001,ACTIVE,xwalk_v1.0.0
HRIS-WKR-002214,PAY-WKR-002152,LE-IE-SYNTH-001,ACTIVE,xwalk_v1.0.0
HRIS-WKR-002215,PAY-WKR-002153,LE-IE-SYNTH-001,ACTIVE,xwalk_v1.0.0
HRIS-WKR-002216,PAY-WKR-002154,LE-IE-SYNTH-001,ACTIVE,xwalk_v1.0.0
HRIS-WKR-002217,PAY-WKR-002155,LE-IE-SYNTH-001,ACTIVE,xwalk_v1.0.0
HRIS-WKR-002218,PAY-WKR-002156,LE-IE-SYNTH-001,ACTIVE,xwalk_v1.0.0
HRIS-WKR-002219,PAY-WKR-002157,LE-IE-SYNTH-001,ACTIVE,xwalk_v1.0.0
HRIS-WKR-002220,PAY-WKR-002158,LE-IE-SYNTH-001,ACTIVE,xwalk_v1.0.0
HRIS-WKR-002221,PAY-WKR-002159,LE-IE-SYNTH-001,ACTIVE,xwalk_v1.0.0
HRIS-WKR-002222,PAY-WKR-002160,LE-IE-SYNTH-001,ACTIVE,xwalk_v1.0.0
HRIS-WKR-002223,PAY-WKR-002161,LE-IE-SYNTH-001,ACTIVE,xwalk_v1.0.0
HRIS-WKR-002224,PAY-WKR-002162,LE-IE-SYNTH-001,ACTIVE,xwalk_v1.0.0
HRIS-WKR-002225,PAY-WKR-002163,LE-IE-SYNTH-001,ACTIVE,xwalk_v1.0.0
HRIS-WKR-002226,PAY-WKR-002164,LE-IE-SYNTH-001,ACTIVE,xwalk_v1.0.0
HRIS-WKR-002227,PAY-WKR-002165,LE-IE-SYNTH-001,ACTIVE,xwalk_v1.0.0
HRIS-WKR-002228,PAY-WKR-002166,LE-IE-SYNTH-001,ACTIVE,xwalk_v1.0.0
HRIS-WKR-002229,PAY-WKR-002167,LE-IE-SYNTH-001,ACTIVE,xwalk_v1.0.0
HRIS-WKR-002230,PAY-WKR-002168,LE-IE-SYNTH-001,ACTIVE,xwalk_v1.0.0
HRIS-WKR-002231,PAY-WKR-002169,LE-IE-SYNTH-001,ACTIVE,xwalk_v1.0.0
HRIS-WKR-002232,PAY-WKR-002170,LE-IE-SYNTH-001,ACTIVE,xwalk_v1.0.0
HRIS-WKR-002233,PAY-WKR-002171,LE-IE-SYNTH-001,ACTIVE,xwalk_v1.0.0
HRIS-WKR-002234,PAY-WKR-002172,LE-IE-SYNTH-001,ACTIVE,xwalk_v1.0.0
HRIS-WKR-002235,PAY-WKR-002173,LE-IE-SYNTH-001,ACTIVE,xwalk_v1.0.0
HRIS-WKR-002236,PAY-WKR-002174,LE-IE-SYNTH-001,ACTIVE,xwalk_v1.0.0
HRIS-WKR-002237,PAY-WKR-002175,LE-IE-SYNTH-001,ACTIVE,xwalk_v1.0.0
HRIS-WKR-002238,PAY-WKR-002176,LE-IE-SYNTH-001,ACTIVE,xwalk_v1.0.0
HRIS-WKR-002239,PAY-WKR-002177,LE-IE-SYNTH-001,ACTIVE,xwalk_v1.0.0
HRIS-WKR-002240,PAY-WKR-002178,LE-IE-SYNTH-001,ACTIVE,xwalk_v1.0.0
HRIS-WKR-002241,PAY-WKR-002179,LE-IE-SYNTH-001,ACTIVE,xwalk_v1.0.0
HRIS-WKR-002242,PAY-WKR-002180,LE-IE-SYNTH-001,ACTIVE,xwalk_v1.0.0
HRIS-WKR-002243,PAY-WKR-002181,LE-IE-SYNTH-001,ACTIVE,xwalk_v1.0.0
HRIS-WKR-002244,PAY-WKR-002182,LE-IE-SYNTH-001,ACTIVE,xwalk_v1.0.0
HRIS-WKR-002245,PAY-WKR-002183,LE-IE-SYNTH-001,ACTIVE,xwalk_v1.0.0
HRIS-WKR-002246,PAY-WKR-002184,LE-IE-SYNTH-001,ACTIVE,xwalk_v1.0.0
HRIS-WKR-002247,PAY-WKR-002185,LE-IE-SYNTH-001,ACTIVE,xwalk_v1.0.0
HRIS-WKR-002248,,LE-IE-SYNTH-001,MISSING,xwalk_v1.0.0
HRIS-WKR-002249,PAY-WKR-002186,LE-IE-SYNTH-001,ACTIVE,xwalk_v1.0.0
HRIS-WKR-002250,PAY-WKR-002187,LE-IE-SYNTH-001,ACTIVE,xwalk_v1.0.0
HRIS-WKR-002251,PAY-WKR-002188,LE-IE-SYNTH-001,ACTIVE,xwalk_v1.0.0
HRIS-WKR-002252,PAY-WKR-002189,LE-IE-SYNTH-001,ACTIVE,xwalk_v1.0.0
HRIS-WKR-002253,PAY-WKR-002190,LE-IE-SYNTH-001,ACTIVE,xwalk_v1.0.0
HRIS-WKR-002254,PAY-WKR-002191,LE-IE-SYNTH-001,ACTIVE,xwalk_v1.0.0
HRIS-WKR-002255,PAY-WKR-002192,LE-IE-SYNTH-001,ACTIVE,xwalk_v1.0.0
HRIS-WKR-002256,PAY-WKR-002193,LE-IE-SYNTH-001,ACTIVE,xwalk_v1.0.0
HRIS-WKR-002257,PAY-WKR-002194,LE-IE-SYNTH-001,ACTIVE,xwalk_v1.0.0
HRIS-WKR-002258,PAY-WKR-002195,LE-IE-SYNTH-001,ACTIVE,xwalk_v1.0.0
HRIS-WKR-002259,PAY-WKR-002196,LE-IE-SYNTH-001,ACTIVE,xwalk_v1.0.0
HRIS-WKR-002260,PAY-WKR-002197,LE-IE-SYNTH-001,ACTIVE,xwalk_v1.0.0
HRIS-WKR-002261,PAY-WKR-002198,LE-IE-SYNTH-001,ACTIVE,xwalk_v1.0.0
HRIS-WKR-002262,PAY-WKR-002199,LE-IE-SYNTH-001,ACTIVE,xwalk_v1.0.0
HRIS-WKR-002263,PAY-WKR-002200,LE-IE-SYNTH-001,ACTIVE,xwalk_v1.0.0
HRIS-WKR-002264,PAY-WKR-002201,LE-IE-SYNTH-001,ACTIVE,xwalk_v1.0.0
HRIS-WKR-002265,PAY-WKR-002202,LE-IE-SYNTH-001,ACTIVE,xwalk_v1.0.0
HRIS-WKR-002266,PAY-WKR-002203,LE-IE-SYNTH-001,ACTIVE,xwalk_v1.0.0
HRIS-WKR-002267,PAY-WKR-002204,LE-IE-SYNTH-001,ACTIVE,xwalk_v1.0.0
HRIS-WKR-002268,PAY-WKR-002205,LE-IE-SYNTH-001,ACTIVE,xwalk_v1.0.0
HRIS-WKR-002269,PAY-WKR-002206,LE-IE-SYNTH-001,ACTIVE,xwalk_v1.0.0
HRIS-WKR-002270,PAY-WKR-002207,LE-IE-SYNTH-001,ACTIVE,xwalk_v1.0.0
HRIS-WKR-002271,PAY-WKR-002208,LE-IE-SYNTH-001,ACTIVE,xwalk_v1.0.0
HRIS-WKR-002272,PAY-WKR-002209,LE-IE-SYNTH-001,ACTIVE,xwalk_v1.0.0
HRIS-WKR-002273,PAY-WKR-002210,LE-IE-SYNTH-001,ACTIVE,xwalk_v1.0.0
HRIS-WKR-002274,PAY-WKR-002211,LE-IE-SYNTH-001,ACTIVE,xwalk_v1.0.0
HRIS-WKR-002275,PAY-WKR-002212,LE-IE-SYNTH-001,ACTIVE,xwalk_v1.0.0
HRIS-WKR-002276,PAY-WKR-002213,LE-IE-SYNTH-001,ACTIVE,xwalk_v1.0.0
HRIS-WKR-002277,PAY-WKR-002214,LE-IE-SYNTH-001,ACTIVE,xwalk_v1.0.0
HRIS-WKR-002278,PAY-WKR-002215,LE-IE-SYNTH-001,ACTIVE,xwalk_v1.0.0
HRIS-WKR-002279,PAY-WKR-002216,LE-IE-SYNTH-001,ACTIVE,xwalk_v1.0.0
HRIS-WKR-002280,PAY-WKR-002217,LE-IE-SYNTH-001,ACTIVE,xwalk_v1.0.0
HRIS-WKR-002281,PAY-WKR-002218,LE-IE-SYNTH-001,ACTIVE,xwalk_v1.0.0
HRIS-WKR-002282,PAY-WKR-002219,LE-IE-SYNTH-001,ACTIVE,xwalk_v1.0.0
HRIS-WKR-002283,PAY-WKR-002220,LE-IE-SYNTH-001,ACTIVE,xwalk_v1.0.0
HRIS-WKR-002284,PAY-WKR-002221,LE-IE-SYNTH-001,ACTIVE,xwalk_v1.0.0
HRIS-WKR-002285,PAY-WKR-002222,LE-IE-SYNTH-001,ACTIVE,xwalk_v1.0.0
HRIS-WKR-002286,PAY-WKR-002223,LE-IE-SYNTH-001,ACTIVE,xwalk_v1.0.0
HRIS-WKR-002287,PAY-WKR-002224,LE-IE-SYNTH-001,ACTIVE,xwalk_v1.0.0
HRIS-WKR-002288,PAY-WKR-002225,LE-IE-SYNTH-001,ACTIVE,xwalk_v1.0.0
HRIS-WKR-002289,PAY-WKR-002226,LE-IE-SYNTH-001,ACTIVE,xwalk_v1.0.0
HRIS-WKR-002290,PAY-WKR-002227,LE-IE-SYNTH-001,ACTIVE,xwalk_v1.0.0
HRIS-WKR-002291,PAY-WKR-002228,LE-IE-SYNTH-001,ACTIVE,xwalk_v1.0.0
HRIS-WKR-002292,PAY-WKR-002229,LE-IE-SYNTH-001,ACTIVE,xwalk_v1.0.0
HRIS-WKR-002293,PAY-WKR-002230,LE-IE-SYNTH-001,ACTIVE,xwalk_v1.0.0
HRIS-WKR-002294,PAY-WKR-002231,LE-IE-SYNTH-001,ACTIVE,xwalk_v1.0.0
HRIS-WKR-002295,PAY-WKR-002232,LE-IE-SYNTH-001,ACTIVE,xwalk_v1.0.0
HRIS-WKR-002296,PAY-WKR-002233,LE-IE-SYNTH-001,ACTIVE,xwalk_v1.0.0
HRIS-WKR-002297,PAY-WKR-002234,LE-IE-SYNTH-001,ACTIVE,xwalk_v1.0.0
HRIS-WKR-002298,PAY-WKR-002235,LE-IE-SYNTH-001,ACTIVE,xwalk_v1.0.0
HRIS-WKR-002299,,LE-IE-SYNTH-001,MISSING,xwalk_v1.0.0
HRIS-WKR-002300,PAY-WKR-002236,LE-IE-SYNTH-001,ACTIVE,xwalk_v1.0.0
HRIS-WKR-002301,PAY-WKR-002237,LE-IE-SYNTH-001,ACTIVE,xwalk_v1.0.0
HRIS-WKR-002302,PAY-WKR-002238,LE-IE-SYNTH-001,ACTIVE,xwalk_v1.0.0
HRIS-WKR-002303,PAY-WKR-002239,LE-IE-SYNTH-001,ACTIVE,xwalk_v1.0.0
HRIS-WKR-002304,PAY-WKR-002240,LE-IE-SYNTH-001,ACTIVE,xwalk_v1.0.0
HRIS-WKR-002305,PAY-WKR-002241,LE-IE-SYNTH-001,ACTIVE,xwalk_v1.0.0
HRIS-WKR-002306,PAY-WKR-002242,LE-IE-SYNTH-001,ACTIVE,xwalk_v1.0.0
HRIS-WKR-002307,PAY-WKR-002243,LE-IE-SYNTH-001,ACTIVE,xwalk_v1.0.0
HRIS-WKR-002308,PAY-WKR-002244,LE-IE-SYNTH-001,ACTIVE,xwalk_v1.0.0
HRIS-WKR-002309,PAY-WKR-002245,LE-IE-SYNTH-001,ACTIVE,xwalk_v1.0.0
HRIS-WKR-002310,PAY-WKR-002246,LE-IE-SYNTH-001,ACTIVE,xwalk_v1.0.0
HRIS-WKR-002311,PAY-WKR-002247,LE-IE-SYNTH-001,ACTIVE,xwalk_v1.0.0
HRIS-WKR-002312,PAY-WKR-002248,LE-IE-SYNTH-001,ACTIVE,xwalk_v1.0.0
HRIS-WKR-002313,PAY-WKR-002249,LE-IE-SYNTH-001,ACTIVE,xwalk_v1.0.0
HRIS-WKR-002314,PAY-WKR-002250,LE-IE-SYNTH-001,ACTIVE,xwalk_v1.0.0
HRIS-WKR-002315,PAY-WKR-002251,LE-IE-SYNTH-001,ACTIVE,xwalk_v1.0.0
HRIS-WKR-002316,PAY-WKR-002252,LE-IE-SYNTH-001,ACTIVE,xwalk_v1.0.0
HRIS-WKR-002317,PAY-WKR-002253,LE-IE-SYNTH-001,ACTIVE,xwalk_v1.0.0
HRIS-WKR-002318,PAY-WKR-002254,LE-IE-SYNTH-001,ACTIVE,xwalk_v1.0.0
HRIS-WKR-002319,PAY-WKR-002255,LE-IE-SYNTH-001,ACTIVE,xwalk_v1.0.0
HRIS-WKR-002320,PAY-WKR-002256,LE-IE-SYNTH-001,ACTIVE,xwalk_v1.0.0
HRIS-WKR-002321,PAY-WKR-002257,LE-IE-SYNTH-001,ACTIVE,xwalk_v1.0.0
HRIS-WKR-002322,PAY-WKR-002258,LE-IE-SYNTH-001,ACTIVE,xwalk_v1.0.0
HRIS-WKR-002323,PAY-WKR-002259,LE-IE-SYNTH-001,ACTIVE,xwalk_v1.0.0
HRIS-WKR-002324,PAY-WKR-002260,LE-IE-SYNTH-001,ACTIVE,xwalk_v1.0.0
HRIS-WKR-002325,PAY-WKR-002261,LE-IE-SYNTH-001,ACTIVE,xwalk_v1.0.0
HRIS-WKR-002326,PAY-WKR-002262,LE-IE-SYNTH-001,ACTIVE,xwalk_v1.0.0
HRIS-WKR-002327,PAY-WKR-002263,LE-IE-SYNTH-001,ACTIVE,xwalk_v1.0.0
HRIS-WKR-002328,PAY-WKR-002264,LE-IE-SYNTH-001,ACTIVE,xwalk_v1.0.0
HRIS-WKR-002329,PAY-WKR-002265,LE-IE-SYNTH-001,ACTIVE,xwalk_v1.0.0
HRIS-WKR-002330,PAY-WKR-002266,LE-IE-SYNTH-001,ACTIVE,xwalk_v1.0.0
HRIS-WKR-002331,PAY-WKR-002267,LE-IE-SYNTH-001,ACTIVE,xwalk_v1.0.0
HRIS-WKR-002332,PAY-WKR-002268,LE-IE-SYNTH-001,ACTIVE,xwalk_v1.0.0
HRIS-WKR-002333,PAY-WKR-002269,LE-IE-SYNTH-001,ACTIVE,xwalk_v1.0.0
HRIS-WKR-002334,PAY-WKR-002270,LE-IE-SYNTH-001,ACTIVE,xwalk_v1.0.0
HRIS-WKR-002335,PAY-WKR-002271,LE-IE-SYNTH-001,ACTIVE,xwalk_v1.0.0
HRIS-WKR-002336,PAY-WKR-002272,LE-IE-SYNTH-001,ACTIVE,xwalk_v1.0.0
HRIS-WKR-002337,PAY-WKR-002273,LE-IE-SYNTH-001,ACTIVE,xwalk_v1.0.0
HRIS-WKR-002338,PAY-WKR-002274,LE-IE-SYNTH-001,ACTIVE,xwalk_v1.0.0
HRIS-WKR-002339,PAY-WKR-002275,LE-IE-SYNTH-001,ACTIVE,xwalk_v1.0.0
HRIS-WKR-002340,PAY-WKR-002276,LE-IE-SYNTH-001,ACTIVE,xwalk_v1.0.0
HRIS-WKR-002341,PAY-WKR-002277,LE-IE-SYNTH-001,ACTIVE,xwalk_v1.0.0
HRIS-WKR-002342,PAY-WKR-002278,LE-IE-SYNTH-001,ACTIVE,xwalk_v1.0.0
HRIS-WKR-002343,PAY-WKR-002279,LE-IE-SYNTH-001,ACTIVE,xwalk_v1.0.0
HRIS-WKR-002344,PAY-WKR-002280,LE-IE-SYNTH-001,ACTIVE,xwalk_v1.0.0
HRIS-WKR-002345,PAY-WKR-002281,LE-IE-SYNTH-001,ACTIVE,xwalk_v1.0.0
HRIS-WKR-002346,PAY-WKR-002282,LE-IE-SYNTH-001,ACTIVE,xwalk_v1.0.0
HRIS-WKR-002347,PAY-WKR-002283,LE-IE-SYNTH-001,ACTIVE,xwalk_v1.0.0
HRIS-WKR-002348,PAY-WKR-002284,LE-IE-SYNTH-001,ACTIVE,xwalk_v1.0.0
HRIS-WKR-002349,PAY-WKR-002285,LE-IE-SYNTH-001,ACTIVE,xwalk_v1.0.0
HRIS-WKR-002350,PAY-WKR-002286,LE-IE-SYNTH-001,ACTIVE,xwalk_v1.0.0
HRIS-WKR-002351,PAY-WKR-002287,LE-IE-SYNTH-001,ACTIVE,xwalk_v1.0.0
HRIS-WKR-002352,PAY-WKR-002288,LE-IE-SYNTH-001,ACTIVE,xwalk_v1.0.0
HRIS-WKR-002353,PAY-WKR-002289,LE-IE-SYNTH-001,ACTIVE,xwalk_v1.0.0
HRIS-WKR-002354,PAY-WKR-002290,LE-IE-SYNTH-001,ACTIVE,xwalk_v1.0.0
HRIS-WKR-002355,PAY-WKR-002291,LE-IE-SYNTH-001,ACTIVE,xwalk_v1.0.0
HRIS-WKR-002356,PAY-WKR-002292,LE-IE-SYNTH-001,ACTIVE,xwalk_v1.0.0
HRIS-WKR-002357,PAY-WKR-002293,LE-IE-SYNTH-001,ACTIVE,xwalk_v1.0.0
HRIS-WKR-002358,PAY-WKR-002294,LE-IE-SYNTH-001,ACTIVE,xwalk_v1.0.0
HRIS-WKR-002359,PAY-WKR-002295,LE-IE-SYNTH-001,ACTIVE,xwalk_v1.0.0
HRIS-WKR-002360,PAY-WKR-002296,LE-IE-SYNTH-001,ACTIVE,xwalk_v1.0.0
HRIS-WKR-002361,PAY-WKR-002297,LE-IE-SYNTH-001,ACTIVE,xwalk_v1.0.0
HRIS-WKR-002362,PAY-WKR-002298,LE-IE-SYNTH-001,ACTIVE,xwalk_v1.0.0
HRIS-WKR-002363,PAY-WKR-002299,LE-IE-SYNTH-001,ACTIVE,xwalk_v1.0.0
HRIS-WKR-002364,PAY-WKR-002300,LE-IE-SYNTH-001,ACTIVE,xwalk_v1.0.0
HRIS-WKR-002365,PAY-WKR-002301,LE-IE-SYNTH-001,ACTIVE,xwalk_v1.0.0
HRIS-WKR-002366,PAY-WKR-002302,LE-IE-SYNTH-001,ACTIVE,xwalk_v1.0.0
HRIS-WKR-002367,PAY-WKR-002303,LE-IE-SYNTH-001,ACTIVE,xwalk_v1.0.0
HRIS-WKR-002368,,LE-IE-SYNTH-001,MISSING,xwalk_v1.0.0
HRIS-WKR-002369,PAY-WKR-002304,LE-IE-SYNTH-001,ACTIVE,xwalk_v1.0.0
HRIS-WKR-002370,PAY-WKR-002305,LE-IE-SYNTH-001,ACTIVE,xwalk_v1.0.0
HRIS-WKR-002371,PAY-WKR-002306,LE-IE-SYNTH-001,ACTIVE,xwalk_v1.0.0
HRIS-WKR-002372,PAY-WKR-002307,LE-IE-SYNTH-001,ACTIVE,xwalk_v1.0.0
HRIS-WKR-002373,PAY-WKR-002308,LE-IE-SYNTH-001,ACTIVE,xwalk_v1.0.0
HRIS-WKR-002374,PAY-WKR-002309,LE-IE-SYNTH-001,ACTIVE,xwalk_v1.0.0
HRIS-WKR-002375,PAY-WKR-002310,LE-IE-SYNTH-001,ACTIVE,xwalk_v1.0.0
HRIS-WKR-002376,PAY-WKR-002311,LE-IE-SYNTH-001,ACTIVE,xwalk_v1.0.0
HRIS-WKR-002377,PAY-WKR-002312,LE-IE-SYNTH-001,ACTIVE,xwalk_v1.0.0
HRIS-WKR-002378,PAY-WKR-002313,LE-IE-SYNTH-001,ACTIVE,xwalk_v1.0.0
HRIS-WKR-002379,PAY-WKR-002314,LE-IE-SYNTH-001,ACTIVE,xwalk_v1.0.0
HRIS-WKR-002380,PAY-WKR-002315,LE-IE-SYNTH-001,ACTIVE,xwalk_v1.0.0
HRIS-WKR-002381,PAY-WKR-002316,LE-IE-SYNTH-001,ACTIVE,xwalk_v1.0.0
HRIS-WKR-002382,PAY-WKR-002317,LE-IE-SYNTH-001,ACTIVE,xwalk_v1.0.0
HRIS-WKR-002383,PAY-WKR-002318,LE-IE-SYNTH-001,ACTIVE,xwalk_v1.0.0
HRIS-WKR-002384,PAY-WKR-002319,LE-IE-SYNTH-001,ACTIVE,xwalk_v1.0.0
HRIS-WKR-002385,PAY-WKR-002320,LE-IE-SYNTH-001,ACTIVE,xwalk_v1.0.0
HRIS-WKR-002386,PAY-WKR-002321,LE-IE-SYNTH-001,ACTIVE,xwalk_v1.0.0
HRIS-WKR-002387,PAY-WKR-002322,LE-IE-SYNTH-001,ACTIVE,xwalk_v1.0.0
HRIS-WKR-002388,PAY-WKR-002323,LE-IE-SYNTH-001,ACTIVE,xwalk_v1.0.0
HRIS-WKR-002389,PAY-WKR-002324,LE-IE-SYNTH-001,ACTIVE,xwalk_v1.0.0
HRIS-WKR-002390,PAY-WKR-002325,LE-IE-SYNTH-001,ACTIVE,xwalk_v1.0.0
HRIS-WKR-002391,PAY-WKR-002326,LE-IE-SYNTH-001,ACTIVE,xwalk_v1.0.0
HRIS-WKR-002392,,LE-IE-SYNTH-001,MISSING,xwalk_v1.0.0
HRIS-WKR-002393,PAY-WKR-002327,LE-IE-SYNTH-001,ACTIVE,xwalk_v1.0.0
HRIS-WKR-002394,PAY-WKR-002328,LE-IE-SYNTH-001,ACTIVE,xwalk_v1.0.0
HRIS-WKR-002395,PAY-WKR-002329,LE-IE-SYNTH-001,ACTIVE,xwalk_v1.0.0
HRIS-WKR-002396,PAY-WKR-002330,LE-IE-SYNTH-001,ACTIVE,xwalk_v1.0.0
HRIS-WKR-002397,PAY-WKR-002331,LE-IE-SYNTH-001,ACTIVE,xwalk_v1.0.0
HRIS-WKR-002398,PAY-WKR-002332,LE-IE-SYNTH-001,ACTIVE,xwalk_v1.0.0
HRIS-WKR-002399,PAY-WKR-002333,LE-IE-SYNTH-001,ACTIVE,xwalk_v1.0.0
HRIS-WKR-002400,PAY-WKR-002334,LE-IE-SYNTH-001,ACTIVE,xwalk_v1.0.0
HRIS-WKR-002401,PAY-WKR-002335,LE-IE-SYNTH-001,ACTIVE,xwalk_v1.0.0
HRIS-WKR-002402,PAY-WKR-002336,LE-IE-SYNTH-001,ACTIVE,xwalk_v1.0.0
HRIS-WKR-002403,PAY-WKR-002337,LE-IE-SYNTH-001,ACTIVE,xwalk_v1.0.0
HRIS-WKR-002404,PAY-WKR-002338,LE-IE-SYNTH-001,ACTIVE,xwalk_v1.0.0
HRIS-WKR-002405,PAY-WKR-002339,LE-IE-SYNTH-001,ACTIVE,xwalk_v1.0.0
HRIS-WKR-002406,PAY-WKR-002340,LE-IE-SYNTH-001,ACTIVE,xwalk_v1.0.0
HRIS-WKR-002407,PAY-WKR-002341,LE-IE-SYNTH-001,ACTIVE,xwalk_v1.0.0
HRIS-WKR-002408,PAY-WKR-002342,LE-IE-SYNTH-001,ACTIVE,xwalk_v1.0.0
HRIS-WKR-002409,PAY-WKR-002343,LE-IE-SYNTH-001,ACTIVE,xwalk_v1.0.0
HRIS-WKR-002410,PAY-WKR-002344,LE-IE-SYNTH-001,ACTIVE,xwalk_v1.0.0
HRIS-WKR-002411,PAY-WKR-002345,LE-IE-SYNTH-001,ACTIVE,xwalk_v1.0.0
HRIS-WKR-002412,PAY-WKR-002346,LE-IE-SYNTH-001,ACTIVE,xwalk_v1.0.0
HRIS-WKR-002413,PAY-WKR-002347,LE-IE-SYNTH-001,ACTIVE,xwalk_v1.0.0
HRIS-WKR-002414,PAY-WKR-002348,LE-IE-SYNTH-001,ACTIVE,xwalk_v1.0.0
HRIS-WKR-002415,PAY-WKR-002349,LE-IE-SYNTH-001,ACTIVE,xwalk_v1.0.0
HRIS-WKR-002416,PAY-WKR-002350,LE-IE-SYNTH-001,ACTIVE,xwalk_v1.0.0
HRIS-WKR-002417,PAY-WKR-002351,LE-IE-SYNTH-001,ACTIVE,xwalk_v1.0.0
HRIS-WKR-002418,PAY-WKR-002352,LE-IE-SYNTH-001,ACTIVE,xwalk_v1.0.0
HRIS-WKR-002419,PAY-WKR-002353,LE-IE-SYNTH-001,ACTIVE,xwalk_v1.0.0
HRIS-WKR-002420,PAY-WKR-002354,LE-IE-SYNTH-001,ACTIVE,xwalk_v1.0.0
HRIS-WKR-002421,PAY-WKR-002355,LE-IE-SYNTH-001,ACTIVE,xwalk_v1.0.0
HRIS-WKR-002422,PAY-WKR-002356,LE-IE-SYNTH-001,ACTIVE,xwalk_v1.0.0
HRIS-WKR-002423,PAY-WKR-002357,LE-IE-SYNTH-001,ACTIVE,xwalk_v1.0.0
HRIS-WKR-002424,PAY-WKR-002358,LE-IE-SYNTH-001,ACTIVE,xwalk_v1.0.0
HRIS-WKR-002425,PAY-WKR-002359,LE-IE-SYNTH-001,ACTIVE,xwalk_v1.0.0
HRIS-WKR-002426,PAY-WKR-002360,LE-IE-SYNTH-001,ACTIVE,xwalk_v1.0.0
HRIS-WKR-002427,PAY-WKR-002361,LE-IE-SYNTH-001,ACTIVE,xwalk_v1.0.0
HRIS-WKR-002428,PAY-WKR-002362,LE-IE-SYNTH-001,ACTIVE,xwalk_v1.0.0
HRIS-WKR-002429,PAY-WKR-002363,LE-IE-SYNTH-001,ACTIVE,xwalk_v1.0.0
HRIS-WKR-002430,PAY-WKR-002364,LE-IE-SYNTH-001,ACTIVE,xwalk_v1.0.0
HRIS-WKR-002431,PAY-WKR-002365,LE-IE-SYNTH-001,ACTIVE,xwalk_v1.0.0
HRIS-WKR-002432,PAY-WKR-002366,LE-IE-SYNTH-001,ACTIVE,xwalk_v1.0.0
HRIS-WKR-002433,PAY-WKR-002367,LE-IE-SYNTH-001,ACTIVE,xwalk_v1.0.0
HRIS-WKR-002434,PAY-WKR-002368,LE-IE-SYNTH-001,ACTIVE,xwalk_v1.0.0
HRIS-WKR-002435,PAY-WKR-002369,LE-IE-SYNTH-001,ACTIVE,xwalk_v1.0.0
HRIS-WKR-002436,PAY-WKR-002370,LE-IE-SYNTH-001,ACTIVE,xwalk_v1.0.0
HRIS-WKR-002437,PAY-WKR-002371,LE-IE-SYNTH-001,ACTIVE,xwalk_v1.0.0
HRIS-WKR-002438,PAY-WKR-002372,LE-IE-SYNTH-001,ACTIVE,xwalk_v1.0.0
HRIS-WKR-002439,PAY-WKR-002373,LE-IE-SYNTH-001,ACTIVE,xwalk_v1.0.0
HRIS-WKR-002440,PAY-WKR-002374,LE-IE-SYNTH-001,ACTIVE,xwalk_v1.0.0
HRIS-WKR-002441,PAY-WKR-002375,LE-IE-SYNTH-001,ACTIVE,xwalk_v1.0.0
HRIS-WKR-002442,PAY-WKR-002376,LE-IE-SYNTH-001,ACTIVE,xwalk_v1.0.0
HRIS-WKR-002443,PAY-WKR-002377,LE-IE-SYNTH-001,ACTIVE,xwalk_v1.0.0
HRIS-WKR-002444,PAY-WKR-002378,LE-IE-SYNTH-001,ACTIVE,xwalk_v1.0.0
HRIS-WKR-002445,PAY-WKR-002379,LE-IE-SYNTH-001,ACTIVE,xwalk_v1.0.0
HRIS-WKR-002446,PAY-WKR-002380,LE-IE-SYNTH-001,ACTIVE,xwalk_v1.0.0
HRIS-WKR-002447,PAY-WKR-002381,LE-IE-SYNTH-001,ACTIVE,xwalk_v1.0.0
HRIS-WKR-002448,PAY-WKR-002382,LE-IE-SYNTH-001,ACTIVE,xwalk_v1.0.0
HRIS-WKR-002449,PAY-WKR-002383,LE-IE-SYNTH-001,ACTIVE,xwalk_v1.0.0
HRIS-WKR-002450,PAY-WKR-002384,LE-IE-SYNTH-001,ACTIVE,xwalk_v1.0.0
HRIS-WKR-002451,,LE-IE-SYNTH-001,MISSING,xwalk_v1.0.0
HRIS-WKR-002452,PAY-WKR-002385,LE-IE-SYNTH-001,ACTIVE,xwalk_v1.0.0
HRIS-WKR-002453,PAY-WKR-002386,LE-IE-SYNTH-001,ACTIVE,xwalk_v1.0.0
HRIS-WKR-002454,PAY-WKR-002387,LE-IE-SYNTH-001,ACTIVE,xwalk_v1.0.0
HRIS-WKR-002455,PAY-WKR-002388,LE-IE-SYNTH-001,ACTIVE,xwalk_v1.0.0
HRIS-WKR-002456,PAY-WKR-002389,LE-IE-SYNTH-001,ACTIVE,xwalk_v1.0.0
HRIS-WKR-002457,PAY-WKR-002390,LE-IE-SYNTH-001,ACTIVE,xwalk_v1.0.0
HRIS-WKR-002458,PAY-WKR-002391,LE-IE-SYNTH-001,ACTIVE,xwalk_v1.0.0
HRIS-WKR-002459,PAY-WKR-002392,LE-IE-SYNTH-001,ACTIVE,xwalk_v1.0.0
HRIS-WKR-002460,PAY-WKR-002393,LE-IE-SYNTH-001,ACTIVE,xwalk_v1.0.0
HRIS-WKR-002461,PAY-WKR-002394,LE-IE-SYNTH-001,ACTIVE,xwalk_v1.0.0
HRIS-WKR-002462,PAY-WKR-002395,LE-IE-SYNTH-001,ACTIVE,xwalk_v1.0.0
HRIS-WKR-002463,PAY-WKR-002396,LE-IE-SYNTH-001,ACTIVE,xwalk_v1.0.0
HRIS-WKR-002464,PAY-WKR-002397,LE-IE-SYNTH-001,ACTIVE,xwalk_v1.0.0
HRIS-WKR-002465,PAY-WKR-002398,LE-IE-SYNTH-001,ACTIVE,xwalk_v1.0.0
HRIS-WKR-002466,PAY-WKR-002399,LE-IE-SYNTH-001,ACTIVE,xwalk_v1.0.0
HRIS-WKR-002467,PAY-WKR-002400,LE-IE-SYNTH-001,ACTIVE,xwalk_v1.0.0
HRIS-WKR-002468,PAY-WKR-002401,LE-IE-SYNTH-001,ACTIVE,xwalk_v1.0.0
HRIS-WKR-002469,PAY-WKR-002402,LE-IE-SYNTH-001,ACTIVE,xwalk_v1.0.0
HRIS-WKR-002470,PAY-WKR-002403,LE-IE-SYNTH-001,ACTIVE,xwalk_v1.0.0
HRIS-WKR-002471,PAY-WKR-002404,LE-IE-SYNTH-001,ACTIVE,xwalk_v1.0.0
HRIS-WKR-002472,PAY-WKR-002405,LE-IE-SYNTH-001,ACTIVE,xwalk_v1.0.0
HRIS-WKR-002473,PAY-WKR-002406,LE-IE-SYNTH-001,ACTIVE,xwalk_v1.0.0
HRIS-WKR-002474,PAY-WKR-002407,LE-IE-SYNTH-001,ACTIVE,xwalk_v1.0.0
HRIS-WKR-002475,PAY-WKR-002408,LE-IE-SYNTH-001,ACTIVE,xwalk_v1.0.0
HRIS-WKR-002476,PAY-WKR-002409,LE-IE-SYNTH-001,ACTIVE,xwalk_v1.0.0
HRIS-WKR-002477,PAY-WKR-002410,LE-IE-SYNTH-001,ACTIVE,xwalk_v1.0.0
HRIS-WKR-002478,PAY-WKR-002411,LE-IE-SYNTH-001,ACTIVE,xwalk_v1.0.0
HRIS-WKR-002479,PAY-WKR-002412,LE-IE-SYNTH-001,ACTIVE,xwalk_v1.0.0
HRIS-WKR-002480,PAY-WKR-002413,LE-IE-SYNTH-001,ACTIVE,xwalk_v1.0.0
HRIS-WKR-002481,PAY-WKR-002414,LE-IE-SYNTH-001,ACTIVE,xwalk_v1.0.0
HRIS-WKR-002482,PAY-WKR-002415,LE-IE-SYNTH-001,ACTIVE,xwalk_v1.0.0
HRIS-WKR-002483,PAY-WKR-002416,LE-IE-SYNTH-001,ACTIVE,xwalk_v1.0.0
HRIS-WKR-002484,PAY-WKR-002417,LE-IE-SYNTH-001,ACTIVE,xwalk_v1.0.0
HRIS-WKR-002485,PAY-WKR-002418,LE-IE-SYNTH-001,ACTIVE,xwalk_v1.0.0
HRIS-WKR-002486,PAY-WKR-002419,LE-IE-SYNTH-001,ACTIVE,xwalk_v1.0.0
HRIS-WKR-002487,PAY-WKR-002420,LE-IE-SYNTH-001,ACTIVE,xwalk_v1.0.0
HRIS-WKR-002488,PAY-WKR-002421,LE-IE-SYNTH-001,ACTIVE,xwalk_v1.0.0
HRIS-WKR-002489,PAY-WKR-002422,LE-IE-SYNTH-001,ACTIVE,xwalk_v1.0.0
HRIS-WKR-002490,PAY-WKR-002423,LE-IE-SYNTH-001,ACTIVE,xwalk_v1.0.0
HRIS-WKR-002491,PAY-WKR-002424,LE-IE-SYNTH-001,ACTIVE,xwalk_v1.0.0
HRIS-WKR-002492,PAY-WKR-002425,LE-IE-SYNTH-001,ACTIVE,xwalk_v1.0.0
HRIS-WKR-002493,PAY-WKR-002426,LE-IE-SYNTH-001,ACTIVE,xwalk_v1.0.0
HRIS-WKR-002494,PAY-WKR-002427,LE-IE-SYNTH-001,ACTIVE,xwalk_v1.0.0
HRIS-WKR-002495,PAY-WKR-002428,LE-IE-SYNTH-001,ACTIVE,xwalk_v1.0.0
HRIS-WKR-002496,PAY-WKR-002429,LE-IE-SYNTH-001,ACTIVE,xwalk_v1.0.0
HRIS-WKR-002497,PAY-WKR-002430,LE-IE-SYNTH-001,ACTIVE,xwalk_v1.0.0
HRIS-WKR-002498,PAY-WKR-002431,LE-IE-SYNTH-001,ACTIVE,xwalk_v1.0.0
HRIS-WKR-002499,PAY-WKR-002432,LE-IE-SYNTH-001,ACTIVE,xwalk_v1.0.0
HRIS-WKR-002500,PAY-WKR-002433,LE-IE-SYNTH-001,ACTIVE,xwalk_v1.0.0
HRIS-WKR-002501,PAY-WKR-002434,LE-IE-SYNTH-001,ACTIVE,xwalk_v1.0.0
HRIS-WKR-002502,PAY-WKR-002435,LE-IE-SYNTH-001,ACTIVE,xwalk_v1.0.0
HRIS-WKR-002503,PAY-WKR-002436,LE-IE-SYNTH-001,ACTIVE,xwalk_v1.0.0
HRIS-WKR-002504,PAY-WKR-002437,LE-IE-SYNTH-001,ACTIVE,xwalk_v1.0.0
HRIS-WKR-002505,PAY-WKR-002438,LE-IE-SYNTH-001,ACTIVE,xwalk_v1.0.0
HRIS-WKR-002506,PAY-WKR-002439,LE-IE-SYNTH-001,ACTIVE,xwalk_v1.0.0
HRIS-WKR-002507,PAY-WKR-002440,LE-IE-SYNTH-001,ACTIVE,xwalk_v1.0.0
HRIS-WKR-002508,PAY-WKR-002441,LE-IE-SYNTH-001,ACTIVE,xwalk_v1.0.0
HRIS-WKR-002509,PAY-WKR-002442,LE-IE-SYNTH-001,ACTIVE,xwalk_v1.0.0
HRIS-WKR-002510,PAY-WKR-002443,LE-IE-SYNTH-001,ACTIVE,xwalk_v1.0.0
HRIS-WKR-002511,PAY-WKR-002444,LE-IE-SYNTH-001,ACTIVE,xwalk_v1.0.0
HRIS-WKR-002512,PAY-WKR-002445,LE-IE-SYNTH-001,ACTIVE,xwalk_v1.0.0
HRIS-WKR-002513,PAY-WKR-002446,LE-IE-SYNTH-001,ACTIVE,xwalk_v1.0.0
HRIS-WKR-002514,PAY-WKR-002447,LE-IE-SYNTH-001,ACTIVE,xwalk_v1.0.0
HRIS-WKR-002515,PAY-WKR-002448,LE-IE-SYNTH-001,ACTIVE,xwalk_v1.0.0
HRIS-WKR-002516,PAY-WKR-002449,LE-IE-SYNTH-001,ACTIVE,xwalk_v1.0.0
HRIS-WKR-002517,PAY-WKR-002450,LE-IE-SYNTH-001,ACTIVE,xwalk_v1.0.0
HRIS-WKR-002518,PAY-WKR-002451,LE-IE-SYNTH-001,ACTIVE,xwalk_v1.0.0
HRIS-WKR-002519,PAY-WKR-002452,LE-IE-SYNTH-001,ACTIVE,xwalk_v1.0.0
HRIS-WKR-002520,PAY-WKR-002453,LE-IE-SYNTH-001,ACTIVE,xwalk_v1.0.0
HRIS-WKR-002521,PAY-WKR-002454,LE-IE-SYNTH-001,ACTIVE,xwalk_v1.0.0
HRIS-WKR-002522,PAY-WKR-002455,LE-IE-SYNTH-001,ACTIVE,xwalk_v1.0.0
HRIS-WKR-002523,PAY-WKR-002456,LE-IE-SYNTH-001,ACTIVE,xwalk_v1.0.0
HRIS-WKR-002524,PAY-WKR-002457,LE-IE-SYNTH-001,ACTIVE,xwalk_v1.0.0
HRIS-WKR-002525,PAY-WKR-002458,LE-IE-SYNTH-001,ACTIVE,xwalk_v1.0.0
HRIS-WKR-002526,PAY-WKR-002459,LE-IE-SYNTH-001,ACTIVE,xwalk_v1.0.0
HRIS-WKR-002527,PAY-WKR-002460,LE-IE-SYNTH-001,ACTIVE,xwalk_v1.0.0
HRIS-WKR-002528,PAY-WKR-002461,LE-IE-SYNTH-001,ACTIVE,xwalk_v1.0.0
HRIS-WKR-002529,PAY-WKR-002462,LE-IE-SYNTH-001,ACTIVE,xwalk_v1.0.0
HRIS-WKR-002530,,LE-IE-SYNTH-001,MISSING,xwalk_v1.0.0
HRIS-WKR-002531,PAY-WKR-002463,LE-IE-SYNTH-001,ACTIVE,xwalk_v1.0.0
HRIS-WKR-002532,PAY-WKR-002464,LE-IE-SYNTH-001,ACTIVE,xwalk_v1.0.0
HRIS-WKR-002533,,LE-IE-SYNTH-001,MISSING,xwalk_v1.0.0
HRIS-WKR-002534,PAY-WKR-002465,LE-IE-SYNTH-001,ACTIVE,xwalk_v1.0.0
HRIS-WKR-002535,PAY-WKR-002466,LE-IE-SYNTH-001,ACTIVE,xwalk_v1.0.0
HRIS-WKR-002536,PAY-WKR-002467,LE-IE-SYNTH-001,ACTIVE,xwalk_v1.0.0
HRIS-WKR-002537,PAY-WKR-002468,LE-IE-SYNTH-001,ACTIVE,xwalk_v1.0.0
HRIS-WKR-002538,PAY-WKR-002469,LE-IE-SYNTH-001,ACTIVE,xwalk_v1.0.0
HRIS-WKR-002539,,LE-IE-SYNTH-001,MISSING,xwalk_v1.0.0
HRIS-WKR-002540,PAY-WKR-002470,LE-IE-SYNTH-001,ACTIVE,xwalk_v1.0.0
HRIS-WKR-002541,PAY-WKR-002471,LE-IE-SYNTH-001,ACTIVE,xwalk_v1.0.0
HRIS-WKR-002542,PAY-WKR-002472,LE-IE-SYNTH-001,ACTIVE,xwalk_v1.0.0
HRIS-WKR-002543,PAY-WKR-002473,LE-IE-SYNTH-001,ACTIVE,xwalk_v1.0.0
HRIS-WKR-002544,PAY-WKR-002474,LE-IE-SYNTH-001,ACTIVE,xwalk_v1.0.0
HRIS-WKR-002545,PAY-WKR-002475,LE-IE-SYNTH-001,ACTIVE,xwalk_v1.0.0
HRIS-WKR-002546,PAY-WKR-002476,LE-IE-SYNTH-001,ACTIVE,xwalk_v1.0.0
HRIS-WKR-002547,PAY-WKR-002477,LE-IE-SYNTH-001,ACTIVE,xwalk_v1.0.0
HRIS-WKR-002548,PAY-WKR-002478,LE-IE-SYNTH-001,ACTIVE,xwalk_v1.0.0
HRIS-WKR-002549,PAY-WKR-002479,LE-IE-SYNTH-001,ACTIVE,xwalk_v1.0.0
HRIS-WKR-002550,PAY-WKR-002480,LE-IE-SYNTH-001,ACTIVE,xwalk_v1.0.0
HRIS-WKR-002551,PAY-WKR-002481,LE-IE-SYNTH-001,ACTIVE,xwalk_v1.0.0
HRIS-WKR-002552,PAY-WKR-002482,LE-IE-SYNTH-001,ACTIVE,xwalk_v1.0.0
HRIS-WKR-002553,PAY-WKR-002483,LE-IE-SYNTH-001,ACTIVE,xwalk_v1.0.0
HRIS-WKR-002554,PAY-WKR-002484,LE-IE-SYNTH-001,ACTIVE,xwalk_v1.0.0
HRIS-WKR-002555,PAY-WKR-002485,LE-IE-SYNTH-001,ACTIVE,xwalk_v1.0.0
HRIS-WKR-002556,PAY-WKR-002486,LE-IE-SYNTH-001,ACTIVE,xwalk_v1.0.0
HRIS-WKR-002557,PAY-WKR-002487,LE-IE-SYNTH-001,ACTIVE,xwalk_v1.0.0
HRIS-WKR-002558,PAY-WKR-002488,LE-IE-SYNTH-001,ACTIVE,xwalk_v1.0.0
HRIS-WKR-002559,PAY-WKR-002489,LE-IE-SYNTH-001,ACTIVE,xwalk_v1.0.0
HRIS-WKR-002560,PAY-WKR-002490,LE-IE-SYNTH-001,ACTIVE,xwalk_v1.0.0
HRIS-WKR-002561,PAY-WKR-002491,LE-IE-SYNTH-001,ACTIVE,xwalk_v1.0.0
HRIS-WKR-002562,PAY-WKR-002492,LE-IE-SYNTH-001,ACTIVE,xwalk_v1.0.0
HRIS-WKR-002563,PAY-WKR-002493,LE-IE-SYNTH-001,ACTIVE,xwalk_v1.0.0
HRIS-WKR-002564,PAY-WKR-002494,LE-IE-SYNTH-001,ACTIVE,xwalk_v1.0.0
HRIS-WKR-002565,PAY-WKR-002495,LE-IE-SYNTH-001,ACTIVE,xwalk_v1.0.0
HRIS-WKR-002566,,LE-IE-SYNTH-001,MISSING,xwalk_v1.0.0
HRIS-WKR-002567,PAY-WKR-002496,LE-IE-SYNTH-001,ACTIVE,xwalk_v1.0.0
HRIS-WKR-002568,PAY-WKR-002497,LE-IE-SYNTH-001,ACTIVE,xwalk_v1.0.0
HRIS-WKR-002569,PAY-WKR-002498,LE-IE-SYNTH-001,ACTIVE,xwalk_v1.0.0
HRIS-WKR-002570,PAY-WKR-002499,LE-IE-SYNTH-001,ACTIVE,xwalk_v1.0.0
HRIS-WKR-002571,PAY-WKR-002500,LE-IE-SYNTH-001,ACTIVE,xwalk_v1.0.0
HRIS-WKR-002572,PAY-WKR-002501,LE-IE-SYNTH-001,ACTIVE,xwalk_v1.0.0
HRIS-WKR-002573,PAY-WKR-002502,LE-IE-SYNTH-001,ACTIVE,xwalk_v1.0.0
HRIS-WKR-002574,PAY-WKR-002503,LE-IE-SYNTH-001,ACTIVE,xwalk_v1.0.0
HRIS-WKR-002575,PAY-WKR-002504,LE-IE-SYNTH-001,ACTIVE,xwalk_v1.0.0
HRIS-WKR-002576,PAY-WKR-002505,LE-IE-SYNTH-001,ACTIVE,xwalk_v1.0.0
HRIS-WKR-002577,PAY-WKR-002506,LE-IE-SYNTH-001,ACTIVE,xwalk_v1.0.0
HRIS-WKR-002578,PAY-WKR-002507,LE-IE-SYNTH-001,ACTIVE,xwalk_v1.0.0
HRIS-WKR-002579,PAY-WKR-002508,LE-IE-SYNTH-001,ACTIVE,xwalk_v1.0.0
HRIS-WKR-002580,PAY-WKR-002509,LE-IE-SYNTH-001,ACTIVE,xwalk_v1.0.0
HRIS-WKR-002581,PAY-WKR-002510,LE-IE-SYNTH-001,ACTIVE,xwalk_v1.0.0
HRIS-WKR-002582,PAY-WKR-002511,LE-IE-SYNTH-001,ACTIVE,xwalk_v1.0.0
HRIS-WKR-002583,PAY-WKR-002512,LE-IE-SYNTH-001,ACTIVE,xwalk_v1.0.0
HRIS-WKR-002584,PAY-WKR-002513,LE-IE-SYNTH-001,ACTIVE,xwalk_v1.0.0
HRIS-WKR-002585,PAY-WKR-002514,LE-IE-SYNTH-001,ACTIVE,xwalk_v1.0.0
HRIS-WKR-002586,PAY-WKR-002515,LE-IE-SYNTH-001,ACTIVE,xwalk_v1.0.0
HRIS-WKR-002587,PAY-WKR-002516,LE-IE-SYNTH-001,ACTIVE,xwalk_v1.0.0
HRIS-WKR-002588,,LE-IE-SYNTH-001,MISSING,xwalk_v1.0.0
HRIS-WKR-002589,PAY-WKR-002517,LE-IE-SYNTH-001,ACTIVE,xwalk_v1.0.0
HRIS-WKR-002590,PAY-WKR-002518,LE-IE-SYNTH-001,ACTIVE,xwalk_v1.0.0
HRIS-WKR-002591,PAY-WKR-002519,LE-IE-SYNTH-001,ACTIVE,xwalk_v1.0.0
HRIS-WKR-002592,PAY-WKR-002520,LE-IE-SYNTH-001,ACTIVE,xwalk_v1.0.0
HRIS-WKR-002593,PAY-WKR-002521,LE-IE-SYNTH-001,ACTIVE,xwalk_v1.0.0
HRIS-WKR-002594,PAY-WKR-002522,LE-IE-SYNTH-001,ACTIVE,xwalk_v1.0.0
HRIS-WKR-002595,PAY-WKR-002523,LE-IE-SYNTH-001,ACTIVE,xwalk_v1.0.0
HRIS-WKR-002596,PAY-WKR-002524,LE-IE-SYNTH-001,ACTIVE,xwalk_v1.0.0
HRIS-WKR-002597,PAY-WKR-002525,LE-IE-SYNTH-001,ACTIVE,xwalk_v1.0.0
HRIS-WKR-002598,PAY-WKR-002526,LE-IE-SYNTH-001,ACTIVE,xwalk_v1.0.0
HRIS-WKR-002599,PAY-WKR-002527,LE-IE-SYNTH-001,ACTIVE,xwalk_v1.0.0
HRIS-WKR-002600,PAY-WKR-002528,LE-IE-SYNTH-001,ACTIVE,xwalk_v1.0.0
HRIS-WKR-002601,PAY-WKR-002529,LE-IE-SYNTH-001,ACTIVE,xwalk_v1.0.0
HRIS-WKR-002602,PAY-WKR-002530,LE-IE-SYNTH-001,ACTIVE,xwalk_v1.0.0
HRIS-WKR-002603,PAY-WKR-002531,LE-IE-SYNTH-001,ACTIVE,xwalk_v1.0.0
HRIS-WKR-002604,PAY-WKR-002532,LE-IE-SYNTH-001,ACTIVE,xwalk_v1.0.0
HRIS-WKR-002605,PAY-WKR-002533,LE-IE-SYNTH-001,ACTIVE,xwalk_v1.0.0
HRIS-WKR-002606,PAY-WKR-002534,LE-IE-SYNTH-001,ACTIVE,xwalk_v1.0.0
HRIS-WKR-002607,PAY-WKR-002535,LE-IE-SYNTH-001,ACTIVE,xwalk_v1.0.0
HRIS-WKR-002608,PAY-WKR-002536,LE-IE-SYNTH-001,ACTIVE,xwalk_v1.0.0
HRIS-WKR-002609,PAY-WKR-002537,LE-IE-SYNTH-001,ACTIVE,xwalk_v1.0.0
HRIS-WKR-002610,PAY-WKR-002538,LE-IE-SYNTH-001,ACTIVE,xwalk_v1.0.0
HRIS-WKR-002611,PAY-WKR-002539,LE-IE-SYNTH-001,ACTIVE,xwalk_v1.0.0
HRIS-WKR-002612,PAY-WKR-002540,LE-IE-SYNTH-001,ACTIVE,xwalk_v1.0.0
HRIS-WKR-002613,PAY-WKR-002541,LE-IE-SYNTH-001,ACTIVE,xwalk_v1.0.0
HRIS-WKR-002614,PAY-WKR-002542,LE-IE-SYNTH-001,ACTIVE,xwalk_v1.0.0
HRIS-WKR-002615,PAY-WKR-002543,LE-IE-SYNTH-001,ACTIVE,xwalk_v1.0.0
HRIS-WKR-002616,PAY-WKR-002544,LE-IE-SYNTH-001,ACTIVE,xwalk_v1.0.0
HRIS-WKR-002617,PAY-WKR-002545,LE-IE-SYNTH-001,ACTIVE,xwalk_v1.0.0
HRIS-WKR-002618,,LE-IE-SYNTH-001,MISSING,xwalk_v1.0.0
HRIS-WKR-002619,PAY-WKR-002546,LE-IE-SYNTH-001,ACTIVE,xwalk_v1.0.0
HRIS-WKR-002620,PAY-WKR-002547,LE-IE-SYNTH-001,ACTIVE,xwalk_v1.0.0
HRIS-WKR-002621,PAY-WKR-002548,LE-IE-SYNTH-001,ACTIVE,xwalk_v1.0.0
HRIS-WKR-002622,PAY-WKR-002549,LE-IE-SYNTH-001,ACTIVE,xwalk_v1.0.0
HRIS-WKR-002623,PAY-WKR-002550,LE-IE-SYNTH-001,ACTIVE,xwalk_v1.0.0
HRIS-WKR-002624,PAY-WKR-002551,LE-IE-SYNTH-001,ACTIVE,xwalk_v1.0.0
HRIS-WKR-002625,PAY-WKR-002552,LE-IE-SYNTH-001,ACTIVE,xwalk_v1.0.0
HRIS-WKR-002626,PAY-WKR-002553,LE-IE-SYNTH-001,ACTIVE,xwalk_v1.0.0
HRIS-WKR-002627,PAY-WKR-002554,LE-IE-SYNTH-001,ACTIVE,xwalk_v1.0.0
HRIS-WKR-002628,PAY-WKR-002555,LE-IE-SYNTH-001,ACTIVE,xwalk_v1.0.0
HRIS-WKR-002629,PAY-WKR-002556,LE-IE-SYNTH-001,ACTIVE,xwalk_v1.0.0
HRIS-WKR-002630,PAY-WKR-002557,LE-IE-SYNTH-001,ACTIVE,xwalk_v1.0.0
HRIS-WKR-002631,PAY-WKR-002558,LE-IE-SYNTH-001,ACTIVE,xwalk_v1.0.0
HRIS-WKR-002632,PAY-WKR-002559,LE-IE-SYNTH-001,ACTIVE,xwalk_v1.0.0
HRIS-WKR-002633,PAY-WKR-002560,LE-IE-SYNTH-001,ACTIVE,xwalk_v1.0.0
HRIS-WKR-002634,PAY-WKR-002561,LE-IE-SYNTH-001,ACTIVE,xwalk_v1.0.0
HRIS-WKR-002635,PAY-WKR-002562,LE-IE-SYNTH-001,ACTIVE,xwalk_v1.0.0
HRIS-WKR-002636,PAY-WKR-002563,LE-IE-SYNTH-001,ACTIVE,xwalk_v1.0.0
HRIS-WKR-002637,,LE-IE-SYNTH-001,MISSING,xwalk_v1.0.0
HRIS-WKR-002638,PAY-WKR-002564,LE-IE-SYNTH-001,ACTIVE,xwalk_v1.0.0
HRIS-WKR-002639,PAY-WKR-002565,LE-IE-SYNTH-001,ACTIVE,xwalk_v1.0.0
HRIS-WKR-002640,PAY-WKR-002566,LE-IE-SYNTH-001,ACTIVE,xwalk_v1.0.0
HRIS-WKR-002641,PAY-WKR-002567,LE-IE-SYNTH-001,ACTIVE,xwalk_v1.0.0
HRIS-WKR-002642,PAY-WKR-002568,LE-IE-SYNTH-001,ACTIVE,xwalk_v1.0.0
HRIS-WKR-002643,PAY-WKR-002569,LE-IE-SYNTH-001,ACTIVE,xwalk_v1.0.0
HRIS-WKR-002644,PAY-WKR-002570,LE-IE-SYNTH-001,ACTIVE,xwalk_v1.0.0
HRIS-WKR-002645,PAY-WKR-002571,LE-IE-SYNTH-001,ACTIVE,xwalk_v1.0.0
HRIS-WKR-002646,PAY-WKR-002572,LE-IE-SYNTH-001,ACTIVE,xwalk_v1.0.0
HRIS-WKR-002647,PAY-WKR-002573,LE-IE-SYNTH-001,ACTIVE,xwalk_v1.0.0
HRIS-WKR-002648,PAY-WKR-002574,LE-IE-SYNTH-001,ACTIVE,xwalk_v1.0.0
HRIS-WKR-002649,PAY-WKR-002575,LE-IE-SYNTH-001,ACTIVE,xwalk_v1.0.0
HRIS-WKR-002650,PAY-WKR-002576,LE-IE-SYNTH-001,ACTIVE,xwalk_v1.0.0
HRIS-WKR-002651,PAY-WKR-002577,LE-IE-SYNTH-001,ACTIVE,xwalk_v1.0.0
HRIS-WKR-002652,PAY-WKR-002578,LE-IE-SYNTH-001,ACTIVE,xwalk_v1.0.0
HRIS-WKR-002653,PAY-WKR-002579,LE-IE-SYNTH-001,ACTIVE,xwalk_v1.0.0
HRIS-WKR-002654,PAY-WKR-002580,LE-IE-SYNTH-001,ACTIVE,xwalk_v1.0.0
HRIS-WKR-002655,PAY-WKR-002581,LE-IE-SYNTH-001,ACTIVE,xwalk_v1.0.0
HRIS-WKR-002656,PAY-WKR-002582,LE-IE-SYNTH-001,ACTIVE,xwalk_v1.0.0
HRIS-WKR-002657,PAY-WKR-002583,LE-IE-SYNTH-001,ACTIVE,xwalk_v1.0.0
HRIS-WKR-002658,PAY-WKR-002584,LE-IE-SYNTH-001,ACTIVE,xwalk_v1.0.0
HRIS-WKR-002659,PAY-WKR-002585,LE-IE-SYNTH-001,ACTIVE,xwalk_v1.0.0
HRIS-WKR-002660,PAY-WKR-002586,LE-IE-SYNTH-001,ACTIVE,xwalk_v1.0.0
HRIS-WKR-002661,PAY-WKR-002587,LE-IE-SYNTH-001,ACTIVE,xwalk_v1.0.0
HRIS-WKR-002662,PAY-WKR-002588,LE-IE-SYNTH-001,ACTIVE,xwalk_v1.0.0
HRIS-WKR-002663,PAY-WKR-002589,LE-IE-SYNTH-001,ACTIVE,xwalk_v1.0.0
HRIS-WKR-002664,PAY-WKR-002590,LE-IE-SYNTH-001,ACTIVE,xwalk_v1.0.0
HRIS-WKR-002665,PAY-WKR-002591,LE-IE-SYNTH-001,ACTIVE,xwalk_v1.0.0
HRIS-WKR-002666,PAY-WKR-002592,LE-IE-SYNTH-001,ACTIVE,xwalk_v1.0.0
HRIS-WKR-002667,PAY-WKR-002593,LE-IE-SYNTH-001,ACTIVE,xwalk_v1.0.0
HRIS-WKR-002668,PAY-WKR-002594,LE-IE-SYNTH-001,ACTIVE,xwalk_v1.0.0
HRIS-WKR-002669,PAY-WKR-002595,LE-IE-SYNTH-001,ACTIVE,xwalk_v1.0.0
HRIS-WKR-002670,,LE-IE-SYNTH-001,MISSING,xwalk_v1.0.0
HRIS-WKR-002671,PAY-WKR-002596,LE-IE-SYNTH-001,ACTIVE,xwalk_v1.0.0
HRIS-WKR-002672,PAY-WKR-002597,LE-IE-SYNTH-001,ACTIVE,xwalk_v1.0.0
HRIS-WKR-002673,PAY-WKR-002598,LE-IE-SYNTH-001,ACTIVE,xwalk_v1.0.0
HRIS-WKR-002674,PAY-WKR-002599,LE-IE-SYNTH-001,ACTIVE,xwalk_v1.0.0
HRIS-WKR-002675,PAY-WKR-002600,LE-IE-SYNTH-001,ACTIVE,xwalk_v1.0.0
HRIS-WKR-002676,PAY-WKR-002601,LE-IE-SYNTH-001,ACTIVE,xwalk_v1.0.0
HRIS-WKR-002677,PAY-WKR-002602,LE-IE-SYNTH-001,ACTIVE,xwalk_v1.0.0
HRIS-WKR-002678,PAY-WKR-002603,LE-IE-SYNTH-001,ACTIVE,xwalk_v1.0.0
HRIS-WKR-002679,PAY-WKR-002604,LE-IE-SYNTH-001,ACTIVE,xwalk_v1.0.0
HRIS-WKR-002680,PAY-WKR-002605,LE-IE-SYNTH-001,ACTIVE,xwalk_v1.0.0
HRIS-WKR-002681,PAY-WKR-002606,LE-IE-SYNTH-001,ACTIVE,xwalk_v1.0.0
HRIS-WKR-002682,PAY-WKR-002607,LE-IE-SYNTH-001,ACTIVE,xwalk_v1.0.0
HRIS-WKR-002683,PAY-WKR-002608,LE-IE-SYNTH-001,ACTIVE,xwalk_v1.0.0
HRIS-WKR-002684,PAY-WKR-002609,LE-IE-SYNTH-001,ACTIVE,xwalk_v1.0.0
HRIS-WKR-002685,PAY-WKR-002610,LE-IE-SYNTH-001,ACTIVE,xwalk_v1.0.0
HRIS-WKR-002686,,LE-IE-SYNTH-001,MISSING,xwalk_v1.0.0
HRIS-WKR-002687,PAY-WKR-002611,LE-IE-SYNTH-001,ACTIVE,xwalk_v1.0.0
HRIS-WKR-002688,PAY-WKR-002612,LE-IE-SYNTH-001,ACTIVE,xwalk_v1.0.0
HRIS-WKR-002689,PAY-WKR-002613,LE-IE-SYNTH-001,ACTIVE,xwalk_v1.0.0
HRIS-WKR-002690,PAY-WKR-002614,LE-IE-SYNTH-001,ACTIVE,xwalk_v1.0.0
HRIS-WKR-002691,PAY-WKR-002615,LE-IE-SYNTH-001,ACTIVE,xwalk_v1.0.0
HRIS-WKR-002692,PAY-WKR-002616,LE-IE-SYNTH-001,ACTIVE,xwalk_v1.0.0
HRIS-WKR-002693,PAY-WKR-002617,LE-IE-SYNTH-001,ACTIVE,xwalk_v1.0.0
HRIS-WKR-002694,PAY-WKR-002618,LE-IE-SYNTH-001,ACTIVE,xwalk_v1.0.0
HRIS-WKR-002695,PAY-WKR-002619,LE-IE-SYNTH-001,ACTIVE,xwalk_v1.0.0
HRIS-WKR-002696,PAY-WKR-002620,LE-IE-SYNTH-001,ACTIVE,xwalk_v1.0.0
HRIS-WKR-002697,PAY-WKR-002621,LE-IE-SYNTH-001,ACTIVE,xwalk_v1.0.0
HRIS-WKR-002698,PAY-WKR-002622,LE-IE-SYNTH-001,ACTIVE,xwalk_v1.0.0
HRIS-WKR-002699,PAY-WKR-002623,LE-IE-SYNTH-001,ACTIVE,xwalk_v1.0.0
HRIS-WKR-002700,PAY-WKR-002624,LE-IE-SYNTH-001,ACTIVE,xwalk_v1.0.0
HRIS-WKR-002701,PAY-WKR-002625,LE-IE-SYNTH-001,ACTIVE,xwalk_v1.0.0
HRIS-WKR-002702,PAY-WKR-002626,LE-IE-SYNTH-001,ACTIVE,xwalk_v1.0.0
HRIS-WKR-002703,PAY-WKR-002627,LE-IE-SYNTH-001,ACTIVE,xwalk_v1.0.0
HRIS-WKR-002704,PAY-WKR-002628,LE-IE-SYNTH-001,ACTIVE,xwalk_v1.0.0
HRIS-WKR-002705,PAY-WKR-002629,LE-IE-SYNTH-001,ACTIVE,xwalk_v1.0.0
HRIS-WKR-002706,,LE-IE-SYNTH-001,MISSING,xwalk_v1.0.0
HRIS-WKR-002707,PAY-WKR-002630,LE-IE-SYNTH-001,ACTIVE,xwalk_v1.0.0
HRIS-WKR-002708,PAY-WKR-002631,LE-IE-SYNTH-001,ACTIVE,xwalk_v1.0.0
HRIS-WKR-002709,PAY-WKR-002632,LE-IE-SYNTH-001,ACTIVE,xwalk_v1.0.0
HRIS-WKR-002710,PAY-WKR-002633,LE-IE-SYNTH-001,ACTIVE,xwalk_v1.0.0
HRIS-WKR-002711,PAY-WKR-002634,LE-IE-SYNTH-001,ACTIVE,xwalk_v1.0.0
HRIS-WKR-002712,PAY-WKR-002635,LE-IE-SYNTH-001,ACTIVE,xwalk_v1.0.0
HRIS-WKR-002713,PAY-WKR-002636,LE-IE-SYNTH-001,ACTIVE,xwalk_v1.0.0
HRIS-WKR-002714,PAY-WKR-002637,LE-IE-SYNTH-001,ACTIVE,xwalk_v1.0.0
HRIS-WKR-002715,PAY-WKR-002638,LE-IE-SYNTH-001,ACTIVE,xwalk_v1.0.0
HRIS-WKR-002716,PAY-WKR-002639,LE-IE-SYNTH-001,ACTIVE,xwalk_v1.0.0
HRIS-WKR-002717,PAY-WKR-002640,LE-IE-SYNTH-001,ACTIVE,xwalk_v1.0.0
HRIS-WKR-002718,PAY-WKR-002641,LE-IE-SYNTH-001,ACTIVE,xwalk_v1.0.0
HRIS-WKR-002719,PAY-WKR-002642,LE-IE-SYNTH-001,ACTIVE,xwalk_v1.0.0
HRIS-WKR-002720,PAY-WKR-002643,LE-IE-SYNTH-001,ACTIVE,xwalk_v1.0.0
HRIS-WKR-002721,PAY-WKR-002644,LE-IE-SYNTH-001,ACTIVE,xwalk_v1.0.0
HRIS-WKR-002722,PAY-WKR-002645,LE-IE-SYNTH-001,ACTIVE,xwalk_v1.0.0
HRIS-WKR-002723,PAY-WKR-002646,LE-IE-SYNTH-001,ACTIVE,xwalk_v1.0.0
HRIS-WKR-002724,PAY-WKR-002647,LE-IE-SYNTH-001,ACTIVE,xwalk_v1.0.0
HRIS-WKR-002725,PAY-WKR-002648,LE-IE-SYNTH-001,ACTIVE,xwalk_v1.0.0
HRIS-WKR-002726,PAY-WKR-002649,LE-IE-SYNTH-001,ACTIVE,xwalk_v1.0.0
HRIS-WKR-002727,,LE-IE-SYNTH-001,MISSING,xwalk_v1.0.0
HRIS-WKR-002728,PAY-WKR-002650,LE-IE-SYNTH-001,ACTIVE,xwalk_v1.0.0
HRIS-WKR-002729,PAY-WKR-002651,LE-IE-SYNTH-001,ACTIVE,xwalk_v1.0.0
HRIS-WKR-002730,PAY-WKR-002652,LE-IE-SYNTH-001,ACTIVE,xwalk_v1.0.0
HRIS-WKR-002731,PAY-WKR-002653,LE-IE-SYNTH-001,ACTIVE,xwalk_v1.0.0
HRIS-WKR-002732,PAY-WKR-002654,LE-IE-SYNTH-001,ACTIVE,xwalk_v1.0.0
HRIS-WKR-002733,PAY-WKR-002655,LE-IE-SYNTH-001,ACTIVE,xwalk_v1.0.0
HRIS-WKR-002734,PAY-WKR-002656,LE-IE-SYNTH-001,ACTIVE,xwalk_v1.0.0
HRIS-WKR-002735,PAY-WKR-002657,LE-IE-SYNTH-001,ACTIVE,xwalk_v1.0.0
HRIS-WKR-002736,PAY-WKR-002658,LE-IE-SYNTH-001,ACTIVE,xwalk_v1.0.0
HRIS-WKR-002737,PAY-WKR-002659,LE-IE-SYNTH-001,ACTIVE,xwalk_v1.0.0
HRIS-WKR-002738,PAY-WKR-002660,LE-IE-SYNTH-001,ACTIVE,xwalk_v1.0.0
HRIS-WKR-002739,PAY-WKR-002661,LE-IE-SYNTH-001,ACTIVE,xwalk_v1.0.0
HRIS-WKR-002740,PAY-WKR-002662,LE-IE-SYNTH-001,ACTIVE,xwalk_v1.0.0
HRIS-WKR-002741,PAY-WKR-002663,LE-IE-SYNTH-001,ACTIVE,xwalk_v1.0.0
HRIS-WKR-002742,PAY-WKR-002664,LE-IE-SYNTH-001,ACTIVE,xwalk_v1.0.0
HRIS-WKR-002743,PAY-WKR-002665,LE-IE-SYNTH-001,ACTIVE,xwalk_v1.0.0
HRIS-WKR-002744,PAY-WKR-002666,LE-IE-SYNTH-001,ACTIVE,xwalk_v1.0.0
HRIS-WKR-002745,PAY-WKR-002667,LE-IE-SYNTH-001,ACTIVE,xwalk_v1.0.0
HRIS-WKR-002746,PAY-WKR-002668,LE-IE-SYNTH-001,ACTIVE,xwalk_v1.0.0
HRIS-WKR-002747,PAY-WKR-002669,LE-IE-SYNTH-001,ACTIVE,xwalk_v1.0.0
HRIS-WKR-002748,PAY-WKR-002670,LE-IE-SYNTH-001,ACTIVE,xwalk_v1.0.0
HRIS-WKR-002749,PAY-WKR-002671,LE-IE-SYNTH-001,ACTIVE,xwalk_v1.0.0
HRIS-WKR-002750,PAY-WKR-002672,LE-IE-SYNTH-001,ACTIVE,xwalk_v1.0.0
HRIS-WKR-002751,PAY-WKR-002673,LE-IE-SYNTH-001,ACTIVE,xwalk_v1.0.0
HRIS-WKR-002752,PAY-WKR-002674,LE-IE-SYNTH-001,ACTIVE,xwalk_v1.0.0
HRIS-WKR-002753,PAY-WKR-002675,LE-IE-SYNTH-001,ACTIVE,xwalk_v1.0.0
HRIS-WKR-002754,PAY-WKR-002676,LE-IE-SYNTH-001,ACTIVE,xwalk_v1.0.0
HRIS-WKR-002755,PAY-WKR-002677,LE-IE-SYNTH-001,ACTIVE,xwalk_v1.0.0
HRIS-WKR-002756,PAY-WKR-002678,LE-IE-SYNTH-001,ACTIVE,xwalk_v1.0.0
HRIS-WKR-002757,PAY-WKR-002679,LE-IE-SYNTH-001,ACTIVE,xwalk_v1.0.0
HRIS-WKR-002758,PAY-WKR-002680,LE-IE-SYNTH-001,ACTIVE,xwalk_v1.0.0
HRIS-WKR-002759,PAY-WKR-002681,LE-IE-SYNTH-001,ACTIVE,xwalk_v1.0.0
HRIS-WKR-002760,PAY-WKR-002682,LE-IE-SYNTH-001,ACTIVE,xwalk_v1.0.0
HRIS-WKR-002761,PAY-WKR-002683,LE-IE-SYNTH-001,ACTIVE,xwalk_v1.0.0
HRIS-WKR-002762,PAY-WKR-002684,LE-IE-SYNTH-001,ACTIVE,xwalk_v1.0.0
HRIS-WKR-002763,PAY-WKR-002685,LE-IE-SYNTH-001,ACTIVE,xwalk_v1.0.0
HRIS-WKR-002764,PAY-WKR-002686,LE-IE-SYNTH-001,ACTIVE,xwalk_v1.0.0
HRIS-WKR-002765,PAY-WKR-002687,LE-IE-SYNTH-001,ACTIVE,xwalk_v1.0.0
HRIS-WKR-002766,,LE-IE-SYNTH-001,MISSING,xwalk_v1.0.0
HRIS-WKR-002767,PAY-WKR-002688,LE-IE-SYNTH-001,ACTIVE,xwalk_v1.0.0
HRIS-WKR-002768,PAY-WKR-002689,LE-IE-SYNTH-001,ACTIVE,xwalk_v1.0.0
HRIS-WKR-002769,PAY-WKR-002690,LE-IE-SYNTH-001,ACTIVE,xwalk_v1.0.0
HRIS-WKR-002770,PAY-WKR-002691,LE-IE-SYNTH-001,ACTIVE,xwalk_v1.0.0
HRIS-WKR-002771,PAY-WKR-002692,LE-IE-SYNTH-001,ACTIVE,xwalk_v1.0.0
HRIS-WKR-002772,PAY-WKR-002693,LE-IE-SYNTH-001,ACTIVE,xwalk_v1.0.0
HRIS-WKR-002773,PAY-WKR-002694,LE-IE-SYNTH-001,ACTIVE,xwalk_v1.0.0
HRIS-WKR-002774,PAY-WKR-002695,LE-IE-SYNTH-001,ACTIVE,xwalk_v1.0.0
HRIS-WKR-002775,,LE-IE-SYNTH-001,MISSING,xwalk_v1.0.0
HRIS-WKR-002776,PAY-WKR-002696,LE-IE-SYNTH-001,ACTIVE,xwalk_v1.0.0
HRIS-WKR-002777,PAY-WKR-002697,LE-IE-SYNTH-001,ACTIVE,xwalk_v1.0.0
HRIS-WKR-002778,PAY-WKR-002698,LE-IE-SYNTH-001,ACTIVE,xwalk_v1.0.0
HRIS-WKR-002779,PAY-WKR-002699,LE-IE-SYNTH-001,ACTIVE,xwalk_v1.0.0
HRIS-WKR-002780,PAY-WKR-002700,LE-IE-SYNTH-001,ACTIVE,xwalk_v1.0.0
HRIS-WKR-002781,PAY-WKR-002701,LE-IE-SYNTH-001,ACTIVE,xwalk_v1.0.0
HRIS-WKR-002782,PAY-WKR-002702,LE-IE-SYNTH-001,ACTIVE,xwalk_v1.0.0
HRIS-WKR-002783,PAY-WKR-002703,LE-IE-SYNTH-001,ACTIVE,xwalk_v1.0.0
HRIS-WKR-002784,PAY-WKR-002704,LE-IE-SYNTH-001,ACTIVE,xwalk_v1.0.0
HRIS-WKR-002785,,LE-IE-SYNTH-001,MISSING,xwalk_v1.0.0
HRIS-WKR-002786,PAY-WKR-002705,LE-IE-SYNTH-001,ACTIVE,xwalk_v1.0.0
HRIS-WKR-002787,PAY-WKR-002706,LE-IE-SYNTH-001,ACTIVE,xwalk_v1.0.0
HRIS-WKR-002788,PAY-WKR-002707,LE-IE-SYNTH-001,ACTIVE,xwalk_v1.0.0
HRIS-WKR-002789,PAY-WKR-002708,LE-IE-SYNTH-001,ACTIVE,xwalk_v1.0.0
HRIS-WKR-002790,PAY-WKR-002709,LE-IE-SYNTH-001,ACTIVE,xwalk_v1.0.0
HRIS-WKR-002791,PAY-WKR-002710,LE-IE-SYNTH-001,ACTIVE,xwalk_v1.0.0
HRIS-WKR-002792,PAY-WKR-002711,LE-IE-SYNTH-001,ACTIVE,xwalk_v1.0.0
HRIS-WKR-002793,PAY-WKR-002712,LE-IE-SYNTH-001,ACTIVE,xwalk_v1.0.0
HRIS-WKR-002794,,LE-IE-SYNTH-001,MISSING,xwalk_v1.0.0
HRIS-WKR-002795,PAY-WKR-002713,LE-IE-SYNTH-001,ACTIVE,xwalk_v1.0.0
HRIS-WKR-002796,PAY-WKR-002714,LE-IE-SYNTH-001,ACTIVE,xwalk_v1.0.0
HRIS-WKR-002797,PAY-WKR-002715,LE-IE-SYNTH-001,ACTIVE,xwalk_v1.0.0
HRIS-WKR-002798,PAY-WKR-002716,LE-IE-SYNTH-001,ACTIVE,xwalk_v1.0.0
HRIS-WKR-002799,PAY-WKR-002717,LE-IE-SYNTH-001,ACTIVE,xwalk_v1.0.0
HRIS-WKR-002800,PAY-WKR-002718,LE-IE-SYNTH-001,ACTIVE,xwalk_v1.0.0
HRIS-WKR-002801,PAY-WKR-002719,LE-IE-SYNTH-001,ACTIVE,xwalk_v1.0.0
HRIS-WKR-002802,PAY-WKR-002720,LE-IE-SYNTH-001,ACTIVE,xwalk_v1.0.0
HRIS-WKR-002803,PAY-WKR-002721,LE-IE-SYNTH-001,ACTIVE,xwalk_v1.0.0
HRIS-WKR-002804,PAY-WKR-002722,LE-IE-SYNTH-001,ACTIVE,xwalk_v1.0.0
HRIS-WKR-002805,PAY-WKR-002723,LE-IE-SYNTH-001,ACTIVE,xwalk_v1.0.0
HRIS-WKR-002806,PAY-WKR-002724,LE-IE-SYNTH-001,ACTIVE,xwalk_v1.0.0
HRIS-WKR-002807,PAY-WKR-002725,LE-IE-SYNTH-001,ACTIVE,xwalk_v1.0.0
HRIS-WKR-002808,PAY-WKR-002726,LE-IE-SYNTH-001,ACTIVE,xwalk_v1.0.0
HRIS-WKR-002809,PAY-WKR-002727,LE-IE-SYNTH-001,ACTIVE,xwalk_v1.0.0
HRIS-WKR-002810,PAY-WKR-002728,LE-IE-SYNTH-001,ACTIVE,xwalk_v1.0.0
HRIS-WKR-002811,PAY-WKR-002729,LE-IE-SYNTH-001,ACTIVE,xwalk_v1.0.0
HRIS-WKR-002812,PAY-WKR-002730,LE-IE-SYNTH-001,ACTIVE,xwalk_v1.0.0
HRIS-WKR-002813,PAY-WKR-002731,LE-IE-SYNTH-001,ACTIVE,xwalk_v1.0.0
HRIS-WKR-002814,PAY-WKR-002732,LE-IE-SYNTH-001,ACTIVE,xwalk_v1.0.0
HRIS-WKR-002815,PAY-WKR-002733,LE-IE-SYNTH-001,ACTIVE,xwalk_v1.0.0
HRIS-WKR-002816,PAY-WKR-002734,LE-IE-SYNTH-001,ACTIVE,xwalk_v1.0.0
HRIS-WKR-002817,PAY-WKR-002735,LE-IE-SYNTH-001,ACTIVE,xwalk_v1.0.0
HRIS-WKR-002818,PAY-WKR-002736,LE-IE-SYNTH-001,ACTIVE,xwalk_v1.0.0
HRIS-WKR-002819,PAY-WKR-002737,LE-IE-SYNTH-001,ACTIVE,xwalk_v1.0.0
HRIS-WKR-002820,PAY-WKR-002738,LE-IE-SYNTH-001,ACTIVE,xwalk_v1.0.0
HRIS-WKR-002821,PAY-WKR-002739,LE-IE-SYNTH-001,ACTIVE,xwalk_v1.0.0
HRIS-WKR-002822,PAY-WKR-002740,LE-IE-SYNTH-001,ACTIVE,xwalk_v1.0.0
HRIS-WKR-002823,PAY-WKR-002741,LE-IE-SYNTH-001,ACTIVE,xwalk_v1.0.0
HRIS-WKR-002824,PAY-WKR-002742,LE-IE-SYNTH-001,ACTIVE,xwalk_v1.0.0
HRIS-WKR-002825,PAY-WKR-002743,LE-IE-SYNTH-001,ACTIVE,xwalk_v1.0.0
HRIS-WKR-002826,PAY-WKR-002744,LE-IE-SYNTH-001,ACTIVE,xwalk_v1.0.0
HRIS-WKR-002827,PAY-WKR-002745,LE-IE-SYNTH-001,ACTIVE,xwalk_v1.0.0
HRIS-WKR-002828,PAY-WKR-002746,LE-IE-SYNTH-001,ACTIVE,xwalk_v1.0.0
HRIS-WKR-002829,PAY-WKR-002747,LE-IE-SYNTH-001,ACTIVE,xwalk_v1.0.0
HRIS-WKR-002830,PAY-WKR-002748,LE-IE-SYNTH-001,ACTIVE,xwalk_v1.0.0
HRIS-WKR-002831,PAY-WKR-002749,LE-IE-SYNTH-001,ACTIVE,xwalk_v1.0.0
HRIS-WKR-002832,PAY-WKR-002750,LE-IE-SYNTH-001,ACTIVE,xwalk_v1.0.0
HRIS-WKR-002833,PAY-WKR-002751,LE-IE-SYNTH-001,ACTIVE,xwalk_v1.0.0
HRIS-WKR-002834,PAY-WKR-002752,LE-IE-SYNTH-001,ACTIVE,xwalk_v1.0.0
HRIS-WKR-002835,PAY-WKR-002753,LE-IE-SYNTH-001,ACTIVE,xwalk_v1.0.0
HRIS-WKR-002836,PAY-WKR-002754,LE-IE-SYNTH-001,ACTIVE,xwalk_v1.0.0
HRIS-WKR-002837,PAY-WKR-002755,LE-IE-SYNTH-001,ACTIVE,xwalk_v1.0.0
HRIS-WKR-002838,PAY-WKR-002756,LE-IE-SYNTH-001,ACTIVE,xwalk_v1.0.0
HRIS-WKR-002839,PAY-WKR-002757,LE-IE-SYNTH-001,ACTIVE,xwalk_v1.0.0
HRIS-WKR-002840,PAY-WKR-002758,LE-IE-SYNTH-001,ACTIVE,xwalk_v1.0.0
HRIS-WKR-002841,PAY-WKR-002759,LE-IE-SYNTH-001,ACTIVE,xwalk_v1.0.0
HRIS-WKR-002842,PAY-WKR-002760,LE-IE-SYNTH-001,ACTIVE,xwalk_v1.0.0
HRIS-WKR-002843,PAY-WKR-002761,LE-IE-SYNTH-001,ACTIVE,xwalk_v1.0.0
HRIS-WKR-002844,PAY-WKR-002762,LE-IE-SYNTH-001,ACTIVE,xwalk_v1.0.0
HRIS-WKR-002845,PAY-WKR-002763,LE-IE-SYNTH-001,ACTIVE,xwalk_v1.0.0
HRIS-WKR-002846,PAY-WKR-002764,LE-IE-SYNTH-001,ACTIVE,xwalk_v1.0.0
HRIS-WKR-002847,PAY-WKR-002765,LE-IE-SYNTH-001,ACTIVE,xwalk_v1.0.0
HRIS-WKR-002848,PAY-WKR-002766,LE-IE-SYNTH-001,ACTIVE,xwalk_v1.0.0
HRIS-WKR-002849,PAY-WKR-002767,LE-IE-SYNTH-001,ACTIVE,xwalk_v1.0.0
HRIS-WKR-002850,PAY-WKR-002768,LE-IE-SYNTH-001,ACTIVE,xwalk_v1.0.0
HRIS-WKR-002851,PAY-WKR-002769,LE-IE-SYNTH-001,ACTIVE,xwalk_v1.0.0
HRIS-WKR-002852,PAY-WKR-002770,LE-IE-SYNTH-001,ACTIVE,xwalk_v1.0.0
HRIS-WKR-002853,PAY-WKR-002771,LE-IE-SYNTH-001,ACTIVE,xwalk_v1.0.0
HRIS-WKR-002854,,LE-IE-SYNTH-001,MISSING,xwalk_v1.0.0
HRIS-WKR-002855,PAY-WKR-002772,LE-IE-SYNTH-001,ACTIVE,xwalk_v1.0.0
HRIS-WKR-002856,PAY-WKR-002773,LE-IE-SYNTH-001,ACTIVE,xwalk_v1.0.0
HRIS-WKR-002857,PAY-WKR-002774,LE-IE-SYNTH-001,ACTIVE,xwalk_v1.0.0
HRIS-WKR-002858,PAY-WKR-002775,LE-IE-SYNTH-001,ACTIVE,xwalk_v1.0.0
HRIS-WKR-002859,PAY-WKR-002776,LE-IE-SYNTH-001,ACTIVE,xwalk_v1.0.0
HRIS-WKR-002860,PAY-WKR-002777,LE-IE-SYNTH-001,ACTIVE,xwalk_v1.0.0
HRIS-WKR-002861,PAY-WKR-002778,LE-IE-SYNTH-001,ACTIVE,xwalk_v1.0.0
HRIS-WKR-002862,PAY-WKR-002779,LE-IE-SYNTH-001,ACTIVE,xwalk_v1.0.0
HRIS-WKR-002863,PAY-WKR-002780,LE-IE-SYNTH-001,ACTIVE,xwalk_v1.0.0
HRIS-WKR-002864,PAY-WKR-002781,LE-IE-SYNTH-001,ACTIVE,xwalk_v1.0.0
HRIS-WKR-002865,PAY-WKR-002782,LE-IE-SYNTH-001,ACTIVE,xwalk_v1.0.0
HRIS-WKR-002866,PAY-WKR-002783,LE-IE-SYNTH-001,ACTIVE,xwalk_v1.0.0
HRIS-WKR-002867,PAY-WKR-002784,LE-IE-SYNTH-001,ACTIVE,xwalk_v1.0.0
HRIS-WKR-002868,,LE-IE-SYNTH-001,MISSING,xwalk_v1.0.0
HRIS-WKR-002869,PAY-WKR-002785,LE-IE-SYNTH-001,ACTIVE,xwalk_v1.0.0
HRIS-WKR-002870,PAY-WKR-002786,LE-IE-SYNTH-001,ACTIVE,xwalk_v1.0.0
HRIS-WKR-002871,PAY-WKR-002787,LE-IE-SYNTH-001,ACTIVE,xwalk_v1.0.0
HRIS-WKR-002872,PAY-WKR-002788,LE-IE-SYNTH-001,ACTIVE,xwalk_v1.0.0
HRIS-WKR-002873,PAY-WKR-002789,LE-IE-SYNTH-001,ACTIVE,xwalk_v1.0.0
HRIS-WKR-002874,PAY-WKR-002790,LE-IE-SYNTH-001,ACTIVE,xwalk_v1.0.0
HRIS-WKR-002875,PAY-WKR-002791,LE-IE-SYNTH-001,ACTIVE,xwalk_v1.0.0
HRIS-WKR-002876,PAY-WKR-002792,LE-IE-SYNTH-001,ACTIVE,xwalk_v1.0.0
HRIS-WKR-002877,PAY-WKR-002793,LE-IE-SYNTH-001,ACTIVE,xwalk_v1.0.0
HRIS-WKR-002878,PAY-WKR-002794,LE-IE-SYNTH-001,ACTIVE,xwalk_v1.0.0
HRIS-WKR-002879,PAY-WKR-002795,LE-IE-SYNTH-001,ACTIVE,xwalk_v1.0.0
HRIS-WKR-002880,PAY-WKR-002796,LE-IE-SYNTH-001,ACTIVE,xwalk_v1.0.0
HRIS-WKR-002881,PAY-WKR-002797,LE-IE-SYNTH-001,ACTIVE,xwalk_v1.0.0
HRIS-WKR-002882,PAY-WKR-002798,LE-IE-SYNTH-001,ACTIVE,xwalk_v1.0.0
HRIS-WKR-002883,PAY-WKR-002799,LE-IE-SYNTH-001,ACTIVE,xwalk_v1.0.0
HRIS-WKR-002884,PAY-WKR-002800,LE-IE-SYNTH-001,ACTIVE,xwalk_v1.0.0
HRIS-WKR-002885,PAY-WKR-002801,LE-IE-SYNTH-001,ACTIVE,xwalk_v1.0.0
HRIS-WKR-002886,,LE-IE-SYNTH-001,MISSING,xwalk_v1.0.0
HRIS-WKR-002887,PAY-WKR-002802,LE-IE-SYNTH-001,ACTIVE,xwalk_v1.0.0
HRIS-WKR-002888,,LE-IE-SYNTH-001,MISSING,xwalk_v1.0.0
HRIS-WKR-002889,PAY-WKR-002803,LE-IE-SYNTH-001,ACTIVE,xwalk_v1.0.0
HRIS-WKR-002890,PAY-WKR-002804,LE-IE-SYNTH-001,ACTIVE,xwalk_v1.0.0
HRIS-WKR-002891,PAY-WKR-002805,LE-IE-SYNTH-001,ACTIVE,xwalk_v1.0.0
HRIS-WKR-002892,PAY-WKR-002806,LE-IE-SYNTH-001,ACTIVE,xwalk_v1.0.0
HRIS-WKR-002893,PAY-WKR-002807,LE-IE-SYNTH-001,ACTIVE,xwalk_v1.0.0
HRIS-WKR-002894,PAY-WKR-002808,LE-IE-SYNTH-001,ACTIVE,xwalk_v1.0.0
HRIS-WKR-002895,PAY-WKR-002809,LE-IE-SYNTH-001,ACTIVE,xwalk_v1.0.0
HRIS-WKR-002896,PAY-WKR-002810,LE-IE-SYNTH-001,ACTIVE,xwalk_v1.0.0
HRIS-WKR-002897,PAY-WKR-002811,LE-IE-SYNTH-001,ACTIVE,xwalk_v1.0.0
HRIS-WKR-002898,PAY-WKR-002812,LE-IE-SYNTH-001,ACTIVE,xwalk_v1.0.0
HRIS-WKR-002899,PAY-WKR-002813,LE-IE-SYNTH-001,ACTIVE,xwalk_v1.0.0
HRIS-WKR-002900,PAY-WKR-002814,LE-IE-SYNTH-001,ACTIVE,xwalk_v1.0.0
HRIS-WKR-002901,PAY-WKR-002815,LE-IE-SYNTH-001,ACTIVE,xwalk_v1.0.0
HRIS-WKR-002902,PAY-WKR-002816,LE-IE-SYNTH-001,ACTIVE,xwalk_v1.0.0
HRIS-WKR-002903,PAY-WKR-002817,LE-IE-SYNTH-001,ACTIVE,xwalk_v1.0.0
HRIS-WKR-002904,PAY-WKR-002818,LE-IE-SYNTH-001,ACTIVE,xwalk_v1.0.0
HRIS-WKR-002905,PAY-WKR-002819,LE-IE-SYNTH-001,ACTIVE,xwalk_v1.0.0
HRIS-WKR-002906,PAY-WKR-002820,LE-IE-SYNTH-001,ACTIVE,xwalk_v1.0.0
HRIS-WKR-002907,PAY-WKR-002821,LE-IE-SYNTH-001,ACTIVE,xwalk_v1.0.0
HRIS-WKR-002908,PAY-WKR-002822,LE-IE-SYNTH-001,ACTIVE,xwalk_v1.0.0
HRIS-WKR-002909,PAY-WKR-002823,LE-IE-SYNTH-001,ACTIVE,xwalk_v1.0.0
HRIS-WKR-002910,PAY-WKR-002824,LE-IE-SYNTH-001,ACTIVE,xwalk_v1.0.0
HRIS-WKR-002911,PAY-WKR-002825,LE-IE-SYNTH-001,ACTIVE,xwalk_v1.0.0
HRIS-WKR-002912,PAY-WKR-002826,LE-IE-SYNTH-001,ACTIVE,xwalk_v1.0.0
HRIS-WKR-002913,PAY-WKR-002827,LE-IE-SYNTH-001,ACTIVE,xwalk_v1.0.0
HRIS-WKR-002914,PAY-WKR-002828,LE-IE-SYNTH-001,ACTIVE,xwalk_v1.0.0
HRIS-WKR-002915,PAY-WKR-002829,LE-IE-SYNTH-001,ACTIVE,xwalk_v1.0.0
HRIS-WKR-002916,PAY-WKR-002830,LE-IE-SYNTH-001,ACTIVE,xwalk_v1.0.0
HRIS-WKR-002917,PAY-WKR-002831,LE-IE-SYNTH-001,ACTIVE,xwalk_v1.0.0
HRIS-WKR-002918,PAY-WKR-002832,LE-IE-SYNTH-001,ACTIVE,xwalk_v1.0.0
HRIS-WKR-002919,PAY-WKR-002833,LE-IE-SYNTH-001,ACTIVE,xwalk_v1.0.0
HRIS-WKR-002920,PAY-WKR-002834,LE-IE-SYNTH-001,ACTIVE,xwalk_v1.0.0
HRIS-WKR-002921,PAY-WKR-002835,LE-IE-SYNTH-001,ACTIVE,xwalk_v1.0.0
HRIS-WKR-002922,PAY-WKR-002836,LE-IE-SYNTH-001,ACTIVE,xwalk_v1.0.0
HRIS-WKR-002923,PAY-WKR-002837,LE-IE-SYNTH-001,ACTIVE,xwalk_v1.0.0
HRIS-WKR-002924,PAY-WKR-002838,LE-IE-SYNTH-001,ACTIVE,xwalk_v1.0.0
HRIS-WKR-002925,PAY-WKR-002839,LE-IE-SYNTH-001,ACTIVE,xwalk_v1.0.0
HRIS-WKR-002926,PAY-WKR-002840,LE-IE-SYNTH-001,ACTIVE,xwalk_v1.0.0
HRIS-WKR-002927,PAY-WKR-002841,LE-IE-SYNTH-001,ACTIVE,xwalk_v1.0.0
HRIS-WKR-002928,PAY-WKR-002842,LE-IE-SYNTH-001,ACTIVE,xwalk_v1.0.0
HRIS-WKR-002929,PAY-WKR-002843,LE-IE-SYNTH-001,ACTIVE,xwalk_v1.0.0
HRIS-WKR-002930,PAY-WKR-002844,LE-IE-SYNTH-001,ACTIVE,xwalk_v1.0.0
HRIS-WKR-002931,PAY-WKR-002845,LE-IE-SYNTH-001,ACTIVE,xwalk_v1.0.0
HRIS-WKR-002932,PAY-WKR-002846,LE-IE-SYNTH-001,ACTIVE,xwalk_v1.0.0
HRIS-WKR-002933,PAY-WKR-002847,LE-IE-SYNTH-001,ACTIVE,xwalk_v1.0.0
HRIS-WKR-002934,PAY-WKR-002848,LE-IE-SYNTH-001,ACTIVE,xwalk_v1.0.0
HRIS-WKR-002935,PAY-WKR-002849,LE-IE-SYNTH-001,ACTIVE,xwalk_v1.0.0
HRIS-WKR-002936,PAY-WKR-002850,LE-IE-SYNTH-001,ACTIVE,xwalk_v1.0.0
HRIS-WKR-002937,PAY-WKR-002851,LE-IE-SYNTH-001,ACTIVE,xwalk_v1.0.0
HRIS-WKR-002938,PAY-WKR-002852,LE-IE-SYNTH-001,ACTIVE,xwalk_v1.0.0
HRIS-WKR-002939,PAY-WKR-002853,LE-IE-SYNTH-001,ACTIVE,xwalk_v1.0.0
HRIS-WKR-002940,PAY-WKR-002854,LE-IE-SYNTH-001,ACTIVE,xwalk_v1.0.0
HRIS-WKR-002941,PAY-WKR-002855,LE-IE-SYNTH-001,ACTIVE,xwalk_v1.0.0
HRIS-WKR-002942,PAY-WKR-002856,LE-IE-SYNTH-001,ACTIVE,xwalk_v1.0.0
HRIS-WKR-002943,PAY-WKR-002857,LE-IE-SYNTH-001,ACTIVE,xwalk_v1.0.0
HRIS-WKR-002944,PAY-WKR-002858,LE-IE-SYNTH-001,ACTIVE,xwalk_v1.0.0
HRIS-WKR-002945,PAY-WKR-002859,LE-IE-SYNTH-001,ACTIVE,xwalk_v1.0.0
HRIS-WKR-002946,PAY-WKR-002860,LE-IE-SYNTH-001,ACTIVE,xwalk_v1.0.0
HRIS-WKR-002947,PAY-WKR-002861,LE-IE-SYNTH-001,ACTIVE,xwalk_v1.0.0
HRIS-WKR-002948,PAY-WKR-002862,LE-IE-SYNTH-001,ACTIVE,xwalk_v1.0.0
HRIS-WKR-002949,PAY-WKR-002863,LE-IE-SYNTH-001,ACTIVE,xwalk_v1.0.0
HRIS-WKR-002950,PAY-WKR-002864,LE-IE-SYNTH-001,ACTIVE,xwalk_v1.0.0
HRIS-WKR-002951,PAY-WKR-002865,LE-IE-SYNTH-001,ACTIVE,xwalk_v1.0.0
HRIS-WKR-002952,PAY-WKR-002866,LE-IE-SYNTH-001,ACTIVE,xwalk_v1.0.0
HRIS-WKR-002953,PAY-WKR-002867,LE-IE-SYNTH-001,ACTIVE,xwalk_v1.0.0
HRIS-WKR-002954,PAY-WKR-002868,LE-IE-SYNTH-001,ACTIVE,xwalk_v1.0.0
HRIS-WKR-002955,PAY-WKR-002869,LE-IE-SYNTH-001,ACTIVE,xwalk_v1.0.0
HRIS-WKR-002956,PAY-WKR-002870,LE-IE-SYNTH-001,ACTIVE,xwalk_v1.0.0
HRIS-WKR-002957,PAY-WKR-002871,LE-IE-SYNTH-001,ACTIVE,xwalk_v1.0.0
HRIS-WKR-002958,PAY-WKR-002872,LE-IE-SYNTH-001,ACTIVE,xwalk_v1.0.0
HRIS-WKR-002959,PAY-WKR-002873,LE-IE-SYNTH-001,ACTIVE,xwalk_v1.0.0
HRIS-WKR-002960,PAY-WKR-002874,LE-IE-SYNTH-001,ACTIVE,xwalk_v1.0.0
HRIS-WKR-002961,PAY-WKR-002875,LE-IE-SYNTH-001,ACTIVE,xwalk_v1.0.0
HRIS-WKR-002962,PAY-WKR-002876,LE-IE-SYNTH-001,ACTIVE,xwalk_v1.0.0
HRIS-WKR-002963,PAY-WKR-002877,LE-IE-SYNTH-001,ACTIVE,xwalk_v1.0.0
HRIS-WKR-002964,PAY-WKR-002878,LE-IE-SYNTH-001,ACTIVE,xwalk_v1.0.0
HRIS-WKR-002965,PAY-WKR-002879,LE-IE-SYNTH-001,ACTIVE,xwalk_v1.0.0
HRIS-WKR-002966,PAY-WKR-002880,LE-IE-SYNTH-001,ACTIVE,xwalk_v1.0.0
HRIS-WKR-002967,PAY-WKR-002881,LE-IE-SYNTH-001,ACTIVE,xwalk_v1.0.0
HRIS-WKR-002968,PAY-WKR-002882,LE-IE-SYNTH-001,ACTIVE,xwalk_v1.0.0
HRIS-WKR-002969,PAY-WKR-002883,LE-IE-SYNTH-001,ACTIVE,xwalk_v1.0.0
HRIS-WKR-002970,PAY-WKR-002884,LE-IE-SYNTH-001,ACTIVE,xwalk_v1.0.0
HRIS-WKR-002971,PAY-WKR-002885,LE-IE-SYNTH-001,ACTIVE,xwalk_v1.0.0
HRIS-WKR-002972,PAY-WKR-002886,LE-IE-SYNTH-001,ACTIVE,xwalk_v1.0.0
HRIS-WKR-002973,PAY-WKR-002887,LE-IE-SYNTH-001,ACTIVE,xwalk_v1.0.0
HRIS-WKR-002974,PAY-WKR-002888,LE-IE-SYNTH-001,ACTIVE,xwalk_v1.0.0
HRIS-WKR-002975,PAY-WKR-002889,LE-IE-SYNTH-001,ACTIVE,xwalk_v1.0.0
HRIS-WKR-002976,PAY-WKR-002890,LE-IE-SYNTH-001,ACTIVE,xwalk_v1.0.0
HRIS-WKR-002977,PAY-WKR-002891,LE-IE-SYNTH-001,ACTIVE,xwalk_v1.0.0
HRIS-WKR-002978,PAY-WKR-002892,LE-IE-SYNTH-001,ACTIVE,xwalk_v1.0.0
HRIS-WKR-002979,PAY-WKR-002893,LE-IE-SYNTH-001,ACTIVE,xwalk_v1.0.0
HRIS-WKR-002980,PAY-WKR-002894,LE-IE-SYNTH-001,ACTIVE,xwalk_v1.0.0
HRIS-WKR-002981,PAY-WKR-002895,LE-IE-SYNTH-001,ACTIVE,xwalk_v1.0.0
HRIS-WKR-002982,PAY-WKR-002896,LE-IE-SYNTH-001,ACTIVE,xwalk_v1.0.0
HRIS-WKR-002983,PAY-WKR-002897,LE-IE-SYNTH-001,ACTIVE,xwalk_v1.0.0
HRIS-WKR-002984,PAY-WKR-002898,LE-IE-SYNTH-001,ACTIVE,xwalk_v1.0.0
HRIS-WKR-002985,,LE-IE-SYNTH-001,MISSING,xwalk_v1.0.0
HRIS-WKR-002986,PAY-WKR-002899,LE-IE-SYNTH-001,ACTIVE,xwalk_v1.0.0
HRIS-WKR-002987,PAY-WKR-002900,LE-IE-SYNTH-001,ACTIVE,xwalk_v1.0.0
HRIS-WKR-002988,PAY-WKR-002901,LE-IE-SYNTH-001,ACTIVE,xwalk_v1.0.0
HRIS-WKR-002989,PAY-WKR-002902,LE-IE-SYNTH-001,ACTIVE,xwalk_v1.0.0
HRIS-WKR-002990,PAY-WKR-002903,LE-IE-SYNTH-001,ACTIVE,xwalk_v1.0.0
HRIS-WKR-002991,PAY-WKR-002904,LE-IE-SYNTH-001,ACTIVE,xwalk_v1.0.0
HRIS-WKR-002992,PAY-WKR-002905,LE-IE-SYNTH-001,ACTIVE,xwalk_v1.0.0
HRIS-WKR-002993,PAY-WKR-002906,LE-IE-SYNTH-001,ACTIVE,xwalk_v1.0.0
HRIS-WKR-002994,,LE-IE-SYNTH-001,MISSING,xwalk_v1.0.0
HRIS-WKR-002995,PAY-WKR-002907,LE-IE-SYNTH-001,ACTIVE,xwalk_v1.0.0
HRIS-WKR-002996,PAY-WKR-002908,LE-IE-SYNTH-001,ACTIVE,xwalk_v1.0.0
HRIS-WKR-002997,PAY-WKR-002909,LE-IE-SYNTH-001,ACTIVE,xwalk_v1.0.0
HRIS-WKR-002998,PAY-WKR-002910,LE-IE-SYNTH-001,ACTIVE,xwalk_v1.0.0
HRIS-WKR-002999,PAY-WKR-002911,LE-IE-SYNTH-001,ACTIVE,xwalk_v1.0.0
HRIS-WKR-003000,PAY-WKR-002912,LE-IE-SYNTH-001,ACTIVE,xwalk_v1.0.0
HRIS-WKR-003001,PAY-WKR-002913,LE-IE-SYNTH-001,ACTIVE,xwalk_v1.0.0
HRIS-WKR-003002,PAY-WKR-002914,LE-IE-SYNTH-001,ACTIVE,xwalk_v1.0.0
HRIS-WKR-003003,PAY-WKR-002915,LE-IE-SYNTH-001,ACTIVE,xwalk_v1.0.0
HRIS-WKR-003004,PAY-WKR-002916,LE-IE-SYNTH-001,ACTIVE,xwalk_v1.0.0
HRIS-WKR-003005,PAY-WKR-002917,LE-IE-SYNTH-001,ACTIVE,xwalk_v1.0.0
HRIS-WKR-003006,PAY-WKR-002918,LE-IE-SYNTH-001,ACTIVE,xwalk_v1.0.0
HRIS-WKR-003007,PAY-WKR-002919,LE-IE-SYNTH-001,ACTIVE,xwalk_v1.0.0
HRIS-WKR-003008,PAY-WKR-002920,LE-IE-SYNTH-001,ACTIVE,xwalk_v1.0.0
HRIS-WKR-003009,PAY-WKR-002921,LE-IE-SYNTH-001,ACTIVE,xwalk_v1.0.0
HRIS-WKR-003010,PAY-WKR-002922,LE-IE-SYNTH-001,ACTIVE,xwalk_v1.0.0
HRIS-WKR-003011,PAY-WKR-002923,LE-IE-SYNTH-001,ACTIVE,xwalk_v1.0.0
HRIS-WKR-003012,PAY-WKR-002924,LE-IE-SYNTH-001,ACTIVE,xwalk_v1.0.0
HRIS-WKR-003013,PAY-WKR-002925,LE-IE-SYNTH-001,ACTIVE,xwalk_v1.0.0
HRIS-WKR-003014,PAY-WKR-002926,LE-IE-SYNTH-001,ACTIVE,xwalk_v1.0.0
HRIS-WKR-003015,PAY-WKR-002927,LE-IE-SYNTH-001,ACTIVE,xwalk_v1.0.0
HRIS-WKR-003016,PAY-WKR-002928,LE-IE-SYNTH-001,ACTIVE,xwalk_v1.0.0
HRIS-WKR-003017,,LE-IE-SYNTH-001,MISSING,xwalk_v1.0.0
HRIS-WKR-003018,PAY-WKR-002929,LE-IE-SYNTH-001,ACTIVE,xwalk_v1.0.0
HRIS-WKR-003019,PAY-WKR-002930,LE-IE-SYNTH-001,ACTIVE,xwalk_v1.0.0
HRIS-WKR-003020,PAY-WKR-002931,LE-IE-SYNTH-001,ACTIVE,xwalk_v1.0.0
HRIS-WKR-003021,PAY-WKR-002932,LE-IE-SYNTH-001,ACTIVE,xwalk_v1.0.0
HRIS-WKR-003022,PAY-WKR-002933,LE-IE-SYNTH-001,ACTIVE,xwalk_v1.0.0
HRIS-WKR-003023,PAY-WKR-002934,LE-IE-SYNTH-001,ACTIVE,xwalk_v1.0.0
HRIS-WKR-003024,PAY-WKR-002935,LE-IE-SYNTH-001,ACTIVE,xwalk_v1.0.0
HRIS-WKR-003025,PAY-WKR-002936,LE-IE-SYNTH-001,ACTIVE,xwalk_v1.0.0
HRIS-WKR-003026,PAY-WKR-002937,LE-IE-SYNTH-001,ACTIVE,xwalk_v1.0.0
HRIS-WKR-003027,,LE-IE-SYNTH-001,MISSING,xwalk_v1.0.0
HRIS-WKR-003028,PAY-WKR-002938,LE-IE-SYNTH-001,ACTIVE,xwalk_v1.0.0
HRIS-WKR-003029,PAY-WKR-002939,LE-IE-SYNTH-001,ACTIVE,xwalk_v1.0.0
HRIS-WKR-003030,PAY-WKR-002940,LE-IE-SYNTH-001,ACTIVE,xwalk_v1.0.0
HRIS-WKR-003031,PAY-WKR-002941,LE-IE-SYNTH-001,ACTIVE,xwalk_v1.0.0
HRIS-WKR-003032,PAY-WKR-002942,LE-IE-SYNTH-001,ACTIVE,xwalk_v1.0.0
HRIS-WKR-003033,PAY-WKR-002943,LE-IE-SYNTH-001,ACTIVE,xwalk_v1.0.0
HRIS-WKR-003034,PAY-WKR-002944,LE-IE-SYNTH-001,ACTIVE,xwalk_v1.0.0
HRIS-WKR-003035,PAY-WKR-002945,LE-IE-SYNTH-001,ACTIVE,xwalk_v1.0.0
HRIS-WKR-003036,PAY-WKR-002946,LE-IE-SYNTH-001,ACTIVE,xwalk_v1.0.0
HRIS-WKR-003037,PAY-WKR-002947,LE-IE-SYNTH-001,ACTIVE,xwalk_v1.0.0
HRIS-WKR-003038,PAY-WKR-002948,LE-IE-SYNTH-001,ACTIVE,xwalk_v1.0.0
HRIS-WKR-003039,,LE-IE-SYNTH-001,MISSING,xwalk_v1.0.0
HRIS-WKR-003040,PAY-WKR-002949,LE-IE-SYNTH-001,ACTIVE,xwalk_v1.0.0
HRIS-WKR-003041,PAY-WKR-002950,LE-IE-SYNTH-001,ACTIVE,xwalk_v1.0.0
HRIS-WKR-003042,PAY-WKR-002951,LE-IE-SYNTH-001,ACTIVE,xwalk_v1.0.0
HRIS-WKR-003043,PAY-WKR-002952,LE-IE-SYNTH-001,ACTIVE,xwalk_v1.0.0
HRIS-WKR-003044,PAY-WKR-002953,LE-IE-SYNTH-001,ACTIVE,xwalk_v1.0.0
HRIS-WKR-003045,PAY-WKR-002954,LE-IE-SYNTH-001,ACTIVE,xwalk_v1.0.0
HRIS-WKR-003046,PAY-WKR-002955,LE-IE-SYNTH-001,ACTIVE,xwalk_v1.0.0
HRIS-WKR-003047,PAY-WKR-002956,LE-IE-SYNTH-001,ACTIVE,xwalk_v1.0.0
HRIS-WKR-003048,PAY-WKR-002957,LE-IE-SYNTH-001,ACTIVE,xwalk_v1.0.0
HRIS-WKR-003049,PAY-WKR-002958,LE-IE-SYNTH-001,ACTIVE,xwalk_v1.0.0
HRIS-WKR-003050,PAY-WKR-002959,LE-IE-SYNTH-001,ACTIVE,xwalk_v1.0.0
HRIS-WKR-003051,PAY-WKR-002960,LE-IE-SYNTH-001,ACTIVE,xwalk_v1.0.0
HRIS-WKR-003052,PAY-WKR-002961,LE-IE-SYNTH-001,ACTIVE,xwalk_v1.0.0
HRIS-WKR-003053,PAY-WKR-002962,LE-IE-SYNTH-001,ACTIVE,xwalk_v1.0.0
HRIS-WKR-003054,PAY-WKR-002963,LE-IE-SYNTH-001,ACTIVE,xwalk_v1.0.0
HRIS-WKR-003055,PAY-WKR-002964,LE-IE-SYNTH-001,ACTIVE,xwalk_v1.0.0
HRIS-WKR-003056,PAY-WKR-002965,LE-IE-SYNTH-001,ACTIVE,xwalk_v1.0.0
HRIS-WKR-003057,PAY-WKR-002966,LE-IE-SYNTH-001,ACTIVE,xwalk_v1.0.0
HRIS-WKR-003058,PAY-WKR-002967,LE-IE-SYNTH-001,ACTIVE,xwalk_v1.0.0
HRIS-WKR-003059,PAY-WKR-002968,LE-IE-SYNTH-001,ACTIVE,xwalk_v1.0.0
HRIS-WKR-003060,PAY-WKR-002969,LE-IE-SYNTH-001,ACTIVE,xwalk_v1.0.0
HRIS-WKR-003061,PAY-WKR-002970,LE-IE-SYNTH-001,ACTIVE,xwalk_v1.0.0
HRIS-WKR-003062,PAY-WKR-002971,LE-IE-SYNTH-001,ACTIVE,xwalk_v1.0.0
HRIS-WKR-003063,PAY-WKR-002972,LE-IE-SYNTH-001,ACTIVE,xwalk_v1.0.0
HRIS-WKR-003064,PAY-WKR-002973,LE-IE-SYNTH-001,ACTIVE,xwalk_v1.0.0
HRIS-WKR-003065,PAY-WKR-002974,LE-IE-SYNTH-001,ACTIVE,xwalk_v1.0.0
HRIS-WKR-003066,PAY-WKR-002975,LE-IE-SYNTH-001,ACTIVE,xwalk_v1.0.0
HRIS-WKR-003067,PAY-WKR-002976,LE-IE-SYNTH-001,ACTIVE,xwalk_v1.0.0
HRIS-WKR-003068,PAY-WKR-002977,LE-IE-SYNTH-001,ACTIVE,xwalk_v1.0.0
HRIS-WKR-003069,PAY-WKR-002978,LE-IE-SYNTH-001,ACTIVE,xwalk_v1.0.0
HRIS-WKR-003070,PAY-WKR-002979,LE-IE-SYNTH-001,ACTIVE,xwalk_v1.0.0
HRIS-WKR-003071,PAY-WKR-002980,LE-IE-SYNTH-001,ACTIVE,xwalk_v1.0.0
HRIS-WKR-003072,PAY-WKR-002981,LE-IE-SYNTH-001,ACTIVE,xwalk_v1.0.0
HRIS-WKR-003073,PAY-WKR-002982,LE-IE-SYNTH-001,ACTIVE,xwalk_v1.0.0
HRIS-WKR-003074,PAY-WKR-002983,LE-IE-SYNTH-001,ACTIVE,xwalk_v1.0.0
HRIS-WKR-003075,PAY-WKR-002984,LE-IE-SYNTH-001,ACTIVE,xwalk_v1.0.0
HRIS-WKR-003076,PAY-WKR-002985,LE-IE-SYNTH-001,ACTIVE,xwalk_v1.0.0
HRIS-WKR-003077,PAY-WKR-002986,LE-IE-SYNTH-001,ACTIVE,xwalk_v1.0.0
HRIS-WKR-003078,PAY-WKR-002987,LE-IE-SYNTH-001,ACTIVE,xwalk_v1.0.0
HRIS-WKR-003079,PAY-WKR-002988,LE-IE-SYNTH-001,ACTIVE,xwalk_v1.0.0
HRIS-WKR-003080,PAY-WKR-002989,LE-IE-SYNTH-001,ACTIVE,xwalk_v1.0.0
HRIS-WKR-003081,PAY-WKR-002990,LE-IE-SYNTH-001,ACTIVE,xwalk_v1.0.0
HRIS-WKR-003082,PAY-WKR-002991,LE-IE-SYNTH-001,ACTIVE,xwalk_v1.0.0
HRIS-WKR-003083,PAY-WKR-002992,LE-IE-SYNTH-001,ACTIVE,xwalk_v1.0.0
HRIS-WKR-003084,PAY-WKR-002993,LE-IE-SYNTH-001,ACTIVE,xwalk_v1.0.0
HRIS-WKR-003085,PAY-WKR-002994,LE-IE-SYNTH-001,ACTIVE,xwalk_v1.0.0
HRIS-WKR-003086,PAY-WKR-002995,LE-IE-SYNTH-001,ACTIVE,xwalk_v1.0.0
HRIS-WKR-003087,,LE-IE-SYNTH-001,MISSING,xwalk_v1.0.0
HRIS-WKR-003088,PAY-WKR-002996,LE-IE-SYNTH-001,ACTIVE,xwalk_v1.0.0
HRIS-WKR-003089,PAY-WKR-002997,LE-IE-SYNTH-001,ACTIVE,xwalk_v1.0.0
HRIS-WKR-003090,PAY-WKR-002998,LE-IE-SYNTH-001,ACTIVE,xwalk_v1.0.0
HRIS-WKR-003091,PAY-WKR-002999,LE-IE-SYNTH-001,ACTIVE,xwalk_v1.0.0
HRIS-WKR-003092,PAY-WKR-003000,LE-IE-SYNTH-001,ACTIVE,xwalk_v1.0.0
HRIS-WKR-003093,PAY-WKR-003001,LE-IE-SYNTH-001,ACTIVE,xwalk_v1.0.0
HRIS-WKR-003094,PAY-WKR-003002,LE-IE-SYNTH-001,ACTIVE,xwalk_v1.0.0
HRIS-WKR-003095,PAY-WKR-003003,LE-IE-SYNTH-001,ACTIVE,xwalk_v1.0.0
HRIS-WKR-003096,PAY-WKR-003004,LE-IE-SYNTH-001,ACTIVE,xwalk_v1.0.0
HRIS-WKR-003097,PAY-WKR-003005,LE-IE-SYNTH-001,ACTIVE,xwalk_v1.0.0
HRIS-WKR-003098,PAY-WKR-003006,LE-IE-SYNTH-001,ACTIVE,xwalk_v1.0.0
HRIS-WKR-003099,PAY-WKR-003007,LE-IE-SYNTH-001,ACTIVE,xwalk_v1.0.0
HRIS-WKR-003100,PAY-WKR-003008,LE-IE-SYNTH-001,ACTIVE,xwalk_v1.0.0
HRIS-WKR-003101,PAY-WKR-003009,LE-IE-SYNTH-001,ACTIVE,xwalk_v1.0.0
HRIS-WKR-003102,PAY-WKR-003010,LE-IE-SYNTH-001,ACTIVE,xwalk_v1.0.0
HRIS-WKR-003103,PAY-WKR-003011,LE-IE-SYNTH-001,ACTIVE,xwalk_v1.0.0
HRIS-WKR-003104,PAY-WKR-003012,LE-IE-SYNTH-001,ACTIVE,xwalk_v1.0.0
HRIS-WKR-003105,PAY-WKR-003013,LE-IE-SYNTH-001,ACTIVE,xwalk_v1.0.0
HRIS-WKR-003106,PAY-WKR-003014,LE-IE-SYNTH-001,ACTIVE,xwalk_v1.0.0
HRIS-WKR-003107,PAY-WKR-003015,LE-IE-SYNTH-001,ACTIVE,xwalk_v1.0.0
HRIS-WKR-003108,PAY-WKR-003016,LE-IE-SYNTH-001,ACTIVE,xwalk_v1.0.0
HRIS-WKR-003109,PAY-WKR-003017,LE-IE-SYNTH-001,ACTIVE,xwalk_v1.0.0
HRIS-WKR-003110,PAY-WKR-003018,LE-IE-SYNTH-001,ACTIVE,xwalk_v1.0.0
HRIS-WKR-003111,PAY-WKR-003019,LE-IE-SYNTH-001,ACTIVE,xwalk_v1.0.0
HRIS-WKR-003112,PAY-WKR-003020,LE-IE-SYNTH-001,ACTIVE,xwalk_v1.0.0
HRIS-WKR-003113,PAY-WKR-003021,LE-IE-SYNTH-001,ACTIVE,xwalk_v1.0.0
HRIS-WKR-003114,PAY-WKR-003022,LE-IE-SYNTH-001,ACTIVE,xwalk_v1.0.0
HRIS-WKR-003115,PAY-WKR-003023,LE-IE-SYNTH-001,ACTIVE,xwalk_v1.0.0
HRIS-WKR-003116,,LE-IE-SYNTH-001,MISSING,xwalk_v1.0.0
HRIS-WKR-003117,PAY-WKR-003024,LE-IE-SYNTH-001,ACTIVE,xwalk_v1.0.0
HRIS-WKR-003118,PAY-WKR-003025,LE-IE-SYNTH-001,ACTIVE,xwalk_v1.0.0
HRIS-WKR-003119,PAY-WKR-003026,LE-IE-SYNTH-001,ACTIVE,xwalk_v1.0.0
HRIS-WKR-003120,PAY-WKR-003027,LE-IE-SYNTH-001,ACTIVE,xwalk_v1.0.0
HRIS-WKR-003121,PAY-WKR-003028,LE-IE-SYNTH-001,ACTIVE,xwalk_v1.0.0
HRIS-WKR-003122,PAY-WKR-003029,LE-IE-SYNTH-001,ACTIVE,xwalk_v1.0.0
HRIS-WKR-003123,PAY-WKR-003030,LE-IE-SYNTH-001,ACTIVE,xwalk_v1.0.0
HRIS-WKR-003124,PAY-WKR-003031,LE-IE-SYNTH-001,ACTIVE,xwalk_v1.0.0
HRIS-WKR-003125,PAY-WKR-003032,LE-IE-SYNTH-001,ACTIVE,xwalk_v1.0.0
HRIS-WKR-003126,PAY-WKR-003033,LE-IE-SYNTH-001,ACTIVE,xwalk_v1.0.0
HRIS-WKR-003127,PAY-WKR-003034,LE-IE-SYNTH-001,ACTIVE,xwalk_v1.0.0
HRIS-WKR-003128,PAY-WKR-003035,LE-IE-SYNTH-001,ACTIVE,xwalk_v1.0.0
HRIS-WKR-003129,PAY-WKR-003036,LE-IE-SYNTH-001,ACTIVE,xwalk_v1.0.0
HRIS-WKR-003130,PAY-WKR-003037,LE-IE-SYNTH-001,ACTIVE,xwalk_v1.0.0
HRIS-WKR-003131,PAY-WKR-003038,LE-IE-SYNTH-001,ACTIVE,xwalk_v1.0.0
HRIS-WKR-003132,PAY-WKR-003039,LE-IE-SYNTH-001,ACTIVE,xwalk_v1.0.0
HRIS-WKR-003133,PAY-WKR-003040,LE-IE-SYNTH-001,ACTIVE,xwalk_v1.0.0
HRIS-WKR-003134,PAY-WKR-003041,LE-IE-SYNTH-001,ACTIVE,xwalk_v1.0.0
HRIS-WKR-003135,PAY-WKR-003042,LE-IE-SYNTH-001,ACTIVE,xwalk_v1.0.0
HRIS-WKR-003136,PAY-WKR-003043,LE-IE-SYNTH-001,ACTIVE,xwalk_v1.0.0
HRIS-WKR-003137,PAY-WKR-003044,LE-IE-SYNTH-001,ACTIVE,xwalk_v1.0.0
HRIS-WKR-003138,PAY-WKR-003045,LE-IE-SYNTH-001,ACTIVE,xwalk_v1.0.0
HRIS-WKR-003139,PAY-WKR-003046,LE-IE-SYNTH-001,ACTIVE,xwalk_v1.0.0
HRIS-WKR-003140,PAY-WKR-003047,LE-IE-SYNTH-001,ACTIVE,xwalk_v1.0.0
HRIS-WKR-003141,PAY-WKR-003048,LE-IE-SYNTH-001,ACTIVE,xwalk_v1.0.0
HRIS-WKR-003142,PAY-WKR-003049,LE-IE-SYNTH-001,ACTIVE,xwalk_v1.0.0
HRIS-WKR-003143,PAY-WKR-003050,LE-IE-SYNTH-001,ACTIVE,xwalk_v1.0.0
HRIS-WKR-003144,PAY-WKR-003051,LE-IE-SYNTH-001,ACTIVE,xwalk_v1.0.0
HRIS-WKR-003145,PAY-WKR-003052,LE-IE-SYNTH-001,ACTIVE,xwalk_v1.0.0
HRIS-WKR-003146,PAY-WKR-003053,LE-IE-SYNTH-001,ACTIVE,xwalk_v1.0.0
HRIS-WKR-003147,PAY-WKR-003054,LE-IE-SYNTH-001,ACTIVE,xwalk_v1.0.0
HRIS-WKR-003148,PAY-WKR-003055,LE-IE-SYNTH-001,ACTIVE,xwalk_v1.0.0
HRIS-WKR-003149,PAY-WKR-003056,LE-IE-SYNTH-001,ACTIVE,xwalk_v1.0.0
HRIS-WKR-003150,PAY-WKR-003057,LE-IE-SYNTH-001,ACTIVE,xwalk_v1.0.0
HRIS-WKR-003151,PAY-WKR-003058,LE-IE-SYNTH-001,ACTIVE,xwalk_v1.0.0
HRIS-WKR-003152,PAY-WKR-003059,LE-IE-SYNTH-001,ACTIVE,xwalk_v1.0.0
HRIS-WKR-003153,PAY-WKR-003060,LE-IE-SYNTH-001,ACTIVE,xwalk_v1.0.0
HRIS-WKR-003154,PAY-WKR-003061,LE-IE-SYNTH-001,ACTIVE,xwalk_v1.0.0
HRIS-WKR-003155,PAY-WKR-003062,LE-IE-SYNTH-001,ACTIVE,xwalk_v1.0.0
HRIS-WKR-003156,,LE-IE-SYNTH-001,MISSING,xwalk_v1.0.0
HRIS-WKR-003157,PAY-WKR-003063,LE-IE-SYNTH-001,ACTIVE,xwalk_v1.0.0
HRIS-WKR-003158,PAY-WKR-003064,LE-IE-SYNTH-001,ACTIVE,xwalk_v1.0.0
HRIS-WKR-003159,,LE-IE-SYNTH-001,MISSING,xwalk_v1.0.0
HRIS-WKR-003160,PAY-WKR-003065,LE-IE-SYNTH-001,ACTIVE,xwalk_v1.0.0
HRIS-WKR-003161,PAY-WKR-003066,LE-IE-SYNTH-001,ACTIVE,xwalk_v1.0.0
HRIS-WKR-003162,PAY-WKR-003067,LE-IE-SYNTH-001,ACTIVE,xwalk_v1.0.0
HRIS-WKR-003163,PAY-WKR-003068,LE-IE-SYNTH-001,ACTIVE,xwalk_v1.0.0
HRIS-WKR-003164,PAY-WKR-003069,LE-IE-SYNTH-001,ACTIVE,xwalk_v1.0.0
HRIS-WKR-003165,PAY-WKR-003070,LE-IE-SYNTH-001,ACTIVE,xwalk_v1.0.0
HRIS-WKR-003166,PAY-WKR-003071,LE-IE-SYNTH-001,ACTIVE,xwalk_v1.0.0
HRIS-WKR-003167,PAY-WKR-003072,LE-IE-SYNTH-001,ACTIVE,xwalk_v1.0.0
HRIS-WKR-003168,PAY-WKR-003073,LE-IE-SYNTH-001,ACTIVE,xwalk_v1.0.0
HRIS-WKR-003169,PAY-WKR-003074,LE-IE-SYNTH-001,ACTIVE,xwalk_v1.0.0
HRIS-WKR-003170,PAY-WKR-003075,LE-IE-SYNTH-001,ACTIVE,xwalk_v1.0.0
HRIS-WKR-003171,PAY-WKR-003076,LE-IE-SYNTH-001,ACTIVE,xwalk_v1.0.0
HRIS-WKR-003172,PAY-WKR-003077,LE-IE-SYNTH-001,ACTIVE,xwalk_v1.0.0
HRIS-WKR-003173,PAY-WKR-003078,LE-IE-SYNTH-001,ACTIVE,xwalk_v1.0.0
HRIS-WKR-003174,PAY-WKR-003079,LE-IE-SYNTH-001,ACTIVE,xwalk_v1.0.0
HRIS-WKR-003175,PAY-WKR-003080,LE-IE-SYNTH-001,ACTIVE,xwalk_v1.0.0
HRIS-WKR-003176,PAY-WKR-003081,LE-IE-SYNTH-001,ACTIVE,xwalk_v1.0.0
HRIS-WKR-003177,PAY-WKR-003082,LE-IE-SYNTH-001,ACTIVE,xwalk_v1.0.0
HRIS-WKR-003178,PAY-WKR-003083,LE-IE-SYNTH-001,ACTIVE,xwalk_v1.0.0
HRIS-WKR-003179,PAY-WKR-003084,LE-IE-SYNTH-001,ACTIVE,xwalk_v1.0.0
HRIS-WKR-003180,PAY-WKR-003085,LE-IE-SYNTH-001,ACTIVE,xwalk_v1.0.0
HRIS-WKR-003181,PAY-WKR-003086,LE-IE-SYNTH-001,ACTIVE,xwalk_v1.0.0
HRIS-WKR-003182,PAY-WKR-003087,LE-IE-SYNTH-001,ACTIVE,xwalk_v1.0.0
HRIS-WKR-003183,PAY-WKR-003088,LE-IE-SYNTH-001,ACTIVE,xwalk_v1.0.0
HRIS-WKR-003184,PAY-WKR-003089,LE-IE-SYNTH-001,ACTIVE,xwalk_v1.0.0
HRIS-WKR-003185,PAY-WKR-003090,LE-IE-SYNTH-001,ACTIVE,xwalk_v1.0.0
HRIS-WKR-003186,PAY-WKR-003091,LE-IE-SYNTH-001,ACTIVE,xwalk_v1.0.0
HRIS-WKR-003187,PAY-WKR-003092,LE-IE-SYNTH-001,ACTIVE,xwalk_v1.0.0
HRIS-WKR-003188,PAY-WKR-003093,LE-IE-SYNTH-001,ACTIVE,xwalk_v1.0.0
HRIS-WKR-003189,PAY-WKR-003094,LE-IE-SYNTH-001,ACTIVE,xwalk_v1.0.0
HRIS-WKR-003190,PAY-WKR-003095,LE-IE-SYNTH-001,ACTIVE,xwalk_v1.0.0
HRIS-WKR-003191,PAY-WKR-003096,LE-IE-SYNTH-001,ACTIVE,xwalk_v1.0.0
HRIS-WKR-003192,PAY-WKR-003097,LE-IE-SYNTH-001,ACTIVE,xwalk_v1.0.0
HRIS-WKR-003193,PAY-WKR-003098,LE-IE-SYNTH-001,ACTIVE,xwalk_v1.0.0
HRIS-WKR-003194,PAY-WKR-003099,LE-IE-SYNTH-001,ACTIVE,xwalk_v1.0.0
HRIS-WKR-003195,PAY-WKR-003100,LE-IE-SYNTH-001,ACTIVE,xwalk_v1.0.0
HRIS-WKR-003196,PAY-WKR-003101,LE-IE-SYNTH-001,ACTIVE,xwalk_v1.0.0
HRIS-WKR-003197,PAY-WKR-003102,LE-IE-SYNTH-001,ACTIVE,xwalk_v1.0.0
HRIS-WKR-003198,PAY-WKR-003103,LE-IE-SYNTH-001,ACTIVE,xwalk_v1.0.0
HRIS-WKR-003199,PAY-WKR-003104,LE-IE-SYNTH-001,ACTIVE,xwalk_v1.0.0
HRIS-WKR-003200,PAY-WKR-003105,LE-IE-SYNTH-001,ACTIVE,xwalk_v1.0.0
HRIS-WKR-003201,PAY-WKR-003106,LE-IE-SYNTH-001,ACTIVE,xwalk_v1.0.0
HRIS-WKR-003202,PAY-WKR-003107,LE-IE-SYNTH-001,ACTIVE,xwalk_v1.0.0
HRIS-WKR-003203,PAY-WKR-003108,LE-IE-SYNTH-001,ACTIVE,xwalk_v1.0.0
HRIS-WKR-003204,PAY-WKR-003109,LE-IE-SYNTH-001,ACTIVE,xwalk_v1.0.0
HRIS-WKR-003205,PAY-WKR-003110,LE-IE-SYNTH-001,ACTIVE,xwalk_v1.0.0
HRIS-WKR-003206,PAY-WKR-003111,LE-IE-SYNTH-001,ACTIVE,xwalk_v1.0.0
HRIS-WKR-003207,PAY-WKR-003112,LE-IE-SYNTH-001,ACTIVE,xwalk_v1.0.0
HRIS-WKR-003208,PAY-WKR-003113,LE-IE-SYNTH-001,ACTIVE,xwalk_v1.0.0
HRIS-WKR-003209,PAY-WKR-003114,LE-IE-SYNTH-001,ACTIVE,xwalk_v1.0.0
HRIS-WKR-003210,PAY-WKR-003115,LE-IE-SYNTH-001,ACTIVE,xwalk_v1.0.0
HRIS-WKR-003211,PAY-WKR-003116,LE-IE-SYNTH-001,ACTIVE,xwalk_v1.0.0
HRIS-WKR-003212,PAY-WKR-003117,LE-IE-SYNTH-001,ACTIVE,xwalk_v1.0.0
HRIS-WKR-003213,PAY-WKR-003118,LE-IE-SYNTH-001,ACTIVE,xwalk_v1.0.0
HRIS-WKR-003214,PAY-WKR-003119,LE-IE-SYNTH-001,ACTIVE,xwalk_v1.0.0
HRIS-WKR-003215,PAY-WKR-003120,LE-IE-SYNTH-001,ACTIVE,xwalk_v1.0.0
HRIS-WKR-003216,PAY-WKR-003121,LE-IE-SYNTH-001,ACTIVE,xwalk_v1.0.0
HRIS-WKR-003217,PAY-WKR-003122,LE-IE-SYNTH-001,ACTIVE,xwalk_v1.0.0
HRIS-WKR-003218,PAY-WKR-003123,LE-IE-SYNTH-001,ACTIVE,xwalk_v1.0.0
HRIS-WKR-003219,PAY-WKR-003124,LE-IE-SYNTH-001,ACTIVE,xwalk_v1.0.0
HRIS-WKR-003220,PAY-WKR-003125,LE-IE-SYNTH-001,ACTIVE,xwalk_v1.0.0
HRIS-WKR-003221,PAY-WKR-003126,LE-IE-SYNTH-001,ACTIVE,xwalk_v1.0.0
HRIS-WKR-003222,PAY-WKR-003127,LE-IE-SYNTH-001,ACTIVE,xwalk_v1.0.0
HRIS-WKR-003223,PAY-WKR-003128,LE-IE-SYNTH-001,ACTIVE,xwalk_v1.0.0
HRIS-WKR-003224,PAY-WKR-003129,LE-IE-SYNTH-001,ACTIVE,xwalk_v1.0.0
HRIS-WKR-003225,PAY-WKR-003130,LE-IE-SYNTH-001,ACTIVE,xwalk_v1.0.0
HRIS-WKR-003226,PAY-WKR-003131,LE-IE-SYNTH-001,ACTIVE,xwalk_v1.0.0
HRIS-WKR-003227,PAY-WKR-003132,LE-IE-SYNTH-001,ACTIVE,xwalk_v1.0.0
HRIS-WKR-003228,PAY-WKR-003133,LE-IE-SYNTH-001,ACTIVE,xwalk_v1.0.0
HRIS-WKR-003229,PAY-WKR-003134,LE-IE-SYNTH-001,ACTIVE,xwalk_v1.0.0
HRIS-WKR-003230,PAY-WKR-003135,LE-IE-SYNTH-001,ACTIVE,xwalk_v1.0.0
HRIS-WKR-003231,PAY-WKR-003136,LE-IE-SYNTH-001,ACTIVE,xwalk_v1.0.0
HRIS-WKR-003232,PAY-WKR-003137,LE-IE-SYNTH-001,ACTIVE,xwalk_v1.0.0
HRIS-WKR-003233,PAY-WKR-003138,LE-IE-SYNTH-001,ACTIVE,xwalk_v1.0.0
HRIS-WKR-003234,PAY-WKR-003139,LE-IE-SYNTH-001,ACTIVE,xwalk_v1.0.0
HRIS-WKR-003235,PAY-WKR-003140,LE-IE-SYNTH-001,ACTIVE,xwalk_v1.0.0
HRIS-WKR-003236,PAY-WKR-003141,LE-IE-SYNTH-001,ACTIVE,xwalk_v1.0.0
HRIS-WKR-003237,PAY-WKR-003142,LE-IE-SYNTH-001,ACTIVE,xwalk_v1.0.0
HRIS-WKR-003238,PAY-WKR-003143,LE-IE-SYNTH-001,ACTIVE,xwalk_v1.0.0
HRIS-WKR-003239,PAY-WKR-003144,LE-IE-SYNTH-001,ACTIVE,xwalk_v1.0.0
HRIS-WKR-003240,PAY-WKR-003145,LE-IE-SYNTH-001,ACTIVE,xwalk_v1.0.0
HRIS-WKR-003241,PAY-WKR-003146,LE-IE-SYNTH-001,ACTIVE,xwalk_v1.0.0
HRIS-WKR-003242,PAY-WKR-003147,LE-IE-SYNTH-001,ACTIVE,xwalk_v1.0.0
HRIS-WKR-003243,PAY-WKR-003148,LE-IE-SYNTH-001,ACTIVE,xwalk_v1.0.0
HRIS-WKR-003244,PAY-WKR-003149,LE-IE-SYNTH-001,ACTIVE,xwalk_v1.0.0
HRIS-WKR-003245,,LE-IE-SYNTH-001,MISSING,xwalk_v1.0.0
HRIS-WKR-003246,PAY-WKR-003150,LE-IE-SYNTH-001,ACTIVE,xwalk_v1.0.0
HRIS-WKR-003247,PAY-WKR-003151,LE-IE-SYNTH-001,ACTIVE,xwalk_v1.0.0
HRIS-WKR-003248,PAY-WKR-003152,LE-IE-SYNTH-001,ACTIVE,xwalk_v1.0.0
HRIS-WKR-003249,PAY-WKR-003153,LE-IE-SYNTH-001,ACTIVE,xwalk_v1.0.0
HRIS-WKR-003250,PAY-WKR-003154,LE-IE-SYNTH-001,ACTIVE,xwalk_v1.0.0
HRIS-WKR-003251,PAY-WKR-003155,LE-IE-SYNTH-001,ACTIVE,xwalk_v1.0.0
HRIS-WKR-003252,PAY-WKR-003156,LE-IE-SYNTH-001,ACTIVE,xwalk_v1.0.0
HRIS-WKR-003253,PAY-WKR-003157,LE-IE-SYNTH-001,ACTIVE,xwalk_v1.0.0
HRIS-WKR-003254,PAY-WKR-003158,LE-IE-SYNTH-001,ACTIVE,xwalk_v1.0.0
HRIS-WKR-003255,,LE-IE-SYNTH-001,MISSING,xwalk_v1.0.0
HRIS-WKR-003256,,LE-IE-SYNTH-001,MISSING,xwalk_v1.0.0
HRIS-WKR-003257,PAY-WKR-003159,LE-IE-SYNTH-001,ACTIVE,xwalk_v1.0.0
HRIS-WKR-003258,PAY-WKR-003160,LE-IE-SYNTH-001,ACTIVE,xwalk_v1.0.0
HRIS-WKR-003259,PAY-WKR-003161,LE-IE-SYNTH-001,ACTIVE,xwalk_v1.0.0
HRIS-WKR-003260,PAY-WKR-003162,LE-IE-SYNTH-001,ACTIVE,xwalk_v1.0.0
HRIS-WKR-003261,PAY-WKR-003163,LE-IE-SYNTH-001,ACTIVE,xwalk_v1.0.0
HRIS-WKR-003262,PAY-WKR-003164,LE-IE-SYNTH-001,ACTIVE,xwalk_v1.0.0
HRIS-WKR-003263,PAY-WKR-003165,LE-IE-SYNTH-001,ACTIVE,xwalk_v1.0.0
HRIS-WKR-003264,PAY-WKR-003166,LE-IE-SYNTH-001,ACTIVE,xwalk_v1.0.0
HRIS-WKR-003265,PAY-WKR-003167,LE-IE-SYNTH-001,ACTIVE,xwalk_v1.0.0
HRIS-WKR-003266,PAY-WKR-003168,LE-IE-SYNTH-001,ACTIVE,xwalk_v1.0.0
HRIS-WKR-003267,PAY-WKR-003169,LE-IE-SYNTH-001,ACTIVE,xwalk_v1.0.0
HRIS-WKR-003268,PAY-WKR-003170,LE-IE-SYNTH-001,ACTIVE,xwalk_v1.0.0
HRIS-WKR-003269,PAY-WKR-003171,LE-IE-SYNTH-001,ACTIVE,xwalk_v1.0.0
HRIS-WKR-003270,PAY-WKR-003172,LE-IE-SYNTH-001,ACTIVE,xwalk_v1.0.0
HRIS-WKR-003271,PAY-WKR-003173,LE-IE-SYNTH-001,ACTIVE,xwalk_v1.0.0
HRIS-WKR-003272,PAY-WKR-003174,LE-IE-SYNTH-001,ACTIVE,xwalk_v1.0.0
HRIS-WKR-003273,PAY-WKR-003175,LE-IE-SYNTH-001,ACTIVE,xwalk_v1.0.0
HRIS-WKR-003274,PAY-WKR-003176,LE-IE-SYNTH-001,ACTIVE,xwalk_v1.0.0
HRIS-WKR-003275,PAY-WKR-003177,LE-IE-SYNTH-001,ACTIVE,xwalk_v1.0.0
HRIS-WKR-003276,PAY-WKR-003178,LE-IE-SYNTH-001,ACTIVE,xwalk_v1.0.0
HRIS-WKR-003277,PAY-WKR-003179,LE-IE-SYNTH-001,ACTIVE,xwalk_v1.0.0
HRIS-WKR-003278,PAY-WKR-003180,LE-IE-SYNTH-001,ACTIVE,xwalk_v1.0.0
HRIS-WKR-003279,PAY-WKR-003181,LE-IE-SYNTH-001,ACTIVE,xwalk_v1.0.0
HRIS-WKR-003280,PAY-WKR-003182,LE-IE-SYNTH-001,ACTIVE,xwalk_v1.0.0
HRIS-WKR-003281,PAY-WKR-003183,LE-IE-SYNTH-001,ACTIVE,xwalk_v1.0.0
HRIS-WKR-003282,PAY-WKR-003184,LE-IE-SYNTH-001,ACTIVE,xwalk_v1.0.0
HRIS-WKR-003283,PAY-WKR-003185,LE-IE-SYNTH-001,ACTIVE,xwalk_v1.0.0
HRIS-WKR-003284,PAY-WKR-003186,LE-IE-SYNTH-001,ACTIVE,xwalk_v1.0.0
HRIS-WKR-003285,PAY-WKR-003187,LE-IE-SYNTH-001,ACTIVE,xwalk_v1.0.0
HRIS-WKR-003286,PAY-WKR-003188,LE-IE-SYNTH-001,ACTIVE,xwalk_v1.0.0
HRIS-WKR-003287,PAY-WKR-003189,LE-IE-SYNTH-001,ACTIVE,xwalk_v1.0.0
HRIS-WKR-003288,PAY-WKR-003190,LE-IE-SYNTH-001,ACTIVE,xwalk_v1.0.0
HRIS-WKR-003289,PAY-WKR-003191,LE-IE-SYNTH-001,ACTIVE,xwalk_v1.0.0
HRIS-WKR-003290,PAY-WKR-003192,LE-IE-SYNTH-001,ACTIVE,xwalk_v1.0.0
HRIS-WKR-003291,PAY-WKR-003193,LE-IE-SYNTH-001,ACTIVE,xwalk_v1.0.0
HRIS-WKR-003292,PAY-WKR-003194,LE-IE-SYNTH-001,ACTIVE,xwalk_v1.0.0
HRIS-WKR-003293,PAY-WKR-003195,LE-IE-SYNTH-001,ACTIVE,xwalk_v1.0.0
HRIS-WKR-003294,PAY-WKR-003196,LE-IE-SYNTH-001,ACTIVE,xwalk_v1.0.0
HRIS-WKR-003295,PAY-WKR-003197,LE-IE-SYNTH-001,ACTIVE,xwalk_v1.0.0
HRIS-WKR-003296,PAY-WKR-003198,LE-IE-SYNTH-001,ACTIVE,xwalk_v1.0.0
HRIS-WKR-003297,PAY-WKR-003199,LE-IE-SYNTH-001,ACTIVE,xwalk_v1.0.0
HRIS-WKR-003298,PAY-WKR-003200,LE-IE-SYNTH-001,ACTIVE,xwalk_v1.0.0
HRIS-WKR-003299,PAY-WKR-003201,LE-IE-SYNTH-001,ACTIVE,xwalk_v1.0.0
HRIS-WKR-003300,PAY-WKR-003202,LE-IE-SYNTH-001,ACTIVE,xwalk_v1.0.0
HRIS-WKR-003301,PAY-WKR-003203,LE-IE-SYNTH-001,ACTIVE,xwalk_v1.0.0
HRIS-WKR-003302,PAY-WKR-003204,LE-IE-SYNTH-001,ACTIVE,xwalk_v1.0.0
HRIS-WKR-003303,PAY-WKR-003205,LE-IE-SYNTH-001,ACTIVE,xwalk_v1.0.0
HRIS-WKR-003304,PAY-WKR-003206,LE-IE-SYNTH-001,ACTIVE,xwalk_v1.0.0
HRIS-WKR-003305,PAY-WKR-003207,LE-IE-SYNTH-001,ACTIVE,xwalk_v1.0.0
HRIS-WKR-003306,PAY-WKR-003208,LE-IE-SYNTH-001,ACTIVE,xwalk_v1.0.0
HRIS-WKR-003307,PAY-WKR-003209,LE-IE-SYNTH-001,ACTIVE,xwalk_v1.0.0
HRIS-WKR-003308,PAY-WKR-003210,LE-IE-SYNTH-001,ACTIVE,xwalk_v1.0.0
HRIS-WKR-003309,PAY-WKR-003211,LE-IE-SYNTH-001,ACTIVE,xwalk_v1.0.0
HRIS-WKR-003310,PAY-WKR-003212,LE-IE-SYNTH-001,ACTIVE,xwalk_v1.0.0
HRIS-WKR-003311,PAY-WKR-003213,LE-IE-SYNTH-001,ACTIVE,xwalk_v1.0.0
HRIS-WKR-003312,,LE-IE-SYNTH-001,MISSING,xwalk_v1.0.0
HRIS-WKR-003313,PAY-WKR-003214,LE-IE-SYNTH-001,ACTIVE,xwalk_v1.0.0
HRIS-WKR-003314,PAY-WKR-003215,LE-IE-SYNTH-001,ACTIVE,xwalk_v1.0.0
HRIS-WKR-003315,PAY-WKR-003216,LE-IE-SYNTH-001,ACTIVE,xwalk_v1.0.0
HRIS-WKR-003316,PAY-WKR-003217,LE-IE-SYNTH-001,ACTIVE,xwalk_v1.0.0
HRIS-WKR-003317,,LE-IE-SYNTH-001,MISSING,xwalk_v1.0.0
HRIS-WKR-003318,PAY-WKR-003218,LE-IE-SYNTH-001,ACTIVE,xwalk_v1.0.0
HRIS-WKR-003319,PAY-WKR-003219,LE-IE-SYNTH-001,ACTIVE,xwalk_v1.0.0
HRIS-WKR-003320,PAY-WKR-003220,LE-IE-SYNTH-001,ACTIVE,xwalk_v1.0.0
HRIS-WKR-003321,PAY-WKR-003221,LE-IE-SYNTH-001,ACTIVE,xwalk_v1.0.0
HRIS-WKR-003322,PAY-WKR-003222,LE-IE-SYNTH-001,ACTIVE,xwalk_v1.0.0
HRIS-WKR-003323,PAY-WKR-003223,LE-IE-SYNTH-001,ACTIVE,xwalk_v1.0.0
HRIS-WKR-003324,PAY-WKR-003224,LE-IE-SYNTH-001,ACTIVE,xwalk_v1.0.0
HRIS-WKR-003325,PAY-WKR-003225,LE-IE-SYNTH-001,ACTIVE,xwalk_v1.0.0
HRIS-WKR-003326,PAY-WKR-003226,LE-IE-SYNTH-001,ACTIVE,xwalk_v1.0.0
HRIS-WKR-003327,PAY-WKR-003227,LE-IE-SYNTH-001,ACTIVE,xwalk_v1.0.0
HRIS-WKR-003328,PAY-WKR-003228,LE-IE-SYNTH-001,ACTIVE,xwalk_v1.0.0
HRIS-WKR-003329,PAY-WKR-003229,LE-IE-SYNTH-001,ACTIVE,xwalk_v1.0.0
HRIS-WKR-003330,PAY-WKR-003230,LE-IE-SYNTH-001,ACTIVE,xwalk_v1.0.0
HRIS-WKR-003331,PAY-WKR-003231,LE-IE-SYNTH-001,ACTIVE,xwalk_v1.0.0
HRIS-WKR-003332,,LE-IE-SYNTH-001,MISSING,xwalk_v1.0.0
HRIS-WKR-003333,,LE-IE-SYNTH-001,MISSING,xwalk_v1.0.0
HRIS-WKR-003334,PAY-WKR-003232,LE-IE-SYNTH-001,ACTIVE,xwalk_v1.0.0
HRIS-WKR-003335,PAY-WKR-003233,LE-IE-SYNTH-001,ACTIVE,xwalk_v1.0.0
HRIS-WKR-003336,PAY-WKR-003234,LE-IE-SYNTH-001,ACTIVE,xwalk_v1.0.0
HRIS-WKR-003337,PAY-WKR-003235,LE-IE-SYNTH-001,ACTIVE,xwalk_v1.0.0
HRIS-WKR-003338,PAY-WKR-003236,LE-IE-SYNTH-001,ACTIVE,xwalk_v1.0.0
HRIS-WKR-003339,PAY-WKR-003237,LE-IE-SYNTH-001,ACTIVE,xwalk_v1.0.0
HRIS-WKR-003340,PAY-WKR-003238,LE-IE-SYNTH-001,ACTIVE,xwalk_v1.0.0
HRIS-WKR-003341,PAY-WKR-003239,LE-IE-SYNTH-001,ACTIVE,xwalk_v1.0.0
HRIS-WKR-003342,PAY-WKR-003240,LE-IE-SYNTH-001,ACTIVE,xwalk_v1.0.0
HRIS-WKR-003343,PAY-WKR-003241,LE-IE-SYNTH-001,ACTIVE,xwalk_v1.0.0
HRIS-WKR-003344,PAY-WKR-003242,LE-IE-SYNTH-001,ACTIVE,xwalk_v1.0.0
HRIS-WKR-003345,PAY-WKR-003243,LE-IE-SYNTH-001,ACTIVE,xwalk_v1.0.0
HRIS-WKR-003346,PAY-WKR-003244,LE-IE-SYNTH-001,ACTIVE,xwalk_v1.0.0
HRIS-WKR-003347,PAY-WKR-003245,LE-IE-SYNTH-001,ACTIVE,xwalk_v1.0.0
HRIS-WKR-003348,PAY-WKR-003246,LE-IE-SYNTH-001,ACTIVE,xwalk_v1.0.0
HRIS-WKR-003349,PAY-WKR-003247,LE-IE-SYNTH-001,ACTIVE,xwalk_v1.0.0
HRIS-WKR-003350,PAY-WKR-003248,LE-IE-SYNTH-001,ACTIVE,xwalk_v1.0.0
HRIS-WKR-003351,PAY-WKR-003249,LE-IE-SYNTH-001,ACTIVE,xwalk_v1.0.0
HRIS-WKR-003352,PAY-WKR-003250,LE-IE-SYNTH-001,ACTIVE,xwalk_v1.0.0
HRIS-WKR-003353,PAY-WKR-003251,LE-IE-SYNTH-001,ACTIVE,xwalk_v1.0.0
HRIS-WKR-003354,PAY-WKR-003252,LE-IE-SYNTH-001,ACTIVE,xwalk_v1.0.0
HRIS-WKR-003355,PAY-WKR-003253,LE-IE-SYNTH-001,ACTIVE,xwalk_v1.0.0
HRIS-WKR-003356,PAY-WKR-003254,LE-IE-SYNTH-001,ACTIVE,xwalk_v1.0.0
HRIS-WKR-003357,PAY-WKR-003255,LE-IE-SYNTH-001,ACTIVE,xwalk_v1.0.0
HRIS-WKR-003358,PAY-WKR-003256,LE-IE-SYNTH-001,ACTIVE,xwalk_v1.0.0
HRIS-WKR-003359,PAY-WKR-003257,LE-IE-SYNTH-001,ACTIVE,xwalk_v1.0.0
HRIS-WKR-003360,PAY-WKR-003258,LE-IE-SYNTH-001,ACTIVE,xwalk_v1.0.0
HRIS-WKR-003361,PAY-WKR-003259,LE-IE-SYNTH-001,ACTIVE,xwalk_v1.0.0
HRIS-WKR-003362,PAY-WKR-003260,LE-IE-SYNTH-001,ACTIVE,xwalk_v1.0.0
HRIS-WKR-003363,PAY-WKR-003261,LE-IE-SYNTH-001,ACTIVE,xwalk_v1.0.0
HRIS-WKR-003364,PAY-WKR-003262,LE-IE-SYNTH-001,ACTIVE,xwalk_v1.0.0
HRIS-WKR-003365,PAY-WKR-003263,LE-IE-SYNTH-001,ACTIVE,xwalk_v1.0.0
HRIS-WKR-003366,PAY-WKR-003264,LE-IE-SYNTH-001,ACTIVE,xwalk_v1.0.0
HRIS-WKR-003367,,LE-IE-SYNTH-001,MISSING,xwalk_v1.0.0
HRIS-WKR-003368,PAY-WKR-003265,LE-IE-SYNTH-001,ACTIVE,xwalk_v1.0.0
HRIS-WKR-003369,PAY-WKR-003266,LE-IE-SYNTH-001,ACTIVE,xwalk_v1.0.0
HRIS-WKR-003370,PAY-WKR-003267,LE-IE-SYNTH-001,ACTIVE,xwalk_v1.0.0
HRIS-WKR-003371,PAY-WKR-003268,LE-IE-SYNTH-001,ACTIVE,xwalk_v1.0.0
HRIS-WKR-003372,PAY-WKR-003269,LE-IE-SYNTH-001,ACTIVE,xwalk_v1.0.0
HRIS-WKR-003373,PAY-WKR-003270,LE-IE-SYNTH-001,ACTIVE,xwalk_v1.0.0
HRIS-WKR-003374,PAY-WKR-003271,LE-IE-SYNTH-001,ACTIVE,xwalk_v1.0.0
HRIS-WKR-003375,PAY-WKR-003272,LE-IE-SYNTH-001,ACTIVE,xwalk_v1.0.0
HRIS-WKR-003376,PAY-WKR-003273,LE-IE-SYNTH-001,ACTIVE,xwalk_v1.0.0
HRIS-WKR-003377,PAY-WKR-003274,LE-IE-SYNTH-001,ACTIVE,xwalk_v1.0.0
HRIS-WKR-003378,PAY-WKR-003275,LE-IE-SYNTH-001,ACTIVE,xwalk_v1.0.0
HRIS-WKR-003379,PAY-WKR-003276,LE-IE-SYNTH-001,ACTIVE,xwalk_v1.0.0
HRIS-WKR-003380,PAY-WKR-003277,LE-IE-SYNTH-001,ACTIVE,xwalk_v1.0.0
HRIS-WKR-003381,PAY-WKR-003278,LE-IE-SYNTH-001,ACTIVE,xwalk_v1.0.0
HRIS-WKR-003382,PAY-WKR-003279,LE-IE-SYNTH-001,ACTIVE,xwalk_v1.0.0
HRIS-WKR-003383,PAY-WKR-003280,LE-IE-SYNTH-001,ACTIVE,xwalk_v1.0.0
HRIS-WKR-003384,PAY-WKR-003281,LE-IE-SYNTH-001,ACTIVE,xwalk_v1.0.0
HRIS-WKR-003385,PAY-WKR-003282,LE-IE-SYNTH-001,ACTIVE,xwalk_v1.0.0
HRIS-WKR-003386,PAY-WKR-003283,LE-IE-SYNTH-001,ACTIVE,xwalk_v1.0.0
HRIS-WKR-003387,PAY-WKR-003284,LE-IE-SYNTH-001,ACTIVE,xwalk_v1.0.0
HRIS-WKR-003388,PAY-WKR-003285,LE-IE-SYNTH-001,ACTIVE,xwalk_v1.0.0
HRIS-WKR-003389,PAY-WKR-003286,LE-IE-SYNTH-001,ACTIVE,xwalk_v1.0.0
HRIS-WKR-003390,PAY-WKR-003287,LE-IE-SYNTH-001,ACTIVE,xwalk_v1.0.0
HRIS-WKR-003391,PAY-WKR-003288,LE-IE-SYNTH-001,ACTIVE,xwalk_v1.0.0
HRIS-WKR-003392,PAY-WKR-003289,LE-IE-SYNTH-001,ACTIVE,xwalk_v1.0.0
HRIS-WKR-003393,PAY-WKR-003290,LE-IE-SYNTH-001,ACTIVE,xwalk_v1.0.0
HRIS-WKR-003394,PAY-WKR-003291,LE-IE-SYNTH-001,ACTIVE,xwalk_v1.0.0
HRIS-WKR-003395,PAY-WKR-003292,LE-IE-SYNTH-001,ACTIVE,xwalk_v1.0.0
HRIS-WKR-003396,PAY-WKR-003293,LE-IE-SYNTH-001,ACTIVE,xwalk_v1.0.0
HRIS-WKR-003397,PAY-WKR-003294,LE-IE-SYNTH-001,ACTIVE,xwalk_v1.0.0
HRIS-WKR-003398,PAY-WKR-003295,LE-IE-SYNTH-001,ACTIVE,xwalk_v1.0.0
HRIS-WKR-003399,PAY-WKR-003296,LE-IE-SYNTH-001,ACTIVE,xwalk_v1.0.0
HRIS-WKR-003400,,LE-IE-SYNTH-001,MISSING,xwalk_v1.0.0
HRIS-WKR-003401,PAY-WKR-003297,LE-IE-SYNTH-001,ACTIVE,xwalk_v1.0.0
HRIS-WKR-003402,PAY-WKR-003298,LE-IE-SYNTH-001,ACTIVE,xwalk_v1.0.0
HRIS-WKR-003403,PAY-WKR-003299,LE-IE-SYNTH-001,ACTIVE,xwalk_v1.0.0
HRIS-WKR-003404,PAY-WKR-003300,LE-IE-SYNTH-001,ACTIVE,xwalk_v1.0.0
HRIS-WKR-003405,PAY-WKR-003301,LE-IE-SYNTH-001,ACTIVE,xwalk_v1.0.0
HRIS-WKR-003406,PAY-WKR-003302,LE-IE-SYNTH-001,ACTIVE,xwalk_v1.0.0
HRIS-WKR-003407,PAY-WKR-003303,LE-IE-SYNTH-001,ACTIVE,xwalk_v1.0.0
HRIS-WKR-003408,,LE-IE-SYNTH-001,MISSING,xwalk_v1.0.0
HRIS-WKR-003409,PAY-WKR-003304,LE-IE-SYNTH-001,ACTIVE,xwalk_v1.0.0
HRIS-WKR-003410,PAY-WKR-003305,LE-IE-SYNTH-001,ACTIVE,xwalk_v1.0.0
HRIS-WKR-003411,PAY-WKR-003306,LE-IE-SYNTH-001,ACTIVE,xwalk_v1.0.0
HRIS-WKR-003412,PAY-WKR-003307,LE-IE-SYNTH-001,ACTIVE,xwalk_v1.0.0
HRIS-WKR-003413,PAY-WKR-003308,LE-IE-SYNTH-001,ACTIVE,xwalk_v1.0.0
HRIS-WKR-003414,PAY-WKR-003309,LE-IE-SYNTH-001,ACTIVE,xwalk_v1.0.0
HRIS-WKR-003415,PAY-WKR-003310,LE-IE-SYNTH-001,ACTIVE,xwalk_v1.0.0
HRIS-WKR-003416,PAY-WKR-003311,LE-IE-SYNTH-001,ACTIVE,xwalk_v1.0.0
HRIS-WKR-003417,PAY-WKR-003312,LE-IE-SYNTH-001,ACTIVE,xwalk_v1.0.0
HRIS-WKR-003418,PAY-WKR-003313,LE-IE-SYNTH-001,ACTIVE,xwalk_v1.0.0
HRIS-WKR-003419,PAY-WKR-003314,LE-IE-SYNTH-001,ACTIVE,xwalk_v1.0.0
HRIS-WKR-003420,PAY-WKR-003315,LE-IE-SYNTH-001,ACTIVE,xwalk_v1.0.0
HRIS-WKR-003421,PAY-WKR-003316,LE-IE-SYNTH-001,ACTIVE,xwalk_v1.0.0
HRIS-WKR-003422,PAY-WKR-003317,LE-IE-SYNTH-001,ACTIVE,xwalk_v1.0.0
HRIS-WKR-003423,PAY-WKR-003318,LE-IE-SYNTH-001,ACTIVE,xwalk_v1.0.0
HRIS-WKR-003424,PAY-WKR-003319,LE-IE-SYNTH-001,ACTIVE,xwalk_v1.0.0
HRIS-WKR-003425,PAY-WKR-003320,LE-IE-SYNTH-001,ACTIVE,xwalk_v1.0.0
HRIS-WKR-003426,PAY-WKR-003321,LE-IE-SYNTH-001,ACTIVE,xwalk_v1.0.0
HRIS-WKR-003427,PAY-WKR-003322,LE-IE-SYNTH-001,ACTIVE,xwalk_v1.0.0
HRIS-WKR-003428,PAY-WKR-003323,LE-IE-SYNTH-001,ACTIVE,xwalk_v1.0.0
HRIS-WKR-003429,PAY-WKR-003324,LE-IE-SYNTH-001,ACTIVE,xwalk_v1.0.0
HRIS-WKR-003430,PAY-WKR-003325,LE-IE-SYNTH-001,ACTIVE,xwalk_v1.0.0
HRIS-WKR-003431,PAY-WKR-003326,LE-IE-SYNTH-001,ACTIVE,xwalk_v1.0.0
HRIS-WKR-003432,PAY-WKR-003327,LE-IE-SYNTH-001,ACTIVE,xwalk_v1.0.0
HRIS-WKR-003433,PAY-WKR-003328,LE-IE-SYNTH-001,ACTIVE,xwalk_v1.0.0
HRIS-WKR-003434,PAY-WKR-003329,LE-IE-SYNTH-001,ACTIVE,xwalk_v1.0.0
HRIS-WKR-003435,PAY-WKR-003330,LE-IE-SYNTH-001,ACTIVE,xwalk_v1.0.0
HRIS-WKR-003436,PAY-WKR-003331,LE-IE-SYNTH-001,ACTIVE,xwalk_v1.0.0
HRIS-WKR-003437,PAY-WKR-003332,LE-IE-SYNTH-001,ACTIVE,xwalk_v1.0.0
HRIS-WKR-003438,PAY-WKR-003333,LE-IE-SYNTH-001,ACTIVE,xwalk_v1.0.0
HRIS-WKR-003439,PAY-WKR-003334,LE-IE-SYNTH-001,ACTIVE,xwalk_v1.0.0
HRIS-WKR-003440,PAY-WKR-003335,LE-IE-SYNTH-001,ACTIVE,xwalk_v1.0.0
HRIS-WKR-003441,PAY-WKR-003336,LE-IE-SYNTH-001,ACTIVE,xwalk_v1.0.0
HRIS-WKR-003442,PAY-WKR-003337,LE-IE-SYNTH-001,ACTIVE,xwalk_v1.0.0
HRIS-WKR-003443,PAY-WKR-003338,LE-IE-SYNTH-001,ACTIVE,xwalk_v1.0.0
HRIS-WKR-003444,PAY-WKR-003339,LE-IE-SYNTH-001,ACTIVE,xwalk_v1.0.0
HRIS-WKR-003445,PAY-WKR-003340,LE-IE-SYNTH-001,ACTIVE,xwalk_v1.0.0
HRIS-WKR-003446,PAY-WKR-003341,LE-IE-SYNTH-001,ACTIVE,xwalk_v1.0.0
HRIS-WKR-003447,PAY-WKR-003342,LE-IE-SYNTH-001,ACTIVE,xwalk_v1.0.0
HRIS-WKR-003448,PAY-WKR-003343,LE-IE-SYNTH-001,ACTIVE,xwalk_v1.0.0
HRIS-WKR-003449,PAY-WKR-003344,LE-IE-SYNTH-001,ACTIVE,xwalk_v1.0.0
HRIS-WKR-003450,PAY-WKR-003345,LE-IE-SYNTH-001,ACTIVE,xwalk_v1.0.0
HRIS-WKR-003451,PAY-WKR-003346,LE-IE-SYNTH-001,ACTIVE,xwalk_v1.0.0
HRIS-WKR-003452,PAY-WKR-003347,LE-IE-SYNTH-001,ACTIVE,xwalk_v1.0.0
HRIS-WKR-003453,PAY-WKR-003348,LE-IE-SYNTH-001,ACTIVE,xwalk_v1.0.0
HRIS-WKR-003454,PAY-WKR-003349,LE-IE-SYNTH-001,ACTIVE,xwalk_v1.0.0
HRIS-WKR-003455,PAY-WKR-003350,LE-IE-SYNTH-001,ACTIVE,xwalk_v1.0.0
HRIS-WKR-003456,PAY-WKR-003351,LE-IE-SYNTH-001,ACTIVE,xwalk_v1.0.0
HRIS-WKR-003457,PAY-WKR-003352,LE-IE-SYNTH-001,ACTIVE,xwalk_v1.0.0
HRIS-WKR-003458,PAY-WKR-003353,LE-IE-SYNTH-001,ACTIVE,xwalk_v1.0.0
HRIS-WKR-003459,PAY-WKR-003354,LE-IE-SYNTH-001,ACTIVE,xwalk_v1.0.0
HRIS-WKR-003460,PAY-WKR-003355,LE-IE-SYNTH-001,ACTIVE,xwalk_v1.0.0
HRIS-WKR-003461,PAY-WKR-003356,LE-IE-SYNTH-001,ACTIVE,xwalk_v1.0.0
HRIS-WKR-003462,PAY-WKR-003357,LE-IE-SYNTH-001,ACTIVE,xwalk_v1.0.0
HRIS-WKR-003463,PAY-WKR-003358,LE-IE-SYNTH-001,ACTIVE,xwalk_v1.0.0
HRIS-WKR-003464,PAY-WKR-003359,LE-IE-SYNTH-001,ACTIVE,xwalk_v1.0.0
HRIS-WKR-003465,PAY-WKR-003360,LE-IE-SYNTH-001,ACTIVE,xwalk_v1.0.0
HRIS-WKR-003466,PAY-WKR-003361,LE-IE-SYNTH-001,ACTIVE,xwalk_v1.0.0
HRIS-WKR-003467,PAY-WKR-003362,LE-IE-SYNTH-001,ACTIVE,xwalk_v1.0.0
HRIS-WKR-003468,PAY-WKR-003363,LE-IE-SYNTH-001,ACTIVE,xwalk_v1.0.0
HRIS-WKR-003469,PAY-WKR-003364,LE-IE-SYNTH-001,ACTIVE,xwalk_v1.0.0
HRIS-WKR-003470,PAY-WKR-003365,LE-IE-SYNTH-001,ACTIVE,xwalk_v1.0.0
HRIS-WKR-003471,PAY-WKR-003366,LE-IE-SYNTH-001,ACTIVE,xwalk_v1.0.0
HRIS-WKR-003472,PAY-WKR-003367,LE-IE-SYNTH-001,ACTIVE,xwalk_v1.0.0
HRIS-WKR-003473,PAY-WKR-003368,LE-IE-SYNTH-001,ACTIVE,xwalk_v1.0.0
HRIS-WKR-003474,PAY-WKR-003369,LE-IE-SYNTH-001,ACTIVE,xwalk_v1.0.0
HRIS-WKR-003475,PAY-WKR-003370,LE-IE-SYNTH-001,ACTIVE,xwalk_v1.0.0
HRIS-WKR-003476,PAY-WKR-003371,LE-IE-SYNTH-001,ACTIVE,xwalk_v1.0.0
HRIS-WKR-003477,PAY-WKR-003372,LE-IE-SYNTH-001,ACTIVE,xwalk_v1.0.0
HRIS-WKR-003478,PAY-WKR-003373,LE-IE-SYNTH-001,ACTIVE,xwalk_v1.0.0
HRIS-WKR-003479,PAY-WKR-003374,LE-IE-SYNTH-001,ACTIVE,xwalk_v1.0.0
HRIS-WKR-003480,PAY-WKR-003375,LE-IE-SYNTH-001,ACTIVE,xwalk_v1.0.0
HRIS-WKR-003481,PAY-WKR-003376,LE-IE-SYNTH-001,ACTIVE,xwalk_v1.0.0
HRIS-WKR-003482,,LE-IE-SYNTH-001,MISSING,xwalk_v1.0.0
HRIS-WKR-003483,PAY-WKR-003377,LE-IE-SYNTH-001,ACTIVE,xwalk_v1.0.0
HRIS-WKR-003484,PAY-WKR-003378,LE-IE-SYNTH-001,ACTIVE,xwalk_v1.0.0
HRIS-WKR-003485,PAY-WKR-003379,LE-IE-SYNTH-001,ACTIVE,xwalk_v1.0.0
HRIS-WKR-003486,PAY-WKR-003380,LE-IE-SYNTH-001,ACTIVE,xwalk_v1.0.0
HRIS-WKR-003487,PAY-WKR-003381,LE-IE-SYNTH-001,ACTIVE,xwalk_v1.0.0
HRIS-WKR-003488,PAY-WKR-003382,LE-IE-SYNTH-001,ACTIVE,xwalk_v1.0.0
HRIS-WKR-003489,PAY-WKR-003383,LE-IE-SYNTH-001,ACTIVE,xwalk_v1.0.0
HRIS-WKR-003490,PAY-WKR-003384,LE-IE-SYNTH-001,ACTIVE,xwalk_v1.0.0
HRIS-WKR-003491,PAY-WKR-003385,LE-IE-SYNTH-001,ACTIVE,xwalk_v1.0.0
HRIS-WKR-003492,PAY-WKR-003386,LE-IE-SYNTH-001,ACTIVE,xwalk_v1.0.0
HRIS-WKR-003493,PAY-WKR-003387,LE-IE-SYNTH-001,ACTIVE,xwalk_v1.0.0
HRIS-WKR-003494,PAY-WKR-003388,LE-IE-SYNTH-001,ACTIVE,xwalk_v1.0.0
HRIS-WKR-003495,PAY-WKR-003389,LE-IE-SYNTH-001,ACTIVE,xwalk_v1.0.0
HRIS-WKR-003496,PAY-WKR-003390,LE-IE-SYNTH-001,ACTIVE,xwalk_v1.0.0
HRIS-WKR-003497,PAY-WKR-003391,LE-IE-SYNTH-001,ACTIVE,xwalk_v1.0.0
HRIS-WKR-003498,PAY-WKR-003392,LE-IE-SYNTH-001,ACTIVE,xwalk_v1.0.0
HRIS-WKR-003499,PAY-WKR-003393,LE-IE-SYNTH-001,ACTIVE,xwalk_v1.0.0
HRIS-WKR-003500,PAY-WKR-003394,LE-IE-SYNTH-001,ACTIVE,xwalk_v1.0.0
HRIS-WKR-003501,PAY-WKR-003395,LE-IE-SYNTH-001,ACTIVE,xwalk_v1.0.0
HRIS-WKR-003502,PAY-WKR-003396,LE-IE-SYNTH-001,ACTIVE,xwalk_v1.0.0
HRIS-WKR-003503,PAY-WKR-003397,LE-IE-SYNTH-001,ACTIVE,xwalk_v1.0.0
HRIS-WKR-003504,PAY-WKR-003398,LE-IE-SYNTH-001,ACTIVE,xwalk_v1.0.0
HRIS-WKR-003505,,LE-IE-SYNTH-001,MISSING,xwalk_v1.0.0
HRIS-WKR-003506,PAY-WKR-003399,LE-IE-SYNTH-001,ACTIVE,xwalk_v1.0.0
HRIS-WKR-003507,PAY-WKR-003400,LE-IE-SYNTH-001,ACTIVE,xwalk_v1.0.0
HRIS-WKR-003508,PAY-WKR-003401,LE-IE-SYNTH-001,ACTIVE,xwalk_v1.0.0
HRIS-WKR-003509,PAY-WKR-003402,LE-IE-SYNTH-001,ACTIVE,xwalk_v1.0.0
HRIS-WKR-003510,PAY-WKR-003403,LE-IE-SYNTH-001,ACTIVE,xwalk_v1.0.0
HRIS-WKR-003511,PAY-WKR-003404,LE-IE-SYNTH-001,ACTIVE,xwalk_v1.0.0
HRIS-WKR-003512,PAY-WKR-003405,LE-IE-SYNTH-001,ACTIVE,xwalk_v1.0.0
HRIS-WKR-003513,PAY-WKR-003406,LE-IE-SYNTH-001,ACTIVE,xwalk_v1.0.0
HRIS-WKR-003514,PAY-WKR-003407,LE-IE-SYNTH-001,ACTIVE,xwalk_v1.0.0
HRIS-WKR-003515,PAY-WKR-003408,LE-IE-SYNTH-001,ACTIVE,xwalk_v1.0.0
HRIS-WKR-003516,PAY-WKR-003409,LE-IE-SYNTH-001,ACTIVE,xwalk_v1.0.0
HRIS-WKR-003517,PAY-WKR-003410,LE-IE-SYNTH-001,ACTIVE,xwalk_v1.0.0
HRIS-WKR-003518,PAY-WKR-003411,LE-IE-SYNTH-001,ACTIVE,xwalk_v1.0.0
HRIS-WKR-003519,PAY-WKR-003412,LE-IE-SYNTH-001,ACTIVE,xwalk_v1.0.0
HRIS-WKR-003520,PAY-WKR-003413,LE-IE-SYNTH-001,ACTIVE,xwalk_v1.0.0
HRIS-WKR-003521,PAY-WKR-003414,LE-IE-SYNTH-001,ACTIVE,xwalk_v1.0.0
HRIS-WKR-003522,PAY-WKR-003415,LE-IE-SYNTH-001,ACTIVE,xwalk_v1.0.0
HRIS-WKR-003523,PAY-WKR-003416,LE-IE-SYNTH-001,ACTIVE,xwalk_v1.0.0
HRIS-WKR-003524,PAY-WKR-003417,LE-IE-SYNTH-001,ACTIVE,xwalk_v1.0.0
HRIS-WKR-003525,PAY-WKR-003418,LE-IE-SYNTH-001,ACTIVE,xwalk_v1.0.0
HRIS-WKR-003526,PAY-WKR-003419,LE-IE-SYNTH-001,ACTIVE,xwalk_v1.0.0
HRIS-WKR-003527,PAY-WKR-003420,LE-IE-SYNTH-001,ACTIVE,xwalk_v1.0.0
HRIS-WKR-003528,PAY-WKR-003421,LE-IE-SYNTH-001,ACTIVE,xwalk_v1.0.0
HRIS-WKR-003529,PAY-WKR-003422,LE-IE-SYNTH-001,ACTIVE,xwalk_v1.0.0
HRIS-WKR-003530,PAY-WKR-003423,LE-IE-SYNTH-001,ACTIVE,xwalk_v1.0.0
HRIS-WKR-003531,PAY-WKR-003424,LE-IE-SYNTH-001,ACTIVE,xwalk_v1.0.0
HRIS-WKR-003532,PAY-WKR-003425,LE-IE-SYNTH-001,ACTIVE,xwalk_v1.0.0
HRIS-WKR-003533,,LE-IE-SYNTH-001,MISSING,xwalk_v1.0.0
HRIS-WKR-003534,PAY-WKR-003426,LE-IE-SYNTH-001,ACTIVE,xwalk_v1.0.0
HRIS-WKR-003535,PAY-WKR-003427,LE-IE-SYNTH-001,ACTIVE,xwalk_v1.0.0
HRIS-WKR-003536,PAY-WKR-003428,LE-IE-SYNTH-001,ACTIVE,xwalk_v1.0.0
HRIS-WKR-003537,PAY-WKR-003429,LE-IE-SYNTH-001,ACTIVE,xwalk_v1.0.0
HRIS-WKR-003538,PAY-WKR-003430,LE-IE-SYNTH-001,ACTIVE,xwalk_v1.0.0
HRIS-WKR-003539,PAY-WKR-003431,LE-IE-SYNTH-001,ACTIVE,xwalk_v1.0.0
HRIS-WKR-003540,PAY-WKR-003432,LE-IE-SYNTH-001,ACTIVE,xwalk_v1.0.0
HRIS-WKR-003541,,LE-IE-SYNTH-001,MISSING,xwalk_v1.0.0
HRIS-WKR-003542,PAY-WKR-003433,LE-IE-SYNTH-001,ACTIVE,xwalk_v1.0.0
HRIS-WKR-003543,PAY-WKR-003434,LE-IE-SYNTH-001,ACTIVE,xwalk_v1.0.0
HRIS-WKR-003544,PAY-WKR-003435,LE-IE-SYNTH-001,ACTIVE,xwalk_v1.0.0
HRIS-WKR-003545,PAY-WKR-003436,LE-IE-SYNTH-001,ACTIVE,xwalk_v1.0.0
HRIS-WKR-003546,PAY-WKR-003437,LE-IE-SYNTH-001,ACTIVE,xwalk_v1.0.0
HRIS-WKR-003547,PAY-WKR-003438,LE-IE-SYNTH-001,ACTIVE,xwalk_v1.0.0
HRIS-WKR-003548,PAY-WKR-003439,LE-IE-SYNTH-001,ACTIVE,xwalk_v1.0.0
HRIS-WKR-003549,PAY-WKR-003440,LE-IE-SYNTH-001,ACTIVE,xwalk_v1.0.0
HRIS-WKR-003550,,LE-IE-SYNTH-001,MISSING,xwalk_v1.0.0
HRIS-WKR-003551,PAY-WKR-003441,LE-IE-SYNTH-001,ACTIVE,xwalk_v1.0.0
HRIS-WKR-003552,PAY-WKR-003442,LE-IE-SYNTH-001,ACTIVE,xwalk_v1.0.0
HRIS-WKR-003553,PAY-WKR-003443,LE-IE-SYNTH-001,ACTIVE,xwalk_v1.0.0
HRIS-WKR-003554,PAY-WKR-003444,LE-IE-SYNTH-001,ACTIVE,xwalk_v1.0.0
HRIS-WKR-003555,PAY-WKR-003445,LE-IE-SYNTH-001,ACTIVE,xwalk_v1.0.0
HRIS-WKR-003556,PAY-WKR-003446,LE-IE-SYNTH-001,ACTIVE,xwalk_v1.0.0
HRIS-WKR-003557,PAY-WKR-003447,LE-IE-SYNTH-001,ACTIVE,xwalk_v1.0.0
HRIS-WKR-003558,PAY-WKR-003448,LE-IE-SYNTH-001,ACTIVE,xwalk_v1.0.0
HRIS-WKR-003559,PAY-WKR-003449,LE-IE-SYNTH-001,ACTIVE,xwalk_v1.0.0
HRIS-WKR-003560,PAY-WKR-003450,LE-IE-SYNTH-001,ACTIVE,xwalk_v1.0.0
HRIS-WKR-003561,PAY-WKR-003451,LE-IE-SYNTH-001,ACTIVE,xwalk_v1.0.0
HRIS-WKR-003562,PAY-WKR-003452,LE-IE-SYNTH-001,ACTIVE,xwalk_v1.0.0
HRIS-WKR-003563,PAY-WKR-003453,LE-IE-SYNTH-001,ACTIVE,xwalk_v1.0.0
HRIS-WKR-003564,PAY-WKR-003454,LE-IE-SYNTH-001,ACTIVE,xwalk_v1.0.0
HRIS-WKR-003565,PAY-WKR-003455,LE-IE-SYNTH-001,ACTIVE,xwalk_v1.0.0
HRIS-WKR-003566,PAY-WKR-003456,LE-IE-SYNTH-001,ACTIVE,xwalk_v1.0.0
HRIS-WKR-003567,PAY-WKR-003457,LE-IE-SYNTH-001,ACTIVE,xwalk_v1.0.0
HRIS-WKR-003568,PAY-WKR-003458,LE-IE-SYNTH-001,ACTIVE,xwalk_v1.0.0
HRIS-WKR-003569,PAY-WKR-003459,LE-IE-SYNTH-001,ACTIVE,xwalk_v1.0.0
HRIS-WKR-003570,PAY-WKR-003460,LE-IE-SYNTH-001,ACTIVE,xwalk_v1.0.0
HRIS-WKR-003571,PAY-WKR-003461,LE-IE-SYNTH-001,ACTIVE,xwalk_v1.0.0
HRIS-WKR-003572,PAY-WKR-003462,LE-IE-SYNTH-001,ACTIVE,xwalk_v1.0.0
HRIS-WKR-003573,PAY-WKR-003463,LE-IE-SYNTH-001,ACTIVE,xwalk_v1.0.0
HRIS-WKR-003574,PAY-WKR-003464,LE-IE-SYNTH-001,ACTIVE,xwalk_v1.0.0
HRIS-WKR-003575,PAY-WKR-003465,LE-IE-SYNTH-001,ACTIVE,xwalk_v1.0.0
HRIS-WKR-003576,PAY-WKR-003466,LE-IE-SYNTH-001,ACTIVE,xwalk_v1.0.0
HRIS-WKR-003577,PAY-WKR-003467,LE-IE-SYNTH-001,ACTIVE,xwalk_v1.0.0
HRIS-WKR-003578,PAY-WKR-003468,LE-IE-SYNTH-001,ACTIVE,xwalk_v1.0.0
HRIS-WKR-003579,PAY-WKR-003469,LE-IE-SYNTH-001,ACTIVE,xwalk_v1.0.0
HRIS-WKR-003580,PAY-WKR-003470,LE-IE-SYNTH-001,ACTIVE,xwalk_v1.0.0
HRIS-WKR-003581,PAY-WKR-003471,LE-IE-SYNTH-001,ACTIVE,xwalk_v1.0.0
HRIS-WKR-003582,PAY-WKR-003472,LE-IE-SYNTH-001,ACTIVE,xwalk_v1.0.0
HRIS-WKR-003583,PAY-WKR-003473,LE-IE-SYNTH-001,ACTIVE,xwalk_v1.0.0
HRIS-WKR-003584,PAY-WKR-003474,LE-IE-SYNTH-001,ACTIVE,xwalk_v1.0.0
HRIS-WKR-003585,PAY-WKR-003475,LE-IE-SYNTH-001,ACTIVE,xwalk_v1.0.0
HRIS-WKR-003586,,LE-IE-SYNTH-001,MISSING,xwalk_v1.0.0
HRIS-WKR-003587,PAY-WKR-003476,LE-IE-SYNTH-001,ACTIVE,xwalk_v1.0.0
HRIS-WKR-003588,PAY-WKR-003477,LE-IE-SYNTH-001,ACTIVE,xwalk_v1.0.0
HRIS-WKR-003589,PAY-WKR-003478,LE-IE-SYNTH-001,ACTIVE,xwalk_v1.0.0
HRIS-WKR-003590,PAY-WKR-003479,LE-IE-SYNTH-001,ACTIVE,xwalk_v1.0.0
HRIS-WKR-003591,PAY-WKR-003480,LE-IE-SYNTH-001,ACTIVE,xwalk_v1.0.0
HRIS-WKR-003592,PAY-WKR-003481,LE-IE-SYNTH-001,ACTIVE,xwalk_v1.0.0
HRIS-WKR-003593,PAY-WKR-003482,LE-IE-SYNTH-001,ACTIVE,xwalk_v1.0.0
HRIS-WKR-003594,PAY-WKR-003483,LE-IE-SYNTH-001,ACTIVE,xwalk_v1.0.0
HRIS-WKR-003595,PAY-WKR-003484,LE-IE-SYNTH-001,ACTIVE,xwalk_v1.0.0
HRIS-WKR-003596,PAY-WKR-003485,LE-IE-SYNTH-001,ACTIVE,xwalk_v1.0.0
HRIS-WKR-003597,PAY-WKR-003486,LE-IE-SYNTH-001,ACTIVE,xwalk_v1.0.0
HRIS-WKR-003598,PAY-WKR-003487,LE-IE-SYNTH-001,ACTIVE,xwalk_v1.0.0
HRIS-WKR-003599,PAY-WKR-003488,LE-IE-SYNTH-001,ACTIVE,xwalk_v1.0.0
HRIS-WKR-003600,PAY-WKR-003489,LE-IE-SYNTH-001,ACTIVE,xwalk_v1.0.0
HRIS-WKR-003601,PAY-WKR-003490,LE-IE-SYNTH-001,ACTIVE,xwalk_v1.0.0
HRIS-WKR-003602,PAY-WKR-003491,LE-IE-SYNTH-001,ACTIVE,xwalk_v1.0.0
HRIS-WKR-003603,PAY-WKR-003492,LE-IE-SYNTH-001,ACTIVE,xwalk_v1.0.0
HRIS-WKR-003604,PAY-WKR-003493,LE-IE-SYNTH-001,ACTIVE,xwalk_v1.0.0
HRIS-WKR-003605,PAY-WKR-003494,LE-IE-SYNTH-001,ACTIVE,xwalk_v1.0.0
HRIS-WKR-003606,PAY-WKR-003495,LE-IE-SYNTH-001,ACTIVE,xwalk_v1.0.0
HRIS-WKR-003607,PAY-WKR-003496,LE-IE-SYNTH-001,ACTIVE,xwalk_v1.0.0
HRIS-WKR-003608,PAY-WKR-003497,LE-IE-SYNTH-001,ACTIVE,xwalk_v1.0.0
HRIS-WKR-003609,PAY-WKR-003498,LE-IE-SYNTH-001,ACTIVE,xwalk_v1.0.0
HRIS-WKR-003610,PAY-WKR-003499,LE-IE-SYNTH-001,ACTIVE,xwalk_v1.0.0
HRIS-WKR-003611,PAY-WKR-003500,LE-IE-SYNTH-001,ACTIVE,xwalk_v1.0.0
HRIS-WKR-003612,PAY-WKR-003501,LE-IE-SYNTH-001,ACTIVE,xwalk_v1.0.0
HRIS-WKR-003613,PAY-WKR-003502,LE-IE-SYNTH-001,ACTIVE,xwalk_v1.0.0
HRIS-WKR-003614,PAY-WKR-003503,LE-IE-SYNTH-001,ACTIVE,xwalk_v1.0.0
HRIS-WKR-003615,PAY-WKR-003504,LE-IE-SYNTH-001,ACTIVE,xwalk_v1.0.0
HRIS-WKR-003616,PAY-WKR-003505,LE-IE-SYNTH-001,ACTIVE,xwalk_v1.0.0
HRIS-WKR-003617,PAY-WKR-003506,LE-IE-SYNTH-001,ACTIVE,xwalk_v1.0.0
HRIS-WKR-003618,PAY-WKR-003507,LE-IE-SYNTH-001,ACTIVE,xwalk_v1.0.0
HRIS-WKR-003619,PAY-WKR-003508,LE-IE-SYNTH-001,ACTIVE,xwalk_v1.0.0
HRIS-WKR-003620,PAY-WKR-003509,LE-IE-SYNTH-001,ACTIVE,xwalk_v1.0.0
HRIS-WKR-003621,PAY-WKR-003510,LE-IE-SYNTH-001,ACTIVE,xwalk_v1.0.0
HRIS-WKR-003622,PAY-WKR-003511,LE-IE-SYNTH-001,ACTIVE,xwalk_v1.0.0
HRIS-WKR-003623,PAY-WKR-003512,LE-IE-SYNTH-001,ACTIVE,xwalk_v1.0.0
HRIS-WKR-003624,PAY-WKR-003513,LE-IE-SYNTH-001,ACTIVE,xwalk_v1.0.0
HRIS-WKR-003625,PAY-WKR-003514,LE-IE-SYNTH-001,ACTIVE,xwalk_v1.0.0
HRIS-WKR-003626,PAY-WKR-003515,LE-IE-SYNTH-001,ACTIVE,xwalk_v1.0.0
HRIS-WKR-003627,PAY-WKR-003516,LE-IE-SYNTH-001,ACTIVE,xwalk_v1.0.0
HRIS-WKR-003628,PAY-WKR-003517,LE-IE-SYNTH-001,ACTIVE,xwalk_v1.0.0
HRIS-WKR-003629,PAY-WKR-003518,LE-IE-SYNTH-001,ACTIVE,xwalk_v1.0.0
HRIS-WKR-003630,PAY-WKR-003519,LE-IE-SYNTH-001,ACTIVE,xwalk_v1.0.0
HRIS-WKR-003631,PAY-WKR-003520,LE-IE-SYNTH-001,ACTIVE,xwalk_v1.0.0
HRIS-WKR-003632,PAY-WKR-003521,LE-IE-SYNTH-001,ACTIVE,xwalk_v1.0.0
HRIS-WKR-003633,PAY-WKR-003522,LE-IE-SYNTH-001,ACTIVE,xwalk_v1.0.0
HRIS-WKR-003634,PAY-WKR-003523,LE-IE-SYNTH-001,ACTIVE,xwalk_v1.0.0
HRIS-WKR-003635,PAY-WKR-003524,LE-IE-SYNTH-001,ACTIVE,xwalk_v1.0.0
HRIS-WKR-003636,PAY-WKR-003525,LE-IE-SYNTH-001,ACTIVE,xwalk_v1.0.0
HRIS-WKR-003637,PAY-WKR-003526,LE-IE-SYNTH-001,ACTIVE,xwalk_v1.0.0
HRIS-WKR-003638,PAY-WKR-003527,LE-IE-SYNTH-001,ACTIVE,xwalk_v1.0.0
HRIS-WKR-003639,PAY-WKR-003528,LE-IE-SYNTH-001,ACTIVE,xwalk_v1.0.0
HRIS-WKR-003640,PAY-WKR-003529,LE-IE-SYNTH-001,ACTIVE,xwalk_v1.0.0
HRIS-WKR-003641,PAY-WKR-003530,LE-IE-SYNTH-001,ACTIVE,xwalk_v1.0.0
HRIS-WKR-003642,PAY-WKR-003531,LE-IE-SYNTH-001,ACTIVE,xwalk_v1.0.0
HRIS-WKR-003643,PAY-WKR-003532,LE-IE-SYNTH-001,ACTIVE,xwalk_v1.0.0
HRIS-WKR-003644,PAY-WKR-003533,LE-IE-SYNTH-001,ACTIVE,xwalk_v1.0.0
HRIS-WKR-003645,PAY-WKR-003534,LE-IE-SYNTH-001,ACTIVE,xwalk_v1.0.0
HRIS-WKR-003646,PAY-WKR-003535,LE-IE-SYNTH-001,ACTIVE,xwalk_v1.0.0
HRIS-WKR-003647,PAY-WKR-003536,LE-IE-SYNTH-001,ACTIVE,xwalk_v1.0.0
HRIS-WKR-003648,PAY-WKR-003537,LE-IE-SYNTH-001,ACTIVE,xwalk_v1.0.0
HRIS-WKR-003649,PAY-WKR-003538,LE-IE-SYNTH-001,ACTIVE,xwalk_v1.0.0
HRIS-WKR-003650,PAY-WKR-003539,LE-IE-SYNTH-001,ACTIVE,xwalk_v1.0.0
HRIS-WKR-003651,PAY-WKR-003540,LE-IE-SYNTH-001,ACTIVE,xwalk_v1.0.0
HRIS-WKR-003652,PAY-WKR-003541,LE-IE-SYNTH-001,ACTIVE,xwalk_v1.0.0
HRIS-WKR-003653,PAY-WKR-003542,LE-IE-SYNTH-001,ACTIVE,xwalk_v1.0.0
HRIS-WKR-003654,PAY-WKR-003543,LE-IE-SYNTH-001,ACTIVE,xwalk_v1.0.0
HRIS-WKR-003655,PAY-WKR-003544,LE-IE-SYNTH-001,ACTIVE,xwalk_v1.0.0
HRIS-WKR-003656,PAY-WKR-003545,LE-IE-SYNTH-001,ACTIVE,xwalk_v1.0.0
HRIS-WKR-003657,PAY-WKR-003546,LE-IE-SYNTH-001,ACTIVE,xwalk_v1.0.0
HRIS-WKR-003658,PAY-WKR-003547,LE-IE-SYNTH-001,ACTIVE,xwalk_v1.0.0
HRIS-WKR-003659,PAY-WKR-003548,LE-IE-SYNTH-001,ACTIVE,xwalk_v1.0.0
HRIS-WKR-003660,PAY-WKR-003549,LE-IE-SYNTH-001,ACTIVE,xwalk_v1.0.0
HRIS-WKR-003661,PAY-WKR-003550,LE-IE-SYNTH-001,ACTIVE,xwalk_v1.0.0
HRIS-WKR-003662,PAY-WKR-003551,LE-IE-SYNTH-001,ACTIVE,xwalk_v1.0.0
HRIS-WKR-003663,PAY-WKR-003552,LE-IE-SYNTH-001,ACTIVE,xwalk_v1.0.0
HRIS-WKR-003664,PAY-WKR-003553,LE-IE-SYNTH-001,ACTIVE,xwalk_v1.0.0
HRIS-WKR-003665,PAY-WKR-003554,LE-IE-SYNTH-001,ACTIVE,xwalk_v1.0.0
HRIS-WKR-003666,PAY-WKR-003555,LE-IE-SYNTH-001,ACTIVE,xwalk_v1.0.0
HRIS-WKR-003667,PAY-WKR-003556,LE-IE-SYNTH-001,ACTIVE,xwalk_v1.0.0
HRIS-WKR-003668,PAY-WKR-003557,LE-IE-SYNTH-001,ACTIVE,xwalk_v1.0.0
HRIS-WKR-003669,PAY-WKR-003558,LE-IE-SYNTH-001,ACTIVE,xwalk_v1.0.0
HRIS-WKR-003670,PAY-WKR-003559,LE-IE-SYNTH-001,ACTIVE,xwalk_v1.0.0
HRIS-WKR-003671,PAY-WKR-003560,LE-IE-SYNTH-001,ACTIVE,xwalk_v1.0.0
HRIS-WKR-003672,PAY-WKR-003561,LE-IE-SYNTH-001,ACTIVE,xwalk_v1.0.0
HRIS-WKR-003673,PAY-WKR-003562,LE-IE-SYNTH-001,ACTIVE,xwalk_v1.0.0
HRIS-WKR-003674,PAY-WKR-003563,LE-IE-SYNTH-001,ACTIVE,xwalk_v1.0.0
HRIS-WKR-003675,PAY-WKR-003564,LE-IE-SYNTH-001,ACTIVE,xwalk_v1.0.0
HRIS-WKR-003676,PAY-WKR-003565,LE-IE-SYNTH-001,ACTIVE,xwalk_v1.0.0
HRIS-WKR-003677,PAY-WKR-003566,LE-IE-SYNTH-001,ACTIVE,xwalk_v1.0.0
HRIS-WKR-003678,PAY-WKR-003567,LE-IE-SYNTH-001,ACTIVE,xwalk_v1.0.0
HRIS-WKR-003679,PAY-WKR-003568,LE-IE-SYNTH-001,ACTIVE,xwalk_v1.0.0
HRIS-WKR-003680,PAY-WKR-003569,LE-IE-SYNTH-001,ACTIVE,xwalk_v1.0.0
HRIS-WKR-003681,PAY-WKR-003570,LE-IE-SYNTH-001,ACTIVE,xwalk_v1.0.0
HRIS-WKR-003682,PAY-WKR-003571,LE-IE-SYNTH-001,ACTIVE,xwalk_v1.0.0
HRIS-WKR-003683,PAY-WKR-003572,LE-IE-SYNTH-001,ACTIVE,xwalk_v1.0.0
HRIS-WKR-003684,PAY-WKR-003573,LE-IE-SYNTH-001,ACTIVE,xwalk_v1.0.0
HRIS-WKR-003685,PAY-WKR-003574,LE-IE-SYNTH-001,ACTIVE,xwalk_v1.0.0
HRIS-WKR-003686,PAY-WKR-003575,LE-IE-SYNTH-001,ACTIVE,xwalk_v1.0.0
HRIS-WKR-003687,PAY-WKR-003576,LE-IE-SYNTH-001,ACTIVE,xwalk_v1.0.0
HRIS-WKR-003688,PAY-WKR-003577,LE-IE-SYNTH-001,ACTIVE,xwalk_v1.0.0
HRIS-WKR-003689,PAY-WKR-003578,LE-IE-SYNTH-001,ACTIVE,xwalk_v1.0.0
HRIS-WKR-003690,PAY-WKR-003579,LE-IE-SYNTH-001,ACTIVE,xwalk_v1.0.0
HRIS-WKR-003691,PAY-WKR-003580,LE-IE-SYNTH-001,ACTIVE,xwalk_v1.0.0
HRIS-WKR-003692,PAY-WKR-003581,LE-IE-SYNTH-001,ACTIVE,xwalk_v1.0.0
HRIS-WKR-003693,PAY-WKR-003582,LE-IE-SYNTH-001,ACTIVE,xwalk_v1.0.0
HRIS-WKR-003694,PAY-WKR-003583,LE-IE-SYNTH-001,ACTIVE,xwalk_v1.0.0
HRIS-WKR-003695,PAY-WKR-003584,LE-IE-SYNTH-001,ACTIVE,xwalk_v1.0.0
HRIS-WKR-003696,PAY-WKR-003585,LE-IE-SYNTH-001,ACTIVE,xwalk_v1.0.0
HRIS-WKR-003697,PAY-WKR-003586,LE-IE-SYNTH-001,ACTIVE,xwalk_v1.0.0
HRIS-WKR-003698,PAY-WKR-003587,LE-IE-SYNTH-001,ACTIVE,xwalk_v1.0.0
HRIS-WKR-003699,PAY-WKR-003588,LE-IE-SYNTH-001,ACTIVE,xwalk_v1.0.0
HRIS-WKR-003700,PAY-WKR-003589,LE-IE-SYNTH-001,ACTIVE,xwalk_v1.0.0
HRIS-WKR-003701,PAY-WKR-003590,LE-IE-SYNTH-001,ACTIVE,xwalk_v1.0.0
HRIS-WKR-003702,PAY-WKR-003591,LE-IE-SYNTH-001,ACTIVE,xwalk_v1.0.0
HRIS-WKR-003703,PAY-WKR-003592,LE-IE-SYNTH-001,ACTIVE,xwalk_v1.0.0
HRIS-WKR-003704,PAY-WKR-003593,LE-IE-SYNTH-001,ACTIVE,xwalk_v1.0.0
HRIS-WKR-003705,PAY-WKR-003594,LE-IE-SYNTH-001,ACTIVE,xwalk_v1.0.0
HRIS-WKR-003706,PAY-WKR-003595,LE-IE-SYNTH-001,ACTIVE,xwalk_v1.0.0
HRIS-WKR-003707,PAY-WKR-003596,LE-IE-SYNTH-001,ACTIVE,xwalk_v1.0.0
HRIS-WKR-003708,PAY-WKR-003597,LE-IE-SYNTH-001,ACTIVE,xwalk_v1.0.0
HRIS-WKR-003709,PAY-WKR-003598,LE-IE-SYNTH-001,ACTIVE,xwalk_v1.0.0
HRIS-WKR-003710,PAY-WKR-003599,LE-IE-SYNTH-001,ACTIVE,xwalk_v1.0.0
HRIS-WKR-003711,PAY-WKR-003600,LE-IE-SYNTH-001,ACTIVE,xwalk_v1.0.0
HRIS-WKR-003712,PAY-WKR-003601,LE-IE-SYNTH-001,ACTIVE,xwalk_v1.0.0
HRIS-WKR-003713,PAY-WKR-003602,LE-IE-SYNTH-001,ACTIVE,xwalk_v1.0.0
HRIS-WKR-003714,PAY-WKR-003603,LE-IE-SYNTH-001,ACTIVE,xwalk_v1.0.0
HRIS-WKR-003715,PAY-WKR-003604,LE-IE-SYNTH-001,ACTIVE,xwalk_v1.0.0
HRIS-WKR-003716,PAY-WKR-003605,LE-IE-SYNTH-001,ACTIVE,xwalk_v1.0.0
HRIS-WKR-003717,PAY-WKR-003606,LE-IE-SYNTH-001,ACTIVE,xwalk_v1.0.0
HRIS-WKR-003718,PAY-WKR-003607,LE-IE-SYNTH-001,ACTIVE,xwalk_v1.0.0
HRIS-WKR-003719,PAY-WKR-003608,LE-IE-SYNTH-001,ACTIVE,xwalk_v1.0.0
HRIS-WKR-003720,PAY-WKR-003609,LE-IE-SYNTH-001,ACTIVE,xwalk_v1.0.0
HRIS-WKR-003721,PAY-WKR-003610,LE-IE-SYNTH-001,ACTIVE,xwalk_v1.0.0
HRIS-WKR-003722,PAY-WKR-003611,LE-IE-SYNTH-001,ACTIVE,xwalk_v1.0.0
HRIS-WKR-003723,PAY-WKR-003612,LE-IE-SYNTH-001,ACTIVE,xwalk_v1.0.0
HRIS-WKR-003724,PAY-WKR-003613,LE-IE-SYNTH-001,ACTIVE,xwalk_v1.0.0
HRIS-WKR-003725,PAY-WKR-003614,LE-IE-SYNTH-001,ACTIVE,xwalk_v1.0.0
HRIS-WKR-003726,PAY-WKR-003615,LE-IE-SYNTH-001,ACTIVE,xwalk_v1.0.0
HRIS-WKR-003727,PAY-WKR-003616,LE-IE-SYNTH-001,ACTIVE,xwalk_v1.0.0
HRIS-WKR-003728,PAY-WKR-003617,LE-IE-SYNTH-001,ACTIVE,xwalk_v1.0.0
HRIS-WKR-003729,PAY-WKR-003618,LE-IE-SYNTH-001,ACTIVE,xwalk_v1.0.0
HRIS-WKR-003730,PAY-WKR-003619,LE-IE-SYNTH-001,ACTIVE,xwalk_v1.0.0
HRIS-WKR-003731,PAY-WKR-003620,LE-IE-SYNTH-001,ACTIVE,xwalk_v1.0.0
HRIS-WKR-003732,PAY-WKR-003621,LE-IE-SYNTH-001,ACTIVE,xwalk_v1.0.0
HRIS-WKR-003733,PAY-WKR-003622,LE-IE-SYNTH-001,ACTIVE,xwalk_v1.0.0
HRIS-WKR-003734,PAY-WKR-003623,LE-IE-SYNTH-001,ACTIVE,xwalk_v1.0.0
HRIS-WKR-003735,PAY-WKR-003624,LE-IE-SYNTH-001,ACTIVE,xwalk_v1.0.0
HRIS-WKR-003736,,LE-IE-SYNTH-001,MISSING,xwalk_v1.0.0
HRIS-WKR-003737,PAY-WKR-003625,LE-IE-SYNTH-001,ACTIVE,xwalk_v1.0.0
HRIS-WKR-003738,PAY-WKR-003626,LE-IE-SYNTH-001,ACTIVE,xwalk_v1.0.0
HRIS-WKR-003739,PAY-WKR-003627,LE-IE-SYNTH-001,ACTIVE,xwalk_v1.0.0
HRIS-WKR-003740,PAY-WKR-003628,LE-IE-SYNTH-001,ACTIVE,xwalk_v1.0.0
HRIS-WKR-003741,PAY-WKR-003629,LE-IE-SYNTH-001,ACTIVE,xwalk_v1.0.0
HRIS-WKR-003742,PAY-WKR-003630,LE-IE-SYNTH-001,ACTIVE,xwalk_v1.0.0
HRIS-WKR-003743,PAY-WKR-003631,LE-IE-SYNTH-001,ACTIVE,xwalk_v1.0.0
HRIS-WKR-003744,PAY-WKR-003632,LE-IE-SYNTH-001,ACTIVE,xwalk_v1.0.0
HRIS-WKR-003745,PAY-WKR-003633,LE-IE-SYNTH-001,ACTIVE,xwalk_v1.0.0
HRIS-WKR-003746,PAY-WKR-003634,LE-IE-SYNTH-001,ACTIVE,xwalk_v1.0.0
HRIS-WKR-003747,PAY-WKR-003635,LE-IE-SYNTH-001,ACTIVE,xwalk_v1.0.0
HRIS-WKR-003748,PAY-WKR-003636,LE-IE-SYNTH-001,ACTIVE,xwalk_v1.0.0
HRIS-WKR-003749,PAY-WKR-003637,LE-IE-SYNTH-001,ACTIVE,xwalk_v1.0.0
HRIS-WKR-003750,PAY-WKR-003638,LE-IE-SYNTH-001,ACTIVE,xwalk_v1.0.0
HRIS-WKR-003751,PAY-WKR-003639,LE-IE-SYNTH-001,ACTIVE,xwalk_v1.0.0
HRIS-WKR-003752,PAY-WKR-003640,LE-IE-SYNTH-001,ACTIVE,xwalk_v1.0.0
HRIS-WKR-003753,PAY-WKR-003641,LE-IE-SYNTH-001,ACTIVE,xwalk_v1.0.0
HRIS-WKR-003754,PAY-WKR-003642,LE-IE-SYNTH-001,ACTIVE,xwalk_v1.0.0
HRIS-WKR-003755,PAY-WKR-003643,LE-IE-SYNTH-001,ACTIVE,xwalk_v1.0.0
HRIS-WKR-003756,PAY-WKR-003644,LE-IE-SYNTH-001,ACTIVE,xwalk_v1.0.0
HRIS-WKR-003757,PAY-WKR-003645,LE-IE-SYNTH-001,ACTIVE,xwalk_v1.0.0
HRIS-WKR-003758,PAY-WKR-003646,LE-IE-SYNTH-001,ACTIVE,xwalk_v1.0.0
HRIS-WKR-003759,PAY-WKR-003647,LE-IE-SYNTH-001,ACTIVE,xwalk_v1.0.0
HRIS-WKR-003760,PAY-WKR-003648,LE-IE-SYNTH-001,ACTIVE,xwalk_v1.0.0
HRIS-WKR-003761,PAY-WKR-003649,LE-IE-SYNTH-001,ACTIVE,xwalk_v1.0.0
HRIS-WKR-003762,PAY-WKR-003650,LE-IE-SYNTH-001,ACTIVE,xwalk_v1.0.0
HRIS-WKR-003763,PAY-WKR-003651,LE-IE-SYNTH-001,ACTIVE,xwalk_v1.0.0
HRIS-WKR-003764,PAY-WKR-003652,LE-IE-SYNTH-001,ACTIVE,xwalk_v1.0.0
HRIS-WKR-003765,PAY-WKR-003653,LE-IE-SYNTH-001,ACTIVE,xwalk_v1.0.0
HRIS-WKR-003766,PAY-WKR-003654,LE-IE-SYNTH-001,ACTIVE,xwalk_v1.0.0
HRIS-WKR-003767,PAY-WKR-003655,LE-IE-SYNTH-001,ACTIVE,xwalk_v1.0.0
HRIS-WKR-003768,PAY-WKR-003656,LE-IE-SYNTH-001,ACTIVE,xwalk_v1.0.0
HRIS-WKR-003769,PAY-WKR-003657,LE-IE-SYNTH-001,ACTIVE,xwalk_v1.0.0
HRIS-WKR-003770,PAY-WKR-003658,LE-IE-SYNTH-001,ACTIVE,xwalk_v1.0.0
HRIS-WKR-003771,PAY-WKR-003659,LE-IE-SYNTH-001,ACTIVE,xwalk_v1.0.0
HRIS-WKR-003772,PAY-WKR-003660,LE-IE-SYNTH-001,ACTIVE,xwalk_v1.0.0
HRIS-WKR-003773,PAY-WKR-003661,LE-IE-SYNTH-001,ACTIVE,xwalk_v1.0.0
HRIS-WKR-003774,PAY-WKR-003662,LE-IE-SYNTH-001,ACTIVE,xwalk_v1.0.0
HRIS-WKR-003775,PAY-WKR-003663,LE-IE-SYNTH-001,ACTIVE,xwalk_v1.0.0
HRIS-WKR-003776,PAY-WKR-003664,LE-IE-SYNTH-001,ACTIVE,xwalk_v1.0.0
HRIS-WKR-003777,PAY-WKR-003665,LE-IE-SYNTH-001,ACTIVE,xwalk_v1.0.0
HRIS-WKR-003778,PAY-WKR-003666,LE-IE-SYNTH-001,ACTIVE,xwalk_v1.0.0
HRIS-WKR-003779,PAY-WKR-003667,LE-IE-SYNTH-001,ACTIVE,xwalk_v1.0.0
HRIS-WKR-003780,PAY-WKR-003668,LE-IE-SYNTH-001,ACTIVE,xwalk_v1.0.0
HRIS-WKR-003781,PAY-WKR-003669,LE-IE-SYNTH-001,ACTIVE,xwalk_v1.0.0
HRIS-WKR-003782,PAY-WKR-003670,LE-IE-SYNTH-001,ACTIVE,xwalk_v1.0.0
HRIS-WKR-003783,PAY-WKR-003671,LE-IE-SYNTH-001,ACTIVE,xwalk_v1.0.0
HRIS-WKR-003784,,LE-IE-SYNTH-001,MISSING,xwalk_v1.0.0
HRIS-WKR-003785,PAY-WKR-003672,LE-IE-SYNTH-001,ACTIVE,xwalk_v1.0.0
HRIS-WKR-003786,PAY-WKR-003673,LE-IE-SYNTH-001,ACTIVE,xwalk_v1.0.0
HRIS-WKR-003787,PAY-WKR-003674,LE-IE-SYNTH-001,ACTIVE,xwalk_v1.0.0
HRIS-WKR-003788,PAY-WKR-003675,LE-IE-SYNTH-001,ACTIVE,xwalk_v1.0.0
HRIS-WKR-003789,PAY-WKR-003676,LE-IE-SYNTH-001,ACTIVE,xwalk_v1.0.0
HRIS-WKR-003790,PAY-WKR-003677,LE-IE-SYNTH-001,ACTIVE,xwalk_v1.0.0
HRIS-WKR-003791,PAY-WKR-003678,LE-IE-SYNTH-001,ACTIVE,xwalk_v1.0.0
HRIS-WKR-003792,PAY-WKR-003679,LE-IE-SYNTH-001,ACTIVE,xwalk_v1.0.0
HRIS-WKR-003793,PAY-WKR-003680,LE-IE-SYNTH-001,ACTIVE,xwalk_v1.0.0
HRIS-WKR-003794,PAY-WKR-003681,LE-IE-SYNTH-001,ACTIVE,xwalk_v1.0.0
HRIS-WKR-003795,PAY-WKR-003682,LE-IE-SYNTH-001,ACTIVE,xwalk_v1.0.0
HRIS-WKR-003796,PAY-WKR-003683,LE-IE-SYNTH-001,ACTIVE,xwalk_v1.0.0
HRIS-WKR-003797,PAY-WKR-003684,LE-IE-SYNTH-001,ACTIVE,xwalk_v1.0.0
HRIS-WKR-003798,PAY-WKR-003685,LE-IE-SYNTH-001,ACTIVE,xwalk_v1.0.0
HRIS-WKR-003799,PAY-WKR-003686,LE-IE-SYNTH-001,ACTIVE,xwalk_v1.0.0
HRIS-WKR-003800,PAY-WKR-003687,LE-IE-SYNTH-001,ACTIVE,xwalk_v1.0.0
HRIS-WKR-003801,PAY-WKR-003688,LE-IE-SYNTH-001,ACTIVE,xwalk_v1.0.0
HRIS-WKR-003802,PAY-WKR-003689,LE-IE-SYNTH-001,ACTIVE,xwalk_v1.0.0
HRIS-WKR-003803,PAY-WKR-003690,LE-IE-SYNTH-001,ACTIVE,xwalk_v1.0.0
HRIS-WKR-003804,PAY-WKR-003691,LE-IE-SYNTH-001,ACTIVE,xwalk_v1.0.0
HRIS-WKR-003805,PAY-WKR-003692,LE-IE-SYNTH-001,ACTIVE,xwalk_v1.0.0
HRIS-WKR-003806,PAY-WKR-003693,LE-IE-SYNTH-001,ACTIVE,xwalk_v1.0.0
HRIS-WKR-003807,PAY-WKR-003694,LE-IE-SYNTH-001,ACTIVE,xwalk_v1.0.0
HRIS-WKR-003808,PAY-WKR-003695,LE-IE-SYNTH-001,ACTIVE,xwalk_v1.0.0
HRIS-WKR-003809,PAY-WKR-003696,LE-IE-SYNTH-001,ACTIVE,xwalk_v1.0.0
HRIS-WKR-003810,PAY-WKR-003697,LE-IE-SYNTH-001,ACTIVE,xwalk_v1.0.0
HRIS-WKR-003811,PAY-WKR-003698,LE-IE-SYNTH-001,ACTIVE,xwalk_v1.0.0
HRIS-WKR-003812,PAY-WKR-003699,LE-IE-SYNTH-001,ACTIVE,xwalk_v1.0.0
HRIS-WKR-003813,PAY-WKR-003700,LE-IE-SYNTH-001,ACTIVE,xwalk_v1.0.0
HRIS-WKR-003814,PAY-WKR-003701,LE-IE-SYNTH-001,ACTIVE,xwalk_v1.0.0
HRIS-WKR-003815,PAY-WKR-003702,LE-IE-SYNTH-001,ACTIVE,xwalk_v1.0.0
HRIS-WKR-003816,PAY-WKR-003703,LE-IE-SYNTH-001,ACTIVE,xwalk_v1.0.0
HRIS-WKR-003817,PAY-WKR-003704,LE-IE-SYNTH-001,ACTIVE,xwalk_v1.0.0
HRIS-WKR-003818,PAY-WKR-003705,LE-IE-SYNTH-001,ACTIVE,xwalk_v1.0.0
HRIS-WKR-003819,PAY-WKR-003706,LE-IE-SYNTH-001,ACTIVE,xwalk_v1.0.0
HRIS-WKR-003820,PAY-WKR-003707,LE-IE-SYNTH-001,ACTIVE,xwalk_v1.0.0
HRIS-WKR-003821,PAY-WKR-003708,LE-IE-SYNTH-001,ACTIVE,xwalk_v1.0.0
HRIS-WKR-003822,PAY-WKR-003709,LE-IE-SYNTH-001,ACTIVE,xwalk_v1.0.0
HRIS-WKR-003823,PAY-WKR-003710,LE-IE-SYNTH-001,ACTIVE,xwalk_v1.0.0
HRIS-WKR-003824,PAY-WKR-003711,LE-IE-SYNTH-001,ACTIVE,xwalk_v1.0.0
HRIS-WKR-003825,PAY-WKR-003712,LE-IE-SYNTH-001,ACTIVE,xwalk_v1.0.0
HRIS-WKR-003826,PAY-WKR-003713,LE-IE-SYNTH-001,ACTIVE,xwalk_v1.0.0
HRIS-WKR-003827,PAY-WKR-003714,LE-IE-SYNTH-001,ACTIVE,xwalk_v1.0.0
HRIS-WKR-003828,PAY-WKR-003715,LE-IE-SYNTH-001,ACTIVE,xwalk_v1.0.0
HRIS-WKR-003829,PAY-WKR-003716,LE-IE-SYNTH-001,ACTIVE,xwalk_v1.0.0
HRIS-WKR-003830,PAY-WKR-003717,LE-IE-SYNTH-001,ACTIVE,xwalk_v1.0.0
HRIS-WKR-003831,PAY-WKR-003718,LE-IE-SYNTH-001,ACTIVE,xwalk_v1.0.0
HRIS-WKR-003832,PAY-WKR-003719,LE-IE-SYNTH-001,ACTIVE,xwalk_v1.0.0
HRIS-WKR-003833,PAY-WKR-003720,LE-IE-SYNTH-001,ACTIVE,xwalk_v1.0.0
HRIS-WKR-003834,PAY-WKR-003721,LE-IE-SYNTH-001,ACTIVE,xwalk_v1.0.0
HRIS-WKR-003835,PAY-WKR-003722,LE-IE-SYNTH-001,ACTIVE,xwalk_v1.0.0
HRIS-WKR-003836,PAY-WKR-003723,LE-IE-SYNTH-001,ACTIVE,xwalk_v1.0.0
HRIS-WKR-003837,PAY-WKR-003724,LE-IE-SYNTH-001,ACTIVE,xwalk_v1.0.0
HRIS-WKR-003838,PAY-WKR-003725,LE-IE-SYNTH-001,ACTIVE,xwalk_v1.0.0
HRIS-WKR-003839,PAY-WKR-003726,LE-IE-SYNTH-001,ACTIVE,xwalk_v1.0.0
HRIS-WKR-003840,PAY-WKR-003727,LE-IE-SYNTH-001,ACTIVE,xwalk_v1.0.0
HRIS-WKR-003841,PAY-WKR-003728,LE-IE-SYNTH-001,ACTIVE,xwalk_v1.0.0
HRIS-WKR-003842,PAY-WKR-003729,LE-IE-SYNTH-001,ACTIVE,xwalk_v1.0.0
HRIS-WKR-003843,PAY-WKR-003730,LE-IE-SYNTH-001,ACTIVE,xwalk_v1.0.0
HRIS-WKR-003844,PAY-WKR-003731,LE-IE-SYNTH-001,ACTIVE,xwalk_v1.0.0
HRIS-WKR-003845,PAY-WKR-003732,LE-IE-SYNTH-001,ACTIVE,xwalk_v1.0.0
HRIS-WKR-003846,PAY-WKR-003733,LE-IE-SYNTH-001,ACTIVE,xwalk_v1.0.0
HRIS-WKR-003847,PAY-WKR-003734,LE-IE-SYNTH-001,ACTIVE,xwalk_v1.0.0
HRIS-WKR-003848,PAY-WKR-003735,LE-IE-SYNTH-001,ACTIVE,xwalk_v1.0.0
HRIS-WKR-003849,PAY-WKR-003736,LE-IE-SYNTH-001,ACTIVE,xwalk_v1.0.0
HRIS-WKR-003850,PAY-WKR-003737,LE-IE-SYNTH-001,ACTIVE,xwalk_v1.0.0
HRIS-WKR-003851,PAY-WKR-003738,LE-IE-SYNTH-001,ACTIVE,xwalk_v1.0.0
HRIS-WKR-003852,PAY-WKR-003739,LE-IE-SYNTH-001,ACTIVE,xwalk_v1.0.0
HRIS-WKR-003853,PAY-WKR-003740,LE-IE-SYNTH-001,ACTIVE,xwalk_v1.0.0
HRIS-WKR-003854,PAY-WKR-003741,LE-IE-SYNTH-001,ACTIVE,xwalk_v1.0.0
HRIS-WKR-003855,PAY-WKR-003742,LE-IE-SYNTH-001,ACTIVE,xwalk_v1.0.0
HRIS-WKR-003856,PAY-WKR-003743,LE-IE-SYNTH-001,ACTIVE,xwalk_v1.0.0
HRIS-WKR-003857,PAY-WKR-003744,LE-IE-SYNTH-001,ACTIVE,xwalk_v1.0.0
HRIS-WKR-003858,PAY-WKR-003745,LE-IE-SYNTH-001,ACTIVE,xwalk_v1.0.0
HRIS-WKR-003859,PAY-WKR-003746,LE-IE-SYNTH-001,ACTIVE,xwalk_v1.0.0
HRIS-WKR-003860,PAY-WKR-003747,LE-IE-SYNTH-001,ACTIVE,xwalk_v1.0.0
HRIS-WKR-003861,PAY-WKR-003748,LE-IE-SYNTH-001,ACTIVE,xwalk_v1.0.0
HRIS-WKR-003862,PAY-WKR-003749,LE-IE-SYNTH-001,ACTIVE,xwalk_v1.0.0
HRIS-WKR-003863,PAY-WKR-003750,LE-IE-SYNTH-001,ACTIVE,xwalk_v1.0.0
HRIS-WKR-003864,PAY-WKR-003751,LE-IE-SYNTH-001,ACTIVE,xwalk_v1.0.0
HRIS-WKR-003865,PAY-WKR-003752,LE-IE-SYNTH-001,ACTIVE,xwalk_v1.0.0
HRIS-WKR-003866,PAY-WKR-003753,LE-IE-SYNTH-001,ACTIVE,xwalk_v1.0.0
HRIS-WKR-003867,PAY-WKR-003754,LE-IE-SYNTH-001,ACTIVE,xwalk_v1.0.0
HRIS-WKR-003868,PAY-WKR-003755,LE-IE-SYNTH-001,ACTIVE,xwalk_v1.0.0
HRIS-WKR-003869,PAY-WKR-003756,LE-IE-SYNTH-001,ACTIVE,xwalk_v1.0.0
HRIS-WKR-003870,PAY-WKR-003757,LE-IE-SYNTH-001,ACTIVE,xwalk_v1.0.0
HRIS-WKR-003871,PAY-WKR-003758,LE-IE-SYNTH-001,ACTIVE,xwalk_v1.0.0
HRIS-WKR-003872,,LE-IE-SYNTH-001,MISSING,xwalk_v1.0.0
HRIS-WKR-003873,PAY-WKR-003759,LE-IE-SYNTH-001,ACTIVE,xwalk_v1.0.0
HRIS-WKR-003874,PAY-WKR-003760,LE-IE-SYNTH-001,ACTIVE,xwalk_v1.0.0
HRIS-WKR-003875,PAY-WKR-003761,LE-IE-SYNTH-001,ACTIVE,xwalk_v1.0.0
HRIS-WKR-003876,PAY-WKR-003762,LE-IE-SYNTH-001,ACTIVE,xwalk_v1.0.0
HRIS-WKR-003877,PAY-WKR-003763,LE-IE-SYNTH-001,ACTIVE,xwalk_v1.0.0
HRIS-WKR-003878,PAY-WKR-003764,LE-IE-SYNTH-001,ACTIVE,xwalk_v1.0.0
HRIS-WKR-003879,PAY-WKR-003765,LE-IE-SYNTH-001,ACTIVE,xwalk_v1.0.0
HRIS-WKR-003880,PAY-WKR-003766,LE-IE-SYNTH-001,ACTIVE,xwalk_v1.0.0
HRIS-WKR-003881,PAY-WKR-003767,LE-IE-SYNTH-001,ACTIVE,xwalk_v1.0.0
HRIS-WKR-003882,PAY-WKR-003768,LE-IE-SYNTH-001,ACTIVE,xwalk_v1.0.0
HRIS-WKR-003883,PAY-WKR-003769,LE-IE-SYNTH-001,ACTIVE,xwalk_v1.0.0
HRIS-WKR-003884,PAY-WKR-003770,LE-IE-SYNTH-001,ACTIVE,xwalk_v1.0.0
HRIS-WKR-003885,PAY-WKR-003771,LE-IE-SYNTH-001,ACTIVE,xwalk_v1.0.0
HRIS-WKR-003886,PAY-WKR-003772,LE-IE-SYNTH-001,ACTIVE,xwalk_v1.0.0
HRIS-WKR-003887,PAY-WKR-003773,LE-IE-SYNTH-001,ACTIVE,xwalk_v1.0.0
HRIS-WKR-003888,PAY-WKR-003774,LE-IE-SYNTH-001,ACTIVE,xwalk_v1.0.0
HRIS-WKR-003889,PAY-WKR-003775,LE-IE-SYNTH-001,ACTIVE,xwalk_v1.0.0
HRIS-WKR-003890,PAY-WKR-003776,LE-IE-SYNTH-001,ACTIVE,xwalk_v1.0.0
HRIS-WKR-003891,PAY-WKR-003777,LE-IE-SYNTH-001,ACTIVE,xwalk_v1.0.0
HRIS-WKR-003892,PAY-WKR-003778,LE-IE-SYNTH-001,ACTIVE,xwalk_v1.0.0
HRIS-WKR-003893,PAY-WKR-003779,LE-IE-SYNTH-001,ACTIVE,xwalk_v1.0.0
HRIS-WKR-003894,PAY-WKR-003780,LE-IE-SYNTH-001,ACTIVE,xwalk_v1.0.0
HRIS-WKR-003895,PAY-WKR-003781,LE-IE-SYNTH-001,ACTIVE,xwalk_v1.0.0
HRIS-WKR-003896,,LE-IE-SYNTH-001,MISSING,xwalk_v1.0.0
HRIS-WKR-003897,PAY-WKR-003782,LE-IE-SYNTH-001,ACTIVE,xwalk_v1.0.0
HRIS-WKR-003898,,LE-IE-SYNTH-001,MISSING,xwalk_v1.0.0
HRIS-WKR-003899,PAY-WKR-003783,LE-IE-SYNTH-001,ACTIVE,xwalk_v1.0.0
HRIS-WKR-003900,PAY-WKR-003784,LE-IE-SYNTH-001,ACTIVE,xwalk_v1.0.0
HRIS-WKR-003901,PAY-WKR-003785,LE-IE-SYNTH-001,ACTIVE,xwalk_v1.0.0
HRIS-WKR-003902,PAY-WKR-003786,LE-IE-SYNTH-001,ACTIVE,xwalk_v1.0.0
HRIS-WKR-003903,PAY-WKR-003787,LE-IE-SYNTH-001,ACTIVE,xwalk_v1.0.0
HRIS-WKR-003904,PAY-WKR-003788,LE-IE-SYNTH-001,ACTIVE,xwalk_v1.0.0
HRIS-WKR-003905,PAY-WKR-003789,LE-IE-SYNTH-001,ACTIVE,xwalk_v1.0.0
HRIS-WKR-003906,PAY-WKR-003790,LE-IE-SYNTH-001,ACTIVE,xwalk_v1.0.0
HRIS-WKR-003907,PAY-WKR-003791,LE-IE-SYNTH-001,ACTIVE,xwalk_v1.0.0
HRIS-WKR-003908,PAY-WKR-003792,LE-IE-SYNTH-001,ACTIVE,xwalk_v1.0.0
HRIS-WKR-003909,PAY-WKR-003793,LE-IE-SYNTH-001,ACTIVE,xwalk_v1.0.0
HRIS-WKR-003910,PAY-WKR-003794,LE-IE-SYNTH-001,ACTIVE,xwalk_v1.0.0
HRIS-WKR-003911,PAY-WKR-003795,LE-IE-SYNTH-001,ACTIVE,xwalk_v1.0.0
HRIS-WKR-003912,PAY-WKR-003796,LE-IE-SYNTH-001,ACTIVE,xwalk_v1.0.0
HRIS-WKR-003913,PAY-WKR-003797,LE-IE-SYNTH-001,ACTIVE,xwalk_v1.0.0
HRIS-WKR-003914,PAY-WKR-003798,LE-IE-SYNTH-001,ACTIVE,xwalk_v1.0.0
HRIS-WKR-003915,PAY-WKR-003799,LE-IE-SYNTH-001,ACTIVE,xwalk_v1.0.0
HRIS-WKR-003916,,LE-IE-SYNTH-001,MISSING,xwalk_v1.0.0
HRIS-WKR-003917,PAY-WKR-003800,LE-IE-SYNTH-001,ACTIVE,xwalk_v1.0.0
HRIS-WKR-003918,PAY-WKR-003801,LE-IE-SYNTH-001,ACTIVE,xwalk_v1.0.0
HRIS-WKR-003919,PAY-WKR-003802,LE-IE-SYNTH-001,ACTIVE,xwalk_v1.0.0
HRIS-WKR-003920,PAY-WKR-003803,LE-IE-SYNTH-001,ACTIVE,xwalk_v1.0.0
HRIS-WKR-003921,PAY-WKR-003804,LE-IE-SYNTH-001,ACTIVE,xwalk_v1.0.0
HRIS-WKR-003922,PAY-WKR-003805,LE-IE-SYNTH-001,ACTIVE,xwalk_v1.0.0
HRIS-WKR-003923,PAY-WKR-003806,LE-IE-SYNTH-001,ACTIVE,xwalk_v1.0.0
HRIS-WKR-003924,PAY-WKR-003807,LE-IE-SYNTH-001,ACTIVE,xwalk_v1.0.0
HRIS-WKR-003925,PAY-WKR-003808,LE-IE-SYNTH-001,ACTIVE,xwalk_v1.0.0
HRIS-WKR-003926,PAY-WKR-003809,LE-IE-SYNTH-001,ACTIVE,xwalk_v1.0.0
HRIS-WKR-003927,PAY-WKR-003810,LE-IE-SYNTH-001,ACTIVE,xwalk_v1.0.0
HRIS-WKR-003928,PAY-WKR-003811,LE-IE-SYNTH-001,ACTIVE,xwalk_v1.0.0
HRIS-WKR-003929,PAY-WKR-003812,LE-IE-SYNTH-001,ACTIVE,xwalk_v1.0.0
HRIS-WKR-003930,PAY-WKR-003813,LE-IE-SYNTH-001,ACTIVE,xwalk_v1.0.0
HRIS-WKR-003931,PAY-WKR-003814,LE-IE-SYNTH-001,ACTIVE,xwalk_v1.0.0
HRIS-WKR-003932,PAY-WKR-003815,LE-IE-SYNTH-001,ACTIVE,xwalk_v1.0.0
HRIS-WKR-003933,PAY-WKR-003816,LE-IE-SYNTH-001,ACTIVE,xwalk_v1.0.0
HRIS-WKR-003934,PAY-WKR-003817,LE-IE-SYNTH-001,ACTIVE,xwalk_v1.0.0
HRIS-WKR-003935,PAY-WKR-003818,LE-IE-SYNTH-001,ACTIVE,xwalk_v1.0.0
HRIS-WKR-003936,PAY-WKR-003819,LE-IE-SYNTH-001,ACTIVE,xwalk_v1.0.0
HRIS-WKR-003937,PAY-WKR-003820,LE-IE-SYNTH-001,ACTIVE,xwalk_v1.0.0
HRIS-WKR-003938,PAY-WKR-003821,LE-IE-SYNTH-001,ACTIVE,xwalk_v1.0.0
HRIS-WKR-003939,PAY-WKR-003822,LE-IE-SYNTH-001,ACTIVE,xwalk_v1.0.0
HRIS-WKR-003940,PAY-WKR-003823,LE-IE-SYNTH-001,ACTIVE,xwalk_v1.0.0
HRIS-WKR-003941,PAY-WKR-003824,LE-IE-SYNTH-001,ACTIVE,xwalk_v1.0.0
HRIS-WKR-003942,PAY-WKR-003825,LE-IE-SYNTH-001,ACTIVE,xwalk_v1.0.0
HRIS-WKR-003943,PAY-WKR-003826,LE-IE-SYNTH-001,ACTIVE,xwalk_v1.0.0
HRIS-WKR-003944,PAY-WKR-003827,LE-IE-SYNTH-001,ACTIVE,xwalk_v1.0.0
HRIS-WKR-003945,PAY-WKR-003828,LE-IE-SYNTH-001,ACTIVE,xwalk_v1.0.0
HRIS-WKR-003946,PAY-WKR-003829,LE-IE-SYNTH-001,ACTIVE,xwalk_v1.0.0
HRIS-WKR-003947,PAY-WKR-003830,LE-IE-SYNTH-001,ACTIVE,xwalk_v1.0.0
HRIS-WKR-003948,PAY-WKR-003831,LE-IE-SYNTH-001,ACTIVE,xwalk_v1.0.0
HRIS-WKR-003949,PAY-WKR-003832,LE-IE-SYNTH-001,ACTIVE,xwalk_v1.0.0
HRIS-WKR-003950,PAY-WKR-003833,LE-IE-SYNTH-001,ACTIVE,xwalk_v1.0.0
HRIS-WKR-003951,PAY-WKR-003834,LE-IE-SYNTH-001,ACTIVE,xwalk_v1.0.0
HRIS-WKR-003952,PAY-WKR-003835,LE-IE-SYNTH-001,ACTIVE,xwalk_v1.0.0
HRIS-WKR-003953,PAY-WKR-003836,LE-IE-SYNTH-001,ACTIVE,xwalk_v1.0.0
HRIS-WKR-003954,PAY-WKR-003837,LE-IE-SYNTH-001,ACTIVE,xwalk_v1.0.0
HRIS-WKR-003955,PAY-WKR-003838,LE-IE-SYNTH-001,ACTIVE,xwalk_v1.0.0
HRIS-WKR-003956,PAY-WKR-003839,LE-IE-SYNTH-001,ACTIVE,xwalk_v1.0.0
HRIS-WKR-003957,PAY-WKR-003840,LE-IE-SYNTH-001,ACTIVE,xwalk_v1.0.0
HRIS-WKR-003958,PAY-WKR-003841,LE-IE-SYNTH-001,ACTIVE,xwalk_v1.0.0
HRIS-WKR-003959,PAY-WKR-003842,LE-IE-SYNTH-001,ACTIVE,xwalk_v1.0.0
HRIS-WKR-003960,PAY-WKR-003843,LE-IE-SYNTH-001,ACTIVE,xwalk_v1.0.0
HRIS-WKR-003961,PAY-WKR-003844,LE-IE-SYNTH-001,ACTIVE,xwalk_v1.0.0
HRIS-WKR-003962,PAY-WKR-003845,LE-IE-SYNTH-001,ACTIVE,xwalk_v1.0.0
HRIS-WKR-003963,PAY-WKR-003846,LE-IE-SYNTH-001,ACTIVE,xwalk_v1.0.0
HRIS-WKR-003964,PAY-WKR-003847,LE-IE-SYNTH-001,ACTIVE,xwalk_v1.0.0
HRIS-WKR-003965,PAY-WKR-003848,LE-IE-SYNTH-001,ACTIVE,xwalk_v1.0.0
HRIS-WKR-003966,PAY-WKR-003849,LE-IE-SYNTH-001,ACTIVE,xwalk_v1.0.0
HRIS-WKR-003967,PAY-WKR-003850,LE-IE-SYNTH-001,ACTIVE,xwalk_v1.0.0
HRIS-WKR-003968,PAY-WKR-003851,LE-IE-SYNTH-001,ACTIVE,xwalk_v1.0.0
HRIS-WKR-003969,PAY-WKR-003852,LE-IE-SYNTH-001,ACTIVE,xwalk_v1.0.0
HRIS-WKR-003970,PAY-WKR-003853,LE-IE-SYNTH-001,ACTIVE,xwalk_v1.0.0
HRIS-WKR-003971,PAY-WKR-003854,LE-IE-SYNTH-001,ACTIVE,xwalk_v1.0.0
HRIS-WKR-003972,PAY-WKR-003855,LE-IE-SYNTH-001,ACTIVE,xwalk_v1.0.0
HRIS-WKR-003973,PAY-WKR-003856,LE-IE-SYNTH-001,ACTIVE,xwalk_v1.0.0
HRIS-WKR-003974,PAY-WKR-003857,LE-IE-SYNTH-001,ACTIVE,xwalk_v1.0.0
HRIS-WKR-003975,,LE-IE-SYNTH-001,MISSING,xwalk_v1.0.0
HRIS-WKR-003976,PAY-WKR-003858,LE-IE-SYNTH-001,ACTIVE,xwalk_v1.0.0
HRIS-WKR-003977,PAY-WKR-003859,LE-IE-SYNTH-001,ACTIVE,xwalk_v1.0.0
HRIS-WKR-003978,PAY-WKR-003860,LE-IE-SYNTH-001,ACTIVE,xwalk_v1.0.0
HRIS-WKR-003979,PAY-WKR-003861,LE-IE-SYNTH-001,ACTIVE,xwalk_v1.0.0
HRIS-WKR-003980,PAY-WKR-003862,LE-IE-SYNTH-001,ACTIVE,xwalk_v1.0.0
HRIS-WKR-003981,PAY-WKR-003863,LE-IE-SYNTH-001,ACTIVE,xwalk_v1.0.0
HRIS-WKR-003982,PAY-WKR-003864,LE-IE-SYNTH-001,ACTIVE,xwalk_v1.0.0
HRIS-WKR-003983,PAY-WKR-003865,LE-IE-SYNTH-001,ACTIVE,xwalk_v1.0.0
HRIS-WKR-003984,PAY-WKR-003866,LE-IE-SYNTH-001,ACTIVE,xwalk_v1.0.0
HRIS-WKR-003985,PAY-WKR-003867,LE-IE-SYNTH-001,ACTIVE,xwalk_v1.0.0
HRIS-WKR-003986,PAY-WKR-003868,LE-IE-SYNTH-001,ACTIVE,xwalk_v1.0.0
HRIS-WKR-003987,PAY-WKR-003869,LE-IE-SYNTH-001,ACTIVE,xwalk_v1.0.0
HRIS-WKR-003988,PAY-WKR-003870,LE-IE-SYNTH-001,ACTIVE,xwalk_v1.0.0
HRIS-WKR-003989,PAY-WKR-003871,LE-IE-SYNTH-001,ACTIVE,xwalk_v1.0.0
HRIS-WKR-003990,PAY-WKR-003872,LE-IE-SYNTH-001,ACTIVE,xwalk_v1.0.0
HRIS-WKR-003991,PAY-WKR-003873,LE-IE-SYNTH-001,ACTIVE,xwalk_v1.0.0
HRIS-WKR-003992,PAY-WKR-003874,LE-IE-SYNTH-001,ACTIVE,xwalk_v1.0.0
HRIS-WKR-003993,PAY-WKR-003875,LE-IE-SYNTH-001,ACTIVE,xwalk_v1.0.0
HRIS-WKR-003994,PAY-WKR-003876,LE-IE-SYNTH-001,ACTIVE,xwalk_v1.0.0
HRIS-WKR-003995,PAY-WKR-003877,LE-IE-SYNTH-001,ACTIVE,xwalk_v1.0.0
HRIS-WKR-003996,PAY-WKR-003878,LE-IE-SYNTH-001,ACTIVE,xwalk_v1.0.0
HRIS-WKR-003997,PAY-WKR-003879,LE-IE-SYNTH-001,ACTIVE,xwalk_v1.0.0
HRIS-WKR-003998,PAY-WKR-003880,LE-IE-SYNTH-001,ACTIVE,xwalk_v1.0.0
HRIS-WKR-003999,PAY-WKR-003881,LE-IE-SYNTH-001,ACTIVE,xwalk_v1.0.0
HRIS-WKR-004000,PAY-WKR-003882,LE-IE-SYNTH-001,ACTIVE,xwalk_v1.0.0
HRIS-WKR-004001,PAY-WKR-003883,LE-IE-SYNTH-001,ACTIVE,xwalk_v1.0.0
HRIS-WKR-004002,PAY-WKR-003884,LE-IE-SYNTH-001,ACTIVE,xwalk_v1.0.0
HRIS-WKR-004003,PAY-WKR-003885,LE-IE-SYNTH-001,ACTIVE,xwalk_v1.0.0
HRIS-WKR-004004,PAY-WKR-003886,LE-IE-SYNTH-001,ACTIVE,xwalk_v1.0.0
HRIS-WKR-004005,PAY-WKR-003887,LE-IE-SYNTH-001,ACTIVE,xwalk_v1.0.0
HRIS-WKR-004006,PAY-WKR-003888,LE-IE-SYNTH-001,ACTIVE,xwalk_v1.0.0
HRIS-WKR-004007,PAY-WKR-003889,LE-IE-SYNTH-001,ACTIVE,xwalk_v1.0.0
HRIS-WKR-004008,PAY-WKR-003890,LE-IE-SYNTH-001,ACTIVE,xwalk_v1.0.0
HRIS-WKR-004009,PAY-WKR-003891,LE-IE-SYNTH-001,ACTIVE,xwalk_v1.0.0
HRIS-WKR-004010,PAY-WKR-003892,LE-IE-SYNTH-001,ACTIVE,xwalk_v1.0.0
HRIS-WKR-004011,PAY-WKR-003893,LE-IE-SYNTH-001,ACTIVE,xwalk_v1.0.0
HRIS-WKR-004012,PAY-WKR-003894,LE-IE-SYNTH-001,ACTIVE,xwalk_v1.0.0
HRIS-WKR-004013,PAY-WKR-003895,LE-IE-SYNTH-001,ACTIVE,xwalk_v1.0.0
HRIS-WKR-004014,PAY-WKR-003896,LE-IE-SYNTH-001,ACTIVE,xwalk_v1.0.0
HRIS-WKR-004015,PAY-WKR-003897,LE-IE-SYNTH-001,ACTIVE,xwalk_v1.0.0
HRIS-WKR-004016,PAY-WKR-003898,LE-IE-SYNTH-001,ACTIVE,xwalk_v1.0.0
HRIS-WKR-004017,PAY-WKR-003899,LE-IE-SYNTH-001,ACTIVE,xwalk_v1.0.0
HRIS-WKR-004018,PAY-WKR-003900,LE-IE-SYNTH-001,ACTIVE,xwalk_v1.0.0
HRIS-WKR-004019,PAY-WKR-003901,LE-IE-SYNTH-001,ACTIVE,xwalk_v1.0.0
HRIS-WKR-004020,PAY-WKR-003902,LE-IE-SYNTH-001,ACTIVE,xwalk_v1.0.0
HRIS-WKR-004021,PAY-WKR-003903,LE-IE-SYNTH-001,ACTIVE,xwalk_v1.0.0
HRIS-WKR-004022,PAY-WKR-003904,LE-IE-SYNTH-001,ACTIVE,xwalk_v1.0.0
HRIS-WKR-004023,PAY-WKR-003905,LE-IE-SYNTH-001,ACTIVE,xwalk_v1.0.0
HRIS-WKR-004024,PAY-WKR-003906,LE-IE-SYNTH-001,ACTIVE,xwalk_v1.0.0
HRIS-WKR-004025,PAY-WKR-003907,LE-IE-SYNTH-001,ACTIVE,xwalk_v1.0.0
HRIS-WKR-004026,PAY-WKR-003908,LE-IE-SYNTH-001,ACTIVE,xwalk_v1.0.0
HRIS-WKR-004027,PAY-WKR-003909,LE-IE-SYNTH-001,ACTIVE,xwalk_v1.0.0
HRIS-WKR-004028,PAY-WKR-003910,LE-IE-SYNTH-001,ACTIVE,xwalk_v1.0.0
HRIS-WKR-004029,PAY-WKR-003911,LE-IE-SYNTH-001,ACTIVE,xwalk_v1.0.0
HRIS-WKR-004030,PAY-WKR-003912,LE-IE-SYNTH-001,ACTIVE,xwalk_v1.0.0
HRIS-WKR-004031,PAY-WKR-003913,LE-IE-SYNTH-001,ACTIVE,xwalk_v1.0.0
HRIS-WKR-004032,PAY-WKR-003914,LE-IE-SYNTH-001,ACTIVE,xwalk_v1.0.0
HRIS-WKR-004033,PAY-WKR-003915,LE-IE-SYNTH-001,ACTIVE,xwalk_v1.0.0
HRIS-WKR-004034,PAY-WKR-003916,LE-IE-SYNTH-001,ACTIVE,xwalk_v1.0.0
HRIS-WKR-004035,PAY-WKR-003917,LE-IE-SYNTH-001,ACTIVE,xwalk_v1.0.0
HRIS-WKR-004036,PAY-WKR-003918,LE-IE-SYNTH-001,ACTIVE,xwalk_v1.0.0
HRIS-WKR-004037,PAY-WKR-003919,LE-IE-SYNTH-001,ACTIVE,xwalk_v1.0.0
HRIS-WKR-004038,PAY-WKR-003920,LE-IE-SYNTH-001,ACTIVE,xwalk_v1.0.0
HRIS-WKR-004039,PAY-WKR-003921,LE-IE-SYNTH-001,ACTIVE,xwalk_v1.0.0
HRIS-WKR-004040,PAY-WKR-003922,LE-IE-SYNTH-001,ACTIVE,xwalk_v1.0.0
HRIS-WKR-004041,PAY-WKR-003923,LE-IE-SYNTH-001,ACTIVE,xwalk_v1.0.0
HRIS-WKR-004042,PAY-WKR-003924,LE-IE-SYNTH-001,ACTIVE,xwalk_v1.0.0
HRIS-WKR-004043,PAY-WKR-003925,LE-IE-SYNTH-001,ACTIVE,xwalk_v1.0.0
HRIS-WKR-004044,PAY-WKR-003926,LE-IE-SYNTH-001,ACTIVE,xwalk_v1.0.0
HRIS-WKR-004045,PAY-WKR-003927,LE-IE-SYNTH-001,ACTIVE,xwalk_v1.0.0
HRIS-WKR-004046,PAY-WKR-003928,LE-IE-SYNTH-001,ACTIVE,xwalk_v1.0.0
HRIS-WKR-004047,PAY-WKR-003929,LE-IE-SYNTH-001,ACTIVE,xwalk_v1.0.0
HRIS-WKR-004048,PAY-WKR-003930,LE-IE-SYNTH-001,ACTIVE,xwalk_v1.0.0
HRIS-WKR-004049,PAY-WKR-003931,LE-IE-SYNTH-001,ACTIVE,xwalk_v1.0.0
HRIS-WKR-004050,PAY-WKR-003932,LE-IE-SYNTH-001,ACTIVE,xwalk_v1.0.0
HRIS-WKR-004051,PAY-WKR-003933,LE-IE-SYNTH-001,ACTIVE,xwalk_v1.0.0
HRIS-WKR-004052,PAY-WKR-003934,LE-IE-SYNTH-001,ACTIVE,xwalk_v1.0.0
HRIS-WKR-004053,PAY-WKR-003935,LE-IE-SYNTH-001,ACTIVE,xwalk_v1.0.0
HRIS-WKR-004054,PAY-WKR-003936,LE-IE-SYNTH-001,ACTIVE,xwalk_v1.0.0
HRIS-WKR-004055,PAY-WKR-003937,LE-IE-SYNTH-001,ACTIVE,xwalk_v1.0.0
HRIS-WKR-004056,PAY-WKR-003938,LE-IE-SYNTH-001,ACTIVE,xwalk_v1.0.0
HRIS-WKR-004057,PAY-WKR-003939,LE-IE-SYNTH-001,ACTIVE,xwalk_v1.0.0
HRIS-WKR-004058,PAY-WKR-003940,LE-IE-SYNTH-001,ACTIVE,xwalk_v1.0.0
HRIS-WKR-004059,PAY-WKR-003941,LE-IE-SYNTH-001,ACTIVE,xwalk_v1.0.0
HRIS-WKR-004060,PAY-WKR-003942,LE-IE-SYNTH-001,ACTIVE,xwalk_v1.0.0
HRIS-WKR-004061,PAY-WKR-003943,LE-IE-SYNTH-001,ACTIVE,xwalk_v1.0.0
HRIS-WKR-004062,PAY-WKR-003944,LE-IE-SYNTH-001,ACTIVE,xwalk_v1.0.0
HRIS-WKR-004063,PAY-WKR-003945,LE-IE-SYNTH-001,ACTIVE,xwalk_v1.0.0
HRIS-WKR-004064,PAY-WKR-003946,LE-IE-SYNTH-001,ACTIVE,xwalk_v1.0.0
HRIS-WKR-004065,PAY-WKR-003947,LE-IE-SYNTH-001,ACTIVE,xwalk_v1.0.0
HRIS-WKR-004066,PAY-WKR-003948,LE-IE-SYNTH-001,ACTIVE,xwalk_v1.0.0
HRIS-WKR-004067,,LE-IE-SYNTH-001,MISSING,xwalk_v1.0.0
HRIS-WKR-004068,PAY-WKR-003949,LE-IE-SYNTH-001,ACTIVE,xwalk_v1.0.0
HRIS-WKR-004069,PAY-WKR-003950,LE-IE-SYNTH-001,ACTIVE,xwalk_v1.0.0
HRIS-WKR-004070,PAY-WKR-003951,LE-IE-SYNTH-001,ACTIVE,xwalk_v1.0.0
HRIS-WKR-004071,PAY-WKR-003952,LE-IE-SYNTH-001,ACTIVE,xwalk_v1.0.0
HRIS-WKR-004072,PAY-WKR-003953,LE-IE-SYNTH-001,ACTIVE,xwalk_v1.0.0
HRIS-WKR-004073,PAY-WKR-003954,LE-IE-SYNTH-001,ACTIVE,xwalk_v1.0.0
HRIS-WKR-004074,PAY-WKR-003955,LE-IE-SYNTH-001,ACTIVE,xwalk_v1.0.0
HRIS-WKR-004075,PAY-WKR-003956,LE-IE-SYNTH-001,ACTIVE,xwalk_v1.0.0
HRIS-WKR-004076,PAY-WKR-003957,LE-IE-SYNTH-001,ACTIVE,xwalk_v1.0.0
HRIS-WKR-004077,PAY-WKR-003958,LE-IE-SYNTH-001,ACTIVE,xwalk_v1.0.0
HRIS-WKR-004078,PAY-WKR-003959,LE-IE-SYNTH-001,ACTIVE,xwalk_v1.0.0
HRIS-WKR-004079,PAY-WKR-003960,LE-IE-SYNTH-001,ACTIVE,xwalk_v1.0.0
HRIS-WKR-004080,PAY-WKR-003961,LE-IE-SYNTH-001,ACTIVE,xwalk_v1.0.0
HRIS-WKR-004081,PAY-WKR-003962,LE-IE-SYNTH-001,ACTIVE,xwalk_v1.0.0
HRIS-WKR-004082,PAY-WKR-003963,LE-IE-SYNTH-001,ACTIVE,xwalk_v1.0.0
HRIS-WKR-004083,PAY-WKR-003964,LE-IE-SYNTH-001,ACTIVE,xwalk_v1.0.0
HRIS-WKR-004084,PAY-WKR-003965,LE-IE-SYNTH-001,ACTIVE,xwalk_v1.0.0
HRIS-WKR-004085,PAY-WKR-003966,LE-IE-SYNTH-001,ACTIVE,xwalk_v1.0.0
HRIS-WKR-004086,PAY-WKR-003967,LE-IE-SYNTH-001,ACTIVE,xwalk_v1.0.0
HRIS-WKR-004087,PAY-WKR-003968,LE-IE-SYNTH-001,ACTIVE,xwalk_v1.0.0
HRIS-WKR-004088,PAY-WKR-003969,LE-IE-SYNTH-001,ACTIVE,xwalk_v1.0.0
HRIS-WKR-004089,PAY-WKR-003970,LE-IE-SYNTH-001,ACTIVE,xwalk_v1.0.0
HRIS-WKR-004090,PAY-WKR-003971,LE-IE-SYNTH-001,ACTIVE,xwalk_v1.0.0
HRIS-WKR-004091,PAY-WKR-003972,LE-IE-SYNTH-001,ACTIVE,xwalk_v1.0.0
HRIS-WKR-004092,PAY-WKR-003973,LE-IE-SYNTH-001,ACTIVE,xwalk_v1.0.0
HRIS-WKR-004093,PAY-WKR-003974,LE-IE-SYNTH-001,ACTIVE,xwalk_v1.0.0
HRIS-WKR-004094,PAY-WKR-003975,LE-IE-SYNTH-001,ACTIVE,xwalk_v1.0.0
HRIS-WKR-004095,PAY-WKR-003976,LE-IE-SYNTH-001,ACTIVE,xwalk_v1.0.0
HRIS-WKR-004096,PAY-WKR-003977,LE-IE-SYNTH-001,ACTIVE,xwalk_v1.0.0
HRIS-WKR-004097,PAY-WKR-003978,LE-IE-SYNTH-001,ACTIVE,xwalk_v1.0.0
HRIS-WKR-004098,PAY-WKR-003979,LE-IE-SYNTH-001,ACTIVE,xwalk_v1.0.0
HRIS-WKR-004099,PAY-WKR-003980,LE-IE-SYNTH-001,ACTIVE,xwalk_v1.0.0
HRIS-WKR-004100,PAY-WKR-003981,LE-IE-SYNTH-001,ACTIVE,xwalk_v1.0.0
HRIS-WKR-004101,PAY-WKR-003982,LE-IE-SYNTH-001,ACTIVE,xwalk_v1.0.0
HRIS-WKR-004102,PAY-WKR-003983,LE-IE-SYNTH-001,ACTIVE,xwalk_v1.0.0
HRIS-WKR-004103,PAY-WKR-003984,LE-IE-SYNTH-001,ACTIVE,xwalk_v1.0.0
HRIS-WKR-004104,PAY-WKR-003985,LE-IE-SYNTH-001,ACTIVE,xwalk_v1.0.0
HRIS-WKR-004105,PAY-WKR-003986,LE-IE-SYNTH-001,ACTIVE,xwalk_v1.0.0
HRIS-WKR-004106,PAY-WKR-003987,LE-IE-SYNTH-001,ACTIVE,xwalk_v1.0.0
HRIS-WKR-004107,PAY-WKR-003988,LE-IE-SYNTH-001,ACTIVE,xwalk_v1.0.0
HRIS-WKR-004108,PAY-WKR-003989,LE-IE-SYNTH-001,ACTIVE,xwalk_v1.0.0
HRIS-WKR-004109,PAY-WKR-003990,LE-IE-SYNTH-001,ACTIVE,xwalk_v1.0.0
HRIS-WKR-004110,PAY-WKR-003991,LE-IE-SYNTH-001,ACTIVE,xwalk_v1.0.0
HRIS-WKR-004111,PAY-WKR-003992,LE-IE-SYNTH-001,ACTIVE,xwalk_v1.0.0
HRIS-WKR-004112,PAY-WKR-003993,LE-IE-SYNTH-001,ACTIVE,xwalk_v1.0.0
HRIS-WKR-004113,,LE-IE-SYNTH-001,MISSING,xwalk_v1.0.0
HRIS-WKR-004114,PAY-WKR-003994,LE-IE-SYNTH-001,ACTIVE,xwalk_v1.0.0
HRIS-WKR-004115,PAY-WKR-003995,LE-IE-SYNTH-001,ACTIVE,xwalk_v1.0.0
HRIS-WKR-004116,PAY-WKR-003996,LE-IE-SYNTH-001,ACTIVE,xwalk_v1.0.0
HRIS-WKR-004117,,LE-IE-SYNTH-001,MISSING,xwalk_v1.0.0
HRIS-WKR-004118,,LE-IE-SYNTH-001,MISSING,xwalk_v1.0.0
HRIS-WKR-004119,PAY-WKR-003997,LE-IE-SYNTH-001,ACTIVE,xwalk_v1.0.0
HRIS-WKR-004120,PAY-WKR-003998,LE-IE-SYNTH-001,ACTIVE,xwalk_v1.0.0
HRIS-WKR-004121,PAY-WKR-003999,LE-IE-SYNTH-001,ACTIVE,xwalk_v1.0.0
HRIS-WKR-004122,PAY-WKR-004000,LE-IE-SYNTH-001,ACTIVE,xwalk_v1.0.0
HRIS-WKR-004123,PAY-WKR-004001,LE-IE-SYNTH-001,ACTIVE,xwalk_v1.0.0
HRIS-WKR-004124,PAY-WKR-004002,LE-IE-SYNTH-001,ACTIVE,xwalk_v1.0.0
HRIS-WKR-004125,PAY-WKR-004003,LE-IE-SYNTH-001,ACTIVE,xwalk_v1.0.0
HRIS-WKR-004126,PAY-WKR-004004,LE-IE-SYNTH-001,ACTIVE,xwalk_v1.0.0
HRIS-WKR-004127,PAY-WKR-004005,LE-IE-SYNTH-001,ACTIVE,xwalk_v1.0.0
HRIS-WKR-004128,PAY-WKR-004006,LE-IE-SYNTH-001,ACTIVE,xwalk_v1.0.0
HRIS-WKR-004129,PAY-WKR-004007,LE-IE-SYNTH-001,ACTIVE,xwalk_v1.0.0
HRIS-WKR-004130,PAY-WKR-004008,LE-IE-SYNTH-001,ACTIVE,xwalk_v1.0.0
HRIS-WKR-004131,PAY-WKR-004009,LE-IE-SYNTH-001,ACTIVE,xwalk_v1.0.0
HRIS-WKR-004132,PAY-WKR-004010,LE-IE-SYNTH-001,ACTIVE,xwalk_v1.0.0
HRIS-WKR-004133,PAY-WKR-004011,LE-IE-SYNTH-001,ACTIVE,xwalk_v1.0.0
HRIS-WKR-004134,PAY-WKR-004012,LE-IE-SYNTH-001,ACTIVE,xwalk_v1.0.0
HRIS-WKR-004135,PAY-WKR-004013,LE-IE-SYNTH-001,ACTIVE,xwalk_v1.0.0
HRIS-WKR-004136,PAY-WKR-004014,LE-IE-SYNTH-001,ACTIVE,xwalk_v1.0.0
HRIS-WKR-004137,PAY-WKR-004015,LE-IE-SYNTH-001,ACTIVE,xwalk_v1.0.0
HRIS-WKR-004138,PAY-WKR-004016,LE-IE-SYNTH-001,ACTIVE,xwalk_v1.0.0
HRIS-WKR-004139,PAY-WKR-004017,LE-IE-SYNTH-001,ACTIVE,xwalk_v1.0.0
HRIS-WKR-004140,PAY-WKR-004018,LE-IE-SYNTH-001,ACTIVE,xwalk_v1.0.0
HRIS-WKR-004141,PAY-WKR-004019,LE-IE-SYNTH-001,ACTIVE,xwalk_v1.0.0
HRIS-WKR-004142,PAY-WKR-004020,LE-IE-SYNTH-001,ACTIVE,xwalk_v1.0.0
HRIS-WKR-004143,PAY-WKR-004021,LE-IE-SYNTH-001,ACTIVE,xwalk_v1.0.0
HRIS-WKR-004144,PAY-WKR-004022,LE-IE-SYNTH-001,ACTIVE,xwalk_v1.0.0
HRIS-WKR-004145,PAY-WKR-004023,LE-IE-SYNTH-001,ACTIVE,xwalk_v1.0.0
HRIS-WKR-004146,PAY-WKR-004024,LE-IE-SYNTH-001,ACTIVE,xwalk_v1.0.0
HRIS-WKR-004147,PAY-WKR-004025,LE-IE-SYNTH-001,ACTIVE,xwalk_v1.0.0
HRIS-WKR-004148,PAY-WKR-004026,LE-IE-SYNTH-001,ACTIVE,xwalk_v1.0.0
HRIS-WKR-004149,PAY-WKR-004027,LE-IE-SYNTH-001,ACTIVE,xwalk_v1.0.0
HRIS-WKR-004150,PAY-WKR-004028,LE-IE-SYNTH-001,ACTIVE,xwalk_v1.0.0
HRIS-WKR-004151,,LE-IE-SYNTH-001,MISSING,xwalk_v1.0.0
HRIS-WKR-004152,PAY-WKR-004029,LE-IE-SYNTH-001,ACTIVE,xwalk_v1.0.0
HRIS-WKR-004153,PAY-WKR-004030,LE-IE-SYNTH-001,ACTIVE,xwalk_v1.0.0
HRIS-WKR-004154,PAY-WKR-004031,LE-IE-SYNTH-001,ACTIVE,xwalk_v1.0.0
HRIS-WKR-004155,PAY-WKR-004032,LE-IE-SYNTH-001,ACTIVE,xwalk_v1.0.0
HRIS-WKR-004156,PAY-WKR-004033,LE-IE-SYNTH-001,ACTIVE,xwalk_v1.0.0
HRIS-WKR-004157,PAY-WKR-004034,LE-IE-SYNTH-001,ACTIVE,xwalk_v1.0.0
HRIS-WKR-004158,PAY-WKR-004035,LE-IE-SYNTH-001,ACTIVE,xwalk_v1.0.0
HRIS-WKR-004159,PAY-WKR-004036,LE-IE-SYNTH-001,ACTIVE,xwalk_v1.0.0
HRIS-WKR-004160,PAY-WKR-004037,LE-IE-SYNTH-001,ACTIVE,xwalk_v1.0.0
HRIS-WKR-004161,PAY-WKR-004038,LE-IE-SYNTH-001,ACTIVE,xwalk_v1.0.0
HRIS-WKR-004162,PAY-WKR-004039,LE-IE-SYNTH-001,ACTIVE,xwalk_v1.0.0
HRIS-WKR-004163,PAY-WKR-004040,LE-IE-SYNTH-001,ACTIVE,xwalk_v1.0.0
HRIS-WKR-004164,PAY-WKR-004041,LE-IE-SYNTH-001,ACTIVE,xwalk_v1.0.0
HRIS-WKR-004165,PAY-WKR-004042,LE-IE-SYNTH-001,ACTIVE,xwalk_v1.0.0
HRIS-WKR-004166,PAY-WKR-004043,LE-IE-SYNTH-001,ACTIVE,xwalk_v1.0.0
HRIS-WKR-004167,PAY-WKR-004044,LE-IE-SYNTH-001,ACTIVE,xwalk_v1.0.0
HRIS-WKR-004168,PAY-WKR-004045,LE-IE-SYNTH-001,ACTIVE,xwalk_v1.0.0
HRIS-WKR-004169,PAY-WKR-004046,LE-IE-SYNTH-001,ACTIVE,xwalk_v1.0.0
HRIS-WKR-004170,PAY-WKR-004047,LE-IE-SYNTH-001,ACTIVE,xwalk_v1.0.0
HRIS-WKR-004171,PAY-WKR-004048,LE-IE-SYNTH-001,ACTIVE,xwalk_v1.0.0
HRIS-WKR-004172,PAY-WKR-004049,LE-IE-SYNTH-001,ACTIVE,xwalk_v1.0.0
HRIS-WKR-004173,PAY-WKR-004050,LE-IE-SYNTH-001,ACTIVE,xwalk_v1.0.0
HRIS-WKR-004174,PAY-WKR-004051,LE-IE-SYNTH-001,ACTIVE,xwalk_v1.0.0
HRIS-WKR-004175,PAY-WKR-004052,LE-IE-SYNTH-001,ACTIVE,xwalk_v1.0.0
HRIS-WKR-004176,PAY-WKR-004053,LE-IE-SYNTH-001,ACTIVE,xwalk_v1.0.0
HRIS-WKR-004177,PAY-WKR-004054,LE-IE-SYNTH-001,ACTIVE,xwalk_v1.0.0
HRIS-WKR-004178,PAY-WKR-004055,LE-IE-SYNTH-001,ACTIVE,xwalk_v1.0.0
HRIS-WKR-004179,PAY-WKR-004056,LE-IE-SYNTH-001,ACTIVE,xwalk_v1.0.0
HRIS-WKR-004180,PAY-WKR-004057,LE-IE-SYNTH-001,ACTIVE,xwalk_v1.0.0
HRIS-WKR-004181,PAY-WKR-004058,LE-IE-SYNTH-001,ACTIVE,xwalk_v1.0.0
HRIS-WKR-004182,PAY-WKR-004059,LE-IE-SYNTH-001,ACTIVE,xwalk_v1.0.0
HRIS-WKR-004183,PAY-WKR-004060,LE-IE-SYNTH-001,ACTIVE,xwalk_v1.0.0
HRIS-WKR-004184,PAY-WKR-004061,LE-IE-SYNTH-001,ACTIVE,xwalk_v1.0.0
HRIS-WKR-004185,PAY-WKR-004062,LE-IE-SYNTH-001,ACTIVE,xwalk_v1.0.0
HRIS-WKR-004186,PAY-WKR-004063,LE-IE-SYNTH-001,ACTIVE,xwalk_v1.0.0
HRIS-WKR-004187,PAY-WKR-004064,LE-IE-SYNTH-001,ACTIVE,xwalk_v1.0.0
HRIS-WKR-004188,PAY-WKR-004065,LE-IE-SYNTH-001,ACTIVE,xwalk_v1.0.0
HRIS-WKR-004189,PAY-WKR-004066,LE-IE-SYNTH-001,ACTIVE,xwalk_v1.0.0
HRIS-WKR-004190,PAY-WKR-004067,LE-IE-SYNTH-001,ACTIVE,xwalk_v1.0.0
HRIS-WKR-004191,PAY-WKR-004068,LE-IE-SYNTH-001,ACTIVE,xwalk_v1.0.0
HRIS-WKR-004192,PAY-WKR-004069,LE-IE-SYNTH-001,ACTIVE,xwalk_v1.0.0
HRIS-WKR-004193,PAY-WKR-004070,LE-IE-SYNTH-001,ACTIVE,xwalk_v1.0.0
HRIS-WKR-004194,PAY-WKR-004071,LE-IE-SYNTH-001,ACTIVE,xwalk_v1.0.0
HRIS-WKR-004195,PAY-WKR-004072,LE-IE-SYNTH-001,ACTIVE,xwalk_v1.0.0
HRIS-WKR-004196,PAY-WKR-004073,LE-IE-SYNTH-001,ACTIVE,xwalk_v1.0.0
HRIS-WKR-004197,PAY-WKR-004074,LE-IE-SYNTH-001,ACTIVE,xwalk_v1.0.0
HRIS-WKR-004198,PAY-WKR-004075,LE-IE-SYNTH-001,ACTIVE,xwalk_v1.0.0
HRIS-WKR-004199,PAY-WKR-004076,LE-IE-SYNTH-001,ACTIVE,xwalk_v1.0.0
HRIS-WKR-004200,PAY-WKR-004077,LE-IE-SYNTH-001,ACTIVE,xwalk_v1.0.0
HRIS-WKR-004201,PAY-WKR-004078,LE-IE-SYNTH-001,ACTIVE,xwalk_v1.0.0
HRIS-WKR-004202,PAY-WKR-004079,LE-IE-SYNTH-001,ACTIVE,xwalk_v1.0.0
HRIS-WKR-004203,PAY-WKR-004080,LE-IE-SYNTH-001,ACTIVE,xwalk_v1.0.0
HRIS-WKR-004204,PAY-WKR-004081,LE-IE-SYNTH-001,ACTIVE,xwalk_v1.0.0
HRIS-WKR-004205,PAY-WKR-004082,LE-IE-SYNTH-001,ACTIVE,xwalk_v1.0.0
HRIS-WKR-004206,PAY-WKR-004083,LE-IE-SYNTH-001,ACTIVE,xwalk_v1.0.0
HRIS-WKR-004207,PAY-WKR-004084,LE-IE-SYNTH-001,ACTIVE,xwalk_v1.0.0
HRIS-WKR-004208,,LE-IE-SYNTH-001,MISSING,xwalk_v1.0.0
HRIS-WKR-004209,PAY-WKR-004085,LE-IE-SYNTH-001,ACTIVE,xwalk_v1.0.0
HRIS-WKR-004210,PAY-WKR-004086,LE-IE-SYNTH-001,ACTIVE,xwalk_v1.0.0
HRIS-WKR-004211,PAY-WKR-004087,LE-IE-SYNTH-001,ACTIVE,xwalk_v1.0.0
HRIS-WKR-004212,PAY-WKR-004088,LE-IE-SYNTH-001,ACTIVE,xwalk_v1.0.0
HRIS-WKR-004213,PAY-WKR-004089,LE-IE-SYNTH-001,ACTIVE,xwalk_v1.0.0
HRIS-WKR-004214,,LE-IE-SYNTH-001,MISSING,xwalk_v1.0.0
HRIS-WKR-004215,PAY-WKR-004090,LE-IE-SYNTH-001,ACTIVE,xwalk_v1.0.0
HRIS-WKR-004216,PAY-WKR-004091,LE-IE-SYNTH-001,ACTIVE,xwalk_v1.0.0
HRIS-WKR-004217,PAY-WKR-004092,LE-IE-SYNTH-001,ACTIVE,xwalk_v1.0.0
HRIS-WKR-004218,PAY-WKR-004093,LE-IE-SYNTH-001,ACTIVE,xwalk_v1.0.0
HRIS-WKR-004219,PAY-WKR-004094,LE-IE-SYNTH-001,ACTIVE,xwalk_v1.0.0
HRIS-WKR-004220,,LE-IE-SYNTH-001,MISSING,xwalk_v1.0.0
HRIS-WKR-004221,PAY-WKR-004095,LE-IE-SYNTH-001,ACTIVE,xwalk_v1.0.0
HRIS-WKR-004222,PAY-WKR-004096,LE-IE-SYNTH-001,ACTIVE,xwalk_v1.0.0
HRIS-WKR-004223,PAY-WKR-004097,LE-IE-SYNTH-001,ACTIVE,xwalk_v1.0.0
HRIS-WKR-004224,PAY-WKR-004098,LE-IE-SYNTH-001,ACTIVE,xwalk_v1.0.0
HRIS-WKR-004225,PAY-WKR-004099,LE-IE-SYNTH-001,ACTIVE,xwalk_v1.0.0
HRIS-WKR-004226,PAY-WKR-004100,LE-IE-SYNTH-001,ACTIVE,xwalk_v1.0.0
HRIS-WKR-004227,PAY-WKR-004101,LE-IE-SYNTH-001,ACTIVE,xwalk_v1.0.0
HRIS-WKR-004228,PAY-WKR-004102,LE-IE-SYNTH-001,ACTIVE,xwalk_v1.0.0
HRIS-WKR-004229,PAY-WKR-004103,LE-IE-SYNTH-001,ACTIVE,xwalk_v1.0.0
HRIS-WKR-004230,PAY-WKR-004104,LE-IE-SYNTH-001,ACTIVE,xwalk_v1.0.0
HRIS-WKR-004231,,LE-IE-SYNTH-001,MISSING,xwalk_v1.0.0
HRIS-WKR-004232,PAY-WKR-004105,LE-IE-SYNTH-001,ACTIVE,xwalk_v1.0.0
HRIS-WKR-004233,PAY-WKR-004106,LE-IE-SYNTH-001,ACTIVE,xwalk_v1.0.0
HRIS-WKR-004234,PAY-WKR-004107,LE-IE-SYNTH-001,ACTIVE,xwalk_v1.0.0
HRIS-WKR-004235,PAY-WKR-004108,LE-IE-SYNTH-001,ACTIVE,xwalk_v1.0.0
HRIS-WKR-004236,PAY-WKR-004109,LE-IE-SYNTH-001,ACTIVE,xwalk_v1.0.0
HRIS-WKR-004237,PAY-WKR-004110,LE-IE-SYNTH-001,ACTIVE,xwalk_v1.0.0
HRIS-WKR-004238,,LE-IE-SYNTH-001,MISSING,xwalk_v1.0.0
HRIS-WKR-004239,PAY-WKR-004111,LE-IE-SYNTH-001,ACTIVE,xwalk_v1.0.0
HRIS-WKR-004240,PAY-WKR-004112,LE-IE-SYNTH-001,ACTIVE,xwalk_v1.0.0
HRIS-WKR-004241,PAY-WKR-004113,LE-IE-SYNTH-001,ACTIVE,xwalk_v1.0.0
HRIS-WKR-004242,PAY-WKR-004114,LE-IE-SYNTH-001,ACTIVE,xwalk_v1.0.0
HRIS-WKR-004243,PAY-WKR-004115,LE-IE-SYNTH-001,ACTIVE,xwalk_v1.0.0
HRIS-WKR-004244,PAY-WKR-004116,LE-IE-SYNTH-001,ACTIVE,xwalk_v1.0.0
HRIS-WKR-004245,PAY-WKR-004117,LE-IE-SYNTH-001,ACTIVE,xwalk_v1.0.0
HRIS-WKR-004246,PAY-WKR-004118,LE-IE-SYNTH-001,ACTIVE,xwalk_v1.0.0
HRIS-WKR-004247,PAY-WKR-004119,LE-IE-SYNTH-001,ACTIVE,xwalk_v1.0.0
HRIS-WKR-004248,PAY-WKR-004120,LE-IE-SYNTH-001,ACTIVE,xwalk_v1.0.0
HRIS-WKR-004249,PAY-WKR-004121,LE-IE-SYNTH-001,ACTIVE,xwalk_v1.0.0
HRIS-WKR-004250,PAY-WKR-004122,LE-IE-SYNTH-001,ACTIVE,xwalk_v1.0.0
HRIS-WKR-004251,PAY-WKR-004123,LE-IE-SYNTH-001,ACTIVE,xwalk_v1.0.0
HRIS-WKR-004252,PAY-WKR-004124,LE-IE-SYNTH-001,ACTIVE,xwalk_v1.0.0
HRIS-WKR-004253,,LE-IE-SYNTH-001,MISSING,xwalk_v1.0.0
HRIS-WKR-004254,PAY-WKR-004125,LE-IE-SYNTH-001,ACTIVE,xwalk_v1.0.0
HRIS-WKR-004255,PAY-WKR-004126,LE-IE-SYNTH-001,ACTIVE,xwalk_v1.0.0
HRIS-WKR-004256,PAY-WKR-004127,LE-IE-SYNTH-001,ACTIVE,xwalk_v1.0.0
HRIS-WKR-004257,PAY-WKR-004128,LE-IE-SYNTH-001,ACTIVE,xwalk_v1.0.0
HRIS-WKR-004258,PAY-WKR-004129,LE-IE-SYNTH-001,ACTIVE,xwalk_v1.0.0
HRIS-WKR-004259,PAY-WKR-004130,LE-IE-SYNTH-001,ACTIVE,xwalk_v1.0.0
HRIS-WKR-004260,PAY-WKR-004131,LE-IE-SYNTH-001,ACTIVE,xwalk_v1.0.0
HRIS-WKR-004261,PAY-WKR-004132,LE-IE-SYNTH-001,ACTIVE,xwalk_v1.0.0
HRIS-WKR-004262,PAY-WKR-004133,LE-IE-SYNTH-001,ACTIVE,xwalk_v1.0.0
HRIS-WKR-004263,PAY-WKR-004134,LE-IE-SYNTH-001,ACTIVE,xwalk_v1.0.0
HRIS-WKR-004264,PAY-WKR-004135,LE-IE-SYNTH-001,ACTIVE,xwalk_v1.0.0
HRIS-WKR-004265,PAY-WKR-004136,LE-IE-SYNTH-001,ACTIVE,xwalk_v1.0.0
HRIS-WKR-004266,PAY-WKR-004137,LE-IE-SYNTH-001,ACTIVE,xwalk_v1.0.0
HRIS-WKR-004267,PAY-WKR-004138,LE-IE-SYNTH-001,ACTIVE,xwalk_v1.0.0
HRIS-WKR-004268,PAY-WKR-004139,LE-IE-SYNTH-001,ACTIVE,xwalk_v1.0.0
HRIS-WKR-004269,PAY-WKR-004140,LE-IE-SYNTH-001,ACTIVE,xwalk_v1.0.0
HRIS-WKR-004270,PAY-WKR-004141,LE-IE-SYNTH-001,ACTIVE,xwalk_v1.0.0
HRIS-WKR-004271,PAY-WKR-004142,LE-IE-SYNTH-001,ACTIVE,xwalk_v1.0.0
HRIS-WKR-004272,PAY-WKR-004143,LE-IE-SYNTH-001,ACTIVE,xwalk_v1.0.0
HRIS-WKR-004273,PAY-WKR-004144,LE-IE-SYNTH-001,ACTIVE,xwalk_v1.0.0
HRIS-WKR-004274,PAY-WKR-004145,LE-IE-SYNTH-001,ACTIVE,xwalk_v1.0.0
HRIS-WKR-004275,PAY-WKR-004146,LE-IE-SYNTH-001,ACTIVE,xwalk_v1.0.0
HRIS-WKR-004276,,LE-IE-SYNTH-001,MISSING,xwalk_v1.0.0
HRIS-WKR-004277,PAY-WKR-004147,LE-IE-SYNTH-001,ACTIVE,xwalk_v1.0.0
HRIS-WKR-004278,PAY-WKR-004148,LE-IE-SYNTH-001,ACTIVE,xwalk_v1.0.0
HRIS-WKR-004279,PAY-WKR-004149,LE-IE-SYNTH-001,ACTIVE,xwalk_v1.0.0
HRIS-WKR-004280,PAY-WKR-004150,LE-IE-SYNTH-001,ACTIVE,xwalk_v1.0.0
HRIS-WKR-004281,PAY-WKR-004151,LE-IE-SYNTH-001,ACTIVE,xwalk_v1.0.0
HRIS-WKR-004282,PAY-WKR-004152,LE-IE-SYNTH-001,ACTIVE,xwalk_v1.0.0
HRIS-WKR-004283,PAY-WKR-004153,LE-IE-SYNTH-001,ACTIVE,xwalk_v1.0.0
HRIS-WKR-004284,PAY-WKR-004154,LE-IE-SYNTH-001,ACTIVE,xwalk_v1.0.0
HRIS-WKR-004285,,LE-IE-SYNTH-001,MISSING,xwalk_v1.0.0
HRIS-WKR-004286,PAY-WKR-004155,LE-IE-SYNTH-001,ACTIVE,xwalk_v1.0.0
HRIS-WKR-004287,PAY-WKR-004156,LE-IE-SYNTH-001,ACTIVE,xwalk_v1.0.0
HRIS-WKR-004288,PAY-WKR-004157,LE-IE-SYNTH-001,ACTIVE,xwalk_v1.0.0
HRIS-WKR-004289,PAY-WKR-004158,LE-IE-SYNTH-001,ACTIVE,xwalk_v1.0.0
HRIS-WKR-004290,PAY-WKR-004159,LE-IE-SYNTH-001,ACTIVE,xwalk_v1.0.0
HRIS-WKR-004291,PAY-WKR-004160,LE-IE-SYNTH-001,ACTIVE,xwalk_v1.0.0
HRIS-WKR-004292,PAY-WKR-004161,LE-IE-SYNTH-001,ACTIVE,xwalk_v1.0.0
HRIS-WKR-004293,PAY-WKR-004162,LE-IE-SYNTH-001,ACTIVE,xwalk_v1.0.0
HRIS-WKR-004294,PAY-WKR-004163,LE-IE-SYNTH-001,ACTIVE,xwalk_v1.0.0
HRIS-WKR-004295,PAY-WKR-004164,LE-IE-SYNTH-001,ACTIVE,xwalk_v1.0.0
HRIS-WKR-004296,PAY-WKR-004165,LE-IE-SYNTH-001,ACTIVE,xwalk_v1.0.0
HRIS-WKR-004297,PAY-WKR-004166,LE-IE-SYNTH-001,ACTIVE,xwalk_v1.0.0
HRIS-WKR-004298,PAY-WKR-004167,LE-IE-SYNTH-001,ACTIVE,xwalk_v1.0.0
HRIS-WKR-004299,PAY-WKR-004168,LE-IE-SYNTH-001,ACTIVE,xwalk_v1.0.0
HRIS-WKR-004300,PAY-WKR-004169,LE-IE-SYNTH-001,ACTIVE,xwalk_v1.0.0
HRIS-WKR-004301,PAY-WKR-004170,LE-IE-SYNTH-001,ACTIVE,xwalk_v1.0.0
HRIS-WKR-004302,PAY-WKR-004171,LE-IE-SYNTH-001,ACTIVE,xwalk_v1.0.0
HRIS-WKR-004303,PAY-WKR-004172,LE-IE-SYNTH-001,ACTIVE,xwalk_v1.0.0
HRIS-WKR-004304,PAY-WKR-004173,LE-IE-SYNTH-001,ACTIVE,xwalk_v1.0.0
HRIS-WKR-004305,PAY-WKR-004174,LE-IE-SYNTH-001,ACTIVE,xwalk_v1.0.0
HRIS-WKR-004306,PAY-WKR-004175,LE-IE-SYNTH-001,ACTIVE,xwalk_v1.0.0
HRIS-WKR-004307,PAY-WKR-004176,LE-IE-SYNTH-001,ACTIVE,xwalk_v1.0.0
HRIS-WKR-004308,PAY-WKR-004177,LE-IE-SYNTH-001,ACTIVE,xwalk_v1.0.0
HRIS-WKR-004309,PAY-WKR-004178,LE-IE-SYNTH-001,ACTIVE,xwalk_v1.0.0
HRIS-WKR-004310,PAY-WKR-004179,LE-IE-SYNTH-001,ACTIVE,xwalk_v1.0.0
HRIS-WKR-004311,PAY-WKR-004180,LE-IE-SYNTH-001,ACTIVE,xwalk_v1.0.0
HRIS-WKR-004312,PAY-WKR-004181,LE-IE-SYNTH-001,ACTIVE,xwalk_v1.0.0
HRIS-WKR-004313,PAY-WKR-004182,LE-IE-SYNTH-001,ACTIVE,xwalk_v1.0.0
HRIS-WKR-004314,PAY-WKR-004183,LE-IE-SYNTH-001,ACTIVE,xwalk_v1.0.0
HRIS-WKR-004315,PAY-WKR-004184,LE-IE-SYNTH-001,ACTIVE,xwalk_v1.0.0
HRIS-WKR-004316,PAY-WKR-004185,LE-IE-SYNTH-001,ACTIVE,xwalk_v1.0.0
HRIS-WKR-004317,PAY-WKR-004186,LE-IE-SYNTH-001,ACTIVE,xwalk_v1.0.0
HRIS-WKR-004318,PAY-WKR-004187,LE-IE-SYNTH-001,ACTIVE,xwalk_v1.0.0
HRIS-WKR-004319,,LE-IE-SYNTH-001,MISSING,xwalk_v1.0.0
HRIS-WKR-004320,PAY-WKR-004188,LE-IE-SYNTH-001,ACTIVE,xwalk_v1.0.0
HRIS-WKR-004321,PAY-WKR-004189,LE-IE-SYNTH-001,ACTIVE,xwalk_v1.0.0
HRIS-WKR-004322,PAY-WKR-004190,LE-IE-SYNTH-001,ACTIVE,xwalk_v1.0.0
HRIS-WKR-004323,PAY-WKR-004191,LE-IE-SYNTH-001,ACTIVE,xwalk_v1.0.0
HRIS-WKR-004324,PAY-WKR-004192,LE-IE-SYNTH-001,ACTIVE,xwalk_v1.0.0
HRIS-WKR-004325,PAY-WKR-004193,LE-IE-SYNTH-001,ACTIVE,xwalk_v1.0.0
HRIS-WKR-004326,PAY-WKR-004194,LE-IE-SYNTH-001,ACTIVE,xwalk_v1.0.0
HRIS-WKR-004327,PAY-WKR-004195,LE-IE-SYNTH-001,ACTIVE,xwalk_v1.0.0
HRIS-WKR-004328,PAY-WKR-004196,LE-IE-SYNTH-001,ACTIVE,xwalk_v1.0.0
HRIS-WKR-004329,PAY-WKR-004197,LE-IE-SYNTH-001,ACTIVE,xwalk_v1.0.0
HRIS-WKR-004330,PAY-WKR-004198,LE-IE-SYNTH-001,ACTIVE,xwalk_v1.0.0
HRIS-WKR-004331,PAY-WKR-004199,LE-IE-SYNTH-001,ACTIVE,xwalk_v1.0.0
HRIS-WKR-004332,,LE-IE-SYNTH-001,MISSING,xwalk_v1.0.0
HRIS-WKR-004333,PAY-WKR-004200,LE-IE-SYNTH-001,ACTIVE,xwalk_v1.0.0
HRIS-WKR-004334,PAY-WKR-004201,LE-IE-SYNTH-001,ACTIVE,xwalk_v1.0.0
HRIS-WKR-004335,PAY-WKR-004202,LE-IE-SYNTH-001,ACTIVE,xwalk_v1.0.0
HRIS-WKR-004336,PAY-WKR-004203,LE-IE-SYNTH-001,ACTIVE,xwalk_v1.0.0
HRIS-WKR-004337,,LE-IE-SYNTH-001,MISSING,xwalk_v1.0.0
HRIS-WKR-004338,PAY-WKR-004204,LE-IE-SYNTH-001,ACTIVE,xwalk_v1.0.0
HRIS-WKR-004339,PAY-WKR-004205,LE-IE-SYNTH-001,ACTIVE,xwalk_v1.0.0
HRIS-WKR-004340,PAY-WKR-004206,LE-IE-SYNTH-001,ACTIVE,xwalk_v1.0.0
HRIS-WKR-004341,,LE-IE-SYNTH-001,MISSING,xwalk_v1.0.0
HRIS-WKR-004342,PAY-WKR-004207,LE-IE-SYNTH-001,ACTIVE,xwalk_v1.0.0
HRIS-WKR-004343,PAY-WKR-004208,LE-IE-SYNTH-001,ACTIVE,xwalk_v1.0.0
HRIS-WKR-004344,PAY-WKR-004209,LE-IE-SYNTH-001,ACTIVE,xwalk_v1.0.0
HRIS-WKR-004345,PAY-WKR-004210,LE-IE-SYNTH-001,ACTIVE,xwalk_v1.0.0
HRIS-WKR-004346,,LE-IE-SYNTH-001,MISSING,xwalk_v1.0.0
HRIS-WKR-004347,PAY-WKR-004211,LE-IE-SYNTH-001,ACTIVE,xwalk_v1.0.0
HRIS-WKR-004348,PAY-WKR-004212,LE-IE-SYNTH-001,ACTIVE,xwalk_v1.0.0
HRIS-WKR-004349,PAY-WKR-004213,LE-IE-SYNTH-001,ACTIVE,xwalk_v1.0.0
HRIS-WKR-004350,PAY-WKR-004214,LE-IE-SYNTH-001,ACTIVE,xwalk_v1.0.0
HRIS-WKR-004351,PAY-WKR-004215,LE-IE-SYNTH-001,ACTIVE,xwalk_v1.0.0
HRIS-WKR-004352,PAY-WKR-004216,LE-IE-SYNTH-001,ACTIVE,xwalk_v1.0.0
HRIS-WKR-004353,PAY-WKR-004217,LE-IE-SYNTH-001,ACTIVE,xwalk_v1.0.0
HRIS-WKR-004354,PAY-WKR-004218,LE-IE-SYNTH-001,ACTIVE,xwalk_v1.0.0
HRIS-WKR-004355,PAY-WKR-004219,LE-IE-SYNTH-001,ACTIVE,xwalk_v1.0.0
HRIS-WKR-004356,PAY-WKR-004220,LE-IE-SYNTH-001,ACTIVE,xwalk_v1.0.0
HRIS-WKR-004357,,LE-IE-SYNTH-001,MISSING,xwalk_v1.0.0
HRIS-WKR-004358,PAY-WKR-004221,LE-IE-SYNTH-001,ACTIVE,xwalk_v1.0.0
HRIS-WKR-004359,PAY-WKR-004222,LE-IE-SYNTH-001,ACTIVE,xwalk_v1.0.0
HRIS-WKR-004360,PAY-WKR-004223,LE-IE-SYNTH-001,ACTIVE,xwalk_v1.0.0
HRIS-WKR-004361,PAY-WKR-004224,LE-IE-SYNTH-001,ACTIVE,xwalk_v1.0.0
HRIS-WKR-004362,PAY-WKR-004225,LE-IE-SYNTH-001,ACTIVE,xwalk_v1.0.0
HRIS-WKR-004363,PAY-WKR-004226,LE-IE-SYNTH-001,ACTIVE,xwalk_v1.0.0
HRIS-WKR-004364,PAY-WKR-004227,LE-IE-SYNTH-001,ACTIVE,xwalk_v1.0.0
HRIS-WKR-004365,PAY-WKR-004228,LE-IE-SYNTH-001,ACTIVE,xwalk_v1.0.0
HRIS-WKR-004366,PAY-WKR-004229,LE-IE-SYNTH-001,ACTIVE,xwalk_v1.0.0
HRIS-WKR-004367,PAY-WKR-004230,LE-IE-SYNTH-001,ACTIVE,xwalk_v1.0.0
HRIS-WKR-004368,PAY-WKR-004231,LE-IE-SYNTH-001,ACTIVE,xwalk_v1.0.0
HRIS-WKR-004369,PAY-WKR-004232,LE-IE-SYNTH-001,ACTIVE,xwalk_v1.0.0
HRIS-WKR-004370,PAY-WKR-004233,LE-IE-SYNTH-001,ACTIVE,xwalk_v1.0.0
HRIS-WKR-004371,PAY-WKR-004234,LE-IE-SYNTH-001,ACTIVE,xwalk_v1.0.0
HRIS-WKR-004372,,LE-IE-SYNTH-001,MISSING,xwalk_v1.0.0
HRIS-WKR-004373,PAY-WKR-004235,LE-IE-SYNTH-001,ACTIVE,xwalk_v1.0.0
HRIS-WKR-004374,PAY-WKR-004236,LE-IE-SYNTH-001,ACTIVE,xwalk_v1.0.0
HRIS-WKR-004375,PAY-WKR-004237,LE-IE-SYNTH-001,ACTIVE,xwalk_v1.0.0
HRIS-WKR-004376,PAY-WKR-004238,LE-IE-SYNTH-001,ACTIVE,xwalk_v1.0.0
HRIS-WKR-004377,PAY-WKR-004239,LE-IE-SYNTH-001,ACTIVE,xwalk_v1.0.0
HRIS-WKR-004378,PAY-WKR-004240,LE-IE-SYNTH-001,ACTIVE,xwalk_v1.0.0
HRIS-WKR-004379,PAY-WKR-004241,LE-IE-SYNTH-001,ACTIVE,xwalk_v1.0.0
HRIS-WKR-004380,PAY-WKR-004242,LE-IE-SYNTH-001,ACTIVE,xwalk_v1.0.0
HRIS-WKR-004381,PAY-WKR-004243,LE-IE-SYNTH-001,ACTIVE,xwalk_v1.0.0
HRIS-WKR-004382,PAY-WKR-004244,LE-IE-SYNTH-001,ACTIVE,xwalk_v1.0.0
HRIS-WKR-004383,PAY-WKR-004245,LE-IE-SYNTH-001,ACTIVE,xwalk_v1.0.0
HRIS-WKR-004384,PAY-WKR-004246,LE-IE-SYNTH-001,ACTIVE,xwalk_v1.0.0
HRIS-WKR-004385,PAY-WKR-004247,LE-IE-SYNTH-001,ACTIVE,xwalk_v1.0.0
HRIS-WKR-004386,PAY-WKR-004248,LE-IE-SYNTH-001,ACTIVE,xwalk_v1.0.0
HRIS-WKR-004387,PAY-WKR-004249,LE-IE-SYNTH-001,ACTIVE,xwalk_v1.0.0
HRIS-WKR-004388,PAY-WKR-004250,LE-IE-SYNTH-001,ACTIVE,xwalk_v1.0.0
HRIS-WKR-004389,PAY-WKR-004251,LE-IE-SYNTH-001,ACTIVE,xwalk_v1.0.0
HRIS-WKR-004390,PAY-WKR-004252,LE-IE-SYNTH-001,ACTIVE,xwalk_v1.0.0
HRIS-WKR-004391,PAY-WKR-004253,LE-IE-SYNTH-001,ACTIVE,xwalk_v1.0.0
HRIS-WKR-004392,PAY-WKR-004254,LE-IE-SYNTH-001,ACTIVE,xwalk_v1.0.0
HRIS-WKR-004393,PAY-WKR-004255,LE-IE-SYNTH-001,ACTIVE,xwalk_v1.0.0
HRIS-WKR-004394,PAY-WKR-004256,LE-IE-SYNTH-001,ACTIVE,xwalk_v1.0.0
HRIS-WKR-004395,PAY-WKR-004257,LE-IE-SYNTH-001,ACTIVE,xwalk_v1.0.0
HRIS-WKR-004396,PAY-WKR-004258,LE-IE-SYNTH-001,ACTIVE,xwalk_v1.0.0
HRIS-WKR-004397,PAY-WKR-004259,LE-IE-SYNTH-001,ACTIVE,xwalk_v1.0.0
HRIS-WKR-004398,PAY-WKR-004260,LE-IE-SYNTH-001,ACTIVE,xwalk_v1.0.0
HRIS-WKR-004399,PAY-WKR-004261,LE-IE-SYNTH-001,ACTIVE,xwalk_v1.0.0
HRIS-WKR-004400,PAY-WKR-004262,LE-IE-SYNTH-001,ACTIVE,xwalk_v1.0.0
HRIS-WKR-004401,PAY-WKR-004263,LE-IE-SYNTH-001,ACTIVE,xwalk_v1.0.0
HRIS-WKR-004402,PAY-WKR-004264,LE-IE-SYNTH-001,ACTIVE,xwalk_v1.0.0
HRIS-WKR-004403,PAY-WKR-004265,LE-IE-SYNTH-001,ACTIVE,xwalk_v1.0.0
HRIS-WKR-004404,PAY-WKR-004266,LE-IE-SYNTH-001,ACTIVE,xwalk_v1.0.0
HRIS-WKR-004405,PAY-WKR-004267,LE-IE-SYNTH-001,ACTIVE,xwalk_v1.0.0
HRIS-WKR-004406,PAY-WKR-004268,LE-IE-SYNTH-001,ACTIVE,xwalk_v1.0.0
HRIS-WKR-004407,PAY-WKR-004269,LE-IE-SYNTH-001,ACTIVE,xwalk_v1.0.0
HRIS-WKR-004408,PAY-WKR-004270,LE-IE-SYNTH-001,ACTIVE,xwalk_v1.0.0
HRIS-WKR-004409,PAY-WKR-004271,LE-IE-SYNTH-001,ACTIVE,xwalk_v1.0.0
HRIS-WKR-004410,PAY-WKR-004272,LE-IE-SYNTH-001,ACTIVE,xwalk_v1.0.0
HRIS-WKR-004411,PAY-WKR-004273,LE-IE-SYNTH-001,ACTIVE,xwalk_v1.0.0
HRIS-WKR-004412,PAY-WKR-004274,LE-IE-SYNTH-001,ACTIVE,xwalk_v1.0.0
HRIS-WKR-004413,PAY-WKR-004275,LE-IE-SYNTH-001,ACTIVE,xwalk_v1.0.0
HRIS-WKR-004414,PAY-WKR-004276,LE-IE-SYNTH-001,ACTIVE,xwalk_v1.0.0
HRIS-WKR-004415,PAY-WKR-004277,LE-IE-SYNTH-001,ACTIVE,xwalk_v1.0.0
HRIS-WKR-004416,PAY-WKR-004278,LE-IE-SYNTH-001,ACTIVE,xwalk_v1.0.0
HRIS-WKR-004417,PAY-WKR-004279,LE-IE-SYNTH-001,ACTIVE,xwalk_v1.0.0
HRIS-WKR-004418,PAY-WKR-004280,LE-IE-SYNTH-001,ACTIVE,xwalk_v1.0.0
HRIS-WKR-004419,PAY-WKR-004281,LE-IE-SYNTH-001,ACTIVE,xwalk_v1.0.0
HRIS-WKR-004420,PAY-WKR-004282,LE-IE-SYNTH-001,ACTIVE,xwalk_v1.0.0
HRIS-WKR-004421,PAY-WKR-004283,LE-IE-SYNTH-001,ACTIVE,xwalk_v1.0.0
HRIS-WKR-004422,PAY-WKR-004284,LE-IE-SYNTH-001,ACTIVE,xwalk_v1.0.0
HRIS-WKR-004423,PAY-WKR-004285,LE-IE-SYNTH-001,ACTIVE,xwalk_v1.0.0
HRIS-WKR-004424,,LE-IE-SYNTH-001,MISSING,xwalk_v1.0.0
HRIS-WKR-004425,PAY-WKR-004286,LE-IE-SYNTH-001,ACTIVE,xwalk_v1.0.0
HRIS-WKR-004426,PAY-WKR-004287,LE-IE-SYNTH-001,ACTIVE,xwalk_v1.0.0
HRIS-WKR-004427,PAY-WKR-004288,LE-IE-SYNTH-001,ACTIVE,xwalk_v1.0.0
HRIS-WKR-004428,PAY-WKR-004289,LE-IE-SYNTH-001,ACTIVE,xwalk_v1.0.0
HRIS-WKR-004429,PAY-WKR-004290,LE-IE-SYNTH-001,ACTIVE,xwalk_v1.0.0
HRIS-WKR-004430,PAY-WKR-004291,LE-IE-SYNTH-001,ACTIVE,xwalk_v1.0.0
HRIS-WKR-004431,PAY-WKR-004292,LE-IE-SYNTH-001,ACTIVE,xwalk_v1.0.0
HRIS-WKR-004432,PAY-WKR-004293,LE-IE-SYNTH-001,ACTIVE,xwalk_v1.0.0
HRIS-WKR-004433,PAY-WKR-004294,LE-IE-SYNTH-001,ACTIVE,xwalk_v1.0.0
HRIS-WKR-004434,PAY-WKR-004295,LE-IE-SYNTH-001,ACTIVE,xwalk_v1.0.0
HRIS-WKR-004435,PAY-WKR-004296,LE-IE-SYNTH-001,ACTIVE,xwalk_v1.0.0
HRIS-WKR-004436,PAY-WKR-004297,LE-IE-SYNTH-001,ACTIVE,xwalk_v1.0.0
HRIS-WKR-004437,PAY-WKR-004298,LE-IE-SYNTH-001,ACTIVE,xwalk_v1.0.0
HRIS-WKR-004438,PAY-WKR-004299,LE-IE-SYNTH-001,ACTIVE,xwalk_v1.0.0
HRIS-WKR-004439,PAY-WKR-004300,LE-IE-SYNTH-001,ACTIVE,xwalk_v1.0.0
HRIS-WKR-004440,PAY-WKR-004301,LE-IE-SYNTH-001,ACTIVE,xwalk_v1.0.0
HRIS-WKR-004441,PAY-WKR-004302,LE-IE-SYNTH-001,ACTIVE,xwalk_v1.0.0
HRIS-WKR-004442,PAY-WKR-004303,LE-IE-SYNTH-001,ACTIVE,xwalk_v1.0.0
HRIS-WKR-004443,PAY-WKR-004304,LE-IE-SYNTH-001,ACTIVE,xwalk_v1.0.0
HRIS-WKR-004444,PAY-WKR-004305,LE-IE-SYNTH-001,ACTIVE,xwalk_v1.0.0
HRIS-WKR-004445,,LE-IE-SYNTH-001,MISSING,xwalk_v1.0.0
HRIS-WKR-004446,PAY-WKR-004306,LE-IE-SYNTH-001,ACTIVE,xwalk_v1.0.0
HRIS-WKR-004447,PAY-WKR-004307,LE-IE-SYNTH-001,ACTIVE,xwalk_v1.0.0
HRIS-WKR-004448,PAY-WKR-004308,LE-IE-SYNTH-001,ACTIVE,xwalk_v1.0.0
HRIS-WKR-004449,PAY-WKR-004309,LE-IE-SYNTH-001,ACTIVE,xwalk_v1.0.0
HRIS-WKR-004450,PAY-WKR-004310,LE-IE-SYNTH-001,ACTIVE,xwalk_v1.0.0
HRIS-WKR-004451,PAY-WKR-004311,LE-IE-SYNTH-001,ACTIVE,xwalk_v1.0.0
HRIS-WKR-004452,PAY-WKR-004312,LE-IE-SYNTH-001,ACTIVE,xwalk_v1.0.0
HRIS-WKR-004453,PAY-WKR-004313,LE-IE-SYNTH-001,ACTIVE,xwalk_v1.0.0
HRIS-WKR-004454,PAY-WKR-004314,LE-IE-SYNTH-001,ACTIVE,xwalk_v1.0.0
HRIS-WKR-004455,PAY-WKR-004315,LE-IE-SYNTH-001,ACTIVE,xwalk_v1.0.0
HRIS-WKR-004456,PAY-WKR-004316,LE-IE-SYNTH-001,ACTIVE,xwalk_v1.0.0
HRIS-WKR-004457,PAY-WKR-004317,LE-IE-SYNTH-001,ACTIVE,xwalk_v1.0.0
HRIS-WKR-004458,PAY-WKR-004318,LE-IE-SYNTH-001,ACTIVE,xwalk_v1.0.0
HRIS-WKR-004459,PAY-WKR-004319,LE-IE-SYNTH-001,ACTIVE,xwalk_v1.0.0
HRIS-WKR-004460,PAY-WKR-004320,LE-IE-SYNTH-001,ACTIVE,xwalk_v1.0.0
HRIS-WKR-004461,PAY-WKR-004321,LE-IE-SYNTH-001,ACTIVE,xwalk_v1.0.0
HRIS-WKR-004462,PAY-WKR-004322,LE-IE-SYNTH-001,ACTIVE,xwalk_v1.0.0
HRIS-WKR-004463,PAY-WKR-004323,LE-IE-SYNTH-001,ACTIVE,xwalk_v1.0.0
HRIS-WKR-004464,PAY-WKR-004324,LE-IE-SYNTH-001,ACTIVE,xwalk_v1.0.0
HRIS-WKR-004465,PAY-WKR-004325,LE-IE-SYNTH-001,ACTIVE,xwalk_v1.0.0
HRIS-WKR-004466,PAY-WKR-004326,LE-IE-SYNTH-001,ACTIVE,xwalk_v1.0.0
HRIS-WKR-004467,PAY-WKR-004327,LE-IE-SYNTH-001,ACTIVE,xwalk_v1.0.0
HRIS-WKR-004468,PAY-WKR-004328,LE-IE-SYNTH-001,ACTIVE,xwalk_v1.0.0
HRIS-WKR-004469,PAY-WKR-004329,LE-IE-SYNTH-001,ACTIVE,xwalk_v1.0.0
HRIS-WKR-004470,PAY-WKR-004330,LE-IE-SYNTH-001,ACTIVE,xwalk_v1.0.0
HRIS-WKR-004471,PAY-WKR-004331,LE-IE-SYNTH-001,ACTIVE,xwalk_v1.0.0
HRIS-WKR-004472,,LE-IE-SYNTH-001,MISSING,xwalk_v1.0.0
HRIS-WKR-004473,PAY-WKR-004332,LE-IE-SYNTH-001,ACTIVE,xwalk_v1.0.0
HRIS-WKR-004474,PAY-WKR-004333,LE-IE-SYNTH-001,ACTIVE,xwalk_v1.0.0
HRIS-WKR-004475,PAY-WKR-004334,LE-IE-SYNTH-001,ACTIVE,xwalk_v1.0.0
HRIS-WKR-004476,PAY-WKR-004335,LE-IE-SYNTH-001,ACTIVE,xwalk_v1.0.0
HRIS-WKR-004477,,LE-IE-SYNTH-001,MISSING,xwalk_v1.0.0
HRIS-WKR-004478,PAY-WKR-004336,LE-IE-SYNTH-001,ACTIVE,xwalk_v1.0.0
HRIS-WKR-004479,PAY-WKR-004337,LE-IE-SYNTH-001,ACTIVE,xwalk_v1.0.0
HRIS-WKR-004480,PAY-WKR-004338,LE-IE-SYNTH-001,ACTIVE,xwalk_v1.0.0
HRIS-WKR-004481,PAY-WKR-004339,LE-IE-SYNTH-001,ACTIVE,xwalk_v1.0.0
HRIS-WKR-004482,PAY-WKR-004340,LE-IE-SYNTH-001,ACTIVE,xwalk_v1.0.0
HRIS-WKR-004483,PAY-WKR-004341,LE-IE-SYNTH-001,ACTIVE,xwalk_v1.0.0
HRIS-WKR-004484,PAY-WKR-004342,LE-IE-SYNTH-001,ACTIVE,xwalk_v1.0.0
HRIS-WKR-004485,PAY-WKR-004343,LE-IE-SYNTH-001,ACTIVE,xwalk_v1.0.0
HRIS-WKR-004486,PAY-WKR-004344,LE-IE-SYNTH-001,ACTIVE,xwalk_v1.0.0
HRIS-WKR-004487,,LE-IE-SYNTH-001,MISSING,xwalk_v1.0.0
HRIS-WKR-004488,PAY-WKR-004345,LE-IE-SYNTH-001,ACTIVE,xwalk_v1.0.0
HRIS-WKR-004489,PAY-WKR-004346,LE-IE-SYNTH-001,ACTIVE,xwalk_v1.0.0
HRIS-WKR-004490,PAY-WKR-004347,LE-IE-SYNTH-001,ACTIVE,xwalk_v1.0.0
HRIS-WKR-004491,PAY-WKR-004348,LE-IE-SYNTH-001,ACTIVE,xwalk_v1.0.0
HRIS-WKR-004492,PAY-WKR-004349,LE-IE-SYNTH-001,ACTIVE,xwalk_v1.0.0
HRIS-WKR-004493,PAY-WKR-004350,LE-IE-SYNTH-001,ACTIVE,xwalk_v1.0.0
HRIS-WKR-004494,PAY-WKR-004351,LE-IE-SYNTH-001,ACTIVE,xwalk_v1.0.0
HRIS-WKR-004495,PAY-WKR-004352,LE-IE-SYNTH-001,ACTIVE,xwalk_v1.0.0
HRIS-WKR-004496,PAY-WKR-004353,LE-IE-SYNTH-001,ACTIVE,xwalk_v1.0.0
HRIS-WKR-004497,PAY-WKR-004354,LE-IE-SYNTH-001,ACTIVE,xwalk_v1.0.0
HRIS-WKR-004498,PAY-WKR-004355,LE-IE-SYNTH-001,ACTIVE,xwalk_v1.0.0
HRIS-WKR-004499,PAY-WKR-004356,LE-IE-SYNTH-001,ACTIVE,xwalk_v1.0.0
HRIS-WKR-004500,PAY-WKR-004357,LE-IE-SYNTH-001,ACTIVE,xwalk_v1.0.0
HRIS-WKR-004501,PAY-WKR-004358,LE-IE-SYNTH-001,ACTIVE,xwalk_v1.0.0
HRIS-WKR-004502,PAY-WKR-004359,LE-IE-SYNTH-001,ACTIVE,xwalk_v1.0.0
HRIS-WKR-004503,PAY-WKR-004360,LE-IE-SYNTH-001,ACTIVE,xwalk_v1.0.0
HRIS-WKR-004504,PAY-WKR-004361,LE-IE-SYNTH-001,ACTIVE,xwalk_v1.0.0
HRIS-WKR-004505,PAY-WKR-004362,LE-IE-SYNTH-001,ACTIVE,xwalk_v1.0.0
HRIS-WKR-004506,PAY-WKR-004363,LE-IE-SYNTH-001,ACTIVE,xwalk_v1.0.0
HRIS-WKR-004507,PAY-WKR-004364,LE-IE-SYNTH-001,ACTIVE,xwalk_v1.0.0
HRIS-WKR-004508,PAY-WKR-004365,LE-IE-SYNTH-001,ACTIVE,xwalk_v1.0.0
HRIS-WKR-004509,PAY-WKR-004366,LE-IE-SYNTH-001,ACTIVE,xwalk_v1.0.0
HRIS-WKR-004510,PAY-WKR-004367,LE-IE-SYNTH-001,ACTIVE,xwalk_v1.0.0
HRIS-WKR-004511,PAY-WKR-004368,LE-IE-SYNTH-001,ACTIVE,xwalk_v1.0.0
HRIS-WKR-004512,PAY-WKR-004369,LE-IE-SYNTH-001,ACTIVE,xwalk_v1.0.0
HRIS-WKR-004513,PAY-WKR-004370,LE-IE-SYNTH-001,ACTIVE,xwalk_v1.0.0
HRIS-WKR-004514,PAY-WKR-004371,LE-IE-SYNTH-001,ACTIVE,xwalk_v1.0.0
HRIS-WKR-004515,PAY-WKR-004372,LE-IE-SYNTH-001,ACTIVE,xwalk_v1.0.0
HRIS-WKR-004516,PAY-WKR-004373,LE-IE-SYNTH-001,ACTIVE,xwalk_v1.0.0
HRIS-WKR-004517,PAY-WKR-004374,LE-IE-SYNTH-001,ACTIVE,xwalk_v1.0.0
HRIS-WKR-004518,PAY-WKR-004375,LE-IE-SYNTH-001,ACTIVE,xwalk_v1.0.0
HRIS-WKR-004519,,LE-IE-SYNTH-001,MISSING,xwalk_v1.0.0
HRIS-WKR-004520,PAY-WKR-004376,LE-IE-SYNTH-001,ACTIVE,xwalk_v1.0.0
HRIS-WKR-004521,PAY-WKR-004377,LE-IE-SYNTH-001,ACTIVE,xwalk_v1.0.0
HRIS-WKR-004522,PAY-WKR-004378,LE-IE-SYNTH-001,ACTIVE,xwalk_v1.0.0
HRIS-WKR-004523,PAY-WKR-004379,LE-IE-SYNTH-001,ACTIVE,xwalk_v1.0.0
HRIS-WKR-004524,PAY-WKR-004380,LE-IE-SYNTH-001,ACTIVE,xwalk_v1.0.0
HRIS-WKR-004525,PAY-WKR-004381,LE-IE-SYNTH-001,ACTIVE,xwalk_v1.0.0
HRIS-WKR-004526,PAY-WKR-004382,LE-IE-SYNTH-001,ACTIVE,xwalk_v1.0.0
HRIS-WKR-004527,PAY-WKR-004383,LE-IE-SYNTH-001,ACTIVE,xwalk_v1.0.0
HRIS-WKR-004528,PAY-WKR-004384,LE-IE-SYNTH-001,ACTIVE,xwalk_v1.0.0
HRIS-WKR-004529,PAY-WKR-004385,LE-IE-SYNTH-001,ACTIVE,xwalk_v1.0.0
HRIS-WKR-004530,PAY-WKR-004386,LE-IE-SYNTH-001,ACTIVE,xwalk_v1.0.0
HRIS-WKR-004531,PAY-WKR-004387,LE-IE-SYNTH-001,ACTIVE,xwalk_v1.0.0
HRIS-WKR-004532,,LE-IE-SYNTH-001,MISSING,xwalk_v1.0.0
HRIS-WKR-004533,PAY-WKR-004388,LE-IE-SYNTH-001,ACTIVE,xwalk_v1.0.0
HRIS-WKR-004534,PAY-WKR-004389,LE-IE-SYNTH-001,ACTIVE,xwalk_v1.0.0
HRIS-WKR-004535,PAY-WKR-004390,LE-IE-SYNTH-001,ACTIVE,xwalk_v1.0.0
HRIS-WKR-004536,PAY-WKR-004391,LE-IE-SYNTH-001,ACTIVE,xwalk_v1.0.0
HRIS-WKR-004537,PAY-WKR-004392,LE-IE-SYNTH-001,ACTIVE,xwalk_v1.0.0
HRIS-WKR-004538,PAY-WKR-004393,LE-IE-SYNTH-001,ACTIVE,xwalk_v1.0.0
HRIS-WKR-004539,PAY-WKR-004394,LE-IE-SYNTH-001,ACTIVE,xwalk_v1.0.0
HRIS-WKR-004540,PAY-WKR-004395,LE-IE-SYNTH-001,ACTIVE,xwalk_v1.0.0
HRIS-WKR-004541,PAY-WKR-004396,LE-IE-SYNTH-001,ACTIVE,xwalk_v1.0.0
HRIS-WKR-004542,PAY-WKR-004397,LE-IE-SYNTH-001,ACTIVE,xwalk_v1.0.0
HRIS-WKR-004543,PAY-WKR-004398,LE-IE-SYNTH-001,ACTIVE,xwalk_v1.0.0
HRIS-WKR-004544,PAY-WKR-004399,LE-IE-SYNTH-001,ACTIVE,xwalk_v1.0.0
HRIS-WKR-004545,PAY-WKR-004400,LE-IE-SYNTH-001,ACTIVE,xwalk_v1.0.0
HRIS-WKR-004546,PAY-WKR-004401,LE-IE-SYNTH-001,ACTIVE,xwalk_v1.0.0
HRIS-WKR-004547,PAY-WKR-004402,LE-IE-SYNTH-001,ACTIVE,xwalk_v1.0.0
HRIS-WKR-004548,PAY-WKR-004403,LE-IE-SYNTH-001,ACTIVE,xwalk_v1.0.0
HRIS-WKR-004549,PAY-WKR-004404,LE-IE-SYNTH-001,ACTIVE,xwalk_v1.0.0
HRIS-WKR-004550,PAY-WKR-004405,LE-IE-SYNTH-001,ACTIVE,xwalk_v1.0.0
HRIS-WKR-004551,PAY-WKR-004406,LE-IE-SYNTH-001,ACTIVE,xwalk_v1.0.0
HRIS-WKR-004552,PAY-WKR-004407,LE-IE-SYNTH-001,ACTIVE,xwalk_v1.0.0
HRIS-WKR-004553,PAY-WKR-004408,LE-IE-SYNTH-001,ACTIVE,xwalk_v1.0.0
HRIS-WKR-004554,PAY-WKR-004409,LE-IE-SYNTH-001,ACTIVE,xwalk_v1.0.0
HRIS-WKR-004555,PAY-WKR-004410,LE-IE-SYNTH-001,ACTIVE,xwalk_v1.0.0
HRIS-WKR-004556,PAY-WKR-004411,LE-IE-SYNTH-001,ACTIVE,xwalk_v1.0.0
HRIS-WKR-004557,PAY-WKR-004412,LE-IE-SYNTH-001,ACTIVE,xwalk_v1.0.0
HRIS-WKR-004558,PAY-WKR-004413,LE-IE-SYNTH-001,ACTIVE,xwalk_v1.0.0
HRIS-WKR-004559,PAY-WKR-004414,LE-IE-SYNTH-001,ACTIVE,xwalk_v1.0.0
HRIS-WKR-004560,PAY-WKR-004415,LE-IE-SYNTH-001,ACTIVE,xwalk_v1.0.0
HRIS-WKR-004561,PAY-WKR-004416,LE-IE-SYNTH-001,ACTIVE,xwalk_v1.0.0
HRIS-WKR-004562,PAY-WKR-004417,LE-IE-SYNTH-001,ACTIVE,xwalk_v1.0.0
HRIS-WKR-004563,PAY-WKR-004418,LE-IE-SYNTH-001,ACTIVE,xwalk_v1.0.0
HRIS-WKR-004564,PAY-WKR-004419,LE-IE-SYNTH-001,ACTIVE,xwalk_v1.0.0
HRIS-WKR-004565,PAY-WKR-004420,LE-IE-SYNTH-001,ACTIVE,xwalk_v1.0.0
HRIS-WKR-004566,PAY-WKR-004421,LE-IE-SYNTH-001,ACTIVE,xwalk_v1.0.0
HRIS-WKR-004567,PAY-WKR-004422,LE-IE-SYNTH-001,ACTIVE,xwalk_v1.0.0
HRIS-WKR-004568,PAY-WKR-004423,LE-IE-SYNTH-001,ACTIVE,xwalk_v1.0.0
HRIS-WKR-004569,PAY-WKR-004424,LE-IE-SYNTH-001,ACTIVE,xwalk_v1.0.0
HRIS-WKR-004570,PAY-WKR-004425,LE-IE-SYNTH-001,ACTIVE,xwalk_v1.0.0
HRIS-WKR-004571,PAY-WKR-004426,LE-IE-SYNTH-001,ACTIVE,xwalk_v1.0.0
HRIS-WKR-004572,PAY-WKR-004427,LE-IE-SYNTH-001,ACTIVE,xwalk_v1.0.0
HRIS-WKR-004573,PAY-WKR-004428,LE-IE-SYNTH-001,ACTIVE,xwalk_v1.0.0
HRIS-WKR-004574,PAY-WKR-004429,LE-IE-SYNTH-001,ACTIVE,xwalk_v1.0.0
HRIS-WKR-004575,PAY-WKR-004430,LE-IE-SYNTH-001,ACTIVE,xwalk_v1.0.0
HRIS-WKR-004576,PAY-WKR-004431,LE-IE-SYNTH-001,ACTIVE,xwalk_v1.0.0
HRIS-WKR-004577,PAY-WKR-004432,LE-IE-SYNTH-001,ACTIVE,xwalk_v1.0.0
HRIS-WKR-004578,PAY-WKR-004433,LE-IE-SYNTH-001,ACTIVE,xwalk_v1.0.0
HRIS-WKR-004579,PAY-WKR-004434,LE-IE-SYNTH-001,ACTIVE,xwalk_v1.0.0
HRIS-WKR-004580,PAY-WKR-004435,LE-IE-SYNTH-001,ACTIVE,xwalk_v1.0.0
HRIS-WKR-004581,PAY-WKR-004436,LE-IE-SYNTH-001,ACTIVE,xwalk_v1.0.0
HRIS-WKR-004582,PAY-WKR-004437,LE-IE-SYNTH-001,ACTIVE,xwalk_v1.0.0
HRIS-WKR-004583,PAY-WKR-004438,LE-IE-SYNTH-001,ACTIVE,xwalk_v1.0.0
HRIS-WKR-004584,PAY-WKR-004439,LE-IE-SYNTH-001,ACTIVE,xwalk_v1.0.0
HRIS-WKR-004585,PAY-WKR-004440,LE-IE-SYNTH-001,ACTIVE,xwalk_v1.0.0
HRIS-WKR-004586,PAY-WKR-004441,LE-IE-SYNTH-001,ACTIVE,xwalk_v1.0.0
HRIS-WKR-004587,PAY-WKR-004442,LE-IE-SYNTH-001,ACTIVE,xwalk_v1.0.0
HRIS-WKR-004588,PAY-WKR-004443,LE-IE-SYNTH-001,ACTIVE,xwalk_v1.0.0
HRIS-WKR-004589,PAY-WKR-004444,LE-IE-SYNTH-001,ACTIVE,xwalk_v1.0.0
HRIS-WKR-004590,PAY-WKR-004445,LE-IE-SYNTH-001,ACTIVE,xwalk_v1.0.0
HRIS-WKR-004591,PAY-WKR-004446,LE-IE-SYNTH-001,ACTIVE,xwalk_v1.0.0
HRIS-WKR-004592,PAY-WKR-004447,LE-IE-SYNTH-001,ACTIVE,xwalk_v1.0.0
HRIS-WKR-004593,PAY-WKR-004448,LE-IE-SYNTH-001,ACTIVE,xwalk_v1.0.0
HRIS-WKR-004594,PAY-WKR-004449,LE-IE-SYNTH-001,ACTIVE,xwalk_v1.0.0
HRIS-WKR-004595,PAY-WKR-004450,LE-IE-SYNTH-001,ACTIVE,xwalk_v1.0.0
HRIS-WKR-004596,PAY-WKR-004451,LE-IE-SYNTH-001,ACTIVE,xwalk_v1.0.0
HRIS-WKR-004597,PAY-WKR-004452,LE-IE-SYNTH-001,ACTIVE,xwalk_v1.0.0
HRIS-WKR-004598,PAY-WKR-004453,LE-IE-SYNTH-001,ACTIVE,xwalk_v1.0.0
HRIS-WKR-004599,PAY-WKR-004454,LE-IE-SYNTH-001,ACTIVE,xwalk_v1.0.0
HRIS-WKR-004600,PAY-WKR-004455,LE-IE-SYNTH-001,ACTIVE,xwalk_v1.0.0
HRIS-WKR-004601,PAY-WKR-004456,LE-IE-SYNTH-001,ACTIVE,xwalk_v1.0.0
HRIS-WKR-004602,PAY-WKR-004457,LE-IE-SYNTH-001,ACTIVE,xwalk_v1.0.0
HRIS-WKR-004603,PAY-WKR-004458,LE-IE-SYNTH-001,ACTIVE,xwalk_v1.0.0
HRIS-WKR-004604,PAY-WKR-004459,LE-IE-SYNTH-001,ACTIVE,xwalk_v1.0.0
HRIS-WKR-004605,PAY-WKR-004460,LE-IE-SYNTH-001,ACTIVE,xwalk_v1.0.0
HRIS-WKR-004606,PAY-WKR-004461,LE-IE-SYNTH-001,ACTIVE,xwalk_v1.0.0
HRIS-WKR-004607,PAY-WKR-004462,LE-IE-SYNTH-001,ACTIVE,xwalk_v1.0.0
HRIS-WKR-004608,PAY-WKR-004463,LE-IE-SYNTH-001,ACTIVE,xwalk_v1.0.0
HRIS-WKR-004609,PAY-WKR-004464,LE-IE-SYNTH-001,ACTIVE,xwalk_v1.0.0
HRIS-WKR-004610,PAY-WKR-004465,LE-IE-SYNTH-001,ACTIVE,xwalk_v1.0.0
HRIS-WKR-004611,PAY-WKR-004466,LE-IE-SYNTH-001,ACTIVE,xwalk_v1.0.0
HRIS-WKR-004612,PAY-WKR-004467,LE-IE-SYNTH-001,ACTIVE,xwalk_v1.0.0
HRIS-WKR-004613,PAY-WKR-004468,LE-IE-SYNTH-001,ACTIVE,xwalk_v1.0.0
HRIS-WKR-004614,PAY-WKR-004469,LE-IE-SYNTH-001,ACTIVE,xwalk_v1.0.0
HRIS-WKR-004615,PAY-WKR-004470,LE-IE-SYNTH-001,ACTIVE,xwalk_v1.0.0
HRIS-WKR-004616,PAY-WKR-004471,LE-IE-SYNTH-001,ACTIVE,xwalk_v1.0.0
HRIS-WKR-004617,PAY-WKR-004472,LE-IE-SYNTH-001,ACTIVE,xwalk_v1.0.0
HRIS-WKR-004618,PAY-WKR-004473,LE-IE-SYNTH-001,ACTIVE,xwalk_v1.0.0
HRIS-WKR-004619,PAY-WKR-004474,LE-IE-SYNTH-001,ACTIVE,xwalk_v1.0.0
HRIS-WKR-004620,PAY-WKR-004475,LE-IE-SYNTH-001,ACTIVE,xwalk_v1.0.0
HRIS-WKR-004621,PAY-WKR-004476,LE-IE-SYNTH-001,ACTIVE,xwalk_v1.0.0
HRIS-WKR-004622,PAY-WKR-004477,LE-IE-SYNTH-001,ACTIVE,xwalk_v1.0.0
HRIS-WKR-004623,PAY-WKR-004478,LE-IE-SYNTH-001,ACTIVE,xwalk_v1.0.0
HRIS-WKR-004624,PAY-WKR-004479,LE-IE-SYNTH-001,ACTIVE,xwalk_v1.0.0
HRIS-WKR-004625,PAY-WKR-004480,LE-IE-SYNTH-001,ACTIVE,xwalk_v1.0.0
HRIS-WKR-004626,PAY-WKR-004481,LE-IE-SYNTH-001,ACTIVE,xwalk_v1.0.0
HRIS-WKR-004627,PAY-WKR-004482,LE-IE-SYNTH-001,ACTIVE,xwalk_v1.0.0
HRIS-WKR-004628,PAY-WKR-004483,LE-IE-SYNTH-001,ACTIVE,xwalk_v1.0.0
HRIS-WKR-004629,PAY-WKR-004484,LE-IE-SYNTH-001,ACTIVE,xwalk_v1.0.0
HRIS-WKR-004630,PAY-WKR-004485,LE-IE-SYNTH-001,ACTIVE,xwalk_v1.0.0
HRIS-WKR-004631,PAY-WKR-004486,LE-IE-SYNTH-001,ACTIVE,xwalk_v1.0.0
HRIS-WKR-004632,PAY-WKR-004487,LE-IE-SYNTH-001,ACTIVE,xwalk_v1.0.0
HRIS-WKR-004633,PAY-WKR-004488,LE-IE-SYNTH-001,ACTIVE,xwalk_v1.0.0
HRIS-WKR-004634,PAY-WKR-004489,LE-IE-SYNTH-001,ACTIVE,xwalk_v1.0.0
HRIS-WKR-004635,PAY-WKR-004490,LE-IE-SYNTH-001,ACTIVE,xwalk_v1.0.0
HRIS-WKR-004636,,LE-IE-SYNTH-001,MISSING,xwalk_v1.0.0
HRIS-WKR-004637,PAY-WKR-004491,LE-IE-SYNTH-001,ACTIVE,xwalk_v1.0.0
HRIS-WKR-004638,,LE-IE-SYNTH-001,MISSING,xwalk_v1.0.0
HRIS-WKR-004639,PAY-WKR-004492,LE-IE-SYNTH-001,ACTIVE,xwalk_v1.0.0
HRIS-WKR-004640,PAY-WKR-004493,LE-IE-SYNTH-001,ACTIVE,xwalk_v1.0.0
HRIS-WKR-004641,PAY-WKR-004494,LE-IE-SYNTH-001,ACTIVE,xwalk_v1.0.0
HRIS-WKR-004642,PAY-WKR-004495,LE-IE-SYNTH-001,ACTIVE,xwalk_v1.0.0
HRIS-WKR-004643,PAY-WKR-004496,LE-IE-SYNTH-001,ACTIVE,xwalk_v1.0.0
HRIS-WKR-004644,PAY-WKR-004497,LE-IE-SYNTH-001,ACTIVE,xwalk_v1.0.0
HRIS-WKR-004645,PAY-WKR-004498,LE-IE-SYNTH-001,ACTIVE,xwalk_v1.0.0
HRIS-WKR-004646,PAY-WKR-004499,LE-IE-SYNTH-001,ACTIVE,xwalk_v1.0.0
HRIS-WKR-004647,PAY-WKR-004500,LE-IE-SYNTH-001,ACTIVE,xwalk_v1.0.0
HRIS-WKR-004648,PAY-WKR-004501,LE-IE-SYNTH-001,ACTIVE,xwalk_v1.0.0
HRIS-WKR-004649,PAY-WKR-004502,LE-IE-SYNTH-001,ACTIVE,xwalk_v1.0.0
HRIS-WKR-004650,PAY-WKR-004503,LE-IE-SYNTH-001,ACTIVE,xwalk_v1.0.0
HRIS-WKR-004651,PAY-WKR-004504,LE-IE-SYNTH-001,ACTIVE,xwalk_v1.0.0
HRIS-WKR-004652,PAY-WKR-004505,LE-IE-SYNTH-001,ACTIVE,xwalk_v1.0.0
HRIS-WKR-004653,PAY-WKR-004506,LE-IE-SYNTH-001,ACTIVE,xwalk_v1.0.0
HRIS-WKR-004654,PAY-WKR-004507,LE-IE-SYNTH-001,ACTIVE,xwalk_v1.0.0
HRIS-WKR-004655,PAY-WKR-004508,LE-IE-SYNTH-001,ACTIVE,xwalk_v1.0.0
HRIS-WKR-004656,PAY-WKR-004509,LE-IE-SYNTH-001,ACTIVE,xwalk_v1.0.0
HRIS-WKR-004657,PAY-WKR-004510,LE-IE-SYNTH-001,ACTIVE,xwalk_v1.0.0
HRIS-WKR-004658,PAY-WKR-004511,LE-IE-SYNTH-001,ACTIVE,xwalk_v1.0.0
HRIS-WKR-004659,PAY-WKR-004512,LE-IE-SYNTH-001,ACTIVE,xwalk_v1.0.0
HRIS-WKR-004660,PAY-WKR-004513,LE-IE-SYNTH-001,ACTIVE,xwalk_v1.0.0
HRIS-WKR-004661,PAY-WKR-004514,LE-IE-SYNTH-001,ACTIVE,xwalk_v1.0.0
HRIS-WKR-004662,PAY-WKR-004515,LE-IE-SYNTH-001,ACTIVE,xwalk_v1.0.0
HRIS-WKR-004663,PAY-WKR-004516,LE-IE-SYNTH-001,ACTIVE,xwalk_v1.0.0
HRIS-WKR-004664,PAY-WKR-004517,LE-IE-SYNTH-001,ACTIVE,xwalk_v1.0.0
HRIS-WKR-004665,PAY-WKR-004518,LE-IE-SYNTH-001,ACTIVE,xwalk_v1.0.0
HRIS-WKR-004666,PAY-WKR-004519,LE-IE-SYNTH-001,ACTIVE,xwalk_v1.0.0
HRIS-WKR-004667,PAY-WKR-004520,LE-IE-SYNTH-001,ACTIVE,xwalk_v1.0.0
HRIS-WKR-004668,PAY-WKR-004521,LE-IE-SYNTH-001,ACTIVE,xwalk_v1.0.0
HRIS-WKR-004669,PAY-WKR-004522,LE-IE-SYNTH-001,ACTIVE,xwalk_v1.0.0
HRIS-WKR-004670,PAY-WKR-004523,LE-IE-SYNTH-001,ACTIVE,xwalk_v1.0.0
HRIS-WKR-004671,PAY-WKR-004524,LE-IE-SYNTH-001,ACTIVE,xwalk_v1.0.0
HRIS-WKR-004672,PAY-WKR-004525,LE-IE-SYNTH-001,ACTIVE,xwalk_v1.0.0
HRIS-WKR-004673,PAY-WKR-004526,LE-IE-SYNTH-001,ACTIVE,xwalk_v1.0.0
HRIS-WKR-004674,PAY-WKR-004527,LE-IE-SYNTH-001,ACTIVE,xwalk_v1.0.0
HRIS-WKR-004675,PAY-WKR-004528,LE-IE-SYNTH-001,ACTIVE,xwalk_v1.0.0
HRIS-WKR-004676,PAY-WKR-004529,LE-IE-SYNTH-001,ACTIVE,xwalk_v1.0.0
HRIS-WKR-004677,PAY-WKR-004530,LE-IE-SYNTH-001,ACTIVE,xwalk_v1.0.0
HRIS-WKR-004678,PAY-WKR-004531,LE-IE-SYNTH-001,ACTIVE,xwalk_v1.0.0
HRIS-WKR-004679,PAY-WKR-004532,LE-IE-SYNTH-001,ACTIVE,xwalk_v1.0.0
HRIS-WKR-004680,PAY-WKR-004533,LE-IE-SYNTH-001,ACTIVE,xwalk_v1.0.0
HRIS-WKR-004681,PAY-WKR-004534,LE-IE-SYNTH-001,ACTIVE,xwalk_v1.0.0
HRIS-WKR-004682,PAY-WKR-004535,LE-IE-SYNTH-001,ACTIVE,xwalk_v1.0.0
HRIS-WKR-004683,PAY-WKR-004536,LE-IE-SYNTH-001,ACTIVE,xwalk_v1.0.0
HRIS-WKR-004684,PAY-WKR-004537,LE-IE-SYNTH-001,ACTIVE,xwalk_v1.0.0
HRIS-WKR-004685,PAY-WKR-004538,LE-IE-SYNTH-001,ACTIVE,xwalk_v1.0.0
HRIS-WKR-004686,PAY-WKR-004539,LE-IE-SYNTH-001,ACTIVE,xwalk_v1.0.0
HRIS-WKR-004687,PAY-WKR-004540,LE-IE-SYNTH-001,ACTIVE,xwalk_v1.0.0
HRIS-WKR-004688,PAY-WKR-004541,LE-IE-SYNTH-001,ACTIVE,xwalk_v1.0.0
HRIS-WKR-004689,PAY-WKR-004542,LE-IE-SYNTH-001,ACTIVE,xwalk_v1.0.0
HRIS-WKR-004690,PAY-WKR-004543,LE-IE-SYNTH-001,ACTIVE,xwalk_v1.0.0
HRIS-WKR-004691,PAY-WKR-004544,LE-IE-SYNTH-001,ACTIVE,xwalk_v1.0.0
HRIS-WKR-004692,,LE-IE-SYNTH-001,MISSING,xwalk_v1.0.0
HRIS-WKR-004693,PAY-WKR-004545,LE-IE-SYNTH-001,ACTIVE,xwalk_v1.0.0
HRIS-WKR-004694,PAY-WKR-004546,LE-IE-SYNTH-001,ACTIVE,xwalk_v1.0.0
HRIS-WKR-004695,PAY-WKR-004547,LE-IE-SYNTH-001,ACTIVE,xwalk_v1.0.0
HRIS-WKR-004696,PAY-WKR-004548,LE-IE-SYNTH-001,ACTIVE,xwalk_v1.0.0
HRIS-WKR-004697,PAY-WKR-004549,LE-IE-SYNTH-001,ACTIVE,xwalk_v1.0.0
HRIS-WKR-004698,PAY-WKR-004550,LE-IE-SYNTH-001,ACTIVE,xwalk_v1.0.0
HRIS-WKR-004699,PAY-WKR-004551,LE-IE-SYNTH-001,ACTIVE,xwalk_v1.0.0
HRIS-WKR-004700,PAY-WKR-004552,LE-IE-SYNTH-001,ACTIVE,xwalk_v1.0.0
HRIS-WKR-004701,PAY-WKR-004553,LE-IE-SYNTH-001,ACTIVE,xwalk_v1.0.0
HRIS-WKR-004702,PAY-WKR-004554,LE-IE-SYNTH-001,ACTIVE,xwalk_v1.0.0
HRIS-WKR-004703,PAY-WKR-004555,LE-IE-SYNTH-001,ACTIVE,xwalk_v1.0.0
HRIS-WKR-004704,,LE-IE-SYNTH-001,MISSING,xwalk_v1.0.0
HRIS-WKR-004705,PAY-WKR-004556,LE-IE-SYNTH-001,ACTIVE,xwalk_v1.0.0
HRIS-WKR-004706,PAY-WKR-004557,LE-IE-SYNTH-001,ACTIVE,xwalk_v1.0.0
HRIS-WKR-004707,PAY-WKR-004558,LE-IE-SYNTH-001,ACTIVE,xwalk_v1.0.0
HRIS-WKR-004708,PAY-WKR-004559,LE-IE-SYNTH-001,ACTIVE,xwalk_v1.0.0
HRIS-WKR-004709,PAY-WKR-004560,LE-IE-SYNTH-001,ACTIVE,xwalk_v1.0.0
HRIS-WKR-004710,PAY-WKR-004561,LE-IE-SYNTH-001,ACTIVE,xwalk_v1.0.0
HRIS-WKR-004711,PAY-WKR-004562,LE-IE-SYNTH-001,ACTIVE,xwalk_v1.0.0
HRIS-WKR-004712,PAY-WKR-004563,LE-IE-SYNTH-001,ACTIVE,xwalk_v1.0.0
HRIS-WKR-004713,PAY-WKR-004564,LE-IE-SYNTH-001,ACTIVE,xwalk_v1.0.0
HRIS-WKR-004714,PAY-WKR-004565,LE-IE-SYNTH-001,ACTIVE,xwalk_v1.0.0
HRIS-WKR-004715,PAY-WKR-004566,LE-IE-SYNTH-001,ACTIVE,xwalk_v1.0.0
HRIS-WKR-004716,PAY-WKR-004567,LE-IE-SYNTH-001,ACTIVE,xwalk_v1.0.0
HRIS-WKR-004717,PAY-WKR-004568,LE-IE-SYNTH-001,ACTIVE,xwalk_v1.0.0
HRIS-WKR-004718,PAY-WKR-004569,LE-IE-SYNTH-001,ACTIVE,xwalk_v1.0.0
HRIS-WKR-004719,PAY-WKR-004570,LE-IE-SYNTH-001,ACTIVE,xwalk_v1.0.0
HRIS-WKR-004720,PAY-WKR-004571,LE-IE-SYNTH-001,ACTIVE,xwalk_v1.0.0
HRIS-WKR-004721,PAY-WKR-004572,LE-IE-SYNTH-001,ACTIVE,xwalk_v1.0.0
HRIS-WKR-004722,PAY-WKR-004573,LE-IE-SYNTH-001,ACTIVE,xwalk_v1.0.0
HRIS-WKR-004723,PAY-WKR-004574,LE-IE-SYNTH-001,ACTIVE,xwalk_v1.0.0
HRIS-WKR-004724,PAY-WKR-004575,LE-IE-SYNTH-001,ACTIVE,xwalk_v1.0.0
HRIS-WKR-004725,PAY-WKR-004576,LE-IE-SYNTH-001,ACTIVE,xwalk_v1.0.0
HRIS-WKR-004726,PAY-WKR-004577,LE-IE-SYNTH-001,ACTIVE,xwalk_v1.0.0
HRIS-WKR-004727,PAY-WKR-004578,LE-IE-SYNTH-001,ACTIVE,xwalk_v1.0.0
HRIS-WKR-004728,PAY-WKR-004579,LE-IE-SYNTH-001,ACTIVE,xwalk_v1.0.0
HRIS-WKR-004729,PAY-WKR-004580,LE-IE-SYNTH-001,ACTIVE,xwalk_v1.0.0
HRIS-WKR-004730,PAY-WKR-004581,LE-IE-SYNTH-001,ACTIVE,xwalk_v1.0.0
HRIS-WKR-004731,PAY-WKR-004582,LE-IE-SYNTH-001,ACTIVE,xwalk_v1.0.0
HRIS-WKR-004732,PAY-WKR-004583,LE-IE-SYNTH-001,ACTIVE,xwalk_v1.0.0
HRIS-WKR-004733,PAY-WKR-004584,LE-IE-SYNTH-001,ACTIVE,xwalk_v1.0.0
HRIS-WKR-004734,PAY-WKR-004585,LE-IE-SYNTH-001,ACTIVE,xwalk_v1.0.0
HRIS-WKR-004735,PAY-WKR-004586,LE-IE-SYNTH-001,ACTIVE,xwalk_v1.0.0
HRIS-WKR-004736,PAY-WKR-004587,LE-IE-SYNTH-001,ACTIVE,xwalk_v1.0.0
HRIS-WKR-004737,PAY-WKR-004588,LE-IE-SYNTH-001,ACTIVE,xwalk_v1.0.0
HRIS-WKR-004738,PAY-WKR-004589,LE-IE-SYNTH-001,ACTIVE,xwalk_v1.0.0
HRIS-WKR-004739,PAY-WKR-004590,LE-IE-SYNTH-001,ACTIVE,xwalk_v1.0.0
HRIS-WKR-004740,PAY-WKR-004591,LE-IE-SYNTH-001,ACTIVE,xwalk_v1.0.0
HRIS-WKR-004741,PAY-WKR-004592,LE-IE-SYNTH-001,ACTIVE,xwalk_v1.0.0
HRIS-WKR-004742,PAY-WKR-004593,LE-IE-SYNTH-001,ACTIVE,xwalk_v1.0.0
HRIS-WKR-004743,PAY-WKR-004594,LE-IE-SYNTH-001,ACTIVE,xwalk_v1.0.0
HRIS-WKR-004744,PAY-WKR-004595,LE-IE-SYNTH-001,ACTIVE,xwalk_v1.0.0
HRIS-WKR-004745,PAY-WKR-004596,LE-IE-SYNTH-001,ACTIVE,xwalk_v1.0.0
HRIS-WKR-004746,PAY-WKR-004597,LE-IE-SYNTH-001,ACTIVE,xwalk_v1.0.0
HRIS-WKR-004747,PAY-WKR-004598,LE-IE-SYNTH-001,ACTIVE,xwalk_v1.0.0
HRIS-WKR-004748,PAY-WKR-004599,LE-IE-SYNTH-001,ACTIVE,xwalk_v1.0.0
HRIS-WKR-004749,PAY-WKR-004600,LE-IE-SYNTH-001,ACTIVE,xwalk_v1.0.0
HRIS-WKR-004750,PAY-WKR-004601,LE-IE-SYNTH-001,ACTIVE,xwalk_v1.0.0
HRIS-WKR-004751,PAY-WKR-004602,LE-IE-SYNTH-001,ACTIVE,xwalk_v1.0.0
HRIS-WKR-004752,PAY-WKR-004603,LE-IE-SYNTH-001,ACTIVE,xwalk_v1.0.0
HRIS-WKR-004753,PAY-WKR-004604,LE-IE-SYNTH-001,ACTIVE,xwalk_v1.0.0
HRIS-WKR-004754,PAY-WKR-004605,LE-IE-SYNTH-001,ACTIVE,xwalk_v1.0.0
HRIS-WKR-004755,PAY-WKR-004606,LE-IE-SYNTH-001,ACTIVE,xwalk_v1.0.0
HRIS-WKR-004756,PAY-WKR-004607,LE-IE-SYNTH-001,ACTIVE,xwalk_v1.0.0
HRIS-WKR-004757,PAY-WKR-004608,LE-IE-SYNTH-001,ACTIVE,xwalk_v1.0.0
HRIS-WKR-004758,PAY-WKR-004609,LE-IE-SYNTH-001,ACTIVE,xwalk_v1.0.0
HRIS-WKR-004759,PAY-WKR-004610,LE-IE-SYNTH-001,ACTIVE,xwalk_v1.0.0
HRIS-WKR-004760,PAY-WKR-004611,LE-IE-SYNTH-001,ACTIVE,xwalk_v1.0.0
HRIS-WKR-004761,PAY-WKR-004612,LE-IE-SYNTH-001,ACTIVE,xwalk_v1.0.0
HRIS-WKR-004762,PAY-WKR-004613,LE-IE-SYNTH-001,ACTIVE,xwalk_v1.0.0
HRIS-WKR-004763,PAY-WKR-004614,LE-IE-SYNTH-001,ACTIVE,xwalk_v1.0.0
HRIS-WKR-004764,PAY-WKR-004615,LE-IE-SYNTH-001,ACTIVE,xwalk_v1.0.0
HRIS-WKR-004765,PAY-WKR-004616,LE-IE-SYNTH-001,ACTIVE,xwalk_v1.0.0
HRIS-WKR-004766,PAY-WKR-004617,LE-IE-SYNTH-001,ACTIVE,xwalk_v1.0.0
HRIS-WKR-004767,PAY-WKR-004618,LE-IE-SYNTH-001,ACTIVE,xwalk_v1.0.0
HRIS-WKR-004768,PAY-WKR-004619,LE-IE-SYNTH-001,ACTIVE,xwalk_v1.0.0
HRIS-WKR-004769,PAY-WKR-004620,LE-IE-SYNTH-001,ACTIVE,xwalk_v1.0.0
HRIS-WKR-004770,PAY-WKR-004621,LE-IE-SYNTH-001,ACTIVE,xwalk_v1.0.0
HRIS-WKR-004771,PAY-WKR-004622,LE-IE-SYNTH-001,ACTIVE,xwalk_v1.0.0
HRIS-WKR-004772,PAY-WKR-004623,LE-IE-SYNTH-001,ACTIVE,xwalk_v1.0.0
HRIS-WKR-004773,PAY-WKR-004624,LE-IE-SYNTH-001,ACTIVE,xwalk_v1.0.0
HRIS-WKR-004774,PAY-WKR-004625,LE-IE-SYNTH-001,ACTIVE,xwalk_v1.0.0
HRIS-WKR-004775,PAY-WKR-004626,LE-IE-SYNTH-001,ACTIVE,xwalk_v1.0.0
HRIS-WKR-004776,PAY-WKR-004627,LE-IE-SYNTH-001,ACTIVE,xwalk_v1.0.0
HRIS-WKR-004777,PAY-WKR-004628,LE-IE-SYNTH-001,ACTIVE,xwalk_v1.0.0
HRIS-WKR-004778,PAY-WKR-004629,LE-IE-SYNTH-001,ACTIVE,xwalk_v1.0.0
HRIS-WKR-004779,PAY-WKR-004630,LE-IE-SYNTH-001,ACTIVE,xwalk_v1.0.0
HRIS-WKR-004780,PAY-WKR-004631,LE-IE-SYNTH-001,ACTIVE,xwalk_v1.0.0
HRIS-WKR-004781,PAY-WKR-004632,LE-IE-SYNTH-001,ACTIVE,xwalk_v1.0.0
HRIS-WKR-004782,PAY-WKR-004633,LE-IE-SYNTH-001,ACTIVE,xwalk_v1.0.0
HRIS-WKR-004783,PAY-WKR-004634,LE-IE-SYNTH-001,ACTIVE,xwalk_v1.0.0
HRIS-WKR-004784,PAY-WKR-004635,LE-IE-SYNTH-001,ACTIVE,xwalk_v1.0.0
HRIS-WKR-004785,PAY-WKR-004636,LE-IE-SYNTH-001,ACTIVE,xwalk_v1.0.0
HRIS-WKR-004786,PAY-WKR-004637,LE-IE-SYNTH-001,ACTIVE,xwalk_v1.0.0
HRIS-WKR-004787,PAY-WKR-004638,LE-IE-SYNTH-001,ACTIVE,xwalk_v1.0.0
HRIS-WKR-004788,PAY-WKR-004639,LE-IE-SYNTH-001,ACTIVE,xwalk_v1.0.0
HRIS-WKR-004789,PAY-WKR-004640,LE-IE-SYNTH-001,ACTIVE,xwalk_v1.0.0
HRIS-WKR-004790,PAY-WKR-004641,LE-IE-SYNTH-001,ACTIVE,xwalk_v1.0.0
HRIS-WKR-004791,PAY-WKR-004642,LE-IE-SYNTH-001,ACTIVE,xwalk_v1.0.0
HRIS-WKR-004792,PAY-WKR-004643,LE-IE-SYNTH-001,ACTIVE,xwalk_v1.0.0
HRIS-WKR-004793,PAY-WKR-004644,LE-IE-SYNTH-001,ACTIVE,xwalk_v1.0.0
HRIS-WKR-004794,PAY-WKR-004645,LE-IE-SYNTH-001,ACTIVE,xwalk_v1.0.0
HRIS-WKR-004795,PAY-WKR-004646,LE-IE-SYNTH-001,ACTIVE,xwalk_v1.0.0
HRIS-WKR-004796,PAY-WKR-004647,LE-IE-SYNTH-001,ACTIVE,xwalk_v1.0.0
HRIS-WKR-004797,PAY-WKR-004648,LE-IE-SYNTH-001,ACTIVE,xwalk_v1.0.0
HRIS-WKR-004798,PAY-WKR-004649,LE-IE-SYNTH-001,ACTIVE,xwalk_v1.0.0
HRIS-WKR-004799,PAY-WKR-004650,LE-IE-SYNTH-001,ACTIVE,xwalk_v1.0.0
HRIS-WKR-004800,PAY-WKR-004651,LE-IE-SYNTH-001,ACTIVE,xwalk_v1.0.0
HRIS-WKR-004801,PAY-WKR-004652,LE-IE-SYNTH-001,ACTIVE,xwalk_v1.0.0
HRIS-WKR-004802,PAY-WKR-004653,LE-IE-SYNTH-001,ACTIVE,xwalk_v1.0.0
HRIS-WKR-004803,PAY-WKR-004654,LE-IE-SYNTH-001,ACTIVE,xwalk_v1.0.0
HRIS-WKR-004804,PAY-WKR-004655,LE-IE-SYNTH-001,ACTIVE,xwalk_v1.0.0
HRIS-WKR-004805,PAY-WKR-004656,LE-IE-SYNTH-001,ACTIVE,xwalk_v1.0.0
HRIS-WKR-004806,PAY-WKR-004657,LE-IE-SYNTH-001,ACTIVE,xwalk_v1.0.0
HRIS-WKR-004807,PAY-WKR-004658,LE-IE-SYNTH-001,ACTIVE,xwalk_v1.0.0
HRIS-WKR-004808,PAY-WKR-004659,LE-IE-SYNTH-001,ACTIVE,xwalk_v1.0.0
HRIS-WKR-004809,PAY-WKR-004660,LE-IE-SYNTH-001,ACTIVE,xwalk_v1.0.0
HRIS-WKR-004810,PAY-WKR-004661,LE-IE-SYNTH-001,ACTIVE,xwalk_v1.0.0
HRIS-WKR-004811,PAY-WKR-004662,LE-IE-SYNTH-001,ACTIVE,xwalk_v1.0.0
HRIS-WKR-004812,PAY-WKR-004663,LE-IE-SYNTH-001,ACTIVE,xwalk_v1.0.0
HRIS-WKR-004813,PAY-WKR-004664,LE-IE-SYNTH-001,ACTIVE,xwalk_v1.0.0
HRIS-WKR-004814,PAY-WKR-004665,LE-IE-SYNTH-001,ACTIVE,xwalk_v1.0.0
HRIS-WKR-004815,PAY-WKR-004666,LE-IE-SYNTH-001,ACTIVE,xwalk_v1.0.0
HRIS-WKR-004816,PAY-WKR-004667,LE-IE-SYNTH-001,ACTIVE,xwalk_v1.0.0
HRIS-WKR-004817,PAY-WKR-004668,LE-IE-SYNTH-001,ACTIVE,xwalk_v1.0.0
HRIS-WKR-004818,PAY-WKR-004669,LE-IE-SYNTH-001,ACTIVE,xwalk_v1.0.0
HRIS-WKR-004819,PAY-WKR-004670,LE-IE-SYNTH-001,ACTIVE,xwalk_v1.0.0
HRIS-WKR-004820,PAY-WKR-004671,LE-IE-SYNTH-001,ACTIVE,xwalk_v1.0.0
HRIS-WKR-004821,PAY-WKR-004672,LE-IE-SYNTH-001,ACTIVE,xwalk_v1.0.0
HRIS-WKR-004822,PAY-WKR-004673,LE-IE-SYNTH-001,ACTIVE,xwalk_v1.0.0
HRIS-WKR-004823,PAY-WKR-004674,LE-IE-SYNTH-001,ACTIVE,xwalk_v1.0.0
HRIS-WKR-004824,PAY-WKR-004675,LE-IE-SYNTH-001,ACTIVE,xwalk_v1.0.0
HRIS-WKR-004825,PAY-WKR-004676,LE-IE-SYNTH-001,ACTIVE,xwalk_v1.0.0
HRIS-WKR-004826,PAY-WKR-004677,LE-IE-SYNTH-001,ACTIVE,xwalk_v1.0.0
HRIS-WKR-004827,PAY-WKR-004678,LE-IE-SYNTH-001,ACTIVE,xwalk_v1.0.0
HRIS-WKR-004828,PAY-WKR-004679,LE-IE-SYNTH-001,ACTIVE,xwalk_v1.0.0
HRIS-WKR-004829,PAY-WKR-004680,LE-IE-SYNTH-001,ACTIVE,xwalk_v1.0.0
HRIS-WKR-004830,PAY-WKR-004681,LE-IE-SYNTH-001,ACTIVE,xwalk_v1.0.0
HRIS-WKR-004831,PAY-WKR-004682,LE-IE-SYNTH-001,ACTIVE,xwalk_v1.0.0
HRIS-WKR-004832,PAY-WKR-004683,LE-IE-SYNTH-001,ACTIVE,xwalk_v1.0.0
HRIS-WKR-004833,PAY-WKR-004684,LE-IE-SYNTH-001,ACTIVE,xwalk_v1.0.0
HRIS-WKR-004834,PAY-WKR-004685,LE-IE-SYNTH-001,ACTIVE,xwalk_v1.0.0
HRIS-WKR-004835,PAY-WKR-004686,LE-IE-SYNTH-001,ACTIVE,xwalk_v1.0.0
HRIS-WKR-004836,PAY-WKR-004687,LE-IE-SYNTH-001,ACTIVE,xwalk_v1.0.0
HRIS-WKR-004837,PAY-WKR-004688,LE-IE-SYNTH-001,ACTIVE,xwalk_v1.0.0
HRIS-WKR-004838,PAY-WKR-004689,LE-IE-SYNTH-001,ACTIVE,xwalk_v1.0.0
HRIS-WKR-004839,PAY-WKR-004690,LE-IE-SYNTH-001,ACTIVE,xwalk_v1.0.0
HRIS-WKR-004840,PAY-WKR-004691,LE-IE-SYNTH-001,ACTIVE,xwalk_v1.0.0
HRIS-WKR-004841,PAY-WKR-004692,LE-IE-SYNTH-001,ACTIVE,xwalk_v1.0.0
HRIS-WKR-004842,PAY-WKR-004693,LE-IE-SYNTH-001,ACTIVE,xwalk_v1.0.0
HRIS-WKR-004843,PAY-WKR-004694,LE-IE-SYNTH-001,ACTIVE,xwalk_v1.0.0
HRIS-WKR-004844,PAY-WKR-004695,LE-IE-SYNTH-001,ACTIVE,xwalk_v1.0.0
HRIS-WKR-004845,PAY-WKR-004696,LE-IE-SYNTH-001,ACTIVE,xwalk_v1.0.0
HRIS-WKR-004846,PAY-WKR-004697,LE-IE-SYNTH-001,ACTIVE,xwalk_v1.0.0
HRIS-WKR-004847,PAY-WKR-004698,LE-IE-SYNTH-001,ACTIVE,xwalk_v1.0.0
HRIS-WKR-004848,PAY-WKR-004699,LE-IE-SYNTH-001,ACTIVE,xwalk_v1.0.0
HRIS-WKR-004849,PAY-WKR-004700,LE-IE-SYNTH-001,ACTIVE,xwalk_v1.0.0
HRIS-WKR-004850,PAY-WKR-004701,LE-IE-SYNTH-001,ACTIVE,xwalk_v1.0.0
HRIS-WKR-004851,PAY-WKR-004702,LE-IE-SYNTH-001,ACTIVE,xwalk_v1.0.0
HRIS-WKR-004852,PAY-WKR-004703,LE-IE-SYNTH-001,ACTIVE,xwalk_v1.0.0
HRIS-WKR-004853,PAY-WKR-004704,LE-IE-SYNTH-001,ACTIVE,xwalk_v1.0.0
HRIS-WKR-004854,PAY-WKR-004705,LE-IE-SYNTH-001,ACTIVE,xwalk_v1.0.0
HRIS-WKR-004855,PAY-WKR-004706,LE-IE-SYNTH-001,ACTIVE,xwalk_v1.0.0
HRIS-WKR-004856,PAY-WKR-004707,LE-IE-SYNTH-001,ACTIVE,xwalk_v1.0.0
HRIS-WKR-004857,PAY-WKR-004708,LE-IE-SYNTH-001,ACTIVE,xwalk_v1.0.0
HRIS-WKR-004858,PAY-WKR-004709,LE-IE-SYNTH-001,ACTIVE,xwalk_v1.0.0
HRIS-WKR-004859,PAY-WKR-004710,LE-IE-SYNTH-001,ACTIVE,xwalk_v1.0.0
HRIS-WKR-004860,PAY-WKR-004711,LE-IE-SYNTH-001,ACTIVE,xwalk_v1.0.0
HRIS-WKR-004861,PAY-WKR-004712,LE-IE-SYNTH-001,ACTIVE,xwalk_v1.0.0
HRIS-WKR-004862,PAY-WKR-004713,LE-IE-SYNTH-001,ACTIVE,xwalk_v1.0.0
HRIS-WKR-004863,PAY-WKR-004714,LE-IE-SYNTH-001,ACTIVE,xwalk_v1.0.0
HRIS-WKR-004864,PAY-WKR-004715,LE-IE-SYNTH-001,ACTIVE,xwalk_v1.0.0
HRIS-WKR-004865,PAY-WKR-004716,LE-IE-SYNTH-001,ACTIVE,xwalk_v1.0.0
HRIS-WKR-004866,PAY-WKR-004717,LE-IE-SYNTH-001,ACTIVE,xwalk_v1.0.0
HRIS-WKR-004867,PAY-WKR-004718,LE-IE-SYNTH-001,ACTIVE,xwalk_v1.0.0
HRIS-WKR-004868,PAY-WKR-004719,LE-IE-SYNTH-001,ACTIVE,xwalk_v1.0.0
HRIS-WKR-004869,PAY-WKR-004720,LE-IE-SYNTH-001,ACTIVE,xwalk_v1.0.0
HRIS-WKR-004870,PAY-WKR-004721,LE-IE-SYNTH-001,ACTIVE,xwalk_v1.0.0
HRIS-WKR-004871,PAY-WKR-004722,LE-IE-SYNTH-001,ACTIVE,xwalk_v1.0.0
HRIS-WKR-004872,PAY-WKR-004723,LE-IE-SYNTH-001,ACTIVE,xwalk_v1.0.0
HRIS-WKR-004873,PAY-WKR-004724,LE-IE-SYNTH-001,ACTIVE,xwalk_v1.0.0
HRIS-WKR-004874,PAY-WKR-004725,LE-IE-SYNTH-001,ACTIVE,xwalk_v1.0.0
HRIS-WKR-004875,PAY-WKR-004726,LE-IE-SYNTH-001,ACTIVE,xwalk_v1.0.0
HRIS-WKR-004876,PAY-WKR-004727,LE-IE-SYNTH-001,ACTIVE,xwalk_v1.0.0
HRIS-WKR-004877,PAY-WKR-004728,LE-IE-SYNTH-001,ACTIVE,xwalk_v1.0.0
HRIS-WKR-004878,,LE-IE-SYNTH-001,MISSING,xwalk_v1.0.0
HRIS-WKR-004879,PAY-WKR-004729,LE-IE-SYNTH-001,ACTIVE,xwalk_v1.0.0
HRIS-WKR-004880,PAY-WKR-004730,LE-IE-SYNTH-001,ACTIVE,xwalk_v1.0.0
HRIS-WKR-004881,PAY-WKR-004731,LE-IE-SYNTH-001,ACTIVE,xwalk_v1.0.0
HRIS-WKR-004882,PAY-WKR-004732,LE-IE-SYNTH-001,ACTIVE,xwalk_v1.0.0
HRIS-WKR-004883,PAY-WKR-004733,LE-IE-SYNTH-001,ACTIVE,xwalk_v1.0.0
HRIS-WKR-004884,PAY-WKR-004734,LE-IE-SYNTH-001,ACTIVE,xwalk_v1.0.0
HRIS-WKR-004885,PAY-WKR-004735,LE-IE-SYNTH-001,ACTIVE,xwalk_v1.0.0
HRIS-WKR-004886,PAY-WKR-004736,LE-IE-SYNTH-001,ACTIVE,xwalk_v1.0.0
HRIS-WKR-004887,PAY-WKR-004737,LE-IE-SYNTH-001,ACTIVE,xwalk_v1.0.0
HRIS-WKR-004888,PAY-WKR-004738,LE-IE-SYNTH-001,ACTIVE,xwalk_v1.0.0
HRIS-WKR-004889,PAY-WKR-004739,LE-IE-SYNTH-001,ACTIVE,xwalk_v1.0.0
HRIS-WKR-004890,PAY-WKR-004740,LE-IE-SYNTH-001,ACTIVE,xwalk_v1.0.0
HRIS-WKR-004891,PAY-WKR-004741,LE-IE-SYNTH-001,ACTIVE,xwalk_v1.0.0
HRIS-WKR-004892,PAY-WKR-004742,LE-IE-SYNTH-001,ACTIVE,xwalk_v1.0.0
HRIS-WKR-004893,PAY-WKR-004743,LE-IE-SYNTH-001,ACTIVE,xwalk_v1.0.0
HRIS-WKR-004894,PAY-WKR-004744,LE-IE-SYNTH-001,ACTIVE,xwalk_v1.0.0
HRIS-WKR-004895,PAY-WKR-004745,LE-IE-SYNTH-001,ACTIVE,xwalk_v1.0.0
HRIS-WKR-004896,PAY-WKR-004746,LE-IE-SYNTH-001,ACTIVE,xwalk_v1.0.0
HRIS-WKR-004897,PAY-WKR-004747,LE-IE-SYNTH-001,ACTIVE,xwalk_v1.0.0
HRIS-WKR-004898,PAY-WKR-004748,LE-IE-SYNTH-001,ACTIVE,xwalk_v1.0.0
HRIS-WKR-004899,PAY-WKR-004749,LE-IE-SYNTH-001,ACTIVE,xwalk_v1.0.0
HRIS-WKR-004900,PAY-WKR-004750,LE-IE-SYNTH-001,ACTIVE,xwalk_v1.0.0
HRIS-WKR-004901,PAY-WKR-004751,LE-IE-SYNTH-001,ACTIVE,xwalk_v1.0.0
HRIS-WKR-004902,PAY-WKR-004752,LE-IE-SYNTH-001,ACTIVE,xwalk_v1.0.0
HRIS-WKR-004903,PAY-WKR-004753,LE-IE-SYNTH-001,ACTIVE,xwalk_v1.0.0
HRIS-WKR-004904,PAY-WKR-004754,LE-IE-SYNTH-001,ACTIVE,xwalk_v1.0.0
HRIS-WKR-004905,PAY-WKR-004755,LE-IE-SYNTH-001,ACTIVE,xwalk_v1.0.0
HRIS-WKR-004906,PAY-WKR-004756,LE-IE-SYNTH-001,ACTIVE,xwalk_v1.0.0
HRIS-WKR-004907,PAY-WKR-004757,LE-IE-SYNTH-001,ACTIVE,xwalk_v1.0.0
HRIS-WKR-004908,PAY-WKR-004758,LE-IE-SYNTH-001,ACTIVE,xwalk_v1.0.0
HRIS-WKR-004909,PAY-WKR-004759,LE-IE-SYNTH-001,ACTIVE,xwalk_v1.0.0
HRIS-WKR-004910,PAY-WKR-004760,LE-IE-SYNTH-001,ACTIVE,xwalk_v1.0.0
HRIS-WKR-004911,PAY-WKR-004761,LE-IE-SYNTH-001,ACTIVE,xwalk_v1.0.0
HRIS-WKR-004912,PAY-WKR-004762,LE-IE-SYNTH-001,ACTIVE,xwalk_v1.0.0
HRIS-WKR-004913,PAY-WKR-004763,LE-IE-SYNTH-001,ACTIVE,xwalk_v1.0.0
HRIS-WKR-004914,PAY-WKR-004764,LE-IE-SYNTH-001,ACTIVE,xwalk_v1.0.0
HRIS-WKR-004915,PAY-WKR-004765,LE-IE-SYNTH-001,ACTIVE,xwalk_v1.0.0
HRIS-WKR-004916,PAY-WKR-004766,LE-IE-SYNTH-001,ACTIVE,xwalk_v1.0.0
HRIS-WKR-004917,PAY-WKR-004767,LE-IE-SYNTH-001,ACTIVE,xwalk_v1.0.0
HRIS-WKR-004918,PAY-WKR-004768,LE-IE-SYNTH-001,ACTIVE,xwalk_v1.0.0
HRIS-WKR-004919,PAY-WKR-004769,LE-IE-SYNTH-001,ACTIVE,xwalk_v1.0.0
HRIS-WKR-004920,PAY-WKR-004770,LE-IE-SYNTH-001,ACTIVE,xwalk_v1.0.0
HRIS-WKR-004921,PAY-WKR-004771,LE-IE-SYNTH-001,ACTIVE,xwalk_v1.0.0
HRIS-WKR-004922,PAY-WKR-004772,LE-IE-SYNTH-001,ACTIVE,xwalk_v1.0.0
HRIS-WKR-004923,PAY-WKR-004773,LE-IE-SYNTH-001,ACTIVE,xwalk_v1.0.0
HRIS-WKR-004924,PAY-WKR-004774,LE-IE-SYNTH-001,ACTIVE,xwalk_v1.0.0
HRIS-WKR-004925,PAY-WKR-004775,LE-IE-SYNTH-001,ACTIVE,xwalk_v1.0.0
HRIS-WKR-004926,PAY-WKR-004776,LE-IE-SYNTH-001,ACTIVE,xwalk_v1.0.0
HRIS-WKR-004927,PAY-WKR-004777,LE-IE-SYNTH-001,ACTIVE,xwalk_v1.0.0
HRIS-WKR-004928,PAY-WKR-004778,LE-IE-SYNTH-001,ACTIVE,xwalk_v1.0.0
HRIS-WKR-004929,PAY-WKR-004779,LE-IE-SYNTH-001,ACTIVE,xwalk_v1.0.0
HRIS-WKR-004930,PAY-WKR-004780,LE-IE-SYNTH-001,ACTIVE,xwalk_v1.0.0
HRIS-WKR-004931,PAY-WKR-004781,LE-IE-SYNTH-001,ACTIVE,xwalk_v1.0.0
HRIS-WKR-004932,PAY-WKR-004782,LE-IE-SYNTH-001,ACTIVE,xwalk_v1.0.0
HRIS-WKR-004933,PAY-WKR-004783,LE-IE-SYNTH-001,ACTIVE,xwalk_v1.0.0
HRIS-WKR-004934,PAY-WKR-004784,LE-IE-SYNTH-001,ACTIVE,xwalk_v1.0.0
HRIS-WKR-004935,PAY-WKR-004785,LE-IE-SYNTH-001,ACTIVE,xwalk_v1.0.0
HRIS-WKR-004936,,LE-IE-SYNTH-001,MISSING,xwalk_v1.0.0
HRIS-WKR-004937,PAY-WKR-004786,LE-IE-SYNTH-001,ACTIVE,xwalk_v1.0.0
HRIS-WKR-004938,PAY-WKR-004787,LE-IE-SYNTH-001,ACTIVE,xwalk_v1.0.0
HRIS-WKR-004939,PAY-WKR-004788,LE-IE-SYNTH-001,ACTIVE,xwalk_v1.0.0
HRIS-WKR-004940,PAY-WKR-004789,LE-IE-SYNTH-001,ACTIVE,xwalk_v1.0.0
HRIS-WKR-004941,PAY-WKR-004790,LE-IE-SYNTH-001,ACTIVE,xwalk_v1.0.0
HRIS-WKR-004942,PAY-WKR-004791,LE-IE-SYNTH-001,ACTIVE,xwalk_v1.0.0
HRIS-WKR-004943,PAY-WKR-004792,LE-IE-SYNTH-001,ACTIVE,xwalk_v1.0.0
HRIS-WKR-004944,PAY-WKR-004793,LE-IE-SYNTH-001,ACTIVE,xwalk_v1.0.0
HRIS-WKR-004945,PAY-WKR-004794,LE-IE-SYNTH-001,ACTIVE,xwalk_v1.0.0
HRIS-WKR-004946,PAY-WKR-004795,LE-IE-SYNTH-001,ACTIVE,xwalk_v1.0.0
HRIS-WKR-004947,PAY-WKR-004796,LE-IE-SYNTH-001,ACTIVE,xwalk_v1.0.0
HRIS-WKR-004948,PAY-WKR-004797,LE-IE-SYNTH-001,ACTIVE,xwalk_v1.0.0
HRIS-WKR-004949,PAY-WKR-004798,LE-IE-SYNTH-001,ACTIVE,xwalk_v1.0.0
HRIS-WKR-004950,PAY-WKR-004799,LE-IE-SYNTH-001,ACTIVE,xwalk_v1.0.0
HRIS-WKR-004951,PAY-WKR-004800,LE-IE-SYNTH-001,ACTIVE,xwalk_v1.0.0
HRIS-WKR-004952,PAY-WKR-004801,LE-IE-SYNTH-001,ACTIVE,xwalk_v1.0.0
HRIS-WKR-004953,PAY-WKR-004802,LE-IE-SYNTH-001,ACTIVE,xwalk_v1.0.0
HRIS-WKR-004954,PAY-WKR-004803,LE-IE-SYNTH-001,ACTIVE,xwalk_v1.0.0
HRIS-WKR-004955,PAY-WKR-004804,LE-IE-SYNTH-001,ACTIVE,xwalk_v1.0.0
HRIS-WKR-004956,PAY-WKR-004805,LE-IE-SYNTH-001,ACTIVE,xwalk_v1.0.0
HRIS-WKR-004957,PAY-WKR-004806,LE-IE-SYNTH-001,ACTIVE,xwalk_v1.0.0
HRIS-WKR-004958,PAY-WKR-004807,LE-IE-SYNTH-001,ACTIVE,xwalk_v1.0.0
HRIS-WKR-004959,PAY-WKR-004808,LE-IE-SYNTH-001,ACTIVE,xwalk_v1.0.0
HRIS-WKR-004960,PAY-WKR-004809,LE-IE-SYNTH-001,ACTIVE,xwalk_v1.0.0
HRIS-WKR-004961,PAY-WKR-004810,LE-IE-SYNTH-001,ACTIVE,xwalk_v1.0.0
HRIS-WKR-004962,PAY-WKR-004811,LE-IE-SYNTH-001,ACTIVE,xwalk_v1.0.0
HRIS-WKR-004963,PAY-WKR-004812,LE-IE-SYNTH-001,ACTIVE,xwalk_v1.0.0
HRIS-WKR-004964,PAY-WKR-004813,LE-IE-SYNTH-001,ACTIVE,xwalk_v1.0.0
HRIS-WKR-004965,PAY-WKR-004814,LE-IE-SYNTH-001,ACTIVE,xwalk_v1.0.0
HRIS-WKR-004966,PAY-WKR-004815,LE-IE-SYNTH-001,ACTIVE,xwalk_v1.0.0
HRIS-WKR-004967,PAY-WKR-004816,LE-IE-SYNTH-001,ACTIVE,xwalk_v1.0.0
HRIS-WKR-004968,PAY-WKR-004817,LE-IE-SYNTH-001,ACTIVE,xwalk_v1.0.0
HRIS-WKR-004969,PAY-WKR-004818,LE-IE-SYNTH-001,ACTIVE,xwalk_v1.0.0
HRIS-WKR-004970,PAY-WKR-004819,LE-IE-SYNTH-001,ACTIVE,xwalk_v1.0.0
HRIS-WKR-004971,PAY-WKR-004820,LE-IE-SYNTH-001,ACTIVE,xwalk_v1.0.0
HRIS-WKR-004972,PAY-WKR-004821,LE-IE-SYNTH-001,ACTIVE,xwalk_v1.0.0
HRIS-WKR-004973,PAY-WKR-004822,LE-IE-SYNTH-001,ACTIVE,xwalk_v1.0.0
HRIS-WKR-004974,PAY-WKR-004823,LE-IE-SYNTH-001,ACTIVE,xwalk_v1.0.0
HRIS-WKR-004975,PAY-WKR-004824,LE-IE-SYNTH-001,ACTIVE,xwalk_v1.0.0
HRIS-WKR-004976,PAY-WKR-004825,LE-IE-SYNTH-001,ACTIVE,xwalk_v1.0.0
HRIS-WKR-004977,PAY-WKR-004826,LE-IE-SYNTH-001,ACTIVE,xwalk_v1.0.0
HRIS-WKR-004978,PAY-WKR-004827,LE-IE-SYNTH-001,ACTIVE,xwalk_v1.0.0
HRIS-WKR-004979,PAY-WKR-004828,LE-IE-SYNTH-001,ACTIVE,xwalk_v1.0.0
HRIS-WKR-004980,PAY-WKR-004829,LE-IE-SYNTH-001,ACTIVE,xwalk_v1.0.0
HRIS-WKR-004981,PAY-WKR-004830,LE-IE-SYNTH-001,ACTIVE,xwalk_v1.0.0
HRIS-WKR-004982,PAY-WKR-004831,LE-IE-SYNTH-001,ACTIVE,xwalk_v1.0.0
HRIS-WKR-004983,PAY-WKR-004832,LE-IE-SYNTH-001,ACTIVE,xwalk_v1.0.0
HRIS-WKR-004984,PAY-WKR-004833,LE-IE-SYNTH-001,ACTIVE,xwalk_v1.0.0
HRIS-WKR-004985,PAY-WKR-004834,LE-IE-SYNTH-001,ACTIVE,xwalk_v1.0.0
HRIS-WKR-004986,PAY-WKR-004835,LE-IE-SYNTH-001,ACTIVE,xwalk_v1.0.0
HRIS-WKR-004987,PAY-WKR-004836,LE-IE-SYNTH-001,ACTIVE,xwalk_v1.0.0
HRIS-WKR-004988,PAY-WKR-004837,LE-IE-SYNTH-001,ACTIVE,xwalk_v1.0.0
HRIS-WKR-004989,PAY-WKR-004838,LE-IE-SYNTH-001,ACTIVE,xwalk_v1.0.0
HRIS-WKR-004990,PAY-WKR-004839,LE-IE-SYNTH-001,ACTIVE,xwalk_v1.0.0
HRIS-WKR-004991,PAY-WKR-004840,LE-IE-SYNTH-001,ACTIVE,xwalk_v1.0.0
HRIS-WKR-004992,PAY-WKR-004841,LE-IE-SYNTH-001,ACTIVE,xwalk_v1.0.0
HRIS-WKR-004993,PAY-WKR-004842,LE-IE-SYNTH-001,ACTIVE,xwalk_v1.0.0
HRIS-WKR-004994,PAY-WKR-004843,LE-IE-SYNTH-001,ACTIVE,xwalk_v1.0.0
HRIS-WKR-004995,PAY-WKR-004844,LE-IE-SYNTH-001,ACTIVE,xwalk_v1.0.0
HRIS-WKR-004996,PAY-WKR-004845,LE-IE-SYNTH-001,ACTIVE,xwalk_v1.0.0
HRIS-WKR-004997,PAY-WKR-004846,LE-IE-SYNTH-001,ACTIVE,xwalk_v1.0.0
HRIS-WKR-004998,PAY-WKR-004847,LE-IE-SYNTH-001,ACTIVE,xwalk_v1.0.0
HRIS-WKR-004999,PAY-WKR-004848,LE-IE-SYNTH-001,ACTIVE,xwalk_v1.0.0
HRIS-WKR-005000,PAY-WKR-004849,LE-IE-SYNTH-001,ACTIVE,xwalk_v1.0.0
HRIS-WKR-005001,PAY-WKR-004850,LE-IE-SYNTH-001,ACTIVE,xwalk_v1.0.0
HRIS-WKR-005002,PAY-WKR-004851,LE-IE-SYNTH-001,ACTIVE,xwalk_v1.0.0
HRIS-WKR-005003,PAY-WKR-004852,LE-IE-SYNTH-001,ACTIVE,xwalk_v1.0.0
HRIS-WKR-005004,PAY-WKR-004853,LE-IE-SYNTH-001,ACTIVE,xwalk_v1.0.0
HRIS-WKR-005005,PAY-WKR-004854,LE-IE-SYNTH-001,ACTIVE,xwalk_v1.0.0
HRIS-WKR-005006,PAY-WKR-004855,LE-IE-SYNTH-001,ACTIVE,xwalk_v1.0.0
HRIS-WKR-005007,PAY-WKR-004856,LE-IE-SYNTH-001,ACTIVE,xwalk_v1.0.0
HRIS-WKR-005008,PAY-WKR-004857,LE-IE-SYNTH-001,ACTIVE,xwalk_v1.0.0
HRIS-WKR-005009,PAY-WKR-004858,LE-IE-SYNTH-001,ACTIVE,xwalk_v1.0.0
HRIS-WKR-005010,PAY-WKR-004859,LE-IE-SYNTH-001,ACTIVE,xwalk_v1.0.0
HRIS-WKR-005011,PAY-WKR-004860,LE-IE-SYNTH-001,ACTIVE,xwalk_v1.0.0
HRIS-WKR-005012,PAY-WKR-004861,LE-IE-SYNTH-001,ACTIVE,xwalk_v1.0.0
HRIS-WKR-005013,PAY-WKR-004862,LE-IE-SYNTH-001,ACTIVE,xwalk_v1.0.0
HRIS-WKR-005014,PAY-WKR-004863,LE-IE-SYNTH-001,ACTIVE,xwalk_v1.0.0
HRIS-WKR-005015,PAY-WKR-004864,LE-IE-SYNTH-001,ACTIVE,xwalk_v1.0.0
HRIS-WKR-005016,PAY-WKR-004865,LE-IE-SYNTH-001,ACTIVE,xwalk_v1.0.0
HRIS-WKR-005017,PAY-WKR-004866,LE-IE-SYNTH-001,ACTIVE,xwalk_v1.0.0
HRIS-WKR-005018,PAY-WKR-004867,LE-IE-SYNTH-001,ACTIVE,xwalk_v1.0.0
HRIS-WKR-005019,PAY-WKR-004868,LE-IE-SYNTH-001,ACTIVE,xwalk_v1.0.0
HRIS-WKR-005020,PAY-WKR-004869,LE-IE-SYNTH-001,ACTIVE,xwalk_v1.0.0
HRIS-WKR-005021,PAY-WKR-004870,LE-IE-SYNTH-001,ACTIVE,xwalk_v1.0.0
HRIS-WKR-005022,PAY-WKR-004871,LE-IE-SYNTH-001,ACTIVE,xwalk_v1.0.0
HRIS-WKR-005023,PAY-WKR-004872,LE-IE-SYNTH-001,ACTIVE,xwalk_v1.0.0
HRIS-WKR-005024,PAY-WKR-004873,LE-IE-SYNTH-001,ACTIVE,xwalk_v1.0.0
HRIS-WKR-005025,PAY-WKR-004874,LE-IE-SYNTH-001,ACTIVE,xwalk_v1.0.0
HRIS-WKR-005026,PAY-WKR-004875,LE-IE-SYNTH-001,ACTIVE,xwalk_v1.0.0
HRIS-WKR-005027,PAY-WKR-004876,LE-IE-SYNTH-001,ACTIVE,xwalk_v1.0.0
HRIS-WKR-005028,PAY-WKR-004877,LE-IE-SYNTH-001,ACTIVE,xwalk_v1.0.0
HRIS-WKR-005029,PAY-WKR-004878,LE-IE-SYNTH-001,ACTIVE,xwalk_v1.0.0
HRIS-WKR-005030,PAY-WKR-004879,LE-IE-SYNTH-001,ACTIVE,xwalk_v1.0.0
HRIS-WKR-005031,PAY-WKR-004880,LE-IE-SYNTH-001,ACTIVE,xwalk_v1.0.0
HRIS-WKR-005032,PAY-WKR-004881,LE-IE-SYNTH-001,ACTIVE,xwalk_v1.0.0
HRIS-WKR-005033,PAY-WKR-004882,LE-IE-SYNTH-001,ACTIVE,xwalk_v1.0.0
HRIS-WKR-005034,PAY-WKR-004883,LE-IE-SYNTH-001,ACTIVE,xwalk_v1.0.0
HRIS-WKR-005035,PAY-WKR-004884,LE-IE-SYNTH-001,ACTIVE,xwalk_v1.0.0
HRIS-WKR-005036,PAY-WKR-004885,LE-IE-SYNTH-001,ACTIVE,xwalk_v1.0.0
HRIS-WKR-005037,PAY-WKR-004886,LE-IE-SYNTH-001,ACTIVE,xwalk_v1.0.0
HRIS-WKR-005038,PAY-WKR-004887,LE-IE-SYNTH-001,ACTIVE,xwalk_v1.0.0
HRIS-WKR-005039,PAY-WKR-004888,LE-IE-SYNTH-001,ACTIVE,xwalk_v1.0.0
HRIS-WKR-005040,PAY-WKR-004889,LE-IE-SYNTH-001,ACTIVE,xwalk_v1.0.0
HRIS-WKR-005041,PAY-WKR-004890,LE-IE-SYNTH-001,ACTIVE,xwalk_v1.0.0
HRIS-WKR-005042,PAY-WKR-004891,LE-IE-SYNTH-001,ACTIVE,xwalk_v1.0.0
HRIS-WKR-005043,PAY-WKR-004892,LE-IE-SYNTH-001,ACTIVE,xwalk_v1.0.0
HRIS-WKR-005044,PAY-WKR-004893,LE-IE-SYNTH-001,ACTIVE,xwalk_v1.0.0
HRIS-WKR-005045,,LE-IE-SYNTH-001,MISSING,xwalk_v1.0.0
HRIS-WKR-005046,PAY-WKR-004894,LE-IE-SYNTH-001,ACTIVE,xwalk_v1.0.0
HRIS-WKR-005047,PAY-WKR-004895,LE-IE-SYNTH-001,ACTIVE,xwalk_v1.0.0
HRIS-WKR-005048,PAY-WKR-004896,LE-IE-SYNTH-001,ACTIVE,xwalk_v1.0.0
HRIS-WKR-005049,PAY-WKR-004897,LE-IE-SYNTH-001,ACTIVE,xwalk_v1.0.0
HRIS-WKR-005050,PAY-WKR-004898,LE-IE-SYNTH-001,ACTIVE,xwalk_v1.0.0
HRIS-WKR-005051,PAY-WKR-004899,LE-IE-SYNTH-001,ACTIVE,xwalk_v1.0.0
HRIS-WKR-005052,PAY-WKR-004900,LE-IE-SYNTH-001,ACTIVE,xwalk_v1.0.0
HRIS-WKR-005053,PAY-WKR-004901,LE-IE-SYNTH-001,ACTIVE,xwalk_v1.0.0
HRIS-WKR-005054,PAY-WKR-004902,LE-IE-SYNTH-001,ACTIVE,xwalk_v1.0.0
HRIS-WKR-005055,PAY-WKR-004903,LE-IE-SYNTH-001,ACTIVE,xwalk_v1.0.0
HRIS-WKR-005056,PAY-WKR-004904,LE-IE-SYNTH-001,ACTIVE,xwalk_v1.0.0
HRIS-WKR-005057,PAY-WKR-004905,LE-IE-SYNTH-001,ACTIVE,xwalk_v1.0.0
HRIS-WKR-005058,PAY-WKR-004906,LE-IE-SYNTH-001,ACTIVE,xwalk_v1.0.0
HRIS-WKR-005059,PAY-WKR-004907,LE-IE-SYNTH-001,ACTIVE,xwalk_v1.0.0
HRIS-WKR-005060,PAY-WKR-004908,LE-IE-SYNTH-001,ACTIVE,xwalk_v1.0.0
HRIS-WKR-005061,PAY-WKR-004909,LE-IE-SYNTH-001,ACTIVE,xwalk_v1.0.0
HRIS-WKR-005062,PAY-WKR-004910,LE-IE-SYNTH-001,ACTIVE,xwalk_v1.0.0
HRIS-WKR-005063,PAY-WKR-004911,LE-IE-SYNTH-001,ACTIVE,xwalk_v1.0.0
HRIS-WKR-005064,PAY-WKR-004912,LE-IE-SYNTH-001,ACTIVE,xwalk_v1.0.0
HRIS-WKR-005065,PAY-WKR-004913,LE-IE-SYNTH-001,ACTIVE,xwalk_v1.0.0
HRIS-WKR-005066,PAY-WKR-004914,LE-IE-SYNTH-001,ACTIVE,xwalk_v1.0.0
HRIS-WKR-005067,PAY-WKR-004915,LE-IE-SYNTH-001,ACTIVE,xwalk_v1.0.0
HRIS-WKR-005068,PAY-WKR-004916,LE-IE-SYNTH-001,ACTIVE,xwalk_v1.0.0
HRIS-WKR-005069,PAY-WKR-004917,LE-IE-SYNTH-001,ACTIVE,xwalk_v1.0.0
HRIS-WKR-005070,PAY-WKR-004918,LE-IE-SYNTH-001,ACTIVE,xwalk_v1.0.0
HRIS-WKR-005071,,LE-IE-SYNTH-001,MISSING,xwalk_v1.0.0
HRIS-WKR-005072,PAY-WKR-004919,LE-IE-SYNTH-001,ACTIVE,xwalk_v1.0.0
HRIS-WKR-005073,PAY-WKR-004920,LE-IE-SYNTH-001,ACTIVE,xwalk_v1.0.0
HRIS-WKR-005074,PAY-WKR-004921,LE-IE-SYNTH-001,ACTIVE,xwalk_v1.0.0
HRIS-WKR-005075,PAY-WKR-004922,LE-IE-SYNTH-001,ACTIVE,xwalk_v1.0.0
HRIS-WKR-005076,PAY-WKR-004923,LE-IE-SYNTH-001,ACTIVE,xwalk_v1.0.0
HRIS-WKR-005077,PAY-WKR-004924,LE-IE-SYNTH-001,ACTIVE,xwalk_v1.0.0
HRIS-WKR-005078,PAY-WKR-004925,LE-IE-SYNTH-001,ACTIVE,xwalk_v1.0.0
HRIS-WKR-005079,PAY-WKR-004926,LE-IE-SYNTH-001,ACTIVE,xwalk_v1.0.0
HRIS-WKR-005080,PAY-WKR-004927,LE-IE-SYNTH-001,ACTIVE,xwalk_v1.0.0
HRIS-WKR-005081,PAY-WKR-004928,LE-IE-SYNTH-001,ACTIVE,xwalk_v1.0.0
HRIS-WKR-005082,PAY-WKR-004929,LE-IE-SYNTH-001,ACTIVE,xwalk_v1.0.0
HRIS-WKR-005083,PAY-WKR-004930,LE-IE-SYNTH-001,ACTIVE,xwalk_v1.0.0
HRIS-WKR-005084,PAY-WKR-004931,LE-IE-SYNTH-001,ACTIVE,xwalk_v1.0.0
HRIS-WKR-005085,PAY-WKR-004932,LE-IE-SYNTH-001,ACTIVE,xwalk_v1.0.0
HRIS-WKR-005086,PAY-WKR-004933,LE-IE-SYNTH-001,ACTIVE,xwalk_v1.0.0
HRIS-WKR-005087,PAY-WKR-004934,LE-IE-SYNTH-001,ACTIVE,xwalk_v1.0.0
HRIS-WKR-005088,PAY-WKR-004935,LE-IE-SYNTH-001,ACTIVE,xwalk_v1.0.0
HRIS-WKR-005089,PAY-WKR-004936,LE-IE-SYNTH-001,ACTIVE,xwalk_v1.0.0
HRIS-WKR-005090,PAY-WKR-004937,LE-IE-SYNTH-001,ACTIVE,xwalk_v1.0.0
HRIS-WKR-005091,PAY-WKR-004938,LE-IE-SYNTH-001,ACTIVE,xwalk_v1.0.0
HRIS-WKR-005092,PAY-WKR-004939,LE-IE-SYNTH-001,ACTIVE,xwalk_v1.0.0
HRIS-WKR-005093,PAY-WKR-004940,LE-IE-SYNTH-001,ACTIVE,xwalk_v1.0.0
HRIS-WKR-005094,PAY-WKR-004941,LE-IE-SYNTH-001,ACTIVE,xwalk_v1.0.0
HRIS-WKR-005095,PAY-WKR-004942,LE-IE-SYNTH-001,ACTIVE,xwalk_v1.0.0
HRIS-WKR-005096,PAY-WKR-004943,LE-IE-SYNTH-001,ACTIVE,xwalk_v1.0.0
HRIS-WKR-005097,PAY-WKR-004944,LE-IE-SYNTH-001,ACTIVE,xwalk_v1.0.0
HRIS-WKR-005098,PAY-WKR-004945,LE-IE-SYNTH-001,ACTIVE,xwalk_v1.0.0
HRIS-WKR-005099,PAY-WKR-004946,LE-IE-SYNTH-001,ACTIVE,xwalk_v1.0.0
HRIS-WKR-005100,PAY-WKR-004947,LE-IE-SYNTH-001,ACTIVE,xwalk_v1.0.0
HRIS-WKR-005101,PAY-WKR-004948,LE-IE-SYNTH-001,ACTIVE,xwalk_v1.0.0
HRIS-WKR-005102,PAY-WKR-004949,LE-IE-SYNTH-001,ACTIVE,xwalk_v1.0.0
HRIS-WKR-005103,PAY-WKR-004950,LE-IE-SYNTH-001,ACTIVE,xwalk_v1.0.0
HRIS-WKR-005104,PAY-WKR-004951,LE-IE-SYNTH-001,ACTIVE,xwalk_v1.0.0
HRIS-WKR-005105,PAY-WKR-004952,LE-IE-SYNTH-001,ACTIVE,xwalk_v1.0.0
HRIS-WKR-005106,PAY-WKR-004953,LE-IE-SYNTH-001,ACTIVE,xwalk_v1.0.0
HRIS-WKR-005107,PAY-WKR-004954,LE-IE-SYNTH-001,ACTIVE,xwalk_v1.0.0
HRIS-WKR-005108,PAY-WKR-004955,LE-IE-SYNTH-001,ACTIVE,xwalk_v1.0.0
HRIS-WKR-005109,PAY-WKR-004956,LE-IE-SYNTH-001,ACTIVE,xwalk_v1.0.0
HRIS-WKR-005110,PAY-WKR-004957,LE-IE-SYNTH-001,ACTIVE,xwalk_v1.0.0
HRIS-WKR-005111,PAY-WKR-004958,LE-IE-SYNTH-001,ACTIVE,xwalk_v1.0.0
HRIS-WKR-005112,PAY-WKR-004959,LE-IE-SYNTH-001,ACTIVE,xwalk_v1.0.0
HRIS-WKR-005113,,LE-IE-SYNTH-001,MISSING,xwalk_v1.0.0
HRIS-WKR-005114,PAY-WKR-004960,LE-IE-SYNTH-001,ACTIVE,xwalk_v1.0.0
HRIS-WKR-005115,PAY-WKR-004961,LE-IE-SYNTH-001,ACTIVE,xwalk_v1.0.0
HRIS-WKR-005116,PAY-WKR-004962,LE-IE-SYNTH-001,ACTIVE,xwalk_v1.0.0
HRIS-WKR-005117,PAY-WKR-004963,LE-IE-SYNTH-001,ACTIVE,xwalk_v1.0.0
HRIS-WKR-005118,PAY-WKR-004964,LE-IE-SYNTH-001,ACTIVE,xwalk_v1.0.0
HRIS-WKR-005119,PAY-WKR-004965,LE-IE-SYNTH-001,ACTIVE,xwalk_v1.0.0
HRIS-WKR-005120,PAY-WKR-004966,LE-IE-SYNTH-001,ACTIVE,xwalk_v1.0.0
HRIS-WKR-005121,PAY-WKR-004967,LE-IE-SYNTH-001,ACTIVE,xwalk_v1.0.0
HRIS-WKR-005122,PAY-WKR-004968,LE-IE-SYNTH-001,ACTIVE,xwalk_v1.0.0
HRIS-WKR-005123,PAY-WKR-004969,LE-IE-SYNTH-001,ACTIVE,xwalk_v1.0.0
HRIS-WKR-005124,PAY-WKR-004970,LE-IE-SYNTH-001,ACTIVE,xwalk_v1.0.0
HRIS-WKR-005125,PAY-WKR-004971,LE-IE-SYNTH-001,ACTIVE,xwalk_v1.0.0
HRIS-WKR-005126,PAY-WKR-004972,LE-IE-SYNTH-001,ACTIVE,xwalk_v1.0.0
HRIS-WKR-005127,PAY-WKR-004973,LE-IE-SYNTH-001,ACTIVE,xwalk_v1.0.0
HRIS-WKR-005128,PAY-WKR-004974,LE-IE-SYNTH-001,ACTIVE,xwalk_v1.0.0
HRIS-WKR-005129,PAY-WKR-004975,LE-IE-SYNTH-001,ACTIVE,xwalk_v1.0.0
HRIS-WKR-005130,PAY-WKR-004976,LE-IE-SYNTH-001,ACTIVE,xwalk_v1.0.0
HRIS-WKR-005131,PAY-WKR-004977,LE-IE-SYNTH-001,ACTIVE,xwalk_v1.0.0
HRIS-WKR-005132,PAY-WKR-004978,LE-IE-SYNTH-001,ACTIVE,xwalk_v1.0.0
HRIS-WKR-005133,PAY-WKR-004979,LE-IE-SYNTH-001,ACTIVE,xwalk_v1.0.0
HRIS-WKR-005134,PAY-WKR-004980,LE-IE-SYNTH-001,ACTIVE,xwalk_v1.0.0
HRIS-WKR-005135,PAY-WKR-004981,LE-IE-SYNTH-001,ACTIVE,xwalk_v1.0.0
HRIS-WKR-005136,PAY-WKR-004982,LE-IE-SYNTH-001,ACTIVE,xwalk_v1.0.0
HRIS-WKR-005137,PAY-WKR-004983,LE-IE-SYNTH-001,ACTIVE,xwalk_v1.0.0
HRIS-WKR-005138,,LE-IE-SYNTH-001,MISSING,xwalk_v1.0.0
HRIS-WKR-005139,PAY-WKR-004984,LE-IE-SYNTH-001,ACTIVE,xwalk_v1.0.0
HRIS-WKR-005140,PAY-WKR-004985,LE-IE-SYNTH-001,ACTIVE,xwalk_v1.0.0
HRIS-WKR-005141,PAY-WKR-004986,LE-IE-SYNTH-001,ACTIVE,xwalk_v1.0.0
HRIS-WKR-005142,PAY-WKR-004987,LE-IE-SYNTH-001,ACTIVE,xwalk_v1.0.0
HRIS-WKR-005143,PAY-WKR-004988,LE-IE-SYNTH-001,ACTIVE,xwalk_v1.0.0
HRIS-WKR-005144,PAY-WKR-004989,LE-IE-SYNTH-001,ACTIVE,xwalk_v1.0.0
HRIS-WKR-005145,PAY-WKR-004990,LE-IE-SYNTH-001,ACTIVE,xwalk_v1.0.0
HRIS-WKR-005146,PAY-WKR-004991,LE-IE-SYNTH-001,ACTIVE,xwalk_v1.0.0
HRIS-WKR-005147,PAY-WKR-004992,LE-IE-SYNTH-001,ACTIVE,xwalk_v1.0.0
HRIS-WKR-005148,PAY-WKR-004993,LE-IE-SYNTH-001,ACTIVE,xwalk_v1.0.0
HRIS-WKR-005149,,LE-IE-SYNTH-001,MISSING,xwalk_v1.0.0
HRIS-WKR-005150,PAY-WKR-004994,LE-IE-SYNTH-001,ACTIVE,xwalk_v1.0.0
HRIS-WKR-005151,PAY-WKR-004995,LE-IE-SYNTH-001,ACTIVE,xwalk_v1.0.0
HRIS-WKR-005152,PAY-WKR-004996,LE-IE-SYNTH-001,ACTIVE,xwalk_v1.0.0
HRIS-WKR-005153,PAY-WKR-004997,LE-IE-SYNTH-001,ACTIVE,xwalk_v1.0.0
HRIS-WKR-005154,PAY-WKR-004998,LE-IE-SYNTH-001,ACTIVE,xwalk_v1.0.0
HRIS-WKR-005155,PAY-WKR-004999,LE-IE-SYNTH-001,ACTIVE,xwalk_v1.0.0
HRIS-WKR-005156,PAY-WKR-005000,LE-IE-SYNTH-001,ACTIVE,xwalk_v1.0.0
HRIS-WKR-005157,PAY-WKR-005001,LE-IE-SYNTH-001,ACTIVE,xwalk_v1.0.0
HRIS-WKR-005158,PAY-WKR-005002,LE-IE-SYNTH-001,ACTIVE,xwalk_v1.0.0
HRIS-WKR-005159,PAY-WKR-005003,LE-IE-SYNTH-001,ACTIVE,xwalk_v1.0.0
HRIS-WKR-005160,PAY-WKR-005004,LE-IE-SYNTH-001,ACTIVE,xwalk_v1.0.0
HRIS-WKR-005161,PAY-WKR-005005,LE-IE-SYNTH-001,ACTIVE,xwalk_v1.0.0
HRIS-WKR-005162,PAY-WKR-005006,LE-IE-SYNTH-001,ACTIVE,xwalk_v1.0.0
HRIS-WKR-005163,PAY-WKR-005007,LE-IE-SYNTH-001,ACTIVE,xwalk_v1.0.0
HRIS-WKR-005164,PAY-WKR-005008,LE-IE-SYNTH-001,ACTIVE,xwalk_v1.0.0
HRIS-WKR-005165,PAY-WKR-005009,LE-IE-SYNTH-001,ACTIVE,xwalk_v1.0.0
HRIS-WKR-005166,PAY-WKR-005010,LE-IE-SYNTH-001,ACTIVE,xwalk_v1.0.0
HRIS-WKR-005167,PAY-WKR-005011,LE-IE-SYNTH-001,ACTIVE,xwalk_v1.0.0
HRIS-WKR-005168,PAY-WKR-005012,LE-IE-SYNTH-001,ACTIVE,xwalk_v1.0.0
HRIS-WKR-005169,PAY-WKR-005013,LE-IE-SYNTH-001,ACTIVE,xwalk_v1.0.0
HRIS-WKR-005170,PAY-WKR-005014,LE-IE-SYNTH-001,ACTIVE,xwalk_v1.0.0
HRIS-WKR-005171,PAY-WKR-005015,LE-IE-SYNTH-001,ACTIVE,xwalk_v1.0.0
HRIS-WKR-005172,PAY-WKR-005016,LE-IE-SYNTH-001,ACTIVE,xwalk_v1.0.0
HRIS-WKR-005173,PAY-WKR-005017,LE-IE-SYNTH-001,ACTIVE,xwalk_v1.0.0
HRIS-WKR-005174,PAY-WKR-005018,LE-IE-SYNTH-001,ACTIVE,xwalk_v1.0.0
HRIS-WKR-005175,PAY-WKR-005019,LE-IE-SYNTH-001,ACTIVE,xwalk_v1.0.0
HRIS-WKR-005176,PAY-WKR-005020,LE-IE-SYNTH-001,ACTIVE,xwalk_v1.0.0
HRIS-WKR-005177,PAY-WKR-005021,LE-IE-SYNTH-001,ACTIVE,xwalk_v1.0.0
HRIS-WKR-005178,PAY-WKR-005022,LE-IE-SYNTH-001,ACTIVE,xwalk_v1.0.0
HRIS-WKR-005179,PAY-WKR-005023,LE-IE-SYNTH-001,ACTIVE,xwalk_v1.0.0
HRIS-WKR-005180,PAY-WKR-005024,LE-IE-SYNTH-001,ACTIVE,xwalk_v1.0.0
HRIS-WKR-005181,PAY-WKR-005025,LE-IE-SYNTH-001,ACTIVE,xwalk_v1.0.0
HRIS-WKR-005182,PAY-WKR-005026,LE-IE-SYNTH-001,ACTIVE,xwalk_v1.0.0
HRIS-WKR-005183,PAY-WKR-005027,LE-IE-SYNTH-001,ACTIVE,xwalk_v1.0.0
HRIS-WKR-005184,PAY-WKR-005028,LE-IE-SYNTH-001,ACTIVE,xwalk_v1.0.0
HRIS-WKR-005185,PAY-WKR-005029,LE-IE-SYNTH-001,ACTIVE,xwalk_v1.0.0
HRIS-WKR-005186,PAY-WKR-005030,LE-IE-SYNTH-001,ACTIVE,xwalk_v1.0.0
HRIS-WKR-005187,PAY-WKR-005031,LE-IE-SYNTH-001,ACTIVE,xwalk_v1.0.0
HRIS-WKR-005188,PAY-WKR-005032,LE-IE-SYNTH-001,ACTIVE,xwalk_v1.0.0
HRIS-WKR-005189,PAY-WKR-005033,LE-IE-SYNTH-001,ACTIVE,xwalk_v1.0.0
HRIS-WKR-005190,PAY-WKR-005034,LE-IE-SYNTH-001,ACTIVE,xwalk_v1.0.0
HRIS-WKR-005191,PAY-WKR-005035,LE-IE-SYNTH-001,ACTIVE,xwalk_v1.0.0
HRIS-WKR-005192,PAY-WKR-005036,LE-IE-SYNTH-001,ACTIVE,xwalk_v1.0.0
HRIS-WKR-005193,PAY-WKR-005037,LE-IE-SYNTH-001,ACTIVE,xwalk_v1.0.0
HRIS-WKR-005194,PAY-WKR-005038,LE-IE-SYNTH-001,ACTIVE,xwalk_v1.0.0
HRIS-WKR-005195,PAY-WKR-005039,LE-IE-SYNTH-001,ACTIVE,xwalk_v1.0.0
HRIS-WKR-005196,PAY-WKR-005040,LE-IE-SYNTH-001,ACTIVE,xwalk_v1.0.0
HRIS-WKR-005197,PAY-WKR-005041,LE-IE-SYNTH-001,ACTIVE,xwalk_v1.0.0
HRIS-WKR-005198,PAY-WKR-005042,LE-IE-SYNTH-001,ACTIVE,xwalk_v1.0.0
HRIS-WKR-005199,PAY-WKR-005043,LE-IE-SYNTH-001,ACTIVE,xwalk_v1.0.0
HRIS-WKR-005200,PAY-WKR-005044,LE-IE-SYNTH-001,ACTIVE,xwalk_v1.0.0
HRIS-WKR-005201,PAY-WKR-005045,LE-IE-SYNTH-001,ACTIVE,xwalk_v1.0.0
HRIS-WKR-005202,PAY-WKR-005046,LE-IE-SYNTH-001,ACTIVE,xwalk_v1.0.0
HRIS-WKR-005203,PAY-WKR-005047,LE-IE-SYNTH-001,ACTIVE,xwalk_v1.0.0
HRIS-WKR-005204,PAY-WKR-005048,LE-IE-SYNTH-001,ACTIVE,xwalk_v1.0.0
HRIS-WKR-005205,,LE-IE-SYNTH-001,MISSING,xwalk_v1.0.0
HRIS-WKR-005206,PAY-WKR-005049,LE-IE-SYNTH-001,ACTIVE,xwalk_v1.0.0
HRIS-WKR-005207,PAY-WKR-005050,LE-IE-SYNTH-001,ACTIVE,xwalk_v1.0.0
HRIS-WKR-005208,PAY-WKR-005051,LE-IE-SYNTH-001,ACTIVE,xwalk_v1.0.0
HRIS-WKR-005209,PAY-WKR-005052,LE-IE-SYNTH-001,ACTIVE,xwalk_v1.0.0
HRIS-WKR-005210,PAY-WKR-005053,LE-IE-SYNTH-001,ACTIVE,xwalk_v1.0.0
HRIS-WKR-005211,,LE-IE-SYNTH-001,MISSING,xwalk_v1.0.0
HRIS-WKR-005212,PAY-WKR-005054,LE-IE-SYNTH-001,ACTIVE,xwalk_v1.0.0
HRIS-WKR-005213,PAY-WKR-005055,LE-IE-SYNTH-001,ACTIVE,xwalk_v1.0.0
HRIS-WKR-005214,PAY-WKR-005056,LE-IE-SYNTH-001,ACTIVE,xwalk_v1.0.0
HRIS-WKR-005215,PAY-WKR-005057,LE-IE-SYNTH-001,ACTIVE,xwalk_v1.0.0
HRIS-WKR-005216,,LE-IE-SYNTH-001,MISSING,xwalk_v1.0.0
HRIS-WKR-005217,PAY-WKR-005058,LE-IE-SYNTH-001,ACTIVE,xwalk_v1.0.0
HRIS-WKR-005218,PAY-WKR-005059,LE-IE-SYNTH-001,ACTIVE,xwalk_v1.0.0
HRIS-WKR-005219,PAY-WKR-005060,LE-IE-SYNTH-001,ACTIVE,xwalk_v1.0.0
HRIS-WKR-005220,PAY-WKR-005061,LE-IE-SYNTH-001,ACTIVE,xwalk_v1.0.0
HRIS-WKR-005221,PAY-WKR-005062,LE-IE-SYNTH-001,ACTIVE,xwalk_v1.0.0
HRIS-WKR-005222,PAY-WKR-005063,LE-IE-SYNTH-001,ACTIVE,xwalk_v1.0.0
HRIS-WKR-005223,PAY-WKR-005064,LE-IE-SYNTH-001,ACTIVE,xwalk_v1.0.0
HRIS-WKR-005224,PAY-WKR-005065,LE-IE-SYNTH-001,ACTIVE,xwalk_v1.0.0
HRIS-WKR-005225,PAY-WKR-005066,LE-IE-SYNTH-001,ACTIVE,xwalk_v1.0.0
HRIS-WKR-005226,PAY-WKR-005067,LE-IE-SYNTH-001,ACTIVE,xwalk_v1.0.0
HRIS-WKR-005227,PAY-WKR-005068,LE-IE-SYNTH-001,ACTIVE,xwalk_v1.0.0
HRIS-WKR-005228,PAY-WKR-005069,LE-IE-SYNTH-001,ACTIVE,xwalk_v1.0.0
HRIS-WKR-005229,PAY-WKR-005070,LE-IE-SYNTH-001,ACTIVE,xwalk_v1.0.0
HRIS-WKR-005230,PAY-WKR-005071,LE-IE-SYNTH-001,ACTIVE,xwalk_v1.0.0
HRIS-WKR-005231,PAY-WKR-005072,LE-IE-SYNTH-001,ACTIVE,xwalk_v1.0.0
HRIS-WKR-005232,PAY-WKR-005073,LE-IE-SYNTH-001,ACTIVE,xwalk_v1.0.0
HRIS-WKR-005233,PAY-WKR-005074,LE-IE-SYNTH-001,ACTIVE,xwalk_v1.0.0
HRIS-WKR-005234,PAY-WKR-005075,LE-IE-SYNTH-001,ACTIVE,xwalk_v1.0.0
HRIS-WKR-005235,PAY-WKR-005076,LE-IE-SYNTH-001,ACTIVE,xwalk_v1.0.0
HRIS-WKR-005236,PAY-WKR-005077,LE-IE-SYNTH-001,ACTIVE,xwalk_v1.0.0
HRIS-WKR-005237,PAY-WKR-005078,LE-IE-SYNTH-001,ACTIVE,xwalk_v1.0.0
HRIS-WKR-005238,PAY-WKR-005079,LE-IE-SYNTH-001,ACTIVE,xwalk_v1.0.0
HRIS-WKR-005239,PAY-WKR-005080,LE-IE-SYNTH-001,ACTIVE,xwalk_v1.0.0
HRIS-WKR-005240,PAY-WKR-005081,LE-IE-SYNTH-001,ACTIVE,xwalk_v1.0.0
HRIS-WKR-005241,PAY-WKR-005082,LE-IE-SYNTH-001,ACTIVE,xwalk_v1.0.0
HRIS-WKR-005242,PAY-WKR-005083,LE-IE-SYNTH-001,ACTIVE,xwalk_v1.0.0
HRIS-WKR-005243,PAY-WKR-005084,LE-IE-SYNTH-001,ACTIVE,xwalk_v1.0.0
HRIS-WKR-005244,PAY-WKR-005085,LE-IE-SYNTH-001,ACTIVE,xwalk_v1.0.0
HRIS-WKR-005245,PAY-WKR-005086,LE-IE-SYNTH-001,ACTIVE,xwalk_v1.0.0
HRIS-WKR-005246,PAY-WKR-005087,LE-IE-SYNTH-001,ACTIVE,xwalk_v1.0.0
HRIS-WKR-005247,PAY-WKR-005088,LE-IE-SYNTH-001,ACTIVE,xwalk_v1.0.0
HRIS-WKR-005248,PAY-WKR-005089,LE-IE-SYNTH-001,ACTIVE,xwalk_v1.0.0
HRIS-WKR-005249,PAY-WKR-005090,LE-IE-SYNTH-001,ACTIVE,xwalk_v1.0.0
HRIS-WKR-005250,PAY-WKR-005091,LE-IE-SYNTH-001,ACTIVE,xwalk_v1.0.0
HRIS-WKR-005251,PAY-WKR-005092,LE-IE-SYNTH-001,ACTIVE,xwalk_v1.0.0
HRIS-WKR-005252,PAY-WKR-005093,LE-IE-SYNTH-001,ACTIVE,xwalk_v1.0.0
HRIS-WKR-005253,PAY-WKR-005094,LE-IE-SYNTH-001,ACTIVE,xwalk_v1.0.0
HRIS-WKR-005254,PAY-WKR-005095,LE-IE-SYNTH-001,ACTIVE,xwalk_v1.0.0
HRIS-WKR-005255,PAY-WKR-005096,LE-IE-SYNTH-001,ACTIVE,xwalk_v1.0.0
HRIS-WKR-005256,PAY-WKR-005097,LE-IE-SYNTH-001,ACTIVE,xwalk_v1.0.0
HRIS-WKR-005257,PAY-WKR-005098,LE-IE-SYNTH-001,ACTIVE,xwalk_v1.0.0
HRIS-WKR-005258,PAY-WKR-005099,LE-IE-SYNTH-001,ACTIVE,xwalk_v1.0.0
HRIS-WKR-005259,PAY-WKR-005100,LE-IE-SYNTH-001,ACTIVE,xwalk_v1.0.0
HRIS-WKR-005260,PAY-WKR-005101,LE-IE-SYNTH-001,ACTIVE,xwalk_v1.0.0
HRIS-WKR-005261,PAY-WKR-005102,LE-IE-SYNTH-001,ACTIVE,xwalk_v1.0.0
HRIS-WKR-005262,PAY-WKR-005103,LE-IE-SYNTH-001,ACTIVE,xwalk_v1.0.0
HRIS-WKR-005263,PAY-WKR-005104,LE-IE-SYNTH-001,ACTIVE,xwalk_v1.0.0
HRIS-WKR-005264,PAY-WKR-005105,LE-IE-SYNTH-001,ACTIVE,xwalk_v1.0.0
HRIS-WKR-005265,PAY-WKR-005106,LE-IE-SYNTH-001,ACTIVE,xwalk_v1.0.0
HRIS-WKR-005266,PAY-WKR-005107,LE-IE-SYNTH-001,ACTIVE,xwalk_v1.0.0
HRIS-WKR-005267,PAY-WKR-005108,LE-IE-SYNTH-001,ACTIVE,xwalk_v1.0.0
HRIS-WKR-005268,PAY-WKR-005109,LE-IE-SYNTH-001,ACTIVE,xwalk_v1.0.0
HRIS-WKR-005269,PAY-WKR-005110,LE-IE-SYNTH-001,ACTIVE,xwalk_v1.0.0
HRIS-WKR-005270,PAY-WKR-005111,LE-IE-SYNTH-001,ACTIVE,xwalk_v1.0.0
HRIS-WKR-005271,PAY-WKR-005112,LE-IE-SYNTH-001,ACTIVE,xwalk_v1.0.0
HRIS-WKR-005272,PAY-WKR-005113,LE-IE-SYNTH-001,ACTIVE,xwalk_v1.0.0
HRIS-WKR-005273,PAY-WKR-005114,LE-IE-SYNTH-001,ACTIVE,xwalk_v1.0.0
HRIS-WKR-005274,PAY-WKR-005115,LE-IE-SYNTH-001,ACTIVE,xwalk_v1.0.0
HRIS-WKR-005275,PAY-WKR-005116,LE-IE-SYNTH-001,ACTIVE,xwalk_v1.0.0
HRIS-WKR-005276,PAY-WKR-005117,LE-IE-SYNTH-001,ACTIVE,xwalk_v1.0.0
HRIS-WKR-005277,PAY-WKR-005118,LE-IE-SYNTH-001,ACTIVE,xwalk_v1.0.0
HRIS-WKR-005278,PAY-WKR-005119,LE-IE-SYNTH-001,ACTIVE,xwalk_v1.0.0
HRIS-WKR-005279,PAY-WKR-005120,LE-IE-SYNTH-001,ACTIVE,xwalk_v1.0.0
HRIS-WKR-005280,PAY-WKR-005121,LE-IE-SYNTH-001,ACTIVE,xwalk_v1.0.0
HRIS-WKR-005281,PAY-WKR-005122,LE-IE-SYNTH-001,ACTIVE,xwalk_v1.0.0
HRIS-WKR-005282,PAY-WKR-005123,LE-IE-SYNTH-001,ACTIVE,xwalk_v1.0.0
HRIS-WKR-005283,PAY-WKR-005124,LE-IE-SYNTH-001,ACTIVE,xwalk_v1.0.0
HRIS-WKR-005284,PAY-WKR-005125,LE-IE-SYNTH-001,ACTIVE,xwalk_v1.0.0
HRIS-WKR-005285,,LE-IE-SYNTH-001,MISSING,xwalk_v1.0.0
HRIS-WKR-005286,PAY-WKR-005126,LE-IE-SYNTH-001,ACTIVE,xwalk_v1.0.0
HRIS-WKR-005287,PAY-WKR-005127,LE-IE-SYNTH-001,ACTIVE,xwalk_v1.0.0
HRIS-WKR-005288,,LE-IE-SYNTH-001,MISSING,xwalk_v1.0.0
HRIS-WKR-005289,PAY-WKR-005128,LE-IE-SYNTH-001,ACTIVE,xwalk_v1.0.0
HRIS-WKR-005290,PAY-WKR-005129,LE-IE-SYNTH-001,ACTIVE,xwalk_v1.0.0
HRIS-WKR-005291,PAY-WKR-005130,LE-IE-SYNTH-001,ACTIVE,xwalk_v1.0.0
HRIS-WKR-005292,PAY-WKR-005131,LE-IE-SYNTH-001,ACTIVE,xwalk_v1.0.0
HRIS-WKR-005293,PAY-WKR-005132,LE-IE-SYNTH-001,ACTIVE,xwalk_v1.0.0
HRIS-WKR-005294,PAY-WKR-005133,LE-IE-SYNTH-001,ACTIVE,xwalk_v1.0.0
HRIS-WKR-005295,PAY-WKR-005134,LE-IE-SYNTH-001,ACTIVE,xwalk_v1.0.0
HRIS-WKR-005296,PAY-WKR-005135,LE-IE-SYNTH-001,ACTIVE,xwalk_v1.0.0
HRIS-WKR-005297,PAY-WKR-005136,LE-IE-SYNTH-001,ACTIVE,xwalk_v1.0.0
HRIS-WKR-005298,PAY-WKR-005137,LE-IE-SYNTH-001,ACTIVE,xwalk_v1.0.0
HRIS-WKR-005299,PAY-WKR-005138,LE-IE-SYNTH-001,ACTIVE,xwalk_v1.0.0
HRIS-WKR-005300,PAY-WKR-005139,LE-IE-SYNTH-001,ACTIVE,xwalk_v1.0.0
HRIS-WKR-005301,PAY-WKR-005140,LE-IE-SYNTH-001,ACTIVE,xwalk_v1.0.0
HRIS-WKR-005302,PAY-WKR-005141,LE-IE-SYNTH-001,ACTIVE,xwalk_v1.0.0
HRIS-WKR-005303,PAY-WKR-005142,LE-IE-SYNTH-001,ACTIVE,xwalk_v1.0.0
HRIS-WKR-005304,PAY-WKR-005143,LE-IE-SYNTH-001,ACTIVE,xwalk_v1.0.0
HRIS-WKR-005305,PAY-WKR-005144,LE-IE-SYNTH-001,ACTIVE,xwalk_v1.0.0
HRIS-WKR-005306,PAY-WKR-005145,LE-IE-SYNTH-001,ACTIVE,xwalk_v1.0.0
HRIS-WKR-005307,PAY-WKR-005146,LE-IE-SYNTH-001,ACTIVE,xwalk_v1.0.0
HRIS-WKR-005308,PAY-WKR-005147,LE-IE-SYNTH-001,ACTIVE,xwalk_v1.0.0
HRIS-WKR-005309,PAY-WKR-005148,LE-IE-SYNTH-001,ACTIVE,xwalk_v1.0.0
HRIS-WKR-005310,PAY-WKR-005149,LE-IE-SYNTH-001,ACTIVE,xwalk_v1.0.0
HRIS-WKR-005311,PAY-WKR-005150,LE-IE-SYNTH-001,ACTIVE,xwalk_v1.0.0
HRIS-WKR-005312,PAY-WKR-005151,LE-IE-SYNTH-001,ACTIVE,xwalk_v1.0.0
HRIS-WKR-005313,PAY-WKR-005152,LE-IE-SYNTH-001,ACTIVE,xwalk_v1.0.0
HRIS-WKR-005314,PAY-WKR-005153,LE-IE-SYNTH-001,ACTIVE,xwalk_v1.0.0
HRIS-WKR-005315,PAY-WKR-005154,LE-IE-SYNTH-001,ACTIVE,xwalk_v1.0.0
HRIS-WKR-005316,PAY-WKR-005155,LE-IE-SYNTH-001,ACTIVE,xwalk_v1.0.0
HRIS-WKR-005317,PAY-WKR-005156,LE-IE-SYNTH-001,ACTIVE,xwalk_v1.0.0
HRIS-WKR-005318,PAY-WKR-005157,LE-IE-SYNTH-001,ACTIVE,xwalk_v1.0.0
HRIS-WKR-005319,PAY-WKR-005158,LE-IE-SYNTH-001,ACTIVE,xwalk_v1.0.0
HRIS-WKR-005320,PAY-WKR-005159,LE-IE-SYNTH-001,ACTIVE,xwalk_v1.0.0
HRIS-WKR-005321,PAY-WKR-005160,LE-IE-SYNTH-001,ACTIVE,xwalk_v1.0.0
HRIS-WKR-005322,PAY-WKR-005161,LE-IE-SYNTH-001,ACTIVE,xwalk_v1.0.0
HRIS-WKR-005323,PAY-WKR-005162,LE-IE-SYNTH-001,ACTIVE,xwalk_v1.0.0
HRIS-WKR-005324,PAY-WKR-005163,LE-IE-SYNTH-001,ACTIVE,xwalk_v1.0.0
HRIS-WKR-005325,PAY-WKR-005164,LE-IE-SYNTH-001,ACTIVE,xwalk_v1.0.0
HRIS-WKR-005326,PAY-WKR-005165,LE-IE-SYNTH-001,ACTIVE,xwalk_v1.0.0
HRIS-WKR-005327,PAY-WKR-005166,LE-IE-SYNTH-001,ACTIVE,xwalk_v1.0.0
HRIS-WKR-005328,PAY-WKR-005167,LE-IE-SYNTH-001,ACTIVE,xwalk_v1.0.0
HRIS-WKR-005329,PAY-WKR-005168,LE-IE-SYNTH-001,ACTIVE,xwalk_v1.0.0
HRIS-WKR-005330,PAY-WKR-005169,LE-IE-SYNTH-001,ACTIVE,xwalk_v1.0.0
HRIS-WKR-005331,PAY-WKR-005170,LE-IE-SYNTH-001,ACTIVE,xwalk_v1.0.0
HRIS-WKR-005332,PAY-WKR-005171,LE-IE-SYNTH-001,ACTIVE,xwalk_v1.0.0
HRIS-WKR-005333,PAY-WKR-005172,LE-IE-SYNTH-001,ACTIVE,xwalk_v1.0.0
HRIS-WKR-005334,PAY-WKR-005173,LE-IE-SYNTH-001,ACTIVE,xwalk_v1.0.0
HRIS-WKR-005335,PAY-WKR-005174,LE-IE-SYNTH-001,ACTIVE,xwalk_v1.0.0
HRIS-WKR-005336,PAY-WKR-005175,LE-IE-SYNTH-001,ACTIVE,xwalk_v1.0.0
HRIS-WKR-005337,PAY-WKR-005176,LE-IE-SYNTH-001,ACTIVE,xwalk_v1.0.0
HRIS-WKR-005338,PAY-WKR-005177,LE-IE-SYNTH-001,ACTIVE,xwalk_v1.0.0
HRIS-WKR-005339,PAY-WKR-005178,LE-IE-SYNTH-001,ACTIVE,xwalk_v1.0.0
HRIS-WKR-005340,PAY-WKR-005179,LE-IE-SYNTH-001,ACTIVE,xwalk_v1.0.0
HRIS-WKR-005341,PAY-WKR-005180,LE-IE-SYNTH-001,ACTIVE,xwalk_v1.0.0
HRIS-WKR-005342,PAY-WKR-005181,LE-IE-SYNTH-001,ACTIVE,xwalk_v1.0.0
HRIS-WKR-005343,PAY-WKR-005182,LE-IE-SYNTH-001,ACTIVE,xwalk_v1.0.0
HRIS-WKR-005344,PAY-WKR-005183,LE-IE-SYNTH-001,ACTIVE,xwalk_v1.0.0
HRIS-WKR-005345,PAY-WKR-005184,LE-IE-SYNTH-001,ACTIVE,xwalk_v1.0.0
HRIS-WKR-005346,PAY-WKR-005185,LE-IE-SYNTH-001,ACTIVE,xwalk_v1.0.0
HRIS-WKR-005347,PAY-WKR-005186,LE-IE-SYNTH-001,ACTIVE,xwalk_v1.0.0
HRIS-WKR-005348,PAY-WKR-005187,LE-IE-SYNTH-001,ACTIVE,xwalk_v1.0.0
HRIS-WKR-005349,PAY-WKR-005188,LE-IE-SYNTH-001,ACTIVE,xwalk_v1.0.0
HRIS-WKR-005350,PAY-WKR-005189,LE-IE-SYNTH-001,ACTIVE,xwalk_v1.0.0
HRIS-WKR-005351,PAY-WKR-005190,LE-IE-SYNTH-001,ACTIVE,xwalk_v1.0.0
HRIS-WKR-005352,PAY-WKR-005191,LE-IE-SYNTH-001,ACTIVE,xwalk_v1.0.0
HRIS-WKR-005353,,LE-IE-SYNTH-001,MISSING,xwalk_v1.0.0
HRIS-WKR-005354,PAY-WKR-005192,LE-IE-SYNTH-001,ACTIVE,xwalk_v1.0.0
HRIS-WKR-005355,PAY-WKR-005193,LE-IE-SYNTH-001,ACTIVE,xwalk_v1.0.0
HRIS-WKR-005356,PAY-WKR-005194,LE-IE-SYNTH-001,ACTIVE,xwalk_v1.0.0
HRIS-WKR-005357,PAY-WKR-005195,LE-IE-SYNTH-001,ACTIVE,xwalk_v1.0.0
HRIS-WKR-005358,PAY-WKR-005196,LE-IE-SYNTH-001,ACTIVE,xwalk_v1.0.0
HRIS-WKR-005359,PAY-WKR-005197,LE-IE-SYNTH-001,ACTIVE,xwalk_v1.0.0
HRIS-WKR-005360,PAY-WKR-005198,LE-IE-SYNTH-001,ACTIVE,xwalk_v1.0.0
HRIS-WKR-005361,PAY-WKR-005199,LE-IE-SYNTH-001,ACTIVE,xwalk_v1.0.0
HRIS-WKR-005362,PAY-WKR-005200,LE-IE-SYNTH-001,ACTIVE,xwalk_v1.0.0
HRIS-WKR-005363,PAY-WKR-005201,LE-IE-SYNTH-001,ACTIVE,xwalk_v1.0.0
HRIS-WKR-005364,PAY-WKR-005202,LE-IE-SYNTH-001,ACTIVE,xwalk_v1.0.0
HRIS-WKR-005365,PAY-WKR-005203,LE-IE-SYNTH-001,ACTIVE,xwalk_v1.0.0
HRIS-WKR-005366,PAY-WKR-005204,LE-IE-SYNTH-001,ACTIVE,xwalk_v1.0.0
HRIS-WKR-005367,PAY-WKR-005205,LE-IE-SYNTH-001,ACTIVE,xwalk_v1.0.0
HRIS-WKR-005368,PAY-WKR-005206,LE-IE-SYNTH-001,ACTIVE,xwalk_v1.0.0
HRIS-WKR-005369,PAY-WKR-005207,LE-IE-SYNTH-001,ACTIVE,xwalk_v1.0.0
HRIS-WKR-005370,PAY-WKR-005208,LE-IE-SYNTH-001,ACTIVE,xwalk_v1.0.0
HRIS-WKR-005371,PAY-WKR-005209,LE-IE-SYNTH-001,ACTIVE,xwalk_v1.0.0
HRIS-WKR-005372,PAY-WKR-005210,LE-IE-SYNTH-001,ACTIVE,xwalk_v1.0.0
HRIS-WKR-005373,PAY-WKR-005211,LE-IE-SYNTH-001,ACTIVE,xwalk_v1.0.0
HRIS-WKR-005374,PAY-WKR-005212,LE-IE-SYNTH-001,ACTIVE,xwalk_v1.0.0
HRIS-WKR-005375,PAY-WKR-005213,LE-IE-SYNTH-001,ACTIVE,xwalk_v1.0.0
HRIS-WKR-005376,PAY-WKR-005214,LE-IE-SYNTH-001,ACTIVE,xwalk_v1.0.0
HRIS-WKR-005377,PAY-WKR-005215,LE-IE-SYNTH-001,ACTIVE,xwalk_v1.0.0
HRIS-WKR-005378,PAY-WKR-005216,LE-IE-SYNTH-001,ACTIVE,xwalk_v1.0.0
HRIS-WKR-005379,PAY-WKR-005217,LE-IE-SYNTH-001,ACTIVE,xwalk_v1.0.0
HRIS-WKR-005380,PAY-WKR-005218,LE-IE-SYNTH-001,ACTIVE,xwalk_v1.0.0
HRIS-WKR-005381,PAY-WKR-005219,LE-IE-SYNTH-001,ACTIVE,xwalk_v1.0.0
HRIS-WKR-005382,PAY-WKR-005220,LE-IE-SYNTH-001,ACTIVE,xwalk_v1.0.0
HRIS-WKR-005383,PAY-WKR-005221,LE-IE-SYNTH-001,ACTIVE,xwalk_v1.0.0
HRIS-WKR-005384,PAY-WKR-005222,LE-IE-SYNTH-001,ACTIVE,xwalk_v1.0.0
HRIS-WKR-005385,PAY-WKR-005223,LE-IE-SYNTH-001,ACTIVE,xwalk_v1.0.0
HRIS-WKR-005386,PAY-WKR-005224,LE-IE-SYNTH-001,ACTIVE,xwalk_v1.0.0
HRIS-WKR-005387,PAY-WKR-005225,LE-IE-SYNTH-001,ACTIVE,xwalk_v1.0.0
HRIS-WKR-005388,PAY-WKR-005226,LE-IE-SYNTH-001,ACTIVE,xwalk_v1.0.0
HRIS-WKR-005389,PAY-WKR-005227,LE-IE-SYNTH-001,ACTIVE,xwalk_v1.0.0
HRIS-WKR-005390,PAY-WKR-005228,LE-IE-SYNTH-001,ACTIVE,xwalk_v1.0.0
HRIS-WKR-005391,PAY-WKR-005229,LE-IE-SYNTH-001,ACTIVE,xwalk_v1.0.0
HRIS-WKR-005392,PAY-WKR-005230,LE-IE-SYNTH-001,ACTIVE,xwalk_v1.0.0
HRIS-WKR-005393,PAY-WKR-005231,LE-IE-SYNTH-001,ACTIVE,xwalk_v1.0.0
HRIS-WKR-005394,PAY-WKR-005232,LE-IE-SYNTH-001,ACTIVE,xwalk_v1.0.0
HRIS-WKR-005395,PAY-WKR-005233,LE-IE-SYNTH-001,ACTIVE,xwalk_v1.0.0
HRIS-WKR-005396,PAY-WKR-005234,LE-IE-SYNTH-001,ACTIVE,xwalk_v1.0.0
HRIS-WKR-005397,PAY-WKR-005235,LE-IE-SYNTH-001,ACTIVE,xwalk_v1.0.0
HRIS-WKR-005398,PAY-WKR-005236,LE-IE-SYNTH-001,ACTIVE,xwalk_v1.0.0
HRIS-WKR-005399,PAY-WKR-005237,LE-IE-SYNTH-001,ACTIVE,xwalk_v1.0.0
HRIS-WKR-005400,PAY-WKR-005238,LE-IE-SYNTH-001,ACTIVE,xwalk_v1.0.0
HRIS-WKR-005401,PAY-WKR-005239,LE-IE-SYNTH-001,ACTIVE,xwalk_v1.0.0
HRIS-WKR-005402,PAY-WKR-005240,LE-IE-SYNTH-001,ACTIVE,xwalk_v1.0.0
HRIS-WKR-005403,PAY-WKR-005241,LE-IE-SYNTH-001,ACTIVE,xwalk_v1.0.0
HRIS-WKR-005404,PAY-WKR-005242,LE-IE-SYNTH-001,ACTIVE,xwalk_v1.0.0
HRIS-WKR-005405,PAY-WKR-005243,LE-IE-SYNTH-001,ACTIVE,xwalk_v1.0.0
HRIS-WKR-005406,PAY-WKR-005244,LE-IE-SYNTH-001,ACTIVE,xwalk_v1.0.0
HRIS-WKR-005407,PAY-WKR-005245,LE-IE-SYNTH-001,ACTIVE,xwalk_v1.0.0
HRIS-WKR-005408,PAY-WKR-005246,LE-IE-SYNTH-001,ACTIVE,xwalk_v1.0.0
HRIS-WKR-005409,PAY-WKR-005247,LE-IE-SYNTH-001,ACTIVE,xwalk_v1.0.0
HRIS-WKR-005410,PAY-WKR-005248,LE-IE-SYNTH-001,ACTIVE,xwalk_v1.0.0
HRIS-WKR-005411,PAY-WKR-005249,LE-IE-SYNTH-001,ACTIVE,xwalk_v1.0.0
HRIS-WKR-005412,PAY-WKR-005250,LE-IE-SYNTH-001,ACTIVE,xwalk_v1.0.0
HRIS-WKR-005413,PAY-WKR-005251,LE-IE-SYNTH-001,ACTIVE,xwalk_v1.0.0
HRIS-WKR-005414,PAY-WKR-005252,LE-IE-SYNTH-001,ACTIVE,xwalk_v1.0.0
HRIS-WKR-005415,PAY-WKR-005253,LE-IE-SYNTH-001,ACTIVE,xwalk_v1.0.0
HRIS-WKR-005416,,LE-IE-SYNTH-001,MISSING,xwalk_v1.0.0
HRIS-WKR-005417,PAY-WKR-005254,LE-IE-SYNTH-001,ACTIVE,xwalk_v1.0.0
HRIS-WKR-005418,PAY-WKR-005255,LE-IE-SYNTH-001,ACTIVE,xwalk_v1.0.0
HRIS-WKR-005419,PAY-WKR-005256,LE-IE-SYNTH-001,ACTIVE,xwalk_v1.0.0
HRIS-WKR-005420,PAY-WKR-005257,LE-IE-SYNTH-001,ACTIVE,xwalk_v1.0.0
HRIS-WKR-005421,PAY-WKR-005258,LE-IE-SYNTH-001,ACTIVE,xwalk_v1.0.0
HRIS-WKR-005422,PAY-WKR-005259,LE-IE-SYNTH-001,ACTIVE,xwalk_v1.0.0
HRIS-WKR-005423,PAY-WKR-005260,LE-IE-SYNTH-001,ACTIVE,xwalk_v1.0.0
HRIS-WKR-005424,PAY-WKR-005261,LE-IE-SYNTH-001,ACTIVE,xwalk_v1.0.0
HRIS-WKR-005425,PAY-WKR-005262,LE-IE-SYNTH-001,ACTIVE,xwalk_v1.0.0
HRIS-WKR-005426,PAY-WKR-005263,LE-IE-SYNTH-001,ACTIVE,xwalk_v1.0.0
HRIS-WKR-005427,PAY-WKR-005264,LE-IE-SYNTH-001,ACTIVE,xwalk_v1.0.0
HRIS-WKR-005428,PAY-WKR-005265,LE-IE-SYNTH-001,ACTIVE,xwalk_v1.0.0
HRIS-WKR-005429,PAY-WKR-005266,LE-IE-SYNTH-001,ACTIVE,xwalk_v1.0.0
HRIS-WKR-005430,PAY-WKR-005267,LE-IE-SYNTH-001,ACTIVE,xwalk_v1.0.0
HRIS-WKR-005431,PAY-WKR-005268,LE-IE-SYNTH-001,ACTIVE,xwalk_v1.0.0
HRIS-WKR-005432,PAY-WKR-005269,LE-IE-SYNTH-001,ACTIVE,xwalk_v1.0.0
HRIS-WKR-005433,PAY-WKR-005270,LE-IE-SYNTH-001,ACTIVE,xwalk_v1.0.0
HRIS-WKR-005434,PAY-WKR-005271,LE-IE-SYNTH-001,ACTIVE,xwalk_v1.0.0
HRIS-WKR-005435,PAY-WKR-005272,LE-IE-SYNTH-001,ACTIVE,xwalk_v1.0.0
HRIS-WKR-005436,PAY-WKR-005273,LE-IE-SYNTH-001,ACTIVE,xwalk_v1.0.0
HRIS-WKR-005437,PAY-WKR-005274,LE-IE-SYNTH-001,ACTIVE,xwalk_v1.0.0
HRIS-WKR-005438,PAY-WKR-005275,LE-IE-SYNTH-001,ACTIVE,xwalk_v1.0.0
HRIS-WKR-005439,PAY-WKR-005276,LE-IE-SYNTH-001,ACTIVE,xwalk_v1.0.0
HRIS-WKR-005440,PAY-WKR-005277,LE-IE-SYNTH-001,ACTIVE,xwalk_v1.0.0
HRIS-WKR-005441,PAY-WKR-005278,LE-IE-SYNTH-001,ACTIVE,xwalk_v1.0.0
HRIS-WKR-005442,PAY-WKR-005279,LE-IE-SYNTH-001,ACTIVE,xwalk_v1.0.0
HRIS-WKR-005443,PAY-WKR-005280,LE-IE-SYNTH-001,ACTIVE,xwalk_v1.0.0
HRIS-WKR-005444,PAY-WKR-005281,LE-IE-SYNTH-001,ACTIVE,xwalk_v1.0.0
HRIS-WKR-005445,PAY-WKR-005282,LE-IE-SYNTH-001,ACTIVE,xwalk_v1.0.0
HRIS-WKR-005446,PAY-WKR-005283,LE-IE-SYNTH-001,ACTIVE,xwalk_v1.0.0
HRIS-WKR-005447,PAY-WKR-005284,LE-IE-SYNTH-001,ACTIVE,xwalk_v1.0.0
HRIS-WKR-005448,,LE-IE-SYNTH-001,MISSING,xwalk_v1.0.0
HRIS-WKR-005449,PAY-WKR-005285,LE-IE-SYNTH-001,ACTIVE,xwalk_v1.0.0
HRIS-WKR-005450,PAY-WKR-005286,LE-IE-SYNTH-001,ACTIVE,xwalk_v1.0.0
HRIS-WKR-005451,PAY-WKR-005287,LE-IE-SYNTH-001,ACTIVE,xwalk_v1.0.0
HRIS-WKR-005452,PAY-WKR-005288,LE-IE-SYNTH-001,ACTIVE,xwalk_v1.0.0
HRIS-WKR-005453,PAY-WKR-005289,LE-IE-SYNTH-001,ACTIVE,xwalk_v1.0.0
HRIS-WKR-005454,PAY-WKR-005290,LE-IE-SYNTH-001,ACTIVE,xwalk_v1.0.0
HRIS-WKR-005455,PAY-WKR-005291,LE-IE-SYNTH-001,ACTIVE,xwalk_v1.0.0
HRIS-WKR-005456,PAY-WKR-005292,LE-IE-SYNTH-001,ACTIVE,xwalk_v1.0.0
HRIS-WKR-005457,PAY-WKR-005293,LE-IE-SYNTH-001,ACTIVE,xwalk_v1.0.0
HRIS-WKR-005458,PAY-WKR-005294,LE-IE-SYNTH-001,ACTIVE,xwalk_v1.0.0
HRIS-WKR-005459,PAY-WKR-005295,LE-IE-SYNTH-001,ACTIVE,xwalk_v1.0.0
HRIS-WKR-005460,PAY-WKR-005296,LE-IE-SYNTH-001,ACTIVE,xwalk_v1.0.0
HRIS-WKR-005461,PAY-WKR-005297,LE-IE-SYNTH-001,ACTIVE,xwalk_v1.0.0
HRIS-WKR-005462,PAY-WKR-005298,LE-IE-SYNTH-001,ACTIVE,xwalk_v1.0.0
HRIS-WKR-005463,PAY-WKR-005299,LE-IE-SYNTH-001,ACTIVE,xwalk_v1.0.0
HRIS-WKR-005464,PAY-WKR-005300,LE-IE-SYNTH-001,ACTIVE,xwalk_v1.0.0
HRIS-WKR-005465,PAY-WKR-005301,LE-IE-SYNTH-001,ACTIVE,xwalk_v1.0.0
HRIS-WKR-005466,PAY-WKR-005302,LE-IE-SYNTH-001,ACTIVE,xwalk_v1.0.0
HRIS-WKR-005467,PAY-WKR-005303,LE-IE-SYNTH-001,ACTIVE,xwalk_v1.0.0
HRIS-WKR-005468,PAY-WKR-005304,LE-IE-SYNTH-001,ACTIVE,xwalk_v1.0.0
HRIS-WKR-005469,PAY-WKR-005305,LE-IE-SYNTH-001,ACTIVE,xwalk_v1.0.0
HRIS-WKR-005470,PAY-WKR-005306,LE-IE-SYNTH-001,ACTIVE,xwalk_v1.0.0
HRIS-WKR-005471,PAY-WKR-005307,LE-IE-SYNTH-001,ACTIVE,xwalk_v1.0.0
HRIS-WKR-005472,PAY-WKR-005308,LE-IE-SYNTH-001,ACTIVE,xwalk_v1.0.0
HRIS-WKR-005473,PAY-WKR-005309,LE-IE-SYNTH-001,ACTIVE,xwalk_v1.0.0
HRIS-WKR-005474,PAY-WKR-005310,LE-IE-SYNTH-001,ACTIVE,xwalk_v1.0.0
HRIS-WKR-005475,PAY-WKR-005311,LE-IE-SYNTH-001,ACTIVE,xwalk_v1.0.0
HRIS-WKR-005476,PAY-WKR-005312,LE-IE-SYNTH-001,ACTIVE,xwalk_v1.0.0
HRIS-WKR-005477,PAY-WKR-005313,LE-IE-SYNTH-001,ACTIVE,xwalk_v1.0.0
HRIS-WKR-005478,PAY-WKR-005314,LE-IE-SYNTH-001,ACTIVE,xwalk_v1.0.0
HRIS-WKR-005479,PAY-WKR-005315,LE-IE-SYNTH-001,ACTIVE,xwalk_v1.0.0
HRIS-WKR-005480,PAY-WKR-005316,LE-IE-SYNTH-001,ACTIVE,xwalk_v1.0.0
HRIS-WKR-005481,PAY-WKR-005317,LE-IE-SYNTH-001,ACTIVE,xwalk_v1.0.0
HRIS-WKR-005482,PAY-WKR-005318,LE-IE-SYNTH-001,ACTIVE,xwalk_v1.0.0
HRIS-WKR-005483,PAY-WKR-005319,LE-IE-SYNTH-001,ACTIVE,xwalk_v1.0.0
HRIS-WKR-005484,PAY-WKR-005320,LE-IE-SYNTH-001,ACTIVE,xwalk_v1.0.0
HRIS-WKR-005485,PAY-WKR-005321,LE-IE-SYNTH-001,ACTIVE,xwalk_v1.0.0
HRIS-WKR-005486,PAY-WKR-005322,LE-IE-SYNTH-001,ACTIVE,xwalk_v1.0.0
HRIS-WKR-005487,PAY-WKR-005323,LE-IE-SYNTH-001,ACTIVE,xwalk_v1.0.0
HRIS-WKR-005488,PAY-WKR-005324,LE-IE-SYNTH-001,ACTIVE,xwalk_v1.0.0
HRIS-WKR-005489,PAY-WKR-005325,LE-IE-SYNTH-001,ACTIVE,xwalk_v1.0.0
HRIS-WKR-005490,PAY-WKR-005326,LE-IE-SYNTH-001,ACTIVE,xwalk_v1.0.0
HRIS-WKR-005491,PAY-WKR-005327,LE-IE-SYNTH-001,ACTIVE,xwalk_v1.0.0
HRIS-WKR-005492,PAY-WKR-005328,LE-IE-SYNTH-001,ACTIVE,xwalk_v1.0.0
HRIS-WKR-005493,PAY-WKR-005329,LE-IE-SYNTH-001,ACTIVE,xwalk_v1.0.0
HRIS-WKR-005494,PAY-WKR-005330,LE-IE-SYNTH-001,ACTIVE,xwalk_v1.0.0
HRIS-WKR-005495,PAY-WKR-005331,LE-IE-SYNTH-001,ACTIVE,xwalk_v1.0.0
HRIS-WKR-005496,PAY-WKR-005332,LE-IE-SYNTH-001,ACTIVE,xwalk_v1.0.0
HRIS-WKR-005497,PAY-WKR-005333,LE-IE-SYNTH-001,ACTIVE,xwalk_v1.0.0
HRIS-WKR-005498,PAY-WKR-005334,LE-IE-SYNTH-001,ACTIVE,xwalk_v1.0.0
HRIS-WKR-005499,PAY-WKR-005335,LE-IE-SYNTH-001,ACTIVE,xwalk_v1.0.0
HRIS-WKR-005500,PAY-WKR-005336,LE-IE-SYNTH-001,ACTIVE,xwalk_v1.0.0
HRIS-WKR-005501,PAY-WKR-005337,LE-IE-SYNTH-001,ACTIVE,xwalk_v1.0.0
HRIS-WKR-005502,PAY-WKR-005338,LE-IE-SYNTH-001,ACTIVE,xwalk_v1.0.0
HRIS-WKR-005503,PAY-WKR-005339,LE-IE-SYNTH-001,ACTIVE,xwalk_v1.0.0
HRIS-WKR-005504,PAY-WKR-005340,LE-IE-SYNTH-001,ACTIVE,xwalk_v1.0.0
HRIS-WKR-005505,PAY-WKR-005341,LE-IE-SYNTH-001,ACTIVE,xwalk_v1.0.0
HRIS-WKR-005506,PAY-WKR-005342,LE-IE-SYNTH-001,ACTIVE,xwalk_v1.0.0
HRIS-WKR-005507,PAY-WKR-005343,LE-IE-SYNTH-001,ACTIVE,xwalk_v1.0.0
HRIS-WKR-005508,PAY-WKR-005344,LE-IE-SYNTH-001,ACTIVE,xwalk_v1.0.0
HRIS-WKR-005509,PAY-WKR-005345,LE-IE-SYNTH-001,ACTIVE,xwalk_v1.0.0
HRIS-WKR-005510,PAY-WKR-005346,LE-IE-SYNTH-001,ACTIVE,xwalk_v1.0.0
HRIS-WKR-005511,PAY-WKR-005347,LE-IE-SYNTH-001,ACTIVE,xwalk_v1.0.0
HRIS-WKR-005512,PAY-WKR-005348,LE-IE-SYNTH-001,ACTIVE,xwalk_v1.0.0
HRIS-WKR-005513,PAY-WKR-005349,LE-IE-SYNTH-001,ACTIVE,xwalk_v1.0.0
HRIS-WKR-005514,PAY-WKR-005350,LE-IE-SYNTH-001,ACTIVE,xwalk_v1.0.0
HRIS-WKR-005515,PAY-WKR-005351,LE-IE-SYNTH-001,ACTIVE,xwalk_v1.0.0
HRIS-WKR-005516,PAY-WKR-005352,LE-IE-SYNTH-001,ACTIVE,xwalk_v1.0.0
HRIS-WKR-005517,PAY-WKR-005353,LE-IE-SYNTH-001,ACTIVE,xwalk_v1.0.0
HRIS-WKR-005518,PAY-WKR-005354,LE-IE-SYNTH-001,ACTIVE,xwalk_v1.0.0
HRIS-WKR-005519,PAY-WKR-005355,LE-IE-SYNTH-001,ACTIVE,xwalk_v1.0.0
HRIS-WKR-005520,PAY-WKR-005356,LE-IE-SYNTH-001,ACTIVE,xwalk_v1.0.0
HRIS-WKR-005521,PAY-WKR-005357,LE-IE-SYNTH-001,ACTIVE,xwalk_v1.0.0
HRIS-WKR-005522,PAY-WKR-005358,LE-IE-SYNTH-001,ACTIVE,xwalk_v1.0.0
HRIS-WKR-005523,PAY-WKR-005359,LE-IE-SYNTH-001,ACTIVE,xwalk_v1.0.0
HRIS-WKR-005524,PAY-WKR-005360,LE-IE-SYNTH-001,ACTIVE,xwalk_v1.0.0
HRIS-WKR-005525,PAY-WKR-005361,LE-IE-SYNTH-001,ACTIVE,xwalk_v1.0.0
HRIS-WKR-005526,PAY-WKR-005362,LE-IE-SYNTH-001,ACTIVE,xwalk_v1.0.0
HRIS-WKR-005527,PAY-WKR-005363,LE-IE-SYNTH-001,ACTIVE,xwalk_v1.0.0
HRIS-WKR-005528,PAY-WKR-005364,LE-IE-SYNTH-001,ACTIVE,xwalk_v1.0.0
HRIS-WKR-005529,PAY-WKR-005365,LE-IE-SYNTH-001,ACTIVE,xwalk_v1.0.0
HRIS-WKR-005530,PAY-WKR-005366,LE-IE-SYNTH-001,ACTIVE,xwalk_v1.0.0
HRIS-WKR-005531,PAY-WKR-005367,LE-IE-SYNTH-001,ACTIVE,xwalk_v1.0.0
HRIS-WKR-005532,PAY-WKR-005368,LE-IE-SYNTH-001,ACTIVE,xwalk_v1.0.0
HRIS-WKR-005533,PAY-WKR-005369,LE-IE-SYNTH-001,ACTIVE,xwalk_v1.0.0
HRIS-WKR-005534,PAY-WKR-005370,LE-IE-SYNTH-001,ACTIVE,xwalk_v1.0.0
HRIS-WKR-005535,PAY-WKR-005371,LE-IE-SYNTH-001,ACTIVE,xwalk_v1.0.0
HRIS-WKR-005536,PAY-WKR-005372,LE-IE-SYNTH-001,ACTIVE,xwalk_v1.0.0
HRIS-WKR-005537,PAY-WKR-005373,LE-IE-SYNTH-001,ACTIVE,xwalk_v1.0.0
HRIS-WKR-005538,PAY-WKR-005374,LE-IE-SYNTH-001,ACTIVE,xwalk_v1.0.0
HRIS-WKR-005539,PAY-WKR-005375,LE-IE-SYNTH-001,ACTIVE,xwalk_v1.0.0
HRIS-WKR-005540,PAY-WKR-005376,LE-IE-SYNTH-001,ACTIVE,xwalk_v1.0.0
HRIS-WKR-005541,PAY-WKR-005377,LE-IE-SYNTH-001,ACTIVE,xwalk_v1.0.0
HRIS-WKR-005542,PAY-WKR-005378,LE-IE-SYNTH-001,ACTIVE,xwalk_v1.0.0
HRIS-WKR-005543,PAY-WKR-005379,LE-IE-SYNTH-001,ACTIVE,xwalk_v1.0.0
HRIS-WKR-005544,PAY-WKR-005380,LE-IE-SYNTH-001,ACTIVE,xwalk_v1.0.0
HRIS-WKR-005545,PAY-WKR-005381,LE-IE-SYNTH-001,ACTIVE,xwalk_v1.0.0
HRIS-WKR-005546,PAY-WKR-005382,LE-IE-SYNTH-001,ACTIVE,xwalk_v1.0.0
HRIS-WKR-005547,PAY-WKR-005383,LE-IE-SYNTH-001,ACTIVE,xwalk_v1.0.0
HRIS-WKR-005548,PAY-WKR-005384,LE-IE-SYNTH-001,ACTIVE,xwalk_v1.0.0
HRIS-WKR-005549,PAY-WKR-005385,LE-IE-SYNTH-001,ACTIVE,xwalk_v1.0.0
HRIS-WKR-005550,PAY-WKR-005386,LE-IE-SYNTH-001,ACTIVE,xwalk_v1.0.0
HRIS-WKR-005551,PAY-WKR-005387,LE-IE-SYNTH-001,ACTIVE,xwalk_v1.0.0
HRIS-WKR-005552,PAY-WKR-005388,LE-IE-SYNTH-001,ACTIVE,xwalk_v1.0.0
HRIS-WKR-005553,PAY-WKR-005389,LE-IE-SYNTH-001,ACTIVE,xwalk_v1.0.0
HRIS-WKR-005554,PAY-WKR-005390,LE-IE-SYNTH-001,ACTIVE,xwalk_v1.0.0
HRIS-WKR-005555,PAY-WKR-005391,LE-IE-SYNTH-001,ACTIVE,xwalk_v1.0.0
HRIS-WKR-005556,PAY-WKR-005392,LE-IE-SYNTH-001,ACTIVE,xwalk_v1.0.0
HRIS-WKR-005557,PAY-WKR-005393,LE-IE-SYNTH-001,ACTIVE,xwalk_v1.0.0
HRIS-WKR-005558,PAY-WKR-005394,LE-IE-SYNTH-001,ACTIVE,xwalk_v1.0.0
HRIS-WKR-005559,PAY-WKR-005395,LE-IE-SYNTH-001,ACTIVE,xwalk_v1.0.0
HRIS-WKR-005560,PAY-WKR-005396,LE-IE-SYNTH-001,ACTIVE,xwalk_v1.0.0
HRIS-WKR-005561,PAY-WKR-005397,LE-IE-SYNTH-001,ACTIVE,xwalk_v1.0.0
HRIS-WKR-005562,PAY-WKR-005398,LE-IE-SYNTH-001,ACTIVE,xwalk_v1.0.0
HRIS-WKR-005563,PAY-WKR-005399,LE-IE-SYNTH-001,ACTIVE,xwalk_v1.0.0
HRIS-WKR-005564,PAY-WKR-005400,LE-IE-SYNTH-001,ACTIVE,xwalk_v1.0.0
HRIS-WKR-005565,PAY-WKR-005401,LE-IE-SYNTH-001,ACTIVE,xwalk_v1.0.0
HRIS-WKR-005566,PAY-WKR-005402,LE-IE-SYNTH-001,ACTIVE,xwalk_v1.0.0
HRIS-WKR-005567,PAY-WKR-005403,LE-IE-SYNTH-001,ACTIVE,xwalk_v1.0.0
HRIS-WKR-005568,PAY-WKR-005404,LE-IE-SYNTH-001,ACTIVE,xwalk_v1.0.0
HRIS-WKR-005569,PAY-WKR-005405,LE-IE-SYNTH-001,ACTIVE,xwalk_v1.0.0
HRIS-WKR-005570,PAY-WKR-005406,LE-IE-SYNTH-001,ACTIVE,xwalk_v1.0.0
HRIS-WKR-005571,PAY-WKR-005407,LE-IE-SYNTH-001,ACTIVE,xwalk_v1.0.0
HRIS-WKR-005572,PAY-WKR-005408,LE-IE-SYNTH-001,ACTIVE,xwalk_v1.0.0
HRIS-WKR-005573,PAY-WKR-005409,LE-IE-SYNTH-001,ACTIVE,xwalk_v1.0.0
HRIS-WKR-005574,PAY-WKR-005410,LE-IE-SYNTH-001,ACTIVE,xwalk_v1.0.0
HRIS-WKR-005575,PAY-WKR-005411,LE-IE-SYNTH-001,ACTIVE,xwalk_v1.0.0
HRIS-WKR-005576,PAY-WKR-005412,LE-IE-SYNTH-001,ACTIVE,xwalk_v1.0.0
HRIS-WKR-005577,PAY-WKR-005413,LE-IE-SYNTH-001,ACTIVE,xwalk_v1.0.0
HRIS-WKR-005578,PAY-WKR-005414,LE-IE-SYNTH-001,ACTIVE,xwalk_v1.0.0
HRIS-WKR-005579,,LE-IE-SYNTH-001,MISSING,xwalk_v1.0.0
HRIS-WKR-005580,PAY-WKR-005415,LE-IE-SYNTH-001,ACTIVE,xwalk_v1.0.0
HRIS-WKR-005581,PAY-WKR-005416,LE-IE-SYNTH-001,ACTIVE,xwalk_v1.0.0
HRIS-WKR-005582,PAY-WKR-005417,LE-IE-SYNTH-001,ACTIVE,xwalk_v1.0.0
HRIS-WKR-005583,PAY-WKR-005418,LE-IE-SYNTH-001,ACTIVE,xwalk_v1.0.0
HRIS-WKR-005584,PAY-WKR-005419,LE-IE-SYNTH-001,ACTIVE,xwalk_v1.0.0
HRIS-WKR-005585,PAY-WKR-005420,LE-IE-SYNTH-001,ACTIVE,xwalk_v1.0.0
HRIS-WKR-005586,PAY-WKR-005421,LE-IE-SYNTH-001,ACTIVE,xwalk_v1.0.0
HRIS-WKR-005587,PAY-WKR-005422,LE-IE-SYNTH-001,ACTIVE,xwalk_v1.0.0
HRIS-WKR-005588,PAY-WKR-005423,LE-IE-SYNTH-001,ACTIVE,xwalk_v1.0.0
HRIS-WKR-005589,PAY-WKR-005424,LE-IE-SYNTH-001,ACTIVE,xwalk_v1.0.0
HRIS-WKR-005590,PAY-WKR-005425,LE-IE-SYNTH-001,ACTIVE,xwalk_v1.0.0
HRIS-WKR-005591,PAY-WKR-005426,LE-IE-SYNTH-001,ACTIVE,xwalk_v1.0.0
HRIS-WKR-005592,PAY-WKR-005427,LE-IE-SYNTH-001,ACTIVE,xwalk_v1.0.0
HRIS-WKR-005593,PAY-WKR-005428,LE-IE-SYNTH-001,ACTIVE,xwalk_v1.0.0
HRIS-WKR-005594,PAY-WKR-005429,LE-IE-SYNTH-001,ACTIVE,xwalk_v1.0.0
HRIS-WKR-005595,PAY-WKR-005430,LE-IE-SYNTH-001,ACTIVE,xwalk_v1.0.0
HRIS-WKR-005596,PAY-WKR-005431,LE-IE-SYNTH-001,ACTIVE,xwalk_v1.0.0
HRIS-WKR-005597,PAY-WKR-005432,LE-IE-SYNTH-001,ACTIVE,xwalk_v1.0.0
HRIS-WKR-005598,PAY-WKR-005433,LE-IE-SYNTH-001,ACTIVE,xwalk_v1.0.0
HRIS-WKR-005599,PAY-WKR-005434,LE-IE-SYNTH-001,ACTIVE,xwalk_v1.0.0
HRIS-WKR-005600,PAY-WKR-005435,LE-IE-SYNTH-001,ACTIVE,xwalk_v1.0.0
HRIS-WKR-005601,PAY-WKR-005436,LE-IE-SYNTH-001,ACTIVE,xwalk_v1.0.0
HRIS-WKR-005602,PAY-WKR-005437,LE-IE-SYNTH-001,ACTIVE,xwalk_v1.0.0
HRIS-WKR-005603,PAY-WKR-005438,LE-IE-SYNTH-001,ACTIVE,xwalk_v1.0.0
HRIS-WKR-005604,PAY-WKR-005439,LE-IE-SYNTH-001,ACTIVE,xwalk_v1.0.0
HRIS-WKR-005605,PAY-WKR-005440,LE-IE-SYNTH-001,ACTIVE,xwalk_v1.0.0
HRIS-WKR-005606,PAY-WKR-005441,LE-IE-SYNTH-001,ACTIVE,xwalk_v1.0.0
HRIS-WKR-005607,PAY-WKR-005442,LE-IE-SYNTH-001,ACTIVE,xwalk_v1.0.0
HRIS-WKR-005608,PAY-WKR-005443,LE-IE-SYNTH-001,ACTIVE,xwalk_v1.0.0
HRIS-WKR-005609,,LE-IE-SYNTH-001,MISSING,xwalk_v1.0.0
HRIS-WKR-005610,PAY-WKR-005444,LE-IE-SYNTH-001,ACTIVE,xwalk_v1.0.0
HRIS-WKR-005611,PAY-WKR-005445,LE-IE-SYNTH-001,ACTIVE,xwalk_v1.0.0
HRIS-WKR-005612,PAY-WKR-005446,LE-IE-SYNTH-001,ACTIVE,xwalk_v1.0.0
HRIS-WKR-005613,PAY-WKR-005447,LE-IE-SYNTH-001,ACTIVE,xwalk_v1.0.0
HRIS-WKR-005614,PAY-WKR-005448,LE-IE-SYNTH-001,ACTIVE,xwalk_v1.0.0
HRIS-WKR-005615,PAY-WKR-005449,LE-IE-SYNTH-001,ACTIVE,xwalk_v1.0.0
HRIS-WKR-005616,PAY-WKR-005450,LE-IE-SYNTH-001,ACTIVE,xwalk_v1.0.0
HRIS-WKR-005617,PAY-WKR-005451,LE-IE-SYNTH-001,ACTIVE,xwalk_v1.0.0
HRIS-WKR-005618,PAY-WKR-005452,LE-IE-SYNTH-001,ACTIVE,xwalk_v1.0.0
HRIS-WKR-005619,PAY-WKR-005453,LE-IE-SYNTH-001,ACTIVE,xwalk_v1.0.0
HRIS-WKR-005620,PAY-WKR-005454,LE-IE-SYNTH-001,ACTIVE,xwalk_v1.0.0
HRIS-WKR-005621,PAY-WKR-005455,LE-IE-SYNTH-001,ACTIVE,xwalk_v1.0.0
HRIS-WKR-005622,PAY-WKR-005456,LE-IE-SYNTH-001,ACTIVE,xwalk_v1.0.0
HRIS-WKR-005623,PAY-WKR-005457,LE-IE-SYNTH-001,ACTIVE,xwalk_v1.0.0
HRIS-WKR-005624,PAY-WKR-005458,LE-IE-SYNTH-001,ACTIVE,xwalk_v1.0.0
HRIS-WKR-005625,PAY-WKR-005459,LE-IE-SYNTH-001,ACTIVE,xwalk_v1.0.0
HRIS-WKR-005626,PAY-WKR-005460,LE-IE-SYNTH-001,ACTIVE,xwalk_v1.0.0
HRIS-WKR-005627,PAY-WKR-005461,LE-IE-SYNTH-001,ACTIVE,xwalk_v1.0.0
HRIS-WKR-005628,PAY-WKR-005462,LE-IE-SYNTH-001,ACTIVE,xwalk_v1.0.0
HRIS-WKR-005629,PAY-WKR-005463,LE-IE-SYNTH-001,ACTIVE,xwalk_v1.0.0
HRIS-WKR-005630,PAY-WKR-005464,LE-IE-SYNTH-001,ACTIVE,xwalk_v1.0.0
HRIS-WKR-005631,PAY-WKR-005465,LE-IE-SYNTH-001,ACTIVE,xwalk_v1.0.0
HRIS-WKR-005632,PAY-WKR-005466,LE-IE-SYNTH-001,ACTIVE,xwalk_v1.0.0
HRIS-WKR-005633,PAY-WKR-005467,LE-IE-SYNTH-001,ACTIVE,xwalk_v1.0.0
HRIS-WKR-005634,PAY-WKR-005468,LE-IE-SYNTH-001,ACTIVE,xwalk_v1.0.0
HRIS-WKR-005635,PAY-WKR-005469,LE-IE-SYNTH-001,ACTIVE,xwalk_v1.0.0
HRIS-WKR-005636,,LE-IE-SYNTH-001,MISSING,xwalk_v1.0.0
HRIS-WKR-005637,PAY-WKR-005470,LE-IE-SYNTH-001,ACTIVE,xwalk_v1.0.0
HRIS-WKR-005638,PAY-WKR-005471,LE-IE-SYNTH-001,ACTIVE,xwalk_v1.0.0
HRIS-WKR-005639,PAY-WKR-005472,LE-IE-SYNTH-001,ACTIVE,xwalk_v1.0.0
HRIS-WKR-005640,PAY-WKR-005473,LE-IE-SYNTH-001,ACTIVE,xwalk_v1.0.0
HRIS-WKR-005641,PAY-WKR-005474,LE-IE-SYNTH-001,ACTIVE,xwalk_v1.0.0
HRIS-WKR-005642,PAY-WKR-005475,LE-IE-SYNTH-001,ACTIVE,xwalk_v1.0.0
HRIS-WKR-005643,PAY-WKR-005476,LE-IE-SYNTH-001,ACTIVE,xwalk_v1.0.0
HRIS-WKR-005644,,LE-IE-SYNTH-001,MISSING,xwalk_v1.0.0
HRIS-WKR-005645,PAY-WKR-005477,LE-IE-SYNTH-001,ACTIVE,xwalk_v1.0.0
HRIS-WKR-005646,PAY-WKR-005478,LE-IE-SYNTH-001,ACTIVE,xwalk_v1.0.0
HRIS-WKR-005647,PAY-WKR-005479,LE-IE-SYNTH-001,ACTIVE,xwalk_v1.0.0
HRIS-WKR-005648,PAY-WKR-005480,LE-IE-SYNTH-001,ACTIVE,xwalk_v1.0.0
HRIS-WKR-005649,PAY-WKR-005481,LE-IE-SYNTH-001,ACTIVE,xwalk_v1.0.0
HRIS-WKR-005650,PAY-WKR-005482,LE-IE-SYNTH-001,ACTIVE,xwalk_v1.0.0
HRIS-WKR-005651,PAY-WKR-005483,LE-IE-SYNTH-001,ACTIVE,xwalk_v1.0.0
HRIS-WKR-005652,PAY-WKR-005484,LE-IE-SYNTH-001,ACTIVE,xwalk_v1.0.0
HRIS-WKR-005653,PAY-WKR-005485,LE-IE-SYNTH-001,ACTIVE,xwalk_v1.0.0
HRIS-WKR-005654,PAY-WKR-005486,LE-IE-SYNTH-001,ACTIVE,xwalk_v1.0.0
HRIS-WKR-005655,PAY-WKR-005487,LE-IE-SYNTH-001,ACTIVE,xwalk_v1.0.0
HRIS-WKR-005656,PAY-WKR-005488,LE-IE-SYNTH-001,ACTIVE,xwalk_v1.0.0
HRIS-WKR-005657,PAY-WKR-005489,LE-IE-SYNTH-001,ACTIVE,xwalk_v1.0.0
HRIS-WKR-005658,PAY-WKR-005490,LE-IE-SYNTH-001,ACTIVE,xwalk_v1.0.0
HRIS-WKR-005659,,LE-IE-SYNTH-001,MISSING,xwalk_v1.0.0
HRIS-WKR-005660,PAY-WKR-005491,LE-IE-SYNTH-001,ACTIVE,xwalk_v1.0.0
HRIS-WKR-005661,PAY-WKR-005492,LE-IE-SYNTH-001,ACTIVE,xwalk_v1.0.0
HRIS-WKR-005662,PAY-WKR-005493,LE-IE-SYNTH-001,ACTIVE,xwalk_v1.0.0
HRIS-WKR-005663,PAY-WKR-005494,LE-IE-SYNTH-001,ACTIVE,xwalk_v1.0.0
HRIS-WKR-005664,PAY-WKR-005495,LE-IE-SYNTH-001,ACTIVE,xwalk_v1.0.0
HRIS-WKR-005665,PAY-WKR-005496,LE-IE-SYNTH-001,ACTIVE,xwalk_v1.0.0
HRIS-WKR-005666,PAY-WKR-005497,LE-IE-SYNTH-001,ACTIVE,xwalk_v1.0.0
HRIS-WKR-005667,PAY-WKR-005498,LE-IE-SYNTH-001,ACTIVE,xwalk_v1.0.0
HRIS-WKR-005668,PAY-WKR-005499,LE-IE-SYNTH-001,ACTIVE,xwalk_v1.0.0
HRIS-WKR-005669,PAY-WKR-005500,LE-IE-SYNTH-001,ACTIVE,xwalk_v1.0.0
HRIS-WKR-005670,PAY-WKR-005501,LE-IE-SYNTH-001,ACTIVE,xwalk_v1.0.0
HRIS-WKR-005671,PAY-WKR-005502,LE-IE-SYNTH-001,ACTIVE,xwalk_v1.0.0
HRIS-WKR-005672,PAY-WKR-005503,LE-IE-SYNTH-001,ACTIVE,xwalk_v1.0.0
HRIS-WKR-005673,PAY-WKR-005504,LE-IE-SYNTH-001,ACTIVE,xwalk_v1.0.0
HRIS-WKR-005674,PAY-WKR-005505,LE-IE-SYNTH-001,ACTIVE,xwalk_v1.0.0
HRIS-WKR-005675,PAY-WKR-005506,LE-IE-SYNTH-001,ACTIVE,xwalk_v1.0.0
HRIS-WKR-005676,,LE-IE-SYNTH-001,MISSING,xwalk_v1.0.0
HRIS-WKR-005677,PAY-WKR-005507,LE-IE-SYNTH-001,ACTIVE,xwalk_v1.0.0
HRIS-WKR-005678,PAY-WKR-005508,LE-IE-SYNTH-001,ACTIVE,xwalk_v1.0.0
HRIS-WKR-005679,PAY-WKR-005509,LE-IE-SYNTH-001,ACTIVE,xwalk_v1.0.0
HRIS-WKR-005680,PAY-WKR-005510,LE-IE-SYNTH-001,ACTIVE,xwalk_v1.0.0
HRIS-WKR-005681,PAY-WKR-005511,LE-IE-SYNTH-001,ACTIVE,xwalk_v1.0.0
HRIS-WKR-005682,PAY-WKR-005512,LE-IE-SYNTH-001,ACTIVE,xwalk_v1.0.0
HRIS-WKR-005683,PAY-WKR-005513,LE-IE-SYNTH-001,ACTIVE,xwalk_v1.0.0
HRIS-WKR-005684,PAY-WKR-005514,LE-IE-SYNTH-001,ACTIVE,xwalk_v1.0.0
HRIS-WKR-005685,PAY-WKR-005515,LE-IE-SYNTH-001,ACTIVE,xwalk_v1.0.0
HRIS-WKR-005686,PAY-WKR-005516,LE-IE-SYNTH-001,ACTIVE,xwalk_v1.0.0
HRIS-WKR-005687,PAY-WKR-005517,LE-IE-SYNTH-001,ACTIVE,xwalk_v1.0.0
HRIS-WKR-005688,PAY-WKR-005518,LE-IE-SYNTH-001,ACTIVE,xwalk_v1.0.0
HRIS-WKR-005689,PAY-WKR-005519,LE-IE-SYNTH-001,ACTIVE,xwalk_v1.0.0
HRIS-WKR-005690,PAY-WKR-005520,LE-IE-SYNTH-001,ACTIVE,xwalk_v1.0.0
HRIS-WKR-005691,PAY-WKR-005521,LE-IE-SYNTH-001,ACTIVE,xwalk_v1.0.0
HRIS-WKR-005692,PAY-WKR-005522,LE-IE-SYNTH-001,ACTIVE,xwalk_v1.0.0
HRIS-WKR-005693,PAY-WKR-005523,LE-IE-SYNTH-001,ACTIVE,xwalk_v1.0.0
HRIS-WKR-005694,PAY-WKR-005524,LE-IE-SYNTH-001,ACTIVE,xwalk_v1.0.0
HRIS-WKR-005695,PAY-WKR-005525,LE-IE-SYNTH-001,ACTIVE,xwalk_v1.0.0
HRIS-WKR-005696,PAY-WKR-005526,LE-IE-SYNTH-001,ACTIVE,xwalk_v1.0.0
HRIS-WKR-005697,PAY-WKR-005527,LE-IE-SYNTH-001,ACTIVE,xwalk_v1.0.0
HRIS-WKR-005698,PAY-WKR-005528,LE-IE-SYNTH-001,ACTIVE,xwalk_v1.0.0
HRIS-WKR-005699,PAY-WKR-005529,LE-IE-SYNTH-001,ACTIVE,xwalk_v1.0.0
HRIS-WKR-005700,PAY-WKR-005530,LE-IE-SYNTH-001,ACTIVE,xwalk_v1.0.0
HRIS-WKR-005701,PAY-WKR-005531,LE-IE-SYNTH-001,ACTIVE,xwalk_v1.0.0
HRIS-WKR-005702,PAY-WKR-005532,LE-IE-SYNTH-001,ACTIVE,xwalk_v1.0.0
HRIS-WKR-005703,PAY-WKR-005533,LE-IE-SYNTH-001,ACTIVE,xwalk_v1.0.0
HRIS-WKR-005704,PAY-WKR-005534,LE-IE-SYNTH-001,ACTIVE,xwalk_v1.0.0
HRIS-WKR-005705,PAY-WKR-005535,LE-IE-SYNTH-001,ACTIVE,xwalk_v1.0.0
HRIS-WKR-005706,PAY-WKR-005536,LE-IE-SYNTH-001,ACTIVE,xwalk_v1.0.0
HRIS-WKR-005707,PAY-WKR-005537,LE-IE-SYNTH-001,ACTIVE,xwalk_v1.0.0
HRIS-WKR-005708,PAY-WKR-005538,LE-IE-SYNTH-001,ACTIVE,xwalk_v1.0.0
HRIS-WKR-005709,PAY-WKR-005539,LE-IE-SYNTH-001,ACTIVE,xwalk_v1.0.0
HRIS-WKR-005710,PAY-WKR-005540,LE-IE-SYNTH-001,ACTIVE,xwalk_v1.0.0
HRIS-WKR-005711,PAY-WKR-005541,LE-IE-SYNTH-001,ACTIVE,xwalk_v1.0.0
HRIS-WKR-005712,PAY-WKR-005542,LE-IE-SYNTH-001,ACTIVE,xwalk_v1.0.0
HRIS-WKR-005713,PAY-WKR-005543,LE-IE-SYNTH-001,ACTIVE,xwalk_v1.0.0
HRIS-WKR-005714,PAY-WKR-005544,LE-IE-SYNTH-001,ACTIVE,xwalk_v1.0.0
HRIS-WKR-005715,PAY-WKR-005545,LE-IE-SYNTH-001,ACTIVE,xwalk_v1.0.0
HRIS-WKR-005716,PAY-WKR-005546,LE-IE-SYNTH-001,ACTIVE,xwalk_v1.0.0
HRIS-WKR-005717,PAY-WKR-005547,LE-IE-SYNTH-001,ACTIVE,xwalk_v1.0.0
HRIS-WKR-005718,PAY-WKR-005548,LE-IE-SYNTH-001,ACTIVE,xwalk_v1.0.0
HRIS-WKR-005719,PAY-WKR-005549,LE-IE-SYNTH-001,ACTIVE,xwalk_v1.0.0
HRIS-WKR-005720,,LE-IE-SYNTH-001,MISSING,xwalk_v1.0.0
HRIS-WKR-005721,PAY-WKR-005550,LE-IE-SYNTH-001,ACTIVE,xwalk_v1.0.0
HRIS-WKR-005722,PAY-WKR-005551,LE-IE-SYNTH-001,ACTIVE,xwalk_v1.0.0
HRIS-WKR-005723,PAY-WKR-005552,LE-IE-SYNTH-001,ACTIVE,xwalk_v1.0.0
HRIS-WKR-005724,PAY-WKR-005553,LE-IE-SYNTH-001,ACTIVE,xwalk_v1.0.0
HRIS-WKR-005725,PAY-WKR-005554,LE-IE-SYNTH-001,ACTIVE,xwalk_v1.0.0
HRIS-WKR-005726,,LE-IE-SYNTH-001,MISSING,xwalk_v1.0.0
HRIS-WKR-005727,PAY-WKR-005555,LE-IE-SYNTH-001,ACTIVE,xwalk_v1.0.0
HRIS-WKR-005728,PAY-WKR-005556,LE-IE-SYNTH-001,ACTIVE,xwalk_v1.0.0
HRIS-WKR-005729,PAY-WKR-005557,LE-IE-SYNTH-001,ACTIVE,xwalk_v1.0.0
HRIS-WKR-005730,PAY-WKR-005558,LE-IE-SYNTH-001,ACTIVE,xwalk_v1.0.0
HRIS-WKR-005731,PAY-WKR-005559,LE-IE-SYNTH-001,ACTIVE,xwalk_v1.0.0
HRIS-WKR-005732,PAY-WKR-005560,LE-IE-SYNTH-001,ACTIVE,xwalk_v1.0.0
HRIS-WKR-005733,PAY-WKR-005561,LE-IE-SYNTH-001,ACTIVE,xwalk_v1.0.0
HRIS-WKR-005734,PAY-WKR-005562,LE-IE-SYNTH-001,ACTIVE,xwalk_v1.0.0
HRIS-WKR-005735,PAY-WKR-005563,LE-IE-SYNTH-001,ACTIVE,xwalk_v1.0.0
HRIS-WKR-005736,PAY-WKR-005564,LE-IE-SYNTH-001,ACTIVE,xwalk_v1.0.0
HRIS-WKR-005737,PAY-WKR-005565,LE-IE-SYNTH-001,ACTIVE,xwalk_v1.0.0
HRIS-WKR-005738,PAY-WKR-005566,LE-IE-SYNTH-001,ACTIVE,xwalk_v1.0.0
HRIS-WKR-005739,PAY-WKR-005567,LE-IE-SYNTH-001,ACTIVE,xwalk_v1.0.0
HRIS-WKR-005740,PAY-WKR-005568,LE-IE-SYNTH-001,ACTIVE,xwalk_v1.0.0
HRIS-WKR-005741,PAY-WKR-005569,LE-IE-SYNTH-001,ACTIVE,xwalk_v1.0.0
HRIS-WKR-005742,PAY-WKR-005570,LE-IE-SYNTH-001,ACTIVE,xwalk_v1.0.0
HRIS-WKR-005743,PAY-WKR-005571,LE-IE-SYNTH-001,ACTIVE,xwalk_v1.0.0
HRIS-WKR-005744,,LE-IE-SYNTH-001,MISSING,xwalk_v1.0.0
HRIS-WKR-005745,PAY-WKR-005572,LE-IE-SYNTH-001,ACTIVE,xwalk_v1.0.0
HRIS-WKR-005746,PAY-WKR-005573,LE-IE-SYNTH-001,ACTIVE,xwalk_v1.0.0
HRIS-WKR-005747,PAY-WKR-005574,LE-IE-SYNTH-001,ACTIVE,xwalk_v1.0.0
HRIS-WKR-005748,PAY-WKR-005575,LE-IE-SYNTH-001,ACTIVE,xwalk_v1.0.0
HRIS-WKR-005749,PAY-WKR-005576,LE-IE-SYNTH-001,ACTIVE,xwalk_v1.0.0
HRIS-WKR-005750,PAY-WKR-005577,LE-IE-SYNTH-001,ACTIVE,xwalk_v1.0.0
HRIS-WKR-005751,PAY-WKR-005578,LE-IE-SYNTH-001,ACTIVE,xwalk_v1.0.0
HRIS-WKR-005752,PAY-WKR-005579,LE-IE-SYNTH-001,ACTIVE,xwalk_v1.0.0
HRIS-WKR-005753,PAY-WKR-005580,LE-IE-SYNTH-001,ACTIVE,xwalk_v1.0.0
HRIS-WKR-005754,PAY-WKR-005581,LE-IE-SYNTH-001,ACTIVE,xwalk_v1.0.0
HRIS-WKR-005755,PAY-WKR-005582,LE-IE-SYNTH-001,ACTIVE,xwalk_v1.0.0
HRIS-WKR-005756,PAY-WKR-005583,LE-IE-SYNTH-001,ACTIVE,xwalk_v1.0.0
HRIS-WKR-005757,PAY-WKR-005584,LE-IE-SYNTH-001,ACTIVE,xwalk_v1.0.0
HRIS-WKR-005758,PAY-WKR-005585,LE-IE-SYNTH-001,ACTIVE,xwalk_v1.0.0
HRIS-WKR-005759,PAY-WKR-005586,LE-IE-SYNTH-001,ACTIVE,xwalk_v1.0.0
HRIS-WKR-005760,PAY-WKR-005587,LE-IE-SYNTH-001,ACTIVE,xwalk_v1.0.0
HRIS-WKR-005761,PAY-WKR-005588,LE-IE-SYNTH-001,ACTIVE,xwalk_v1.0.0
HRIS-WKR-005762,PAY-WKR-005589,LE-IE-SYNTH-001,ACTIVE,xwalk_v1.0.0
HRIS-WKR-005763,PAY-WKR-005590,LE-IE-SYNTH-001,ACTIVE,xwalk_v1.0.0
HRIS-WKR-005764,PAY-WKR-005591,LE-IE-SYNTH-001,ACTIVE,xwalk_v1.0.0
HRIS-WKR-005765,PAY-WKR-005592,LE-IE-SYNTH-001,ACTIVE,xwalk_v1.0.0
HRIS-WKR-005766,PAY-WKR-005593,LE-IE-SYNTH-001,ACTIVE,xwalk_v1.0.0
HRIS-WKR-005767,PAY-WKR-005594,LE-IE-SYNTH-001,ACTIVE,xwalk_v1.0.0
HRIS-WKR-005768,PAY-WKR-005595,LE-IE-SYNTH-001,ACTIVE,xwalk_v1.0.0
HRIS-WKR-005769,,LE-IE-SYNTH-001,MISSING,xwalk_v1.0.0
HRIS-WKR-005770,PAY-WKR-005596,LE-IE-SYNTH-001,ACTIVE,xwalk_v1.0.0
HRIS-WKR-005771,PAY-WKR-005597,LE-IE-SYNTH-001,ACTIVE,xwalk_v1.0.0
HRIS-WKR-005772,PAY-WKR-005598,LE-IE-SYNTH-001,ACTIVE,xwalk_v1.0.0
HRIS-WKR-005773,PAY-WKR-005599,LE-IE-SYNTH-001,ACTIVE,xwalk_v1.0.0
HRIS-WKR-005774,PAY-WKR-005600,LE-IE-SYNTH-001,ACTIVE,xwalk_v1.0.0
HRIS-WKR-005775,PAY-WKR-005601,LE-IE-SYNTH-001,ACTIVE,xwalk_v1.0.0
HRIS-WKR-005776,PAY-WKR-005602,LE-IE-SYNTH-001,ACTIVE,xwalk_v1.0.0
HRIS-WKR-005777,PAY-WKR-005603,LE-IE-SYNTH-001,ACTIVE,xwalk_v1.0.0
HRIS-WKR-005778,PAY-WKR-005604,LE-IE-SYNTH-001,ACTIVE,xwalk_v1.0.0
HRIS-WKR-005779,,LE-IE-SYNTH-001,MISSING,xwalk_v1.0.0
HRIS-WKR-005780,PAY-WKR-005605,LE-IE-SYNTH-001,ACTIVE,xwalk_v1.0.0
HRIS-WKR-005781,PAY-WKR-005606,LE-IE-SYNTH-001,ACTIVE,xwalk_v1.0.0
HRIS-WKR-005782,PAY-WKR-005607,LE-IE-SYNTH-001,ACTIVE,xwalk_v1.0.0
HRIS-WKR-005783,PAY-WKR-005608,LE-IE-SYNTH-001,ACTIVE,xwalk_v1.0.0
HRIS-WKR-005784,PAY-WKR-005609,LE-IE-SYNTH-001,ACTIVE,xwalk_v1.0.0
HRIS-WKR-005785,PAY-WKR-005610,LE-IE-SYNTH-001,ACTIVE,xwalk_v1.0.0
HRIS-WKR-005786,PAY-WKR-005611,LE-IE-SYNTH-001,ACTIVE,xwalk_v1.0.0
HRIS-WKR-005787,PAY-WKR-005612,LE-IE-SYNTH-001,ACTIVE,xwalk_v1.0.0
HRIS-WKR-005788,PAY-WKR-005613,LE-IE-SYNTH-001,ACTIVE,xwalk_v1.0.0
HRIS-WKR-005789,PAY-WKR-005614,LE-IE-SYNTH-001,ACTIVE,xwalk_v1.0.0
HRIS-WKR-005790,PAY-WKR-005615,LE-IE-SYNTH-001,ACTIVE,xwalk_v1.0.0
HRIS-WKR-005791,PAY-WKR-005616,LE-IE-SYNTH-001,ACTIVE,xwalk_v1.0.0
HRIS-WKR-005792,PAY-WKR-005617,LE-IE-SYNTH-001,ACTIVE,xwalk_v1.0.0
HRIS-WKR-005793,PAY-WKR-005618,LE-IE-SYNTH-001,ACTIVE,xwalk_v1.0.0
HRIS-WKR-005794,PAY-WKR-005619,LE-IE-SYNTH-001,ACTIVE,xwalk_v1.0.0
HRIS-WKR-005795,PAY-WKR-005620,LE-IE-SYNTH-001,ACTIVE,xwalk_v1.0.0
HRIS-WKR-005796,PAY-WKR-005621,LE-IE-SYNTH-001,ACTIVE,xwalk_v1.0.0
HRIS-WKR-005797,PAY-WKR-005622,LE-IE-SYNTH-001,ACTIVE,xwalk_v1.0.0
HRIS-WKR-005798,PAY-WKR-005623,LE-IE-SYNTH-001,ACTIVE,xwalk_v1.0.0
HRIS-WKR-005799,PAY-WKR-005624,LE-IE-SYNTH-001,ACTIVE,xwalk_v1.0.0
HRIS-WKR-005800,PAY-WKR-005625,LE-IE-SYNTH-001,ACTIVE,xwalk_v1.0.0
HRIS-WKR-005801,PAY-WKR-005626,LE-IE-SYNTH-001,ACTIVE,xwalk_v1.0.0
HRIS-WKR-005802,PAY-WKR-005627,LE-IE-SYNTH-001,ACTIVE,xwalk_v1.0.0
HRIS-WKR-005803,PAY-WKR-005628,LE-IE-SYNTH-001,ACTIVE,xwalk_v1.0.0
HRIS-WKR-005804,PAY-WKR-005629,LE-IE-SYNTH-001,ACTIVE,xwalk_v1.0.0
HRIS-WKR-005805,PAY-WKR-005630,LE-IE-SYNTH-001,ACTIVE,xwalk_v1.0.0
HRIS-WKR-005806,PAY-WKR-005631,LE-IE-SYNTH-001,ACTIVE,xwalk_v1.0.0
HRIS-WKR-005807,PAY-WKR-005632,LE-IE-SYNTH-001,ACTIVE,xwalk_v1.0.0
HRIS-WKR-005808,PAY-WKR-005633,LE-IE-SYNTH-001,ACTIVE,xwalk_v1.0.0
HRIS-WKR-005809,PAY-WKR-005634,LE-IE-SYNTH-001,ACTIVE,xwalk_v1.0.0
HRIS-WKR-005810,PAY-WKR-005635,LE-IE-SYNTH-001,ACTIVE,xwalk_v1.0.0
HRIS-WKR-005811,PAY-WKR-005636,LE-IE-SYNTH-001,ACTIVE,xwalk_v1.0.0
HRIS-WKR-005812,PAY-WKR-005637,LE-IE-SYNTH-001,ACTIVE,xwalk_v1.0.0
HRIS-WKR-005813,PAY-WKR-005638,LE-IE-SYNTH-001,ACTIVE,xwalk_v1.0.0
HRIS-WKR-005814,,LE-IE-SYNTH-001,MISSING,xwalk_v1.0.0
HRIS-WKR-005815,PAY-WKR-005639,LE-IE-SYNTH-001,ACTIVE,xwalk_v1.0.0
HRIS-WKR-005816,PAY-WKR-005640,LE-IE-SYNTH-001,ACTIVE,xwalk_v1.0.0
HRIS-WKR-005817,PAY-WKR-005641,LE-IE-SYNTH-001,ACTIVE,xwalk_v1.0.0
HRIS-WKR-005818,PAY-WKR-005642,LE-IE-SYNTH-001,ACTIVE,xwalk_v1.0.0
HRIS-WKR-005819,PAY-WKR-005643,LE-IE-SYNTH-001,ACTIVE,xwalk_v1.0.0
HRIS-WKR-005820,PAY-WKR-005644,LE-IE-SYNTH-001,ACTIVE,xwalk_v1.0.0
HRIS-WKR-005821,PAY-WKR-005645,LE-IE-SYNTH-001,ACTIVE,xwalk_v1.0.0
HRIS-WKR-005822,PAY-WKR-005646,LE-IE-SYNTH-001,ACTIVE,xwalk_v1.0.0
HRIS-WKR-005823,PAY-WKR-005647,LE-IE-SYNTH-001,ACTIVE,xwalk_v1.0.0
HRIS-WKR-005824,PAY-WKR-005648,LE-IE-SYNTH-001,ACTIVE,xwalk_v1.0.0
HRIS-WKR-005825,PAY-WKR-005649,LE-IE-SYNTH-001,ACTIVE,xwalk_v1.0.0
HRIS-WKR-005826,PAY-WKR-005650,LE-IE-SYNTH-001,ACTIVE,xwalk_v1.0.0
HRIS-WKR-005827,PAY-WKR-005651,LE-IE-SYNTH-001,ACTIVE,xwalk_v1.0.0
HRIS-WKR-005828,PAY-WKR-005652,LE-IE-SYNTH-001,ACTIVE,xwalk_v1.0.0
HRIS-WKR-005829,PAY-WKR-005653,LE-IE-SYNTH-001,ACTIVE,xwalk_v1.0.0
HRIS-WKR-005830,PAY-WKR-005654,LE-IE-SYNTH-001,ACTIVE,xwalk_v1.0.0
HRIS-WKR-005831,PAY-WKR-005655,LE-IE-SYNTH-001,ACTIVE,xwalk_v1.0.0
HRIS-WKR-005832,PAY-WKR-005656,LE-IE-SYNTH-001,ACTIVE,xwalk_v1.0.0
HRIS-WKR-005833,PAY-WKR-005657,LE-IE-SYNTH-001,ACTIVE,xwalk_v1.0.0
HRIS-WKR-005834,PAY-WKR-005658,LE-IE-SYNTH-001,ACTIVE,xwalk_v1.0.0
HRIS-WKR-005835,PAY-WKR-005659,LE-IE-SYNTH-001,ACTIVE,xwalk_v1.0.0
HRIS-WKR-005836,,LE-IE-SYNTH-001,MISSING,xwalk_v1.0.0
HRIS-WKR-005837,PAY-WKR-005660,LE-IE-SYNTH-001,ACTIVE,xwalk_v1.0.0
HRIS-WKR-005838,PAY-WKR-005661,LE-IE-SYNTH-001,ACTIVE,xwalk_v1.0.0
HRIS-WKR-005839,,LE-IE-SYNTH-001,MISSING,xwalk_v1.0.0
HRIS-WKR-005840,PAY-WKR-005662,LE-IE-SYNTH-001,ACTIVE,xwalk_v1.0.0
HRIS-WKR-005841,PAY-WKR-005663,LE-IE-SYNTH-001,ACTIVE,xwalk_v1.0.0
HRIS-WKR-005842,PAY-WKR-005664,LE-IE-SYNTH-001,ACTIVE,xwalk_v1.0.0
HRIS-WKR-005843,PAY-WKR-005665,LE-IE-SYNTH-001,ACTIVE,xwalk_v1.0.0
HRIS-WKR-005844,PAY-WKR-005666,LE-IE-SYNTH-001,ACTIVE,xwalk_v1.0.0
HRIS-WKR-005845,PAY-WKR-005667,LE-IE-SYNTH-001,ACTIVE,xwalk_v1.0.0
HRIS-WKR-005846,PAY-WKR-005668,LE-IE-SYNTH-001,ACTIVE,xwalk_v1.0.0
HRIS-WKR-005847,PAY-WKR-005669,LE-IE-SYNTH-001,ACTIVE,xwalk_v1.0.0
HRIS-WKR-005848,PAY-WKR-005670,LE-IE-SYNTH-001,ACTIVE,xwalk_v1.0.0
HRIS-WKR-005849,PAY-WKR-005671,LE-IE-SYNTH-001,ACTIVE,xwalk_v1.0.0
HRIS-WKR-005850,PAY-WKR-005672,LE-IE-SYNTH-001,ACTIVE,xwalk_v1.0.0
HRIS-WKR-005851,PAY-WKR-005673,LE-IE-SYNTH-001,ACTIVE,xwalk_v1.0.0
HRIS-WKR-005852,PAY-WKR-005674,LE-IE-SYNTH-001,ACTIVE,xwalk_v1.0.0
HRIS-WKR-005853,PAY-WKR-005675,LE-IE-SYNTH-001,ACTIVE,xwalk_v1.0.0
HRIS-WKR-005854,PAY-WKR-005676,LE-IE-SYNTH-001,ACTIVE,xwalk_v1.0.0
HRIS-WKR-005855,PAY-WKR-005677,LE-IE-SYNTH-001,ACTIVE,xwalk_v1.0.0
HRIS-WKR-005856,PAY-WKR-005678,LE-IE-SYNTH-001,ACTIVE,xwalk_v1.0.0
HRIS-WKR-005857,PAY-WKR-005679,LE-IE-SYNTH-001,ACTIVE,xwalk_v1.0.0
HRIS-WKR-005858,PAY-WKR-005680,LE-IE-SYNTH-001,ACTIVE,xwalk_v1.0.0
HRIS-WKR-005859,PAY-WKR-005681,LE-IE-SYNTH-001,ACTIVE,xwalk_v1.0.0
HRIS-WKR-005860,PAY-WKR-005682,LE-IE-SYNTH-001,ACTIVE,xwalk_v1.0.0
HRIS-WKR-005861,PAY-WKR-005683,LE-IE-SYNTH-001,ACTIVE,xwalk_v1.0.0
HRIS-WKR-005862,PAY-WKR-005684,LE-IE-SYNTH-001,ACTIVE,xwalk_v1.0.0
HRIS-WKR-005863,PAY-WKR-005685,LE-IE-SYNTH-001,ACTIVE,xwalk_v1.0.0
HRIS-WKR-005864,PAY-WKR-005686,LE-IE-SYNTH-001,ACTIVE,xwalk_v1.0.0
HRIS-WKR-005865,PAY-WKR-005687,LE-IE-SYNTH-001,ACTIVE,xwalk_v1.0.0
HRIS-WKR-005866,,LE-IE-SYNTH-001,MISSING,xwalk_v1.0.0
HRIS-WKR-005867,PAY-WKR-005688,LE-IE-SYNTH-001,ACTIVE,xwalk_v1.0.0
HRIS-WKR-005868,PAY-WKR-005689,LE-IE-SYNTH-001,ACTIVE,xwalk_v1.0.0
HRIS-WKR-005869,PAY-WKR-005690,LE-IE-SYNTH-001,ACTIVE,xwalk_v1.0.0
HRIS-WKR-005870,PAY-WKR-005691,LE-IE-SYNTH-001,ACTIVE,xwalk_v1.0.0
HRIS-WKR-005871,PAY-WKR-005692,LE-IE-SYNTH-001,ACTIVE,xwalk_v1.0.0
HRIS-WKR-005872,PAY-WKR-005693,LE-IE-SYNTH-001,ACTIVE,xwalk_v1.0.0
HRIS-WKR-005873,PAY-WKR-005694,LE-IE-SYNTH-001,ACTIVE,xwalk_v1.0.0
HRIS-WKR-005874,PAY-WKR-005695,LE-IE-SYNTH-001,ACTIVE,xwalk_v1.0.0
HRIS-WKR-005875,PAY-WKR-005696,LE-IE-SYNTH-001,ACTIVE,xwalk_v1.0.0
HRIS-WKR-005876,PAY-WKR-005697,LE-IE-SYNTH-001,ACTIVE,xwalk_v1.0.0
HRIS-WKR-005877,PAY-WKR-005698,LE-IE-SYNTH-001,ACTIVE,xwalk_v1.0.0
HRIS-WKR-005878,PAY-WKR-005699,LE-IE-SYNTH-001,ACTIVE,xwalk_v1.0.0
HRIS-WKR-005879,PAY-WKR-005700,LE-IE-SYNTH-001,ACTIVE,xwalk_v1.0.0
HRIS-WKR-005880,PAY-WKR-005701,LE-IE-SYNTH-001,ACTIVE,xwalk_v1.0.0
HRIS-WKR-005881,PAY-WKR-005702,LE-IE-SYNTH-001,ACTIVE,xwalk_v1.0.0
HRIS-WKR-005882,PAY-WKR-005703,LE-IE-SYNTH-001,ACTIVE,xwalk_v1.0.0
HRIS-WKR-005883,PAY-WKR-005704,LE-IE-SYNTH-001,ACTIVE,xwalk_v1.0.0
HRIS-WKR-005884,PAY-WKR-005705,LE-IE-SYNTH-001,ACTIVE,xwalk_v1.0.0
HRIS-WKR-005885,PAY-WKR-005706,LE-IE-SYNTH-001,ACTIVE,xwalk_v1.0.0
HRIS-WKR-005886,PAY-WKR-005707,LE-IE-SYNTH-001,ACTIVE,xwalk_v1.0.0
HRIS-WKR-005887,PAY-WKR-005708,LE-IE-SYNTH-001,ACTIVE,xwalk_v1.0.0
HRIS-WKR-005888,PAY-WKR-005709,LE-IE-SYNTH-001,ACTIVE,xwalk_v1.0.0
HRIS-WKR-005889,PAY-WKR-005710,LE-IE-SYNTH-001,ACTIVE,xwalk_v1.0.0
HRIS-WKR-005890,PAY-WKR-005711,LE-IE-SYNTH-001,ACTIVE,xwalk_v1.0.0
HRIS-WKR-005891,PAY-WKR-005712,LE-IE-SYNTH-001,ACTIVE,xwalk_v1.0.0
HRIS-WKR-005892,PAY-WKR-005713,LE-IE-SYNTH-001,ACTIVE,xwalk_v1.0.0
HRIS-WKR-005893,PAY-WKR-005714,LE-IE-SYNTH-001,ACTIVE,xwalk_v1.0.0
HRIS-WKR-005894,PAY-WKR-005715,LE-IE-SYNTH-001,ACTIVE,xwalk_v1.0.0
HRIS-WKR-005895,PAY-WKR-005716,LE-IE-SYNTH-001,ACTIVE,xwalk_v1.0.0
HRIS-WKR-005896,PAY-WKR-005717,LE-IE-SYNTH-001,ACTIVE,xwalk_v1.0.0
HRIS-WKR-005897,PAY-WKR-005718,LE-IE-SYNTH-001,ACTIVE,xwalk_v1.0.0
HRIS-WKR-005898,PAY-WKR-005719,LE-IE-SYNTH-001,ACTIVE,xwalk_v1.0.0
HRIS-WKR-005899,PAY-WKR-005720,LE-IE-SYNTH-001,ACTIVE,xwalk_v1.0.0
HRIS-WKR-005900,PAY-WKR-005721,LE-IE-SYNTH-001,ACTIVE,xwalk_v1.0.0
HRIS-WKR-005901,PAY-WKR-005722,LE-IE-SYNTH-001,ACTIVE,xwalk_v1.0.0
HRIS-WKR-005902,PAY-WKR-005723,LE-IE-SYNTH-001,ACTIVE,xwalk_v1.0.0
HRIS-WKR-005903,PAY-WKR-005724,LE-IE-SYNTH-001,ACTIVE,xwalk_v1.0.0
HRIS-WKR-005904,PAY-WKR-005725,LE-IE-SYNTH-001,ACTIVE,xwalk_v1.0.0
HRIS-WKR-005905,PAY-WKR-005726,LE-IE-SYNTH-001,ACTIVE,xwalk_v1.0.0
HRIS-WKR-005906,PAY-WKR-005727,LE-IE-SYNTH-001,ACTIVE,xwalk_v1.0.0
HRIS-WKR-005907,PAY-WKR-005728,LE-IE-SYNTH-001,ACTIVE,xwalk_v1.0.0
HRIS-WKR-005908,PAY-WKR-005729,LE-IE-SYNTH-001,ACTIVE,xwalk_v1.0.0
HRIS-WKR-005909,PAY-WKR-005730,LE-IE-SYNTH-001,ACTIVE,xwalk_v1.0.0
HRIS-WKR-005910,PAY-WKR-005731,LE-IE-SYNTH-001,ACTIVE,xwalk_v1.0.0
HRIS-WKR-005911,PAY-WKR-005732,LE-IE-SYNTH-001,ACTIVE,xwalk_v1.0.0
HRIS-WKR-005912,PAY-WKR-005733,LE-IE-SYNTH-001,ACTIVE,xwalk_v1.0.0
HRIS-WKR-005913,PAY-WKR-005734,LE-IE-SYNTH-001,ACTIVE,xwalk_v1.0.0
HRIS-WKR-005914,PAY-WKR-005735,LE-IE-SYNTH-001,ACTIVE,xwalk_v1.0.0
HRIS-WKR-005915,PAY-WKR-005736,LE-IE-SYNTH-001,ACTIVE,xwalk_v1.0.0
HRIS-WKR-005916,PAY-WKR-005737,LE-IE-SYNTH-001,ACTIVE,xwalk_v1.0.0
HRIS-WKR-005917,PAY-WKR-005738,LE-IE-SYNTH-001,ACTIVE,xwalk_v1.0.0
HRIS-WKR-005918,PAY-WKR-005739,LE-IE-SYNTH-001,ACTIVE,xwalk_v1.0.0
HRIS-WKR-005919,PAY-WKR-005740,LE-IE-SYNTH-001,ACTIVE,xwalk_v1.0.0
HRIS-WKR-005920,PAY-WKR-005741,LE-IE-SYNTH-001,ACTIVE,xwalk_v1.0.0
HRIS-WKR-005921,PAY-WKR-005742,LE-IE-SYNTH-001,ACTIVE,xwalk_v1.0.0
HRIS-WKR-005922,PAY-WKR-005743,LE-IE-SYNTH-001,ACTIVE,xwalk_v1.0.0
HRIS-WKR-005923,PAY-WKR-005744,LE-IE-SYNTH-001,ACTIVE,xwalk_v1.0.0
HRIS-WKR-005924,PAY-WKR-005745,LE-IE-SYNTH-001,ACTIVE,xwalk_v1.0.0
HRIS-WKR-005925,PAY-WKR-005746,LE-IE-SYNTH-001,ACTIVE,xwalk_v1.0.0
HRIS-WKR-005926,PAY-WKR-005747,LE-IE-SYNTH-001,ACTIVE,xwalk_v1.0.0
HRIS-WKR-005927,PAY-WKR-005748,LE-IE-SYNTH-001,ACTIVE,xwalk_v1.0.0
HRIS-WKR-005928,PAY-WKR-005749,LE-IE-SYNTH-001,ACTIVE,xwalk_v1.0.0
HRIS-WKR-005929,PAY-WKR-005750,LE-IE-SYNTH-001,ACTIVE,xwalk_v1.0.0
HRIS-WKR-005930,PAY-WKR-005751,LE-IE-SYNTH-001,ACTIVE,xwalk_v1.0.0
HRIS-WKR-005931,PAY-WKR-005752,LE-IE-SYNTH-001,ACTIVE,xwalk_v1.0.0
HRIS-WKR-005932,PAY-WKR-005753,LE-IE-SYNTH-001,ACTIVE,xwalk_v1.0.0
HRIS-WKR-005933,PAY-WKR-005754,LE-IE-SYNTH-001,ACTIVE,xwalk_v1.0.0
HRIS-WKR-005934,PAY-WKR-005755,LE-IE-SYNTH-001,ACTIVE,xwalk_v1.0.0
HRIS-WKR-005935,PAY-WKR-005756,LE-IE-SYNTH-001,ACTIVE,xwalk_v1.0.0
HRIS-WKR-005936,PAY-WKR-005757,LE-IE-SYNTH-001,ACTIVE,xwalk_v1.0.0
HRIS-WKR-005937,PAY-WKR-005758,LE-IE-SYNTH-001,ACTIVE,xwalk_v1.0.0
HRIS-WKR-005938,PAY-WKR-005759,LE-IE-SYNTH-001,ACTIVE,xwalk_v1.0.0
HRIS-WKR-005939,PAY-WKR-005760,LE-IE-SYNTH-001,ACTIVE,xwalk_v1.0.0
HRIS-WKR-005940,PAY-WKR-005761,LE-IE-SYNTH-001,ACTIVE,xwalk_v1.0.0
HRIS-WKR-005941,PAY-WKR-005762,LE-IE-SYNTH-001,ACTIVE,xwalk_v1.0.0
HRIS-WKR-005942,PAY-WKR-005763,LE-IE-SYNTH-001,ACTIVE,xwalk_v1.0.0
HRIS-WKR-005943,PAY-WKR-005764,LE-IE-SYNTH-001,ACTIVE,xwalk_v1.0.0
HRIS-WKR-005944,PAY-WKR-005765,LE-IE-SYNTH-001,ACTIVE,xwalk_v1.0.0
HRIS-WKR-005945,PAY-WKR-005766,LE-IE-SYNTH-001,ACTIVE,xwalk_v1.0.0
HRIS-WKR-005946,PAY-WKR-005767,LE-IE-SYNTH-001,ACTIVE,xwalk_v1.0.0
HRIS-WKR-005947,PAY-WKR-005768,LE-IE-SYNTH-001,ACTIVE,xwalk_v1.0.0
HRIS-WKR-005948,PAY-WKR-005769,LE-IE-SYNTH-001,ACTIVE,xwalk_v1.0.0
HRIS-WKR-005949,PAY-WKR-005770,LE-IE-SYNTH-001,ACTIVE,xwalk_v1.0.0
HRIS-WKR-005950,PAY-WKR-005771,LE-IE-SYNTH-001,ACTIVE,xwalk_v1.0.0
HRIS-WKR-005951,PAY-WKR-005772,LE-IE-SYNTH-001,ACTIVE,xwalk_v1.0.0
HRIS-WKR-005952,PAY-WKR-005773,LE-IE-SYNTH-001,ACTIVE,xwalk_v1.0.0
HRIS-WKR-005953,PAY-WKR-005774,LE-IE-SYNTH-001,ACTIVE,xwalk_v1.0.0
HRIS-WKR-005954,PAY-WKR-005775,LE-IE-SYNTH-001,ACTIVE,xwalk_v1.0.0
HRIS-WKR-005955,PAY-WKR-005776,LE-IE-SYNTH-001,ACTIVE,xwalk_v1.0.0
HRIS-WKR-005956,PAY-WKR-005777,LE-IE-SYNTH-001,ACTIVE,xwalk_v1.0.0
HRIS-WKR-005957,PAY-WKR-005778,LE-IE-SYNTH-001,ACTIVE,xwalk_v1.0.0
HRIS-WKR-005958,PAY-WKR-005779,LE-IE-SYNTH-001,ACTIVE,xwalk_v1.0.0
HRIS-WKR-005959,PAY-WKR-005780,LE-IE-SYNTH-001,ACTIVE,xwalk_v1.0.0
HRIS-WKR-005960,PAY-WKR-005781,LE-IE-SYNTH-001,ACTIVE,xwalk_v1.0.0
HRIS-WKR-005961,PAY-WKR-005782,LE-IE-SYNTH-001,ACTIVE,xwalk_v1.0.0
HRIS-WKR-005962,PAY-WKR-005783,LE-IE-SYNTH-001,ACTIVE,xwalk_v1.0.0
HRIS-WKR-005963,PAY-WKR-005784,LE-IE-SYNTH-001,ACTIVE,xwalk_v1.0.0
HRIS-WKR-005964,PAY-WKR-005785,LE-IE-SYNTH-001,ACTIVE,xwalk_v1.0.0
HRIS-WKR-005965,PAY-WKR-005786,LE-IE-SYNTH-001,ACTIVE,xwalk_v1.0.0
HRIS-WKR-005966,PAY-WKR-005787,LE-IE-SYNTH-001,ACTIVE,xwalk_v1.0.0
HRIS-WKR-005967,PAY-WKR-005788,LE-IE-SYNTH-001,ACTIVE,xwalk_v1.0.0
HRIS-WKR-005968,PAY-WKR-005789,LE-IE-SYNTH-001,ACTIVE,xwalk_v1.0.0
HRIS-WKR-005969,PAY-WKR-005790,LE-IE-SYNTH-001,ACTIVE,xwalk_v1.0.0
HRIS-WKR-005970,PAY-WKR-005791,LE-IE-SYNTH-001,ACTIVE,xwalk_v1.0.0
HRIS-WKR-005971,PAY-WKR-005792,LE-IE-SYNTH-001,ACTIVE,xwalk_v1.0.0
HRIS-WKR-005972,PAY-WKR-005793,LE-IE-SYNTH-001,ACTIVE,xwalk_v1.0.0
HRIS-WKR-005973,PAY-WKR-005794,LE-IE-SYNTH-001,ACTIVE,xwalk_v1.0.0
HRIS-WKR-005974,PAY-WKR-005795,LE-IE-SYNTH-001,ACTIVE,xwalk_v1.0.0
HRIS-WKR-005975,PAY-WKR-005796,LE-IE-SYNTH-001,ACTIVE,xwalk_v1.0.0
HRIS-WKR-005976,PAY-WKR-005797,LE-IE-SYNTH-001,ACTIVE,xwalk_v1.0.0
HRIS-WKR-005977,PAY-WKR-005798,LE-IE-SYNTH-001,ACTIVE,xwalk_v1.0.0
HRIS-WKR-005978,PAY-WKR-005799,LE-IE-SYNTH-001,ACTIVE,xwalk_v1.0.0
HRIS-WKR-005979,PAY-WKR-005800,LE-IE-SYNTH-001,ACTIVE,xwalk_v1.0.0
HRIS-WKR-005980,PAY-WKR-005801,LE-IE-SYNTH-001,ACTIVE,xwalk_v1.0.0
HRIS-WKR-005981,PAY-WKR-005802,LE-IE-SYNTH-001,ACTIVE,xwalk_v1.0.0
HRIS-WKR-005982,PAY-WKR-005803,LE-IE-SYNTH-001,ACTIVE,xwalk_v1.0.0
HRIS-WKR-005983,PAY-WKR-005804,LE-IE-SYNTH-001,ACTIVE,xwalk_v1.0.0
HRIS-WKR-005984,PAY-WKR-005805,LE-IE-SYNTH-001,ACTIVE,xwalk_v1.0.0
HRIS-WKR-005985,PAY-WKR-005806,LE-IE-SYNTH-001,ACTIVE,xwalk_v1.0.0
HRIS-WKR-005986,PAY-WKR-005807,LE-IE-SYNTH-001,ACTIVE,xwalk_v1.0.0
HRIS-WKR-005987,PAY-WKR-005808,LE-IE-SYNTH-001,ACTIVE,xwalk_v1.0.0
HRIS-WKR-005988,PAY-WKR-005809,LE-IE-SYNTH-001,ACTIVE,xwalk_v1.0.0
HRIS-WKR-005989,PAY-WKR-005810,LE-IE-SYNTH-001,ACTIVE,xwalk_v1.0.0
HRIS-WKR-005990,PAY-WKR-005811,LE-IE-SYNTH-001,ACTIVE,xwalk_v1.0.0
HRIS-WKR-005991,PAY-WKR-005812,LE-IE-SYNTH-001,ACTIVE,xwalk_v1.0.0
HRIS-WKR-005992,PAY-WKR-005813,LE-IE-SYNTH-001,ACTIVE,xwalk_v1.0.0
HRIS-WKR-005993,PAY-WKR-005814,LE-IE-SYNTH-001,ACTIVE,xwalk_v1.0.0
HRIS-WKR-005994,PAY-WKR-005815,LE-IE-SYNTH-001,ACTIVE,xwalk_v1.0.0
HRIS-WKR-005995,PAY-WKR-005816,LE-IE-SYNTH-001,ACTIVE,xwalk_v1.0.0
HRIS-WKR-005996,PAY-WKR-005817,LE-IE-SYNTH-001,ACTIVE,xwalk_v1.0.0
HRIS-WKR-005997,PAY-WKR-005818,LE-IE-SYNTH-001,ACTIVE,xwalk_v1.0.0
HRIS-WKR-005998,PAY-WKR-005819,LE-IE-SYNTH-001,ACTIVE,xwalk_v1.0.0
HRIS-WKR-005999,PAY-WKR-005820,LE-IE-SYNTH-001,ACTIVE,xwalk_v1.0.0
HRIS-WKR-006000,PAY-WKR-005821,LE-IE-SYNTH-001,ACTIVE,xwalk_v1.0.0
HRIS-WKR-006001,PAY-WKR-005822,LE-IE-SYNTH-001,ACTIVE,xwalk_v1.0.0
HRIS-WKR-006002,,LE-IE-SYNTH-001,MISSING,xwalk_v1.0.0
HRIS-WKR-006003,PAY-WKR-005823,LE-IE-SYNTH-001,ACTIVE,xwalk_v1.0.0
HRIS-WKR-006004,,LE-IE-SYNTH-001,MISSING,xwalk_v1.0.0
HRIS-WKR-006005,PAY-WKR-005824,LE-IE-SYNTH-001,ACTIVE,xwalk_v1.0.0
HRIS-WKR-006006,PAY-WKR-005825,LE-IE-SYNTH-001,ACTIVE,xwalk_v1.0.0
HRIS-WKR-006007,PAY-WKR-005826,LE-IE-SYNTH-001,ACTIVE,xwalk_v1.0.0
HRIS-WKR-006008,PAY-WKR-005827,LE-IE-SYNTH-001,ACTIVE,xwalk_v1.0.0
HRIS-WKR-006009,PAY-WKR-005828,LE-IE-SYNTH-001,ACTIVE,xwalk_v1.0.0
HRIS-WKR-006010,PAY-WKR-005829,LE-IE-SYNTH-001,ACTIVE,xwalk_v1.0.0
HRIS-WKR-006011,PAY-WKR-005830,LE-IE-SYNTH-001,ACTIVE,xwalk_v1.0.0
HRIS-WKR-006012,PAY-WKR-005831,LE-IE-SYNTH-001,ACTIVE,xwalk_v1.0.0
HRIS-WKR-006013,PAY-WKR-005832,LE-IE-SYNTH-001,ACTIVE,xwalk_v1.0.0
HRIS-WKR-006014,PAY-WKR-005833,LE-IE-SYNTH-001,ACTIVE,xwalk_v1.0.0
HRIS-WKR-006015,PAY-WKR-005834,LE-IE-SYNTH-001,ACTIVE,xwalk_v1.0.0
HRIS-WKR-006016,PAY-WKR-005835,LE-IE-SYNTH-001,ACTIVE,xwalk_v1.0.0
HRIS-WKR-006017,PAY-WKR-005836,LE-IE-SYNTH-001,ACTIVE,xwalk_v1.0.0
HRIS-WKR-006018,PAY-WKR-005837,LE-IE-SYNTH-001,ACTIVE,xwalk_v1.0.0
HRIS-WKR-006019,PAY-WKR-005838,LE-IE-SYNTH-001,ACTIVE,xwalk_v1.0.0
HRIS-WKR-006020,PAY-WKR-005839,LE-IE-SYNTH-001,ACTIVE,xwalk_v1.0.0
HRIS-WKR-006021,PAY-WKR-005840,LE-IE-SYNTH-001,ACTIVE,xwalk_v1.0.0
HRIS-WKR-006022,PAY-WKR-005841,LE-IE-SYNTH-001,ACTIVE,xwalk_v1.0.0
HRIS-WKR-006023,PAY-WKR-005842,LE-IE-SYNTH-001,ACTIVE,xwalk_v1.0.0
HRIS-WKR-006024,PAY-WKR-005843,LE-IE-SYNTH-001,ACTIVE,xwalk_v1.0.0
HRIS-WKR-006025,PAY-WKR-005844,LE-IE-SYNTH-001,ACTIVE,xwalk_v1.0.0
HRIS-WKR-006026,PAY-WKR-005845,LE-IE-SYNTH-001,ACTIVE,xwalk_v1.0.0
HRIS-WKR-006027,PAY-WKR-005846,LE-IE-SYNTH-001,ACTIVE,xwalk_v1.0.0
HRIS-WKR-006028,PAY-WKR-005847,LE-IE-SYNTH-001,ACTIVE,xwalk_v1.0.0
HRIS-WKR-006029,PAY-WKR-005848,LE-IE-SYNTH-001,ACTIVE,xwalk_v1.0.0
HRIS-WKR-006030,PAY-WKR-005849,LE-IE-SYNTH-001,ACTIVE,xwalk_v1.0.0
HRIS-WKR-006031,PAY-WKR-005850,LE-IE-SYNTH-001,ACTIVE,xwalk_v1.0.0
HRIS-WKR-006032,PAY-WKR-005851,LE-IE-SYNTH-001,ACTIVE,xwalk_v1.0.0
HRIS-WKR-006033,PAY-WKR-005852,LE-IE-SYNTH-001,ACTIVE,xwalk_v1.0.0
HRIS-WKR-006034,PAY-WKR-005853,LE-IE-SYNTH-001,ACTIVE,xwalk_v1.0.0
HRIS-WKR-006035,PAY-WKR-005854,LE-IE-SYNTH-001,ACTIVE,xwalk_v1.0.0
HRIS-WKR-006036,PAY-WKR-005855,LE-IE-SYNTH-001,ACTIVE,xwalk_v1.0.0
HRIS-WKR-006037,PAY-WKR-005856,LE-IE-SYNTH-001,ACTIVE,xwalk_v1.0.0
HRIS-WKR-006038,PAY-WKR-005857,LE-IE-SYNTH-001,ACTIVE,xwalk_v1.0.0
HRIS-WKR-006039,PAY-WKR-005858,LE-IE-SYNTH-001,ACTIVE,xwalk_v1.0.0
HRIS-WKR-006040,PAY-WKR-005859,LE-IE-SYNTH-001,ACTIVE,xwalk_v1.0.0
HRIS-WKR-006041,PAY-WKR-005860,LE-IE-SYNTH-001,ACTIVE,xwalk_v1.0.0
HRIS-WKR-006042,PAY-WKR-005861,LE-IE-SYNTH-001,ACTIVE,xwalk_v1.0.0
HRIS-WKR-006043,PAY-WKR-005862,LE-IE-SYNTH-001,ACTIVE,xwalk_v1.0.0
HRIS-WKR-006044,PAY-WKR-005863,LE-IE-SYNTH-001,ACTIVE,xwalk_v1.0.0
HRIS-WKR-006045,PAY-WKR-005864,LE-IE-SYNTH-001,ACTIVE,xwalk_v1.0.0
HRIS-WKR-006046,PAY-WKR-005865,LE-IE-SYNTH-001,ACTIVE,xwalk_v1.0.0
HRIS-WKR-006047,PAY-WKR-005866,LE-IE-SYNTH-001,ACTIVE,xwalk_v1.0.0
HRIS-WKR-006048,PAY-WKR-005867,LE-IE-SYNTH-001,ACTIVE,xwalk_v1.0.0
HRIS-WKR-006049,PAY-WKR-005868,LE-IE-SYNTH-001,ACTIVE,xwalk_v1.0.0
HRIS-WKR-006050,PAY-WKR-005869,LE-IE-SYNTH-001,ACTIVE,xwalk_v1.0.0
HRIS-WKR-006051,PAY-WKR-005870,LE-IE-SYNTH-001,ACTIVE,xwalk_v1.0.0
HRIS-WKR-006052,PAY-WKR-005871,LE-IE-SYNTH-001,ACTIVE,xwalk_v1.0.0
HRIS-WKR-006053,PAY-WKR-005872,LE-IE-SYNTH-001,ACTIVE,xwalk_v1.0.0
HRIS-WKR-006054,PAY-WKR-005873,LE-IE-SYNTH-001,ACTIVE,xwalk_v1.0.0
HRIS-WKR-006055,PAY-WKR-005874,LE-IE-SYNTH-001,ACTIVE,xwalk_v1.0.0
HRIS-WKR-006056,PAY-WKR-005875,LE-IE-SYNTH-001,ACTIVE,xwalk_v1.0.0
HRIS-WKR-006057,PAY-WKR-005876,LE-IE-SYNTH-001,ACTIVE,xwalk_v1.0.0
HRIS-WKR-006058,PAY-WKR-005877,LE-IE-SYNTH-001,ACTIVE,xwalk_v1.0.0
HRIS-WKR-006059,PAY-WKR-005878,LE-IE-SYNTH-001,ACTIVE,xwalk_v1.0.0
HRIS-WKR-006060,PAY-WKR-005879,LE-IE-SYNTH-001,ACTIVE,xwalk_v1.0.0
HRIS-WKR-006061,PAY-WKR-005880,LE-IE-SYNTH-001,ACTIVE,xwalk_v1.0.0
HRIS-WKR-006062,PAY-WKR-005881,LE-IE-SYNTH-001,ACTIVE,xwalk_v1.0.0
HRIS-WKR-006063,PAY-WKR-005882,LE-IE-SYNTH-001,ACTIVE,xwalk_v1.0.0
HRIS-WKR-006064,PAY-WKR-005883,LE-IE-SYNTH-001,ACTIVE,xwalk_v1.0.0
HRIS-WKR-006065,PAY-WKR-005884,LE-IE-SYNTH-001,ACTIVE,xwalk_v1.0.0
HRIS-WKR-006066,PAY-WKR-005885,LE-IE-SYNTH-001,ACTIVE,xwalk_v1.0.0
HRIS-WKR-006067,PAY-WKR-005886,LE-IE-SYNTH-001,ACTIVE,xwalk_v1.0.0
HRIS-WKR-006068,PAY-WKR-005887,LE-IE-SYNTH-001,ACTIVE,xwalk_v1.0.0
HRIS-WKR-006069,PAY-WKR-005888,LE-IE-SYNTH-001,ACTIVE,xwalk_v1.0.0
HRIS-WKR-006070,PAY-WKR-005889,LE-IE-SYNTH-001,ACTIVE,xwalk_v1.0.0
HRIS-WKR-006071,PAY-WKR-005890,LE-IE-SYNTH-001,ACTIVE,xwalk_v1.0.0
HRIS-WKR-006072,PAY-WKR-005891,LE-IE-SYNTH-001,ACTIVE,xwalk_v1.0.0
HRIS-WKR-006073,PAY-WKR-005892,LE-IE-SYNTH-001,ACTIVE,xwalk_v1.0.0
HRIS-WKR-006074,PAY-WKR-005893,LE-IE-SYNTH-001,ACTIVE,xwalk_v1.0.0
HRIS-WKR-006075,PAY-WKR-005894,LE-IE-SYNTH-001,ACTIVE,xwalk_v1.0.0
HRIS-WKR-006076,PAY-WKR-005895,LE-IE-SYNTH-001,ACTIVE,xwalk_v1.0.0
HRIS-WKR-006077,PAY-WKR-005896,LE-IE-SYNTH-001,ACTIVE,xwalk_v1.0.0
HRIS-WKR-006078,PAY-WKR-005897,LE-IE-SYNTH-001,ACTIVE,xwalk_v1.0.0
HRIS-WKR-006079,PAY-WKR-005898,LE-IE-SYNTH-001,ACTIVE,xwalk_v1.0.0
HRIS-WKR-006080,PAY-WKR-005899,LE-IE-SYNTH-001,ACTIVE,xwalk_v1.0.0
HRIS-WKR-006081,PAY-WKR-005900,LE-IE-SYNTH-001,ACTIVE,xwalk_v1.0.0
HRIS-WKR-006082,PAY-WKR-005901,LE-IE-SYNTH-001,ACTIVE,xwalk_v1.0.0
HRIS-WKR-006083,PAY-WKR-005902,LE-IE-SYNTH-001,ACTIVE,xwalk_v1.0.0
HRIS-WKR-006084,PAY-WKR-005903,LE-IE-SYNTH-001,ACTIVE,xwalk_v1.0.0
HRIS-WKR-006085,PAY-WKR-005904,LE-IE-SYNTH-001,ACTIVE,xwalk_v1.0.0
HRIS-WKR-006086,,LE-IE-SYNTH-001,MISSING,xwalk_v1.0.0
HRIS-WKR-006087,PAY-WKR-005905,LE-IE-SYNTH-001,ACTIVE,xwalk_v1.0.0
HRIS-WKR-006088,PAY-WKR-005906,LE-IE-SYNTH-001,ACTIVE,xwalk_v1.0.0
HRIS-WKR-006089,PAY-WKR-005907,LE-IE-SYNTH-001,ACTIVE,xwalk_v1.0.0
HRIS-WKR-006090,PAY-WKR-005908,LE-IE-SYNTH-001,ACTIVE,xwalk_v1.0.0
HRIS-WKR-006091,PAY-WKR-005909,LE-IE-SYNTH-001,ACTIVE,xwalk_v1.0.0
HRIS-WKR-006092,PAY-WKR-005910,LE-IE-SYNTH-001,ACTIVE,xwalk_v1.0.0
HRIS-WKR-006093,PAY-WKR-005911,LE-IE-SYNTH-001,ACTIVE,xwalk_v1.0.0
HRIS-WKR-006094,PAY-WKR-005912,LE-IE-SYNTH-001,ACTIVE,xwalk_v1.0.0
HRIS-WKR-006095,PAY-WKR-005913,LE-IE-SYNTH-001,ACTIVE,xwalk_v1.0.0
HRIS-WKR-006096,PAY-WKR-005914,LE-IE-SYNTH-001,ACTIVE,xwalk_v1.0.0
HRIS-WKR-006097,PAY-WKR-005915,LE-IE-SYNTH-001,ACTIVE,xwalk_v1.0.0
HRIS-WKR-006098,PAY-WKR-005916,LE-IE-SYNTH-001,ACTIVE,xwalk_v1.0.0
HRIS-WKR-006099,PAY-WKR-005917,LE-IE-SYNTH-001,ACTIVE,xwalk_v1.0.0
HRIS-WKR-006100,PAY-WKR-005918,LE-IE-SYNTH-001,ACTIVE,xwalk_v1.0.0
HRIS-WKR-006101,PAY-WKR-005919,LE-IE-SYNTH-001,ACTIVE,xwalk_v1.0.0
HRIS-WKR-006102,PAY-WKR-005920,LE-IE-SYNTH-001,ACTIVE,xwalk_v1.0.0
HRIS-WKR-006103,PAY-WKR-005921,LE-IE-SYNTH-001,ACTIVE,xwalk_v1.0.0
HRIS-WKR-006104,PAY-WKR-005922,LE-IE-SYNTH-001,ACTIVE,xwalk_v1.0.0
HRIS-WKR-006105,PAY-WKR-005923,LE-IE-SYNTH-001,ACTIVE,xwalk_v1.0.0
HRIS-WKR-006106,PAY-WKR-005924,LE-IE-SYNTH-001,ACTIVE,xwalk_v1.0.0
HRIS-WKR-006107,PAY-WKR-005925,LE-IE-SYNTH-001,ACTIVE,xwalk_v1.0.0
HRIS-WKR-006108,PAY-WKR-005926,LE-IE-SYNTH-001,ACTIVE,xwalk_v1.0.0
HRIS-WKR-006109,PAY-WKR-005927,LE-IE-SYNTH-001,ACTIVE,xwalk_v1.0.0
HRIS-WKR-006110,PAY-WKR-005928,LE-IE-SYNTH-001,ACTIVE,xwalk_v1.0.0
HRIS-WKR-006111,PAY-WKR-005929,LE-IE-SYNTH-001,ACTIVE,xwalk_v1.0.0
HRIS-WKR-006112,PAY-WKR-005930,LE-IE-SYNTH-001,ACTIVE,xwalk_v1.0.0
HRIS-WKR-006113,PAY-WKR-005931,LE-IE-SYNTH-001,ACTIVE,xwalk_v1.0.0
HRIS-WKR-006114,PAY-WKR-005932,LE-IE-SYNTH-001,ACTIVE,xwalk_v1.0.0
HRIS-WKR-006115,PAY-WKR-005933,LE-IE-SYNTH-001,ACTIVE,xwalk_v1.0.0
HRIS-WKR-006116,PAY-WKR-005934,LE-IE-SYNTH-001,ACTIVE,xwalk_v1.0.0
HRIS-WKR-006117,PAY-WKR-005935,LE-IE-SYNTH-001,ACTIVE,xwalk_v1.0.0
HRIS-WKR-006118,PAY-WKR-005936,LE-IE-SYNTH-001,ACTIVE,xwalk_v1.0.0
HRIS-WKR-006119,PAY-WKR-005937,LE-IE-SYNTH-001,ACTIVE,xwalk_v1.0.0
HRIS-WKR-006120,PAY-WKR-005938,LE-IE-SYNTH-001,ACTIVE,xwalk_v1.0.0
HRIS-WKR-006121,PAY-WKR-005939,LE-IE-SYNTH-001,ACTIVE,xwalk_v1.0.0
HRIS-WKR-006122,PAY-WKR-005940,LE-IE-SYNTH-001,ACTIVE,xwalk_v1.0.0
HRIS-WKR-006123,PAY-WKR-005941,LE-IE-SYNTH-001,ACTIVE,xwalk_v1.0.0
HRIS-WKR-006124,PAY-WKR-005942,LE-IE-SYNTH-001,ACTIVE,xwalk_v1.0.0
HRIS-WKR-006125,PAY-WKR-005943,LE-IE-SYNTH-001,ACTIVE,xwalk_v1.0.0
HRIS-WKR-006126,PAY-WKR-005944,LE-IE-SYNTH-001,ACTIVE,xwalk_v1.0.0
HRIS-WKR-006127,PAY-WKR-005945,LE-IE-SYNTH-001,ACTIVE,xwalk_v1.0.0
HRIS-WKR-006128,PAY-WKR-005946,LE-IE-SYNTH-001,ACTIVE,xwalk_v1.0.0
HRIS-WKR-006129,PAY-WKR-005947,LE-IE-SYNTH-001,ACTIVE,xwalk_v1.0.0
HRIS-WKR-006130,PAY-WKR-005948,LE-IE-SYNTH-001,ACTIVE,xwalk_v1.0.0
HRIS-WKR-006131,PAY-WKR-005949,LE-IE-SYNTH-001,ACTIVE,xwalk_v1.0.0
HRIS-WKR-006132,PAY-WKR-005950,LE-IE-SYNTH-001,ACTIVE,xwalk_v1.0.0
HRIS-WKR-006133,PAY-WKR-005951,LE-IE-SYNTH-001,ACTIVE,xwalk_v1.0.0
HRIS-WKR-006134,PAY-WKR-005952,LE-IE-SYNTH-001,ACTIVE,xwalk_v1.0.0
HRIS-WKR-006135,PAY-WKR-005953,LE-IE-SYNTH-001,ACTIVE,xwalk_v1.0.0
HRIS-WKR-006136,PAY-WKR-005954,LE-IE-SYNTH-001,ACTIVE,xwalk_v1.0.0
HRIS-WKR-006137,PAY-WKR-005955,LE-IE-SYNTH-001,ACTIVE,xwalk_v1.0.0
HRIS-WKR-006138,PAY-WKR-005956,LE-IE-SYNTH-001,ACTIVE,xwalk_v1.0.0
HRIS-WKR-006139,PAY-WKR-005957,LE-IE-SYNTH-001,ACTIVE,xwalk_v1.0.0
HRIS-WKR-006140,,LE-IE-SYNTH-001,MISSING,xwalk_v1.0.0
HRIS-WKR-006141,PAY-WKR-005958,LE-IE-SYNTH-001,ACTIVE,xwalk_v1.0.0
HRIS-WKR-006142,PAY-WKR-005959,LE-IE-SYNTH-001,ACTIVE,xwalk_v1.0.0
HRIS-WKR-006143,PAY-WKR-005960,LE-IE-SYNTH-001,ACTIVE,xwalk_v1.0.0
HRIS-WKR-006144,PAY-WKR-005961,LE-IE-SYNTH-001,ACTIVE,xwalk_v1.0.0
HRIS-WKR-006145,PAY-WKR-005962,LE-IE-SYNTH-001,ACTIVE,xwalk_v1.0.0
HRIS-WKR-006146,PAY-WKR-005963,LE-IE-SYNTH-001,ACTIVE,xwalk_v1.0.0
HRIS-WKR-006147,PAY-WKR-005964,LE-IE-SYNTH-001,ACTIVE,xwalk_v1.0.0
HRIS-WKR-006148,PAY-WKR-005965,LE-IE-SYNTH-001,ACTIVE,xwalk_v1.0.0
HRIS-WKR-006149,PAY-WKR-005966,LE-IE-SYNTH-001,ACTIVE,xwalk_v1.0.0
HRIS-WKR-006150,PAY-WKR-005967,LE-IE-SYNTH-001,ACTIVE,xwalk_v1.0.0
HRIS-WKR-006151,PAY-WKR-005968,LE-IE-SYNTH-001,ACTIVE,xwalk_v1.0.0
HRIS-WKR-006152,PAY-WKR-005969,LE-IE-SYNTH-001,ACTIVE,xwalk_v1.0.0
HRIS-WKR-006153,PAY-WKR-005970,LE-IE-SYNTH-001,ACTIVE,xwalk_v1.0.0
HRIS-WKR-006154,PAY-WKR-005971,LE-IE-SYNTH-001,ACTIVE,xwalk_v1.0.0
HRIS-WKR-006155,PAY-WKR-005972,LE-IE-SYNTH-001,ACTIVE,xwalk_v1.0.0
HRIS-WKR-006156,PAY-WKR-005973,LE-IE-SYNTH-001,ACTIVE,xwalk_v1.0.0
HRIS-WKR-006157,PAY-WKR-005974,LE-IE-SYNTH-001,ACTIVE,xwalk_v1.0.0
HRIS-WKR-006158,PAY-WKR-005975,LE-IE-SYNTH-001,ACTIVE,xwalk_v1.0.0
HRIS-WKR-006159,PAY-WKR-005976,LE-IE-SYNTH-001,ACTIVE,xwalk_v1.0.0
HRIS-WKR-006160,PAY-WKR-005977,LE-IE-SYNTH-001,ACTIVE,xwalk_v1.0.0
HRIS-WKR-006161,PAY-WKR-005978,LE-IE-SYNTH-001,ACTIVE,xwalk_v1.0.0
HRIS-WKR-006162,PAY-WKR-005979,LE-IE-SYNTH-001,ACTIVE,xwalk_v1.0.0
HRIS-WKR-006163,PAY-WKR-005980,LE-IE-SYNTH-001,ACTIVE,xwalk_v1.0.0
HRIS-WKR-006164,PAY-WKR-005981,LE-IE-SYNTH-001,ACTIVE,xwalk_v1.0.0
HRIS-WKR-006165,PAY-WKR-005982,LE-IE-SYNTH-001,ACTIVE,xwalk_v1.0.0
HRIS-WKR-006166,PAY-WKR-005983,LE-IE-SYNTH-001,ACTIVE,xwalk_v1.0.0
HRIS-WKR-006167,PAY-WKR-005984,LE-IE-SYNTH-001,ACTIVE,xwalk_v1.0.0
HRIS-WKR-006168,PAY-WKR-005985,LE-IE-SYNTH-001,ACTIVE,xwalk_v1.0.0
HRIS-WKR-006169,PAY-WKR-005986,LE-IE-SYNTH-001,ACTIVE,xwalk_v1.0.0
HRIS-WKR-006170,PAY-WKR-005987,LE-IE-SYNTH-001,ACTIVE,xwalk_v1.0.0
HRIS-WKR-006171,PAY-WKR-005988,LE-IE-SYNTH-001,ACTIVE,xwalk_v1.0.0
HRIS-WKR-006172,PAY-WKR-005989,LE-IE-SYNTH-001,ACTIVE,xwalk_v1.0.0
HRIS-WKR-006173,PAY-WKR-005990,LE-IE-SYNTH-001,ACTIVE,xwalk_v1.0.0
HRIS-WKR-006174,PAY-WKR-005991,LE-IE-SYNTH-001,ACTIVE,xwalk_v1.0.0
HRIS-WKR-006175,PAY-WKR-005992,LE-IE-SYNTH-001,ACTIVE,xwalk_v1.0.0
HRIS-WKR-006176,PAY-WKR-005993,LE-IE-SYNTH-001,ACTIVE,xwalk_v1.0.0
HRIS-WKR-006177,PAY-WKR-005994,LE-IE-SYNTH-001,ACTIVE,xwalk_v1.0.0
HRIS-WKR-006178,PAY-WKR-005995,LE-IE-SYNTH-001,ACTIVE,xwalk_v1.0.0
HRIS-WKR-006179,PAY-WKR-005996,LE-IE-SYNTH-001,ACTIVE,xwalk_v1.0.0
HRIS-WKR-006180,PAY-WKR-005997,LE-IE-SYNTH-001,ACTIVE,xwalk_v1.0.0
HRIS-WKR-006181,PAY-WKR-005998,LE-IE-SYNTH-001,ACTIVE,xwalk_v1.0.0
HRIS-WKR-006182,PAY-WKR-005999,LE-IE-SYNTH-001,ACTIVE,xwalk_v1.0.0
HRIS-WKR-006183,PAY-WKR-006000,LE-IE-SYNTH-001,ACTIVE,xwalk_v1.0.0
HRIS-WKR-006184,,LE-IE-SYNTH-001,MISSING,xwalk_v1.0.0
HRIS-WKR-006185,PAY-WKR-006001,LE-IE-SYNTH-001,ACTIVE,xwalk_v1.0.0
HRIS-WKR-006186,PAY-WKR-006002,LE-IE-SYNTH-001,ACTIVE,xwalk_v1.0.0
HRIS-WKR-006187,PAY-WKR-006003,LE-IE-SYNTH-001,ACTIVE,xwalk_v1.0.0
HRIS-WKR-006188,PAY-WKR-006004,LE-IE-SYNTH-001,ACTIVE,xwalk_v1.0.0
HRIS-WKR-006189,PAY-WKR-006005,LE-IE-SYNTH-001,ACTIVE,xwalk_v1.0.0
HRIS-WKR-006190,PAY-WKR-006006,LE-IE-SYNTH-001,ACTIVE,xwalk_v1.0.0
HRIS-WKR-006191,PAY-WKR-006007,LE-IE-SYNTH-001,ACTIVE,xwalk_v1.0.0
HRIS-WKR-006192,PAY-WKR-006008,LE-IE-SYNTH-001,ACTIVE,xwalk_v1.0.0
HRIS-WKR-006193,PAY-WKR-006009,LE-IE-SYNTH-001,ACTIVE,xwalk_v1.0.0
HRIS-WKR-006194,PAY-WKR-006010,LE-IE-SYNTH-001,ACTIVE,xwalk_v1.0.0
HRIS-WKR-006195,PAY-WKR-006011,LE-IE-SYNTH-001,ACTIVE,xwalk_v1.0.0
HRIS-WKR-006196,PAY-WKR-006012,LE-IE-SYNTH-001,ACTIVE,xwalk_v1.0.0
HRIS-WKR-006197,PAY-WKR-006013,LE-IE-SYNTH-001,ACTIVE,xwalk_v1.0.0
HRIS-WKR-006198,PAY-WKR-006014,LE-IE-SYNTH-001,ACTIVE,xwalk_v1.0.0
HRIS-WKR-006199,PAY-WKR-006015,LE-IE-SYNTH-001,ACTIVE,xwalk_v1.0.0
HRIS-WKR-006200,,LE-IE-SYNTH-001,MISSING,xwalk_v1.0.0
HRIS-WKR-006201,PAY-WKR-006016,LE-IE-SYNTH-001,ACTIVE,xwalk_v1.0.0
HRIS-WKR-006202,PAY-WKR-006017,LE-IE-SYNTH-001,ACTIVE,xwalk_v1.0.0
HRIS-WKR-006203,PAY-WKR-006018,LE-IE-SYNTH-001,ACTIVE,xwalk_v1.0.0
HRIS-WKR-006204,PAY-WKR-006019,LE-IE-SYNTH-001,ACTIVE,xwalk_v1.0.0
HRIS-WKR-006205,PAY-WKR-006020,LE-IE-SYNTH-001,ACTIVE,xwalk_v1.0.0
HRIS-WKR-006206,PAY-WKR-006021,LE-IE-SYNTH-001,ACTIVE,xwalk_v1.0.0
HRIS-WKR-006207,,LE-IE-SYNTH-001,MISSING,xwalk_v1.0.0
HRIS-WKR-006208,PAY-WKR-006022,LE-IE-SYNTH-001,ACTIVE,xwalk_v1.0.0
HRIS-WKR-006209,PAY-WKR-006023,LE-IE-SYNTH-001,ACTIVE,xwalk_v1.0.0
HRIS-WKR-006210,PAY-WKR-006024,LE-IE-SYNTH-001,ACTIVE,xwalk_v1.0.0
HRIS-WKR-006211,PAY-WKR-006025,LE-IE-SYNTH-001,ACTIVE,xwalk_v1.0.0
HRIS-WKR-006212,PAY-WKR-006026,LE-IE-SYNTH-001,ACTIVE,xwalk_v1.0.0
HRIS-WKR-006213,PAY-WKR-006027,LE-IE-SYNTH-001,ACTIVE,xwalk_v1.0.0
HRIS-WKR-006214,PAY-WKR-006028,LE-IE-SYNTH-001,ACTIVE,xwalk_v1.0.0
HRIS-WKR-006215,PAY-WKR-006029,LE-IE-SYNTH-001,ACTIVE,xwalk_v1.0.0
HRIS-WKR-006216,PAY-WKR-006030,LE-IE-SYNTH-001,ACTIVE,xwalk_v1.0.0
HRIS-WKR-006217,PAY-WKR-006031,LE-IE-SYNTH-001,ACTIVE,xwalk_v1.0.0
HRIS-WKR-006218,PAY-WKR-006032,LE-IE-SYNTH-001,ACTIVE,xwalk_v1.0.0
HRIS-WKR-006219,PAY-WKR-006033,LE-IE-SYNTH-001,ACTIVE,xwalk_v1.0.0
HRIS-WKR-006220,PAY-WKR-006034,LE-IE-SYNTH-001,ACTIVE,xwalk_v1.0.0
HRIS-WKR-006221,PAY-WKR-006035,LE-IE-SYNTH-001,ACTIVE,xwalk_v1.0.0
HRIS-WKR-006222,PAY-WKR-006036,LE-IE-SYNTH-001,ACTIVE,xwalk_v1.0.0
HRIS-WKR-006223,PAY-WKR-006037,LE-IE-SYNTH-001,ACTIVE,xwalk_v1.0.0
HRIS-WKR-006224,PAY-WKR-006038,LE-IE-SYNTH-001,ACTIVE,xwalk_v1.0.0
HRIS-WKR-006225,PAY-WKR-006039,LE-IE-SYNTH-001,ACTIVE,xwalk_v1.0.0
HRIS-WKR-006226,PAY-WKR-006040,LE-IE-SYNTH-001,ACTIVE,xwalk_v1.0.0
HRIS-WKR-006227,PAY-WKR-006041,LE-IE-SYNTH-001,ACTIVE,xwalk_v1.0.0
HRIS-WKR-006228,PAY-WKR-006042,LE-IE-SYNTH-001,ACTIVE,xwalk_v1.0.0
HRIS-WKR-006229,PAY-WKR-006043,LE-IE-SYNTH-001,ACTIVE,xwalk_v1.0.0
HRIS-WKR-006230,PAY-WKR-006044,LE-IE-SYNTH-001,ACTIVE,xwalk_v1.0.0
HRIS-WKR-006231,PAY-WKR-006045,LE-IE-SYNTH-001,ACTIVE,xwalk_v1.0.0
HRIS-WKR-006232,PAY-WKR-006046,LE-IE-SYNTH-001,ACTIVE,xwalk_v1.0.0
HRIS-WKR-006233,PAY-WKR-006047,LE-IE-SYNTH-001,ACTIVE,xwalk_v1.0.0
HRIS-WKR-006234,PAY-WKR-006048,LE-IE-SYNTH-001,ACTIVE,xwalk_v1.0.0
HRIS-WKR-006235,PAY-WKR-006049,LE-IE-SYNTH-001,ACTIVE,xwalk_v1.0.0
HRIS-WKR-006236,PAY-WKR-006050,LE-IE-SYNTH-001,ACTIVE,xwalk_v1.0.0
HRIS-WKR-006237,PAY-WKR-006051,LE-IE-SYNTH-001,ACTIVE,xwalk_v1.0.0
HRIS-WKR-006238,PAY-WKR-006052,LE-IE-SYNTH-001,ACTIVE,xwalk_v1.0.0
HRIS-WKR-006239,PAY-WKR-006053,LE-IE-SYNTH-001,ACTIVE,xwalk_v1.0.0
HRIS-WKR-006240,PAY-WKR-006054,LE-IE-SYNTH-001,ACTIVE,xwalk_v1.0.0
HRIS-WKR-006241,PAY-WKR-006055,LE-IE-SYNTH-001,ACTIVE,xwalk_v1.0.0
HRIS-WKR-006242,PAY-WKR-006056,LE-IE-SYNTH-001,ACTIVE,xwalk_v1.0.0
HRIS-WKR-006243,PAY-WKR-006057,LE-IE-SYNTH-001,ACTIVE,xwalk_v1.0.0
HRIS-WKR-006244,PAY-WKR-006058,LE-IE-SYNTH-001,ACTIVE,xwalk_v1.0.0
HRIS-WKR-006245,PAY-WKR-006059,LE-IE-SYNTH-001,ACTIVE,xwalk_v1.0.0
HRIS-WKR-006246,PAY-WKR-006060,LE-IE-SYNTH-001,ACTIVE,xwalk_v1.0.0
HRIS-WKR-006247,PAY-WKR-006061,LE-IE-SYNTH-001,ACTIVE,xwalk_v1.0.0
HRIS-WKR-006248,PAY-WKR-006062,LE-IE-SYNTH-001,ACTIVE,xwalk_v1.0.0
HRIS-WKR-006249,PAY-WKR-006063,LE-IE-SYNTH-001,ACTIVE,xwalk_v1.0.0
HRIS-WKR-006250,PAY-WKR-006064,LE-IE-SYNTH-001,ACTIVE,xwalk_v1.0.0
HRIS-WKR-006251,PAY-WKR-006065,LE-IE-SYNTH-001,ACTIVE,xwalk_v1.0.0
HRIS-WKR-006252,PAY-WKR-006066,LE-IE-SYNTH-001,ACTIVE,xwalk_v1.0.0
HRIS-WKR-006253,PAY-WKR-006067,LE-IE-SYNTH-001,ACTIVE,xwalk_v1.0.0
HRIS-WKR-006254,PAY-WKR-006068,LE-IE-SYNTH-001,ACTIVE,xwalk_v1.0.0
HRIS-WKR-006255,PAY-WKR-006069,LE-IE-SYNTH-001,ACTIVE,xwalk_v1.0.0
HRIS-WKR-006256,PAY-WKR-006070,LE-IE-SYNTH-001,ACTIVE,xwalk_v1.0.0
HRIS-WKR-006257,PAY-WKR-006071,LE-IE-SYNTH-001,ACTIVE,xwalk_v1.0.0
HRIS-WKR-006258,PAY-WKR-006072,LE-IE-SYNTH-001,ACTIVE,xwalk_v1.0.0
HRIS-WKR-006259,PAY-WKR-006073,LE-IE-SYNTH-001,ACTIVE,xwalk_v1.0.0
HRIS-WKR-006260,PAY-WKR-006074,LE-IE-SYNTH-001,ACTIVE,xwalk_v1.0.0
HRIS-WKR-006261,PAY-WKR-006075,LE-IE-SYNTH-001,ACTIVE,xwalk_v1.0.0
HRIS-WKR-006262,PAY-WKR-006076,LE-IE-SYNTH-001,ACTIVE,xwalk_v1.0.0
HRIS-WKR-006263,PAY-WKR-006077,LE-IE-SYNTH-001,ACTIVE,xwalk_v1.0.0
HRIS-WKR-006264,PAY-WKR-006078,LE-IE-SYNTH-001,ACTIVE,xwalk_v1.0.0
HRIS-WKR-006265,PAY-WKR-006079,LE-IE-SYNTH-001,ACTIVE,xwalk_v1.0.0
HRIS-WKR-006266,PAY-WKR-006080,LE-IE-SYNTH-001,ACTIVE,xwalk_v1.0.0
HRIS-WKR-006267,PAY-WKR-006081,LE-IE-SYNTH-001,ACTIVE,xwalk_v1.0.0
HRIS-WKR-006268,PAY-WKR-006082,LE-IE-SYNTH-001,ACTIVE,xwalk_v1.0.0
HRIS-WKR-006269,PAY-WKR-006083,LE-IE-SYNTH-001,ACTIVE,xwalk_v1.0.0
HRIS-WKR-006270,PAY-WKR-006084,LE-IE-SYNTH-001,ACTIVE,xwalk_v1.0.0
HRIS-WKR-006271,PAY-WKR-006085,LE-IE-SYNTH-001,ACTIVE,xwalk_v1.0.0
HRIS-WKR-006272,PAY-WKR-006086,LE-IE-SYNTH-001,ACTIVE,xwalk_v1.0.0
HRIS-WKR-006273,PAY-WKR-006087,LE-IE-SYNTH-001,ACTIVE,xwalk_v1.0.0
HRIS-WKR-006274,PAY-WKR-006088,LE-IE-SYNTH-001,ACTIVE,xwalk_v1.0.0
HRIS-WKR-006275,,LE-IE-SYNTH-001,MISSING,xwalk_v1.0.0
HRIS-WKR-006276,,LE-IE-SYNTH-001,MISSING,xwalk_v1.0.0
HRIS-WKR-006277,PAY-WKR-006089,LE-IE-SYNTH-001,ACTIVE,xwalk_v1.0.0
HRIS-WKR-006278,PAY-WKR-006090,LE-IE-SYNTH-001,ACTIVE,xwalk_v1.0.0
HRIS-WKR-006279,PAY-WKR-006091,LE-IE-SYNTH-001,ACTIVE,xwalk_v1.0.0
HRIS-WKR-006280,PAY-WKR-006092,LE-IE-SYNTH-001,ACTIVE,xwalk_v1.0.0
HRIS-WKR-006281,PAY-WKR-006093,LE-IE-SYNTH-001,ACTIVE,xwalk_v1.0.0
HRIS-WKR-006282,,LE-IE-SYNTH-001,MISSING,xwalk_v1.0.0
HRIS-WKR-006283,PAY-WKR-006094,LE-IE-SYNTH-001,ACTIVE,xwalk_v1.0.0
HRIS-WKR-006284,PAY-WKR-006095,LE-IE-SYNTH-001,ACTIVE,xwalk_v1.0.0
HRIS-WKR-006285,,LE-IE-SYNTH-001,MISSING,xwalk_v1.0.0
HRIS-WKR-006286,PAY-WKR-006096,LE-IE-SYNTH-001,ACTIVE,xwalk_v1.0.0
HRIS-WKR-006287,PAY-WKR-006097,LE-IE-SYNTH-001,ACTIVE,xwalk_v1.0.0
HRIS-WKR-006288,PAY-WKR-006098,LE-IE-SYNTH-001,ACTIVE,xwalk_v1.0.0
HRIS-WKR-006289,PAY-WKR-006099,LE-IE-SYNTH-001,ACTIVE,xwalk_v1.0.0
HRIS-WKR-006290,PAY-WKR-006100,LE-IE-SYNTH-001,ACTIVE,xwalk_v1.0.0
HRIS-WKR-006291,,LE-IE-SYNTH-001,MISSING,xwalk_v1.0.0
HRIS-WKR-006292,PAY-WKR-006101,LE-IE-SYNTH-001,ACTIVE,xwalk_v1.0.0
HRIS-WKR-006293,PAY-WKR-006102,LE-IE-SYNTH-001,ACTIVE,xwalk_v1.0.0
HRIS-WKR-006294,PAY-WKR-006103,LE-IE-SYNTH-001,ACTIVE,xwalk_v1.0.0
HRIS-WKR-006295,PAY-WKR-006104,LE-IE-SYNTH-001,ACTIVE,xwalk_v1.0.0
HRIS-WKR-006296,PAY-WKR-006105,LE-IE-SYNTH-001,ACTIVE,xwalk_v1.0.0
HRIS-WKR-006297,PAY-WKR-006106,LE-IE-SYNTH-001,ACTIVE,xwalk_v1.0.0
HRIS-WKR-006298,PAY-WKR-006107,LE-IE-SYNTH-001,ACTIVE,xwalk_v1.0.0
HRIS-WKR-006299,PAY-WKR-006108,LE-IE-SYNTH-001,ACTIVE,xwalk_v1.0.0
HRIS-WKR-006300,PAY-WKR-006109,LE-IE-SYNTH-001,ACTIVE,xwalk_v1.0.0
HRIS-WKR-006301,PAY-WKR-006110,LE-IE-SYNTH-001,ACTIVE,xwalk_v1.0.0
HRIS-WKR-006302,PAY-WKR-006111,LE-IE-SYNTH-001,ACTIVE,xwalk_v1.0.0
HRIS-WKR-006303,PAY-WKR-006112,LE-IE-SYNTH-001,ACTIVE,xwalk_v1.0.0
HRIS-WKR-006304,PAY-WKR-006113,LE-IE-SYNTH-001,ACTIVE,xwalk_v1.0.0
HRIS-WKR-006305,PAY-WKR-006114,LE-IE-SYNTH-001,ACTIVE,xwalk_v1.0.0
HRIS-WKR-006306,PAY-WKR-006115,LE-IE-SYNTH-001,ACTIVE,xwalk_v1.0.0
HRIS-WKR-006307,PAY-WKR-006116,LE-IE-SYNTH-001,ACTIVE,xwalk_v1.0.0
HRIS-WKR-006308,PAY-WKR-006117,LE-IE-SYNTH-001,ACTIVE,xwalk_v1.0.0
HRIS-WKR-006309,PAY-WKR-006118,LE-IE-SYNTH-001,ACTIVE,xwalk_v1.0.0
HRIS-WKR-006310,,LE-IE-SYNTH-001,MISSING,xwalk_v1.0.0
HRIS-WKR-006311,PAY-WKR-006119,LE-IE-SYNTH-001,ACTIVE,xwalk_v1.0.0
HRIS-WKR-006312,PAY-WKR-006120,LE-IE-SYNTH-001,ACTIVE,xwalk_v1.0.0
HRIS-WKR-006313,PAY-WKR-006121,LE-IE-SYNTH-001,ACTIVE,xwalk_v1.0.0
HRIS-WKR-006314,PAY-WKR-006122,LE-IE-SYNTH-001,ACTIVE,xwalk_v1.0.0
HRIS-WKR-006315,PAY-WKR-006123,LE-IE-SYNTH-001,ACTIVE,xwalk_v1.0.0
HRIS-WKR-006316,PAY-WKR-006124,LE-IE-SYNTH-001,ACTIVE,xwalk_v1.0.0
HRIS-WKR-006317,PAY-WKR-006125,LE-IE-SYNTH-001,ACTIVE,xwalk_v1.0.0
HRIS-WKR-006318,PAY-WKR-006126,LE-IE-SYNTH-001,ACTIVE,xwalk_v1.0.0
HRIS-WKR-006319,PAY-WKR-006127,LE-IE-SYNTH-001,ACTIVE,xwalk_v1.0.0
HRIS-WKR-006320,PAY-WKR-006128,LE-IE-SYNTH-001,ACTIVE,xwalk_v1.0.0
HRIS-WKR-006321,PAY-WKR-006129,LE-IE-SYNTH-001,ACTIVE,xwalk_v1.0.0
HRIS-WKR-006322,PAY-WKR-006130,LE-IE-SYNTH-001,ACTIVE,xwalk_v1.0.0
HRIS-WKR-006323,,LE-IE-SYNTH-001,MISSING,xwalk_v1.0.0
HRIS-WKR-006324,PAY-WKR-006131,LE-IE-SYNTH-001,ACTIVE,xwalk_v1.0.0
HRIS-WKR-006325,PAY-WKR-006132,LE-IE-SYNTH-001,ACTIVE,xwalk_v1.0.0
HRIS-WKR-006326,PAY-WKR-006133,LE-IE-SYNTH-001,ACTIVE,xwalk_v1.0.0
HRIS-WKR-006327,PAY-WKR-006134,LE-IE-SYNTH-001,ACTIVE,xwalk_v1.0.0
HRIS-WKR-006328,PAY-WKR-006135,LE-IE-SYNTH-001,ACTIVE,xwalk_v1.0.0
HRIS-WKR-006329,,LE-IE-SYNTH-001,MISSING,xwalk_v1.0.0
HRIS-WKR-006330,PAY-WKR-006136,LE-IE-SYNTH-001,ACTIVE,xwalk_v1.0.0
HRIS-WKR-006331,PAY-WKR-006137,LE-IE-SYNTH-001,ACTIVE,xwalk_v1.0.0
HRIS-WKR-006332,PAY-WKR-006138,LE-IE-SYNTH-001,ACTIVE,xwalk_v1.0.0
HRIS-WKR-006333,PAY-WKR-006139,LE-IE-SYNTH-001,ACTIVE,xwalk_v1.0.0
HRIS-WKR-006334,PAY-WKR-006140,LE-IE-SYNTH-001,ACTIVE,xwalk_v1.0.0
HRIS-WKR-006335,PAY-WKR-006141,LE-IE-SYNTH-001,ACTIVE,xwalk_v1.0.0
HRIS-WKR-006336,PAY-WKR-006142,LE-IE-SYNTH-001,ACTIVE,xwalk_v1.0.0
HRIS-WKR-006337,PAY-WKR-006143,LE-IE-SYNTH-001,ACTIVE,xwalk_v1.0.0
HRIS-WKR-006338,PAY-WKR-006144,LE-IE-SYNTH-001,ACTIVE,xwalk_v1.0.0
HRIS-WKR-006339,PAY-WKR-006145,LE-IE-SYNTH-001,ACTIVE,xwalk_v1.0.0
HRIS-WKR-006340,PAY-WKR-006146,LE-IE-SYNTH-001,ACTIVE,xwalk_v1.0.0
HRIS-WKR-006341,PAY-WKR-006147,LE-IE-SYNTH-001,ACTIVE,xwalk_v1.0.0
HRIS-WKR-006342,PAY-WKR-006148,LE-IE-SYNTH-001,ACTIVE,xwalk_v1.0.0
HRIS-WKR-006343,PAY-WKR-006149,LE-IE-SYNTH-001,ACTIVE,xwalk_v1.0.0
HRIS-WKR-006344,PAY-WKR-006150,LE-IE-SYNTH-001,ACTIVE,xwalk_v1.0.0
HRIS-WKR-006345,PAY-WKR-006151,LE-IE-SYNTH-001,ACTIVE,xwalk_v1.0.0
HRIS-WKR-006346,PAY-WKR-006152,LE-IE-SYNTH-001,ACTIVE,xwalk_v1.0.0
HRIS-WKR-006347,PAY-WKR-006153,LE-IE-SYNTH-001,ACTIVE,xwalk_v1.0.0
HRIS-WKR-006348,PAY-WKR-006154,LE-IE-SYNTH-001,ACTIVE,xwalk_v1.0.0
HRIS-WKR-006349,PAY-WKR-006155,LE-IE-SYNTH-001,ACTIVE,xwalk_v1.0.0
HRIS-WKR-006350,PAY-WKR-006156,LE-IE-SYNTH-001,ACTIVE,xwalk_v1.0.0
HRIS-WKR-006351,PAY-WKR-006157,LE-IE-SYNTH-001,ACTIVE,xwalk_v1.0.0
HRIS-WKR-006352,PAY-WKR-006158,LE-IE-SYNTH-001,ACTIVE,xwalk_v1.0.0
HRIS-WKR-006353,PAY-WKR-006159,LE-IE-SYNTH-001,ACTIVE,xwalk_v1.0.0
HRIS-WKR-006354,PAY-WKR-006160,LE-IE-SYNTH-001,ACTIVE,xwalk_v1.0.0
HRIS-WKR-006355,PAY-WKR-006161,LE-IE-SYNTH-001,ACTIVE,xwalk_v1.0.0
HRIS-WKR-006356,PAY-WKR-006162,LE-IE-SYNTH-001,ACTIVE,xwalk_v1.0.0
HRIS-WKR-006357,PAY-WKR-006163,LE-IE-SYNTH-001,ACTIVE,xwalk_v1.0.0
HRIS-WKR-006358,PAY-WKR-006164,LE-IE-SYNTH-001,ACTIVE,xwalk_v1.0.0
HRIS-WKR-006359,PAY-WKR-006165,LE-IE-SYNTH-001,ACTIVE,xwalk_v1.0.0
HRIS-WKR-006360,PAY-WKR-006166,LE-IE-SYNTH-001,ACTIVE,xwalk_v1.0.0
HRIS-WKR-006361,PAY-WKR-006167,LE-IE-SYNTH-001,ACTIVE,xwalk_v1.0.0
HRIS-WKR-006362,PAY-WKR-006168,LE-IE-SYNTH-001,ACTIVE,xwalk_v1.0.0
HRIS-WKR-006363,PAY-WKR-006169,LE-IE-SYNTH-001,ACTIVE,xwalk_v1.0.0
HRIS-WKR-006364,PAY-WKR-006170,LE-IE-SYNTH-001,ACTIVE,xwalk_v1.0.0
HRIS-WKR-006365,,LE-IE-SYNTH-001,MISSING,xwalk_v1.0.0
HRIS-WKR-006366,PAY-WKR-006171,LE-IE-SYNTH-001,ACTIVE,xwalk_v1.0.0
HRIS-WKR-006367,PAY-WKR-006172,LE-IE-SYNTH-001,ACTIVE,xwalk_v1.0.0
HRIS-WKR-006368,PAY-WKR-006173,LE-IE-SYNTH-001,ACTIVE,xwalk_v1.0.0
HRIS-WKR-006369,PAY-WKR-006174,LE-IE-SYNTH-001,ACTIVE,xwalk_v1.0.0
HRIS-WKR-006370,PAY-WKR-006175,LE-IE-SYNTH-001,ACTIVE,xwalk_v1.0.0
HRIS-WKR-006371,PAY-WKR-006176,LE-IE-SYNTH-001,ACTIVE,xwalk_v1.0.0
HRIS-WKR-006372,PAY-WKR-006177,LE-IE-SYNTH-001,ACTIVE,xwalk_v1.0.0
HRIS-WKR-006373,PAY-WKR-006178,LE-IE-SYNTH-001,ACTIVE,xwalk_v1.0.0
HRIS-WKR-006374,PAY-WKR-006179,LE-IE-SYNTH-001,ACTIVE,xwalk_v1.0.0
HRIS-WKR-006375,PAY-WKR-006180,LE-IE-SYNTH-001,ACTIVE,xwalk_v1.0.0
HRIS-WKR-006376,PAY-WKR-006181,LE-IE-SYNTH-001,ACTIVE,xwalk_v1.0.0
HRIS-WKR-006377,PAY-WKR-006182,LE-IE-SYNTH-001,ACTIVE,xwalk_v1.0.0
HRIS-WKR-006378,PAY-WKR-006183,LE-IE-SYNTH-001,ACTIVE,xwalk_v1.0.0
HRIS-WKR-006379,PAY-WKR-006184,LE-IE-SYNTH-001,ACTIVE,xwalk_v1.0.0
HRIS-WKR-006380,PAY-WKR-006185,LE-IE-SYNTH-001,ACTIVE,xwalk_v1.0.0
HRIS-WKR-006381,PAY-WKR-006186,LE-IE-SYNTH-001,ACTIVE,xwalk_v1.0.0
HRIS-WKR-006382,PAY-WKR-006187,LE-IE-SYNTH-001,ACTIVE,xwalk_v1.0.0
HRIS-WKR-006383,PAY-WKR-006188,LE-IE-SYNTH-001,ACTIVE,xwalk_v1.0.0
HRIS-WKR-006384,PAY-WKR-006189,LE-IE-SYNTH-001,ACTIVE,xwalk_v1.0.0
HRIS-WKR-006385,PAY-WKR-006190,LE-IE-SYNTH-001,ACTIVE,xwalk_v1.0.0
HRIS-WKR-006386,PAY-WKR-006191,LE-IE-SYNTH-001,ACTIVE,xwalk_v1.0.0
HRIS-WKR-006387,PAY-WKR-006192,LE-IE-SYNTH-001,ACTIVE,xwalk_v1.0.0
HRIS-WKR-006388,PAY-WKR-006193,LE-IE-SYNTH-001,ACTIVE,xwalk_v1.0.0
HRIS-WKR-006389,PAY-WKR-006194,LE-IE-SYNTH-001,ACTIVE,xwalk_v1.0.0
HRIS-WKR-006390,PAY-WKR-006195,LE-IE-SYNTH-001,ACTIVE,xwalk_v1.0.0
HRIS-WKR-006391,PAY-WKR-006196,LE-IE-SYNTH-001,ACTIVE,xwalk_v1.0.0
HRIS-WKR-006392,PAY-WKR-006197,LE-IE-SYNTH-001,ACTIVE,xwalk_v1.0.0
HRIS-WKR-006393,PAY-WKR-006198,LE-IE-SYNTH-001,ACTIVE,xwalk_v1.0.0
HRIS-WKR-006394,PAY-WKR-006199,LE-IE-SYNTH-001,ACTIVE,xwalk_v1.0.0
HRIS-WKR-006395,PAY-WKR-006200,LE-IE-SYNTH-001,ACTIVE,xwalk_v1.0.0
HRIS-WKR-006396,PAY-WKR-006201,LE-IE-SYNTH-001,ACTIVE,xwalk_v1.0.0
HRIS-WKR-006397,PAY-WKR-006202,LE-IE-SYNTH-001,ACTIVE,xwalk_v1.0.0
HRIS-WKR-006398,PAY-WKR-006203,LE-IE-SYNTH-001,ACTIVE,xwalk_v1.0.0
HRIS-WKR-006399,PAY-WKR-006204,LE-IE-SYNTH-001,ACTIVE,xwalk_v1.0.0
HRIS-WKR-006400,PAY-WKR-006205,LE-IE-SYNTH-001,ACTIVE,xwalk_v1.0.0
HRIS-WKR-006401,PAY-WKR-006206,LE-IE-SYNTH-001,ACTIVE,xwalk_v1.0.0
HRIS-WKR-006402,PAY-WKR-006207,LE-IE-SYNTH-001,ACTIVE,xwalk_v1.0.0
HRIS-WKR-006403,PAY-WKR-006208,LE-IE-SYNTH-001,ACTIVE,xwalk_v1.0.0
HRIS-WKR-006404,PAY-WKR-006209,LE-IE-SYNTH-001,ACTIVE,xwalk_v1.0.0
HRIS-WKR-006405,PAY-WKR-006210,LE-IE-SYNTH-001,ACTIVE,xwalk_v1.0.0
HRIS-WKR-006406,PAY-WKR-006211,LE-IE-SYNTH-001,ACTIVE,xwalk_v1.0.0
HRIS-WKR-006407,,LE-IE-SYNTH-001,MISSING,xwalk_v1.0.0
HRIS-WKR-006408,PAY-WKR-006212,LE-IE-SYNTH-001,ACTIVE,xwalk_v1.0.0
HRIS-WKR-006409,PAY-WKR-006213,LE-IE-SYNTH-001,ACTIVE,xwalk_v1.0.0
HRIS-WKR-006410,PAY-WKR-006214,LE-IE-SYNTH-001,ACTIVE,xwalk_v1.0.0
HRIS-WKR-006411,PAY-WKR-006215,LE-IE-SYNTH-001,ACTIVE,xwalk_v1.0.0
HRIS-WKR-006412,PAY-WKR-006216,LE-IE-SYNTH-001,ACTIVE,xwalk_v1.0.0
HRIS-WKR-006413,PAY-WKR-006217,LE-IE-SYNTH-001,ACTIVE,xwalk_v1.0.0
HRIS-WKR-006414,PAY-WKR-006218,LE-IE-SYNTH-001,ACTIVE,xwalk_v1.0.0
HRIS-WKR-006415,PAY-WKR-006219,LE-IE-SYNTH-001,ACTIVE,xwalk_v1.0.0
HRIS-WKR-006416,PAY-WKR-006220,LE-IE-SYNTH-001,ACTIVE,xwalk_v1.0.0
HRIS-WKR-006417,PAY-WKR-006221,LE-IE-SYNTH-001,ACTIVE,xwalk_v1.0.0
HRIS-WKR-006418,PAY-WKR-006222,LE-IE-SYNTH-001,ACTIVE,xwalk_v1.0.0
HRIS-WKR-006419,PAY-WKR-006223,LE-IE-SYNTH-001,ACTIVE,xwalk_v1.0.0
HRIS-WKR-006420,PAY-WKR-006224,LE-IE-SYNTH-001,ACTIVE,xwalk_v1.0.0
HRIS-WKR-006421,PAY-WKR-006225,LE-IE-SYNTH-001,ACTIVE,xwalk_v1.0.0
HRIS-WKR-006422,PAY-WKR-006226,LE-IE-SYNTH-001,ACTIVE,xwalk_v1.0.0
HRIS-WKR-006423,PAY-WKR-006227,LE-IE-SYNTH-001,ACTIVE,xwalk_v1.0.0
HRIS-WKR-006424,,LE-IE-SYNTH-001,MISSING,xwalk_v1.0.0
HRIS-WKR-006425,PAY-WKR-006228,LE-IE-SYNTH-001,ACTIVE,xwalk_v1.0.0
HRIS-WKR-006426,PAY-WKR-006229,LE-IE-SYNTH-001,ACTIVE,xwalk_v1.0.0
HRIS-WKR-006427,PAY-WKR-006230,LE-IE-SYNTH-001,ACTIVE,xwalk_v1.0.0
HRIS-WKR-006428,PAY-WKR-006231,LE-IE-SYNTH-001,ACTIVE,xwalk_v1.0.0
HRIS-WKR-006429,PAY-WKR-006232,LE-IE-SYNTH-001,ACTIVE,xwalk_v1.0.0
HRIS-WKR-006430,PAY-WKR-006233,LE-IE-SYNTH-001,ACTIVE,xwalk_v1.0.0
HRIS-WKR-006431,PAY-WKR-006234,LE-IE-SYNTH-001,ACTIVE,xwalk_v1.0.0
HRIS-WKR-006432,PAY-WKR-006235,LE-IE-SYNTH-001,ACTIVE,xwalk_v1.0.0
HRIS-WKR-006433,PAY-WKR-006236,LE-IE-SYNTH-001,ACTIVE,xwalk_v1.0.0
HRIS-WKR-006434,PAY-WKR-006237,LE-IE-SYNTH-001,ACTIVE,xwalk_v1.0.0
HRIS-WKR-006435,PAY-WKR-006238,LE-IE-SYNTH-001,ACTIVE,xwalk_v1.0.0
HRIS-WKR-006436,PAY-WKR-006239,LE-IE-SYNTH-001,ACTIVE,xwalk_v1.0.0
HRIS-WKR-006437,PAY-WKR-006240,LE-IE-SYNTH-001,ACTIVE,xwalk_v1.0.0
HRIS-WKR-006438,PAY-WKR-006241,LE-IE-SYNTH-001,ACTIVE,xwalk_v1.0.0
HRIS-WKR-006439,PAY-WKR-006242,LE-IE-SYNTH-001,ACTIVE,xwalk_v1.0.0
HRIS-WKR-006440,PAY-WKR-006243,LE-IE-SYNTH-001,ACTIVE,xwalk_v1.0.0
HRIS-WKR-006441,PAY-WKR-006244,LE-IE-SYNTH-001,ACTIVE,xwalk_v1.0.0
HRIS-WKR-006442,PAY-WKR-006245,LE-IE-SYNTH-001,ACTIVE,xwalk_v1.0.0
HRIS-WKR-006443,PAY-WKR-006246,LE-IE-SYNTH-001,ACTIVE,xwalk_v1.0.0
HRIS-WKR-006444,,LE-IE-SYNTH-001,MISSING,xwalk_v1.0.0
HRIS-WKR-006445,PAY-WKR-006247,LE-IE-SYNTH-001,ACTIVE,xwalk_v1.0.0
HRIS-WKR-006446,PAY-WKR-006248,LE-IE-SYNTH-001,ACTIVE,xwalk_v1.0.0
HRIS-WKR-006447,PAY-WKR-006249,LE-IE-SYNTH-001,ACTIVE,xwalk_v1.0.0
HRIS-WKR-006448,,LE-IE-SYNTH-001,MISSING,xwalk_v1.0.0
HRIS-WKR-006449,PAY-WKR-006250,LE-IE-SYNTH-001,ACTIVE,xwalk_v1.0.0
HRIS-WKR-006450,PAY-WKR-006251,LE-IE-SYNTH-001,ACTIVE,xwalk_v1.0.0
HRIS-WKR-006451,PAY-WKR-006252,LE-IE-SYNTH-001,ACTIVE,xwalk_v1.0.0
HRIS-WKR-006452,PAY-WKR-006253,LE-IE-SYNTH-001,ACTIVE,xwalk_v1.0.0
HRIS-WKR-006453,PAY-WKR-006254,LE-IE-SYNTH-001,ACTIVE,xwalk_v1.0.0
HRIS-WKR-006454,PAY-WKR-006255,LE-IE-SYNTH-001,ACTIVE,xwalk_v1.0.0
HRIS-WKR-006455,PAY-WKR-006256,LE-IE-SYNTH-001,ACTIVE,xwalk_v1.0.0
HRIS-WKR-006456,PAY-WKR-006257,LE-IE-SYNTH-001,ACTIVE,xwalk_v1.0.0
HRIS-WKR-006457,PAY-WKR-006258,LE-IE-SYNTH-001,ACTIVE,xwalk_v1.0.0
HRIS-WKR-006458,PAY-WKR-006259,LE-IE-SYNTH-001,ACTIVE,xwalk_v1.0.0
HRIS-WKR-006459,PAY-WKR-006260,LE-IE-SYNTH-001,ACTIVE,xwalk_v1.0.0
HRIS-WKR-006460,PAY-WKR-006261,LE-IE-SYNTH-001,ACTIVE,xwalk_v1.0.0
HRIS-WKR-006461,PAY-WKR-006262,LE-IE-SYNTH-001,ACTIVE,xwalk_v1.0.0
HRIS-WKR-006462,PAY-WKR-006263,LE-IE-SYNTH-001,ACTIVE,xwalk_v1.0.0
HRIS-WKR-006463,PAY-WKR-006264,LE-IE-SYNTH-001,ACTIVE,xwalk_v1.0.0
HRIS-WKR-006464,PAY-WKR-006265,LE-IE-SYNTH-001,ACTIVE,xwalk_v1.0.0
HRIS-WKR-006465,PAY-WKR-006266,LE-IE-SYNTH-001,ACTIVE,xwalk_v1.0.0
HRIS-WKR-006466,PAY-WKR-006267,LE-IE-SYNTH-001,ACTIVE,xwalk_v1.0.0
HRIS-WKR-006467,PAY-WKR-006268,LE-IE-SYNTH-001,ACTIVE,xwalk_v1.0.0
HRIS-WKR-006468,PAY-WKR-006269,LE-IE-SYNTH-001,ACTIVE,xwalk_v1.0.0
HRIS-WKR-006469,PAY-WKR-006270,LE-IE-SYNTH-001,ACTIVE,xwalk_v1.0.0
HRIS-WKR-006470,PAY-WKR-006271,LE-IE-SYNTH-001,ACTIVE,xwalk_v1.0.0
HRIS-WKR-006471,PAY-WKR-006272,LE-IE-SYNTH-001,ACTIVE,xwalk_v1.0.0
HRIS-WKR-006472,PAY-WKR-006273,LE-IE-SYNTH-001,ACTIVE,xwalk_v1.0.0
HRIS-WKR-006473,PAY-WKR-006274,LE-IE-SYNTH-001,ACTIVE,xwalk_v1.0.0
HRIS-WKR-006474,PAY-WKR-006275,LE-IE-SYNTH-001,ACTIVE,xwalk_v1.0.0
HRIS-WKR-006475,PAY-WKR-006276,LE-IE-SYNTH-001,ACTIVE,xwalk_v1.0.0
HRIS-WKR-006476,PAY-WKR-006277,LE-IE-SYNTH-001,ACTIVE,xwalk_v1.0.0
HRIS-WKR-006477,PAY-WKR-006278,LE-IE-SYNTH-001,ACTIVE,xwalk_v1.0.0
HRIS-WKR-006478,PAY-WKR-006279,LE-IE-SYNTH-001,ACTIVE,xwalk_v1.0.0
HRIS-WKR-006479,PAY-WKR-006280,LE-IE-SYNTH-001,ACTIVE,xwalk_v1.0.0
HRIS-WKR-006480,PAY-WKR-006281,LE-IE-SYNTH-001,ACTIVE,xwalk_v1.0.0
HRIS-WKR-006481,PAY-WKR-006282,LE-IE-SYNTH-001,ACTIVE,xwalk_v1.0.0
HRIS-WKR-006482,PAY-WKR-006283,LE-IE-SYNTH-001,ACTIVE,xwalk_v1.0.0
HRIS-WKR-006483,PAY-WKR-006284,LE-IE-SYNTH-001,ACTIVE,xwalk_v1.0.0
HRIS-WKR-006484,PAY-WKR-006285,LE-IE-SYNTH-001,ACTIVE,xwalk_v1.0.0
HRIS-WKR-006485,PAY-WKR-006286,LE-IE-SYNTH-001,ACTIVE,xwalk_v1.0.0
HRIS-WKR-006486,PAY-WKR-006287,LE-IE-SYNTH-001,ACTIVE,xwalk_v1.0.0
HRIS-WKR-006487,PAY-WKR-006288,LE-IE-SYNTH-001,ACTIVE,xwalk_v1.0.0
HRIS-WKR-006488,PAY-WKR-006289,LE-IE-SYNTH-001,ACTIVE,xwalk_v1.0.0
HRIS-WKR-006489,PAY-WKR-006290,LE-IE-SYNTH-001,ACTIVE,xwalk_v1.0.0
HRIS-WKR-006490,PAY-WKR-006291,LE-IE-SYNTH-001,ACTIVE,xwalk_v1.0.0
HRIS-WKR-006491,PAY-WKR-006292,LE-IE-SYNTH-001,ACTIVE,xwalk_v1.0.0
HRIS-WKR-006492,PAY-WKR-006293,LE-IE-SYNTH-001,ACTIVE,xwalk_v1.0.0
HRIS-WKR-006493,PAY-WKR-006294,LE-IE-SYNTH-001,ACTIVE,xwalk_v1.0.0
HRIS-WKR-006494,PAY-WKR-006295,LE-IE-SYNTH-001,ACTIVE,xwalk_v1.0.0
HRIS-WKR-006495,PAY-WKR-006296,LE-IE-SYNTH-001,ACTIVE,xwalk_v1.0.0
HRIS-WKR-006496,PAY-WKR-006297,LE-IE-SYNTH-001,ACTIVE,xwalk_v1.0.0
HRIS-WKR-006497,PAY-WKR-006298,LE-IE-SYNTH-001,ACTIVE,xwalk_v1.0.0
HRIS-WKR-006498,PAY-WKR-006299,LE-IE-SYNTH-001,ACTIVE,xwalk_v1.0.0
HRIS-WKR-006499,PAY-WKR-006300,LE-IE-SYNTH-001,ACTIVE,xwalk_v1.0.0
HRIS-WKR-006500,PAY-WKR-006301,LE-IE-SYNTH-001,ACTIVE,xwalk_v1.0.0
HRIS-WKR-006501,PAY-WKR-006302,LE-IE-SYNTH-001,ACTIVE,xwalk_v1.0.0
HRIS-WKR-006502,PAY-WKR-006303,LE-IE-SYNTH-001,ACTIVE,xwalk_v1.0.0
HRIS-WKR-006503,PAY-WKR-006304,LE-IE-SYNTH-001,ACTIVE,xwalk_v1.0.0
HRIS-WKR-006504,PAY-WKR-006305,LE-IE-SYNTH-001,ACTIVE,xwalk_v1.0.0
HRIS-WKR-006505,PAY-WKR-006306,LE-IE-SYNTH-001,ACTIVE,xwalk_v1.0.0
HRIS-WKR-006506,PAY-WKR-006307,LE-IE-SYNTH-001,ACTIVE,xwalk_v1.0.0
HRIS-WKR-006507,PAY-WKR-006308,LE-IE-SYNTH-001,ACTIVE,xwalk_v1.0.0
HRIS-WKR-006508,PAY-WKR-006309,LE-IE-SYNTH-001,ACTIVE,xwalk_v1.0.0
HRIS-WKR-006509,PAY-WKR-006310,LE-IE-SYNTH-001,ACTIVE,xwalk_v1.0.0
HRIS-WKR-006510,PAY-WKR-006311,LE-IE-SYNTH-001,ACTIVE,xwalk_v1.0.0
HRIS-WKR-006511,PAY-WKR-006312,LE-IE-SYNTH-001,ACTIVE,xwalk_v1.0.0
HRIS-WKR-006512,,LE-IE-SYNTH-001,MISSING,xwalk_v1.0.0
HRIS-WKR-006513,PAY-WKR-006313,LE-IE-SYNTH-001,ACTIVE,xwalk_v1.0.0
HRIS-WKR-006514,PAY-WKR-006314,LE-IE-SYNTH-001,ACTIVE,xwalk_v1.0.0
HRIS-WKR-006515,PAY-WKR-006315,LE-IE-SYNTH-001,ACTIVE,xwalk_v1.0.0
HRIS-WKR-006516,PAY-WKR-006316,LE-IE-SYNTH-001,ACTIVE,xwalk_v1.0.0
HRIS-WKR-006517,PAY-WKR-006317,LE-IE-SYNTH-001,ACTIVE,xwalk_v1.0.0
HRIS-WKR-006518,,LE-IE-SYNTH-001,MISSING,xwalk_v1.0.0
HRIS-WKR-006519,PAY-WKR-006318,LE-IE-SYNTH-001,ACTIVE,xwalk_v1.0.0
HRIS-WKR-006520,PAY-WKR-006319,LE-IE-SYNTH-001,ACTIVE,xwalk_v1.0.0
HRIS-WKR-006521,PAY-WKR-006320,LE-IE-SYNTH-001,ACTIVE,xwalk_v1.0.0
HRIS-WKR-006522,PAY-WKR-006321,LE-IE-SYNTH-001,ACTIVE,xwalk_v1.0.0
HRIS-WKR-006523,PAY-WKR-006322,LE-IE-SYNTH-001,ACTIVE,xwalk_v1.0.0
HRIS-WKR-006524,PAY-WKR-006323,LE-IE-SYNTH-001,ACTIVE,xwalk_v1.0.0
HRIS-WKR-006525,PAY-WKR-006324,LE-IE-SYNTH-001,ACTIVE,xwalk_v1.0.0
HRIS-WKR-006526,PAY-WKR-006325,LE-IE-SYNTH-001,ACTIVE,xwalk_v1.0.0
HRIS-WKR-006527,PAY-WKR-006326,LE-IE-SYNTH-001,ACTIVE,xwalk_v1.0.0
HRIS-WKR-006528,PAY-WKR-006327,LE-IE-SYNTH-001,ACTIVE,xwalk_v1.0.0
HRIS-WKR-006529,PAY-WKR-006328,LE-IE-SYNTH-001,ACTIVE,xwalk_v1.0.0
HRIS-WKR-006530,PAY-WKR-006329,LE-IE-SYNTH-001,ACTIVE,xwalk_v1.0.0
HRIS-WKR-006531,PAY-WKR-006330,LE-IE-SYNTH-001,ACTIVE,xwalk_v1.0.0
HRIS-WKR-006532,PAY-WKR-006331,LE-IE-SYNTH-001,ACTIVE,xwalk_v1.0.0
HRIS-WKR-006533,PAY-WKR-006332,LE-IE-SYNTH-001,ACTIVE,xwalk_v1.0.0
HRIS-WKR-006534,PAY-WKR-006333,LE-IE-SYNTH-001,ACTIVE,xwalk_v1.0.0
HRIS-WKR-006535,PAY-WKR-006334,LE-IE-SYNTH-001,ACTIVE,xwalk_v1.0.0
HRIS-WKR-006536,PAY-WKR-006335,LE-IE-SYNTH-001,ACTIVE,xwalk_v1.0.0
HRIS-WKR-006537,PAY-WKR-006336,LE-IE-SYNTH-001,ACTIVE,xwalk_v1.0.0
HRIS-WKR-006538,PAY-WKR-006337,LE-IE-SYNTH-001,ACTIVE,xwalk_v1.0.0
HRIS-WKR-006539,PAY-WKR-006338,LE-IE-SYNTH-001,ACTIVE,xwalk_v1.0.0
HRIS-WKR-006540,PAY-WKR-006339,LE-IE-SYNTH-001,ACTIVE,xwalk_v1.0.0
HRIS-WKR-006541,PAY-WKR-006340,LE-IE-SYNTH-001,ACTIVE,xwalk_v1.0.0
HRIS-WKR-006542,PAY-WKR-006341,LE-IE-SYNTH-001,ACTIVE,xwalk_v1.0.0
HRIS-WKR-006543,PAY-WKR-006342,LE-IE-SYNTH-001,ACTIVE,xwalk_v1.0.0
HRIS-WKR-006544,,LE-IE-SYNTH-001,MISSING,xwalk_v1.0.0
HRIS-WKR-006545,PAY-WKR-006343,LE-IE-SYNTH-001,ACTIVE,xwalk_v1.0.0
HRIS-WKR-006546,PAY-WKR-006344,LE-IE-SYNTH-001,ACTIVE,xwalk_v1.0.0
HRIS-WKR-006547,PAY-WKR-006345,LE-IE-SYNTH-001,ACTIVE,xwalk_v1.0.0
HRIS-WKR-006548,PAY-WKR-006346,LE-IE-SYNTH-001,ACTIVE,xwalk_v1.0.0
HRIS-WKR-006549,PAY-WKR-006347,LE-IE-SYNTH-001,ACTIVE,xwalk_v1.0.0
HRIS-WKR-006550,PAY-WKR-006348,LE-IE-SYNTH-001,ACTIVE,xwalk_v1.0.0
HRIS-WKR-006551,PAY-WKR-006349,LE-IE-SYNTH-001,ACTIVE,xwalk_v1.0.0
HRIS-WKR-006552,PAY-WKR-006350,LE-IE-SYNTH-001,ACTIVE,xwalk_v1.0.0
HRIS-WKR-006553,PAY-WKR-006351,LE-IE-SYNTH-001,ACTIVE,xwalk_v1.0.0
HRIS-WKR-006554,PAY-WKR-006352,LE-IE-SYNTH-001,ACTIVE,xwalk_v1.0.0
HRIS-WKR-006555,PAY-WKR-006353,LE-IE-SYNTH-001,ACTIVE,xwalk_v1.0.0
HRIS-WKR-006556,PAY-WKR-006354,LE-IE-SYNTH-001,ACTIVE,xwalk_v1.0.0
HRIS-WKR-006557,PAY-WKR-006355,LE-IE-SYNTH-001,ACTIVE,xwalk_v1.0.0
HRIS-WKR-006558,PAY-WKR-006356,LE-IE-SYNTH-001,ACTIVE,xwalk_v1.0.0
HRIS-WKR-006559,PAY-WKR-006357,LE-IE-SYNTH-001,ACTIVE,xwalk_v1.0.0
HRIS-WKR-006560,PAY-WKR-006358,LE-IE-SYNTH-001,ACTIVE,xwalk_v1.0.0
HRIS-WKR-006561,PAY-WKR-006359,LE-IE-SYNTH-001,ACTIVE,xwalk_v1.0.0
HRIS-WKR-006562,PAY-WKR-006360,LE-IE-SYNTH-001,ACTIVE,xwalk_v1.0.0
HRIS-WKR-006563,PAY-WKR-006361,LE-IE-SYNTH-001,ACTIVE,xwalk_v1.0.0
HRIS-WKR-006564,,LE-IE-SYNTH-001,MISSING,xwalk_v1.0.0
HRIS-WKR-006565,PAY-WKR-006362,LE-IE-SYNTH-001,ACTIVE,xwalk_v1.0.0
HRIS-WKR-006566,PAY-WKR-006363,LE-IE-SYNTH-001,ACTIVE,xwalk_v1.0.0
HRIS-WKR-006567,PAY-WKR-006364,LE-IE-SYNTH-001,ACTIVE,xwalk_v1.0.0
HRIS-WKR-006568,PAY-WKR-006365,LE-IE-SYNTH-001,ACTIVE,xwalk_v1.0.0
HRIS-WKR-006569,,LE-IE-SYNTH-001,MISSING,xwalk_v1.0.0
HRIS-WKR-006570,PAY-WKR-006366,LE-IE-SYNTH-001,ACTIVE,xwalk_v1.0.0
HRIS-WKR-006571,PAY-WKR-006367,LE-IE-SYNTH-001,ACTIVE,xwalk_v1.0.0
HRIS-WKR-006572,PAY-WKR-006368,LE-IE-SYNTH-001,ACTIVE,xwalk_v1.0.0
HRIS-WKR-006573,PAY-WKR-006369,LE-IE-SYNTH-001,ACTIVE,xwalk_v1.0.0
HRIS-WKR-006574,PAY-WKR-006370,LE-IE-SYNTH-001,ACTIVE,xwalk_v1.0.0
HRIS-WKR-006575,PAY-WKR-006371,LE-IE-SYNTH-001,ACTIVE,xwalk_v1.0.0
HRIS-WKR-006576,PAY-WKR-006372,LE-IE-SYNTH-001,ACTIVE,xwalk_v1.0.0
HRIS-WKR-006577,PAY-WKR-006373,LE-IE-SYNTH-001,ACTIVE,xwalk_v1.0.0
HRIS-WKR-006578,PAY-WKR-006374,LE-IE-SYNTH-001,ACTIVE,xwalk_v1.0.0
HRIS-WKR-006579,PAY-WKR-006375,LE-IE-SYNTH-001,ACTIVE,xwalk_v1.0.0
HRIS-WKR-006580,PAY-WKR-006376,LE-IE-SYNTH-001,ACTIVE,xwalk_v1.0.0
HRIS-WKR-006581,PAY-WKR-006377,LE-IE-SYNTH-001,ACTIVE,xwalk_v1.0.0
HRIS-WKR-006582,PAY-WKR-006378,LE-IE-SYNTH-001,ACTIVE,xwalk_v1.0.0
HRIS-WKR-006583,PAY-WKR-006379,LE-IE-SYNTH-001,ACTIVE,xwalk_v1.0.0
HRIS-WKR-006584,PAY-WKR-006380,LE-IE-SYNTH-001,ACTIVE,xwalk_v1.0.0
HRIS-WKR-006585,PAY-WKR-006381,LE-IE-SYNTH-001,ACTIVE,xwalk_v1.0.0
HRIS-WKR-006586,PAY-WKR-006382,LE-IE-SYNTH-001,ACTIVE,xwalk_v1.0.0
HRIS-WKR-006587,PAY-WKR-006383,LE-IE-SYNTH-001,ACTIVE,xwalk_v1.0.0
HRIS-WKR-006588,PAY-WKR-006384,LE-IE-SYNTH-001,ACTIVE,xwalk_v1.0.0
HRIS-WKR-006589,PAY-WKR-006385,LE-IE-SYNTH-001,ACTIVE,xwalk_v1.0.0
HRIS-WKR-006590,PAY-WKR-006386,LE-IE-SYNTH-001,ACTIVE,xwalk_v1.0.0
HRIS-WKR-006591,PAY-WKR-006387,LE-IE-SYNTH-001,ACTIVE,xwalk_v1.0.0
HRIS-WKR-006592,PAY-WKR-006388,LE-IE-SYNTH-001,ACTIVE,xwalk_v1.0.0
HRIS-WKR-006593,PAY-WKR-006389,LE-IE-SYNTH-001,ACTIVE,xwalk_v1.0.0
HRIS-WKR-006594,PAY-WKR-006390,LE-IE-SYNTH-001,ACTIVE,xwalk_v1.0.0
HRIS-WKR-006595,PAY-WKR-006391,LE-IE-SYNTH-001,ACTIVE,xwalk_v1.0.0
HRIS-WKR-006596,PAY-WKR-006392,LE-IE-SYNTH-001,ACTIVE,xwalk_v1.0.0
HRIS-WKR-006597,PAY-WKR-006393,LE-IE-SYNTH-001,ACTIVE,xwalk_v1.0.0
HRIS-WKR-006598,PAY-WKR-006394,LE-IE-SYNTH-001,ACTIVE,xwalk_v1.0.0
HRIS-WKR-006599,PAY-WKR-006395,LE-IE-SYNTH-001,ACTIVE,xwalk_v1.0.0
HRIS-WKR-006600,PAY-WKR-006396,LE-IE-SYNTH-001,ACTIVE,xwalk_v1.0.0
HRIS-WKR-006601,PAY-WKR-006397,LE-IE-SYNTH-001,ACTIVE,xwalk_v1.0.0
HRIS-WKR-006602,PAY-WKR-006398,LE-IE-SYNTH-001,ACTIVE,xwalk_v1.0.0
HRIS-WKR-006603,PAY-WKR-006399,LE-IE-SYNTH-001,ACTIVE,xwalk_v1.0.0
HRIS-WKR-006604,PAY-WKR-006400,LE-IE-SYNTH-001,ACTIVE,xwalk_v1.0.0
HRIS-WKR-006605,PAY-WKR-006401,LE-IE-SYNTH-001,ACTIVE,xwalk_v1.0.0
HRIS-WKR-006606,PAY-WKR-006402,LE-IE-SYNTH-001,ACTIVE,xwalk_v1.0.0
HRIS-WKR-006607,PAY-WKR-006403,LE-IE-SYNTH-001,ACTIVE,xwalk_v1.0.0
HRIS-WKR-006608,PAY-WKR-006404,LE-IE-SYNTH-001,ACTIVE,xwalk_v1.0.0
HRIS-WKR-006609,PAY-WKR-006405,LE-IE-SYNTH-001,ACTIVE,xwalk_v1.0.0
HRIS-WKR-006610,PAY-WKR-006406,LE-IE-SYNTH-001,ACTIVE,xwalk_v1.0.0
HRIS-WKR-006611,PAY-WKR-006407,LE-IE-SYNTH-001,ACTIVE,xwalk_v1.0.0
HRIS-WKR-006612,PAY-WKR-006408,LE-IE-SYNTH-001,ACTIVE,xwalk_v1.0.0
HRIS-WKR-006613,PAY-WKR-006409,LE-IE-SYNTH-001,ACTIVE,xwalk_v1.0.0
HRIS-WKR-006614,PAY-WKR-006410,LE-IE-SYNTH-001,ACTIVE,xwalk_v1.0.0
HRIS-WKR-006615,PAY-WKR-006411,LE-IE-SYNTH-001,ACTIVE,xwalk_v1.0.0
HRIS-WKR-006616,PAY-WKR-006412,LE-IE-SYNTH-001,ACTIVE,xwalk_v1.0.0
HRIS-WKR-006617,PAY-WKR-006413,LE-IE-SYNTH-001,ACTIVE,xwalk_v1.0.0
HRIS-WKR-006618,PAY-WKR-006414,LE-IE-SYNTH-001,ACTIVE,xwalk_v1.0.0
HRIS-WKR-006619,PAY-WKR-006415,LE-IE-SYNTH-001,ACTIVE,xwalk_v1.0.0
HRIS-WKR-006620,,LE-IE-SYNTH-001,MISSING,xwalk_v1.0.0
HRIS-WKR-006621,PAY-WKR-006416,LE-IE-SYNTH-001,ACTIVE,xwalk_v1.0.0
HRIS-WKR-006622,PAY-WKR-006417,LE-IE-SYNTH-001,ACTIVE,xwalk_v1.0.0
HRIS-WKR-006623,PAY-WKR-006418,LE-IE-SYNTH-001,ACTIVE,xwalk_v1.0.0
HRIS-WKR-006624,PAY-WKR-006419,LE-IE-SYNTH-001,ACTIVE,xwalk_v1.0.0
HRIS-WKR-006625,PAY-WKR-006420,LE-IE-SYNTH-001,ACTIVE,xwalk_v1.0.0
HRIS-WKR-006626,PAY-WKR-006421,LE-IE-SYNTH-001,ACTIVE,xwalk_v1.0.0
HRIS-WKR-006627,PAY-WKR-006422,LE-IE-SYNTH-001,ACTIVE,xwalk_v1.0.0
HRIS-WKR-006628,PAY-WKR-006423,LE-IE-SYNTH-001,ACTIVE,xwalk_v1.0.0
HRIS-WKR-006629,PAY-WKR-006424,LE-IE-SYNTH-001,ACTIVE,xwalk_v1.0.0
HRIS-WKR-006630,PAY-WKR-006425,LE-IE-SYNTH-001,ACTIVE,xwalk_v1.0.0
HRIS-WKR-006631,PAY-WKR-006426,LE-IE-SYNTH-001,ACTIVE,xwalk_v1.0.0
HRIS-WKR-006632,PAY-WKR-006427,LE-IE-SYNTH-001,ACTIVE,xwalk_v1.0.0
HRIS-WKR-006633,PAY-WKR-006428,LE-IE-SYNTH-001,ACTIVE,xwalk_v1.0.0
HRIS-WKR-006634,PAY-WKR-006429,LE-IE-SYNTH-001,ACTIVE,xwalk_v1.0.0
HRIS-WKR-006635,PAY-WKR-006430,LE-IE-SYNTH-001,ACTIVE,xwalk_v1.0.0
HRIS-WKR-006636,PAY-WKR-006431,LE-IE-SYNTH-001,ACTIVE,xwalk_v1.0.0
HRIS-WKR-006637,PAY-WKR-006432,LE-IE-SYNTH-001,ACTIVE,xwalk_v1.0.0
HRIS-WKR-006638,PAY-WKR-006433,LE-IE-SYNTH-001,ACTIVE,xwalk_v1.0.0
HRIS-WKR-006639,PAY-WKR-006434,LE-IE-SYNTH-001,ACTIVE,xwalk_v1.0.0
HRIS-WKR-006640,PAY-WKR-006435,LE-IE-SYNTH-001,ACTIVE,xwalk_v1.0.0
HRIS-WKR-006641,PAY-WKR-006436,LE-IE-SYNTH-001,ACTIVE,xwalk_v1.0.0
HRIS-WKR-006642,PAY-WKR-006437,LE-IE-SYNTH-001,ACTIVE,xwalk_v1.0.0
HRIS-WKR-006643,PAY-WKR-006438,LE-IE-SYNTH-001,ACTIVE,xwalk_v1.0.0
HRIS-WKR-006644,PAY-WKR-006439,LE-IE-SYNTH-001,ACTIVE,xwalk_v1.0.0
HRIS-WKR-006645,PAY-WKR-006440,LE-IE-SYNTH-001,ACTIVE,xwalk_v1.0.0
HRIS-WKR-006646,PAY-WKR-006441,LE-IE-SYNTH-001,ACTIVE,xwalk_v1.0.0
HRIS-WKR-006647,PAY-WKR-006442,LE-IE-SYNTH-001,ACTIVE,xwalk_v1.0.0
HRIS-WKR-006648,,LE-IE-SYNTH-001,MISSING,xwalk_v1.0.0
HRIS-WKR-006649,PAY-WKR-006443,LE-IE-SYNTH-001,ACTIVE,xwalk_v1.0.0
HRIS-WKR-006650,PAY-WKR-006444,LE-IE-SYNTH-001,ACTIVE,xwalk_v1.0.0
HRIS-WKR-006651,PAY-WKR-006445,LE-IE-SYNTH-001,ACTIVE,xwalk_v1.0.0
HRIS-WKR-006652,PAY-WKR-006446,LE-IE-SYNTH-001,ACTIVE,xwalk_v1.0.0
HRIS-WKR-006653,PAY-WKR-006447,LE-IE-SYNTH-001,ACTIVE,xwalk_v1.0.0
HRIS-WKR-006654,PAY-WKR-006448,LE-IE-SYNTH-001,ACTIVE,xwalk_v1.0.0
HRIS-WKR-006655,PAY-WKR-006449,LE-IE-SYNTH-001,ACTIVE,xwalk_v1.0.0
HRIS-WKR-006656,PAY-WKR-006450,LE-IE-SYNTH-001,ACTIVE,xwalk_v1.0.0
HRIS-WKR-006657,PAY-WKR-006451,LE-IE-SYNTH-001,ACTIVE,xwalk_v1.0.0
HRIS-WKR-006658,PAY-WKR-006452,LE-IE-SYNTH-001,ACTIVE,xwalk_v1.0.0
HRIS-WKR-006659,PAY-WKR-006453,LE-IE-SYNTH-001,ACTIVE,xwalk_v1.0.0
HRIS-WKR-006660,PAY-WKR-006454,LE-IE-SYNTH-001,ACTIVE,xwalk_v1.0.0
HRIS-WKR-006661,PAY-WKR-006455,LE-IE-SYNTH-001,ACTIVE,xwalk_v1.0.0
HRIS-WKR-006662,PAY-WKR-006456,LE-IE-SYNTH-001,ACTIVE,xwalk_v1.0.0
HRIS-WKR-006663,PAY-WKR-006457,LE-IE-SYNTH-001,ACTIVE,xwalk_v1.0.0
HRIS-WKR-006664,,LE-IE-SYNTH-001,MISSING,xwalk_v1.0.0
HRIS-WKR-006665,PAY-WKR-006458,LE-IE-SYNTH-001,ACTIVE,xwalk_v1.0.0
HRIS-WKR-006666,PAY-WKR-006459,LE-IE-SYNTH-001,ACTIVE,xwalk_v1.0.0
HRIS-WKR-006667,PAY-WKR-006460,LE-IE-SYNTH-001,ACTIVE,xwalk_v1.0.0
HRIS-WKR-006668,PAY-WKR-006461,LE-IE-SYNTH-001,ACTIVE,xwalk_v1.0.0
HRIS-WKR-006669,PAY-WKR-006462,LE-IE-SYNTH-001,ACTIVE,xwalk_v1.0.0
HRIS-WKR-006670,PAY-WKR-006463,LE-IE-SYNTH-001,ACTIVE,xwalk_v1.0.0
HRIS-WKR-006671,PAY-WKR-006464,LE-IE-SYNTH-001,ACTIVE,xwalk_v1.0.0
HRIS-WKR-006672,,LE-IE-SYNTH-001,MISSING,xwalk_v1.0.0
HRIS-WKR-006673,PAY-WKR-006465,LE-IE-SYNTH-001,ACTIVE,xwalk_v1.0.0
HRIS-WKR-006674,PAY-WKR-006466,LE-IE-SYNTH-001,ACTIVE,xwalk_v1.0.0
HRIS-WKR-006675,PAY-WKR-006467,LE-IE-SYNTH-001,ACTIVE,xwalk_v1.0.0
HRIS-WKR-006676,PAY-WKR-006468,LE-IE-SYNTH-001,ACTIVE,xwalk_v1.0.0
HRIS-WKR-006677,PAY-WKR-006469,LE-IE-SYNTH-001,ACTIVE,xwalk_v1.0.0
HRIS-WKR-006678,PAY-WKR-006470,LE-IE-SYNTH-001,ACTIVE,xwalk_v1.0.0
HRIS-WKR-006679,PAY-WKR-006471,LE-IE-SYNTH-001,ACTIVE,xwalk_v1.0.0
HRIS-WKR-006680,PAY-WKR-006472,LE-IE-SYNTH-001,ACTIVE,xwalk_v1.0.0
HRIS-WKR-006681,PAY-WKR-006473,LE-IE-SYNTH-001,ACTIVE,xwalk_v1.0.0
HRIS-WKR-006682,PAY-WKR-006474,LE-IE-SYNTH-001,ACTIVE,xwalk_v1.0.0
HRIS-WKR-006683,PAY-WKR-006475,LE-IE-SYNTH-001,ACTIVE,xwalk_v1.0.0
HRIS-WKR-006684,PAY-WKR-006476,LE-IE-SYNTH-001,ACTIVE,xwalk_v1.0.0
HRIS-WKR-006685,PAY-WKR-006477,LE-IE-SYNTH-001,ACTIVE,xwalk_v1.0.0
HRIS-WKR-006686,PAY-WKR-006478,LE-IE-SYNTH-001,ACTIVE,xwalk_v1.0.0
HRIS-WKR-006687,PAY-WKR-006479,LE-IE-SYNTH-001,ACTIVE,xwalk_v1.0.0
HRIS-WKR-006688,PAY-WKR-006480,LE-IE-SYNTH-001,ACTIVE,xwalk_v1.0.0
HRIS-WKR-006689,,LE-IE-SYNTH-001,MISSING,xwalk_v1.0.0
HRIS-WKR-006690,PAY-WKR-006481,LE-IE-SYNTH-001,ACTIVE,xwalk_v1.0.0
HRIS-WKR-006691,PAY-WKR-006482,LE-IE-SYNTH-001,ACTIVE,xwalk_v1.0.0
HRIS-WKR-006692,PAY-WKR-006483,LE-IE-SYNTH-001,ACTIVE,xwalk_v1.0.0
HRIS-WKR-006693,PAY-WKR-006484,LE-IE-SYNTH-001,ACTIVE,xwalk_v1.0.0
HRIS-WKR-006694,PAY-WKR-006485,LE-IE-SYNTH-001,ACTIVE,xwalk_v1.0.0
HRIS-WKR-006695,PAY-WKR-006486,LE-IE-SYNTH-001,ACTIVE,xwalk_v1.0.0
HRIS-WKR-006696,PAY-WKR-006487,LE-IE-SYNTH-001,ACTIVE,xwalk_v1.0.0
HRIS-WKR-006697,PAY-WKR-006488,LE-IE-SYNTH-001,ACTIVE,xwalk_v1.0.0
HRIS-WKR-006698,PAY-WKR-006489,LE-IE-SYNTH-001,ACTIVE,xwalk_v1.0.0
HRIS-WKR-006699,PAY-WKR-006490,LE-IE-SYNTH-001,ACTIVE,xwalk_v1.0.0
HRIS-WKR-006700,PAY-WKR-006491,LE-IE-SYNTH-001,ACTIVE,xwalk_v1.0.0
HRIS-WKR-006701,PAY-WKR-006492,LE-IE-SYNTH-001,ACTIVE,xwalk_v1.0.0
HRIS-WKR-006702,PAY-WKR-006493,LE-IE-SYNTH-001,ACTIVE,xwalk_v1.0.0
HRIS-WKR-006703,PAY-WKR-006494,LE-IE-SYNTH-001,ACTIVE,xwalk_v1.0.0
HRIS-WKR-006704,PAY-WKR-006495,LE-IE-SYNTH-001,ACTIVE,xwalk_v1.0.0
HRIS-WKR-006705,PAY-WKR-006496,LE-IE-SYNTH-001,ACTIVE,xwalk_v1.0.0
HRIS-WKR-006706,PAY-WKR-006497,LE-IE-SYNTH-001,ACTIVE,xwalk_v1.0.0
HRIS-WKR-006707,PAY-WKR-006498,LE-IE-SYNTH-001,ACTIVE,xwalk_v1.0.0
HRIS-WKR-006708,PAY-WKR-006499,LE-IE-SYNTH-001,ACTIVE,xwalk_v1.0.0
HRIS-WKR-006709,PAY-WKR-006500,LE-IE-SYNTH-001,ACTIVE,xwalk_v1.0.0
HRIS-WKR-006710,PAY-WKR-006501,LE-IE-SYNTH-001,ACTIVE,xwalk_v1.0.0
HRIS-WKR-006711,PAY-WKR-006502,LE-IE-SYNTH-001,ACTIVE,xwalk_v1.0.0
HRIS-WKR-006712,PAY-WKR-006503,LE-IE-SYNTH-001,ACTIVE,xwalk_v1.0.0
HRIS-WKR-006713,PAY-WKR-006504,LE-IE-SYNTH-001,ACTIVE,xwalk_v1.0.0
HRIS-WKR-006714,PAY-WKR-006505,LE-IE-SYNTH-001,ACTIVE,xwalk_v1.0.0
HRIS-WKR-006715,PAY-WKR-006506,LE-IE-SYNTH-001,ACTIVE,xwalk_v1.0.0
HRIS-WKR-006716,PAY-WKR-006507,LE-IE-SYNTH-001,ACTIVE,xwalk_v1.0.0
HRIS-WKR-006717,PAY-WKR-006508,LE-IE-SYNTH-001,ACTIVE,xwalk_v1.0.0
HRIS-WKR-006718,PAY-WKR-006509,LE-IE-SYNTH-001,ACTIVE,xwalk_v1.0.0
HRIS-WKR-006719,PAY-WKR-006510,LE-IE-SYNTH-001,ACTIVE,xwalk_v1.0.0
HRIS-WKR-006720,PAY-WKR-006511,LE-IE-SYNTH-001,ACTIVE,xwalk_v1.0.0
HRIS-WKR-006721,PAY-WKR-006512,LE-IE-SYNTH-001,ACTIVE,xwalk_v1.0.0
HRIS-WKR-006722,PAY-WKR-006513,LE-IE-SYNTH-001,ACTIVE,xwalk_v1.0.0
HRIS-WKR-006723,PAY-WKR-006514,LE-IE-SYNTH-001,ACTIVE,xwalk_v1.0.0
HRIS-WKR-006724,PAY-WKR-006515,LE-IE-SYNTH-001,ACTIVE,xwalk_v1.0.0
HRIS-WKR-006725,PAY-WKR-006516,LE-IE-SYNTH-001,ACTIVE,xwalk_v1.0.0
HRIS-WKR-006726,PAY-WKR-006517,LE-IE-SYNTH-001,ACTIVE,xwalk_v1.0.0
HRIS-WKR-006727,PAY-WKR-006518,LE-IE-SYNTH-001,ACTIVE,xwalk_v1.0.0
HRIS-WKR-006728,,LE-IE-SYNTH-001,MISSING,xwalk_v1.0.0
HRIS-WKR-006729,PAY-WKR-006519,LE-IE-SYNTH-001,ACTIVE,xwalk_v1.0.0
HRIS-WKR-006730,PAY-WKR-006520,LE-IE-SYNTH-001,ACTIVE,xwalk_v1.0.0
HRIS-WKR-006731,PAY-WKR-006521,LE-IE-SYNTH-001,ACTIVE,xwalk_v1.0.0
HRIS-WKR-006732,PAY-WKR-006522,LE-IE-SYNTH-001,ACTIVE,xwalk_v1.0.0
HRIS-WKR-006733,PAY-WKR-006523,LE-IE-SYNTH-001,ACTIVE,xwalk_v1.0.0
HRIS-WKR-006734,PAY-WKR-006524,LE-IE-SYNTH-001,ACTIVE,xwalk_v1.0.0
HRIS-WKR-006735,PAY-WKR-006525,LE-IE-SYNTH-001,ACTIVE,xwalk_v1.0.0
HRIS-WKR-006736,PAY-WKR-006526,LE-IE-SYNTH-001,ACTIVE,xwalk_v1.0.0
HRIS-WKR-006737,PAY-WKR-006527,LE-IE-SYNTH-001,ACTIVE,xwalk_v1.0.0
HRIS-WKR-006738,PAY-WKR-006528,LE-IE-SYNTH-001,ACTIVE,xwalk_v1.0.0
HRIS-WKR-006739,PAY-WKR-006529,LE-IE-SYNTH-001,ACTIVE,xwalk_v1.0.0
HRIS-WKR-006740,PAY-WKR-006530,LE-IE-SYNTH-001,ACTIVE,xwalk_v1.0.0
HRIS-WKR-006741,PAY-WKR-006531,LE-IE-SYNTH-001,ACTIVE,xwalk_v1.0.0
HRIS-WKR-006742,PAY-WKR-006532,LE-IE-SYNTH-001,ACTIVE,xwalk_v1.0.0
HRIS-WKR-006743,PAY-WKR-006533,LE-IE-SYNTH-001,ACTIVE,xwalk_v1.0.0
HRIS-WKR-006744,PAY-WKR-006534,LE-IE-SYNTH-001,ACTIVE,xwalk_v1.0.0
HRIS-WKR-006745,PAY-WKR-006535,LE-IE-SYNTH-001,ACTIVE,xwalk_v1.0.0
HRIS-WKR-006746,PAY-WKR-006536,LE-IE-SYNTH-001,ACTIVE,xwalk_v1.0.0
HRIS-WKR-006747,PAY-WKR-006537,LE-IE-SYNTH-001,ACTIVE,xwalk_v1.0.0
HRIS-WKR-006748,PAY-WKR-006538,LE-IE-SYNTH-001,ACTIVE,xwalk_v1.0.0
HRIS-WKR-006749,PAY-WKR-006539,LE-IE-SYNTH-001,ACTIVE,xwalk_v1.0.0
HRIS-WKR-006750,PAY-WKR-006540,LE-IE-SYNTH-001,ACTIVE,xwalk_v1.0.0
HRIS-WKR-006751,PAY-WKR-006541,LE-IE-SYNTH-001,ACTIVE,xwalk_v1.0.0
HRIS-WKR-006752,PAY-WKR-006542,LE-IE-SYNTH-001,ACTIVE,xwalk_v1.0.0
HRIS-WKR-006753,PAY-WKR-006543,LE-IE-SYNTH-001,ACTIVE,xwalk_v1.0.0
HRIS-WKR-006754,PAY-WKR-006544,LE-IE-SYNTH-001,ACTIVE,xwalk_v1.0.0
HRIS-WKR-006755,PAY-WKR-006545,LE-IE-SYNTH-001,ACTIVE,xwalk_v1.0.0
HRIS-WKR-006756,PAY-WKR-006546,LE-IE-SYNTH-001,ACTIVE,xwalk_v1.0.0
HRIS-WKR-006757,PAY-WKR-006547,LE-IE-SYNTH-001,ACTIVE,xwalk_v1.0.0
HRIS-WKR-006758,PAY-WKR-006548,LE-IE-SYNTH-001,ACTIVE,xwalk_v1.0.0
HRIS-WKR-006759,PAY-WKR-006549,LE-IE-SYNTH-001,ACTIVE,xwalk_v1.0.0
HRIS-WKR-006760,PAY-WKR-006550,LE-IE-SYNTH-001,ACTIVE,xwalk_v1.0.0
HRIS-WKR-006761,PAY-WKR-006551,LE-IE-SYNTH-001,ACTIVE,xwalk_v1.0.0
HRIS-WKR-006762,PAY-WKR-006552,LE-IE-SYNTH-001,ACTIVE,xwalk_v1.0.0
HRIS-WKR-006763,PAY-WKR-006553,LE-IE-SYNTH-001,ACTIVE,xwalk_v1.0.0
HRIS-WKR-006764,PAY-WKR-006554,LE-IE-SYNTH-001,ACTIVE,xwalk_v1.0.0
HRIS-WKR-006765,PAY-WKR-006555,LE-IE-SYNTH-001,ACTIVE,xwalk_v1.0.0
HRIS-WKR-006766,PAY-WKR-006556,LE-IE-SYNTH-001,ACTIVE,xwalk_v1.0.0
HRIS-WKR-006767,PAY-WKR-006557,LE-IE-SYNTH-001,ACTIVE,xwalk_v1.0.0
HRIS-WKR-006768,PAY-WKR-006558,LE-IE-SYNTH-001,ACTIVE,xwalk_v1.0.0
HRIS-WKR-006769,PAY-WKR-006559,LE-IE-SYNTH-001,ACTIVE,xwalk_v1.0.0
HRIS-WKR-006770,PAY-WKR-006560,LE-IE-SYNTH-001,ACTIVE,xwalk_v1.0.0
HRIS-WKR-006771,PAY-WKR-006561,LE-IE-SYNTH-001,ACTIVE,xwalk_v1.0.0
HRIS-WKR-006772,PAY-WKR-006562,LE-IE-SYNTH-001,ACTIVE,xwalk_v1.0.0
HRIS-WKR-006773,PAY-WKR-006563,LE-IE-SYNTH-001,ACTIVE,xwalk_v1.0.0
HRIS-WKR-006774,PAY-WKR-006564,LE-IE-SYNTH-001,ACTIVE,xwalk_v1.0.0
HRIS-WKR-006775,PAY-WKR-006565,LE-IE-SYNTH-001,ACTIVE,xwalk_v1.0.0
HRIS-WKR-006776,,LE-IE-SYNTH-001,MISSING,xwalk_v1.0.0
HRIS-WKR-006777,PAY-WKR-006566,LE-IE-SYNTH-001,ACTIVE,xwalk_v1.0.0
HRIS-WKR-006778,PAY-WKR-006567,LE-IE-SYNTH-001,ACTIVE,xwalk_v1.0.0
HRIS-WKR-006779,PAY-WKR-006568,LE-IE-SYNTH-001,ACTIVE,xwalk_v1.0.0
HRIS-WKR-006780,PAY-WKR-006569,LE-IE-SYNTH-001,ACTIVE,xwalk_v1.0.0
HRIS-WKR-006781,PAY-WKR-006570,LE-IE-SYNTH-001,ACTIVE,xwalk_v1.0.0
HRIS-WKR-006782,PAY-WKR-006571,LE-IE-SYNTH-001,ACTIVE,xwalk_v1.0.0
HRIS-WKR-006783,,LE-IE-SYNTH-001,MISSING,xwalk_v1.0.0
HRIS-WKR-006784,PAY-WKR-006572,LE-IE-SYNTH-001,ACTIVE,xwalk_v1.0.0
HRIS-WKR-006785,PAY-WKR-006573,LE-IE-SYNTH-001,ACTIVE,xwalk_v1.0.0
HRIS-WKR-006786,PAY-WKR-006574,LE-IE-SYNTH-001,ACTIVE,xwalk_v1.0.0
HRIS-WKR-006787,PAY-WKR-006575,LE-IE-SYNTH-001,ACTIVE,xwalk_v1.0.0
HRIS-WKR-006788,PAY-WKR-006576,LE-IE-SYNTH-001,ACTIVE,xwalk_v1.0.0
HRIS-WKR-006789,PAY-WKR-006577,LE-IE-SYNTH-001,ACTIVE,xwalk_v1.0.0
HRIS-WKR-006790,PAY-WKR-006578,LE-IE-SYNTH-001,ACTIVE,xwalk_v1.0.0
HRIS-WKR-006791,PAY-WKR-006579,LE-IE-SYNTH-001,ACTIVE,xwalk_v1.0.0
HRIS-WKR-006792,PAY-WKR-006580,LE-IE-SYNTH-001,ACTIVE,xwalk_v1.0.0
HRIS-WKR-006793,PAY-WKR-006581,LE-IE-SYNTH-001,ACTIVE,xwalk_v1.0.0
HRIS-WKR-006794,PAY-WKR-006582,LE-IE-SYNTH-001,ACTIVE,xwalk_v1.0.0
HRIS-WKR-006795,PAY-WKR-006583,LE-IE-SYNTH-001,ACTIVE,xwalk_v1.0.0
HRIS-WKR-006796,PAY-WKR-006584,LE-IE-SYNTH-001,ACTIVE,xwalk_v1.0.0
HRIS-WKR-006797,PAY-WKR-006585,LE-IE-SYNTH-001,ACTIVE,xwalk_v1.0.0
HRIS-WKR-006798,PAY-WKR-006586,LE-IE-SYNTH-001,ACTIVE,xwalk_v1.0.0
HRIS-WKR-006799,PAY-WKR-006587,LE-IE-SYNTH-001,ACTIVE,xwalk_v1.0.0
HRIS-WKR-006800,PAY-WKR-006588,LE-IE-SYNTH-001,ACTIVE,xwalk_v1.0.0
HRIS-WKR-006801,PAY-WKR-006589,LE-IE-SYNTH-001,ACTIVE,xwalk_v1.0.0
HRIS-WKR-006802,PAY-WKR-006590,LE-IE-SYNTH-001,ACTIVE,xwalk_v1.0.0
HRIS-WKR-006803,,LE-IE-SYNTH-001,MISSING,xwalk_v1.0.0
HRIS-WKR-006804,PAY-WKR-006591,LE-IE-SYNTH-001,ACTIVE,xwalk_v1.0.0
HRIS-WKR-006805,PAY-WKR-006592,LE-IE-SYNTH-001,ACTIVE,xwalk_v1.0.0
HRIS-WKR-006806,PAY-WKR-006593,LE-IE-SYNTH-001,ACTIVE,xwalk_v1.0.0
HRIS-WKR-006807,PAY-WKR-006594,LE-IE-SYNTH-001,ACTIVE,xwalk_v1.0.0
HRIS-WKR-006808,PAY-WKR-006595,LE-IE-SYNTH-001,ACTIVE,xwalk_v1.0.0
HRIS-WKR-006809,PAY-WKR-006596,LE-IE-SYNTH-001,ACTIVE,xwalk_v1.0.0
HRIS-WKR-006810,PAY-WKR-006597,LE-IE-SYNTH-001,ACTIVE,xwalk_v1.0.0
HRIS-WKR-006811,PAY-WKR-006598,LE-IE-SYNTH-001,ACTIVE,xwalk_v1.0.0
HRIS-WKR-006812,PAY-WKR-006599,LE-IE-SYNTH-001,ACTIVE,xwalk_v1.0.0
HRIS-WKR-006813,PAY-WKR-006600,LE-IE-SYNTH-001,ACTIVE,xwalk_v1.0.0
HRIS-WKR-006814,PAY-WKR-006601,LE-IE-SYNTH-001,ACTIVE,xwalk_v1.0.0
HRIS-WKR-006815,PAY-WKR-006602,LE-IE-SYNTH-001,ACTIVE,xwalk_v1.0.0
HRIS-WKR-006816,PAY-WKR-006603,LE-IE-SYNTH-001,ACTIVE,xwalk_v1.0.0
HRIS-WKR-006817,PAY-WKR-006604,LE-IE-SYNTH-001,ACTIVE,xwalk_v1.0.0
HRIS-WKR-006818,PAY-WKR-006605,LE-IE-SYNTH-001,ACTIVE,xwalk_v1.0.0
HRIS-WKR-006819,PAY-WKR-006606,LE-IE-SYNTH-001,ACTIVE,xwalk_v1.0.0
HRIS-WKR-006820,PAY-WKR-006607,LE-IE-SYNTH-001,ACTIVE,xwalk_v1.0.0
HRIS-WKR-006821,PAY-WKR-006608,LE-IE-SYNTH-001,ACTIVE,xwalk_v1.0.0
HRIS-WKR-006822,PAY-WKR-006609,LE-IE-SYNTH-001,ACTIVE,xwalk_v1.0.0
HRIS-WKR-006823,PAY-WKR-006610,LE-IE-SYNTH-001,ACTIVE,xwalk_v1.0.0
HRIS-WKR-006824,PAY-WKR-006611,LE-IE-SYNTH-001,ACTIVE,xwalk_v1.0.0
HRIS-WKR-006825,PAY-WKR-006612,LE-IE-SYNTH-001,ACTIVE,xwalk_v1.0.0
HRIS-WKR-006826,PAY-WKR-006613,LE-IE-SYNTH-001,ACTIVE,xwalk_v1.0.0
HRIS-WKR-006827,PAY-WKR-006614,LE-IE-SYNTH-001,ACTIVE,xwalk_v1.0.0
HRIS-WKR-006828,PAY-WKR-006615,LE-IE-SYNTH-001,ACTIVE,xwalk_v1.0.0
HRIS-WKR-006829,PAY-WKR-006616,LE-IE-SYNTH-001,ACTIVE,xwalk_v1.0.0
HRIS-WKR-006830,PAY-WKR-006617,LE-IE-SYNTH-001,ACTIVE,xwalk_v1.0.0
HRIS-WKR-006831,,LE-IE-SYNTH-001,MISSING,xwalk_v1.0.0
HRIS-WKR-006832,PAY-WKR-006618,LE-IE-SYNTH-001,ACTIVE,xwalk_v1.0.0
HRIS-WKR-006833,PAY-WKR-006619,LE-IE-SYNTH-001,ACTIVE,xwalk_v1.0.0
HRIS-WKR-006834,PAY-WKR-006620,LE-IE-SYNTH-001,ACTIVE,xwalk_v1.0.0
HRIS-WKR-006835,PAY-WKR-006621,LE-IE-SYNTH-001,ACTIVE,xwalk_v1.0.0
HRIS-WKR-006836,PAY-WKR-006622,LE-IE-SYNTH-001,ACTIVE,xwalk_v1.0.0
HRIS-WKR-006837,PAY-WKR-006623,LE-IE-SYNTH-001,ACTIVE,xwalk_v1.0.0
HRIS-WKR-006838,PAY-WKR-006624,LE-IE-SYNTH-001,ACTIVE,xwalk_v1.0.0
HRIS-WKR-006839,PAY-WKR-006625,LE-IE-SYNTH-001,ACTIVE,xwalk_v1.0.0
HRIS-WKR-006840,PAY-WKR-006626,LE-IE-SYNTH-001,ACTIVE,xwalk_v1.0.0
HRIS-WKR-006841,PAY-WKR-006627,LE-IE-SYNTH-001,ACTIVE,xwalk_v1.0.0
HRIS-WKR-006842,PAY-WKR-006628,LE-IE-SYNTH-001,ACTIVE,xwalk_v1.0.0
HRIS-WKR-006843,PAY-WKR-006629,LE-IE-SYNTH-001,ACTIVE,xwalk_v1.0.0
HRIS-WKR-006844,PAY-WKR-006630,LE-IE-SYNTH-001,ACTIVE,xwalk_v1.0.0
HRIS-WKR-006845,PAY-WKR-006631,LE-IE-SYNTH-001,ACTIVE,xwalk_v1.0.0
HRIS-WKR-006846,PAY-WKR-006632,LE-IE-SYNTH-001,ACTIVE,xwalk_v1.0.0
HRIS-WKR-006847,PAY-WKR-006633,LE-IE-SYNTH-001,ACTIVE,xwalk_v1.0.0
HRIS-WKR-006848,PAY-WKR-006634,LE-IE-SYNTH-001,ACTIVE,xwalk_v1.0.0
HRIS-WKR-006849,PAY-WKR-006635,LE-IE-SYNTH-001,ACTIVE,xwalk_v1.0.0
HRIS-WKR-006850,PAY-WKR-006636,LE-IE-SYNTH-001,ACTIVE,xwalk_v1.0.0
HRIS-WKR-006851,PAY-WKR-006637,LE-IE-SYNTH-001,ACTIVE,xwalk_v1.0.0
HRIS-WKR-006852,PAY-WKR-006638,LE-IE-SYNTH-001,ACTIVE,xwalk_v1.0.0
HRIS-WKR-006853,PAY-WKR-006639,LE-IE-SYNTH-001,ACTIVE,xwalk_v1.0.0
HRIS-WKR-006854,PAY-WKR-006640,LE-IE-SYNTH-001,ACTIVE,xwalk_v1.0.0
HRIS-WKR-006855,PAY-WKR-006641,LE-IE-SYNTH-001,ACTIVE,xwalk_v1.0.0
HRIS-WKR-006856,PAY-WKR-006642,LE-IE-SYNTH-001,ACTIVE,xwalk_v1.0.0
HRIS-WKR-006857,PAY-WKR-006643,LE-IE-SYNTH-001,ACTIVE,xwalk_v1.0.0
HRIS-WKR-006858,PAY-WKR-006644,LE-IE-SYNTH-001,ACTIVE,xwalk_v1.0.0
HRIS-WKR-006859,PAY-WKR-006645,LE-IE-SYNTH-001,ACTIVE,xwalk_v1.0.0
HRIS-WKR-006860,PAY-WKR-006646,LE-IE-SYNTH-001,ACTIVE,xwalk_v1.0.0
HRIS-WKR-006861,PAY-WKR-006647,LE-IE-SYNTH-001,ACTIVE,xwalk_v1.0.0
HRIS-WKR-006862,PAY-WKR-006648,LE-IE-SYNTH-001,ACTIVE,xwalk_v1.0.0
HRIS-WKR-006863,PAY-WKR-006649,LE-IE-SYNTH-001,ACTIVE,xwalk_v1.0.0
HRIS-WKR-006864,PAY-WKR-006650,LE-IE-SYNTH-001,ACTIVE,xwalk_v1.0.0
HRIS-WKR-006865,PAY-WKR-006651,LE-IE-SYNTH-001,ACTIVE,xwalk_v1.0.0
HRIS-WKR-006866,PAY-WKR-006652,LE-IE-SYNTH-001,ACTIVE,xwalk_v1.0.0
HRIS-WKR-006867,PAY-WKR-006653,LE-IE-SYNTH-001,ACTIVE,xwalk_v1.0.0
HRIS-WKR-006868,PAY-WKR-006654,LE-IE-SYNTH-001,ACTIVE,xwalk_v1.0.0
HRIS-WKR-006869,PAY-WKR-006655,LE-IE-SYNTH-001,ACTIVE,xwalk_v1.0.0
HRIS-WKR-006870,PAY-WKR-006656,LE-IE-SYNTH-001,ACTIVE,xwalk_v1.0.0
HRIS-WKR-006871,PAY-WKR-006657,LE-IE-SYNTH-001,ACTIVE,xwalk_v1.0.0
HRIS-WKR-006872,PAY-WKR-006658,LE-IE-SYNTH-001,ACTIVE,xwalk_v1.0.0
HRIS-WKR-006873,PAY-WKR-006659,LE-IE-SYNTH-001,ACTIVE,xwalk_v1.0.0
HRIS-WKR-006874,PAY-WKR-006660,LE-IE-SYNTH-001,ACTIVE,xwalk_v1.0.0
HRIS-WKR-006875,PAY-WKR-006661,LE-IE-SYNTH-001,ACTIVE,xwalk_v1.0.0
HRIS-WKR-006876,PAY-WKR-006662,LE-IE-SYNTH-001,ACTIVE,xwalk_v1.0.0
HRIS-WKR-006877,PAY-WKR-006663,LE-IE-SYNTH-001,ACTIVE,xwalk_v1.0.0
HRIS-WKR-006878,PAY-WKR-006664,LE-IE-SYNTH-001,ACTIVE,xwalk_v1.0.0
HRIS-WKR-006879,PAY-WKR-006665,LE-IE-SYNTH-001,ACTIVE,xwalk_v1.0.0
HRIS-WKR-006880,PAY-WKR-006666,LE-IE-SYNTH-001,ACTIVE,xwalk_v1.0.0
HRIS-WKR-006881,PAY-WKR-006667,LE-IE-SYNTH-001,ACTIVE,xwalk_v1.0.0
HRIS-WKR-006882,PAY-WKR-006668,LE-IE-SYNTH-001,ACTIVE,xwalk_v1.0.0
HRIS-WKR-006883,PAY-WKR-006669,LE-IE-SYNTH-001,ACTIVE,xwalk_v1.0.0
HRIS-WKR-006884,PAY-WKR-006670,LE-IE-SYNTH-001,ACTIVE,xwalk_v1.0.0
HRIS-WKR-006885,PAY-WKR-006671,LE-IE-SYNTH-001,ACTIVE,xwalk_v1.0.0
HRIS-WKR-006886,,LE-IE-SYNTH-001,MISSING,xwalk_v1.0.0
HRIS-WKR-006887,PAY-WKR-006672,LE-IE-SYNTH-001,ACTIVE,xwalk_v1.0.0
HRIS-WKR-006888,PAY-WKR-006673,LE-IE-SYNTH-001,ACTIVE,xwalk_v1.0.0
HRIS-WKR-006889,PAY-WKR-006674,LE-IE-SYNTH-001,ACTIVE,xwalk_v1.0.0
HRIS-WKR-006890,PAY-WKR-006675,LE-IE-SYNTH-001,ACTIVE,xwalk_v1.0.0
HRIS-WKR-006891,PAY-WKR-006676,LE-IE-SYNTH-001,ACTIVE,xwalk_v1.0.0
HRIS-WKR-006892,PAY-WKR-006677,LE-IE-SYNTH-001,ACTIVE,xwalk_v1.0.0
HRIS-WKR-006893,PAY-WKR-006678,LE-IE-SYNTH-001,ACTIVE,xwalk_v1.0.0
HRIS-WKR-006894,PAY-WKR-006679,LE-IE-SYNTH-001,ACTIVE,xwalk_v1.0.0
HRIS-WKR-006895,PAY-WKR-006680,LE-IE-SYNTH-001,ACTIVE,xwalk_v1.0.0
HRIS-WKR-006896,PAY-WKR-006681,LE-IE-SYNTH-001,ACTIVE,xwalk_v1.0.0
HRIS-WKR-006897,PAY-WKR-006682,LE-IE-SYNTH-001,ACTIVE,xwalk_v1.0.0
HRIS-WKR-006898,PAY-WKR-006683,LE-IE-SYNTH-001,ACTIVE,xwalk_v1.0.0
HRIS-WKR-006899,PAY-WKR-006684,LE-IE-SYNTH-001,ACTIVE,xwalk_v1.0.0
HRIS-WKR-006900,,LE-IE-SYNTH-001,MISSING,xwalk_v1.0.0
HRIS-WKR-006901,PAY-WKR-006685,LE-IE-SYNTH-001,ACTIVE,xwalk_v1.0.0
HRIS-WKR-006902,PAY-WKR-006686,LE-IE-SYNTH-001,ACTIVE,xwalk_v1.0.0
HRIS-WKR-006903,PAY-WKR-006687,LE-IE-SYNTH-001,ACTIVE,xwalk_v1.0.0
HRIS-WKR-006904,PAY-WKR-006688,LE-IE-SYNTH-001,ACTIVE,xwalk_v1.0.0
HRIS-WKR-006905,PAY-WKR-006689,LE-IE-SYNTH-001,ACTIVE,xwalk_v1.0.0
HRIS-WKR-006906,PAY-WKR-006690,LE-IE-SYNTH-001,ACTIVE,xwalk_v1.0.0
HRIS-WKR-006907,PAY-WKR-006691,LE-IE-SYNTH-001,ACTIVE,xwalk_v1.0.0
HRIS-WKR-006908,PAY-WKR-006692,LE-IE-SYNTH-001,ACTIVE,xwalk_v1.0.0
HRIS-WKR-006909,PAY-WKR-006693,LE-IE-SYNTH-001,ACTIVE,xwalk_v1.0.0
HRIS-WKR-006910,PAY-WKR-006694,LE-IE-SYNTH-001,ACTIVE,xwalk_v1.0.0
HRIS-WKR-006911,PAY-WKR-006695,LE-IE-SYNTH-001,ACTIVE,xwalk_v1.0.0
HRIS-WKR-006912,PAY-WKR-006696,LE-IE-SYNTH-001,ACTIVE,xwalk_v1.0.0
HRIS-WKR-006913,PAY-WKR-006697,LE-IE-SYNTH-001,ACTIVE,xwalk_v1.0.0
HRIS-WKR-006914,PAY-WKR-006698,LE-IE-SYNTH-001,ACTIVE,xwalk_v1.0.0
HRIS-WKR-006915,PAY-WKR-006699,LE-IE-SYNTH-001,ACTIVE,xwalk_v1.0.0
HRIS-WKR-006916,PAY-WKR-006700,LE-IE-SYNTH-001,ACTIVE,xwalk_v1.0.0
HRIS-WKR-006917,PAY-WKR-006701,LE-IE-SYNTH-001,ACTIVE,xwalk_v1.0.0
HRIS-WKR-006918,PAY-WKR-006702,LE-IE-SYNTH-001,ACTIVE,xwalk_v1.0.0
HRIS-WKR-006919,PAY-WKR-006703,LE-IE-SYNTH-001,ACTIVE,xwalk_v1.0.0
HRIS-WKR-006920,PAY-WKR-006704,LE-IE-SYNTH-001,ACTIVE,xwalk_v1.0.0
HRIS-WKR-006921,PAY-WKR-006705,LE-IE-SYNTH-001,ACTIVE,xwalk_v1.0.0
HRIS-WKR-006922,PAY-WKR-006706,LE-IE-SYNTH-001,ACTIVE,xwalk_v1.0.0
HRIS-WKR-006923,PAY-WKR-006707,LE-IE-SYNTH-001,ACTIVE,xwalk_v1.0.0
HRIS-WKR-006924,PAY-WKR-006708,LE-IE-SYNTH-001,ACTIVE,xwalk_v1.0.0
HRIS-WKR-006925,PAY-WKR-006709,LE-IE-SYNTH-001,ACTIVE,xwalk_v1.0.0
HRIS-WKR-006926,PAY-WKR-006710,LE-IE-SYNTH-001,ACTIVE,xwalk_v1.0.0
HRIS-WKR-006927,PAY-WKR-006711,LE-IE-SYNTH-001,ACTIVE,xwalk_v1.0.0
HRIS-WKR-006928,PAY-WKR-006712,LE-IE-SYNTH-001,ACTIVE,xwalk_v1.0.0
HRIS-WKR-006929,PAY-WKR-006713,LE-IE-SYNTH-001,ACTIVE,xwalk_v1.0.0
HRIS-WKR-006930,PAY-WKR-006714,LE-IE-SYNTH-001,ACTIVE,xwalk_v1.0.0
HRIS-WKR-006931,PAY-WKR-006715,LE-IE-SYNTH-001,ACTIVE,xwalk_v1.0.0
HRIS-WKR-006932,PAY-WKR-006716,LE-IE-SYNTH-001,ACTIVE,xwalk_v1.0.0
HRIS-WKR-006933,PAY-WKR-006717,LE-IE-SYNTH-001,ACTIVE,xwalk_v1.0.0
HRIS-WKR-006934,PAY-WKR-006718,LE-IE-SYNTH-001,ACTIVE,xwalk_v1.0.0
HRIS-WKR-006935,PAY-WKR-006719,LE-IE-SYNTH-001,ACTIVE,xwalk_v1.0.0
HRIS-WKR-006936,PAY-WKR-006720,LE-IE-SYNTH-001,ACTIVE,xwalk_v1.0.0
HRIS-WKR-006937,PAY-WKR-006721,LE-IE-SYNTH-001,ACTIVE,xwalk_v1.0.0
HRIS-WKR-006938,PAY-WKR-006722,LE-IE-SYNTH-001,ACTIVE,xwalk_v1.0.0
HRIS-WKR-006939,PAY-WKR-006723,LE-IE-SYNTH-001,ACTIVE,xwalk_v1.0.0
HRIS-WKR-006940,PAY-WKR-006724,LE-IE-SYNTH-001,ACTIVE,xwalk_v1.0.0
HRIS-WKR-006941,PAY-WKR-006725,LE-IE-SYNTH-001,ACTIVE,xwalk_v1.0.0
HRIS-WKR-006942,PAY-WKR-006726,LE-IE-SYNTH-001,ACTIVE,xwalk_v1.0.0
HRIS-WKR-006943,PAY-WKR-006727,LE-IE-SYNTH-001,ACTIVE,xwalk_v1.0.0
HRIS-WKR-006944,PAY-WKR-006728,LE-IE-SYNTH-001,ACTIVE,xwalk_v1.0.0
HRIS-WKR-006945,PAY-WKR-006729,LE-IE-SYNTH-001,ACTIVE,xwalk_v1.0.0
HRIS-WKR-006946,PAY-WKR-006730,LE-IE-SYNTH-001,ACTIVE,xwalk_v1.0.0
HRIS-WKR-006947,PAY-WKR-006731,LE-IE-SYNTH-001,ACTIVE,xwalk_v1.0.0
HRIS-WKR-006948,PAY-WKR-006732,LE-IE-SYNTH-001,ACTIVE,xwalk_v1.0.0
HRIS-WKR-006949,PAY-WKR-006733,LE-IE-SYNTH-001,ACTIVE,xwalk_v1.0.0
HRIS-WKR-006950,PAY-WKR-006734,LE-IE-SYNTH-001,ACTIVE,xwalk_v1.0.0
HRIS-WKR-006951,PAY-WKR-006735,LE-IE-SYNTH-001,ACTIVE,xwalk_v1.0.0
HRIS-WKR-006952,PAY-WKR-006736,LE-IE-SYNTH-001,ACTIVE,xwalk_v1.0.0
HRIS-WKR-006953,PAY-WKR-006737,LE-IE-SYNTH-001,ACTIVE,xwalk_v1.0.0
HRIS-WKR-006954,PAY-WKR-006738,LE-IE-SYNTH-001,ACTIVE,xwalk_v1.0.0
HRIS-WKR-006955,PAY-WKR-006739,LE-IE-SYNTH-001,ACTIVE,xwalk_v1.0.0
HRIS-WKR-006956,PAY-WKR-006740,LE-IE-SYNTH-001,ACTIVE,xwalk_v1.0.0
HRIS-WKR-006957,PAY-WKR-006741,LE-IE-SYNTH-001,ACTIVE,xwalk_v1.0.0
HRIS-WKR-006958,PAY-WKR-006742,LE-IE-SYNTH-001,ACTIVE,xwalk_v1.0.0
HRIS-WKR-006959,PAY-WKR-006743,LE-IE-SYNTH-001,ACTIVE,xwalk_v1.0.0
HRIS-WKR-006960,PAY-WKR-006744,LE-IE-SYNTH-001,ACTIVE,xwalk_v1.0.0
HRIS-WKR-006961,PAY-WKR-006745,LE-IE-SYNTH-001,ACTIVE,xwalk_v1.0.0
HRIS-WKR-006962,PAY-WKR-006746,LE-IE-SYNTH-001,ACTIVE,xwalk_v1.0.0
HRIS-WKR-006963,PAY-WKR-006747,LE-IE-SYNTH-001,ACTIVE,xwalk_v1.0.0
HRIS-WKR-006964,PAY-WKR-006748,LE-IE-SYNTH-001,ACTIVE,xwalk_v1.0.0
HRIS-WKR-006965,PAY-WKR-006749,LE-IE-SYNTH-001,ACTIVE,xwalk_v1.0.0
HRIS-WKR-006966,PAY-WKR-006750,LE-IE-SYNTH-001,ACTIVE,xwalk_v1.0.0
HRIS-WKR-006967,PAY-WKR-006751,LE-IE-SYNTH-001,ACTIVE,xwalk_v1.0.0
HRIS-WKR-006968,PAY-WKR-006752,LE-IE-SYNTH-001,ACTIVE,xwalk_v1.0.0
HRIS-WKR-006969,PAY-WKR-006753,LE-IE-SYNTH-001,ACTIVE,xwalk_v1.0.0
HRIS-WKR-006970,,LE-IE-SYNTH-001,MISSING,xwalk_v1.0.0
HRIS-WKR-006971,PAY-WKR-006754,LE-IE-SYNTH-001,ACTIVE,xwalk_v1.0.0
HRIS-WKR-006972,PAY-WKR-006755,LE-IE-SYNTH-001,ACTIVE,xwalk_v1.0.0
HRIS-WKR-006973,PAY-WKR-006756,LE-IE-SYNTH-001,ACTIVE,xwalk_v1.0.0
HRIS-WKR-006974,PAY-WKR-006757,LE-IE-SYNTH-001,ACTIVE,xwalk_v1.0.0
HRIS-WKR-006975,PAY-WKR-006758,LE-IE-SYNTH-001,ACTIVE,xwalk_v1.0.0
HRIS-WKR-006976,PAY-WKR-006759,LE-IE-SYNTH-001,ACTIVE,xwalk_v1.0.0
HRIS-WKR-006977,PAY-WKR-006760,LE-IE-SYNTH-001,ACTIVE,xwalk_v1.0.0
HRIS-WKR-006978,,LE-IE-SYNTH-001,MISSING,xwalk_v1.0.0
HRIS-WKR-006979,PAY-WKR-006761,LE-IE-SYNTH-001,ACTIVE,xwalk_v1.0.0
HRIS-WKR-006980,,LE-IE-SYNTH-001,MISSING,xwalk_v1.0.0
HRIS-WKR-006981,PAY-WKR-006762,LE-IE-SYNTH-001,ACTIVE,xwalk_v1.0.0
HRIS-WKR-006982,PAY-WKR-006763,LE-IE-SYNTH-001,ACTIVE,xwalk_v1.0.0
HRIS-WKR-006983,PAY-WKR-006764,LE-IE-SYNTH-001,ACTIVE,xwalk_v1.0.0
HRIS-WKR-006984,PAY-WKR-006765,LE-IE-SYNTH-001,ACTIVE,xwalk_v1.0.0
HRIS-WKR-006985,PAY-WKR-006766,LE-IE-SYNTH-001,ACTIVE,xwalk_v1.0.0
HRIS-WKR-006986,PAY-WKR-006767,LE-IE-SYNTH-001,ACTIVE,xwalk_v1.0.0
HRIS-WKR-006987,PAY-WKR-006768,LE-IE-SYNTH-001,ACTIVE,xwalk_v1.0.0
HRIS-WKR-006988,PAY-WKR-006769,LE-IE-SYNTH-001,ACTIVE,xwalk_v1.0.0
HRIS-WKR-006989,PAY-WKR-006770,LE-IE-SYNTH-001,ACTIVE,xwalk_v1.0.0
HRIS-WKR-006990,PAY-WKR-006771,LE-IE-SYNTH-001,ACTIVE,xwalk_v1.0.0
HRIS-WKR-006991,PAY-WKR-006772,LE-IE-SYNTH-001,ACTIVE,xwalk_v1.0.0
HRIS-WKR-006992,PAY-WKR-006773,LE-IE-SYNTH-001,ACTIVE,xwalk_v1.0.0
HRIS-WKR-006993,PAY-WKR-006774,LE-IE-SYNTH-001,ACTIVE,xwalk_v1.0.0
HRIS-WKR-006994,PAY-WKR-006775,LE-IE-SYNTH-001,ACTIVE,xwalk_v1.0.0
HRIS-WKR-006995,PAY-WKR-006776,LE-IE-SYNTH-001,ACTIVE,xwalk_v1.0.0
HRIS-WKR-006996,PAY-WKR-006777,LE-IE-SYNTH-001,ACTIVE,xwalk_v1.0.0
HRIS-WKR-006997,PAY-WKR-006778,LE-IE-SYNTH-001,ACTIVE,xwalk_v1.0.0
HRIS-WKR-006998,PAY-WKR-006779,LE-IE-SYNTH-001,ACTIVE,xwalk_v1.0.0
HRIS-WKR-006999,PAY-WKR-006780,LE-IE-SYNTH-001,ACTIVE,xwalk_v1.0.0
HRIS-WKR-007000,PAY-WKR-006781,LE-IE-SYNTH-001,ACTIVE,xwalk_v1.0.0
HRIS-WKR-007001,PAY-WKR-006782,LE-IE-SYNTH-001,ACTIVE,xwalk_v1.0.0
HRIS-WKR-007002,PAY-WKR-006783,LE-IE-SYNTH-001,ACTIVE,xwalk_v1.0.0
HRIS-WKR-007003,PAY-WKR-006784,LE-IE-SYNTH-001,ACTIVE,xwalk_v1.0.0
HRIS-WKR-007004,PAY-WKR-006785,LE-IE-SYNTH-001,ACTIVE,xwalk_v1.0.0
HRIS-WKR-007005,PAY-WKR-006786,LE-IE-SYNTH-001,ACTIVE,xwalk_v1.0.0
HRIS-WKR-007006,,LE-IE-SYNTH-001,MISSING,xwalk_v1.0.0
HRIS-WKR-007007,PAY-WKR-006787,LE-IE-SYNTH-001,ACTIVE,xwalk_v1.0.0
HRIS-WKR-007008,PAY-WKR-006788,LE-IE-SYNTH-001,ACTIVE,xwalk_v1.0.0
HRIS-WKR-007009,PAY-WKR-006789,LE-IE-SYNTH-001,ACTIVE,xwalk_v1.0.0
HRIS-WKR-007010,PAY-WKR-006790,LE-IE-SYNTH-001,ACTIVE,xwalk_v1.0.0
HRIS-WKR-007011,PAY-WKR-006791,LE-IE-SYNTH-001,ACTIVE,xwalk_v1.0.0
HRIS-WKR-007012,PAY-WKR-006792,LE-IE-SYNTH-001,ACTIVE,xwalk_v1.0.0
HRIS-WKR-007013,PAY-WKR-006793,LE-IE-SYNTH-001,ACTIVE,xwalk_v1.0.0
HRIS-WKR-007014,PAY-WKR-006794,LE-IE-SYNTH-001,ACTIVE,xwalk_v1.0.0
HRIS-WKR-007015,PAY-WKR-006795,LE-IE-SYNTH-001,ACTIVE,xwalk_v1.0.0
HRIS-WKR-007016,PAY-WKR-006796,LE-IE-SYNTH-001,ACTIVE,xwalk_v1.0.0
HRIS-WKR-007017,PAY-WKR-006797,LE-IE-SYNTH-001,ACTIVE,xwalk_v1.0.0
HRIS-WKR-007018,PAY-WKR-006798,LE-IE-SYNTH-001,ACTIVE,xwalk_v1.0.0
HRIS-WKR-007019,PAY-WKR-006799,LE-IE-SYNTH-001,ACTIVE,xwalk_v1.0.0
HRIS-WKR-007020,PAY-WKR-006800,LE-IE-SYNTH-001,ACTIVE,xwalk_v1.0.0
HRIS-WKR-007021,PAY-WKR-006801,LE-IE-SYNTH-001,ACTIVE,xwalk_v1.0.0
HRIS-WKR-007022,PAY-WKR-006802,LE-IE-SYNTH-001,ACTIVE,xwalk_v1.0.0
HRIS-WKR-007023,PAY-WKR-006803,LE-IE-SYNTH-001,ACTIVE,xwalk_v1.0.0
HRIS-WKR-007024,PAY-WKR-006804,LE-IE-SYNTH-001,ACTIVE,xwalk_v1.0.0
HRIS-WKR-007025,PAY-WKR-006805,LE-IE-SYNTH-001,ACTIVE,xwalk_v1.0.0
HRIS-WKR-007026,PAY-WKR-006806,LE-IE-SYNTH-001,ACTIVE,xwalk_v1.0.0
HRIS-WKR-007027,PAY-WKR-006807,LE-IE-SYNTH-001,ACTIVE,xwalk_v1.0.0
HRIS-WKR-007028,PAY-WKR-006808,LE-IE-SYNTH-001,ACTIVE,xwalk_v1.0.0
HRIS-WKR-007029,PAY-WKR-006809,LE-IE-SYNTH-001,ACTIVE,xwalk_v1.0.0
HRIS-WKR-007030,PAY-WKR-006810,LE-IE-SYNTH-001,ACTIVE,xwalk_v1.0.0
HRIS-WKR-007031,PAY-WKR-006811,LE-IE-SYNTH-001,ACTIVE,xwalk_v1.0.0
HRIS-WKR-007032,PAY-WKR-006812,LE-IE-SYNTH-001,ACTIVE,xwalk_v1.0.0
HRIS-WKR-007033,PAY-WKR-006813,LE-IE-SYNTH-001,ACTIVE,xwalk_v1.0.0
HRIS-WKR-007034,PAY-WKR-006814,LE-IE-SYNTH-001,ACTIVE,xwalk_v1.0.0
HRIS-WKR-007035,PAY-WKR-006815,LE-IE-SYNTH-001,ACTIVE,xwalk_v1.0.0
HRIS-WKR-007036,PAY-WKR-006816,LE-IE-SYNTH-001,ACTIVE,xwalk_v1.0.0
HRIS-WKR-007037,PAY-WKR-006817,LE-IE-SYNTH-001,ACTIVE,xwalk_v1.0.0
HRIS-WKR-007038,PAY-WKR-006818,LE-IE-SYNTH-001,ACTIVE,xwalk_v1.0.0
HRIS-WKR-007039,PAY-WKR-006819,LE-IE-SYNTH-001,ACTIVE,xwalk_v1.0.0
HRIS-WKR-007040,PAY-WKR-006820,LE-IE-SYNTH-001,ACTIVE,xwalk_v1.0.0
HRIS-WKR-007041,PAY-WKR-006821,LE-IE-SYNTH-001,ACTIVE,xwalk_v1.0.0
HRIS-WKR-007042,PAY-WKR-006822,LE-IE-SYNTH-001,ACTIVE,xwalk_v1.0.0
HRIS-WKR-007043,PAY-WKR-006823,LE-IE-SYNTH-001,ACTIVE,xwalk_v1.0.0
HRIS-WKR-007044,PAY-WKR-006824,LE-IE-SYNTH-001,ACTIVE,xwalk_v1.0.0
HRIS-WKR-007045,PAY-WKR-006825,LE-IE-SYNTH-001,ACTIVE,xwalk_v1.0.0
HRIS-WKR-007046,PAY-WKR-006826,LE-IE-SYNTH-001,ACTIVE,xwalk_v1.0.0
HRIS-WKR-007047,PAY-WKR-006827,LE-IE-SYNTH-001,ACTIVE,xwalk_v1.0.0
HRIS-WKR-007048,PAY-WKR-006828,LE-IE-SYNTH-001,ACTIVE,xwalk_v1.0.0
HRIS-WKR-007049,PAY-WKR-006829,LE-IE-SYNTH-001,ACTIVE,xwalk_v1.0.0
HRIS-WKR-007050,PAY-WKR-006830,LE-IE-SYNTH-001,ACTIVE,xwalk_v1.0.0
HRIS-WKR-007051,PAY-WKR-006831,LE-IE-SYNTH-001,ACTIVE,xwalk_v1.0.0
HRIS-WKR-007052,PAY-WKR-006832,LE-IE-SYNTH-001,ACTIVE,xwalk_v1.0.0
HRIS-WKR-007053,PAY-WKR-006833,LE-IE-SYNTH-001,ACTIVE,xwalk_v1.0.0
HRIS-WKR-007054,PAY-WKR-006834,LE-IE-SYNTH-001,ACTIVE,xwalk_v1.0.0
HRIS-WKR-007055,PAY-WKR-006835,LE-IE-SYNTH-001,ACTIVE,xwalk_v1.0.0
HRIS-WKR-007056,PAY-WKR-006836,LE-IE-SYNTH-001,ACTIVE,xwalk_v1.0.0
HRIS-WKR-007057,PAY-WKR-006837,LE-IE-SYNTH-001,ACTIVE,xwalk_v1.0.0
HRIS-WKR-007058,PAY-WKR-006838,LE-IE-SYNTH-001,ACTIVE,xwalk_v1.0.0
HRIS-WKR-007059,PAY-WKR-006839,LE-IE-SYNTH-001,ACTIVE,xwalk_v1.0.0
HRIS-WKR-007060,PAY-WKR-006840,LE-IE-SYNTH-001,ACTIVE,xwalk_v1.0.0
HRIS-WKR-007061,PAY-WKR-006841,LE-IE-SYNTH-001,ACTIVE,xwalk_v1.0.0
HRIS-WKR-007062,PAY-WKR-006842,LE-IE-SYNTH-001,ACTIVE,xwalk_v1.0.0
HRIS-WKR-007063,PAY-WKR-006843,LE-IE-SYNTH-001,ACTIVE,xwalk_v1.0.0
HRIS-WKR-007064,PAY-WKR-006844,LE-IE-SYNTH-001,ACTIVE,xwalk_v1.0.0
HRIS-WKR-007065,PAY-WKR-006845,LE-IE-SYNTH-001,ACTIVE,xwalk_v1.0.0
HRIS-WKR-007066,PAY-WKR-006846,LE-IE-SYNTH-001,ACTIVE,xwalk_v1.0.0
HRIS-WKR-007067,PAY-WKR-006847,LE-IE-SYNTH-001,ACTIVE,xwalk_v1.0.0
HRIS-WKR-007068,PAY-WKR-006848,LE-IE-SYNTH-001,ACTIVE,xwalk_v1.0.0
HRIS-WKR-007069,PAY-WKR-006849,LE-IE-SYNTH-001,ACTIVE,xwalk_v1.0.0
HRIS-WKR-007070,PAY-WKR-006850,LE-IE-SYNTH-001,ACTIVE,xwalk_v1.0.0
HRIS-WKR-007071,PAY-WKR-006851,LE-IE-SYNTH-001,ACTIVE,xwalk_v1.0.0
HRIS-WKR-007072,PAY-WKR-006852,LE-IE-SYNTH-001,ACTIVE,xwalk_v1.0.0
HRIS-WKR-007073,PAY-WKR-006853,LE-IE-SYNTH-001,ACTIVE,xwalk_v1.0.0
HRIS-WKR-007074,PAY-WKR-006854,LE-IE-SYNTH-001,ACTIVE,xwalk_v1.0.0
HRIS-WKR-007075,PAY-WKR-006855,LE-IE-SYNTH-001,ACTIVE,xwalk_v1.0.0
HRIS-WKR-007076,PAY-WKR-006856,LE-IE-SYNTH-001,ACTIVE,xwalk_v1.0.0
HRIS-WKR-007077,PAY-WKR-006857,LE-IE-SYNTH-001,ACTIVE,xwalk_v1.0.0
HRIS-WKR-007078,PAY-WKR-006858,LE-IE-SYNTH-001,ACTIVE,xwalk_v1.0.0
HRIS-WKR-007079,PAY-WKR-006859,LE-IE-SYNTH-001,ACTIVE,xwalk_v1.0.0
HRIS-WKR-007080,PAY-WKR-006860,LE-IE-SYNTH-001,ACTIVE,xwalk_v1.0.0
HRIS-WKR-007081,PAY-WKR-006861,LE-IE-SYNTH-001,ACTIVE,xwalk_v1.0.0
HRIS-WKR-007082,PAY-WKR-006862,LE-IE-SYNTH-001,ACTIVE,xwalk_v1.0.0
HRIS-WKR-007083,PAY-WKR-006863,LE-IE-SYNTH-001,ACTIVE,xwalk_v1.0.0
HRIS-WKR-007084,PAY-WKR-006864,LE-IE-SYNTH-001,ACTIVE,xwalk_v1.0.0
HRIS-WKR-007085,PAY-WKR-006865,LE-IE-SYNTH-001,ACTIVE,xwalk_v1.0.0
HRIS-WKR-007086,PAY-WKR-006866,LE-IE-SYNTH-001,ACTIVE,xwalk_v1.0.0
HRIS-WKR-007087,PAY-WKR-006867,LE-IE-SYNTH-001,ACTIVE,xwalk_v1.0.0
HRIS-WKR-007088,PAY-WKR-006868,LE-IE-SYNTH-001,ACTIVE,xwalk_v1.0.0
HRIS-WKR-007089,PAY-WKR-006869,LE-IE-SYNTH-001,ACTIVE,xwalk_v1.0.0
HRIS-WKR-007090,PAY-WKR-006870,LE-IE-SYNTH-001,ACTIVE,xwalk_v1.0.0
HRIS-WKR-007091,PAY-WKR-006871,LE-IE-SYNTH-001,ACTIVE,xwalk_v1.0.0
HRIS-WKR-007092,PAY-WKR-006872,LE-IE-SYNTH-001,ACTIVE,xwalk_v1.0.0
HRIS-WKR-007093,PAY-WKR-006873,LE-IE-SYNTH-001,ACTIVE,xwalk_v1.0.0
HRIS-WKR-007094,PAY-WKR-006874,LE-IE-SYNTH-001,ACTIVE,xwalk_v1.0.0
HRIS-WKR-007095,PAY-WKR-006875,LE-IE-SYNTH-001,ACTIVE,xwalk_v1.0.0
HRIS-WKR-007096,PAY-WKR-006876,LE-IE-SYNTH-001,ACTIVE,xwalk_v1.0.0
HRIS-WKR-007097,PAY-WKR-006877,LE-IE-SYNTH-001,ACTIVE,xwalk_v1.0.0
HRIS-WKR-007098,PAY-WKR-006878,LE-IE-SYNTH-001,ACTIVE,xwalk_v1.0.0
HRIS-WKR-007099,PAY-WKR-006879,LE-IE-SYNTH-001,ACTIVE,xwalk_v1.0.0
HRIS-WKR-007100,PAY-WKR-006880,LE-IE-SYNTH-001,ACTIVE,xwalk_v1.0.0
HRIS-WKR-007101,PAY-WKR-006881,LE-IE-SYNTH-001,ACTIVE,xwalk_v1.0.0
HRIS-WKR-007102,PAY-WKR-006882,LE-IE-SYNTH-001,ACTIVE,xwalk_v1.0.0
HRIS-WKR-007103,PAY-WKR-006883,LE-IE-SYNTH-001,ACTIVE,xwalk_v1.0.0
HRIS-WKR-007104,PAY-WKR-006884,LE-IE-SYNTH-001,ACTIVE,xwalk_v1.0.0
HRIS-WKR-007105,PAY-WKR-006885,LE-IE-SYNTH-001,ACTIVE,xwalk_v1.0.0
HRIS-WKR-007106,PAY-WKR-006886,LE-IE-SYNTH-001,ACTIVE,xwalk_v1.0.0
HRIS-WKR-007107,,LE-IE-SYNTH-001,MISSING,xwalk_v1.0.0
HRIS-WKR-007108,PAY-WKR-006887,LE-IE-SYNTH-001,ACTIVE,xwalk_v1.0.0
HRIS-WKR-007109,PAY-WKR-006888,LE-IE-SYNTH-001,ACTIVE,xwalk_v1.0.0
HRIS-WKR-007110,,LE-IE-SYNTH-001,MISSING,xwalk_v1.0.0
HRIS-WKR-007111,PAY-WKR-006889,LE-IE-SYNTH-001,ACTIVE,xwalk_v1.0.0
HRIS-WKR-007112,PAY-WKR-006890,LE-IE-SYNTH-001,ACTIVE,xwalk_v1.0.0
HRIS-WKR-007113,PAY-WKR-006891,LE-IE-SYNTH-001,ACTIVE,xwalk_v1.0.0
HRIS-WKR-007114,PAY-WKR-006892,LE-IE-SYNTH-001,ACTIVE,xwalk_v1.0.0
HRIS-WKR-007115,PAY-WKR-006893,LE-IE-SYNTH-001,ACTIVE,xwalk_v1.0.0
HRIS-WKR-007116,PAY-WKR-006894,LE-IE-SYNTH-001,ACTIVE,xwalk_v1.0.0
HRIS-WKR-007117,PAY-WKR-006895,LE-IE-SYNTH-001,ACTIVE,xwalk_v1.0.0
HRIS-WKR-007118,PAY-WKR-006896,LE-IE-SYNTH-001,ACTIVE,xwalk_v1.0.0
HRIS-WKR-007119,PAY-WKR-006897,LE-IE-SYNTH-001,ACTIVE,xwalk_v1.0.0
HRIS-WKR-007120,PAY-WKR-006898,LE-IE-SYNTH-001,ACTIVE,xwalk_v1.0.0
HRIS-WKR-007121,PAY-WKR-006899,LE-IE-SYNTH-001,ACTIVE,xwalk_v1.0.0
HRIS-WKR-007122,PAY-WKR-006900,LE-IE-SYNTH-001,ACTIVE,xwalk_v1.0.0
HRIS-WKR-007123,PAY-WKR-006901,LE-IE-SYNTH-001,ACTIVE,xwalk_v1.0.0
HRIS-WKR-007124,PAY-WKR-006902,LE-IE-SYNTH-001,ACTIVE,xwalk_v1.0.0
HRIS-WKR-007125,PAY-WKR-006903,LE-IE-SYNTH-001,ACTIVE,xwalk_v1.0.0
HRIS-WKR-007126,PAY-WKR-006904,LE-IE-SYNTH-001,ACTIVE,xwalk_v1.0.0
HRIS-WKR-007127,PAY-WKR-006905,LE-IE-SYNTH-001,ACTIVE,xwalk_v1.0.0
HRIS-WKR-007128,PAY-WKR-006906,LE-IE-SYNTH-001,ACTIVE,xwalk_v1.0.0
HRIS-WKR-007129,PAY-WKR-006907,LE-IE-SYNTH-001,ACTIVE,xwalk_v1.0.0
HRIS-WKR-007130,PAY-WKR-006908,LE-IE-SYNTH-001,ACTIVE,xwalk_v1.0.0
HRIS-WKR-007131,PAY-WKR-006909,LE-IE-SYNTH-001,ACTIVE,xwalk_v1.0.0
HRIS-WKR-007132,PAY-WKR-006910,LE-IE-SYNTH-001,ACTIVE,xwalk_v1.0.0
HRIS-WKR-007133,PAY-WKR-006911,LE-IE-SYNTH-001,ACTIVE,xwalk_v1.0.0
HRIS-WKR-007134,PAY-WKR-006912,LE-IE-SYNTH-001,ACTIVE,xwalk_v1.0.0
HRIS-WKR-007135,PAY-WKR-006913,LE-IE-SYNTH-001,ACTIVE,xwalk_v1.0.0
HRIS-WKR-007136,PAY-WKR-006914,LE-IE-SYNTH-001,ACTIVE,xwalk_v1.0.0
HRIS-WKR-007137,PAY-WKR-006915,LE-IE-SYNTH-001,ACTIVE,xwalk_v1.0.0
HRIS-WKR-007138,PAY-WKR-006916,LE-IE-SYNTH-001,ACTIVE,xwalk_v1.0.0
HRIS-WKR-007139,PAY-WKR-006917,LE-IE-SYNTH-001,ACTIVE,xwalk_v1.0.0
HRIS-WKR-007140,PAY-WKR-006918,LE-IE-SYNTH-001,ACTIVE,xwalk_v1.0.0
HRIS-WKR-007141,PAY-WKR-006919,LE-IE-SYNTH-001,ACTIVE,xwalk_v1.0.0
HRIS-WKR-007142,PAY-WKR-006920,LE-IE-SYNTH-001,ACTIVE,xwalk_v1.0.0
HRIS-WKR-007143,PAY-WKR-006921,LE-IE-SYNTH-001,ACTIVE,xwalk_v1.0.0
HRIS-WKR-007144,PAY-WKR-006922,LE-IE-SYNTH-001,ACTIVE,xwalk_v1.0.0
HRIS-WKR-007145,PAY-WKR-006923,LE-IE-SYNTH-001,ACTIVE,xwalk_v1.0.0
HRIS-WKR-007146,PAY-WKR-006924,LE-IE-SYNTH-001,ACTIVE,xwalk_v1.0.0
HRIS-WKR-007147,PAY-WKR-006925,LE-IE-SYNTH-001,ACTIVE,xwalk_v1.0.0
HRIS-WKR-007148,PAY-WKR-006926,LE-IE-SYNTH-001,ACTIVE,xwalk_v1.0.0
HRIS-WKR-007149,PAY-WKR-006927,LE-IE-SYNTH-001,ACTIVE,xwalk_v1.0.0
HRIS-WKR-007150,,LE-IE-SYNTH-001,MISSING,xwalk_v1.0.0
HRIS-WKR-007151,PAY-WKR-006928,LE-IE-SYNTH-001,ACTIVE,xwalk_v1.0.0
HRIS-WKR-007152,PAY-WKR-006929,LE-IE-SYNTH-001,ACTIVE,xwalk_v1.0.0
HRIS-WKR-007153,PAY-WKR-006930,LE-IE-SYNTH-001,ACTIVE,xwalk_v1.0.0
HRIS-WKR-007154,PAY-WKR-006931,LE-IE-SYNTH-001,ACTIVE,xwalk_v1.0.0
HRIS-WKR-007155,PAY-WKR-006932,LE-IE-SYNTH-001,ACTIVE,xwalk_v1.0.0
HRIS-WKR-007156,PAY-WKR-006933,LE-IE-SYNTH-001,ACTIVE,xwalk_v1.0.0
HRIS-WKR-007157,PAY-WKR-006934,LE-IE-SYNTH-001,ACTIVE,xwalk_v1.0.0
HRIS-WKR-007158,,LE-IE-SYNTH-001,MISSING,xwalk_v1.0.0
HRIS-WKR-007159,PAY-WKR-006935,LE-IE-SYNTH-001,ACTIVE,xwalk_v1.0.0
HRIS-WKR-007160,PAY-WKR-006936,LE-IE-SYNTH-001,ACTIVE,xwalk_v1.0.0
HRIS-WKR-007161,PAY-WKR-006937,LE-IE-SYNTH-001,ACTIVE,xwalk_v1.0.0
HRIS-WKR-007162,PAY-WKR-006938,LE-IE-SYNTH-001,ACTIVE,xwalk_v1.0.0
HRIS-WKR-007163,PAY-WKR-006939,LE-IE-SYNTH-001,ACTIVE,xwalk_v1.0.0
HRIS-WKR-007164,PAY-WKR-006940,LE-IE-SYNTH-001,ACTIVE,xwalk_v1.0.0
HRIS-WKR-007165,PAY-WKR-006941,LE-IE-SYNTH-001,ACTIVE,xwalk_v1.0.0
HRIS-WKR-007166,PAY-WKR-006942,LE-IE-SYNTH-001,ACTIVE,xwalk_v1.0.0
HRIS-WKR-007167,PAY-WKR-006943,LE-IE-SYNTH-001,ACTIVE,xwalk_v1.0.0
HRIS-WKR-007168,PAY-WKR-006944,LE-IE-SYNTH-001,ACTIVE,xwalk_v1.0.0
HRIS-WKR-007169,PAY-WKR-006945,LE-IE-SYNTH-001,ACTIVE,xwalk_v1.0.0
HRIS-WKR-007170,PAY-WKR-006946,LE-IE-SYNTH-001,ACTIVE,xwalk_v1.0.0
HRIS-WKR-007171,PAY-WKR-006947,LE-IE-SYNTH-001,ACTIVE,xwalk_v1.0.0
HRIS-WKR-007172,PAY-WKR-006948,LE-IE-SYNTH-001,ACTIVE,xwalk_v1.0.0
HRIS-WKR-007173,PAY-WKR-006949,LE-IE-SYNTH-001,ACTIVE,xwalk_v1.0.0
HRIS-WKR-007174,,LE-IE-SYNTH-001,MISSING,xwalk_v1.0.0
HRIS-WKR-007175,PAY-WKR-006950,LE-IE-SYNTH-001,ACTIVE,xwalk_v1.0.0
HRIS-WKR-007176,PAY-WKR-006951,LE-IE-SYNTH-001,ACTIVE,xwalk_v1.0.0
HRIS-WKR-007177,PAY-WKR-006952,LE-IE-SYNTH-001,ACTIVE,xwalk_v1.0.0
HRIS-WKR-007178,PAY-WKR-006953,LE-IE-SYNTH-001,ACTIVE,xwalk_v1.0.0
HRIS-WKR-007179,PAY-WKR-006954,LE-IE-SYNTH-001,ACTIVE,xwalk_v1.0.0
HRIS-WKR-007180,PAY-WKR-006955,LE-IE-SYNTH-001,ACTIVE,xwalk_v1.0.0
HRIS-WKR-007181,PAY-WKR-006956,LE-IE-SYNTH-001,ACTIVE,xwalk_v1.0.0
HRIS-WKR-007182,PAY-WKR-006957,LE-IE-SYNTH-001,ACTIVE,xwalk_v1.0.0
HRIS-WKR-007183,PAY-WKR-006958,LE-IE-SYNTH-001,ACTIVE,xwalk_v1.0.0
HRIS-WKR-007184,PAY-WKR-006959,LE-IE-SYNTH-001,ACTIVE,xwalk_v1.0.0
HRIS-WKR-007185,PAY-WKR-006960,LE-IE-SYNTH-001,ACTIVE,xwalk_v1.0.0
HRIS-WKR-007186,PAY-WKR-006961,LE-IE-SYNTH-001,ACTIVE,xwalk_v1.0.0
HRIS-WKR-007187,PAY-WKR-006962,LE-IE-SYNTH-001,ACTIVE,xwalk_v1.0.0
HRIS-WKR-007188,PAY-WKR-006963,LE-IE-SYNTH-001,ACTIVE,xwalk_v1.0.0
HRIS-WKR-007189,PAY-WKR-006964,LE-IE-SYNTH-001,ACTIVE,xwalk_v1.0.0
HRIS-WKR-007190,PAY-WKR-006965,LE-IE-SYNTH-001,ACTIVE,xwalk_v1.0.0
HRIS-WKR-007191,PAY-WKR-006966,LE-IE-SYNTH-001,ACTIVE,xwalk_v1.0.0
HRIS-WKR-007192,PAY-WKR-006967,LE-IE-SYNTH-001,ACTIVE,xwalk_v1.0.0
HRIS-WKR-007193,PAY-WKR-006968,LE-IE-SYNTH-001,ACTIVE,xwalk_v1.0.0
HRIS-WKR-007194,PAY-WKR-006969,LE-IE-SYNTH-001,ACTIVE,xwalk_v1.0.0
HRIS-WKR-007195,PAY-WKR-006970,LE-IE-SYNTH-001,ACTIVE,xwalk_v1.0.0
HRIS-WKR-007196,PAY-WKR-006971,LE-IE-SYNTH-001,ACTIVE,xwalk_v1.0.0
HRIS-WKR-007197,PAY-WKR-006972,LE-IE-SYNTH-001,ACTIVE,xwalk_v1.0.0
HRIS-WKR-007198,PAY-WKR-006973,LE-IE-SYNTH-001,ACTIVE,xwalk_v1.0.0
HRIS-WKR-007199,PAY-WKR-006974,LE-IE-SYNTH-001,ACTIVE,xwalk_v1.0.0
HRIS-WKR-007200,,LE-IE-SYNTH-001,MISSING,xwalk_v1.0.0
HRIS-WKR-007201,PAY-WKR-006975,LE-IE-SYNTH-001,ACTIVE,xwalk_v1.0.0
HRIS-WKR-007202,PAY-WKR-006976,LE-IE-SYNTH-001,ACTIVE,xwalk_v1.0.0
HRIS-WKR-007203,PAY-WKR-006977,LE-IE-SYNTH-001,ACTIVE,xwalk_v1.0.0
HRIS-WKR-007204,PAY-WKR-006978,LE-IE-SYNTH-001,ACTIVE,xwalk_v1.0.0
HRIS-WKR-007205,PAY-WKR-006979,LE-IE-SYNTH-001,ACTIVE,xwalk_v1.0.0
HRIS-WKR-007206,PAY-WKR-006980,LE-IE-SYNTH-001,ACTIVE,xwalk_v1.0.0
HRIS-WKR-007207,PAY-WKR-006981,LE-IE-SYNTH-001,ACTIVE,xwalk_v1.0.0
HRIS-WKR-007208,PAY-WKR-006982,LE-IE-SYNTH-001,ACTIVE,xwalk_v1.0.0
HRIS-WKR-007209,PAY-WKR-006983,LE-IE-SYNTH-001,ACTIVE,xwalk_v1.0.0
HRIS-WKR-007210,PAY-WKR-006984,LE-IE-SYNTH-001,ACTIVE,xwalk_v1.0.0
HRIS-WKR-007211,PAY-WKR-006985,LE-IE-SYNTH-001,ACTIVE,xwalk_v1.0.0
HRIS-WKR-007212,PAY-WKR-006986,LE-IE-SYNTH-001,ACTIVE,xwalk_v1.0.0
HRIS-WKR-007213,PAY-WKR-006987,LE-IE-SYNTH-001,ACTIVE,xwalk_v1.0.0
HRIS-WKR-007214,PAY-WKR-006988,LE-IE-SYNTH-001,ACTIVE,xwalk_v1.0.0
HRIS-WKR-007215,PAY-WKR-006989,LE-IE-SYNTH-001,ACTIVE,xwalk_v1.0.0
HRIS-WKR-007216,PAY-WKR-006990,LE-IE-SYNTH-001,ACTIVE,xwalk_v1.0.0
HRIS-WKR-007217,PAY-WKR-006991,LE-IE-SYNTH-001,ACTIVE,xwalk_v1.0.0
HRIS-WKR-007218,PAY-WKR-006992,LE-IE-SYNTH-001,ACTIVE,xwalk_v1.0.0
HRIS-WKR-007219,PAY-WKR-006993,LE-IE-SYNTH-001,ACTIVE,xwalk_v1.0.0
HRIS-WKR-007220,PAY-WKR-006994,LE-IE-SYNTH-001,ACTIVE,xwalk_v1.0.0
HRIS-WKR-007221,PAY-WKR-006995,LE-IE-SYNTH-001,ACTIVE,xwalk_v1.0.0
HRIS-WKR-007222,PAY-WKR-006996,LE-IE-SYNTH-001,ACTIVE,xwalk_v1.0.0
HRIS-WKR-007223,PAY-WKR-006997,LE-IE-SYNTH-001,ACTIVE,xwalk_v1.0.0
HRIS-WKR-007224,PAY-WKR-006998,LE-IE-SYNTH-001,ACTIVE,xwalk_v1.0.0
HRIS-WKR-007225,PAY-WKR-006999,LE-IE-SYNTH-001,ACTIVE,xwalk_v1.0.0
HRIS-WKR-007226,PAY-WKR-007000,LE-IE-SYNTH-001,ACTIVE,xwalk_v1.0.0
HRIS-WKR-007227,PAY-WKR-007001,LE-IE-SYNTH-001,ACTIVE,xwalk_v1.0.0
HRIS-WKR-007228,PAY-WKR-007002,LE-IE-SYNTH-001,ACTIVE,xwalk_v1.0.0
HRIS-WKR-007229,PAY-WKR-007003,LE-IE-SYNTH-001,ACTIVE,xwalk_v1.0.0
HRIS-WKR-007230,PAY-WKR-007004,LE-IE-SYNTH-001,ACTIVE,xwalk_v1.0.0
HRIS-WKR-007231,PAY-WKR-007005,LE-IE-SYNTH-001,ACTIVE,xwalk_v1.0.0
HRIS-WKR-007232,PAY-WKR-007006,LE-IE-SYNTH-001,ACTIVE,xwalk_v1.0.0
HRIS-WKR-007233,PAY-WKR-007007,LE-IE-SYNTH-001,ACTIVE,xwalk_v1.0.0
HRIS-WKR-007234,PAY-WKR-007008,LE-IE-SYNTH-001,ACTIVE,xwalk_v1.0.0
HRIS-WKR-007235,PAY-WKR-007009,LE-IE-SYNTH-001,ACTIVE,xwalk_v1.0.0
HRIS-WKR-007236,PAY-WKR-007010,LE-IE-SYNTH-001,ACTIVE,xwalk_v1.0.0
HRIS-WKR-007237,PAY-WKR-007011,LE-IE-SYNTH-001,ACTIVE,xwalk_v1.0.0
HRIS-WKR-007238,PAY-WKR-007012,LE-IE-SYNTH-001,ACTIVE,xwalk_v1.0.0
HRIS-WKR-007239,PAY-WKR-007013,LE-IE-SYNTH-001,ACTIVE,xwalk_v1.0.0
HRIS-WKR-007240,PAY-WKR-007014,LE-IE-SYNTH-001,ACTIVE,xwalk_v1.0.0
HRIS-WKR-007241,PAY-WKR-007015,LE-IE-SYNTH-001,ACTIVE,xwalk_v1.0.0
HRIS-WKR-007242,PAY-WKR-007016,LE-IE-SYNTH-001,ACTIVE,xwalk_v1.0.0
HRIS-WKR-007243,PAY-WKR-007017,LE-IE-SYNTH-001,ACTIVE,xwalk_v1.0.0
HRIS-WKR-007244,PAY-WKR-007018,LE-IE-SYNTH-001,ACTIVE,xwalk_v1.0.0
HRIS-WKR-007245,PAY-WKR-007019,LE-IE-SYNTH-001,ACTIVE,xwalk_v1.0.0
HRIS-WKR-007246,PAY-WKR-007020,LE-IE-SYNTH-001,ACTIVE,xwalk_v1.0.0
HRIS-WKR-007247,PAY-WKR-007021,LE-IE-SYNTH-001,ACTIVE,xwalk_v1.0.0
HRIS-WKR-007248,PAY-WKR-007022,LE-IE-SYNTH-001,ACTIVE,xwalk_v1.0.0
HRIS-WKR-007249,PAY-WKR-007023,LE-IE-SYNTH-001,ACTIVE,xwalk_v1.0.0
HRIS-WKR-007250,PAY-WKR-007024,LE-IE-SYNTH-001,ACTIVE,xwalk_v1.0.0
HRIS-WKR-007251,PAY-WKR-007025,LE-IE-SYNTH-001,ACTIVE,xwalk_v1.0.0
HRIS-WKR-007252,PAY-WKR-007026,LE-IE-SYNTH-001,ACTIVE,xwalk_v1.0.0
HRIS-WKR-007253,PAY-WKR-007027,LE-IE-SYNTH-001,ACTIVE,xwalk_v1.0.0
HRIS-WKR-007254,PAY-WKR-007028,LE-IE-SYNTH-001,ACTIVE,xwalk_v1.0.0
HRIS-WKR-007255,PAY-WKR-007029,LE-IE-SYNTH-001,ACTIVE,xwalk_v1.0.0
HRIS-WKR-007256,PAY-WKR-007030,LE-IE-SYNTH-001,ACTIVE,xwalk_v1.0.0
HRIS-WKR-007257,PAY-WKR-007031,LE-IE-SYNTH-001,ACTIVE,xwalk_v1.0.0
HRIS-WKR-007258,PAY-WKR-007032,LE-IE-SYNTH-001,ACTIVE,xwalk_v1.0.0
HRIS-WKR-007259,PAY-WKR-007033,LE-IE-SYNTH-001,ACTIVE,xwalk_v1.0.0
HRIS-WKR-007260,PAY-WKR-007034,LE-IE-SYNTH-001,ACTIVE,xwalk_v1.0.0
HRIS-WKR-007261,PAY-WKR-007035,LE-IE-SYNTH-001,ACTIVE,xwalk_v1.0.0
HRIS-WKR-007262,PAY-WKR-007036,LE-IE-SYNTH-001,ACTIVE,xwalk_v1.0.0
HRIS-WKR-007263,PAY-WKR-007037,LE-IE-SYNTH-001,ACTIVE,xwalk_v1.0.0
HRIS-WKR-007264,PAY-WKR-007038,LE-IE-SYNTH-001,ACTIVE,xwalk_v1.0.0
HRIS-WKR-007265,PAY-WKR-007039,LE-IE-SYNTH-001,ACTIVE,xwalk_v1.0.0
HRIS-WKR-007266,PAY-WKR-007040,LE-IE-SYNTH-001,ACTIVE,xwalk_v1.0.0
HRIS-WKR-007267,PAY-WKR-007041,LE-IE-SYNTH-001,ACTIVE,xwalk_v1.0.0
HRIS-WKR-007268,PAY-WKR-007042,LE-IE-SYNTH-001,ACTIVE,xwalk_v1.0.0
HRIS-WKR-007269,PAY-WKR-007043,LE-IE-SYNTH-001,ACTIVE,xwalk_v1.0.0
HRIS-WKR-007270,PAY-WKR-007044,LE-IE-SYNTH-001,ACTIVE,xwalk_v1.0.0
HRIS-WKR-007271,PAY-WKR-007045,LE-IE-SYNTH-001,ACTIVE,xwalk_v1.0.0
HRIS-WKR-007272,PAY-WKR-007046,LE-IE-SYNTH-001,ACTIVE,xwalk_v1.0.0
HRIS-WKR-007273,PAY-WKR-007047,LE-IE-SYNTH-001,ACTIVE,xwalk_v1.0.0
HRIS-WKR-007274,PAY-WKR-007048,LE-IE-SYNTH-001,ACTIVE,xwalk_v1.0.0
HRIS-WKR-007275,PAY-WKR-007049,LE-IE-SYNTH-001,ACTIVE,xwalk_v1.0.0
HRIS-WKR-007276,PAY-WKR-007050,LE-IE-SYNTH-001,ACTIVE,xwalk_v1.0.0
HRIS-WKR-007277,,LE-IE-SYNTH-001,MISSING,xwalk_v1.0.0
HRIS-WKR-007278,PAY-WKR-007051,LE-IE-SYNTH-001,ACTIVE,xwalk_v1.0.0
HRIS-WKR-007279,PAY-WKR-007052,LE-IE-SYNTH-001,ACTIVE,xwalk_v1.0.0
HRIS-WKR-007280,PAY-WKR-007053,LE-IE-SYNTH-001,ACTIVE,xwalk_v1.0.0
HRIS-WKR-007281,PAY-WKR-007054,LE-IE-SYNTH-001,ACTIVE,xwalk_v1.0.0
HRIS-WKR-007282,PAY-WKR-007055,LE-IE-SYNTH-001,ACTIVE,xwalk_v1.0.0
HRIS-WKR-007283,PAY-WKR-007056,LE-IE-SYNTH-001,ACTIVE,xwalk_v1.0.0
HRIS-WKR-007284,PAY-WKR-007057,LE-IE-SYNTH-001,ACTIVE,xwalk_v1.0.0
HRIS-WKR-007285,PAY-WKR-007058,LE-IE-SYNTH-001,ACTIVE,xwalk_v1.0.0
HRIS-WKR-007286,,LE-IE-SYNTH-001,MISSING,xwalk_v1.0.0
HRIS-WKR-007287,PAY-WKR-007059,LE-IE-SYNTH-001,ACTIVE,xwalk_v1.0.0
HRIS-WKR-007288,PAY-WKR-007060,LE-IE-SYNTH-001,ACTIVE,xwalk_v1.0.0
HRIS-WKR-007289,PAY-WKR-007061,LE-IE-SYNTH-001,ACTIVE,xwalk_v1.0.0
HRIS-WKR-007290,PAY-WKR-007062,LE-IE-SYNTH-001,ACTIVE,xwalk_v1.0.0
HRIS-WKR-007291,PAY-WKR-007063,LE-IE-SYNTH-001,ACTIVE,xwalk_v1.0.0
HRIS-WKR-007292,PAY-WKR-007064,LE-IE-SYNTH-001,ACTIVE,xwalk_v1.0.0
HRIS-WKR-007293,PAY-WKR-007065,LE-IE-SYNTH-001,ACTIVE,xwalk_v1.0.0
HRIS-WKR-007294,PAY-WKR-007066,LE-IE-SYNTH-001,ACTIVE,xwalk_v1.0.0
HRIS-WKR-007295,,LE-IE-SYNTH-001,MISSING,xwalk_v1.0.0
HRIS-WKR-007296,PAY-WKR-007067,LE-IE-SYNTH-001,ACTIVE,xwalk_v1.0.0
HRIS-WKR-007297,PAY-WKR-007068,LE-IE-SYNTH-001,ACTIVE,xwalk_v1.0.0
HRIS-WKR-007298,PAY-WKR-007069,LE-IE-SYNTH-001,ACTIVE,xwalk_v1.0.0
HRIS-WKR-007299,PAY-WKR-007070,LE-IE-SYNTH-001,ACTIVE,xwalk_v1.0.0
HRIS-WKR-007300,PAY-WKR-007071,LE-IE-SYNTH-001,ACTIVE,xwalk_v1.0.0
HRIS-WKR-007301,PAY-WKR-007072,LE-IE-SYNTH-001,ACTIVE,xwalk_v1.0.0
HRIS-WKR-007302,PAY-WKR-007073,LE-IE-SYNTH-001,ACTIVE,xwalk_v1.0.0
HRIS-WKR-007303,PAY-WKR-007074,LE-IE-SYNTH-001,ACTIVE,xwalk_v1.0.0
HRIS-WKR-007304,PAY-WKR-007075,LE-IE-SYNTH-001,ACTIVE,xwalk_v1.0.0
HRIS-WKR-007305,PAY-WKR-007076,LE-IE-SYNTH-001,ACTIVE,xwalk_v1.0.0
HRIS-WKR-007306,PAY-WKR-007077,LE-IE-SYNTH-001,ACTIVE,xwalk_v1.0.0
HRIS-WKR-007307,PAY-WKR-007078,LE-IE-SYNTH-001,ACTIVE,xwalk_v1.0.0
HRIS-WKR-007308,PAY-WKR-007079,LE-IE-SYNTH-001,ACTIVE,xwalk_v1.0.0
HRIS-WKR-007309,PAY-WKR-007080,LE-IE-SYNTH-001,ACTIVE,xwalk_v1.0.0
HRIS-WKR-007310,PAY-WKR-007081,LE-IE-SYNTH-001,ACTIVE,xwalk_v1.0.0
HRIS-WKR-007311,PAY-WKR-007082,LE-IE-SYNTH-001,ACTIVE,xwalk_v1.0.0
HRIS-WKR-007312,PAY-WKR-007083,LE-IE-SYNTH-001,ACTIVE,xwalk_v1.0.0
HRIS-WKR-007313,PAY-WKR-007084,LE-IE-SYNTH-001,ACTIVE,xwalk_v1.0.0
HRIS-WKR-007314,PAY-WKR-007085,LE-IE-SYNTH-001,ACTIVE,xwalk_v1.0.0
HRIS-WKR-007315,PAY-WKR-007086,LE-IE-SYNTH-001,ACTIVE,xwalk_v1.0.0
HRIS-WKR-007316,PAY-WKR-007087,LE-IE-SYNTH-001,ACTIVE,xwalk_v1.0.0
HRIS-WKR-007317,PAY-WKR-007088,LE-IE-SYNTH-001,ACTIVE,xwalk_v1.0.0
HRIS-WKR-007318,PAY-WKR-007089,LE-IE-SYNTH-001,ACTIVE,xwalk_v1.0.0
HRIS-WKR-007319,PAY-WKR-007090,LE-IE-SYNTH-001,ACTIVE,xwalk_v1.0.0
HRIS-WKR-007320,PAY-WKR-007091,LE-IE-SYNTH-001,ACTIVE,xwalk_v1.0.0
HRIS-WKR-007321,,LE-IE-SYNTH-001,MISSING,xwalk_v1.0.0
HRIS-WKR-007322,PAY-WKR-007092,LE-IE-SYNTH-001,ACTIVE,xwalk_v1.0.0
HRIS-WKR-007323,PAY-WKR-007093,LE-IE-SYNTH-001,ACTIVE,xwalk_v1.0.0
HRIS-WKR-007324,PAY-WKR-007094,LE-IE-SYNTH-001,ACTIVE,xwalk_v1.0.0
HRIS-WKR-007325,PAY-WKR-007095,LE-IE-SYNTH-001,ACTIVE,xwalk_v1.0.0
HRIS-WKR-007326,PAY-WKR-007096,LE-IE-SYNTH-001,ACTIVE,xwalk_v1.0.0
HRIS-WKR-007327,PAY-WKR-007097,LE-IE-SYNTH-001,ACTIVE,xwalk_v1.0.0
HRIS-WKR-007328,PAY-WKR-007098,LE-IE-SYNTH-001,ACTIVE,xwalk_v1.0.0
HRIS-WKR-007329,PAY-WKR-007099,LE-IE-SYNTH-001,ACTIVE,xwalk_v1.0.0
HRIS-WKR-007330,PAY-WKR-007100,LE-IE-SYNTH-001,ACTIVE,xwalk_v1.0.0
HRIS-WKR-007331,PAY-WKR-007101,LE-IE-SYNTH-001,ACTIVE,xwalk_v1.0.0
HRIS-WKR-007332,PAY-WKR-007102,LE-IE-SYNTH-001,ACTIVE,xwalk_v1.0.0
HRIS-WKR-007333,PAY-WKR-007103,LE-IE-SYNTH-001,ACTIVE,xwalk_v1.0.0
HRIS-WKR-007334,PAY-WKR-007104,LE-IE-SYNTH-001,ACTIVE,xwalk_v1.0.0
HRIS-WKR-007335,PAY-WKR-007105,LE-IE-SYNTH-001,ACTIVE,xwalk_v1.0.0
HRIS-WKR-007336,PAY-WKR-007106,LE-IE-SYNTH-001,ACTIVE,xwalk_v1.0.0
HRIS-WKR-007337,PAY-WKR-007107,LE-IE-SYNTH-001,ACTIVE,xwalk_v1.0.0
HRIS-WKR-007338,PAY-WKR-007108,LE-IE-SYNTH-001,ACTIVE,xwalk_v1.0.0
HRIS-WKR-007339,PAY-WKR-007109,LE-IE-SYNTH-001,ACTIVE,xwalk_v1.0.0
HRIS-WKR-007340,PAY-WKR-007110,LE-IE-SYNTH-001,ACTIVE,xwalk_v1.0.0
HRIS-WKR-007341,PAY-WKR-007111,LE-IE-SYNTH-001,ACTIVE,xwalk_v1.0.0
HRIS-WKR-007342,PAY-WKR-007112,LE-IE-SYNTH-001,ACTIVE,xwalk_v1.0.0
HRIS-WKR-007343,PAY-WKR-007113,LE-IE-SYNTH-001,ACTIVE,xwalk_v1.0.0
HRIS-WKR-007344,PAY-WKR-007114,LE-IE-SYNTH-001,ACTIVE,xwalk_v1.0.0
HRIS-WKR-007345,PAY-WKR-007115,LE-IE-SYNTH-001,ACTIVE,xwalk_v1.0.0
HRIS-WKR-007346,PAY-WKR-007116,LE-IE-SYNTH-001,ACTIVE,xwalk_v1.0.0
HRIS-WKR-007347,PAY-WKR-007117,LE-IE-SYNTH-001,ACTIVE,xwalk_v1.0.0
HRIS-WKR-007348,PAY-WKR-007118,LE-IE-SYNTH-001,ACTIVE,xwalk_v1.0.0
HRIS-WKR-007349,PAY-WKR-007119,LE-IE-SYNTH-001,ACTIVE,xwalk_v1.0.0
HRIS-WKR-007350,PAY-WKR-007120,LE-IE-SYNTH-001,ACTIVE,xwalk_v1.0.0
HRIS-WKR-007351,PAY-WKR-007121,LE-IE-SYNTH-001,ACTIVE,xwalk_v1.0.0
HRIS-WKR-007352,PAY-WKR-007122,LE-IE-SYNTH-001,ACTIVE,xwalk_v1.0.0
HRIS-WKR-007353,PAY-WKR-007123,LE-IE-SYNTH-001,ACTIVE,xwalk_v1.0.0
HRIS-WKR-007354,PAY-WKR-007124,LE-IE-SYNTH-001,ACTIVE,xwalk_v1.0.0
HRIS-WKR-007355,PAY-WKR-007125,LE-IE-SYNTH-001,ACTIVE,xwalk_v1.0.0
HRIS-WKR-007356,PAY-WKR-007126,LE-IE-SYNTH-001,ACTIVE,xwalk_v1.0.0
HRIS-WKR-007357,PAY-WKR-007127,LE-IE-SYNTH-001,ACTIVE,xwalk_v1.0.0
HRIS-WKR-007358,PAY-WKR-007128,LE-IE-SYNTH-001,ACTIVE,xwalk_v1.0.0
HRIS-WKR-007359,PAY-WKR-007129,LE-IE-SYNTH-001,ACTIVE,xwalk_v1.0.0
HRIS-WKR-007360,PAY-WKR-007130,LE-IE-SYNTH-001,ACTIVE,xwalk_v1.0.0
HRIS-WKR-007361,PAY-WKR-007131,LE-IE-SYNTH-001,ACTIVE,xwalk_v1.0.0
HRIS-WKR-007362,PAY-WKR-007132,LE-IE-SYNTH-001,ACTIVE,xwalk_v1.0.0
HRIS-WKR-007363,PAY-WKR-007133,LE-IE-SYNTH-001,ACTIVE,xwalk_v1.0.0
HRIS-WKR-007364,PAY-WKR-007134,LE-IE-SYNTH-001,ACTIVE,xwalk_v1.0.0
HRIS-WKR-007365,PAY-WKR-007135,LE-IE-SYNTH-001,ACTIVE,xwalk_v1.0.0
HRIS-WKR-007366,PAY-WKR-007136,LE-IE-SYNTH-001,ACTIVE,xwalk_v1.0.0
HRIS-WKR-007367,PAY-WKR-007137,LE-IE-SYNTH-001,ACTIVE,xwalk_v1.0.0
HRIS-WKR-007368,PAY-WKR-007138,LE-IE-SYNTH-001,ACTIVE,xwalk_v1.0.0
HRIS-WKR-007369,PAY-WKR-007139,LE-IE-SYNTH-001,ACTIVE,xwalk_v1.0.0
HRIS-WKR-007370,PAY-WKR-007140,LE-IE-SYNTH-001,ACTIVE,xwalk_v1.0.0
HRIS-WKR-007371,PAY-WKR-007141,LE-IE-SYNTH-001,ACTIVE,xwalk_v1.0.0
HRIS-WKR-007372,PAY-WKR-007142,LE-IE-SYNTH-001,ACTIVE,xwalk_v1.0.0
HRIS-WKR-007373,PAY-WKR-007143,LE-IE-SYNTH-001,ACTIVE,xwalk_v1.0.0
HRIS-WKR-007374,PAY-WKR-007144,LE-IE-SYNTH-001,ACTIVE,xwalk_v1.0.0
HRIS-WKR-007375,PAY-WKR-007145,LE-IE-SYNTH-001,ACTIVE,xwalk_v1.0.0
HRIS-WKR-007376,PAY-WKR-007146,LE-IE-SYNTH-001,ACTIVE,xwalk_v1.0.0
HRIS-WKR-007377,PAY-WKR-007147,LE-IE-SYNTH-001,ACTIVE,xwalk_v1.0.0
HRIS-WKR-007378,PAY-WKR-007148,LE-IE-SYNTH-001,ACTIVE,xwalk_v1.0.0
HRIS-WKR-007379,PAY-WKR-007149,LE-IE-SYNTH-001,ACTIVE,xwalk_v1.0.0
HRIS-WKR-007380,PAY-WKR-007150,LE-IE-SYNTH-001,ACTIVE,xwalk_v1.0.0
HRIS-WKR-007381,PAY-WKR-007151,LE-IE-SYNTH-001,ACTIVE,xwalk_v1.0.0
HRIS-WKR-007382,PAY-WKR-007152,LE-IE-SYNTH-001,ACTIVE,xwalk_v1.0.0
HRIS-WKR-007383,PAY-WKR-007153,LE-IE-SYNTH-001,ACTIVE,xwalk_v1.0.0
HRIS-WKR-007384,PAY-WKR-007154,LE-IE-SYNTH-001,ACTIVE,xwalk_v1.0.0
HRIS-WKR-007385,PAY-WKR-007155,LE-IE-SYNTH-001,ACTIVE,xwalk_v1.0.0
HRIS-WKR-007386,PAY-WKR-007156,LE-IE-SYNTH-001,ACTIVE,xwalk_v1.0.0
HRIS-WKR-007387,PAY-WKR-007157,LE-IE-SYNTH-001,ACTIVE,xwalk_v1.0.0
HRIS-WKR-007388,PAY-WKR-007158,LE-IE-SYNTH-001,ACTIVE,xwalk_v1.0.0
HRIS-WKR-007389,PAY-WKR-007159,LE-IE-SYNTH-001,ACTIVE,xwalk_v1.0.0
HRIS-WKR-007390,PAY-WKR-007160,LE-IE-SYNTH-001,ACTIVE,xwalk_v1.0.0
HRIS-WKR-007391,PAY-WKR-007161,LE-IE-SYNTH-001,ACTIVE,xwalk_v1.0.0
HRIS-WKR-007392,PAY-WKR-007162,LE-IE-SYNTH-001,ACTIVE,xwalk_v1.0.0
HRIS-WKR-007393,PAY-WKR-007163,LE-IE-SYNTH-001,ACTIVE,xwalk_v1.0.0
HRIS-WKR-007394,PAY-WKR-007164,LE-IE-SYNTH-001,ACTIVE,xwalk_v1.0.0
HRIS-WKR-007395,PAY-WKR-007165,LE-IE-SYNTH-001,ACTIVE,xwalk_v1.0.0
HRIS-WKR-007396,PAY-WKR-007166,LE-IE-SYNTH-001,ACTIVE,xwalk_v1.0.0
HRIS-WKR-007397,PAY-WKR-007167,LE-IE-SYNTH-001,ACTIVE,xwalk_v1.0.0
HRIS-WKR-007398,PAY-WKR-007168,LE-IE-SYNTH-001,ACTIVE,xwalk_v1.0.0
HRIS-WKR-007399,PAY-WKR-007169,LE-IE-SYNTH-001,ACTIVE,xwalk_v1.0.0
HRIS-WKR-007400,PAY-WKR-007170,LE-IE-SYNTH-001,ACTIVE,xwalk_v1.0.0
HRIS-WKR-007401,PAY-WKR-007171,LE-IE-SYNTH-001,ACTIVE,xwalk_v1.0.0
HRIS-WKR-007402,PAY-WKR-007172,LE-IE-SYNTH-001,ACTIVE,xwalk_v1.0.0
HRIS-WKR-007403,PAY-WKR-007173,LE-IE-SYNTH-001,ACTIVE,xwalk_v1.0.0
HRIS-WKR-007404,PAY-WKR-007174,LE-IE-SYNTH-001,ACTIVE,xwalk_v1.0.0
HRIS-WKR-007405,,LE-IE-SYNTH-001,MISSING,xwalk_v1.0.0
HRIS-WKR-007406,PAY-WKR-007175,LE-IE-SYNTH-001,ACTIVE,xwalk_v1.0.0
HRIS-WKR-007407,PAY-WKR-007176,LE-IE-SYNTH-001,ACTIVE,xwalk_v1.0.0
HRIS-WKR-007408,PAY-WKR-007177,LE-IE-SYNTH-001,ACTIVE,xwalk_v1.0.0
HRIS-WKR-007409,PAY-WKR-007178,LE-IE-SYNTH-001,ACTIVE,xwalk_v1.0.0
HRIS-WKR-007410,PAY-WKR-007179,LE-IE-SYNTH-001,ACTIVE,xwalk_v1.0.0
HRIS-WKR-007411,PAY-WKR-007180,LE-IE-SYNTH-001,ACTIVE,xwalk_v1.0.0
HRIS-WKR-007412,PAY-WKR-007181,LE-IE-SYNTH-001,ACTIVE,xwalk_v1.0.0
HRIS-WKR-007413,PAY-WKR-007182,LE-IE-SYNTH-001,ACTIVE,xwalk_v1.0.0
HRIS-WKR-007414,PAY-WKR-007183,LE-IE-SYNTH-001,ACTIVE,xwalk_v1.0.0
HRIS-WKR-007415,PAY-WKR-007184,LE-IE-SYNTH-001,ACTIVE,xwalk_v1.0.0
HRIS-WKR-007416,PAY-WKR-007185,LE-IE-SYNTH-001,ACTIVE,xwalk_v1.0.0
HRIS-WKR-007417,PAY-WKR-007186,LE-IE-SYNTH-001,ACTIVE,xwalk_v1.0.0
HRIS-WKR-007418,PAY-WKR-007187,LE-IE-SYNTH-001,ACTIVE,xwalk_v1.0.0
HRIS-WKR-007419,PAY-WKR-007188,LE-IE-SYNTH-001,ACTIVE,xwalk_v1.0.0
HRIS-WKR-007420,PAY-WKR-007189,LE-IE-SYNTH-001,ACTIVE,xwalk_v1.0.0
HRIS-WKR-007421,PAY-WKR-007190,LE-IE-SYNTH-001,ACTIVE,xwalk_v1.0.0
HRIS-WKR-007422,PAY-WKR-007191,LE-IE-SYNTH-001,ACTIVE,xwalk_v1.0.0
HRIS-WKR-007423,PAY-WKR-007192,LE-IE-SYNTH-001,ACTIVE,xwalk_v1.0.0
HRIS-WKR-007424,PAY-WKR-007193,LE-IE-SYNTH-001,ACTIVE,xwalk_v1.0.0
HRIS-WKR-007425,PAY-WKR-007194,LE-IE-SYNTH-001,ACTIVE,xwalk_v1.0.0
HRIS-WKR-007426,PAY-WKR-007195,LE-IE-SYNTH-001,ACTIVE,xwalk_v1.0.0
HRIS-WKR-007427,PAY-WKR-007196,LE-IE-SYNTH-001,ACTIVE,xwalk_v1.0.0
HRIS-WKR-007428,PAY-WKR-007197,LE-IE-SYNTH-001,ACTIVE,xwalk_v1.0.0
HRIS-WKR-007429,PAY-WKR-007198,LE-IE-SYNTH-001,ACTIVE,xwalk_v1.0.0
HRIS-WKR-007430,PAY-WKR-007199,LE-IE-SYNTH-001,ACTIVE,xwalk_v1.0.0
HRIS-WKR-007431,PAY-WKR-007200,LE-IE-SYNTH-001,ACTIVE,xwalk_v1.0.0
HRIS-WKR-007432,PAY-WKR-007201,LE-IE-SYNTH-001,ACTIVE,xwalk_v1.0.0
HRIS-WKR-007433,PAY-WKR-007202,LE-IE-SYNTH-001,ACTIVE,xwalk_v1.0.0
HRIS-WKR-007434,PAY-WKR-007203,LE-IE-SYNTH-001,ACTIVE,xwalk_v1.0.0
HRIS-WKR-007435,PAY-WKR-007204,LE-IE-SYNTH-001,ACTIVE,xwalk_v1.0.0
HRIS-WKR-007436,PAY-WKR-007205,LE-IE-SYNTH-001,ACTIVE,xwalk_v1.0.0
HRIS-WKR-007437,PAY-WKR-007206,LE-IE-SYNTH-001,ACTIVE,xwalk_v1.0.0
HRIS-WKR-007438,PAY-WKR-007207,LE-IE-SYNTH-001,ACTIVE,xwalk_v1.0.0
HRIS-WKR-007439,PAY-WKR-007208,LE-IE-SYNTH-001,ACTIVE,xwalk_v1.0.0
HRIS-WKR-007440,PAY-WKR-007209,LE-IE-SYNTH-001,ACTIVE,xwalk_v1.0.0
HRIS-WKR-007441,PAY-WKR-007210,LE-IE-SYNTH-001,ACTIVE,xwalk_v1.0.0
HRIS-WKR-007442,PAY-WKR-007211,LE-IE-SYNTH-001,ACTIVE,xwalk_v1.0.0
HRIS-WKR-007443,PAY-WKR-007212,LE-IE-SYNTH-001,ACTIVE,xwalk_v1.0.0
HRIS-WKR-007444,PAY-WKR-007213,LE-IE-SYNTH-001,ACTIVE,xwalk_v1.0.0
HRIS-WKR-007445,PAY-WKR-007214,LE-IE-SYNTH-001,ACTIVE,xwalk_v1.0.0
HRIS-WKR-007446,PAY-WKR-007215,LE-IE-SYNTH-001,ACTIVE,xwalk_v1.0.0
HRIS-WKR-007447,PAY-WKR-007216,LE-IE-SYNTH-001,ACTIVE,xwalk_v1.0.0
HRIS-WKR-007448,PAY-WKR-007217,LE-IE-SYNTH-001,ACTIVE,xwalk_v1.0.0
HRIS-WKR-007449,PAY-WKR-007218,LE-IE-SYNTH-001,ACTIVE,xwalk_v1.0.0
HRIS-WKR-007450,PAY-WKR-007219,LE-IE-SYNTH-001,ACTIVE,xwalk_v1.0.0
HRIS-WKR-007451,,LE-IE-SYNTH-001,MISSING,xwalk_v1.0.0
HRIS-WKR-007452,PAY-WKR-007220,LE-IE-SYNTH-001,ACTIVE,xwalk_v1.0.0
HRIS-WKR-007453,PAY-WKR-007221,LE-IE-SYNTH-001,ACTIVE,xwalk_v1.0.0
HRIS-WKR-007454,PAY-WKR-007222,LE-IE-SYNTH-001,ACTIVE,xwalk_v1.0.0
HRIS-WKR-007455,PAY-WKR-007223,LE-IE-SYNTH-001,ACTIVE,xwalk_v1.0.0
HRIS-WKR-007456,PAY-WKR-007224,LE-IE-SYNTH-001,ACTIVE,xwalk_v1.0.0
HRIS-WKR-007457,PAY-WKR-007225,LE-IE-SYNTH-001,ACTIVE,xwalk_v1.0.0
HRIS-WKR-007458,PAY-WKR-007226,LE-IE-SYNTH-001,ACTIVE,xwalk_v1.0.0
HRIS-WKR-007459,PAY-WKR-007227,LE-IE-SYNTH-001,ACTIVE,xwalk_v1.0.0
HRIS-WKR-007460,PAY-WKR-007228,LE-IE-SYNTH-001,ACTIVE,xwalk_v1.0.0
HRIS-WKR-007461,PAY-WKR-007229,LE-IE-SYNTH-001,ACTIVE,xwalk_v1.0.0
HRIS-WKR-007462,PAY-WKR-007230,LE-IE-SYNTH-001,ACTIVE,xwalk_v1.0.0
HRIS-WKR-007463,PAY-WKR-007231,LE-IE-SYNTH-001,ACTIVE,xwalk_v1.0.0
HRIS-WKR-007464,PAY-WKR-007232,LE-IE-SYNTH-001,ACTIVE,xwalk_v1.0.0
HRIS-WKR-007465,PAY-WKR-007233,LE-IE-SYNTH-001,ACTIVE,xwalk_v1.0.0
HRIS-WKR-007466,PAY-WKR-007234,LE-IE-SYNTH-001,ACTIVE,xwalk_v1.0.0
HRIS-WKR-007467,PAY-WKR-007235,LE-IE-SYNTH-001,ACTIVE,xwalk_v1.0.0
HRIS-WKR-007468,PAY-WKR-007236,LE-IE-SYNTH-001,ACTIVE,xwalk_v1.0.0
HRIS-WKR-007469,PAY-WKR-007237,LE-IE-SYNTH-001,ACTIVE,xwalk_v1.0.0
HRIS-WKR-007470,PAY-WKR-007238,LE-IE-SYNTH-001,ACTIVE,xwalk_v1.0.0
HRIS-WKR-007471,PAY-WKR-007239,LE-IE-SYNTH-001,ACTIVE,xwalk_v1.0.0
HRIS-WKR-007472,PAY-WKR-007240,LE-IE-SYNTH-001,ACTIVE,xwalk_v1.0.0
HRIS-WKR-007473,PAY-WKR-007241,LE-IE-SYNTH-001,ACTIVE,xwalk_v1.0.0
HRIS-WKR-007474,PAY-WKR-007242,LE-IE-SYNTH-001,ACTIVE,xwalk_v1.0.0
HRIS-WKR-007475,PAY-WKR-007243,LE-IE-SYNTH-001,ACTIVE,xwalk_v1.0.0
HRIS-WKR-007476,PAY-WKR-007244,LE-IE-SYNTH-001,ACTIVE,xwalk_v1.0.0
HRIS-WKR-007477,PAY-WKR-007245,LE-IE-SYNTH-001,ACTIVE,xwalk_v1.0.0
HRIS-WKR-007478,PAY-WKR-007246,LE-IE-SYNTH-001,ACTIVE,xwalk_v1.0.0
HRIS-WKR-007479,PAY-WKR-007247,LE-IE-SYNTH-001,ACTIVE,xwalk_v1.0.0
HRIS-WKR-007480,PAY-WKR-007248,LE-IE-SYNTH-001,ACTIVE,xwalk_v1.0.0
HRIS-WKR-007481,PAY-WKR-007249,LE-IE-SYNTH-001,ACTIVE,xwalk_v1.0.0
HRIS-WKR-007482,PAY-WKR-007250,LE-IE-SYNTH-001,ACTIVE,xwalk_v1.0.0
HRIS-WKR-007483,PAY-WKR-007251,LE-IE-SYNTH-001,ACTIVE,xwalk_v1.0.0
HRIS-WKR-007484,PAY-WKR-007252,LE-IE-SYNTH-001,ACTIVE,xwalk_v1.0.0
HRIS-WKR-007485,PAY-WKR-007253,LE-IE-SYNTH-001,ACTIVE,xwalk_v1.0.0
HRIS-WKR-007486,PAY-WKR-007254,LE-IE-SYNTH-001,ACTIVE,xwalk_v1.0.0
HRIS-WKR-007487,PAY-WKR-007255,LE-IE-SYNTH-001,ACTIVE,xwalk_v1.0.0
HRIS-WKR-007488,PAY-WKR-007256,LE-IE-SYNTH-001,ACTIVE,xwalk_v1.0.0
HRIS-WKR-007489,PAY-WKR-007257,LE-IE-SYNTH-001,ACTIVE,xwalk_v1.0.0
HRIS-WKR-007490,PAY-WKR-007258,LE-IE-SYNTH-001,ACTIVE,xwalk_v1.0.0
HRIS-WKR-007491,PAY-WKR-007259,LE-IE-SYNTH-001,ACTIVE,xwalk_v1.0.0
HRIS-WKR-007492,PAY-WKR-007260,LE-IE-SYNTH-001,ACTIVE,xwalk_v1.0.0
HRIS-WKR-007493,PAY-WKR-007261,LE-IE-SYNTH-001,ACTIVE,xwalk_v1.0.0
HRIS-WKR-007494,PAY-WKR-007262,LE-IE-SYNTH-001,ACTIVE,xwalk_v1.0.0
HRIS-WKR-007495,PAY-WKR-007263,LE-IE-SYNTH-001,ACTIVE,xwalk_v1.0.0
HRIS-WKR-007496,PAY-WKR-007264,LE-IE-SYNTH-001,ACTIVE,xwalk_v1.0.0
HRIS-WKR-007497,PAY-WKR-007265,LE-IE-SYNTH-001,ACTIVE,xwalk_v1.0.0
HRIS-WKR-007498,PAY-WKR-007266,LE-IE-SYNTH-001,ACTIVE,xwalk_v1.0.0
HRIS-WKR-007499,PAY-WKR-007267,LE-IE-SYNTH-001,ACTIVE,xwalk_v1.0.0
HRIS-WKR-007500,PAY-WKR-007268,LE-IE-SYNTH-001,ACTIVE,xwalk_v1.0.0
HRIS-WKR-007501,PAY-WKR-007269,LE-IE-SYNTH-001,ACTIVE,xwalk_v1.0.0
HRIS-WKR-007502,PAY-WKR-007270,LE-IE-SYNTH-001,ACTIVE,xwalk_v1.0.0
HRIS-WKR-007503,PAY-WKR-007271,LE-IE-SYNTH-001,ACTIVE,xwalk_v1.0.0
HRIS-WKR-007504,PAY-WKR-007272,LE-IE-SYNTH-001,ACTIVE,xwalk_v1.0.0
HRIS-WKR-007505,PAY-WKR-007273,LE-IE-SYNTH-001,ACTIVE,xwalk_v1.0.0
HRIS-WKR-007506,PAY-WKR-007274,LE-IE-SYNTH-001,ACTIVE,xwalk_v1.0.0
HRIS-WKR-007507,,LE-IE-SYNTH-001,MISSING,xwalk_v1.0.0
HRIS-WKR-007508,PAY-WKR-007275,LE-IE-SYNTH-001,ACTIVE,xwalk_v1.0.0
HRIS-WKR-007509,PAY-WKR-007276,LE-IE-SYNTH-001,ACTIVE,xwalk_v1.0.0
HRIS-WKR-007510,PAY-WKR-007277,LE-IE-SYNTH-001,ACTIVE,xwalk_v1.0.0
HRIS-WKR-007511,PAY-WKR-007278,LE-IE-SYNTH-001,ACTIVE,xwalk_v1.0.0
HRIS-WKR-007512,PAY-WKR-007279,LE-IE-SYNTH-001,ACTIVE,xwalk_v1.0.0
HRIS-WKR-007513,PAY-WKR-007280,LE-IE-SYNTH-001,ACTIVE,xwalk_v1.0.0
HRIS-WKR-007514,PAY-WKR-007281,LE-IE-SYNTH-001,ACTIVE,xwalk_v1.0.0
HRIS-WKR-007515,PAY-WKR-007282,LE-IE-SYNTH-001,ACTIVE,xwalk_v1.0.0
HRIS-WKR-007516,PAY-WKR-007283,LE-IE-SYNTH-001,ACTIVE,xwalk_v1.0.0
HRIS-WKR-007517,PAY-WKR-007284,LE-IE-SYNTH-001,ACTIVE,xwalk_v1.0.0
HRIS-WKR-007518,PAY-WKR-007285,LE-IE-SYNTH-001,ACTIVE,xwalk_v1.0.0
HRIS-WKR-007519,PAY-WKR-007286,LE-IE-SYNTH-001,ACTIVE,xwalk_v1.0.0
HRIS-WKR-007520,PAY-WKR-007287,LE-IE-SYNTH-001,ACTIVE,xwalk_v1.0.0
HRIS-WKR-007521,PAY-WKR-007288,LE-IE-SYNTH-001,ACTIVE,xwalk_v1.0.0
HRIS-WKR-007522,PAY-WKR-007289,LE-IE-SYNTH-001,ACTIVE,xwalk_v1.0.0
HRIS-WKR-007523,PAY-WKR-007290,LE-IE-SYNTH-001,ACTIVE,xwalk_v1.0.0
HRIS-WKR-007524,PAY-WKR-007291,LE-IE-SYNTH-001,ACTIVE,xwalk_v1.0.0
HRIS-WKR-007525,PAY-WKR-007292,LE-IE-SYNTH-001,ACTIVE,xwalk_v1.0.0
HRIS-WKR-007526,PAY-WKR-007293,LE-IE-SYNTH-001,ACTIVE,xwalk_v1.0.0
HRIS-WKR-007527,PAY-WKR-007294,LE-IE-SYNTH-001,ACTIVE,xwalk_v1.0.0
HRIS-WKR-007528,PAY-WKR-007295,LE-IE-SYNTH-001,ACTIVE,xwalk_v1.0.0
HRIS-WKR-007529,PAY-WKR-007296,LE-IE-SYNTH-001,ACTIVE,xwalk_v1.0.0
HRIS-WKR-007530,PAY-WKR-007297,LE-IE-SYNTH-001,ACTIVE,xwalk_v1.0.0
HRIS-WKR-007531,PAY-WKR-007298,LE-IE-SYNTH-001,ACTIVE,xwalk_v1.0.0
HRIS-WKR-007532,PAY-WKR-007299,LE-IE-SYNTH-001,ACTIVE,xwalk_v1.0.0
HRIS-WKR-007533,PAY-WKR-007300,LE-IE-SYNTH-001,ACTIVE,xwalk_v1.0.0
HRIS-WKR-007534,PAY-WKR-007301,LE-IE-SYNTH-001,ACTIVE,xwalk_v1.0.0
HRIS-WKR-007535,PAY-WKR-007302,LE-IE-SYNTH-001,ACTIVE,xwalk_v1.0.0
HRIS-WKR-007536,PAY-WKR-007303,LE-IE-SYNTH-001,ACTIVE,xwalk_v1.0.0
HRIS-WKR-007537,PAY-WKR-007304,LE-IE-SYNTH-001,ACTIVE,xwalk_v1.0.0
HRIS-WKR-007538,PAY-WKR-007305,LE-IE-SYNTH-001,ACTIVE,xwalk_v1.0.0
HRIS-WKR-007539,PAY-WKR-007306,LE-IE-SYNTH-001,ACTIVE,xwalk_v1.0.0
HRIS-WKR-007540,PAY-WKR-007307,LE-IE-SYNTH-001,ACTIVE,xwalk_v1.0.0
HRIS-WKR-007541,PAY-WKR-007308,LE-IE-SYNTH-001,ACTIVE,xwalk_v1.0.0
HRIS-WKR-007542,PAY-WKR-007309,LE-IE-SYNTH-001,ACTIVE,xwalk_v1.0.0
HRIS-WKR-007543,PAY-WKR-007310,LE-IE-SYNTH-001,ACTIVE,xwalk_v1.0.0
HRIS-WKR-007544,PAY-WKR-007311,LE-IE-SYNTH-001,ACTIVE,xwalk_v1.0.0
HRIS-WKR-007545,PAY-WKR-007312,LE-IE-SYNTH-001,ACTIVE,xwalk_v1.0.0
HRIS-WKR-007546,PAY-WKR-007313,LE-IE-SYNTH-001,ACTIVE,xwalk_v1.0.0
HRIS-WKR-007547,PAY-WKR-007314,LE-IE-SYNTH-001,ACTIVE,xwalk_v1.0.0
HRIS-WKR-007548,PAY-WKR-007315,LE-IE-SYNTH-001,ACTIVE,xwalk_v1.0.0
HRIS-WKR-007549,PAY-WKR-007316,LE-IE-SYNTH-001,ACTIVE,xwalk_v1.0.0
HRIS-WKR-007550,PAY-WKR-007317,LE-IE-SYNTH-001,ACTIVE,xwalk_v1.0.0
HRIS-WKR-007551,PAY-WKR-007318,LE-IE-SYNTH-001,ACTIVE,xwalk_v1.0.0
HRIS-WKR-007552,PAY-WKR-007319,LE-IE-SYNTH-001,ACTIVE,xwalk_v1.0.0
HRIS-WKR-007553,PAY-WKR-007320,LE-IE-SYNTH-001,ACTIVE,xwalk_v1.0.0
HRIS-WKR-007554,PAY-WKR-007321,LE-IE-SYNTH-001,ACTIVE,xwalk_v1.0.0
HRIS-WKR-007555,PAY-WKR-007322,LE-IE-SYNTH-001,ACTIVE,xwalk_v1.0.0
HRIS-WKR-007556,PAY-WKR-007323,LE-IE-SYNTH-001,ACTIVE,xwalk_v1.0.0
HRIS-WKR-007557,PAY-WKR-007324,LE-IE-SYNTH-001,ACTIVE,xwalk_v1.0.0
HRIS-WKR-007558,PAY-WKR-007325,LE-IE-SYNTH-001,ACTIVE,xwalk_v1.0.0
HRIS-WKR-007559,PAY-WKR-007326,LE-IE-SYNTH-001,ACTIVE,xwalk_v1.0.0
HRIS-WKR-007560,PAY-WKR-007327,LE-IE-SYNTH-001,ACTIVE,xwalk_v1.0.0
HRIS-WKR-007561,PAY-WKR-007328,LE-IE-SYNTH-001,ACTIVE,xwalk_v1.0.0
HRIS-WKR-007562,PAY-WKR-007329,LE-IE-SYNTH-001,ACTIVE,xwalk_v1.0.0
HRIS-WKR-007563,PAY-WKR-007330,LE-IE-SYNTH-001,ACTIVE,xwalk_v1.0.0
HRIS-WKR-007564,PAY-WKR-007331,LE-IE-SYNTH-001,ACTIVE,xwalk_v1.0.0
HRIS-WKR-007565,PAY-WKR-007332,LE-IE-SYNTH-001,ACTIVE,xwalk_v1.0.0
HRIS-WKR-007566,PAY-WKR-007333,LE-IE-SYNTH-001,ACTIVE,xwalk_v1.0.0
HRIS-WKR-007567,PAY-WKR-007334,LE-IE-SYNTH-001,ACTIVE,xwalk_v1.0.0
HRIS-WKR-007568,PAY-WKR-007335,LE-IE-SYNTH-001,ACTIVE,xwalk_v1.0.0
HRIS-WKR-007569,PAY-WKR-007336,LE-IE-SYNTH-001,ACTIVE,xwalk_v1.0.0
HRIS-WKR-007570,PAY-WKR-007337,LE-IE-SYNTH-001,ACTIVE,xwalk_v1.0.0
HRIS-WKR-007571,PAY-WKR-007338,LE-IE-SYNTH-001,ACTIVE,xwalk_v1.0.0
HRIS-WKR-007572,PAY-WKR-007339,LE-IE-SYNTH-001,ACTIVE,xwalk_v1.0.0
HRIS-WKR-007573,PAY-WKR-007340,LE-IE-SYNTH-001,ACTIVE,xwalk_v1.0.0
HRIS-WKR-007574,PAY-WKR-007341,LE-IE-SYNTH-001,ACTIVE,xwalk_v1.0.0
HRIS-WKR-007575,PAY-WKR-007342,LE-IE-SYNTH-001,ACTIVE,xwalk_v1.0.0
HRIS-WKR-007576,PAY-WKR-007343,LE-IE-SYNTH-001,ACTIVE,xwalk_v1.0.0
HRIS-WKR-007577,PAY-WKR-007344,LE-IE-SYNTH-001,ACTIVE,xwalk_v1.0.0
HRIS-WKR-007578,PAY-WKR-007345,LE-IE-SYNTH-001,ACTIVE,xwalk_v1.0.0
HRIS-WKR-007579,PAY-WKR-007346,LE-IE-SYNTH-001,ACTIVE,xwalk_v1.0.0
HRIS-WKR-007580,PAY-WKR-007347,LE-IE-SYNTH-001,ACTIVE,xwalk_v1.0.0
HRIS-WKR-007581,PAY-WKR-007348,LE-IE-SYNTH-001,ACTIVE,xwalk_v1.0.0
HRIS-WKR-007582,PAY-WKR-007349,LE-IE-SYNTH-001,ACTIVE,xwalk_v1.0.0
HRIS-WKR-007583,PAY-WKR-007350,LE-IE-SYNTH-001,ACTIVE,xwalk_v1.0.0
HRIS-WKR-007584,PAY-WKR-007351,LE-IE-SYNTH-001,ACTIVE,xwalk_v1.0.0
HRIS-WKR-007585,PAY-WKR-007352,LE-IE-SYNTH-001,ACTIVE,xwalk_v1.0.0
HRIS-WKR-007586,PAY-WKR-007353,LE-IE-SYNTH-001,ACTIVE,xwalk_v1.0.0
HRIS-WKR-007587,PAY-WKR-007354,LE-IE-SYNTH-001,ACTIVE,xwalk_v1.0.0
HRIS-WKR-007588,PAY-WKR-007355,LE-IE-SYNTH-001,ACTIVE,xwalk_v1.0.0
HRIS-WKR-007589,PAY-WKR-007356,LE-IE-SYNTH-001,ACTIVE,xwalk_v1.0.0
HRIS-WKR-007590,PAY-WKR-007357,LE-IE-SYNTH-001,ACTIVE,xwalk_v1.0.0
HRIS-WKR-007591,PAY-WKR-007358,LE-IE-SYNTH-001,ACTIVE,xwalk_v1.0.0
HRIS-WKR-007592,PAY-WKR-007359,LE-IE-SYNTH-001,ACTIVE,xwalk_v1.0.0
HRIS-WKR-007593,PAY-WKR-007360,LE-IE-SYNTH-001,ACTIVE,xwalk_v1.0.0
HRIS-WKR-007594,PAY-WKR-007361,LE-IE-SYNTH-001,ACTIVE,xwalk_v1.0.0
HRIS-WKR-007595,PAY-WKR-007362,LE-IE-SYNTH-001,ACTIVE,xwalk_v1.0.0
HRIS-WKR-007596,PAY-WKR-007363,LE-IE-SYNTH-001,ACTIVE,xwalk_v1.0.0
HRIS-WKR-007597,PAY-WKR-007364,LE-IE-SYNTH-001,ACTIVE,xwalk_v1.0.0
HRIS-WKR-007598,PAY-WKR-007365,LE-IE-SYNTH-001,ACTIVE,xwalk_v1.0.0
HRIS-WKR-007599,PAY-WKR-007366,LE-IE-SYNTH-001,ACTIVE,xwalk_v1.0.0
HRIS-WKR-007600,PAY-WKR-007367,LE-IE-SYNTH-001,ACTIVE,xwalk_v1.0.0
HRIS-WKR-007601,PAY-WKR-007368,LE-IE-SYNTH-001,ACTIVE,xwalk_v1.0.0
HRIS-WKR-007602,PAY-WKR-007369,LE-IE-SYNTH-001,ACTIVE,xwalk_v1.0.0
HRIS-WKR-007603,PAY-WKR-007370,LE-IE-SYNTH-001,ACTIVE,xwalk_v1.0.0
HRIS-WKR-007604,PAY-WKR-007371,LE-IE-SYNTH-001,ACTIVE,xwalk_v1.0.0
HRIS-WKR-007605,PAY-WKR-007372,LE-IE-SYNTH-001,ACTIVE,xwalk_v1.0.0
HRIS-WKR-007606,PAY-WKR-007373,LE-IE-SYNTH-001,ACTIVE,xwalk_v1.0.0
HRIS-WKR-007607,PAY-WKR-007374,LE-IE-SYNTH-001,ACTIVE,xwalk_v1.0.0
HRIS-WKR-007608,PAY-WKR-007375,LE-IE-SYNTH-001,ACTIVE,xwalk_v1.0.0
HRIS-WKR-007609,PAY-WKR-007376,LE-IE-SYNTH-001,ACTIVE,xwalk_v1.0.0
HRIS-WKR-007610,PAY-WKR-007377,LE-IE-SYNTH-001,ACTIVE,xwalk_v1.0.0
HRIS-WKR-007611,PAY-WKR-007378,LE-IE-SYNTH-001,ACTIVE,xwalk_v1.0.0
HRIS-WKR-007612,PAY-WKR-007379,LE-IE-SYNTH-001,ACTIVE,xwalk_v1.0.0
HRIS-WKR-007613,PAY-WKR-007380,LE-IE-SYNTH-001,ACTIVE,xwalk_v1.0.0
HRIS-WKR-007614,PAY-WKR-007381,LE-IE-SYNTH-001,ACTIVE,xwalk_v1.0.0
HRIS-WKR-007615,PAY-WKR-007382,LE-IE-SYNTH-001,ACTIVE,xwalk_v1.0.0
HRIS-WKR-007616,PAY-WKR-007383,LE-IE-SYNTH-001,ACTIVE,xwalk_v1.0.0
HRIS-WKR-007617,PAY-WKR-007384,LE-IE-SYNTH-001,ACTIVE,xwalk_v1.0.0
HRIS-WKR-007618,PAY-WKR-007385,LE-IE-SYNTH-001,ACTIVE,xwalk_v1.0.0
HRIS-WKR-007619,PAY-WKR-007386,LE-IE-SYNTH-001,ACTIVE,xwalk_v1.0.0
HRIS-WKR-007620,PAY-WKR-007387,LE-IE-SYNTH-001,ACTIVE,xwalk_v1.0.0
HRIS-WKR-007621,PAY-WKR-007388,LE-IE-SYNTH-001,ACTIVE,xwalk_v1.0.0
HRIS-WKR-007622,PAY-WKR-007389,LE-IE-SYNTH-001,ACTIVE,xwalk_v1.0.0
HRIS-WKR-007623,PAY-WKR-007390,LE-IE-SYNTH-001,ACTIVE,xwalk_v1.0.0
HRIS-WKR-007624,PAY-WKR-007391,LE-IE-SYNTH-001,ACTIVE,xwalk_v1.0.0
HRIS-WKR-007625,PAY-WKR-007392,LE-IE-SYNTH-001,ACTIVE,xwalk_v1.0.0
HRIS-WKR-007626,PAY-WKR-007393,LE-IE-SYNTH-001,ACTIVE,xwalk_v1.0.0
HRIS-WKR-007627,PAY-WKR-007394,LE-IE-SYNTH-001,ACTIVE,xwalk_v1.0.0
HRIS-WKR-007628,PAY-WKR-007395,LE-IE-SYNTH-001,ACTIVE,xwalk_v1.0.0
HRIS-WKR-007629,PAY-WKR-007396,LE-IE-SYNTH-001,ACTIVE,xwalk_v1.0.0
HRIS-WKR-007630,PAY-WKR-007397,LE-IE-SYNTH-001,ACTIVE,xwalk_v1.0.0
HRIS-WKR-007631,PAY-WKR-007398,LE-IE-SYNTH-001,ACTIVE,xwalk_v1.0.0
HRIS-WKR-007632,PAY-WKR-007399,LE-IE-SYNTH-001,ACTIVE,xwalk_v1.0.0
HRIS-WKR-007633,PAY-WKR-007400,LE-IE-SYNTH-001,ACTIVE,xwalk_v1.0.0
HRIS-WKR-007634,PAY-WKR-007401,LE-IE-SYNTH-001,ACTIVE,xwalk_v1.0.0
HRIS-WKR-007635,PAY-WKR-007402,LE-IE-SYNTH-001,ACTIVE,xwalk_v1.0.0
HRIS-WKR-007636,PAY-WKR-007403,LE-IE-SYNTH-001,ACTIVE,xwalk_v1.0.0
HRIS-WKR-007637,PAY-WKR-007404,LE-IE-SYNTH-001,ACTIVE,xwalk_v1.0.0
HRIS-WKR-007638,PAY-WKR-007405,LE-IE-SYNTH-001,ACTIVE,xwalk_v1.0.0
HRIS-WKR-007639,PAY-WKR-007406,LE-IE-SYNTH-001,ACTIVE,xwalk_v1.0.0
HRIS-WKR-007640,PAY-WKR-007407,LE-IE-SYNTH-001,ACTIVE,xwalk_v1.0.0
HRIS-WKR-007641,PAY-WKR-007408,LE-IE-SYNTH-001,ACTIVE,xwalk_v1.0.0
HRIS-WKR-007642,PAY-WKR-007409,LE-IE-SYNTH-001,ACTIVE,xwalk_v1.0.0
HRIS-WKR-007643,PAY-WKR-007410,LE-IE-SYNTH-001,ACTIVE,xwalk_v1.0.0
HRIS-WKR-007644,PAY-WKR-007411,LE-IE-SYNTH-001,ACTIVE,xwalk_v1.0.0
HRIS-WKR-007645,PAY-WKR-007412,LE-IE-SYNTH-001,ACTIVE,xwalk_v1.0.0
HRIS-WKR-007646,PAY-WKR-007413,LE-IE-SYNTH-001,ACTIVE,xwalk_v1.0.0
HRIS-WKR-007647,PAY-WKR-007414,LE-IE-SYNTH-001,ACTIVE,xwalk_v1.0.0
HRIS-WKR-007648,PAY-WKR-007415,LE-IE-SYNTH-001,ACTIVE,xwalk_v1.0.0
HRIS-WKR-007649,PAY-WKR-007416,LE-IE-SYNTH-001,ACTIVE,xwalk_v1.0.0
HRIS-WKR-007650,PAY-WKR-007417,LE-IE-SYNTH-001,ACTIVE,xwalk_v1.0.0
HRIS-WKR-007651,PAY-WKR-007418,LE-IE-SYNTH-001,ACTIVE,xwalk_v1.0.0
HRIS-WKR-007652,PAY-WKR-007419,LE-IE-SYNTH-001,ACTIVE,xwalk_v1.0.0
HRIS-WKR-007653,PAY-WKR-007420,LE-IE-SYNTH-001,ACTIVE,xwalk_v1.0.0
HRIS-WKR-007654,PAY-WKR-007421,LE-IE-SYNTH-001,ACTIVE,xwalk_v1.0.0
HRIS-WKR-007655,PAY-WKR-007422,LE-IE-SYNTH-001,ACTIVE,xwalk_v1.0.0
HRIS-WKR-007656,PAY-WKR-007423,LE-IE-SYNTH-001,ACTIVE,xwalk_v1.0.0
HRIS-WKR-007657,PAY-WKR-007424,LE-IE-SYNTH-001,ACTIVE,xwalk_v1.0.0
HRIS-WKR-007658,PAY-WKR-007425,LE-IE-SYNTH-001,ACTIVE,xwalk_v1.0.0
HRIS-WKR-007659,PAY-WKR-007426,LE-IE-SYNTH-001,ACTIVE,xwalk_v1.0.0
HRIS-WKR-007660,PAY-WKR-007427,LE-IE-SYNTH-001,ACTIVE,xwalk_v1.0.0
HRIS-WKR-007661,PAY-WKR-007428,LE-IE-SYNTH-001,ACTIVE,xwalk_v1.0.0
HRIS-WKR-007662,PAY-WKR-007429,LE-IE-SYNTH-001,ACTIVE,xwalk_v1.0.0
HRIS-WKR-007663,PAY-WKR-007430,LE-IE-SYNTH-001,ACTIVE,xwalk_v1.0.0
HRIS-WKR-007664,PAY-WKR-007431,LE-IE-SYNTH-001,ACTIVE,xwalk_v1.0.0
HRIS-WKR-007665,PAY-WKR-007432,LE-IE-SYNTH-001,ACTIVE,xwalk_v1.0.0
HRIS-WKR-007666,PAY-WKR-007433,LE-IE-SYNTH-001,ACTIVE,xwalk_v1.0.0
HRIS-WKR-007667,PAY-WKR-007434,LE-IE-SYNTH-001,ACTIVE,xwalk_v1.0.0
HRIS-WKR-007668,PAY-WKR-007435,LE-IE-SYNTH-001,ACTIVE,xwalk_v1.0.0
HRIS-WKR-007669,PAY-WKR-007436,LE-IE-SYNTH-001,ACTIVE,xwalk_v1.0.0
HRIS-WKR-007670,PAY-WKR-007437,LE-IE-SYNTH-001,ACTIVE,xwalk_v1.0.0
HRIS-WKR-007671,PAY-WKR-007438,LE-IE-SYNTH-001,ACTIVE,xwalk_v1.0.0
HRIS-WKR-007672,PAY-WKR-007439,LE-IE-SYNTH-001,ACTIVE,xwalk_v1.0.0
HRIS-WKR-007673,PAY-WKR-007440,LE-IE-SYNTH-001,ACTIVE,xwalk_v1.0.0
HRIS-WKR-007674,PAY-WKR-007441,LE-IE-SYNTH-001,ACTIVE,xwalk_v1.0.0
HRIS-WKR-007675,PAY-WKR-007442,LE-IE-SYNTH-001,ACTIVE,xwalk_v1.0.0
HRIS-WKR-007676,PAY-WKR-007443,LE-IE-SYNTH-001,ACTIVE,xwalk_v1.0.0
HRIS-WKR-007677,PAY-WKR-007444,LE-IE-SYNTH-001,ACTIVE,xwalk_v1.0.0
HRIS-WKR-007678,PAY-WKR-007445,LE-IE-SYNTH-001,ACTIVE,xwalk_v1.0.0
HRIS-WKR-007679,PAY-WKR-007446,LE-IE-SYNTH-001,ACTIVE,xwalk_v1.0.0
HRIS-WKR-007680,PAY-WKR-007447,LE-IE-SYNTH-001,ACTIVE,xwalk_v1.0.0
HRIS-WKR-007681,PAY-WKR-007448,LE-IE-SYNTH-001,ACTIVE,xwalk_v1.0.0
HRIS-WKR-007682,PAY-WKR-007449,LE-IE-SYNTH-001,ACTIVE,xwalk_v1.0.0
HRIS-WKR-007683,PAY-WKR-007450,LE-IE-SYNTH-001,ACTIVE,xwalk_v1.0.0
HRIS-WKR-007684,PAY-WKR-007451,LE-IE-SYNTH-001,ACTIVE,xwalk_v1.0.0
HRIS-WKR-007685,PAY-WKR-007452,LE-IE-SYNTH-001,ACTIVE,xwalk_v1.0.0
HRIS-WKR-007686,PAY-WKR-007453,LE-IE-SYNTH-001,ACTIVE,xwalk_v1.0.0
HRIS-WKR-007687,PAY-WKR-007454,LE-IE-SYNTH-001,ACTIVE,xwalk_v1.0.0
HRIS-WKR-007688,PAY-WKR-007455,LE-IE-SYNTH-001,ACTIVE,xwalk_v1.0.0
HRIS-WKR-007689,PAY-WKR-007456,LE-IE-SYNTH-001,ACTIVE,xwalk_v1.0.0
HRIS-WKR-007690,PAY-WKR-007457,LE-IE-SYNTH-001,ACTIVE,xwalk_v1.0.0
HRIS-WKR-007691,PAY-WKR-007458,LE-IE-SYNTH-001,ACTIVE,xwalk_v1.0.0
HRIS-WKR-007692,PAY-WKR-007459,LE-IE-SYNTH-001,ACTIVE,xwalk_v1.0.0
HRIS-WKR-007693,PAY-WKR-007460,LE-IE-SYNTH-001,ACTIVE,xwalk_v1.0.0
HRIS-WKR-007694,PAY-WKR-007461,LE-IE-SYNTH-001,ACTIVE,xwalk_v1.0.0
HRIS-WKR-007695,PAY-WKR-007462,LE-IE-SYNTH-001,ACTIVE,xwalk_v1.0.0
HRIS-WKR-007696,PAY-WKR-007463,LE-IE-SYNTH-001,ACTIVE,xwalk_v1.0.0
HRIS-WKR-007697,PAY-WKR-007464,LE-IE-SYNTH-001,ACTIVE,xwalk_v1.0.0
HRIS-WKR-007698,PAY-WKR-007465,LE-IE-SYNTH-001,ACTIVE,xwalk_v1.0.0
HRIS-WKR-007699,PAY-WKR-007466,LE-IE-SYNTH-001,ACTIVE,xwalk_v1.0.0
HRIS-WKR-007700,PAY-WKR-007467,LE-IE-SYNTH-001,ACTIVE,xwalk_v1.0.0
HRIS-WKR-007701,PAY-WKR-007468,LE-IE-SYNTH-001,ACTIVE,xwalk_v1.0.0
HRIS-WKR-007702,PAY-WKR-007469,LE-IE-SYNTH-001,ACTIVE,xwalk_v1.0.0
HRIS-WKR-007703,PAY-WKR-007470,LE-IE-SYNTH-001,ACTIVE,xwalk_v1.0.0
HRIS-WKR-007704,PAY-WKR-007471,LE-IE-SYNTH-001,ACTIVE,xwalk_v1.0.0
HRIS-WKR-007705,PAY-WKR-007472,LE-IE-SYNTH-001,ACTIVE,xwalk_v1.0.0
HRIS-WKR-007706,PAY-WKR-007473,LE-IE-SYNTH-001,ACTIVE,xwalk_v1.0.0
HRIS-WKR-007707,PAY-WKR-007474,LE-IE-SYNTH-001,ACTIVE,xwalk_v1.0.0
HRIS-WKR-007708,,LE-IE-SYNTH-001,MISSING,xwalk_v1.0.0
HRIS-WKR-007709,PAY-WKR-007475,LE-IE-SYNTH-001,ACTIVE,xwalk_v1.0.0
HRIS-WKR-007710,PAY-WKR-007476,LE-IE-SYNTH-001,ACTIVE,xwalk_v1.0.0
HRIS-WKR-007711,PAY-WKR-007477,LE-IE-SYNTH-001,ACTIVE,xwalk_v1.0.0
HRIS-WKR-007712,PAY-WKR-007478,LE-IE-SYNTH-001,ACTIVE,xwalk_v1.0.0
HRIS-WKR-007713,PAY-WKR-007479,LE-IE-SYNTH-001,ACTIVE,xwalk_v1.0.0
HRIS-WKR-007714,PAY-WKR-007480,LE-IE-SYNTH-001,ACTIVE,xwalk_v1.0.0
HRIS-WKR-007715,PAY-WKR-007481,LE-IE-SYNTH-001,ACTIVE,xwalk_v1.0.0
HRIS-WKR-007716,PAY-WKR-007482,LE-IE-SYNTH-001,ACTIVE,xwalk_v1.0.0
HRIS-WKR-007717,PAY-WKR-007483,LE-IE-SYNTH-001,ACTIVE,xwalk_v1.0.0
HRIS-WKR-007718,PAY-WKR-007484,LE-IE-SYNTH-001,ACTIVE,xwalk_v1.0.0
HRIS-WKR-007719,PAY-WKR-007485,LE-IE-SYNTH-001,ACTIVE,xwalk_v1.0.0
HRIS-WKR-007720,PAY-WKR-007486,LE-IE-SYNTH-001,ACTIVE,xwalk_v1.0.0
HRIS-WKR-007721,PAY-WKR-007487,LE-IE-SYNTH-001,ACTIVE,xwalk_v1.0.0
HRIS-WKR-007722,PAY-WKR-007488,LE-IE-SYNTH-001,ACTIVE,xwalk_v1.0.0
HRIS-WKR-007723,PAY-WKR-007489,LE-IE-SYNTH-001,ACTIVE,xwalk_v1.0.0
HRIS-WKR-007724,PAY-WKR-007490,LE-IE-SYNTH-001,ACTIVE,xwalk_v1.0.0
HRIS-WKR-007725,PAY-WKR-007491,LE-IE-SYNTH-001,ACTIVE,xwalk_v1.0.0
HRIS-WKR-007726,PAY-WKR-007492,LE-IE-SYNTH-001,ACTIVE,xwalk_v1.0.0
HRIS-WKR-007727,PAY-WKR-007493,LE-IE-SYNTH-001,ACTIVE,xwalk_v1.0.0
HRIS-WKR-007728,PAY-WKR-007494,LE-IE-SYNTH-001,ACTIVE,xwalk_v1.0.0
HRIS-WKR-007729,PAY-WKR-007495,LE-IE-SYNTH-001,ACTIVE,xwalk_v1.0.0
HRIS-WKR-007730,PAY-WKR-007496,LE-IE-SYNTH-001,ACTIVE,xwalk_v1.0.0
HRIS-WKR-007731,PAY-WKR-007497,LE-IE-SYNTH-001,ACTIVE,xwalk_v1.0.0
HRIS-WKR-007732,PAY-WKR-007498,LE-IE-SYNTH-001,ACTIVE,xwalk_v1.0.0
HRIS-WKR-007733,PAY-WKR-007499,LE-IE-SYNTH-001,ACTIVE,xwalk_v1.0.0
HRIS-WKR-007734,PAY-WKR-007500,LE-IE-SYNTH-001,ACTIVE,xwalk_v1.0.0
HRIS-WKR-007735,PAY-WKR-007501,LE-IE-SYNTH-001,ACTIVE,xwalk_v1.0.0
HRIS-WKR-007736,PAY-WKR-007502,LE-IE-SYNTH-001,ACTIVE,xwalk_v1.0.0
HRIS-WKR-007737,PAY-WKR-007503,LE-IE-SYNTH-001,ACTIVE,xwalk_v1.0.0
HRIS-WKR-007738,PAY-WKR-007504,LE-IE-SYNTH-001,ACTIVE,xwalk_v1.0.0
HRIS-WKR-007739,PAY-WKR-007505,LE-IE-SYNTH-001,ACTIVE,xwalk_v1.0.0
HRIS-WKR-007740,PAY-WKR-007506,LE-IE-SYNTH-001,ACTIVE,xwalk_v1.0.0
HRIS-WKR-007741,PAY-WKR-007507,LE-IE-SYNTH-001,ACTIVE,xwalk_v1.0.0
HRIS-WKR-007742,PAY-WKR-007508,LE-IE-SYNTH-001,ACTIVE,xwalk_v1.0.0
HRIS-WKR-007743,PAY-WKR-007509,LE-IE-SYNTH-001,ACTIVE,xwalk_v1.0.0
HRIS-WKR-007744,PAY-WKR-007510,LE-IE-SYNTH-001,ACTIVE,xwalk_v1.0.0
HRIS-WKR-007745,PAY-WKR-007511,LE-IE-SYNTH-001,ACTIVE,xwalk_v1.0.0
HRIS-WKR-007746,PAY-WKR-007512,LE-IE-SYNTH-001,ACTIVE,xwalk_v1.0.0
HRIS-WKR-007747,PAY-WKR-007513,LE-IE-SYNTH-001,ACTIVE,xwalk_v1.0.0
HRIS-WKR-007748,PAY-WKR-007514,LE-IE-SYNTH-001,ACTIVE,xwalk_v1.0.0
HRIS-WKR-007749,PAY-WKR-007515,LE-IE-SYNTH-001,ACTIVE,xwalk_v1.0.0
HRIS-WKR-007750,PAY-WKR-007516,LE-IE-SYNTH-001,ACTIVE,xwalk_v1.0.0
HRIS-WKR-007751,PAY-WKR-007517,LE-IE-SYNTH-001,ACTIVE,xwalk_v1.0.0
HRIS-WKR-007752,PAY-WKR-007518,LE-IE-SYNTH-001,ACTIVE,xwalk_v1.0.0
HRIS-WKR-007753,PAY-WKR-007519,LE-IE-SYNTH-001,ACTIVE,xwalk_v1.0.0
HRIS-WKR-007754,PAY-WKR-007520,LE-IE-SYNTH-001,ACTIVE,xwalk_v1.0.0
HRIS-WKR-007755,PAY-WKR-007521,LE-IE-SYNTH-001,ACTIVE,xwalk_v1.0.0
HRIS-WKR-007756,PAY-WKR-007522,LE-IE-SYNTH-001,ACTIVE,xwalk_v1.0.0
HRIS-WKR-007757,PAY-WKR-007523,LE-IE-SYNTH-001,ACTIVE,xwalk_v1.0.0
HRIS-WKR-007758,PAY-WKR-007524,LE-IE-SYNTH-001,ACTIVE,xwalk_v1.0.0
HRIS-WKR-007759,PAY-WKR-007525,LE-IE-SYNTH-001,ACTIVE,xwalk_v1.0.0
HRIS-WKR-007760,PAY-WKR-007526,LE-IE-SYNTH-001,ACTIVE,xwalk_v1.0.0
HRIS-WKR-007761,PAY-WKR-007527,LE-IE-SYNTH-001,ACTIVE,xwalk_v1.0.0
HRIS-WKR-007762,PAY-WKR-007528,LE-IE-SYNTH-001,ACTIVE,xwalk_v1.0.0
HRIS-WKR-007763,PAY-WKR-007529,LE-IE-SYNTH-001,ACTIVE,xwalk_v1.0.0
HRIS-WKR-007764,,LE-IE-SYNTH-001,MISSING,xwalk_v1.0.0
HRIS-WKR-007765,PAY-WKR-007530,LE-IE-SYNTH-001,ACTIVE,xwalk_v1.0.0
HRIS-WKR-007766,PAY-WKR-007531,LE-IE-SYNTH-001,ACTIVE,xwalk_v1.0.0
HRIS-WKR-007767,PAY-WKR-007532,LE-IE-SYNTH-001,ACTIVE,xwalk_v1.0.0
HRIS-WKR-007768,PAY-WKR-007533,LE-IE-SYNTH-001,ACTIVE,xwalk_v1.0.0
HRIS-WKR-007769,PAY-WKR-007534,LE-IE-SYNTH-001,ACTIVE,xwalk_v1.0.0
HRIS-WKR-007770,PAY-WKR-007535,LE-IE-SYNTH-001,ACTIVE,xwalk_v1.0.0
HRIS-WKR-007771,PAY-WKR-007536,LE-IE-SYNTH-001,ACTIVE,xwalk_v1.0.0
HRIS-WKR-007772,PAY-WKR-007537,LE-IE-SYNTH-001,ACTIVE,xwalk_v1.0.0
HRIS-WKR-007773,PAY-WKR-007538,LE-IE-SYNTH-001,ACTIVE,xwalk_v1.0.0
HRIS-WKR-007774,PAY-WKR-007539,LE-IE-SYNTH-001,ACTIVE,xwalk_v1.0.0
HRIS-WKR-007775,PAY-WKR-007540,LE-IE-SYNTH-001,ACTIVE,xwalk_v1.0.0
HRIS-WKR-007776,PAY-WKR-007541,LE-IE-SYNTH-001,ACTIVE,xwalk_v1.0.0
HRIS-WKR-007777,PAY-WKR-007542,LE-IE-SYNTH-001,ACTIVE,xwalk_v1.0.0
HRIS-WKR-007778,PAY-WKR-007543,LE-IE-SYNTH-001,ACTIVE,xwalk_v1.0.0
HRIS-WKR-007779,PAY-WKR-007544,LE-IE-SYNTH-001,ACTIVE,xwalk_v1.0.0
HRIS-WKR-007780,PAY-WKR-007545,LE-IE-SYNTH-001,ACTIVE,xwalk_v1.0.0
HRIS-WKR-007781,PAY-WKR-007546,LE-IE-SYNTH-001,ACTIVE,xwalk_v1.0.0
HRIS-WKR-007782,PAY-WKR-007547,LE-IE-SYNTH-001,ACTIVE,xwalk_v1.0.0
HRIS-WKR-007783,PAY-WKR-007548,LE-IE-SYNTH-001,ACTIVE,xwalk_v1.0.0
HRIS-WKR-007784,PAY-WKR-007549,LE-IE-SYNTH-001,ACTIVE,xwalk_v1.0.0
HRIS-WKR-007785,PAY-WKR-007550,LE-IE-SYNTH-001,ACTIVE,xwalk_v1.0.0
HRIS-WKR-007786,PAY-WKR-007551,LE-IE-SYNTH-001,ACTIVE,xwalk_v1.0.0
HRIS-WKR-007787,PAY-WKR-007552,LE-IE-SYNTH-001,ACTIVE,xwalk_v1.0.0
HRIS-WKR-007788,PAY-WKR-007553,LE-IE-SYNTH-001,ACTIVE,xwalk_v1.0.0
HRIS-WKR-007789,PAY-WKR-007554,LE-IE-SYNTH-001,ACTIVE,xwalk_v1.0.0
HRIS-WKR-007790,PAY-WKR-007555,LE-IE-SYNTH-001,ACTIVE,xwalk_v1.0.0
HRIS-WKR-007791,PAY-WKR-007556,LE-IE-SYNTH-001,ACTIVE,xwalk_v1.0.0
HRIS-WKR-007792,PAY-WKR-007557,LE-IE-SYNTH-001,ACTIVE,xwalk_v1.0.0
HRIS-WKR-007793,PAY-WKR-007558,LE-IE-SYNTH-001,ACTIVE,xwalk_v1.0.0
HRIS-WKR-007794,PAY-WKR-007559,LE-IE-SYNTH-001,ACTIVE,xwalk_v1.0.0
HRIS-WKR-007795,PAY-WKR-007560,LE-IE-SYNTH-001,ACTIVE,xwalk_v1.0.0
HRIS-WKR-007796,PAY-WKR-007561,LE-IE-SYNTH-001,ACTIVE,xwalk_v1.0.0
HRIS-WKR-007797,PAY-WKR-007562,LE-IE-SYNTH-001,ACTIVE,xwalk_v1.0.0
HRIS-WKR-007798,PAY-WKR-007563,LE-IE-SYNTH-001,ACTIVE,xwalk_v1.0.0
HRIS-WKR-007799,PAY-WKR-007564,LE-IE-SYNTH-001,ACTIVE,xwalk_v1.0.0
HRIS-WKR-007800,PAY-WKR-007565,LE-IE-SYNTH-001,ACTIVE,xwalk_v1.0.0
HRIS-WKR-007801,PAY-WKR-007566,LE-IE-SYNTH-001,ACTIVE,xwalk_v1.0.0
HRIS-WKR-007802,PAY-WKR-007567,LE-IE-SYNTH-001,ACTIVE,xwalk_v1.0.0
HRIS-WKR-007803,PAY-WKR-007568,LE-IE-SYNTH-001,ACTIVE,xwalk_v1.0.0
HRIS-WKR-007804,PAY-WKR-007569,LE-IE-SYNTH-001,ACTIVE,xwalk_v1.0.0
HRIS-WKR-007805,PAY-WKR-007570,LE-IE-SYNTH-001,ACTIVE,xwalk_v1.0.0
HRIS-WKR-007806,PAY-WKR-007571,LE-IE-SYNTH-001,ACTIVE,xwalk_v1.0.0
HRIS-WKR-007807,PAY-WKR-007572,LE-IE-SYNTH-001,ACTIVE,xwalk_v1.0.0
HRIS-WKR-007808,PAY-WKR-007573,LE-IE-SYNTH-001,ACTIVE,xwalk_v1.0.0
HRIS-WKR-007809,PAY-WKR-007574,LE-IE-SYNTH-001,ACTIVE,xwalk_v1.0.0
HRIS-WKR-007810,PAY-WKR-007575,LE-IE-SYNTH-001,ACTIVE,xwalk_v1.0.0
HRIS-WKR-007811,PAY-WKR-007576,LE-IE-SYNTH-001,ACTIVE,xwalk_v1.0.0
HRIS-WKR-007812,PAY-WKR-007577,LE-IE-SYNTH-001,ACTIVE,xwalk_v1.0.0
HRIS-WKR-007813,PAY-WKR-007578,LE-IE-SYNTH-001,ACTIVE,xwalk_v1.0.0
HRIS-WKR-007814,PAY-WKR-007579,LE-IE-SYNTH-001,ACTIVE,xwalk_v1.0.0
HRIS-WKR-007815,PAY-WKR-007580,LE-IE-SYNTH-001,ACTIVE,xwalk_v1.0.0
HRIS-WKR-007816,PAY-WKR-007581,LE-IE-SYNTH-001,ACTIVE,xwalk_v1.0.0
HRIS-WKR-007817,PAY-WKR-007582,LE-IE-SYNTH-001,ACTIVE,xwalk_v1.0.0
HRIS-WKR-007818,PAY-WKR-007583,LE-IE-SYNTH-001,ACTIVE,xwalk_v1.0.0
HRIS-WKR-007819,PAY-WKR-007584,LE-IE-SYNTH-001,ACTIVE,xwalk_v1.0.0
HRIS-WKR-007820,PAY-WKR-007585,LE-IE-SYNTH-001,ACTIVE,xwalk_v1.0.0
HRIS-WKR-007821,PAY-WKR-007586,LE-IE-SYNTH-001,ACTIVE,xwalk_v1.0.0
HRIS-WKR-007822,PAY-WKR-007587,LE-IE-SYNTH-001,ACTIVE,xwalk_v1.0.0
HRIS-WKR-007823,PAY-WKR-007588,LE-IE-SYNTH-001,ACTIVE,xwalk_v1.0.0
HRIS-WKR-007824,PAY-WKR-007589,LE-IE-SYNTH-001,ACTIVE,xwalk_v1.0.0
HRIS-WKR-007825,PAY-WKR-007590,LE-IE-SYNTH-001,ACTIVE,xwalk_v1.0.0
HRIS-WKR-007826,PAY-WKR-007591,LE-IE-SYNTH-001,ACTIVE,xwalk_v1.0.0
HRIS-WKR-007827,PAY-WKR-007592,LE-IE-SYNTH-001,ACTIVE,xwalk_v1.0.0
HRIS-WKR-007828,PAY-WKR-007593,LE-IE-SYNTH-001,ACTIVE,xwalk_v1.0.0
HRIS-WKR-007829,PAY-WKR-007594,LE-IE-SYNTH-001,ACTIVE,xwalk_v1.0.0
HRIS-WKR-007830,PAY-WKR-007595,LE-IE-SYNTH-001,ACTIVE,xwalk_v1.0.0
HRIS-WKR-007831,PAY-WKR-007596,LE-IE-SYNTH-001,ACTIVE,xwalk_v1.0.0
HRIS-WKR-007832,PAY-WKR-007597,LE-IE-SYNTH-001,ACTIVE,xwalk_v1.0.0
HRIS-WKR-007833,PAY-WKR-007598,LE-IE-SYNTH-001,ACTIVE,xwalk_v1.0.0
HRIS-WKR-007834,PAY-WKR-007599,LE-IE-SYNTH-001,ACTIVE,xwalk_v1.0.0
HRIS-WKR-007835,PAY-WKR-007600,LE-IE-SYNTH-001,ACTIVE,xwalk_v1.0.0
HRIS-WKR-007836,PAY-WKR-007601,LE-IE-SYNTH-001,ACTIVE,xwalk_v1.0.0
HRIS-WKR-007837,,LE-IE-SYNTH-001,MISSING,xwalk_v1.0.0
HRIS-WKR-007838,PAY-WKR-007602,LE-IE-SYNTH-001,ACTIVE,xwalk_v1.0.0
HRIS-WKR-007839,PAY-WKR-007603,LE-IE-SYNTH-001,ACTIVE,xwalk_v1.0.0
HRIS-WKR-007840,PAY-WKR-007604,LE-IE-SYNTH-001,ACTIVE,xwalk_v1.0.0
HRIS-WKR-007841,PAY-WKR-007605,LE-IE-SYNTH-001,ACTIVE,xwalk_v1.0.0
HRIS-WKR-007842,PAY-WKR-007606,LE-IE-SYNTH-001,ACTIVE,xwalk_v1.0.0
HRIS-WKR-007843,PAY-WKR-007607,LE-IE-SYNTH-001,ACTIVE,xwalk_v1.0.0
HRIS-WKR-007844,PAY-WKR-007608,LE-IE-SYNTH-001,ACTIVE,xwalk_v1.0.0
HRIS-WKR-007845,PAY-WKR-007609,LE-IE-SYNTH-001,ACTIVE,xwalk_v1.0.0
HRIS-WKR-007846,PAY-WKR-007610,LE-IE-SYNTH-001,ACTIVE,xwalk_v1.0.0
HRIS-WKR-007847,PAY-WKR-007611,LE-IE-SYNTH-001,ACTIVE,xwalk_v1.0.0
HRIS-WKR-007848,PAY-WKR-007612,LE-IE-SYNTH-001,ACTIVE,xwalk_v1.0.0
HRIS-WKR-007849,PAY-WKR-007613,LE-IE-SYNTH-001,ACTIVE,xwalk_v1.0.0
HRIS-WKR-007850,PAY-WKR-007614,LE-IE-SYNTH-001,ACTIVE,xwalk_v1.0.0
HRIS-WKR-007851,PAY-WKR-007615,LE-IE-SYNTH-001,ACTIVE,xwalk_v1.0.0
HRIS-WKR-007852,PAY-WKR-007616,LE-IE-SYNTH-001,ACTIVE,xwalk_v1.0.0
HRIS-WKR-007853,PAY-WKR-007617,LE-IE-SYNTH-001,ACTIVE,xwalk_v1.0.0
HRIS-WKR-007854,PAY-WKR-007618,LE-IE-SYNTH-001,ACTIVE,xwalk_v1.0.0
HRIS-WKR-007855,PAY-WKR-007619,LE-IE-SYNTH-001,ACTIVE,xwalk_v1.0.0
HRIS-WKR-007856,PAY-WKR-007620,LE-IE-SYNTH-001,ACTIVE,xwalk_v1.0.0
HRIS-WKR-007857,PAY-WKR-007621,LE-IE-SYNTH-001,ACTIVE,xwalk_v1.0.0
HRIS-WKR-007858,PAY-WKR-007622,LE-IE-SYNTH-001,ACTIVE,xwalk_v1.0.0
HRIS-WKR-007859,PAY-WKR-007623,LE-IE-SYNTH-001,ACTIVE,xwalk_v1.0.0
HRIS-WKR-007860,PAY-WKR-007624,LE-IE-SYNTH-001,ACTIVE,xwalk_v1.0.0
HRIS-WKR-007861,PAY-WKR-007625,LE-IE-SYNTH-001,ACTIVE,xwalk_v1.0.0
HRIS-WKR-007862,PAY-WKR-007626,LE-IE-SYNTH-001,ACTIVE,xwalk_v1.0.0
HRIS-WKR-007863,PAY-WKR-007627,LE-IE-SYNTH-001,ACTIVE,xwalk_v1.0.0
HRIS-WKR-007864,PAY-WKR-007628,LE-IE-SYNTH-001,ACTIVE,xwalk_v1.0.0
HRIS-WKR-007865,PAY-WKR-007629,LE-IE-SYNTH-001,ACTIVE,xwalk_v1.0.0
HRIS-WKR-007866,PAY-WKR-007630,LE-IE-SYNTH-001,ACTIVE,xwalk_v1.0.0
HRIS-WKR-007867,PAY-WKR-007631,LE-IE-SYNTH-001,ACTIVE,xwalk_v1.0.0
HRIS-WKR-007868,PAY-WKR-007632,LE-IE-SYNTH-001,ACTIVE,xwalk_v1.0.0
HRIS-WKR-007869,PAY-WKR-007633,LE-IE-SYNTH-001,ACTIVE,xwalk_v1.0.0
HRIS-WKR-007870,PAY-WKR-007634,LE-IE-SYNTH-001,ACTIVE,xwalk_v1.0.0
HRIS-WKR-007871,PAY-WKR-007635,LE-IE-SYNTH-001,ACTIVE,xwalk_v1.0.0
HRIS-WKR-007872,PAY-WKR-007636,LE-IE-SYNTH-001,ACTIVE,xwalk_v1.0.0
HRIS-WKR-007873,PAY-WKR-007637,LE-IE-SYNTH-001,ACTIVE,xwalk_v1.0.0
HRIS-WKR-007874,PAY-WKR-007638,LE-IE-SYNTH-001,ACTIVE,xwalk_v1.0.0
HRIS-WKR-007875,PAY-WKR-007639,LE-IE-SYNTH-001,ACTIVE,xwalk_v1.0.0
HRIS-WKR-007876,PAY-WKR-007640,LE-IE-SYNTH-001,ACTIVE,xwalk_v1.0.0
HRIS-WKR-007877,PAY-WKR-007641,LE-IE-SYNTH-001,ACTIVE,xwalk_v1.0.0
HRIS-WKR-007878,PAY-WKR-007642,LE-IE-SYNTH-001,ACTIVE,xwalk_v1.0.0
HRIS-WKR-007879,PAY-WKR-007643,LE-IE-SYNTH-001,ACTIVE,xwalk_v1.0.0
HRIS-WKR-007880,PAY-WKR-007644,LE-IE-SYNTH-001,ACTIVE,xwalk_v1.0.0
HRIS-WKR-007881,PAY-WKR-007645,LE-IE-SYNTH-001,ACTIVE,xwalk_v1.0.0
HRIS-WKR-007882,PAY-WKR-007646,LE-IE-SYNTH-001,ACTIVE,xwalk_v1.0.0
HRIS-WKR-007883,PAY-WKR-007647,LE-IE-SYNTH-001,ACTIVE,xwalk_v1.0.0
HRIS-WKR-007884,PAY-WKR-007648,LE-IE-SYNTH-001,ACTIVE,xwalk_v1.0.0
HRIS-WKR-007885,PAY-WKR-007649,LE-IE-SYNTH-001,ACTIVE,xwalk_v1.0.0
HRIS-WKR-007886,PAY-WKR-007650,LE-IE-SYNTH-001,ACTIVE,xwalk_v1.0.0
HRIS-WKR-007887,PAY-WKR-007651,LE-IE-SYNTH-001,ACTIVE,xwalk_v1.0.0
HRIS-WKR-007888,PAY-WKR-007652,LE-IE-SYNTH-001,ACTIVE,xwalk_v1.0.0
HRIS-WKR-007889,PAY-WKR-007653,LE-IE-SYNTH-001,ACTIVE,xwalk_v1.0.0
HRIS-WKR-007890,PAY-WKR-007654,LE-IE-SYNTH-001,ACTIVE,xwalk_v1.0.0
HRIS-WKR-007891,PAY-WKR-007655,LE-IE-SYNTH-001,ACTIVE,xwalk_v1.0.0
HRIS-WKR-007892,PAY-WKR-007656,LE-IE-SYNTH-001,ACTIVE,xwalk_v1.0.0
HRIS-WKR-007893,PAY-WKR-007657,LE-IE-SYNTH-001,ACTIVE,xwalk_v1.0.0
HRIS-WKR-007894,PAY-WKR-007658,LE-IE-SYNTH-001,ACTIVE,xwalk_v1.0.0
HRIS-WKR-007895,PAY-WKR-007659,LE-IE-SYNTH-001,ACTIVE,xwalk_v1.0.0
HRIS-WKR-007896,PAY-WKR-007660,LE-IE-SYNTH-001,ACTIVE,xwalk_v1.0.0
HRIS-WKR-007897,PAY-WKR-007661,LE-IE-SYNTH-001,ACTIVE,xwalk_v1.0.0
HRIS-WKR-007898,PAY-WKR-007662,LE-IE-SYNTH-001,ACTIVE,xwalk_v1.0.0
HRIS-WKR-007899,PAY-WKR-007663,LE-IE-SYNTH-001,ACTIVE,xwalk_v1.0.0
HRIS-WKR-007900,PAY-WKR-007664,LE-IE-SYNTH-001,ACTIVE,xwalk_v1.0.0
HRIS-WKR-007901,PAY-WKR-007665,LE-IE-SYNTH-001,ACTIVE,xwalk_v1.0.0
HRIS-WKR-007902,PAY-WKR-007666,LE-IE-SYNTH-001,ACTIVE,xwalk_v1.0.0
HRIS-WKR-007903,PAY-WKR-007667,LE-IE-SYNTH-001,ACTIVE,xwalk_v1.0.0
HRIS-WKR-007904,PAY-WKR-007668,LE-IE-SYNTH-001,ACTIVE,xwalk_v1.0.0
HRIS-WKR-007905,PAY-WKR-007669,LE-IE-SYNTH-001,ACTIVE,xwalk_v1.0.0
HRIS-WKR-007906,PAY-WKR-007670,LE-IE-SYNTH-001,ACTIVE,xwalk_v1.0.0
HRIS-WKR-007907,PAY-WKR-007671,LE-IE-SYNTH-001,ACTIVE,xwalk_v1.0.0
HRIS-WKR-007908,PAY-WKR-007672,LE-IE-SYNTH-001,ACTIVE,xwalk_v1.0.0
HRIS-WKR-007909,PAY-WKR-007673,LE-IE-SYNTH-001,ACTIVE,xwalk_v1.0.0
HRIS-WKR-007910,PAY-WKR-007674,LE-IE-SYNTH-001,ACTIVE,xwalk_v1.0.0
HRIS-WKR-007911,PAY-WKR-007675,LE-IE-SYNTH-001,ACTIVE,xwalk_v1.0.0
HRIS-WKR-007912,PAY-WKR-007676,LE-IE-SYNTH-001,ACTIVE,xwalk_v1.0.0
HRIS-WKR-007913,PAY-WKR-007677,LE-IE-SYNTH-001,ACTIVE,xwalk_v1.0.0
HRIS-WKR-007914,PAY-WKR-007678,LE-IE-SYNTH-001,ACTIVE,xwalk_v1.0.0
HRIS-WKR-007915,PAY-WKR-007679,LE-IE-SYNTH-001,ACTIVE,xwalk_v1.0.0
HRIS-WKR-007916,PAY-WKR-007680,LE-IE-SYNTH-001,ACTIVE,xwalk_v1.0.0
HRIS-WKR-007917,PAY-WKR-007681,LE-IE-SYNTH-001,ACTIVE,xwalk_v1.0.0
HRIS-WKR-007918,PAY-WKR-007682,LE-IE-SYNTH-001,ACTIVE,xwalk_v1.0.0
HRIS-WKR-007919,PAY-WKR-007683,LE-IE-SYNTH-001,ACTIVE,xwalk_v1.0.0
HRIS-WKR-007920,PAY-WKR-007684,LE-IE-SYNTH-001,ACTIVE,xwalk_v1.0.0
HRIS-WKR-007921,PAY-WKR-007685,LE-IE-SYNTH-001,ACTIVE,xwalk_v1.0.0
HRIS-WKR-007922,PAY-WKR-007686,LE-IE-SYNTH-001,ACTIVE,xwalk_v1.0.0
HRIS-WKR-007923,PAY-WKR-007687,LE-IE-SYNTH-001,ACTIVE,xwalk_v1.0.0
HRIS-WKR-007924,PAY-WKR-007688,LE-IE-SYNTH-001,ACTIVE,xwalk_v1.0.0
HRIS-WKR-007925,PAY-WKR-007689,LE-IE-SYNTH-001,ACTIVE,xwalk_v1.0.0
HRIS-WKR-007926,PAY-WKR-007690,LE-IE-SYNTH-001,ACTIVE,xwalk_v1.0.0
HRIS-WKR-007927,PAY-WKR-007691,LE-IE-SYNTH-001,ACTIVE,xwalk_v1.0.0
HRIS-WKR-007928,PAY-WKR-007692,LE-IE-SYNTH-001,ACTIVE,xwalk_v1.0.0
HRIS-WKR-007929,PAY-WKR-007693,LE-IE-SYNTH-001,ACTIVE,xwalk_v1.0.0
HRIS-WKR-007930,PAY-WKR-007694,LE-IE-SYNTH-001,ACTIVE,xwalk_v1.0.0
HRIS-WKR-007931,PAY-WKR-007695,LE-IE-SYNTH-001,ACTIVE,xwalk_v1.0.0
HRIS-WKR-007932,,LE-IE-SYNTH-001,MISSING,xwalk_v1.0.0
HRIS-WKR-007933,PAY-WKR-007696,LE-IE-SYNTH-001,ACTIVE,xwalk_v1.0.0
HRIS-WKR-007934,PAY-WKR-007697,LE-IE-SYNTH-001,ACTIVE,xwalk_v1.0.0
HRIS-WKR-007935,PAY-WKR-007698,LE-IE-SYNTH-001,ACTIVE,xwalk_v1.0.0
HRIS-WKR-007936,PAY-WKR-007699,LE-IE-SYNTH-001,ACTIVE,xwalk_v1.0.0
HRIS-WKR-007937,PAY-WKR-007700,LE-IE-SYNTH-001,ACTIVE,xwalk_v1.0.0
HRIS-WKR-007938,PAY-WKR-007701,LE-IE-SYNTH-001,ACTIVE,xwalk_v1.0.0
HRIS-WKR-007939,PAY-WKR-007702,LE-IE-SYNTH-001,ACTIVE,xwalk_v1.0.0
HRIS-WKR-007940,PAY-WKR-007703,LE-IE-SYNTH-001,ACTIVE,xwalk_v1.0.0
HRIS-WKR-007941,PAY-WKR-007704,LE-IE-SYNTH-001,ACTIVE,xwalk_v1.0.0
HRIS-WKR-007942,PAY-WKR-007705,LE-IE-SYNTH-001,ACTIVE,xwalk_v1.0.0
HRIS-WKR-007943,PAY-WKR-007706,LE-IE-SYNTH-001,ACTIVE,xwalk_v1.0.0
HRIS-WKR-007944,PAY-WKR-007707,LE-IE-SYNTH-001,ACTIVE,xwalk_v1.0.0
HRIS-WKR-007945,PAY-WKR-007708,LE-IE-SYNTH-001,ACTIVE,xwalk_v1.0.0
HRIS-WKR-007946,PAY-WKR-007709,LE-IE-SYNTH-001,ACTIVE,xwalk_v1.0.0
HRIS-WKR-007947,PAY-WKR-007710,LE-IE-SYNTH-001,ACTIVE,xwalk_v1.0.0
HRIS-WKR-007948,PAY-WKR-007711,LE-IE-SYNTH-001,ACTIVE,xwalk_v1.0.0
HRIS-WKR-007949,PAY-WKR-007712,LE-IE-SYNTH-001,ACTIVE,xwalk_v1.0.0
HRIS-WKR-007950,,LE-IE-SYNTH-001,MISSING,xwalk_v1.0.0
HRIS-WKR-007951,PAY-WKR-007713,LE-IE-SYNTH-001,ACTIVE,xwalk_v1.0.0
HRIS-WKR-007952,PAY-WKR-007714,LE-IE-SYNTH-001,ACTIVE,xwalk_v1.0.0
HRIS-WKR-007953,PAY-WKR-007715,LE-IE-SYNTH-001,ACTIVE,xwalk_v1.0.0
HRIS-WKR-007954,PAY-WKR-007716,LE-IE-SYNTH-001,ACTIVE,xwalk_v1.0.0
HRIS-WKR-007955,PAY-WKR-007717,LE-IE-SYNTH-001,ACTIVE,xwalk_v1.0.0
HRIS-WKR-007956,PAY-WKR-007718,LE-IE-SYNTH-001,ACTIVE,xwalk_v1.0.0
HRIS-WKR-007957,PAY-WKR-007719,LE-IE-SYNTH-001,ACTIVE,xwalk_v1.0.0
HRIS-WKR-007958,PAY-WKR-007720,LE-IE-SYNTH-001,ACTIVE,xwalk_v1.0.0
HRIS-WKR-007959,PAY-WKR-007721,LE-IE-SYNTH-001,ACTIVE,xwalk_v1.0.0
HRIS-WKR-007960,PAY-WKR-007722,LE-IE-SYNTH-001,ACTIVE,xwalk_v1.0.0
HRIS-WKR-007961,PAY-WKR-007723,LE-IE-SYNTH-001,ACTIVE,xwalk_v1.0.0
HRIS-WKR-007962,,LE-IE-SYNTH-001,MISSING,xwalk_v1.0.0
HRIS-WKR-007963,PAY-WKR-007724,LE-IE-SYNTH-001,ACTIVE,xwalk_v1.0.0
HRIS-WKR-007964,PAY-WKR-007725,LE-IE-SYNTH-001,ACTIVE,xwalk_v1.0.0
HRIS-WKR-007965,PAY-WKR-007726,LE-IE-SYNTH-001,ACTIVE,xwalk_v1.0.0
HRIS-WKR-007966,PAY-WKR-007727,LE-IE-SYNTH-001,ACTIVE,xwalk_v1.0.0
HRIS-WKR-007967,,LE-IE-SYNTH-001,MISSING,xwalk_v1.0.0
HRIS-WKR-007968,PAY-WKR-007728,LE-IE-SYNTH-001,ACTIVE,xwalk_v1.0.0
HRIS-WKR-007969,PAY-WKR-007729,LE-IE-SYNTH-001,ACTIVE,xwalk_v1.0.0
HRIS-WKR-007970,PAY-WKR-007730,LE-IE-SYNTH-001,ACTIVE,xwalk_v1.0.0
HRIS-WKR-007971,PAY-WKR-007731,LE-IE-SYNTH-001,ACTIVE,xwalk_v1.0.0
HRIS-WKR-007972,PAY-WKR-007732,LE-IE-SYNTH-001,ACTIVE,xwalk_v1.0.0
HRIS-WKR-007973,PAY-WKR-007733,LE-IE-SYNTH-001,ACTIVE,xwalk_v1.0.0
HRIS-WKR-007974,PAY-WKR-007734,LE-IE-SYNTH-001,ACTIVE,xwalk_v1.0.0
HRIS-WKR-007975,PAY-WKR-007735,LE-IE-SYNTH-001,ACTIVE,xwalk_v1.0.0
HRIS-WKR-007976,PAY-WKR-007736,LE-IE-SYNTH-001,ACTIVE,xwalk_v1.0.0
HRIS-WKR-007977,PAY-WKR-007737,LE-IE-SYNTH-001,ACTIVE,xwalk_v1.0.0
HRIS-WKR-007978,PAY-WKR-007738,LE-IE-SYNTH-001,ACTIVE,xwalk_v1.0.0
HRIS-WKR-007979,PAY-WKR-007739,LE-IE-SYNTH-001,ACTIVE,xwalk_v1.0.0
HRIS-WKR-007980,PAY-WKR-007740,LE-IE-SYNTH-001,ACTIVE,xwalk_v1.0.0
HRIS-WKR-007981,PAY-WKR-007741,LE-IE-SYNTH-001,ACTIVE,xwalk_v1.0.0
HRIS-WKR-007982,PAY-WKR-007742,LE-IE-SYNTH-001,ACTIVE,xwalk_v1.0.0
HRIS-WKR-007983,PAY-WKR-007743,LE-IE-SYNTH-001,ACTIVE,xwalk_v1.0.0
HRIS-WKR-007984,PAY-WKR-007744,LE-IE-SYNTH-001,ACTIVE,xwalk_v1.0.0
HRIS-WKR-007985,PAY-WKR-007745,LE-IE-SYNTH-001,ACTIVE,xwalk_v1.0.0
HRIS-WKR-007986,PAY-WKR-007746,LE-IE-SYNTH-001,ACTIVE,xwalk_v1.0.0
HRIS-WKR-007987,PAY-WKR-007747,LE-IE-SYNTH-001,ACTIVE,xwalk_v1.0.0
HRIS-WKR-007988,PAY-WKR-007748,LE-IE-SYNTH-001,ACTIVE,xwalk_v1.0.0
HRIS-WKR-007989,,LE-IE-SYNTH-001,MISSING,xwalk_v1.0.0
HRIS-WKR-007990,PAY-WKR-007749,LE-IE-SYNTH-001,ACTIVE,xwalk_v1.0.0
HRIS-WKR-007991,PAY-WKR-007750,LE-IE-SYNTH-001,ACTIVE,xwalk_v1.0.0
HRIS-WKR-007992,PAY-WKR-007751,LE-IE-SYNTH-001,ACTIVE,xwalk_v1.0.0
HRIS-WKR-007993,PAY-WKR-007752,LE-IE-SYNTH-001,ACTIVE,xwalk_v1.0.0
HRIS-WKR-007994,PAY-WKR-007753,LE-IE-SYNTH-001,ACTIVE,xwalk_v1.0.0
HRIS-WKR-007995,PAY-WKR-007754,LE-IE-SYNTH-001,ACTIVE,xwalk_v1.0.0
HRIS-WKR-007996,PAY-WKR-007755,LE-IE-SYNTH-001,ACTIVE,xwalk_v1.0.0
HRIS-WKR-007997,,LE-IE-SYNTH-001,MISSING,xwalk_v1.0.0
HRIS-WKR-007998,PAY-WKR-007756,LE-IE-SYNTH-001,ACTIVE,xwalk_v1.0.0
HRIS-WKR-007999,PAY-WKR-007757,LE-IE-SYNTH-001,ACTIVE,xwalk_v1.0.0
HRIS-WKR-008000,PAY-WKR-007758,LE-IE-SYNTH-001,ACTIVE,xwalk_v1.0.0
