hris_worker_id,worker_public_id,country_code,legal_entity_id,employment_status,employment_type,contract_type,hire_date,termination_date,gender,department,location,cost_center
HRIS-WKR-000001,WKR-PUB-000001,IE,LE-IE-SYNTH-001,ACTIVE,EMPLOYEE,PERMANENT,2017-09-01,,F,Sales,Galway,CC-IE-018
HRIS-WKR-000002,WKR-PUB-000002,IE,LE-IE-SYNTH-001,ACTIVE,EMPLOYEE,FIXED_TERM,2014-03-07,,M,Sales,Dublin,CC-IE-027
HRIS-WKR-000003,WKR-PUB-000003,IE,LE-IE-SYNTH-001,ACTIVE,EMPLOYEE,FIXED_TERM,2022-09-30,,M,People,Dublin,CC-IE-036
HRIS-WKR-000004,WKR-PUB-000004,IE,LE-IE-SYNTH-001,ACTIVE,EMPLOYEE,PERMANENT,2024-11-15,,F,Finance,Cork,CC-IE-028
HRIS-WKR-000005,WKR-PUB-000005,IE,LE-IE-SYNTH-001,ACTIVE,EMPLOYEE,FIXED_TERM,2014-01-10,,F,Engineering,Dublin,CC-IE-033
HRIS-WKR-000006,WKR-PUB-000006,IE,LE-IE-SYNTH-001,ACTIVE,EMPLOYEE,PERMANENT,2015-07-23,,M,Operations,Limerick,CC-IE-029
HRIS-WKR-000007,WKR-PUB-000007,IE,LE-IE-SYNTH-001,ACTIVE,EMPLOYEE,PERMANENT,2025-04-25,,M,Sales,Remote-IE,CC-IE-003
HRIS-WKR-000008,WKR-PUB-000008,IE,LE-IE-SYNTH-001,ACTIVE,EMPLOYEE,FIXED_TERM,2017-12-14,,F,Sales,Cork,CC-IE-038
HRIS-WKR-000009,WKR-PUB-000009,IE,LE-IE-SYNTH-001,ACTIVE,EMPLOYEE,PERMANENT,2024-11-30,,M,People,Dublin,CC-IE-005
HRIS-WKR-000010,WKR-PUB-000010,IE,LE-IE-SYNTH-001,TERMINATED,EMPLOYEE,PERMANENT,2023-04-07,2026-08-11,M,Engineering,Cork,CC-IE-018
HRIS-WKR-000011,WKR-PUB-000011,IE,LE-IE-SYNTH-001,ACTIVE,EMPLOYEE,FIXED_TERM,2024-02-11,,F,Operations,Remote-IE,CC-IE-005
HRIS-WKR-000012,WKR-PUB-000012,IE,LE-IE-SYNTH-001,ACTIVE,EMPLOYEE,PERMANENT,2024-10-15,,M,Operations,Dublin,CC-IE-002
HRIS-WKR-000013,WKR-PUB-000013,IE,LE-IE-SYNTH-001,ACTIVE,EMPLOYEE,PERMANENT,2020-10-30,,M,Engineering,Dublin,CC-IE-015
HRIS-WKR-000014,WKR-PUB-000014,IE,LE-IE-SYNTH-001,TERMINATED,EMPLOYEE,PERMANENT,2019-10-04,2026-11-06,F,Finance,Galway,CC-IE-022
HRIS-WKR-000015,WKR-PUB-000015,IE,LE-IE-SYNTH-001,ACTIVE,EMPLOYEE,PERMANENT,2014-01-01,,F,Engineering,Dublin,CC-IE-038
HRIS-WKR-000016,WKR-PUB-000016,IE,LE-IE-SYNTH-001,ACTIVE,EMPLOYEE,PERMANENT,2016-08-04,,F,People,Limerick,CC-IE-001
HRIS-WKR-000017,WKR-PUB-000017,IE,LE-IE-SYNTH-001,ACTIVE,EMPLOYEE,PERMANENT,2024-05-19,,F,Technology,Dublin,CC-IE-020
HRIS-WKR-000018,WKR-PUB-000018,IE,LE-IE-SYNTH-001,ACTIVE,EMPLOYEE,FIXED_TERM,2023-05-22,,F,Operations,Dublin,CC-IE-024
HRIS-WKR-000019,WKR-PUB-000019,IE,LE-IE-SYNTH-001,ACTIVE,EMPLOYEE,PERMANENT,2020-12-20,,M,Operations,Dublin,CC-IE-032
HRIS-WKR-000020,WKR-PUB-000020,IE,LE-IE-SYNTH-001,ACTIVE,EMPLOYEE,PERMANENT,2024-04-09,,M,Operations,Dublin,CC-IE-020
HRIS-WKR-000021,WKR-PUB-000021,IE,LE-IE-SYNTH-001,ACTIVE,EMPLOYEE,APPRENTICE,2016-09-21,,M,People,Dublin,CC-IE-012
HRIS-WKR-000022,WKR-PUB-000022,IE,LE-IE-SYNTH-001,ACTIVE,EMPLOYEE,PERMANENT,2020-10-03,,,Finance,Dublin,CC-IE-018
HRIS-WKR-000023,WKR-PUB-000023,IE,LE-IE-SYNTH-001,ACTIVE,EMPLOYEE,PERMANENT,2016-01-22,,M,Sales,Remote-IE,CC-IE-001
HRIS-WKR-000024,WKR-PUB-000024,IE,LE-IE-SYNTH-001,ACTIVE,EMPLOYEE,PERMANENT,2014-01-22,,F,Engineering,Dublin,CC-IE-020
HRIS-WKR-000025,WKR-PUB-000025,IE,LE-IE-SYNTH-001,ACTIVE,EMPLOYEE,PERMANENT,2018-07-29,,F,Sales,Dublin,CC-IE-035
HRIS-WKR-000026,WKR-PUB-000026,IE,LE-IE-SYNTH-001,ACTIVE,EMPLOYEE,PERMANENT,2015-07-21,,F,Sales,Dublin,CC-IE-029
HRIS-WKR-000027,WKR-PUB-000027,IE,LE-IE-SYNTH-001,ACTIVE,EMPLOYEE,PERMANENT,2020-09-13,,F,Sales,Cork,CC-IE-016
HRIS-WKR-000028,WKR-PUB-000028,IE,LE-IE-SYNTH-001,ACTIVE,CONTRACTOR,FIXED_TERM,2022-05-27,,F,Operations,Cork,CC-IE-030
HRIS-WKR-000029,WKR-PUB-000029,IE,LE-IE-SYNTH-001,ACTIVE,EMPLOYEE,PERMANENT,2021-06-21,,M,Sales,Dublin,CC-IE-022
HRIS-WKR-000030,WKR-PUB-000030,IE,LE-IE-SYNTH-001,ACTIVE,EMPLOYEE,FIXED_TERM,2022-09-04,,M,Finance,Dublin,CC-IE-023
HRIS-WKR-000031,WKR-PUB-000031,IE,LE-IE-SYNTH-001,ACTIVE,EMPLOYEE,PERMANENT,2024-07-05,,M,Engineering,Cork,CC-IE-039
HRIS-WKR-000032,WKR-PUB-000032,IE,LE-IE-SYNTH-001,TERMINATED,EMPLOYEE,PERMANENT,2024-12-09,2026-04-08,F,Engineering,Cork,CC-IE-039
HRIS-WKR-000033,WKR-PUB-000033,IE,LE-IE-SYNTH-001,ACTIVE,EMPLOYEE,PERMANENT,2016-05-01,,M,Sales,Dublin,CC-IE-010
HRIS-WKR-000034,WKR-PUB-000034,IE,LE-IE-SYNTH-001,ACTIVE,EMPLOYEE,FIXED_TERM,2022-08-18,,F,Sales,Dublin,CC-IE-030
HRIS-WKR-000035,WKR-PUB-000035,IE,LE-IE-SYNTH-001,ACTIVE,CONTRACTOR,PERMANENT,2024-02-23,,M,People,Cork,CC-IE-012
HRIS-WKR-000036,WKR-PUB-000036,IE,LE-IE-SYNTH-001,ACTIVE,EMPLOYEE,PERMANENT,2015-09-07,,F,Finance,Galway,CC-IE-029
HRIS-WKR-000037,WKR-PUB-000037,IE,LE-IE-SYNTH-001,ACTIVE,CONTRACTOR,PERMANENT,2023-11-09,,M,Finance,Galway,CC-IE-014
HRIS-WKR-000038,WKR-PUB-000038,IE,LE-IE-SYNTH-001,ACTIVE,EMPLOYEE,PERMANENT,2021-12-23,,M,People,Dublin,CC-IE-027
HRIS-WKR-000039,WKR-PUB-000039,IE,LE-IE-SYNTH-001,ACTIVE,EMPLOYEE,PERMANENT,2024-04-23,,F,Engineering,Dublin,CC-IE-038
HRIS-WKR-000040,WKR-PUB-000040,IE,LE-IE-SYNTH-001,ACTIVE,EMPLOYEE,PERMANENT,2020-12-13,,M,People,Dublin,CC-IE-040
HRIS-WKR-000041,WKR-PUB-000041,IE,LE-IE-SYNTH-001,ACTIVE,EMPLOYEE,FIXED_TERM,2017-08-10,,M,Operations,Remote-IE,CC-IE-009
HRIS-WKR-000042,WKR-PUB-000042,IE,LE-IE-SYNTH-001,ACTIVE,EMPLOYEE,PERMANENT,2025-11-08,,F,Operations,Cork,CC-IE-033
HRIS-WKR-000043,WKR-PUB-000043,IE,LE-IE-SYNTH-001,ACTIVE,EMPLOYEE,FIXED_TERM,2018-12-11,,M,Sales,Dublin,CC-IE-008
HRIS-WKR-000044,WKR-PUB-000044,IE,LE-IE-SYNTH-001,ACTIVE,EMPLOYEE,FIXED_TERM,2016-04-11,,M,Engineering,Cork,CC-IE-006
HRIS-WKR-000045,WKR-PUB-000045,IE,LE-IE-SYNTH-001,ACTIVE,EMPLOYEE,PERMANENT,2018-07-27,,F,Technology,Limerick,CC-IE-021
HRIS-WKR-000046,WKR-PUB-000046,IE,LE-IE-SYNTH-001,ACTIVE,CONTRACTOR,PERMANENT,2017-07-02,,F,Engineering,Dublin,CC-IE-025
HRIS-WKR-000047,WKR-PUB-000047,IE,LE-IE-SYNTH-001,ACTIVE,EMPLOYEE,PERMANENT,2023-01-02,,M,Finance,Dublin,CC-IE-011
HRIS-WKR-000048,WKR-PUB-000048,IE,LE-IE-SYNTH-001,ACTIVE,EMPLOYEE,PERMANENT,2019-11-19,,M,Engineering,Cork,CC-IE-031
HRIS-WKR-000049,WKR-PUB-000049,IE,LE-IE-SYNTH-001,ACTIVE,EMPLOYEE,PERMANENT,2014-09-03,,F,Sales,Remote-IE,CC-IE-038
HRIS-WKR-000050,WKR-PUB-000050,IE,LE-IE-SYNTH-001,ACTIVE,EMPLOYEE,PERMANENT,2021-11-30,,M,Sales,Dublin,CC-IE-037
HRIS-WKR-000051,WKR-PUB-000051,IE,LE-IE-SYNTH-001,ACTIVE,CONTRACTOR,FIXED_TERM,2021-07-21,,M,Engineering,Dublin,CC-IE-036
HRIS-WKR-000052,WKR-PUB-000052,IE,LE-IE-SYNTH-001,ACTIVE,EMPLOYEE,PERMANENT,2017-08-18,,M,Operations,Galway,CC-IE-036
HRIS-WKR-000053,WKR-PUB-000053,IE,LE-IE-SYNTH-001,ACTIVE,CONTRACTOR,PERMANENT,2019-06-02,,M,People,Dublin,CC-IE-010
HRIS-WKR-000054,WKR-PUB-000054,IE,LE-IE-SYNTH-001,ACTIVE,EMPLOYEE,PERMANENT,2023-09-05,,M,Operations,Cork,CC-IE-009
HRIS-WKR-000055,WKR-PUB-000055,IE,LE-IE-SYNTH-001,ACTIVE,EMPLOYEE,FIXED_TERM,2015-01-17,,M,Sales,Limerick,CC-IE-013
HRIS-WKR-000056,WKR-PUB-000056,IE,LE-IE-SYNTH-001,ACTIVE,EMPLOYEE,PERMANENT,2021-11-21,,F,Operations,Cork,CC-IE-035
HRIS-WKR-000057,WKR-PUB-000057,IE,LE-IE-SYNTH-001,ACTIVE,EMPLOYEE,PERMANENT,2021-07-31,,M,Sales,Remote-IE,CC-IE-014
HRIS-WKR-000058,WKR-PUB-000058,IE,LE-IE-SYNTH-001,TERMINATED,EMPLOYEE,PERMANENT,2019-10-09,2026-08-05,F,Sales,Dublin,CC-IE-022
HRIS-WKR-000059,WKR-PUB-000059,IE,LE-IE-SYNTH-001,ACTIVE,EMPLOYEE,PERMANENT,2025-12-01,,M,Sales,Dublin,CC-IE-003
HRIS-WKR-000060,WKR-PUB-000060,IE,LE-IE-SYNTH-001,ACTIVE,EMPLOYEE,PERMANENT,2024-10-10,,F,Operations,Remote-IE,CC-IE-040
HRIS-WKR-000061,WKR-PUB-000061,IE,LE-IE-SYNTH-001,TERMINATED,EMPLOYEE,PERMANENT,2016-08-24,2026-03-22,M,Engineering,Limerick,CC-IE-010
HRIS-WKR-000062,WKR-PUB-000062,IE,LE-IE-SYNTH-001,ACTIVE,EMPLOYEE,FIXED_TERM,2024-10-02,,M,Engineering,Cork,CC-IE-025
HRIS-WKR-000063,WKR-PUB-000063,IE,LE-IE-SYNTH-001,ACTIVE,EMPLOYEE,PERMANENT,2019-09-03,,M,Sales,Dublin,CC-IE-030
HRIS-WKR-000064,WKR-PUB-000064,IE,LE-IE-SYNTH-001,ACTIVE,EMPLOYEE,PERMANENT,2018-07-11,,F,Sales,Dublin,CC-IE-012
HRIS-WKR-000065,WKR-PUB-000065,IE,LE-IE-SYNTH-001,ACTIVE,EMPLOYEE,PERMANENT,2015-07-15,,F,Engineering,Dublin,CC-IE-006
HRIS-WKR-000066,WKR-PUB-000066,IE,LE-IE-SYNTH-001,ACTIVE,EMPLOYEE,PERMANENT,2022-12-25,,M,Sales,Dublin,CC-IE-029
HRIS-WKR-000067,WKR-PUB-000067,IE,LE-IE-SYNTH-001,ACTIVE,EMPLOYEE,FIXED_TERM,2018-10-18,,F,Sales,Dublin,CC-IE-034
HRIS-WKR-000068,WKR-PUB-000068,IE,LE-IE-SYNTH-001,ACTIVE,EMPLOYEE,FIXED_TERM,2022-05-25,,F,Sales,Galway,CC-IE-034
HRIS-WKR-000069,WKR-PUB-000069,IE,LE-IE-SYNTH-001,ACTIVE,EMPLOYEE,PERMANENT,2018-06-20,,M,Engineering,Dublin,CC-IE-022
HRIS-WKR-000070,WKR-PUB-000070,IE,LE-IE-SYNTH-001,ACTIVE,EMPLOYEE,PERMANENT,2021-01-26,,M,Finance,Limerick,CC-IE-019
HRIS-WKR-000071,WKR-PUB-000071,IE,LE-IE-SYNTH-001,ACTIVE,EMPLOYEE,PERMANENT,2014-01-04,,F,Technology,Dublin,CC-IE-009
HRIS-WKR-000072,WKR-PUB-000072,IE,LE-IE-SYNTH-001,ACTIVE,EMPLOYEE,PERMANENT,2020-11-28,,F,People,Dublin,CC-IE-002
HRIS-WKR-000073,WKR-PUB-000073,IE,LE-IE-SYNTH-001,ACTIVE,EMPLOYEE,PERMANENT,2016-02-29,,F,Engineering,Limerick,CC-IE-024
HRIS-WKR-000074,WKR-PUB-000074,IE,LE-IE-SYNTH-001,ACTIVE,EMPLOYEE,PERMANENT,2025-01-20,,M,Sales,Galway,CC-IE-033
HRIS-WKR-000075,WKR-PUB-000075,IE,LE-IE-SYNTH-001,ACTIVE,EMPLOYEE,PERMANENT,2021-07-06,,M,Sales,Galway,CC-IE-021
HRIS-WKR-000076,WKR-PUB-000076,IE,LE-IE-SYNTH-001,ACTIVE,EMPLOYEE,PERMANENT,2018-01-10,,M,Sales,Dublin,CC-IE-005
HRIS-WKR-000077,WKR-PUB-000077,IE,LE-IE-SYNTH-001,ACTIVE,EMPLOYEE,FIXED_TERM,2020-08-05,,F,Engineering,Dublin,CC-IE-036
HRIS-WKR-000078,WKR-PUB-000078,IE,LE-IE-SYNTH-001,ACTIVE,EMPLOYEE,PERMANENT,2024-06-29,,F,Technology,Dublin,CC-IE-026
HRIS-WKR-000079,WKR-PUB-000079,IE,LE-IE-SYNTH-001,ACTIVE,EMPLOYEE,PERMANENT,2017-06-11,,M,Sales,Cork,CC-IE-022
HRIS-WKR-000080,WKR-PUB-000080,IE,LE-IE-SYNTH-001,ACTIVE,EMPLOYEE,PERMANENT,2015-12-30,,M,Sales,Dublin,CC-IE-024
HRIS-WKR-000081,WKR-PUB-000081,IE,LE-IE-SYNTH-001,ACTIVE,EMPLOYEE,PERMANENT,2024-03-27,,M,Operations,Dublin,CC-IE-034
HRIS-WKR-000082,WKR-PUB-000082,IE,LE-IE-SYNTH-001,ACTIVE,EMPLOYEE,APPRENTICE,2026-01-16,,M,Operations,Dublin,CC-IE-002
HRIS-WKR-000083,WKR-PUB-000083,IE,LE-IE-SYNTH-001,ACTIVE,EMPLOYEE,PERMANENT,2017-06-22,,F,Operations,Dublin,CC-IE-016
HRIS-WKR-000084,WKR-PUB-000084,IE,LE-IE-SYNTH-001,ACTIVE,EMPLOYEE,FIXED_TERM,2022-06-11,,M,Finance,Dublin,CC-IE-003
HRIS-WKR-000085,WKR-PUB-000085,IE,LE-IE-SYNTH-001,ACTIVE,EMPLOYEE,PERMANENT,2020-06-02,,M,Operations,Dublin,CC-IE-003
HRIS-WKR-000086,WKR-PUB-000086,IE,LE-IE-SYNTH-001,ACTIVE,EMPLOYEE,FIXED_TERM,2025-08-21,,F,Engineering,Remote-IE,CC-IE-010
HRIS-WKR-000087,WKR-PUB-000087,IE,LE-IE-SYNTH-001,ACTIVE,EMPLOYEE,PERMANENT,2022-06-10,,M,Finance,Dublin,CC-IE-003
HRIS-WKR-000088,WKR-PUB-000088,IE,LE-IE-SYNTH-001,ACTIVE,CONTRACTOR,PERMANENT,2016-05-25,,F,Engineering,Dublin,CC-IE-005
HRIS-WKR-000089,WKR-PUB-000089,IE,LE-IE-SYNTH-001,ACTIVE,EMPLOYEE,PERMANENT,2017-12-16,,M,Operations,Dublin,CC-IE-017
HRIS-WKR-000090,WKR-PUB-000090,IE,LE-IE-SYNTH-001,ACTIVE,EMPLOYEE,APPRENTICE,2015-09-16,,M,Sales,Cork,CC-IE-031
HRIS-WKR-000091,WKR-PUB-000091,IE,LE-IE-SYNTH-001,ACTIVE,EMPLOYEE,PERMANENT,2016-09-18,,F,Operations,Cork,CC-IE-025
HRIS-WKR-000092,WKR-PUB-000092,IE,LE-IE-SYNTH-001,ACTIVE,EMPLOYEE,APPRENTICE,2023-09-11,,M,Engineering,Dublin,CC-IE-016
HRIS-WKR-000093,WKR-PUB-000093,IE,LE-IE-SYNTH-001,ACTIVE,EMPLOYEE,PERMANENT,2024-08-01,,M,Finance,Dublin,CC-IE-013
HRIS-WKR-000094,WKR-PUB-000094,IE,LE-IE-SYNTH-001,ACTIVE,EMPLOYEE,PERMANENT,2016-08-01,,F,Sales,Dublin,CC-IE-033
HRIS-WKR-000095,WKR-PUB-000095,IE,LE-IE-SYNTH-001,ACTIVE,EMPLOYEE,PERMANENT,2022-12-23,,M,Operations,Remote-IE,CC-IE-002
HRIS-WKR-000096,WKR-PUB-000096,IE,LE-IE-SYNTH-001,ACTIVE,EMPLOYEE,PERMANENT,2021-05-31,,M,Sales,Dublin,CC-IE-038
HRIS-WKR-000097,WKR-PUB-000097,IE,LE-IE-SYNTH-001,ACTIVE,EMPLOYEE,PERMANENT,2020-10-25,,F,Technology,Dublin,CC-IE-018
HRIS-WKR-000098,WKR-PUB-000098,IE,LE-IE-SYNTH-001,ACTIVE,EMPLOYEE,PERMANENT,2022-11-11,,M,Operations,Limerick,CC-IE-038
HRIS-WKR-000099,WKR-PUB-000099,IE,LE-IE-SYNTH-001,ACTIVE,EMPLOYEE,PERMANENT,2014-12-25,,F,Operations,Cork,CC-IE-006
HRIS-WKR-000100,WKR-PUB-000100,IE,LE-IE-SYNTH-001,ACTIVE,EMPLOYEE,PERMANENT,2024-06-07,,F,People,Dublin,CC-IE-003
HRIS-WKR-000101,WKR-PUB-000101,IE,LE-IE-SYNTH-001,ACTIVE,EMPLOYEE,PERMANENT,2014-01-10,,M,Engineering,Galway,CC-IE-019
HRIS-WKR-000102,WKR-PUB-000102,IE,LE-IE-SYNTH-001,ACTIVE,CONTRACTOR,PERMANENT,2024-08-28,,F,Technology,Cork,CC-IE-030
HRIS-WKR-000103,WKR-PUB-000103,IE,LE-IE-SYNTH-001,ACTIVE,EMPLOYEE,FIXED_TERM,2015-10-26,,F,Sales,Dublin,CC-IE-016
HRIS-WKR-000104,WKR-PUB-000104,IE,LE-IE-SYNTH-001,ACTIVE,EMPLOYEE,PERMANENT,2023-11-16,,M,Engineering,Dublin,CC-IE-001
HRIS-WKR-000105,WKR-PUB-000105,IE,LE-IE-SYNTH-001,ACTIVE,EMPLOYEE,PERMANENT,2016-12-21,,M,Engineering,Dublin,CC-IE-003
HRIS-WKR-000106,WKR-PUB-000106,IE,LE-IE-SYNTH-001,ACTIVE,EMPLOYEE,PERMANENT,2020-04-29,,NB,Operations,Remote-IE,CC-IE-008
HRIS-WKR-000107,WKR-PUB-000107,IE,LE-IE-SYNTH-001,ACTIVE,EMPLOYEE,PERMANENT,2020-02-09,,M,People,Cork,CC-IE-038
HRIS-WKR-000108,WKR-PUB-000108,IE,LE-IE-SYNTH-001,ACTIVE,EMPLOYEE,PERMANENT,2021-11-19,,F,Sales,Galway,CC-IE-034
HRIS-WKR-000109,WKR-PUB-000109,IE,LE-IE-SYNTH-001,ACTIVE,EMPLOYEE,PERMANENT,2022-08-15,,F,Finance,Dublin,CC-IE-015
HRIS-WKR-000110,WKR-PUB-000110,IE,LE-IE-SYNTH-001,ACTIVE,EMPLOYEE,PERMANENT,2022-09-01,,M,Engineering,Cork,CC-IE-025
HRIS-WKR-000111,WKR-PUB-000111,IE,LE-IE-SYNTH-001,ACTIVE,EMPLOYEE,PERMANENT,2022-12-19,,M,Technology,Galway,CC-IE-016
HRIS-WKR-000112,WKR-PUB-000112,IE,LE-IE-SYNTH-001,ACTIVE,EMPLOYEE,PERMANENT,2014-01-20,,M,Engineering,Dublin,CC-IE-034
HRIS-WKR-000113,WKR-PUB-000113,IE,LE-IE-SYNTH-001,ACTIVE,EMPLOYEE,PERMANENT,2014-10-16,,M,Operations,Dublin,CC-IE-035
HRIS-WKR-000114,WKR-PUB-000114,IE,LE-IE-SYNTH-001,ACTIVE,EMPLOYEE,FIXED_TERM,2023-07-05,,F,Engineering,Dublin,CC-IE-008
HRIS-WKR-000115,WKR-PUB-000115,IE,LE-IE-SYNTH-001,ACTIVE,EMPLOYEE,FIXED_TERM,2024-05-01,,F,Technology,Dublin,CC-IE-021
HRIS-WKR-000116,WKR-PUB-000116,IE,LE-IE-SYNTH-001,ACTIVE,CONTRACTOR,PERMANENT,2020-09-02,,F,Finance,Dublin,CC-IE-030
HRIS-WKR-000117,WKR-PUB-000117,IE,LE-IE-SYNTH-001,ACTIVE,CONTRACTOR,PERMANENT,2025-09-18,,F,Technology,Remote-IE,CC-IE-027
HRIS-WKR-000118,WKR-PUB-000118,IE,LE-IE-SYNTH-001,ACTIVE,EMPLOYEE,FIXED_TERM,2018-12-10,,F,Sales,Dublin,CC-IE-028
HRIS-WKR-000119,WKR-PUB-000119,IE,LE-IE-SYNTH-001,ACTIVE,EMPLOYEE,PERMANENT,2023-04-30,,M,Engineering,Dublin,CC-IE-020
HRIS-WKR-000120,WKR-PUB-000120,IE,LE-IE-SYNTH-001,ACTIVE,EMPLOYEE,FIXED_TERM,2025-04-04,,F,Finance,Cork,CC-IE-016
HRIS-WKR-000121,WKR-PUB-000121,IE,LE-IE-SYNTH-001,ACTIVE,EMPLOYEE,PERMANENT,2019-07-22,,M,Finance,Dublin,CC-IE-006
HRIS-WKR-000122,WKR-PUB-000122,IE,LE-IE-SYNTH-001,ACTIVE,EMPLOYEE,PERMANENT,2020-05-10,,F,Engineering,Dublin,CC-IE-030
HRIS-WKR-000123,WKR-PUB-000123,IE,LE-IE-SYNTH-001,ACTIVE,EMPLOYEE,PERMANENT,2022-10-23,,M,People,Dublin,CC-IE-004
HRIS-WKR-000124,WKR-PUB-000124,IE,LE-IE-SYNTH-001,ACTIVE,EMPLOYEE,PERMANENT,2017-06-23,,F,People,Dublin,CC-IE-006
HRIS-WKR-000125,WKR-PUB-000125,IE,LE-IE-SYNTH-001,ACTIVE,EMPLOYEE,FIXED_TERM,2018-05-07,,F,Engineering,Cork,CC-IE-038
HRIS-WKR-000126,WKR-PUB-000126,IE,LE-IE-SYNTH-001,ACTIVE,EMPLOYEE,FIXED_TERM,2014-05-29,,M,Engineering,Dublin,CC-IE-030
HRIS-WKR-000127,WKR-PUB-000127,IE,LE-IE-SYNTH-001,ACTIVE,EMPLOYEE,FIXED_TERM,2024-03-18,,F,Technology,Dublin,CC-IE-039
HRIS-WKR-000128,WKR-PUB-000128,IE,LE-IE-SYNTH-001,ACTIVE,EMPLOYEE,PERMANENT,2024-04-04,,M,Operations,Cork,CC-IE-032
HRIS-WKR-000129,WKR-PUB-000129,IE,LE-IE-SYNTH-001,ACTIVE,EMPLOYEE,PERMANENT,2018-06-12,,F,Sales,Dublin,CC-IE-012
HRIS-WKR-000130,WKR-PUB-000130,IE,LE-IE-SYNTH-001,ACTIVE,EMPLOYEE,PERMANENT,2015-10-02,,M,Engineering,Galway,CC-IE-035
HRIS-WKR-000131,WKR-PUB-000131,IE,LE-IE-SYNTH-001,ACTIVE,EMPLOYEE,PERMANENT,2014-12-28,,F,Finance,Dublin,CC-IE-006
HRIS-WKR-000132,WKR-PUB-000132,IE,LE-IE-SYNTH-001,ACTIVE,EMPLOYEE,PERMANENT,2016-04-15,,M,Sales,Galway,CC-IE-004
HRIS-WKR-000133,WKR-PUB-000133,IE,LE-IE-SYNTH-001,ACTIVE,EMPLOYEE,PERMANENT,2018-08-09,,F,Engineering,Dublin,CC-IE-026
HRIS-WKR-000134,WKR-PUB-000134,IE,LE-IE-SYNTH-001,ACTIVE,EMPLOYEE,PERMANENT,2023-05-27,,F,Sales,Galway,CC-IE-004
HRIS-WKR-000135,WKR-PUB-000135,IE,LE-IE-SYNTH-001,ACTIVE,EMPLOYEE,PERMANENT,2018-03-05,,F,Engineering,Dublin,CC-IE-029
HRIS-WKR-000136,WKR-PUB-000136,IE,LE-IE-SYNTH-001,ACTIVE,EMPLOYEE,PERMANENT,2017-06-06,,F,Engineering,Dublin,CC-IE-002
HRIS-WKR-000137,WKR-PUB-000137,IE,LE-IE-SYNTH-001,ACTIVE,EMPLOYEE,PERMANENT,2016-03-08,,F,Engineering,Dublin,CC-IE-040
HRIS-WKR-000138,WKR-PUB-000138,IE,LE-IE-SYNTH-001,ACTIVE,EMPLOYEE,PERMANENT,2017-02-22,,M,People,Dublin,CC-IE-018
HRIS-WKR-000139,WKR-PUB-000139,IE,LE-IE-SYNTH-001,TERMINATED,EMPLOYEE,PERMANENT,2022-06-20,2026-04-15,F,Engineering,Dublin,CC-IE-019
HRIS-WKR-000140,WKR-PUB-000140,IE,LE-IE-SYNTH-001,ACTIVE,CONTRACTOR,PERMANENT,2019-05-03,,M,Engineering,Cork,CC-IE-038
HRIS-WKR-000141,WKR-PUB-000141,IE,LE-IE-SYNTH-001,ACTIVE,EMPLOYEE,PERMANENT,2018-05-26,,M,Engineering,Dublin,CC-IE-036
HRIS-WKR-000142,WKR-PUB-000142,IE,LE-IE-SYNTH-001,ACTIVE,CONTRACTOR,PERMANENT,2024-07-14,,F,Engineering,Dublin,CC-IE-016
HRIS-WKR-000143,WKR-PUB-000143,IE,LE-IE-SYNTH-001,ACTIVE,EMPLOYEE,FIXED_TERM,2021-11-11,,F,Technology,Remote-IE,CC-IE-012
HRIS-WKR-000144,WKR-PUB-000144,IE,LE-IE-SYNTH-001,ACTIVE,EMPLOYEE,FIXED_TERM,2021-02-10,,M,Technology,Dublin,CC-IE-030
HRIS-WKR-000145,WKR-PUB-000145,IE,LE-IE-SYNTH-001,ACTIVE,EMPLOYEE,PERMANENT,2020-10-20,,M,Operations,Dublin,CC-IE-029
HRIS-WKR-000146,WKR-PUB-000146,IE,LE-IE-SYNTH-001,ACTIVE,EMPLOYEE,PERMANENT,2019-03-25,,F,Operations,Cork,CC-IE-035
HRIS-WKR-000147,WKR-PUB-000147,IE,LE-IE-SYNTH-001,ACTIVE,EMPLOYEE,FIXED_TERM,2016-06-01,,F,Sales,Remote-IE,CC-IE-016
HRIS-WKR-000148,WKR-PUB-000148,IE,LE-IE-SYNTH-001,TERMINATED,EMPLOYEE,PERMANENT,2018-12-14,2026-12-13,F,Engineering,Dublin,CC-IE-031
HRIS-WKR-000149,WKR-PUB-000149,IE,LE-IE-SYNTH-001,ACTIVE,EMPLOYEE,PERMANENT,2024-01-31,,F,Sales,Dublin,CC-IE-024
HRIS-WKR-000150,WKR-PUB-000150,IE,LE-IE-SYNTH-001,ACTIVE,EMPLOYEE,PERMANENT,2017-04-20,,F,Operations,Dublin,CC-IE-003
HRIS-WKR-000151,WKR-PUB-000151,IE,LE-IE-SYNTH-001,ACTIVE,EMPLOYEE,PERMANENT,2016-08-22,,F,Engineering,Dublin,CC-IE-009
HRIS-WKR-000152,WKR-PUB-000152,IE,LE-IE-SYNTH-001,ACTIVE,EMPLOYEE,PERMANENT,2021-09-03,,M,Engineering,Remote-IE,CC-IE-018
HRIS-WKR-000153,WKR-PUB-000153,IE,LE-IE-SYNTH-001,ACTIVE,EMPLOYEE,PERMANENT,2025-05-03,,M,Technology,Dublin,CC-IE-013
HRIS-WKR-000154,WKR-PUB-000154,IE,LE-IE-SYNTH-001,ACTIVE,EMPLOYEE,PERMANENT,2025-06-26,,M,Engineering,Dublin,CC-IE-031
HRIS-WKR-000155,WKR-PUB-000155,IE,LE-IE-SYNTH-001,ACTIVE,EMPLOYEE,PERMANENT,2020-10-23,,M,Engineering,Remote-IE,CC-IE-014
HRIS-WKR-000156,WKR-PUB-000156,IE,LE-IE-SYNTH-001,ACTIVE,EMPLOYEE,PERMANENT,2015-02-17,,M,Engineering,Dublin,CC-IE-029
HRIS-WKR-000157,WKR-PUB-000157,IE,LE-IE-SYNTH-001,ACTIVE,EMPLOYEE,FIXED_TERM,2024-09-06,,M,Finance,Dublin,CC-IE-004
HRIS-WKR-000158,WKR-PUB-000158,IE,LE-IE-SYNTH-001,ACTIVE,EMPLOYEE,PERMANENT,2018-02-03,,UNDISCLOSED,Operations,Dublin,CC-IE-036
HRIS-WKR-000159,WKR-PUB-000159,IE,LE-IE-SYNTH-001,ACTIVE,EMPLOYEE,PERMANENT,2025-02-10,,M,Finance,Dublin,CC-IE-026
HRIS-WKR-000160,WKR-PUB-000160,IE,LE-IE-SYNTH-001,ACTIVE,EMPLOYEE,FIXED_TERM,2020-09-14,,M,Operations,Cork,CC-IE-008
HRIS-WKR-000161,WKR-PUB-000161,IE,LE-IE-SYNTH-001,ACTIVE,EMPLOYEE,FIXED_TERM,2019-06-17,,M,Finance,Remote-IE,CC-IE-017
HRIS-WKR-000162,WKR-PUB-000162,IE,LE-IE-SYNTH-001,ACTIVE,CONTRACTOR,PERMANENT,2018-11-23,,F,Operations,Remote-IE,CC-IE-025
HRIS-WKR-000163,WKR-PUB-000163,IE,LE-IE-SYNTH-001,ACTIVE,EMPLOYEE,PERMANENT,2017-04-13,,,Engineering,Dublin,CC-IE-015
HRIS-WKR-000164,WKR-PUB-000164,IE,LE-IE-SYNTH-001,ACTIVE,EMPLOYEE,PERMANENT,2014-07-10,,F,Sales,Dublin,CC-IE-025
HRIS-WKR-000165,WKR-PUB-000165,IE,LE-IE-SYNTH-001,ACTIVE,EMPLOYEE,PERMANENT,2018-02-11,,F,Engineering,Limerick,CC-IE-025
HRIS-WKR-000166,WKR-PUB-000166,IE,LE-IE-SYNTH-001,ACTIVE,EMPLOYEE,PERMANENT,2015-03-24,,M,Operations,Dublin,CC-IE-001
HRIS-WKR-000167,WKR-PUB-000167,IE,LE-IE-SYNTH-001,ACTIVE,EMPLOYEE,FIXED_TERM,2019-06-15,,F,People,Dublin,CC-IE-036
HRIS-WKR-000168,WKR-PUB-000168,IE,LE-IE-SYNTH-001,ACTIVE,EMPLOYEE,PERMANENT,2014-10-18,,NB,Sales,Dublin,CC-IE-010
HRIS-WKR-000169,WKR-PUB-000169,IE,LE-IE-SYNTH-001,ACTIVE,EMPLOYEE,PERMANENT,2021-12-21,,F,Operations,Dublin,CC-IE-031
HRIS-WKR-000170,WKR-PUB-000170,IE,LE-IE-SYNTH-001,ACTIVE,EMPLOYEE,PERMANENT,2021-09-10,,M,Finance,Dublin,CC-IE-018
HRIS-WKR-000171,WKR-PUB-000171,IE,LE-IE-SYNTH-001,ACTIVE,CONTRACTOR,PERMANENT,2026-01-07,,M,Sales,Limerick,CC-IE-033
HRIS-WKR-000172,WKR-PUB-000172,IE,LE-IE-SYNTH-001,ACTIVE,EMPLOYEE,PERMANENT,2020-12-01,,M,Operations,Dublin,CC-IE-003
HRIS-WKR-000173,WKR-PUB-000173,IE,LE-IE-SYNTH-001,ACTIVE,EMPLOYEE,PERMANENT,2022-06-06,,M,Engineering,Dublin,CC-IE-032
HRIS-WKR-000174,WKR-PUB-000174,IE,LE-IE-SYNTH-001,ACTIVE,EMPLOYEE,PERMANENT,2015-01-20,,,Engineering,Remote-IE,CC-IE-038
HRIS-WKR-000175,WKR-PUB-000175,IE,LE-IE-SYNTH-001,ACTIVE,EMPLOYEE,FIXED_TERM,2021-09-13,,M,People,Cork,CC-IE-022
HRIS-WKR-000176,WKR-PUB-000176,IE,LE-IE-SYNTH-001,ACTIVE,EMPLOYEE,PERMANENT,2018-10-27,,F,Sales,Cork,CC-IE-005
HRIS-WKR-000177,WKR-PUB-000177,IE,LE-IE-SYNTH-001,ACTIVE,EMPLOYEE,PERMANENT,2016-02-02,,F,Operations,Dublin,CC-IE-024
HRIS-WKR-000178,WKR-PUB-000178,IE,LE-IE-SYNTH-001,ACTIVE,EMPLOYEE,APPRENTICE,2023-03-15,,M,Engineering,Galway,CC-IE-031
HRIS-WKR-000179,WKR-PUB-000179,IE,LE-IE-SYNTH-001,ACTIVE,EMPLOYEE,FIXED_TERM,2023-12-20,,M,Engineering,Cork,CC-IE-029
HRIS-WKR-000180,WKR-PUB-000180,IE,LE-IE-SYNTH-001,ACTIVE,EMPLOYEE,PERMANENT,2021-11-28,,F,Sales,Dublin,CC-IE-021
HRIS-WKR-000181,WKR-PUB-000181,IE,LE-IE-SYNTH-001,ACTIVE,EMPLOYEE,PERMANENT,2019-11-20,,F,Finance,Dublin,CC-IE-004
HRIS-WKR-000182,WKR-PUB-000182,IE,LE-IE-SYNTH-001,ACTIVE,EMPLOYEE,FIXED_TERM,2018-10-27,,F,Engineering,Remote-IE,CC-IE-005
HRIS-WKR-000183,WKR-PUB-000183,IE,LE-IE-SYNTH-001,ACTIVE,EMPLOYEE,PERMANENT,2018-09-28,,F,Operations,Dublin,CC-IE-021
HRIS-WKR-000184,WKR-PUB-000184,IE,LE-IE-SYNTH-001,ACTIVE,EMPLOYEE,PERMANENT,2014-03-10,,M,Finance,Dublin,CC-IE-016
HRIS-WKR-000185,WKR-PUB-000185,IE,LE-IE-SYNTH-001,ACTIVE,EMPLOYEE,PERMANENT,2020-09-30,,M,Engineering,Dublin,CC-IE-033
HRIS-WKR-000186,WKR-PUB-000186,IE,LE-IE-SYNTH-001,ACTIVE,EMPLOYEE,PERMANENT,2025-10-01,,M,Engineering,Dublin,CC-IE-040
HRIS-WKR-000187,WKR-PUB-000187,IE,LE-IE-SYNTH-001,ACTIVE,EMPLOYEE,PERMANENT,2022-02-14,,F,People,Galway,CC-IE-028
HRIS-WKR-000188,WKR-PUB-000188,IE,LE-IE-SYNTH-001,ACTIVE,CONTRACTOR,PERMANENT,2015-10-23,,F,Engineering,Dublin,CC-IE-007
HRIS-WKR-000189,WKR-PUB-000189,IE,LE-IE-SYNTH-001,ACTIVE,EMPLOYEE,PERMANENT,2018-08-24,,M,Operations,Dublin,CC-IE-019
HRIS-WKR-000190,WKR-PUB-000190,IE,LE-IE-SYNTH-001,ACTIVE,EMPLOYEE,PERMANENT,2015-04-14,,M,Engineering,Dublin,CC-IE-012
HRIS-WKR-000191,WKR-PUB-000191,IE,LE-IE-SYNTH-001,ACTIVE,CONTRACTOR,PERMANENT,2019-07-07,,F,Sales,Galway,CC-IE-020
HRIS-WKR-000192,WKR-PUB-000192,IE,LE-IE-SYNTH-001,ACTIVE,EMPLOYEE,PERMANENT,2015-11-03,,F,Technology,Cork,CC-IE-009
HRIS-WKR-000193,WKR-PUB-000193,IE,LE-IE-SYNTH-001,ACTIVE,EMPLOYEE,PERMANENT,2019-02-17,,M,Operations,Dublin,CC-IE-034
HRIS-WKR-000194,WKR-PUB-000194,IE,LE-IE-SYNTH-001,ACTIVE,EMPLOYEE,PERMANENT,2022-10-02,,M,Sales,Dublin,CC-IE-040
HRIS-WKR-000195,WKR-PUB-000195,IE,LE-IE-SYNTH-001,ACTIVE,EMPLOYEE,PERMANENT,2025-05-04,,M,People,Remote-IE,CC-IE-033
HRIS-WKR-000196,WKR-PUB-000196,IE,LE-IE-SYNTH-001,ACTIVE,EMPLOYEE,PERMANENT,2016-03-08,,F,Engineering,Dublin,CC-IE-010
HRIS-WKR-000197,WKR-PUB-000197,IE,LE-IE-SYNTH-001,ACTIVE,EMPLOYEE,PERMANENT,2021-10-11,,F,People,Dublin,CC-IE-006
HRIS-WKR-000198,WKR-PUB-000198,IE,LE-IE-SYNTH-001,ACTIVE,EMPLOYEE,PERMANENT,2018-08-05,,F,Sales,Dublin,CC-IE-006
HRIS-WKR-000199,WKR-PUB-000199,IE,LE-IE-SYNTH-001,TERMINATED,EMPLOYEE,PERMANENT,2025-12-14,2026-04-11,F,Engineering,Limerick,CC-IE-009
HRIS-WKR-000200,WKR-PUB-000200,IE,LE-IE-SYNTH-001,ACTIVE,EMPLOYEE,PERMANENT,2021-06-02,,M,Technology,Dublin,CC-IE-030
HRIS-WKR-000201,WKR-PUB-000201,IE,LE-IE-SYNTH-001,ACTIVE,EMPLOYEE,PERMANENT,2020-10-25,,M,People,Dublin,CC-IE-020
HRIS-WKR-000202,WKR-PUB-000202,IE,LE-IE-SYNTH-001,ACTIVE,EMPLOYEE,PERMANENT,2020-10-10,,F,People,Remote-IE,CC-IE-005
HRIS-WKR-000203,WKR-PUB-000203,IE,LE-IE-SYNTH-001,ACTIVE,EMPLOYEE,PERMANENT,2022-07-19,,F,Engineering,Dublin,CC-IE-013
HRIS-WKR-000204,WKR-PUB-000204,IE,LE-IE-SYNTH-001,ACTIVE,EMPLOYEE,PERMANENT,2018-03-06,,F,Sales,Remote-IE,CC-IE-024
HRIS-WKR-000205,WKR-PUB-000205,IE,LE-IE-SYNTH-001,ACTIVE,CONTRACTOR,PERMANENT,2024-12-27,,M,Operations,Dublin,CC-IE-029
HRIS-WKR-000206,WKR-PUB-000206,IE,LE-IE-SYNTH-001,ACTIVE,EMPLOYEE,PERMANENT,2025-10-31,,M,Engineering,Limerick,CC-IE-008
HRIS-WKR-000207,WKR-PUB-000207,IE,LE-IE-SYNTH-001,ACTIVE,CONTRACTOR,PERMANENT,2024-05-16,,M,Engineering,Dublin,CC-IE-009
HRIS-WKR-000208,WKR-PUB-000208,IE,LE-IE-SYNTH-001,ACTIVE,EMPLOYEE,PERMANENT,2024-07-16,,M,Operations,Dublin,CC-IE-026
HRIS-WKR-000209,WKR-PUB-000209,IE,LE-IE-SYNTH-001,ACTIVE,EMPLOYEE,PERMANENT,2024-06-15,,F,Operations,Dublin,CC-IE-020
HRIS-WKR-000210,WKR-PUB-000210,IE,LE-IE-SYNTH-001,ACTIVE,EMPLOYEE,PERMANENT,2019-10-12,,F,Engineering,Dublin,CC-IE-033
HRIS-WKR-000211,WKR-PUB-000211,IE,LE-IE-SYNTH-001,ACTIVE,EMPLOYEE,PERMANENT,2020-04-07,,M,Engineering,Dublin,CC-IE-037
HRIS-WKR-000212,WKR-PUB-000212,IE,LE-IE-SYNTH-001,ACTIVE,EMPLOYEE,PERMANENT,2017-10-16,,F,Sales,Remote-IE,CC-IE-033
HRIS-WKR-000213,WKR-PUB-000213,IE,LE-IE-SYNTH-001,ACTIVE,CONTRACTOR,PERMANENT,2020-12-22,,F,Sales,Dublin,CC-IE-039
HRIS-WKR-000214,WKR-PUB-000214,IE,LE-IE-SYNTH-001,ACTIVE,EMPLOYEE,PERMANENT,2019-02-27,,F,Technology,Cork,CC-IE-022
HRIS-WKR-000215,WKR-PUB-000215,IE,LE-IE-SYNTH-001,TERMINATED,EMPLOYEE,PERMANENT,2014-10-18,2026-05-31,M,Finance,Galway,CC-IE-033
HRIS-WKR-000216,WKR-PUB-000216,IE,LE-IE-SYNTH-001,ACTIVE,EMPLOYEE,PERMANENT,2019-10-04,,M,Engineering,Remote-IE,CC-IE-024
HRIS-WKR-000217,WKR-PUB-000217,IE,LE-IE-SYNTH-001,ACTIVE,EMPLOYEE,PERMANENT,2018-12-13,,M,People,Cork,CC-IE-033
HRIS-WKR-000218,WKR-PUB-000218,IE,LE-IE-SYNTH-001,ACTIVE,CONTRACTOR,PERMANENT,2025-12-05,,F,Sales,Dublin,CC-IE-022
HRIS-WKR-000219,WKR-PUB-000219,IE,LE-IE-SYNTH-001,ACTIVE,EMPLOYEE,PERMANENT,2025-01-22,,F,Technology,Dublin,CC-IE-011
HRIS-WKR-000220,WKR-PUB-000220,IE,LE-IE-SYNTH-001,ACTIVE,EMPLOYEE,FIXED_TERM,2024-07-02,,F,Engineering,Dublin,CC-IE-002
HRIS-WKR-000221,WKR-PUB-000221,IE,LE-IE-SYNTH-001,ACTIVE,CONTRACTOR,PERMANENT,2025-06-08,,F,People,Dublin,CC-IE-010
HRIS-WKR-000222,WKR-PUB-000222,IE,LE-IE-SYNTH-001,ACTIVE,EMPLOYEE,PERMANENT,2017-03-08,,M,Operations,Galway,CC-IE-037
HRIS-WKR-000223,WKR-PUB-000223,IE,LE-IE-SYNTH-001,ACTIVE,EMPLOYEE,PERMANENT,2020-01-11,,M,Finance,Limerick,CC-IE-022
HRIS-WKR-000224,WKR-PUB-000224,IE,LE-IE-SYNTH-001,ACTIVE,EMPLOYEE,APPRENTICE,2015-11-22,,F,Finance,Dublin,CC-IE-008
HRIS-WKR-000225,WKR-PUB-000225,IE,LE-IE-SYNTH-001,ACTIVE,EMPLOYEE,PERMANENT,2023-09-13,,F,Sales,Dublin,CC-IE-001
HRIS-WKR-000226,WKR-PUB-000226,IE,LE-IE-SYNTH-001,ACTIVE,EMPLOYEE,FIXED_TERM,2016-06-11,,M,Operations,Dublin,CC-IE-015
HRIS-WKR-000227,WKR-PUB-000227,IE,LE-IE-SYNTH-001,ACTIVE,EMPLOYEE,PERMANENT,2025-03-27,,M,Engineering,Dublin,CC-IE-030
HRIS-WKR-000228,WKR-PUB-000228,IE,LE-IE-SYNTH-001,ACTIVE,CONTRACTOR,FIXED_TERM,2015-11-03,,M,Engineering,Dublin,CC-IE-018
HRIS-WKR-000229,WKR-PUB-000229,IE,LE-IE-SYNTH-001,ACTIVE,EMPLOYEE,PERMANENT,2014-10-01,,F,Finance,Dublin,CC-IE-021
HRIS-WKR-000230,WKR-PUB-000230,IE,LE-IE-SYNTH-001,ACTIVE,EMPLOYEE,PERMANENT,2019-05-23,,F,People,Dublin,CC-IE-017
HRIS-WKR-000231,WKR-PUB-000231,IE,LE-IE-SYNTH-001,TERMINATED,EMPLOYEE,PERMANENT,2015-03-05,2026-12-19,F,Sales,Dublin,CC-IE-016
HRIS-WKR-000232,WKR-PUB-000232,IE,LE-IE-SYNTH-001,ACTIVE,EMPLOYEE,PERMANENT,2023-11-09,,F,Engineering,Dublin,CC-IE-007
HRIS-WKR-000233,WKR-PUB-000233,IE,LE-IE-SYNTH-001,TERMINATED,CONTRACTOR,PERMANENT,2015-05-16,2026-02-26,F,People,Dublin,CC-IE-012
HRIS-WKR-000234,WKR-PUB-000234,IE,LE-IE-SYNTH-001,ACTIVE,EMPLOYEE,PERMANENT,2016-07-03,,M,People,Dublin,CC-IE-005
HRIS-WKR-000235,WKR-PUB-000235,IE,LE-IE-SYNTH-001,ACTIVE,EMPLOYEE,PERMANENT,2014-11-23,,M,People,Dublin,CC-IE-014
HRIS-WKR-000236,WKR-PUB-000236,IE,LE-IE-SYNTH-001,ACTIVE,EMPLOYEE,PERMANENT,2016-02-06,,M,Operations,Dublin,CC-IE-032
HRIS-WKR-000237,WKR-PUB-000237,IE,LE-IE-SYNTH-001,ACTIVE,EMPLOYEE,PERMANENT,2015-08-29,,M,Engineering,Remote-IE,CC-IE-032
HRIS-WKR-000238,WKR-PUB-000238,IE,LE-IE-SYNTH-001,TERMINATED,CONTRACTOR,PERMANENT,2014-03-21,2026-09-10,F,Operations,Dublin,CC-IE-025
HRIS-WKR-000239,WKR-PUB-000239,IE,LE-IE-SYNTH-001,ACTIVE,EMPLOYEE,PERMANENT,2015-06-28,,F,People,Dublin,CC-IE-030
HRIS-WKR-000240,WKR-PUB-000240,IE,LE-IE-SYNTH-001,ACTIVE,EMPLOYEE,FIXED_TERM,2014-08-19,,F,Operations,Dublin,CC-IE-031
HRIS-WKR-000241,WKR-PUB-000241,IE,LE-IE-SYNTH-001,ACTIVE,EMPLOYEE,PERMANENT,2019-05-19,,UNDISCLOSED,Technology,Dublin,CC-IE-004
HRIS-WKR-000242,WKR-PUB-000242,IE,LE-IE-SYNTH-001,TERMINATED,EMPLOYEE,FIXED_TERM,2021-02-11,2026-04-25,F,Engineering,Dublin,CC-IE-006
HRIS-WKR-000243,WKR-PUB-000243,IE,LE-IE-SYNTH-001,ACTIVE,EMPLOYEE,FIXED_TERM,2025-07-30,,M,Operations,Dublin,CC-IE-037
HRIS-WKR-000244,WKR-PUB-000244,IE,LE-IE-SYNTH-001,ACTIVE,EMPLOYEE,PERMANENT,2016-08-24,,F,Sales,Cork,CC-IE-005
HRIS-WKR-000245,WKR-PUB-000245,IE,LE-IE-SYNTH-001,ACTIVE,EMPLOYEE,APPRENTICE,2024-07-07,,,Technology,Dublin,CC-IE-023
HRIS-WKR-000246,WKR-PUB-000246,IE,LE-IE-SYNTH-001,TERMINATED,EMPLOYEE,PERMANENT,2022-11-23,2026-04-11,M,Sales,Dublin,CC-IE-015
HRIS-WKR-000247,WKR-PUB-000247,IE,LE-IE-SYNTH-001,ACTIVE,EMPLOYEE,PERMANENT,2020-05-12,,F,People,Dublin,CC-IE-031
HRIS-WKR-000248,WKR-PUB-000248,IE,LE-IE-SYNTH-001,ACTIVE,EMPLOYEE,PERMANENT,2022-04-17,,F,Engineering,Dublin,CC-IE-032
HRIS-WKR-000249,WKR-PUB-000249,IE,LE-IE-SYNTH-001,ACTIVE,EMPLOYEE,PERMANENT,2015-09-22,,F,Finance,Dublin,CC-IE-028
HRIS-WKR-000250,WKR-PUB-000250,IE,LE-IE-SYNTH-001,ACTIVE,EMPLOYEE,PERMANENT,2014-11-07,,M,Engineering,Galway,CC-IE-031
HRIS-WKR-000251,WKR-PUB-000251,IE,LE-IE-SYNTH-001,ACTIVE,EMPLOYEE,PERMANENT,2014-03-21,,M,Engineering,Cork,CC-IE-036
HRIS-WKR-000252,WKR-PUB-000252,IE,LE-IE-SYNTH-001,ACTIVE,EMPLOYEE,PERMANENT,2025-11-29,,F,Engineering,Dublin,CC-IE-028
HRIS-WKR-000253,WKR-PUB-000253,IE,LE-IE-SYNTH-001,ACTIVE,EMPLOYEE,FIXED_TERM,2021-02-06,,F,Engineering,Dublin,CC-IE-040
HRIS-WKR-000254,WKR-PUB-000254,IE,LE-IE-SYNTH-001,ACTIVE,EMPLOYEE,PERMANENT,2017-08-19,,F,Engineering,Remote-IE,CC-IE-016
HRIS-WKR-000255,WKR-PUB-000255,IE,LE-IE-SYNTH-001,ACTIVE,EMPLOYEE,PERMANENT,2016-08-09,,F,Engineering,Cork,CC-IE-038
HRIS-WKR-000256,WKR-PUB-000256,IE,LE-IE-SYNTH-001,ACTIVE,EMPLOYEE,PERMANENT,2017-09-16,,M,Engineering,Dublin,CC-IE-038
HRIS-WKR-000257,WKR-PUB-000257,IE,LE-IE-SYNTH-001,ACTIVE,EMPLOYEE,PERMANENT,2020-06-04,,M,Engineering,Dublin,CC-IE-006
HRIS-WKR-000258,WKR-PUB-000258,IE,LE-IE-SYNTH-001,ACTIVE,EMPLOYEE,PERMANENT,2023-04-05,,F,Finance,Dublin,CC-IE-001
HRIS-WKR-000259,WKR-PUB-000259,IE,LE-IE-SYNTH-001,ACTIVE,EMPLOYEE,PERMANENT,2017-12-22,,M,Finance,Limerick,CC-IE-031
HRIS-WKR-000260,WKR-PUB-000260,IE,LE-IE-SYNTH-001,ACTIVE,EMPLOYEE,PERMANENT,2024-05-30,,F,Technology,Remote-IE,CC-IE-014
HRIS-WKR-000261,WKR-PUB-000261,IE,LE-IE-SYNTH-001,ACTIVE,EMPLOYEE,PERMANENT,2014-09-24,,M,Operations,Dublin,CC-IE-034
HRIS-WKR-000262,WKR-PUB-000262,IE,LE-IE-SYNTH-001,ACTIVE,EMPLOYEE,FIXED_TERM,2021-02-09,,M,Operations,Galway,CC-IE-035
HRIS-WKR-000263,WKR-PUB-000263,IE,LE-IE-SYNTH-001,ACTIVE,EMPLOYEE,PERMANENT,2015-04-18,,M,Operations,Dublin,CC-IE-021
HRIS-WKR-000264,WKR-PUB-000264,IE,LE-IE-SYNTH-001,ACTIVE,EMPLOYEE,FIXED_TERM,2017-10-19,,F,Engineering,Limerick,CC-IE-014
HRIS-WKR-000265,WKR-PUB-000265,IE,LE-IE-SYNTH-001,ACTIVE,EMPLOYEE,FIXED_TERM,2019-11-22,,F,Engineering,Remote-IE,CC-IE-039
HRIS-WKR-000266,WKR-PUB-000266,IE,LE-IE-SYNTH-001,TERMINATED,EMPLOYEE,PERMANENT,2018-07-23,2026-04-07,M,Technology,Dublin,CC-IE-029
HRIS-WKR-000267,WKR-PUB-000267,IE,LE-IE-SYNTH-001,TERMINATED,EMPLOYEE,PERMANENT,2022-05-27,2026-12-27,F,Engineering,Remote-IE,CC-IE-031
HRIS-WKR-000268,WKR-PUB-000268,IE,LE-IE-SYNTH-001,ACTIVE,EMPLOYEE,PERMANENT,2020-01-09,,F,People,Dublin,CC-IE-030
HRIS-WKR-000269,WKR-PUB-000269,IE,LE-IE-SYNTH-001,ACTIVE,EMPLOYEE,PERMANENT,2019-01-27,,,Engineering,Dublin,CC-IE-033
HRIS-WKR-000270,WKR-PUB-000270,IE,LE-IE-SYNTH-001,ACTIVE,EMPLOYEE,PERMANENT,2022-03-06,,F,People,Dublin,CC-IE-031
HRIS-WKR-000271,WKR-PUB-000271,IE,LE-IE-SYNTH-001,ACTIVE,CONTRACTOR,PERMANENT,2022-03-31,,F,Operations,Limerick,CC-IE-017
HRIS-WKR-000272,WKR-PUB-000272,IE,LE-IE-SYNTH-001,ACTIVE,EMPLOYEE,PERMANENT,2014-07-21,,M,Operations,Remote-IE,CC-IE-008
HRIS-WKR-000273,WKR-PUB-000273,IE,LE-IE-SYNTH-001,ACTIVE,EMPLOYEE,PERMANENT,2020-05-15,,,Engineering,Dublin,CC-IE-021
HRIS-WKR-000274,WKR-PUB-000274,IE,LE-IE-SYNTH-001,ACTIVE,EMPLOYEE,PERMANENT,2023-10-23,,M,Finance,Remote-IE,CC-IE-019
HRIS-WKR-000275,WKR-PUB-000275,IE,LE-IE-SYNTH-001,ACTIVE,EMPLOYEE,PERMANENT,2018-01-18,,M,Engineering,Cork,CC-IE-033
HRIS-WKR-000276,WKR-PUB-000276,IE,LE-IE-SYNTH-001,ACTIVE,EMPLOYEE,PERMANENT,2022-04-11,,M,Finance,Remote-IE,CC-IE-001
HRIS-WKR-000277,WKR-PUB-000277,IE,LE-IE-SYNTH-001,ACTIVE,EMPLOYEE,PERMANENT,2014-12-31,,F,Technology,Dublin,CC-IE-008
HRIS-WKR-000278,WKR-PUB-000278,IE,LE-IE-SYNTH-001,ACTIVE,EMPLOYEE,PERMANENT,2024-08-23,,F,Sales,Dublin,CC-IE-024
HRIS-WKR-000279,WKR-PUB-000279,IE,LE-IE-SYNTH-001,ACTIVE,EMPLOYEE,PERMANENT,2024-02-28,,F,Sales,Remote-IE,CC-IE-037
HRIS-WKR-000280,WKR-PUB-000280,IE,LE-IE-SYNTH-001,ACTIVE,EMPLOYEE,PERMANENT,2022-05-17,,M,People,Cork,CC-IE-009
HRIS-WKR-000281,WKR-PUB-000281,IE,LE-IE-SYNTH-001,ACTIVE,EMPLOYEE,PERMANENT,2017-07-24,,,People,Dublin,CC-IE-013
HRIS-WKR-000282,WKR-PUB-000282,IE,LE-IE-SYNTH-001,ACTIVE,EMPLOYEE,FIXED_TERM,2016-03-25,,F,Finance,Remote-IE,CC-IE-005
HRIS-WKR-000283,WKR-PUB-000283,IE,LE-IE-SYNTH-001,ACTIVE,EMPLOYEE,PERMANENT,2025-10-05,,M,Engineering,Galway,CC-IE-005
HRIS-WKR-000284,WKR-PUB-000284,IE,LE-IE-SYNTH-001,ACTIVE,EMPLOYEE,PERMANENT,2024-03-12,,M,People,Dublin,CC-IE-013
HRIS-WKR-000285,WKR-PUB-000285,IE,LE-IE-SYNTH-001,ACTIVE,EMPLOYEE,FIXED_TERM,2023-04-26,,,Operations,Dublin,CC-IE-017
HRIS-WKR-000286,WKR-PUB-000286,IE,LE-IE-SYNTH-001,ACTIVE,EMPLOYEE,PERMANENT,2015-04-12,,F,Technology,Remote-IE,CC-IE-033
HRIS-WKR-000287,WKR-PUB-000287,IE,LE-IE-SYNTH-001,ACTIVE,EMPLOYEE,PERMANENT,2019-03-13,,M,Finance,Dublin,CC-IE-035
HRIS-WKR-000288,WKR-PUB-000288,IE,LE-IE-SYNTH-001,ACTIVE,EMPLOYEE,PERMANENT,2018-09-27,,M,Engineering,Dublin,CC-IE-037
HRIS-WKR-000289,WKR-PUB-000289,IE,LE-IE-SYNTH-001,ACTIVE,EMPLOYEE,FIXED_TERM,2016-03-24,,F,Finance,Dublin,CC-IE-034
HRIS-WKR-000290,WKR-PUB-000290,IE,LE-IE-SYNTH-001,ACTIVE,EMPLOYEE,PERMANENT,2018-08-19,,M,Operations,Cork,CC-IE-038
HRIS-WKR-000291,WKR-PUB-000291,IE,LE-IE-SYNTH-001,ACTIVE,CONTRACTOR,APPRENTICE,2024-09-20,,M,Finance,Dublin,CC-IE-029
HRIS-WKR-000292,WKR-PUB-000292,IE,LE-IE-SYNTH-001,ACTIVE,EMPLOYEE,FIXED_TERM,2014-08-29,,M,Sales,Dublin,CC-IE-017
HRIS-WKR-000293,WKR-PUB-000293,IE,LE-IE-SYNTH-001,ACTIVE,EMPLOYEE,PERMANENT,2014-01-22,,F,Operations,Dublin,CC-IE-017
HRIS-WKR-000294,WKR-PUB-000294,IE,LE-IE-SYNTH-001,ACTIVE,EMPLOYEE,PERMANENT,2015-01-29,,F,Finance,Dublin,CC-IE-023
HRIS-WKR-000295,WKR-PUB-000295,IE,LE-IE-SYNTH-001,ACTIVE,EMPLOYEE,PERMANENT,2014-09-12,,F,Engineering,Limerick,CC-IE-014
HRIS-WKR-000296,WKR-PUB-000296,IE,LE-IE-SYNTH-001,ACTIVE,CONTRACTOR,PERMANENT,2014-01-01,,NB,Sales,Cork,CC-IE-001
HRIS-WKR-000297,WKR-PUB-000297,IE,LE-IE-SYNTH-001,ACTIVE,EMPLOYEE,PERMANENT,2019-02-11,,M,Operations,Dublin,CC-IE-019
HRIS-WKR-000298,WKR-PUB-000298,IE,LE-IE-SYNTH-001,ACTIVE,EMPLOYEE,PERMANENT,2014-09-16,,M,Engineering,Limerick,CC-IE-019
HRIS-WKR-000299,WKR-PUB-000299,IE,LE-IE-SYNTH-001,ACTIVE,EMPLOYEE,FIXED_TERM,2017-03-01,,,Engineering,Limerick,CC-IE-016
HRIS-WKR-000300,WKR-PUB-000300,IE,LE-IE-SYNTH-001,ACTIVE,EMPLOYEE,PERMANENT,2014-06-24,,F,Engineering,Dublin,CC-IE-036
HRIS-WKR-000301,WKR-PUB-000301,IE,LE-IE-SYNTH-001,ACTIVE,EMPLOYEE,FIXED_TERM,2018-02-08,,M,Engineering,Dublin,CC-IE-011
HRIS-WKR-000302,WKR-PUB-000302,IE,LE-IE-SYNTH-001,ACTIVE,EMPLOYEE,PERMANENT,2014-05-27,,F,Finance,Cork,CC-IE-019
HRIS-WKR-000303,WKR-PUB-000303,IE,LE-IE-SYNTH-001,ACTIVE,EMPLOYEE,PERMANENT,2020-03-08,,F,Operations,Dublin,CC-IE-027
HRIS-WKR-000304,WKR-PUB-000304,IE,LE-IE-SYNTH-001,ACTIVE,EMPLOYEE,APPRENTICE,2017-09-20,,F,Operations,Cork,CC-IE-025
HRIS-WKR-000305,WKR-PUB-000305,IE,LE-IE-SYNTH-001,ACTIVE,EMPLOYEE,PERMANENT,2018-03-08,,M,Sales,Remote-IE,CC-IE-017
HRIS-WKR-000306,WKR-PUB-000306,IE,LE-IE-SYNTH-001,ACTIVE,EMPLOYEE,PERMANENT,2015-07-30,,F,Engineering,Dublin,CC-IE-013
HRIS-WKR-000307,WKR-PUB-000307,IE,LE-IE-SYNTH-001,ACTIVE,EMPLOYEE,PERMANENT,2024-05-27,,M,Operations,Dublin,CC-IE-009
HRIS-WKR-000308,WKR-PUB-000308,IE,LE-IE-SYNTH-001,ACTIVE,EMPLOYEE,PERMANENT,2024-05-21,,F,People,Cork,CC-IE-012
HRIS-WKR-000309,WKR-PUB-000309,IE,LE-IE-SYNTH-001,ACTIVE,EMPLOYEE,PERMANENT,2014-04-15,,F,Sales,Dublin,CC-IE-025
HRIS-WKR-000310,WKR-PUB-000310,IE,LE-IE-SYNTH-001,ACTIVE,EMPLOYEE,PERMANENT,2017-02-21,,F,Engineering,Galway,CC-IE-004
HRIS-WKR-000311,WKR-PUB-000311,IE,LE-IE-SYNTH-001,ACTIVE,EMPLOYEE,PERMANENT,2016-05-19,,M,Engineering,Remote-IE,CC-IE-040
HRIS-WKR-000312,WKR-PUB-000312,IE,LE-IE-SYNTH-001,ACTIVE,CONTRACTOR,FIXED_TERM,2014-08-21,,M,Operations,Remote-IE,CC-IE-020
HRIS-WKR-000313,WKR-PUB-000313,IE,LE-IE-SYNTH-001,ACTIVE,EMPLOYEE,PERMANENT,2015-06-18,,M,People,Cork,CC-IE-006
HRIS-WKR-000314,WKR-PUB-000314,IE,LE-IE-SYNTH-001,ACTIVE,EMPLOYEE,PERMANENT,2018-09-09,,M,Sales,Limerick,CC-IE-018
HRIS-WKR-000315,WKR-PUB-000315,IE,LE-IE-SYNTH-001,ACTIVE,CONTRACTOR,PERMANENT,2021-03-08,,F,Sales,Dublin,CC-IE-003
HRIS-WKR-000316,WKR-PUB-000316,IE,LE-IE-SYNTH-001,ACTIVE,EMPLOYEE,PERMANENT,2020-03-25,,F,People,Dublin,CC-IE-027
HRIS-WKR-000317,WKR-PUB-000317,IE,LE-IE-SYNTH-001,ACTIVE,EMPLOYEE,PERMANENT,2018-01-27,,M,Technology,Dublin,CC-IE-007
HRIS-WKR-000318,WKR-PUB-000318,IE,LE-IE-SYNTH-001,ACTIVE,CONTRACTOR,PERMANENT,2014-06-17,,F,Technology,Dublin,CC-IE-038
HRIS-WKR-000319,WKR-PUB-000319,IE,LE-IE-SYNTH-001,ACTIVE,EMPLOYEE,PERMANENT,2015-03-28,,F,Operations,Dublin,CC-IE-022
HRIS-WKR-000320,WKR-PUB-000320,IE,LE-IE-SYNTH-001,ACTIVE,EMPLOYEE,PERMANENT,2025-09-22,,F,Engineering,Remote-IE,CC-IE-013
HRIS-WKR-000321,WKR-PUB-000321,IE,LE-IE-SYNTH-001,ACTIVE,EMPLOYEE,PERMANENT,2016-06-19,,M,Finance,Dublin,CC-IE-008
HRIS-WKR-000322,WKR-PUB-000322,IE,LE-IE-SYNTH-001,ACTIVE,EMPLOYEE,PERMANENT,2014-07-25,,M,Engineering,Galway,CC-IE-040
HRIS-WKR-000323,WKR-PUB-000323,IE,LE-IE-SYNTH-001,ACTIVE,EMPLOYEE,PERMANENT,2022-11-25,,M,Finance,Dublin,CC-IE-008
HRIS-WKR-000324,WKR-PUB-000324,IE,LE-IE-SYNTH-001,ACTIVE,EMPLOYEE,PERMANENT,2021-11-10,,M,Finance,Dublin,CC-IE-040
HRIS-WKR-000325,WKR-PUB-000325,IE,LE-IE-SYNTH-001,ACTIVE,CONTRACTOR,PERMANENT,2015-06-12,,M,Finance,Galway,CC-IE-003
HRIS-WKR-000326,WKR-PUB-000326,IE,LE-IE-SYNTH-001,ACTIVE,EMPLOYEE,APPRENTICE,2019-05-23,,,People,Remote-IE,CC-IE-035
HRIS-WKR-000327,WKR-PUB-000327,IE,LE-IE-SYNTH-001,ACTIVE,EMPLOYEE,FIXED_TERM,2015-02-12,,F,Engineering,Dublin,CC-IE-034
HRIS-WKR-000328,WKR-PUB-000328,IE,LE-IE-SYNTH-001,ACTIVE,EMPLOYEE,FIXED_TERM,2024-10-23,,M,Sales,Limerick,CC-IE-023
HRIS-WKR-000329,WKR-PUB-000329,IE,LE-IE-SYNTH-001,ACTIVE,EMPLOYEE,PERMANENT,2019-04-04,,M,Finance,Limerick,CC-IE-023
HRIS-WKR-000330,WKR-PUB-000330,IE,LE-IE-SYNTH-001,ACTIVE,EMPLOYEE,PERMANENT,2023-01-03,,F,Operations,Cork,CC-IE-030
HRIS-WKR-000331,WKR-PUB-000331,IE,LE-IE-SYNTH-001,ACTIVE,EMPLOYEE,PERMANENT,2022-10-25,,M,Engineering,Cork,CC-IE-009
HRIS-WKR-000332,WKR-PUB-000332,IE,LE-IE-SYNTH-001,ACTIVE,EMPLOYEE,FIXED_TERM,2022-07-13,,F,Engineering,Dublin,CC-IE-011
HRIS-WKR-000333,WKR-PUB-000333,IE,LE-IE-SYNTH-001,ACTIVE,EMPLOYEE,FIXED_TERM,2018-11-26,,M,Engineering,Remote-IE,CC-IE-036
HRIS-WKR-000334,WKR-PUB-000334,IE,LE-IE-SYNTH-001,ACTIVE,EMPLOYEE,FIXED_TERM,2019-05-27,,M,Engineering,Galway,CC-IE-028
HRIS-WKR-000335,WKR-PUB-000335,IE,LE-IE-SYNTH-001,ACTIVE,EMPLOYEE,FIXED_TERM,2018-12-07,,NB,People,Remote-IE,CC-IE-040
HRIS-WKR-000336,WKR-PUB-000336,IE,LE-IE-SYNTH-001,ACTIVE,EMPLOYEE,PERMANENT,2025-03-04,,F,People,Galway,CC-IE-028
HRIS-WKR-000337,WKR-PUB-000337,IE,LE-IE-SYNTH-001,ACTIVE,EMPLOYEE,PERMANENT,2018-03-05,,M,Technology,Remote-IE,CC-IE-028
HRIS-WKR-000338,WKR-PUB-000338,IE,LE-IE-SYNTH-001,ACTIVE,EMPLOYEE,PERMANENT,2022-01-16,,M,Operations,Cork,CC-IE-005
HRIS-WKR-000339,WKR-PUB-000339,IE,LE-IE-SYNTH-001,ACTIVE,EMPLOYEE,PERMANENT,2022-04-22,,M,Engineering,Dublin,CC-IE-013
HRIS-WKR-000340,WKR-PUB-000340,IE,LE-IE-SYNTH-001,ACTIVE,EMPLOYEE,PERMANENT,2024-02-28,,M,Engineering,Dublin,CC-IE-007
HRIS-WKR-000341,WKR-PUB-000341,IE,LE-IE-SYNTH-001,ACTIVE,EMPLOYEE,FIXED_TERM,2023-08-27,,M,Finance,Dublin,CC-IE-023
HRIS-WKR-000342,WKR-PUB-000342,IE,LE-IE-SYNTH-001,ACTIVE,EMPLOYEE,PERMANENT,2017-09-09,,,Technology,Dublin,CC-IE-039
HRIS-WKR-000343,WKR-PUB-000343,IE,LE-IE-SYNTH-001,ACTIVE,EMPLOYEE,PERMANENT,2025-09-26,,F,Engineering,Galway,CC-IE-026
HRIS-WKR-000344,WKR-PUB-000344,IE,LE-IE-SYNTH-001,ACTIVE,EMPLOYEE,APPRENTICE,2016-06-29,,F,Sales,Dublin,CC-IE-018
HRIS-WKR-000345,WKR-PUB-000345,IE,LE-IE-SYNTH-001,ACTIVE,EMPLOYEE,PERMANENT,2019-07-08,,F,Sales,Dublin,CC-IE-008
HRIS-WKR-000346,WKR-PUB-000346,IE,LE-IE-SYNTH-001,ACTIVE,EMPLOYEE,PERMANENT,2023-05-26,,M,Engineering,Dublin,CC-IE-028
HRIS-WKR-000347,WKR-PUB-000347,IE,LE-IE-SYNTH-001,ACTIVE,EMPLOYEE,PERMANENT,2018-02-25,,M,Operations,Galway,CC-IE-011
HRIS-WKR-000348,WKR-PUB-000348,IE,LE-IE-SYNTH-001,ACTIVE,EMPLOYEE,PERMANENT,2016-08-02,,M,Operations,Dublin,CC-IE-007
HRIS-WKR-000349,WKR-PUB-000349,IE,LE-IE-SYNTH-001,ACTIVE,EMPLOYEE,PERMANENT,2016-03-28,,M,Engineering,Cork,CC-IE-038
HRIS-WKR-000350,WKR-PUB-000350,IE,LE-IE-SYNTH-001,ACTIVE,EMPLOYEE,PERMANENT,2014-02-27,,M,Operations,Dublin,CC-IE-015
HRIS-WKR-000351,WKR-PUB-000351,IE,LE-IE-SYNTH-001,ACTIVE,EMPLOYEE,PERMANENT,2025-01-28,,M,Operations,Cork,CC-IE-016
HRIS-WKR-000352,WKR-PUB-000352,IE,LE-IE-SYNTH-001,ACTIVE,CONTRACTOR,FIXED_TERM,2024-05-09,,F,Technology,Galway,CC-IE-008
HRIS-WKR-000353,WKR-PUB-000353,IE,LE-IE-SYNTH-001,ACTIVE,EMPLOYEE,PERMANENT,2016-09-07,,F,Sales,Galway,CC-IE-005
HRIS-WKR-000354,WKR-PUB-000354,IE,LE-IE-SYNTH-001,ACTIVE,EMPLOYEE,PERMANENT,2021-08-09,,F,Engineering,Dublin,CC-IE-032
HRIS-WKR-000355,WKR-PUB-000355,IE,LE-IE-SYNTH-001,ACTIVE,EMPLOYEE,PERMANENT,2018-03-31,,M,Operations,Dublin,CC-IE-011
HRIS-WKR-000356,WKR-PUB-000356,IE,LE-IE-SYNTH-001,ACTIVE,EMPLOYEE,PERMANENT,2018-04-22,,NB,Sales,Remote-IE,CC-IE-025
HRIS-WKR-000357,WKR-PUB-000357,IE,LE-IE-SYNTH-001,ACTIVE,EMPLOYEE,PERMANENT,2018-04-07,,M,Engineering,Cork,CC-IE-040
HRIS-WKR-000358,WKR-PUB-000358,IE,LE-IE-SYNTH-001,ACTIVE,EMPLOYEE,PERMANENT,2018-10-16,,M,Finance,Dublin,CC-IE-002
HRIS-WKR-000359,WKR-PUB-000359,IE,LE-IE-SYNTH-001,ACTIVE,EMPLOYEE,PERMANENT,2018-09-15,,M,Engineering,Cork,CC-IE-039
HRIS-WKR-000360,WKR-PUB-000360,IE,LE-IE-SYNTH-001,ACTIVE,EMPLOYEE,PERMANENT,2026-02-21,,,Operations,Dublin,CC-IE-012
HRIS-WKR-000361,WKR-PUB-000361,IE,LE-IE-SYNTH-001,ACTIVE,EMPLOYEE,PERMANENT,2020-10-30,,M,Technology,Remote-IE,CC-IE-031
HRIS-WKR-000362,WKR-PUB-000362,IE,LE-IE-SYNTH-001,ACTIVE,CONTRACTOR,FIXED_TERM,2023-04-04,,F,Sales,Limerick,CC-IE-024
HRIS-WKR-000363,WKR-PUB-000363,IE,LE-IE-SYNTH-001,TERMINATED,EMPLOYEE,APPRENTICE,2025-02-02,2026-07-25,M,People,Dublin,CC-IE-014
HRIS-WKR-000364,WKR-PUB-000364,IE,LE-IE-SYNTH-001,ACTIVE,EMPLOYEE,APPRENTICE,2025-09-20,,F,Sales,Cork,CC-IE-013
HRIS-WKR-000365,WKR-PUB-000365,IE,LE-IE-SYNTH-001,ACTIVE,EMPLOYEE,PERMANENT,2021-06-24,,F,Sales,Dublin,CC-IE-020
HRIS-WKR-000366,WKR-PUB-000366,IE,LE-IE-SYNTH-001,ACTIVE,EMPLOYEE,FIXED_TERM,2019-11-22,,F,Finance,Cork,CC-IE-025
HRIS-WKR-000367,WKR-PUB-000367,IE,LE-IE-SYNTH-001,ACTIVE,EMPLOYEE,PERMANENT,2021-01-31,,M,Engineering,Limerick,CC-IE-024
HRIS-WKR-000368,WKR-PUB-000368,IE,LE-IE-SYNTH-001,ACTIVE,EMPLOYEE,PERMANENT,2015-11-12,,F,Engineering,Remote-IE,CC-IE-009
HRIS-WKR-000369,WKR-PUB-000369,IE,LE-IE-SYNTH-001,ACTIVE,EMPLOYEE,PERMANENT,2022-02-26,,M,Sales,Limerick,CC-IE-036
HRIS-WKR-000370,WKR-PUB-000370,IE,LE-IE-SYNTH-001,ACTIVE,EMPLOYEE,FIXED_TERM,2025-04-16,,M,Technology,Cork,CC-IE-024
HRIS-WKR-000371,WKR-PUB-000371,IE,LE-IE-SYNTH-001,ACTIVE,CONTRACTOR,FIXED_TERM,2014-05-05,,M,Technology,Cork,CC-IE-020
HRIS-WKR-000372,WKR-PUB-000372,IE,LE-IE-SYNTH-001,ACTIVE,EMPLOYEE,PERMANENT,2022-04-13,,F,Operations,Dublin,CC-IE-040
HRIS-WKR-000373,WKR-PUB-000373,IE,LE-IE-SYNTH-001,ACTIVE,EMPLOYEE,PERMANENT,2016-07-25,,F,Operations,Dublin,CC-IE-016
HRIS-WKR-000374,WKR-PUB-000374,IE,LE-IE-SYNTH-001,ACTIVE,EMPLOYEE,PERMANENT,2018-08-05,,M,Engineering,Dublin,CC-IE-019
HRIS-WKR-000375,WKR-PUB-000375,IE,LE-IE-SYNTH-001,ACTIVE,EMPLOYEE,PERMANENT,2021-01-21,,M,Technology,Dublin,CC-IE-010
HRIS-WKR-000376,WKR-PUB-000376,IE,LE-IE-SYNTH-001,ACTIVE,EMPLOYEE,PERMANENT,2025-11-15,,F,Operations,Dublin,CC-IE-007
HRIS-WKR-000377,WKR-PUB-000377,IE,LE-IE-SYNTH-001,ACTIVE,EMPLOYEE,FIXED_TERM,2017-11-02,,M,Engineering,Dublin,CC-IE-038
HRIS-WKR-000378,WKR-PUB-000378,IE,LE-IE-SYNTH-001,ACTIVE,CONTRACTOR,FIXED_TERM,2024-01-07,,F,Technology,Dublin,CC-IE-030
HRIS-WKR-000379,WKR-PUB-000379,IE,LE-IE-SYNTH-001,ACTIVE,EMPLOYEE,PERMANENT,2014-07-06,,M,Engineering,Dublin,CC-IE-012
HRIS-WKR-000380,WKR-PUB-000380,IE,LE-IE-SYNTH-001,ACTIVE,EMPLOYEE,FIXED_TERM,2018-08-30,,F,Sales,Remote-IE,CC-IE-006
HRIS-WKR-000381,WKR-PUB-000381,IE,LE-IE-SYNTH-001,ACTIVE,EMPLOYEE,PERMANENT,2016-06-15,,UNDISCLOSED,Operations,Remote-IE,CC-IE-017
HRIS-WKR-000382,WKR-PUB-000382,IE,LE-IE-SYNTH-001,ACTIVE,EMPLOYEE,FIXED_TERM,2019-07-20,,M,Operations,Dublin,CC-IE-016
HRIS-WKR-000383,WKR-PUB-000383,IE,LE-IE-SYNTH-001,ACTIVE,EMPLOYEE,PERMANENT,2016-06-03,,F,Technology,Dublin,CC-IE-035
HRIS-WKR-000384,WKR-PUB-000384,IE,LE-IE-SYNTH-001,ACTIVE,EMPLOYEE,FIXED_TERM,2020-06-20,,F,Operations,Dublin,CC-IE-014
HRIS-WKR-000385,WKR-PUB-000385,IE,LE-IE-SYNTH-001,ACTIVE,EMPLOYEE,FIXED_TERM,2014-05-30,,NB,Operations,Dublin,CC-IE-006
HRIS-WKR-000386,WKR-PUB-000386,IE,LE-IE-SYNTH-001,ACTIVE,EMPLOYEE,PERMANENT,2019-12-18,,F,Operations,Galway,CC-IE-003
HRIS-WKR-000387,WKR-PUB-000387,IE,LE-IE-SYNTH-001,ACTIVE,EMPLOYEE,FIXED_TERM,2020-02-14,,M,Operations,Limerick,CC-IE-009
HRIS-WKR-000388,WKR-PUB-000388,IE,LE-IE-SYNTH-001,ACTIVE,EMPLOYEE,APPRENTICE,2017-03-05,,F,Operations,Dublin,CC-IE-017
HRIS-WKR-000389,WKR-PUB-000389,IE,LE-IE-SYNTH-001,ACTIVE,EMPLOYEE,PERMANENT,2020-08-27,,M,Operations,Galway,CC-IE-002
HRIS-WKR-000390,WKR-PUB-000390,IE,LE-IE-SYNTH-001,ACTIVE,EMPLOYEE,FIXED_TERM,2024-07-12,,F,Sales,Cork,CC-IE-011
HRIS-WKR-000391,WKR-PUB-000391,IE,LE-IE-SYNTH-001,ACTIVE,EMPLOYEE,PERMANENT,2014-02-18,,M,Engineering,Dublin,CC-IE-015
HRIS-WKR-000392,WKR-PUB-000392,IE,LE-IE-SYNTH-001,ACTIVE,EMPLOYEE,PERMANENT,2016-08-11,,F,People,Galway,CC-IE-021
HRIS-WKR-000393,WKR-PUB-000393,IE,LE-IE-SYNTH-001,ACTIVE,EMPLOYEE,PERMANENT,2023-03-10,,F,Finance,Dublin,CC-IE-008
HRIS-WKR-000394,WKR-PUB-000394,IE,LE-IE-SYNTH-001,ACTIVE,EMPLOYEE,FIXED_TERM,2023-08-23,,F,Sales,Galway,CC-IE-006
HRIS-WKR-000395,WKR-PUB-000395,IE,LE-IE-SYNTH-001,ACTIVE,EMPLOYEE,PERMANENT,2025-02-14,,M,Engineering,Dublin,CC-IE-012
HRIS-WKR-000396,WKR-PUB-000396,IE,LE-IE-SYNTH-001,ACTIVE,EMPLOYEE,PERMANENT,2023-04-17,,M,Engineering,Dublin,CC-IE-029
HRIS-WKR-000397,WKR-PUB-000397,IE,LE-IE-SYNTH-001,ACTIVE,EMPLOYEE,PERMANENT,2016-12-01,,F,Finance,Dublin,CC-IE-021
HRIS-WKR-000398,WKR-PUB-000398,IE,LE-IE-SYNTH-001,ACTIVE,EMPLOYEE,PERMANENT,2019-10-06,,M,Engineering,Remote-IE,CC-IE-029
HRIS-WKR-000399,WKR-PUB-000399,IE,LE-IE-SYNTH-001,ACTIVE,EMPLOYEE,FIXED_TERM,2019-11-03,,M,Technology,Dublin,CC-IE-001
HRIS-WKR-000400,WKR-PUB-000400,IE,LE-IE-SYNTH-001,ACTIVE,EMPLOYEE,PERMANENT,2017-04-02,,M,Sales,Dublin,CC-IE-014
HRIS-WKR-000401,WKR-PUB-000401,IE,LE-IE-SYNTH-001,ACTIVE,EMPLOYEE,PERMANENT,2021-01-03,,F,Finance,Dublin,CC-IE-026
HRIS-WKR-000402,WKR-PUB-000402,IE,LE-IE-SYNTH-001,ACTIVE,EMPLOYEE,PERMANENT,2025-01-07,,M,Engineering,Limerick,CC-IE-026
HRIS-WKR-000403,WKR-PUB-000403,IE,LE-IE-SYNTH-001,ACTIVE,EMPLOYEE,PERMANENT,2015-03-16,,,Engineering,Dublin,CC-IE-011
HRIS-WKR-000404,WKR-PUB-000404,IE,LE-IE-SYNTH-001,ACTIVE,EMPLOYEE,PERMANENT,2016-03-08,,M,Operations,Dublin,CC-IE-031
HRIS-WKR-000405,WKR-PUB-000405,IE,LE-IE-SYNTH-001,ACTIVE,EMPLOYEE,FIXED_TERM,2016-11-01,,F,Sales,Galway,CC-IE-013
HRIS-WKR-000406,WKR-PUB-000406,IE,LE-IE-SYNTH-001,ACTIVE,EMPLOYEE,FIXED_TERM,2024-09-17,,F,Operations,Dublin,CC-IE-005
HRIS-WKR-000407,WKR-PUB-000407,IE,LE-IE-SYNTH-001,ACTIVE,EMPLOYEE,PERMANENT,2024-09-03,,F,People,Galway,CC-IE-006
HRIS-WKR-000408,WKR-PUB-000408,IE,LE-IE-SYNTH-001,ACTIVE,EMPLOYEE,FIXED_TERM,2018-02-16,,,Sales,Remote-IE,CC-IE-028
HRIS-WKR-000409,WKR-PUB-000409,IE,LE-IE-SYNTH-001,ACTIVE,EMPLOYEE,PERMANENT,2025-06-01,,M,Finance,Cork,CC-IE-036
HRIS-WKR-000410,WKR-PUB-000410,IE,LE-IE-SYNTH-001,ACTIVE,EMPLOYEE,FIXED_TERM,2017-08-11,,M,Engineering,Dublin,CC-IE-010
HRIS-WKR-000411,WKR-PUB-000411,IE,LE-IE-SYNTH-001,ACTIVE,EMPLOYEE,PERMANENT,2016-06-23,,M,Sales,Limerick,CC-IE-036
HRIS-WKR-000412,WKR-PUB-000412,IE,LE-IE-SYNTH-001,ACTIVE,CONTRACTOR,PERMANENT,2016-08-25,,M,Engineering,Cork,CC-IE-032
HRIS-WKR-000413,WKR-PUB-000413,IE,LE-IE-SYNTH-001,ACTIVE,CONTRACTOR,PERMANENT,2021-11-13,,F,Finance,Cork,CC-IE-004
HRIS-WKR-000414,WKR-PUB-000414,IE,LE-IE-SYNTH-001,ACTIVE,EMPLOYEE,PERMANENT,2024-03-20,,NB,Technology,Cork,CC-IE-026
HRIS-WKR-000415,WKR-PUB-000415,IE,LE-IE-SYNTH-001,ACTIVE,EMPLOYEE,PERMANENT,2018-08-04,,M,Operations,Remote-IE,CC-IE-031
HRIS-WKR-000416,WKR-PUB-000416,IE,LE-IE-SYNTH-001,ACTIVE,EMPLOYEE,APPRENTICE,2025-04-28,,M,Finance,Dublin,CC-IE-001
HRIS-WKR-000417,WKR-PUB-000417,IE,LE-IE-SYNTH-001,ACTIVE,EMPLOYEE,PERMANENT,2023-04-02,,M,Engineering,Dublin,CC-IE-017
HRIS-WKR-000418,WKR-PUB-000418,IE,LE-IE-SYNTH-001,ACTIVE,EMPLOYEE,PERMANENT,2015-01-05,,F,Engineering,Dublin,CC-IE-039
HRIS-WKR-000419,WKR-PUB-000419,IE,LE-IE-SYNTH-001,ACTIVE,EMPLOYEE,PERMANENT,2022-10-21,,M,Engineering,Cork,CC-IE-012
HRIS-WKR-000420,WKR-PUB-000420,IE,LE-IE-SYNTH-001,ACTIVE,EMPLOYEE,PERMANENT,2025-07-28,,M,Engineering,Dublin,CC-IE-011
HRIS-WKR-000421,WKR-PUB-000421,IE,LE-IE-SYNTH-001,ACTIVE,EMPLOYEE,FIXED_TERM,2021-04-12,,M,Sales,Dublin,CC-IE-014
HRIS-WKR-000422,WKR-PUB-000422,IE,LE-IE-SYNTH-001,ACTIVE,EMPLOYEE,PERMANENT,2018-03-29,,M,Engineering,Dublin,CC-IE-033
HRIS-WKR-000423,WKR-PUB-000423,IE,LE-IE-SYNTH-001,ACTIVE,CONTRACTOR,PERMANENT,2016-11-06,,M,Technology,Galway,CC-IE-019
HRIS-WKR-000424,WKR-PUB-000424,IE,LE-IE-SYNTH-001,ACTIVE,EMPLOYEE,PERMANENT,2022-08-25,,UNDISCLOSED,Technology,Dublin,CC-IE-005
HRIS-WKR-000425,WKR-PUB-000425,IE,LE-IE-SYNTH-001,ACTIVE,EMPLOYEE,PERMANENT,2024-03-15,,F,People,Dublin,CC-IE-040
HRIS-WKR-000426,WKR-PUB-000426,IE,LE-IE-SYNTH-001,ACTIVE,EMPLOYEE,PERMANENT,2018-01-02,,F,Operations,Dublin,CC-IE-029
HRIS-WKR-000427,WKR-PUB-000427,IE,LE-IE-SYNTH-001,ACTIVE,EMPLOYEE,PERMANENT,2016-07-27,,M,Operations,Cork,CC-IE-021
HRIS-WKR-000428,WKR-PUB-000428,IE,LE-IE-SYNTH-001,ACTIVE,EMPLOYEE,FIXED_TERM,2016-06-13,,M,Engineering,Dublin,CC-IE-010
HRIS-WKR-000429,WKR-PUB-000429,IE,LE-IE-SYNTH-001,ACTIVE,EMPLOYEE,PERMANENT,2025-11-01,,F,Engineering,Dublin,CC-IE-024
HRIS-WKR-000430,WKR-PUB-000430,IE,LE-IE-SYNTH-001,ACTIVE,EMPLOYEE,FIXED_TERM,2024-06-03,,,Engineering,Dublin,CC-IE-001
HRIS-WKR-000431,WKR-PUB-000431,IE,LE-IE-SYNTH-001,ACTIVE,EMPLOYEE,PERMANENT,2017-04-19,,M,Operations,Remote-IE,CC-IE-008
HRIS-WKR-000432,WKR-PUB-000432,IE,LE-IE-SYNTH-001,ACTIVE,EMPLOYEE,PERMANENT,2017-01-25,,F,Finance,Remote-IE,CC-IE-004
HRIS-WKR-000433,WKR-PUB-000433,IE,LE-IE-SYNTH-001,ACTIVE,EMPLOYEE,PERMANENT,2020-01-15,,F,Operations,Dublin,CC-IE-002
HRIS-WKR-000434,WKR-PUB-000434,IE,LE-IE-SYNTH-001,ACTIVE,EMPLOYEE,FIXED_TERM,2014-05-23,,F,Sales,Dublin,CC-IE-007
HRIS-WKR-000435,WKR-PUB-000435,IE,LE-IE-SYNTH-001,ACTIVE,EMPLOYEE,FIXED_TERM,2016-04-03,,NB,Engineering,Dublin,CC-IE-035
HRIS-WKR-000436,WKR-PUB-000436,IE,LE-IE-SYNTH-001,ACTIVE,EMPLOYEE,PERMANENT,2025-11-21,,M,Engineering,Dublin,CC-IE-032
HRIS-WKR-000437,WKR-PUB-000437,IE,LE-IE-SYNTH-001,ACTIVE,EMPLOYEE,PERMANENT,2022-08-05,,F,Engineering,Limerick,CC-IE-011
HRIS-WKR-000438,WKR-PUB-000438,IE,LE-IE-SYNTH-001,ACTIVE,EMPLOYEE,APPRENTICE,2020-12-26,,F,Engineering,Limerick,CC-IE-029
HRIS-WKR-000439,WKR-PUB-000439,IE,LE-IE-SYNTH-001,ACTIVE,EMPLOYEE,PERMANENT,2025-08-09,,F,Sales,Dublin,CC-IE-010
HRIS-WKR-000440,WKR-PUB-000440,IE,LE-IE-SYNTH-001,TERMINATED,EMPLOYEE,PERMANENT,2014-02-08,2026-07-12,M,Operations,Dublin,CC-IE-023
HRIS-WKR-000441,WKR-PUB-000441,IE,LE-IE-SYNTH-001,ACTIVE,EMPLOYEE,PERMANENT,2020-12-10,,F,Sales,Remote-IE,CC-IE-018
HRIS-WKR-000442,WKR-PUB-000442,IE,LE-IE-SYNTH-001,ACTIVE,EMPLOYEE,PERMANENT,2017-08-10,,NB,Engineering,Remote-IE,CC-IE-001
HRIS-WKR-000443,WKR-PUB-000443,IE,LE-IE-SYNTH-001,ACTIVE,CONTRACTOR,PERMANENT,2017-09-27,,M,Operations,Dublin,CC-IE-003
HRIS-WKR-000444,WKR-PUB-000444,IE,LE-IE-SYNTH-001,ACTIVE,EMPLOYEE,PERMANENT,2024-08-27,,F,Operations,Remote-IE,CC-IE-037
HRIS-WKR-000445,WKR-PUB-000445,IE,LE-IE-SYNTH-001,ACTIVE,EMPLOYEE,PERMANENT,2022-12-10,,F,Operations,Remote-IE,CC-IE-020
HRIS-WKR-000446,WKR-PUB-000446,IE,LE-IE-SYNTH-001,ACTIVE,EMPLOYEE,PERMANENT,2022-12-15,,M,Operations,Galway,CC-IE-033
HRIS-WKR-000447,WKR-PUB-000447,IE,LE-IE-SYNTH-001,ACTIVE,EMPLOYEE,PERMANENT,2024-02-07,,M,Sales,Galway,CC-IE-014
HRIS-WKR-000448,WKR-PUB-000448,IE,LE-IE-SYNTH-001,ACTIVE,EMPLOYEE,PERMANENT,2016-02-06,,F,Sales,Dublin,CC-IE-031
HRIS-WKR-000449,WKR-PUB-000449,IE,LE-IE-SYNTH-001,ACTIVE,EMPLOYEE,PERMANENT,2015-12-29,,M,Technology,Dublin,CC-IE-007
HRIS-WKR-000450,WKR-PUB-000450,IE,LE-IE-SYNTH-001,ACTIVE,EMPLOYEE,PERMANENT,2017-12-14,,F,Finance,Galway,CC-IE-037
HRIS-WKR-000451,WKR-PUB-000451,IE,LE-IE-SYNTH-001,ACTIVE,EMPLOYEE,FIXED_TERM,2025-08-13,,M,Engineering,Cork,CC-IE-002
HRIS-WKR-000452,WKR-PUB-000452,IE,LE-IE-SYNTH-001,TERMINATED,EMPLOYEE,PERMANENT,2026-02-07,2026-06-10,F,Operations,Dublin,CC-IE-021
HRIS-WKR-000453,WKR-PUB-000453,IE,LE-IE-SYNTH-001,ACTIVE,EMPLOYEE,PERMANENT,2015-01-05,,M,Technology,Dublin,CC-IE-011
HRIS-WKR-000454,WKR-PUB-000454,IE,LE-IE-SYNTH-001,ACTIVE,EMPLOYEE,PERMANENT,2019-03-05,,M,Sales,Dublin,CC-IE-030
HRIS-WKR-000455,WKR-PUB-000455,IE,LE-IE-SYNTH-001,TERMINATED,EMPLOYEE,PERMANENT,2023-12-19,2026-07-27,M,Engineering,Dublin,CC-IE-020
HRIS-WKR-000456,WKR-PUB-000456,IE,LE-IE-SYNTH-001,ACTIVE,EMPLOYEE,FIXED_TERM,2023-01-23,,F,People,Cork,CC-IE-032
HRIS-WKR-000457,WKR-PUB-000457,IE,LE-IE-SYNTH-001,ACTIVE,EMPLOYEE,PERMANENT,2017-10-17,,M,Technology,Dublin,CC-IE-029
HRIS-WKR-000458,WKR-PUB-000458,IE,LE-IE-SYNTH-001,ACTIVE,EMPLOYEE,PERMANENT,2016-02-14,,M,People,Dublin,CC-IE-020
HRIS-WKR-000459,WKR-PUB-000459,IE,LE-IE-SYNTH-001,ACTIVE,EMPLOYEE,PERMANENT,2024-12-26,,,Finance,Dublin,CC-IE-018
HRIS-WKR-000460,WKR-PUB-000460,IE,LE-IE-SYNTH-001,ACTIVE,EMPLOYEE,PERMANENT,2025-03-19,,M,Engineering,Cork,CC-IE-019
HRIS-WKR-000461,WKR-PUB-000461,IE,LE-IE-SYNTH-001,ACTIVE,EMPLOYEE,PERMANENT,2021-09-28,,F,Sales,Dublin,CC-IE-033
HRIS-WKR-000462,WKR-PUB-000462,IE,LE-IE-SYNTH-001,ACTIVE,EMPLOYEE,PERMANENT,2014-05-21,,F,Operations,Dublin,CC-IE-006
HRIS-WKR-000463,WKR-PUB-000463,IE,LE-IE-SYNTH-001,ACTIVE,EMPLOYEE,PERMANENT,2018-12-06,,M,Engineering,Galway,CC-IE-029
HRIS-WKR-000464,WKR-PUB-000464,IE,LE-IE-SYNTH-001,ACTIVE,EMPLOYEE,PERMANENT,2015-06-24,,NB,Finance,Cork,CC-IE-005
HRIS-WKR-000465,WKR-PUB-000465,IE,LE-IE-SYNTH-001,ACTIVE,EMPLOYEE,FIXED_TERM,2018-02-01,,F,Finance,Dublin,CC-IE-015
HRIS-WKR-000466,WKR-PUB-000466,IE,LE-IE-SYNTH-001,ACTIVE,EMPLOYEE,FIXED_TERM,2018-08-25,,F,Finance,Dublin,CC-IE-026
HRIS-WKR-000467,WKR-PUB-000467,IE,LE-IE-SYNTH-001,ACTIVE,CONTRACTOR,PERMANENT,2022-07-23,,F,Engineering,Dublin,CC-IE-011
HRIS-WKR-000468,WKR-PUB-000468,IE,LE-IE-SYNTH-001,ACTIVE,EMPLOYEE,PERMANENT,2020-12-23,,M,Operations,Cork,CC-IE-031
HRIS-WKR-000469,WKR-PUB-000469,IE,LE-IE-SYNTH-001,ACTIVE,EMPLOYEE,PERMANENT,2017-11-23,,M,Engineering,Dublin,CC-IE-028
HRIS-WKR-000470,WKR-PUB-000470,IE,LE-IE-SYNTH-001,ACTIVE,EMPLOYEE,APPRENTICE,2025-08-13,,UNDISCLOSED,Operations,Limerick,CC-IE-035
HRIS-WKR-000471,WKR-PUB-000471,IE,LE-IE-SYNTH-001,ACTIVE,EMPLOYEE,FIXED_TERM,2023-08-05,,F,Finance,Cork,CC-IE-010
HRIS-WKR-000472,WKR-PUB-000472,IE,LE-IE-SYNTH-001,ACTIVE,EMPLOYEE,PERMANENT,2020-05-10,,F,Operations,Dublin,CC-IE-016
HRIS-WKR-000473,WKR-PUB-000473,IE,LE-IE-SYNTH-001,ACTIVE,EMPLOYEE,PERMANENT,2026-02-06,,M,Engineering,Cork,CC-IE-029
HRIS-WKR-000474,WKR-PUB-000474,IE,LE-IE-SYNTH-001,ACTIVE,EMPLOYEE,PERMANENT,2018-08-13,,F,Engineering,Galway,CC-IE-004
HRIS-WKR-000475,WKR-PUB-000475,IE,LE-IE-SYNTH-001,ACTIVE,EMPLOYEE,FIXED_TERM,2021-07-30,,F,Operations,Dublin,CC-IE-010
HRIS-WKR-000476,WKR-PUB-000476,IE,LE-IE-SYNTH-001,ACTIVE,EMPLOYEE,PERMANENT,2016-10-02,,F,Sales,Dublin,CC-IE-027
HRIS-WKR-000477,WKR-PUB-000477,IE,LE-IE-SYNTH-001,TERMINATED,EMPLOYEE,PERMANENT,2020-07-21,2026-08-04,F,People,Dublin,CC-IE-034
HRIS-WKR-000478,WKR-PUB-000478,IE,LE-IE-SYNTH-001,ACTIVE,EMPLOYEE,PERMANENT,2023-11-08,,M,Operations,Cork,CC-IE-005
HRIS-WKR-000479,WKR-PUB-000479,IE,LE-IE-SYNTH-001,ACTIVE,EMPLOYEE,PERMANENT,2022-06-03,,M,Operations,Dublin,CC-IE-030
HRIS-WKR-000480,WKR-PUB-000480,IE,LE-IE-SYNTH-001,ACTIVE,EMPLOYEE,PERMANENT,2014-05-14,,F,Engineering,Dublin,CC-IE-034
HRIS-WKR-000481,WKR-PUB-000481,IE,LE-IE-SYNTH-001,ACTIVE,EMPLOYEE,PERMANENT,2025-10-28,,F,People,Dublin,CC-IE-033
HRIS-WKR-000482,WKR-PUB-000482,IE,LE-IE-SYNTH-001,ACTIVE,EMPLOYEE,PERMANENT,2015-01-01,,F,Engineering,Remote-IE,CC-IE-010
HRIS-WKR-000483,WKR-PUB-000483,IE,LE-IE-SYNTH-001,ACTIVE,EMPLOYEE,PERMANENT,2023-06-29,,F,People,Dublin,CC-IE-028
HRIS-WKR-000484,WKR-PUB-000484,IE,LE-IE-SYNTH-001,ACTIVE,EMPLOYEE,PERMANENT,2014-11-29,,F,Sales,Remote-IE,CC-IE-040
HRIS-WKR-000485,WKR-PUB-000485,IE,LE-IE-SYNTH-001,ACTIVE,EMPLOYEE,PERMANENT,2022-09-27,,M,Engineering,Cork,CC-IE-029
HRIS-WKR-000486,WKR-PUB-000486,IE,LE-IE-SYNTH-001,ACTIVE,EMPLOYEE,PERMANENT,2020-06-09,,F,Engineering,Dublin,CC-IE-029
HRIS-WKR-000487,WKR-PUB-000487,IE,LE-IE-SYNTH-001,TERMINATED,EMPLOYEE,PERMANENT,2018-03-04,2026-05-31,M,Finance,Limerick,CC-IE-021
HRIS-WKR-000488,WKR-PUB-000488,IE,LE-IE-SYNTH-001,ACTIVE,EMPLOYEE,PERMANENT,2017-04-10,,M,Engineering,Dublin,CC-IE-003
HRIS-WKR-000489,WKR-PUB-000489,IE,LE-IE-SYNTH-001,ACTIVE,EMPLOYEE,FIXED_TERM,2014-10-01,,M,Engineering,Dublin,CC-IE-037
HRIS-WKR-000490,WKR-PUB-000490,IE,LE-IE-SYNTH-001,ACTIVE,EMPLOYEE,FIXED_TERM,2017-05-16,,F,People,Cork,CC-IE-012
HRIS-WKR-000491,WKR-PUB-000491,IE,LE-IE-SYNTH-001,ACTIVE,EMPLOYEE,PERMANENT,2022-02-08,,M,Finance,Dublin,CC-IE-009
HRIS-WKR-000492,WKR-PUB-000492,IE,LE-IE-SYNTH-001,ACTIVE,EMPLOYEE,PERMANENT,2016-02-28,,M,Engineering,Dublin,CC-IE-015
HRIS-WKR-000493,WKR-PUB-000493,IE,LE-IE-SYNTH-001,ACTIVE,EMPLOYEE,PERMANENT,2023-05-25,,F,Finance,Cork,CC-IE-029
HRIS-WKR-000494,WKR-PUB-000494,IE,LE-IE-SYNTH-001,ACTIVE,EMPLOYEE,PERMANENT,2017-04-27,,F,Sales,Limerick,CC-IE-015
HRIS-WKR-000495,WKR-PUB-000495,IE,LE-IE-SYNTH-001,ACTIVE,EMPLOYEE,PERMANENT,2014-07-29,,F,Engineering,Dublin,CC-IE-022
HRIS-WKR-000496,WKR-PUB-000496,IE,LE-IE-SYNTH-001,ACTIVE,EMPLOYEE,PERMANENT,2025-09-22,,M,Sales,Dublin,CC-IE-001
HRIS-WKR-000497,WKR-PUB-000497,IE,LE-IE-SYNTH-001,ACTIVE,EMPLOYEE,PERMANENT,2017-11-05,,F,Finance,Dublin,CC-IE-040
HRIS-WKR-000498,WKR-PUB-000498,IE,LE-IE-SYNTH-001,ACTIVE,EMPLOYEE,PERMANENT,2015-10-29,,F,Engineering,Dublin,CC-IE-036
HRIS-WKR-000499,WKR-PUB-000499,IE,LE-IE-SYNTH-001,ACTIVE,EMPLOYEE,PERMANENT,2015-08-16,,F,Finance,Dublin,CC-IE-031
HRIS-WKR-000500,WKR-PUB-000500,IE,LE-IE-SYNTH-001,ACTIVE,EMPLOYEE,PERMANENT,2024-06-30,,F,Engineering,Galway,CC-IE-015
HRIS-WKR-000501,WKR-PUB-000501,IE,LE-IE-SYNTH-001,ACTIVE,EMPLOYEE,PERMANENT,2016-02-14,,M,Engineering,Dublin,CC-IE-021
HRIS-WKR-000502,WKR-PUB-000502,IE,LE-IE-SYNTH-001,ACTIVE,EMPLOYEE,PERMANENT,2023-11-23,,M,Sales,Cork,CC-IE-033
HRIS-WKR-000503,WKR-PUB-000503,IE,LE-IE-SYNTH-001,ACTIVE,EMPLOYEE,PERMANENT,2025-02-10,,M,Finance,Dublin,CC-IE-030
HRIS-WKR-000504,WKR-PUB-000504,IE,LE-IE-SYNTH-001,ACTIVE,EMPLOYEE,PERMANENT,2021-10-19,,F,Technology,Remote-IE,CC-IE-037
HRIS-WKR-000505,WKR-PUB-000505,IE,LE-IE-SYNTH-001,ACTIVE,EMPLOYEE,PERMANENT,2020-04-17,,M,Technology,Remote-IE,CC-IE-008
HRIS-WKR-000506,WKR-PUB-000506,IE,LE-IE-SYNTH-001,ACTIVE,EMPLOYEE,PERMANENT,2016-03-27,,F,Engineering,Galway,CC-IE-008
HRIS-WKR-000507,WKR-PUB-000507,IE,LE-IE-SYNTH-001,ACTIVE,EMPLOYEE,PERMANENT,2017-08-15,,M,Engineering,Dublin,CC-IE-002
HRIS-WKR-000508,WKR-PUB-000508,IE,LE-IE-SYNTH-001,ACTIVE,EMPLOYEE,PERMANENT,2018-10-18,,M,Sales,Cork,CC-IE-002
HRIS-WKR-000509,WKR-PUB-000509,IE,LE-IE-SYNTH-001,ACTIVE,EMPLOYEE,PERMANENT,2025-12-08,,F,Engineering,Dublin,CC-IE-010
HRIS-WKR-000510,WKR-PUB-000510,IE,LE-IE-SYNTH-001,ACTIVE,EMPLOYEE,PERMANENT,2019-03-08,,M,Engineering,Dublin,CC-IE-028
HRIS-WKR-000511,WKR-PUB-000511,IE,LE-IE-SYNTH-001,ACTIVE,EMPLOYEE,PERMANENT,2024-11-30,,M,Operations,Dublin,CC-IE-023
HRIS-WKR-000512,WKR-PUB-000512,IE,LE-IE-SYNTH-001,ACTIVE,EMPLOYEE,PERMANENT,2020-05-11,,F,Technology,Dublin,CC-IE-012
HRIS-WKR-000513,WKR-PUB-000513,IE,LE-IE-SYNTH-001,ACTIVE,EMPLOYEE,PERMANENT,2015-10-14,,M,Sales,Dublin,CC-IE-030
HRIS-WKR-000514,WKR-PUB-000514,IE,LE-IE-SYNTH-001,ACTIVE,EMPLOYEE,PERMANENT,2018-01-01,,UNDISCLOSED,People,Cork,CC-IE-026
HRIS-WKR-000515,WKR-PUB-000515,IE,LE-IE-SYNTH-001,ACTIVE,CONTRACTOR,PERMANENT,2019-05-19,,M,Engineering,Dublin,CC-IE-001
HRIS-WKR-000516,WKR-PUB-000516,IE,LE-IE-SYNTH-001,ACTIVE,EMPLOYEE,FIXED_TERM,2014-05-12,,M,Technology,Dublin,CC-IE-035
HRIS-WKR-000517,WKR-PUB-000517,IE,LE-IE-SYNTH-001,ACTIVE,EMPLOYEE,FIXED_TERM,2022-03-11,,M,Engineering,Remote-IE,CC-IE-037
HRIS-WKR-000518,WKR-PUB-000518,IE,LE-IE-SYNTH-001,ACTIVE,EMPLOYEE,PERMANENT,2015-10-20,,F,Engineering,Dublin,CC-IE-022
HRIS-WKR-000519,WKR-PUB-000519,IE,LE-IE-SYNTH-001,ACTIVE,EMPLOYEE,PERMANENT,2019-05-26,,M,Technology,Remote-IE,CC-IE-030
HRIS-WKR-000520,WKR-PUB-000520,IE,LE-IE-SYNTH-001,ACTIVE,EMPLOYEE,PERMANENT,2024-10-18,,M,Engineering,Galway,CC-IE-017
HRIS-WKR-000521,WKR-PUB-000521,IE,LE-IE-SYNTH-001,ACTIVE,EMPLOYEE,PERMANENT,2024-10-11,,M,Technology,Dublin,CC-IE-020
HRIS-WKR-000522,WKR-PUB-000522,IE,LE-IE-SYNTH-001,ACTIVE,EMPLOYEE,FIXED_TERM,2019-08-31,,F,Technology,Dublin,CC-IE-014
HRIS-WKR-000523,WKR-PUB-000523,IE,LE-IE-SYNTH-001,ACTIVE,EMPLOYEE,FIXED_TERM,2017-09-07,,F,Engineering,Dublin,CC-IE-010
HRIS-WKR-000524,WKR-PUB-000524,IE,LE-IE-SYNTH-001,TERMINATED,EMPLOYEE,PERMANENT,2021-06-27,2026-10-01,M,Finance,Limerick,CC-IE-015
HRIS-WKR-000525,WKR-PUB-000525,IE,LE-IE-SYNTH-001,ACTIVE,EMPLOYEE,PERMANENT,2024-04-26,,M,Sales,Dublin,CC-IE-028
HRIS-WKR-000526,WKR-PUB-000526,IE,LE-IE-SYNTH-001,ACTIVE,EMPLOYEE,PERMANENT,2020-01-31,,M,Technology,Cork,CC-IE-033
HRIS-WKR-000527,WKR-PUB-000527,IE,LE-IE-SYNTH-001,ACTIVE,EMPLOYEE,FIXED_TERM,2019-07-04,,F,Engineering,Dublin,CC-IE-020
HRIS-WKR-000528,WKR-PUB-000528,IE,LE-IE-SYNTH-001,ACTIVE,EMPLOYEE,PERMANENT,2015-07-24,,F,Sales,Dublin,CC-IE-006
HRIS-WKR-000529,WKR-PUB-000529,IE,LE-IE-SYNTH-001,ACTIVE,EMPLOYEE,PERMANENT,2017-03-11,,M,Engineering,Dublin,CC-IE-014
HRIS-WKR-000530,WKR-PUB-000530,IE,LE-IE-SYNTH-001,ACTIVE,EMPLOYEE,PERMANENT,2024-02-13,,M,People,Dublin,CC-IE-036
HRIS-WKR-000531,WKR-PUB-000531,IE,LE-IE-SYNTH-001,ACTIVE,EMPLOYEE,PERMANENT,2024-06-24,,M,Operations,Cork,CC-IE-006
HRIS-WKR-000532,WKR-PUB-000532,IE,LE-IE-SYNTH-001,ACTIVE,EMPLOYEE,FIXED_TERM,2016-02-27,,F,Sales,Dublin,CC-IE-016
HRIS-WKR-000533,WKR-PUB-000533,IE,LE-IE-SYNTH-001,ACTIVE,EMPLOYEE,PERMANENT,2024-03-20,,F,Sales,Remote-IE,CC-IE-025
HRIS-WKR-000534,WKR-PUB-000534,IE,LE-IE-SYNTH-001,ACTIVE,EMPLOYEE,PERMANENT,2018-11-10,,UNDISCLOSED,Operations,Galway,CC-IE-032
HRIS-WKR-000535,WKR-PUB-000535,IE,LE-IE-SYNTH-001,ACTIVE,EMPLOYEE,PERMANENT,2017-11-03,,F,People,Dublin,CC-IE-012
HRIS-WKR-000536,WKR-PUB-000536,IE,LE-IE-SYNTH-001,ACTIVE,EMPLOYEE,FIXED_TERM,2019-05-03,,F,Technology,Dublin,CC-IE-013
HRIS-WKR-000537,WKR-PUB-000537,IE,LE-IE-SYNTH-001,ACTIVE,EMPLOYEE,PERMANENT,2014-09-28,,M,Operations,Dublin,CC-IE-036
HRIS-WKR-000538,WKR-PUB-000538,IE,LE-IE-SYNTH-001,ACTIVE,EMPLOYEE,PERMANENT,2014-09-16,,M,Engineering,Dublin,CC-IE-029
HRIS-WKR-000539,WKR-PUB-000539,IE,LE-IE-SYNTH-001,ACTIVE,EMPLOYEE,PERMANENT,2019-06-09,,F,Sales,Dublin,CC-IE-022
HRIS-WKR-000540,WKR-PUB-000540,IE,LE-IE-SYNTH-001,ACTIVE,EMPLOYEE,PERMANENT,2014-05-09,,M,Sales,Dublin,CC-IE-022
HRIS-WKR-000541,WKR-PUB-000541,IE,LE-IE-SYNTH-001,ACTIVE,EMPLOYEE,PERMANENT,2014-05-03,,M,Engineering,Cork,CC-IE-040
HRIS-WKR-000542,WKR-PUB-000542,IE,LE-IE-SYNTH-001,ACTIVE,EMPLOYEE,PERMANENT,2023-08-01,,M,Sales,Dublin,CC-IE-039
HRIS-WKR-000543,WKR-PUB-000543,IE,LE-IE-SYNTH-001,ACTIVE,EMPLOYEE,PERMANENT,2019-06-16,,F,Engineering,Dublin,CC-IE-031
HRIS-WKR-000544,WKR-PUB-000544,IE,LE-IE-SYNTH-001,ACTIVE,EMPLOYEE,PERMANENT,2014-05-13,,F,People,Limerick,CC-IE-005
HRIS-WKR-000545,WKR-PUB-000545,IE,LE-IE-SYNTH-001,ACTIVE,EMPLOYEE,FIXED_TERM,2022-08-14,,F,Engineering,Dublin,CC-IE-032
HRIS-WKR-000546,WKR-PUB-000546,IE,LE-IE-SYNTH-001,ACTIVE,EMPLOYEE,PERMANENT,2014-12-29,,F,Sales,Dublin,CC-IE-016
HRIS-WKR-000547,WKR-PUB-000547,IE,LE-IE-SYNTH-001,ACTIVE,EMPLOYEE,PERMANENT,2021-03-04,,M,Operations,Limerick,CC-IE-004
HRIS-WKR-000548,WKR-PUB-000548,IE,LE-IE-SYNTH-001,ACTIVE,EMPLOYEE,PERMANENT,2016-05-28,,M,Operations,Dublin,CC-IE-030
HRIS-WKR-000549,WKR-PUB-000549,IE,LE-IE-SYNTH-001,ACTIVE,EMPLOYEE,PERMANENT,2023-01-18,,M,Engineering,Cork,CC-IE-003
HRIS-WKR-000550,WKR-PUB-000550,IE,LE-IE-SYNTH-001,ACTIVE,EMPLOYEE,PERMANENT,2025-06-28,,,Engineering,Dublin,CC-IE-005
HRIS-WKR-000551,WKR-PUB-000551,IE,LE-IE-SYNTH-001,ACTIVE,EMPLOYEE,PERMANENT,2023-01-30,,F,Finance,Limerick,CC-IE-001
HRIS-WKR-000552,WKR-PUB-000552,IE,LE-IE-SYNTH-001,ACTIVE,EMPLOYEE,PERMANENT,2017-06-02,,F,Finance,Dublin,CC-IE-033
HRIS-WKR-000553,WKR-PUB-000553,IE,LE-IE-SYNTH-001,ACTIVE,EMPLOYEE,FIXED_TERM,2014-08-11,,M,Engineering,Dublin,CC-IE-031
HRIS-WKR-000554,WKR-PUB-000554,IE,LE-IE-SYNTH-001,ACTIVE,EMPLOYEE,PERMANENT,2016-02-15,,F,Finance,Remote-IE,CC-IE-027
HRIS-WKR-000555,WKR-PUB-000555,IE,LE-IE-SYNTH-001,ACTIVE,EMPLOYEE,PERMANENT,2020-01-18,,F,Sales,Cork,CC-IE-012
HRIS-WKR-000556,WKR-PUB-000556,IE,LE-IE-SYNTH-001,ACTIVE,CONTRACTOR,PERMANENT,2017-10-21,,M,Engineering,Dublin,CC-IE-020
HRIS-WKR-000557,WKR-PUB-000557,IE,LE-IE-SYNTH-001,ACTIVE,EMPLOYEE,FIXED_TERM,2018-12-18,,M,Technology,Cork,CC-IE-029
HRIS-WKR-000558,WKR-PUB-000558,IE,LE-IE-SYNTH-001,ACTIVE,EMPLOYEE,PERMANENT,2018-03-22,,F,Finance,Dublin,CC-IE-015
HRIS-WKR-000559,WKR-PUB-000559,IE,LE-IE-SYNTH-001,ACTIVE,EMPLOYEE,PERMANENT,2015-08-31,,F,Operations,Cork,CC-IE-001
HRIS-WKR-000560,WKR-PUB-000560,IE,LE-IE-SYNTH-001,ACTIVE,EMPLOYEE,APPRENTICE,2023-02-20,,F,Sales,Cork,CC-IE-019
HRIS-WKR-000561,WKR-PUB-000561,IE,LE-IE-SYNTH-001,ACTIVE,EMPLOYEE,APPRENTICE,2017-07-21,,M,Engineering,Dublin,CC-IE-009
HRIS-WKR-000562,WKR-PUB-000562,IE,LE-IE-SYNTH-001,ACTIVE,EMPLOYEE,PERMANENT,2023-03-24,,F,Sales,Dublin,CC-IE-031
HRIS-WKR-000563,WKR-PUB-000563,IE,LE-IE-SYNTH-001,ACTIVE,EMPLOYEE,PERMANENT,2022-11-02,,M,Finance,Cork,CC-IE-010
HRIS-WKR-000564,WKR-PUB-000564,IE,LE-IE-SYNTH-001,ACTIVE,EMPLOYEE,PERMANENT,2023-08-16,,M,Engineering,Remote-IE,CC-IE-034
HRIS-WKR-000565,WKR-PUB-000565,IE,LE-IE-SYNTH-001,ACTIVE,EMPLOYEE,FIXED_TERM,2016-03-30,,F,Operations,Cork,CC-IE-006
HRIS-WKR-000566,WKR-PUB-000566,IE,LE-IE-SYNTH-001,ACTIVE,EMPLOYEE,PERMANENT,2014-04-13,,M,Engineering,Cork,CC-IE-036
HRIS-WKR-000567,WKR-PUB-000567,IE,LE-IE-SYNTH-001,ACTIVE,EMPLOYEE,PERMANENT,2020-05-04,,F,Engineering,Remote-IE,CC-IE-001
HRIS-WKR-000568,WKR-PUB-000568,IE,LE-IE-SYNTH-001,ACTIVE,EMPLOYEE,FIXED_TERM,2015-11-06,,NB,Operations,Galway,CC-IE-040
HRIS-WKR-000569,WKR-PUB-000569,IE,LE-IE-SYNTH-001,ACTIVE,EMPLOYEE,PERMANENT,2017-05-28,,F,Finance,Galway,CC-IE-003
HRIS-WKR-000570,WKR-PUB-000570,IE,LE-IE-SYNTH-001,ACTIVE,EMPLOYEE,PERMANENT,2025-07-17,,F,People,Dublin,CC-IE-030
HRIS-WKR-000571,WKR-PUB-000571,IE,LE-IE-SYNTH-001,ACTIVE,CONTRACTOR,PERMANENT,2023-09-14,,M,Sales,Galway,CC-IE-001
HRIS-WKR-000572,WKR-PUB-000572,IE,LE-IE-SYNTH-001,ACTIVE,EMPLOYEE,PERMANENT,2023-07-16,,M,Sales,Cork,CC-IE-029
HRIS-WKR-000573,WKR-PUB-000573,IE,LE-IE-SYNTH-001,ACTIVE,EMPLOYEE,PERMANENT,2014-03-28,,F,Engineering,Dublin,CC-IE-020
HRIS-WKR-000574,WKR-PUB-000574,IE,LE-IE-SYNTH-001,ACTIVE,CONTRACTOR,FIXED_TERM,2023-03-10,,F,Technology,Dublin,CC-IE-040
HRIS-WKR-000575,WKR-PUB-000575,IE,LE-IE-SYNTH-001,ACTIVE,EMPLOYEE,PERMANENT,2015-10-17,,F,Sales,Dublin,CC-IE-024
HRIS-WKR-000576,WKR-PUB-000576,IE,LE-IE-SYNTH-001,ACTIVE,EMPLOYEE,PERMANENT,2015-11-21,,F,Finance,Remote-IE,CC-IE-024
HRIS-WKR-000577,WKR-PUB-000577,IE,LE-IE-SYNTH-001,ACTIVE,EMPLOYEE,PERMANENT,2022-06-17,,M,Finance,Dublin,CC-IE-022
HRIS-WKR-000578,WKR-PUB-000578,IE,LE-IE-SYNTH-001,ACTIVE,EMPLOYEE,PERMANENT,2015-06-29,,,Sales,Remote-IE,CC-IE-022
HRIS-WKR-000579,WKR-PUB-000579,IE,LE-IE-SYNTH-001,ACTIVE,EMPLOYEE,PERMANENT,2019-03-02,,M,Finance,Dublin,CC-IE-003
HRIS-WKR-000580,WKR-PUB-000580,IE,LE-IE-SYNTH-001,ACTIVE,EMPLOYEE,PERMANENT,2019-10-03,,F,Engineering,Remote-IE,CC-IE-038
HRIS-WKR-000581,WKR-PUB-000581,IE,LE-IE-SYNTH-001,ACTIVE,EMPLOYEE,PERMANENT,2016-09-24,,M,Sales,Dublin,CC-IE-014
HRIS-WKR-000582,WKR-PUB-000582,IE,LE-IE-SYNTH-001,ACTIVE,EMPLOYEE,PERMANENT,2018-09-08,,M,Operations,Dublin,CC-IE-037
HRIS-WKR-000583,WKR-PUB-000583,IE,LE-IE-SYNTH-001,ACTIVE,EMPLOYEE,PERMANENT,2024-10-24,,M,Engineering,Cork,CC-IE-034
HRIS-WKR-000584,WKR-PUB-000584,IE,LE-IE-SYNTH-001,ACTIVE,EMPLOYEE,PERMANENT,2021-01-30,,F,Operations,Dublin,CC-IE-029
HRIS-WKR-000585,WKR-PUB-000585,IE,LE-IE-SYNTH-001,ACTIVE,EMPLOYEE,FIXED_TERM,2020-03-02,,F,Sales,Dublin,CC-IE-022
HRIS-WKR-000586,WKR-PUB-000586,IE,LE-IE-SYNTH-001,ACTIVE,EMPLOYEE,PERMANENT,2024-02-24,,M,Operations,Limerick,CC-IE-018
HRIS-WKR-000587,WKR-PUB-000587,IE,LE-IE-SYNTH-001,ACTIVE,EMPLOYEE,PERMANENT,2021-10-28,,,Sales,Dublin,CC-IE-026
HRIS-WKR-000588,WKR-PUB-000588,IE,LE-IE-SYNTH-001,ACTIVE,EMPLOYEE,PERMANENT,2014-05-05,,M,Technology,Dublin,CC-IE-024
HRIS-WKR-000589,WKR-PUB-000589,IE,LE-IE-SYNTH-001,ACTIVE,EMPLOYEE,PERMANENT,2020-10-17,,M,Engineering,Galway,CC-IE-029
HRIS-WKR-000590,WKR-PUB-000590,IE,LE-IE-SYNTH-001,ACTIVE,EMPLOYEE,PERMANENT,2024-09-15,,M,Operations,Dublin,CC-IE-038
HRIS-WKR-000591,WKR-PUB-000591,IE,LE-IE-SYNTH-001,ACTIVE,EMPLOYEE,APPRENTICE,2025-11-29,,M,Engineering,Dublin,CC-IE-010
HRIS-WKR-000592,WKR-PUB-000592,IE,LE-IE-SYNTH-001,ACTIVE,EMPLOYEE,PERMANENT,2017-11-16,,F,Finance,Limerick,CC-IE-038
HRIS-WKR-000593,WKR-PUB-000593,IE,LE-IE-SYNTH-001,ACTIVE,EMPLOYEE,PERMANENT,2018-06-26,,F,Operations,Dublin,CC-IE-008
HRIS-WKR-000594,WKR-PUB-000594,IE,LE-IE-SYNTH-001,ACTIVE,EMPLOYEE,FIXED_TERM,2015-05-28,,F,Engineering,Galway,CC-IE-019
HRIS-WKR-000595,WKR-PUB-000595,IE,LE-IE-SYNTH-001,ACTIVE,EMPLOYEE,APPRENTICE,2017-01-12,,M,Finance,Dublin,CC-IE-011
HRIS-WKR-000596,WKR-PUB-000596,IE,LE-IE-SYNTH-001,ACTIVE,EMPLOYEE,PERMANENT,2014-09-17,,F,Sales,Limerick,CC-IE-031
HRIS-WKR-000597,WKR-PUB-000597,IE,LE-IE-SYNTH-001,ACTIVE,EMPLOYEE,PERMANENT,2026-02-03,,M,Operations,Dublin,CC-IE-034
HRIS-WKR-000598,WKR-PUB-000598,IE,LE-IE-SYNTH-001,ACTIVE,EMPLOYEE,PERMANENT,2016-10-06,,,People,Dublin,CC-IE-013
HRIS-WKR-000599,WKR-PUB-000599,IE,LE-IE-SYNTH-001,ACTIVE,EMPLOYEE,PERMANENT,2023-07-20,,UNDISCLOSED,Sales,Dublin,CC-IE-008
HRIS-WKR-000600,WKR-PUB-000600,IE,LE-IE-SYNTH-001,ACTIVE,EMPLOYEE,PERMANENT,2019-07-23,,M,Operations,Dublin,CC-IE-032
HRIS-WKR-000601,WKR-PUB-000601,IE,LE-IE-SYNTH-001,ACTIVE,EMPLOYEE,PERMANENT,2017-06-11,,F,Engineering,Dublin,CC-IE-020
HRIS-WKR-000602,WKR-PUB-000602,IE,LE-IE-SYNTH-001,ACTIVE,EMPLOYEE,PERMANENT,2026-02-08,,M,Operations,Dublin,CC-IE-031
HRIS-WKR-000603,WKR-PUB-000603,IE,LE-IE-SYNTH-001,ACTIVE,EMPLOYEE,APPRENTICE,2016-02-06,,,Sales,Dublin,CC-IE-026
HRIS-WKR-000604,WKR-PUB-000604,IE,LE-IE-SYNTH-001,ACTIVE,EMPLOYEE,FIXED_TERM,2023-04-25,,F,Engineering,Dublin,CC-IE-010
HRIS-WKR-000605,WKR-PUB-000605,IE,LE-IE-SYNTH-001,ACTIVE,EMPLOYEE,PERMANENT,2022-07-10,,F,Engineering,Dublin,CC-IE-028
HRIS-WKR-000606,WKR-PUB-000606,IE,LE-IE-SYNTH-001,ACTIVE,EMPLOYEE,APPRENTICE,2021-09-03,,F,Technology,Galway,CC-IE-033
HRIS-WKR-000607,WKR-PUB-000607,IE,LE-IE-SYNTH-001,ACTIVE,EMPLOYEE,PERMANENT,2018-09-06,,M,Sales,Dublin,CC-IE-031
HRIS-WKR-000608,WKR-PUB-000608,IE,LE-IE-SYNTH-001,ACTIVE,EMPLOYEE,PERMANENT,2016-04-22,,M,Engineering,Cork,CC-IE-035
HRIS-WKR-000609,WKR-PUB-000609,IE,LE-IE-SYNTH-001,ACTIVE,EMPLOYEE,PERMANENT,2018-08-23,,F,Operations,Galway,CC-IE-031
HRIS-WKR-000610,WKR-PUB-000610,IE,LE-IE-SYNTH-001,ACTIVE,EMPLOYEE,PERMANENT,2024-09-29,,M,Engineering,Dublin,CC-IE-018
HRIS-WKR-000611,WKR-PUB-000611,IE,LE-IE-SYNTH-001,ACTIVE,EMPLOYEE,PERMANENT,2018-08-27,,M,Sales,Dublin,CC-IE-008
HRIS-WKR-000612,WKR-PUB-000612,IE,LE-IE-SYNTH-001,ACTIVE,EMPLOYEE,PERMANENT,2016-04-03,,M,Technology,Galway,CC-IE-005
HRIS-WKR-000613,WKR-PUB-000613,IE,LE-IE-SYNTH-001,ACTIVE,EMPLOYEE,PERMANENT,2022-03-28,,F,Engineering,Galway,CC-IE-018
HRIS-WKR-000614,WKR-PUB-000614,IE,LE-IE-SYNTH-001,ACTIVE,EMPLOYEE,PERMANENT,2020-05-06,,M,Engineering,Cork,CC-IE-040
HRIS-WKR-000615,WKR-PUB-000615,IE,LE-IE-SYNTH-001,ACTIVE,EMPLOYEE,PERMANENT,2023-03-28,,M,Operations,Dublin,CC-IE-008
HRIS-WKR-000616,WKR-PUB-000616,IE,LE-IE-SYNTH-001,ACTIVE,EMPLOYEE,PERMANENT,2015-08-31,,M,Sales,Dublin,CC-IE-028
HRIS-WKR-000617,WKR-PUB-000617,IE,LE-IE-SYNTH-001,ACTIVE,EMPLOYEE,PERMANENT,2017-09-18,,F,Engineering,Limerick,CC-IE-025
HRIS-WKR-000618,WKR-PUB-000618,IE,LE-IE-SYNTH-001,ACTIVE,EMPLOYEE,PERMANENT,2019-01-04,,M,Sales,Dublin,CC-IE-005
HRIS-WKR-000619,WKR-PUB-000619,IE,LE-IE-SYNTH-001,ACTIVE,CONTRACTOR,PERMANENT,2023-10-18,,F,Operations,Dublin,CC-IE-027
HRIS-WKR-000620,WKR-PUB-000620,IE,LE-IE-SYNTH-001,ACTIVE,EMPLOYEE,PERMANENT,2025-11-01,,F,Sales,Dublin,CC-IE-020
HRIS-WKR-000621,WKR-PUB-000621,IE,LE-IE-SYNTH-001,ACTIVE,EMPLOYEE,PERMANENT,2016-04-17,,F,Technology,Dublin,CC-IE-039
HRIS-WKR-000622,WKR-PUB-000622,IE,LE-IE-SYNTH-001,ACTIVE,EMPLOYEE,FIXED_TERM,2015-02-24,,M,Operations,Dublin,CC-IE-005
HRIS-WKR-000623,WKR-PUB-000623,IE,LE-IE-SYNTH-001,ACTIVE,EMPLOYEE,PERMANENT,2022-02-10,,F,Engineering,Dublin,CC-IE-038
HRIS-WKR-000624,WKR-PUB-000624,IE,LE-IE-SYNTH-001,ACTIVE,EMPLOYEE,APPRENTICE,2022-07-24,,F,Technology,Dublin,CC-IE-032
HRIS-WKR-000625,WKR-PUB-000625,IE,LE-IE-SYNTH-001,ACTIVE,EMPLOYEE,PERMANENT,2023-11-21,,M,Operations,Cork,CC-IE-027
HRIS-WKR-000626,WKR-PUB-000626,IE,LE-IE-SYNTH-001,ACTIVE,EMPLOYEE,APPRENTICE,2022-10-07,,F,Technology,Dublin,CC-IE-007
HRIS-WKR-000627,WKR-PUB-000627,IE,LE-IE-SYNTH-001,ACTIVE,EMPLOYEE,FIXED_TERM,2016-11-18,,F,Engineering,Dublin,CC-IE-039
HRIS-WKR-000628,WKR-PUB-000628,IE,LE-IE-SYNTH-001,ACTIVE,EMPLOYEE,PERMANENT,2017-07-11,,M,Sales,Remote-IE,CC-IE-025
HRIS-WKR-000629,WKR-PUB-000629,IE,LE-IE-SYNTH-001,ACTIVE,EMPLOYEE,FIXED_TERM,2020-05-31,,F,Operations,Dublin,CC-IE-032
HRIS-WKR-000630,WKR-PUB-000630,IE,LE-IE-SYNTH-001,ACTIVE,EMPLOYEE,PERMANENT,2024-02-23,,NB,Engineering,Remote-IE,CC-IE-005
HRIS-WKR-000631,WKR-PUB-000631,IE,LE-IE-SYNTH-001,ACTIVE,EMPLOYEE,PERMANENT,2023-03-09,,F,People,Dublin,CC-IE-007
HRIS-WKR-000632,WKR-PUB-000632,IE,LE-IE-SYNTH-001,ACTIVE,EMPLOYEE,PERMANENT,2014-04-25,,M,Engineering,Remote-IE,CC-IE-036
HRIS-WKR-000633,WKR-PUB-000633,IE,LE-IE-SYNTH-001,ACTIVE,EMPLOYEE,PERMANENT,2022-12-31,,NB,Engineering,Dublin,CC-IE-005
HRIS-WKR-000634,WKR-PUB-000634,IE,LE-IE-SYNTH-001,ACTIVE,EMPLOYEE,PERMANENT,2025-02-07,,M,Sales,Cork,CC-IE-028
HRIS-WKR-000635,WKR-PUB-000635,IE,LE-IE-SYNTH-001,ACTIVE,EMPLOYEE,PERMANENT,2025-06-21,,F,Operations,Dublin,CC-IE-013
HRIS-WKR-000636,WKR-PUB-000636,IE,LE-IE-SYNTH-001,ACTIVE,CONTRACTOR,PERMANENT,2020-02-22,,M,Engineering,Dublin,CC-IE-015
HRIS-WKR-000637,WKR-PUB-000637,IE,LE-IE-SYNTH-001,ACTIVE,EMPLOYEE,PERMANENT,2017-05-15,,M,Engineering,Galway,CC-IE-019
HRIS-WKR-000638,WKR-PUB-000638,IE,LE-IE-SYNTH-001,ACTIVE,CONTRACTOR,PERMANENT,2014-09-04,,F,Operations,Limerick,CC-IE-013
HRIS-WKR-000639,WKR-PUB-000639,IE,LE-IE-SYNTH-001,ACTIVE,EMPLOYEE,PERMANENT,2025-09-29,,F,Sales,Dublin,CC-IE-017
HRIS-WKR-000640,WKR-PUB-000640,IE,LE-IE-SYNTH-001,ACTIVE,EMPLOYEE,FIXED_TERM,2025-10-25,,M,Engineering,Dublin,CC-IE-017
HRIS-WKR-000641,WKR-PUB-000641,IE,LE-IE-SYNTH-001,ACTIVE,EMPLOYEE,FIXED_TERM,2024-11-03,,F,People,Dublin,CC-IE-010
HRIS-WKR-000642,WKR-PUB-000642,IE,LE-IE-SYNTH-001,ACTIVE,EMPLOYEE,PERMANENT,2014-05-13,,M,Technology,Cork,CC-IE-027
HRIS-WKR-000643,WKR-PUB-000643,IE,LE-IE-SYNTH-001,ACTIVE,EMPLOYEE,FIXED_TERM,2015-05-06,,F,Operations,Dublin,CC-IE-002
HRIS-WKR-000644,WKR-PUB-000644,IE,LE-IE-SYNTH-001,TERMINATED,CONTRACTOR,PERMANENT,2016-05-21,2026-08-17,M,People,Limerick,CC-IE-037
HRIS-WKR-000645,WKR-PUB-000645,IE,LE-IE-SYNTH-001,ACTIVE,EMPLOYEE,FIXED_TERM,2019-04-18,,M,Engineering,Dublin,CC-IE-012
HRIS-WKR-000646,WKR-PUB-000646,IE,LE-IE-SYNTH-001,ACTIVE,EMPLOYEE,PERMANENT,2025-06-22,,F,Sales,Dublin,CC-IE-005
HRIS-WKR-000647,WKR-PUB-000647,IE,LE-IE-SYNTH-001,ACTIVE,EMPLOYEE,PERMANENT,2024-09-23,,M,Technology,Limerick,CC-IE-026
HRIS-WKR-000648,WKR-PUB-000648,IE,LE-IE-SYNTH-001,ACTIVE,EMPLOYEE,PERMANENT,2019-06-16,,M,Engineering,Cork,CC-IE-016
HRIS-WKR-000649,WKR-PUB-000649,IE,LE-IE-SYNTH-001,ACTIVE,EMPLOYEE,FIXED_TERM,2025-05-06,,M,Engineering,Galway,CC-IE-021
HRIS-WKR-000650,WKR-PUB-000650,IE,LE-IE-SYNTH-001,ACTIVE,EMPLOYEE,PERMANENT,2016-10-07,,M,Sales,Cork,CC-IE-020
HRIS-WKR-000651,WKR-PUB-000651,IE,LE-IE-SYNTH-001,ACTIVE,EMPLOYEE,PERMANENT,2016-05-10,,F,Engineering,Cork,CC-IE-027
HRIS-WKR-000652,WKR-PUB-000652,IE,LE-IE-SYNTH-001,ACTIVE,EMPLOYEE,FIXED_TERM,2024-03-08,,M,People,Dublin,CC-IE-027
HRIS-WKR-000653,WKR-PUB-000653,IE,LE-IE-SYNTH-001,ACTIVE,EMPLOYEE,PERMANENT,2024-01-28,,M,Engineering,Dublin,CC-IE-002
HRIS-WKR-000654,WKR-PUB-000654,IE,LE-IE-SYNTH-001,ACTIVE,EMPLOYEE,PERMANENT,2020-10-23,,F,Technology,Dublin,CC-IE-016
HRIS-WKR-000655,WKR-PUB-000655,IE,LE-IE-SYNTH-001,ACTIVE,CONTRACTOR,PERMANENT,2019-09-05,,F,Sales,Dublin,CC-IE-011
HRIS-WKR-000656,WKR-PUB-000656,IE,LE-IE-SYNTH-001,ACTIVE,EMPLOYEE,FIXED_TERM,2022-10-20,,M,Sales,Dublin,CC-IE-010
HRIS-WKR-000657,WKR-PUB-000657,IE,LE-IE-SYNTH-001,ACTIVE,EMPLOYEE,PERMANENT,2024-10-09,,F,Operations,Limerick,CC-IE-016
HRIS-WKR-000658,WKR-PUB-000658,IE,LE-IE-SYNTH-001,ACTIVE,EMPLOYEE,PERMANENT,2020-11-15,,M,Operations,Cork,CC-IE-039
HRIS-WKR-000659,WKR-PUB-000659,IE,LE-IE-SYNTH-001,ACTIVE,EMPLOYEE,PERMANENT,2023-10-18,,M,Sales,Dublin,CC-IE-024
HRIS-WKR-000660,WKR-PUB-000660,IE,LE-IE-SYNTH-001,ACTIVE,EMPLOYEE,PERMANENT,2019-02-17,,M,Finance,Dublin,CC-IE-038
HRIS-WKR-000661,WKR-PUB-000661,IE,LE-IE-SYNTH-001,TERMINATED,EMPLOYEE,PERMANENT,2022-11-19,2026-02-19,M,Technology,Dublin,CC-IE-040
HRIS-WKR-000662,WKR-PUB-000662,IE,LE-IE-SYNTH-001,ACTIVE,EMPLOYEE,PERMANENT,2016-07-10,,M,Operations,Dublin,CC-IE-026
HRIS-WKR-000663,WKR-PUB-000663,IE,LE-IE-SYNTH-001,ACTIVE,EMPLOYEE,PERMANENT,2014-02-27,,UNDISCLOSED,Sales,Dublin,CC-IE-020
HRIS-WKR-000664,WKR-PUB-000664,IE,LE-IE-SYNTH-001,ACTIVE,EMPLOYEE,PERMANENT,2025-09-04,,M,Engineering,Cork,CC-IE-008
HRIS-WKR-000665,WKR-PUB-000665,IE,LE-IE-SYNTH-001,ACTIVE,EMPLOYEE,PERMANENT,2021-01-18,,M,Engineering,Dublin,CC-IE-009
HRIS-WKR-000666,WKR-PUB-000666,IE,LE-IE-SYNTH-001,ACTIVE,EMPLOYEE,PERMANENT,2023-01-19,,M,Sales,Dublin,CC-IE-023
HRIS-WKR-000667,WKR-PUB-000667,IE,LE-IE-SYNTH-001,TERMINATED,EMPLOYEE,PERMANENT,2022-05-09,2026-02-06,M,Sales,Galway,CC-IE-039
HRIS-WKR-000668,WKR-PUB-000668,IE,LE-IE-SYNTH-001,ACTIVE,EMPLOYEE,PERMANENT,2025-02-25,,F,People,Dublin,CC-IE-022
HRIS-WKR-000669,WKR-PUB-000669,IE,LE-IE-SYNTH-001,ACTIVE,EMPLOYEE,PERMANENT,2021-06-11,,M,Finance,Limerick,CC-IE-009
HRIS-WKR-000670,WKR-PUB-000670,IE,LE-IE-SYNTH-001,ACTIVE,EMPLOYEE,PERMANENT,2016-09-29,,M,Sales,Dublin,CC-IE-007
HRIS-WKR-000671,WKR-PUB-000671,IE,LE-IE-SYNTH-001,ACTIVE,EMPLOYEE,PERMANENT,2017-12-08,,M,Technology,Remote-IE,CC-IE-029
HRIS-WKR-000672,WKR-PUB-000672,IE,LE-IE-SYNTH-001,ACTIVE,EMPLOYEE,FIXED_TERM,2018-02-25,,F,Operations,Dublin,CC-IE-014
HRIS-WKR-000673,WKR-PUB-000673,IE,LE-IE-SYNTH-001,ACTIVE,EMPLOYEE,APPRENTICE,2021-12-28,,F,Engineering,Limerick,CC-IE-024
HRIS-WKR-000674,WKR-PUB-000674,IE,LE-IE-SYNTH-001,ACTIVE,EMPLOYEE,PERMANENT,2019-01-23,,F,Operations,Cork,CC-IE-038
HRIS-WKR-000675,WKR-PUB-000675,IE,LE-IE-SYNTH-001,ACTIVE,EMPLOYEE,PERMANENT,2025-03-31,,M,Engineering,Dublin,CC-IE-009
HRIS-WKR-000676,WKR-PUB-000676,IE,LE-IE-SYNTH-001,ACTIVE,EMPLOYEE,PERMANENT,2020-06-23,,F,Operations,Cork,CC-IE-013
HRIS-WKR-000677,WKR-PUB-000677,IE,LE-IE-SYNTH-001,ACTIVE,EMPLOYEE,PERMANENT,2018-11-28,,M,Sales,Cork,CC-IE-019
HRIS-WKR-000678,WKR-PUB-000678,IE,LE-IE-SYNTH-001,ACTIVE,EMPLOYEE,PERMANENT,2019-01-12,,M,Operations,Remote-IE,CC-IE-012
HRIS-WKR-000679,WKR-PUB-000679,IE,LE-IE-SYNTH-001,ACTIVE,EMPLOYEE,PERMANENT,2025-07-29,,F,Technology,Remote-IE,CC-IE-003
HRIS-WKR-000680,WKR-PUB-000680,IE,LE-IE-SYNTH-001,TERMINATED,EMPLOYEE,FIXED_TERM,2024-01-11,2026-02-26,F,Operations,Dublin,CC-IE-020
HRIS-WKR-000681,WKR-PUB-000681,IE,LE-IE-SYNTH-001,ACTIVE,EMPLOYEE,PERMANENT,2017-01-20,,F,Engineering,Remote-IE,CC-IE-037
HRIS-WKR-000682,WKR-PUB-000682,IE,LE-IE-SYNTH-001,ACTIVE,EMPLOYEE,FIXED_TERM,2015-03-09,,M,Sales,Dublin,CC-IE-037
HRIS-WKR-000683,WKR-PUB-000683,IE,LE-IE-SYNTH-001,ACTIVE,EMPLOYEE,PERMANENT,2020-05-14,,M,Engineering,Dublin,CC-IE-022
HRIS-WKR-000684,WKR-PUB-000684,IE,LE-IE-SYNTH-001,ACTIVE,EMPLOYEE,PERMANENT,2024-11-24,,M,People,Dublin,CC-IE-018
HRIS-WKR-000685,WKR-PUB-000685,IE,LE-IE-SYNTH-001,ACTIVE,EMPLOYEE,PERMANENT,2018-06-03,,F,Engineering,Dublin,CC-IE-032
HRIS-WKR-000686,WKR-PUB-000686,IE,LE-IE-SYNTH-001,TERMINATED,EMPLOYEE,PERMANENT,2024-02-25,2026-08-04,F,Engineering,Dublin,CC-IE-028
HRIS-WKR-000687,WKR-PUB-000687,IE,LE-IE-SYNTH-001,ACTIVE,EMPLOYEE,PERMANENT,2024-08-19,,M,Sales,Galway,CC-IE-004
HRIS-WKR-000688,WKR-PUB-000688,IE,LE-IE-SYNTH-001,ACTIVE,EMPLOYEE,PERMANENT,2020-08-12,,M,Engineering,Galway,CC-IE-003
HRIS-WKR-000689,WKR-PUB-000689,IE,LE-IE-SYNTH-001,ACTIVE,EMPLOYEE,PERMANENT,2015-11-28,,M,Engineering,Dublin,CC-IE-008
HRIS-WKR-000690,WKR-PUB-000690,IE,LE-IE-SYNTH-001,ACTIVE,EMPLOYEE,PERMANENT,2019-10-01,,F,Sales,Limerick,CC-IE-016
HRIS-WKR-000691,WKR-PUB-000691,IE,LE-IE-SYNTH-001,ACTIVE,EMPLOYEE,PERMANENT,2025-08-14,,M,Engineering,Galway,CC-IE-039
HRIS-WKR-000692,WKR-PUB-000692,IE,LE-IE-SYNTH-001,ACTIVE,EMPLOYEE,PERMANENT,2021-08-30,,M,People,Dublin,CC-IE-027
HRIS-WKR-000693,WKR-PUB-000693,IE,LE-IE-SYNTH-001,ACTIVE,EMPLOYEE,FIXED_TERM,2014-12-31,,F,Operations,Cork,CC-IE-029
HRIS-WKR-000694,WKR-PUB-000694,IE,LE-IE-SYNTH-001,ACTIVE,EMPLOYEE,FIXED_TERM,2024-08-14,,M,Finance,Limerick,CC-IE-006
HRIS-WKR-000695,WKR-PUB-000695,IE,LE-IE-SYNTH-001,ACTIVE,EMPLOYEE,PERMANENT,2021-03-03,,F,Finance,Dublin,CC-IE-025
HRIS-WKR-000696,WKR-PUB-000696,IE,LE-IE-SYNTH-001,ACTIVE,EMPLOYEE,PERMANENT,2015-06-07,,F,Finance,Dublin,CC-IE-033
HRIS-WKR-000697,WKR-PUB-000697,IE,LE-IE-SYNTH-001,ACTIVE,CONTRACTOR,PERMANENT,2015-10-20,,M,Engineering,Galway,CC-IE-030
HRIS-WKR-000698,WKR-PUB-000698,IE,LE-IE-SYNTH-001,ACTIVE,EMPLOYEE,PERMANENT,2019-01-19,,M,Finance,Cork,CC-IE-026
HRIS-WKR-000699,WKR-PUB-000699,IE,LE-IE-SYNTH-001,ACTIVE,EMPLOYEE,PERMANENT,2020-07-02,,M,Engineering,Dublin,CC-IE-019
HRIS-WKR-000700,WKR-PUB-000700,IE,LE-IE-SYNTH-001,ACTIVE,EMPLOYEE,PERMANENT,2022-03-24,,F,People,Limerick,CC-IE-009
HRIS-WKR-000701,WKR-PUB-000701,IE,LE-IE-SYNTH-001,ACTIVE,EMPLOYEE,PERMANENT,2014-02-16,,,Engineering,Dublin,CC-IE-026
HRIS-WKR-000702,WKR-PUB-000702,IE,LE-IE-SYNTH-001,ACTIVE,EMPLOYEE,FIXED_TERM,2025-09-29,,M,Engineering,Dublin,CC-IE-012
HRIS-WKR-000703,WKR-PUB-000703,IE,LE-IE-SYNTH-001,ACTIVE,EMPLOYEE,PERMANENT,2021-12-19,,M,Sales,Galway,CC-IE-021
HRIS-WKR-000704,WKR-PUB-000704,IE,LE-IE-SYNTH-001,ACTIVE,EMPLOYEE,PERMANENT,2016-01-26,,M,Engineering,Limerick,CC-IE-007
HRIS-WKR-000705,WKR-PUB-000705,IE,LE-IE-SYNTH-001,ACTIVE,EMPLOYEE,PERMANENT,2018-12-13,,F,Engineering,Remote-IE,CC-IE-017
HRIS-WKR-000706,WKR-PUB-000706,IE,LE-IE-SYNTH-001,ACTIVE,EMPLOYEE,FIXED_TERM,2015-04-18,,M,People,Dublin,CC-IE-029
HRIS-WKR-000707,WKR-PUB-000707,IE,LE-IE-SYNTH-001,ACTIVE,EMPLOYEE,PERMANENT,2018-01-03,,F,Sales,Dublin,CC-IE-022
HRIS-WKR-000708,WKR-PUB-000708,IE,LE-IE-SYNTH-001,ACTIVE,EMPLOYEE,PERMANENT,2023-09-20,,M,Operations,Galway,CC-IE-005
HRIS-WKR-000709,WKR-PUB-000709,IE,LE-IE-SYNTH-001,ACTIVE,EMPLOYEE,PERMANENT,2020-11-26,,F,Engineering,Galway,CC-IE-009
HRIS-WKR-000710,WKR-PUB-000710,IE,LE-IE-SYNTH-001,ACTIVE,EMPLOYEE,FIXED_TERM,2014-03-27,,F,Finance,Galway,CC-IE-016
HRIS-WKR-000711,WKR-PUB-000711,IE,LE-IE-SYNTH-001,TERMINATED,EMPLOYEE,PERMANENT,2017-03-05,2026-07-29,M,Sales,Dublin,CC-IE-015
HRIS-WKR-000712,WKR-PUB-000712,IE,LE-IE-SYNTH-001,ACTIVE,EMPLOYEE,PERMANENT,2022-10-21,,M,Technology,Dublin,CC-IE-033
HRIS-WKR-000713,WKR-PUB-000713,IE,LE-IE-SYNTH-001,ACTIVE,EMPLOYEE,PERMANENT,2014-04-08,,M,Sales,Remote-IE,CC-IE-002
HRIS-WKR-000714,WKR-PUB-000714,IE,LE-IE-SYNTH-001,ACTIVE,EMPLOYEE,FIXED_TERM,2016-01-23,,M,Technology,Dublin,CC-IE-033
HRIS-WKR-000715,WKR-PUB-000715,IE,LE-IE-SYNTH-001,ACTIVE,EMPLOYEE,PERMANENT,2016-04-01,,F,Operations,Remote-IE,CC-IE-008
HRIS-WKR-000716,WKR-PUB-000716,IE,LE-IE-SYNTH-001,TERMINATED,EMPLOYEE,PERMANENT,2022-11-08,2026-09-05,F,Operations,Dublin,CC-IE-015
HRIS-WKR-000717,WKR-PUB-000717,IE,LE-IE-SYNTH-001,ACTIVE,EMPLOYEE,PERMANENT,2023-01-07,,M,Engineering,Cork,CC-IE-027
HRIS-WKR-000718,WKR-PUB-000718,IE,LE-IE-SYNTH-001,ACTIVE,EMPLOYEE,PERMANENT,2016-07-14,,M,Technology,Cork,CC-IE-027
HRIS-WKR-000719,WKR-PUB-000719,IE,LE-IE-SYNTH-001,ACTIVE,EMPLOYEE,PERMANENT,2025-09-20,,,Operations,Limerick,CC-IE-005
HRIS-WKR-000720,WKR-PUB-000720,IE,LE-IE-SYNTH-001,ACTIVE,EMPLOYEE,PERMANENT,2019-04-26,,M,Operations,Remote-IE,CC-IE-013
HRIS-WKR-000721,WKR-PUB-000721,IE,LE-IE-SYNTH-001,ACTIVE,EMPLOYEE,PERMANENT,2014-01-05,,F,Engineering,Dublin,CC-IE-036
HRIS-WKR-000722,WKR-PUB-000722,IE,LE-IE-SYNTH-001,ACTIVE,EMPLOYEE,PERMANENT,2021-09-12,,M,Sales,Dublin,CC-IE-040
HRIS-WKR-000723,WKR-PUB-000723,IE,LE-IE-SYNTH-001,ACTIVE,EMPLOYEE,PERMANENT,2019-01-23,,M,Engineering,Dublin,CC-IE-020
HRIS-WKR-000724,WKR-PUB-000724,IE,LE-IE-SYNTH-001,ACTIVE,EMPLOYEE,PERMANENT,2025-10-11,,,People,Dublin,CC-IE-021
HRIS-WKR-000725,WKR-PUB-000725,IE,LE-IE-SYNTH-001,ACTIVE,EMPLOYEE,PERMANENT,2015-06-08,,M,Engineering,Dublin,CC-IE-007
HRIS-WKR-000726,WKR-PUB-000726,IE,LE-IE-SYNTH-001,ACTIVE,EMPLOYEE,PERMANENT,2017-06-11,,M,Engineering,Dublin,CC-IE-027
HRIS-WKR-000727,WKR-PUB-000727,IE,LE-IE-SYNTH-001,ACTIVE,EMPLOYEE,APPRENTICE,2015-11-09,,M,Finance,Dublin,CC-IE-006
HRIS-WKR-000728,WKR-PUB-000728,IE,LE-IE-SYNTH-001,ACTIVE,EMPLOYEE,PERMANENT,2016-05-10,,F,Operations,Cork,CC-IE-025
HRIS-WKR-000729,WKR-PUB-000729,IE,LE-IE-SYNTH-001,ACTIVE,EMPLOYEE,PERMANENT,2024-01-19,,M,Engineering,Cork,CC-IE-024
HRIS-WKR-000730,WKR-PUB-000730,IE,LE-IE-SYNTH-001,ACTIVE,EMPLOYEE,PERMANENT,2016-11-17,,M,Engineering,Dublin,CC-IE-028
HRIS-WKR-000731,WKR-PUB-000731,IE,LE-IE-SYNTH-001,TERMINATED,EMPLOYEE,PERMANENT,2018-09-20,2026-03-19,M,Operations,Dublin,CC-IE-021
HRIS-WKR-000732,WKR-PUB-000732,IE,LE-IE-SYNTH-001,ACTIVE,EMPLOYEE,PERMANENT,2016-01-23,,M,Technology,Dublin,CC-IE-033
HRIS-WKR-000733,WKR-PUB-000733,IE,LE-IE-SYNTH-001,ACTIVE,EMPLOYEE,PERMANENT,2024-02-12,,M,Operations,Dublin,CC-IE-006
HRIS-WKR-000734,WKR-PUB-000734,IE,LE-IE-SYNTH-001,ACTIVE,EMPLOYEE,PERMANENT,2020-10-02,,F,Technology,Cork,CC-IE-037
HRIS-WKR-000735,WKR-PUB-000735,IE,LE-IE-SYNTH-001,ACTIVE,EMPLOYEE,PERMANENT,2016-11-29,,M,Engineering,Dublin,CC-IE-001
HRIS-WKR-000736,WKR-PUB-000736,IE,LE-IE-SYNTH-001,ACTIVE,EMPLOYEE,FIXED_TERM,2018-01-29,,F,People,Galway,CC-IE-009
HRIS-WKR-000737,WKR-PUB-000737,IE,LE-IE-SYNTH-001,ACTIVE,EMPLOYEE,PERMANENT,2016-10-24,,M,Sales,Limerick,CC-IE-032
HRIS-WKR-000738,WKR-PUB-000738,IE,LE-IE-SYNTH-001,ACTIVE,EMPLOYEE,PERMANENT,2015-11-19,,M,Operations,Dublin,CC-IE-015
HRIS-WKR-000739,WKR-PUB-000739,IE,LE-IE-SYNTH-001,ACTIVE,EMPLOYEE,PERMANENT,2021-06-21,,M,Operations,Galway,CC-IE-007
HRIS-WKR-000740,WKR-PUB-000740,IE,LE-IE-SYNTH-001,ACTIVE,EMPLOYEE,PERMANENT,2015-05-11,,M,Sales,Dublin,CC-IE-023
HRIS-WKR-000741,WKR-PUB-000741,IE,LE-IE-SYNTH-001,ACTIVE,EMPLOYEE,PERMANENT,2017-04-11,,M,Engineering,Galway,CC-IE-005
HRIS-WKR-000742,WKR-PUB-000742,IE,LE-IE-SYNTH-001,ACTIVE,CONTRACTOR,PERMANENT,2018-10-30,,M,Engineering,Cork,CC-IE-005
HRIS-WKR-000743,WKR-PUB-000743,IE,LE-IE-SYNTH-001,ACTIVE,EMPLOYEE,PERMANENT,2020-12-12,,M,Engineering,Cork,CC-IE-009
HRIS-WKR-000744,WKR-PUB-000744,IE,LE-IE-SYNTH-001,ACTIVE,EMPLOYEE,PERMANENT,2014-12-24,,F,Engineering,Cork,CC-IE-018
HRIS-WKR-000745,WKR-PUB-000745,IE,LE-IE-SYNTH-001,ACTIVE,EMPLOYEE,PERMANENT,2025-05-20,,M,Finance,Cork,CC-IE-040
HRIS-WKR-000746,WKR-PUB-000746,IE,LE-IE-SYNTH-001,ACTIVE,EMPLOYEE,FIXED_TERM,2019-03-16,,M,Operations,Remote-IE,CC-IE-039
HRIS-WKR-000747,WKR-PUB-000747,IE,LE-IE-SYNTH-001,ACTIVE,EMPLOYEE,FIXED_TERM,2023-02-05,,M,Technology,Dublin,CC-IE-014
HRIS-WKR-000748,WKR-PUB-000748,IE,LE-IE-SYNTH-001,ACTIVE,EMPLOYEE,PERMANENT,2017-04-22,,,Sales,Dublin,CC-IE-034
HRIS-WKR-000749,WKR-PUB-000749,IE,LE-IE-SYNTH-001,ACTIVE,EMPLOYEE,PERMANENT,2020-05-05,,F,Engineering,Dublin,CC-IE-036
HRIS-WKR-000750,WKR-PUB-000750,IE,LE-IE-SYNTH-001,ACTIVE,EMPLOYEE,PERMANENT,2022-06-15,,M,Technology,Dublin,CC-IE-008
HRIS-WKR-000751,WKR-PUB-000751,IE,LE-IE-SYNTH-001,ACTIVE,EMPLOYEE,PERMANENT,2014-01-14,,F,Sales,Galway,CC-IE-019
HRIS-WKR-000752,WKR-PUB-000752,IE,LE-IE-SYNTH-001,ACTIVE,EMPLOYEE,PERMANENT,2023-03-06,,F,Engineering,Dublin,CC-IE-002
HRIS-WKR-000753,WKR-PUB-000753,IE,LE-IE-SYNTH-001,ACTIVE,EMPLOYEE,PERMANENT,2022-09-04,,M,People,Dublin,CC-IE-018
HRIS-WKR-000754,WKR-PUB-000754,IE,LE-IE-SYNTH-001,ACTIVE,EMPLOYEE,PERMANENT,2020-05-02,,M,Engineering,Dublin,CC-IE-021
HRIS-WKR-000755,WKR-PUB-000755,IE,LE-IE-SYNTH-001,TERMINATED,CONTRACTOR,PERMANENT,2015-10-10,2026-12-24,NB,People,Remote-IE,CC-IE-008
HRIS-WKR-000756,WKR-PUB-000756,IE,LE-IE-SYNTH-001,ACTIVE,CONTRACTOR,FIXED_TERM,2014-05-17,,M,Engineering,Dublin,CC-IE-029
HRIS-WKR-000757,WKR-PUB-000757,IE,LE-IE-SYNTH-001,ACTIVE,EMPLOYEE,PERMANENT,2021-05-31,,F,Operations,Remote-IE,CC-IE-006
HRIS-WKR-000758,WKR-PUB-000758,IE,LE-IE-SYNTH-001,TERMINATED,CONTRACTOR,PERMANENT,2014-12-09,2026-03-23,M,Operations,Dublin,CC-IE-004
HRIS-WKR-000759,WKR-PUB-000759,IE,LE-IE-SYNTH-001,ACTIVE,EMPLOYEE,PERMANENT,2018-07-17,,,Technology,Galway,CC-IE-040
HRIS-WKR-000760,WKR-PUB-000760,IE,LE-IE-SYNTH-001,ACTIVE,EMPLOYEE,PERMANENT,2020-09-15,,F,Engineering,Cork,CC-IE-003
HRIS-WKR-000761,WKR-PUB-000761,IE,LE-IE-SYNTH-001,ACTIVE,EMPLOYEE,PERMANENT,2026-01-10,,M,Engineering,Dublin,CC-IE-038
HRIS-WKR-000762,WKR-PUB-000762,IE,LE-IE-SYNTH-001,ACTIVE,EMPLOYEE,FIXED_TERM,2025-08-24,,F,Operations,Limerick,CC-IE-002
HRIS-WKR-000763,WKR-PUB-000763,IE,LE-IE-SYNTH-001,ACTIVE,EMPLOYEE,PERMANENT,2015-03-10,,M,Sales,Galway,CC-IE-032
HRIS-WKR-000764,WKR-PUB-000764,IE,LE-IE-SYNTH-001,ACTIVE,EMPLOYEE,PERMANENT,2018-01-15,,F,Engineering,Galway,CC-IE-024
HRIS-WKR-000765,WKR-PUB-000765,IE,LE-IE-SYNTH-001,ACTIVE,EMPLOYEE,PERMANENT,2024-03-29,,M,Operations,Dublin,CC-IE-030
HRIS-WKR-000766,WKR-PUB-000766,IE,LE-IE-SYNTH-001,ACTIVE,EMPLOYEE,PERMANENT,2023-07-15,,M,Sales,Cork,CC-IE-012
HRIS-WKR-000767,WKR-PUB-000767,IE,LE-IE-SYNTH-001,ACTIVE,CONTRACTOR,PERMANENT,2015-12-07,,M,Technology,Remote-IE,CC-IE-027
HRIS-WKR-000768,WKR-PUB-000768,IE,LE-IE-SYNTH-001,ACTIVE,EMPLOYEE,FIXED_TERM,2017-07-15,,F,Operations,Dublin,CC-IE-022
HRIS-WKR-000769,WKR-PUB-000769,IE,LE-IE-SYNTH-001,ACTIVE,EMPLOYEE,PERMANENT,2014-12-29,,M,People,Dublin,CC-IE-033
HRIS-WKR-000770,WKR-PUB-000770,IE,LE-IE-SYNTH-001,ACTIVE,EMPLOYEE,PERMANENT,2020-01-12,,,Engineering,Limerick,CC-IE-012
HRIS-WKR-000771,WKR-PUB-000771,IE,LE-IE-SYNTH-001,ACTIVE,EMPLOYEE,PERMANENT,2025-02-25,,M,Sales,Dublin,CC-IE-005
HRIS-WKR-000772,WKR-PUB-000772,IE,LE-IE-SYNTH-001,ACTIVE,EMPLOYEE,PERMANENT,2025-02-08,,F,Operations,Limerick,CC-IE-021
HRIS-WKR-000773,WKR-PUB-000773,IE,LE-IE-SYNTH-001,ACTIVE,EMPLOYEE,PERMANENT,2014-10-24,,F,Sales,Galway,CC-IE-031
HRIS-WKR-000774,WKR-PUB-000774,IE,LE-IE-SYNTH-001,ACTIVE,EMPLOYEE,PERMANENT,2015-11-02,,M,Finance,Dublin,CC-IE-039
HRIS-WKR-000775,WKR-PUB-000775,IE,LE-IE-SYNTH-001,TERMINATED,CONTRACTOR,FIXED_TERM,2021-08-24,2026-10-05,M,Technology,Remote-IE,CC-IE-037
HRIS-WKR-000776,WKR-PUB-000776,IE,LE-IE-SYNTH-001,ACTIVE,EMPLOYEE,PERMANENT,2021-04-02,,M,Operations,Remote-IE,CC-IE-007
HRIS-WKR-000777,WKR-PUB-000777,IE,LE-IE-SYNTH-001,ACTIVE,EMPLOYEE,PERMANENT,2023-10-06,,F,Sales,Dublin,CC-IE-007
HRIS-WKR-000778,WKR-PUB-000778,IE,LE-IE-SYNTH-001,ACTIVE,EMPLOYEE,APPRENTICE,2019-02-15,,M,Sales,Limerick,CC-IE-030
HRIS-WKR-000779,WKR-PUB-000779,IE,LE-IE-SYNTH-001,ACTIVE,EMPLOYEE,PERMANENT,2021-03-10,,F,Sales,Dublin,CC-IE-037
HRIS-WKR-000780,WKR-PUB-000780,IE,LE-IE-SYNTH-001,ACTIVE,EMPLOYEE,PERMANENT,2019-03-20,,M,Operations,Dublin,CC-IE-008
HRIS-WKR-000781,WKR-PUB-000781,IE,LE-IE-SYNTH-001,ACTIVE,EMPLOYEE,PERMANENT,2019-02-28,,F,Sales,Dublin,CC-IE-009
HRIS-WKR-000782,WKR-PUB-000782,IE,LE-IE-SYNTH-001,ACTIVE,EMPLOYEE,APPRENTICE,2018-09-30,,M,Technology,Dublin,CC-IE-014
HRIS-WKR-000783,WKR-PUB-000783,IE,LE-IE-SYNTH-001,ACTIVE,EMPLOYEE,PERMANENT,2018-02-25,,M,Sales,Galway,CC-IE-006
HRIS-WKR-000784,WKR-PUB-000784,IE,LE-IE-SYNTH-001,ACTIVE,EMPLOYEE,PERMANENT,2017-08-03,,F,Sales,Dublin,CC-IE-014
HRIS-WKR-000785,WKR-PUB-000785,IE,LE-IE-SYNTH-001,ACTIVE,EMPLOYEE,FIXED_TERM,2018-10-07,,F,Operations,Dublin,CC-IE-008
HRIS-WKR-000786,WKR-PUB-000786,IE,LE-IE-SYNTH-001,ACTIVE,CONTRACTOR,PERMANENT,2023-02-22,,M,Sales,Cork,CC-IE-023
HRIS-WKR-000787,WKR-PUB-000787,IE,LE-IE-SYNTH-001,ACTIVE,EMPLOYEE,APPRENTICE,2018-08-01,,,Engineering,Dublin,CC-IE-022
HRIS-WKR-000788,WKR-PUB-000788,IE,LE-IE-SYNTH-001,ACTIVE,EMPLOYEE,PERMANENT,2015-08-05,,F,Engineering,Limerick,CC-IE-005
HRIS-WKR-000789,WKR-PUB-000789,IE,LE-IE-SYNTH-001,ACTIVE,EMPLOYEE,PERMANENT,2024-09-04,,M,Engineering,Remote-IE,CC-IE-015
HRIS-WKR-000790,WKR-PUB-000790,IE,LE-IE-SYNTH-001,ACTIVE,EMPLOYEE,PERMANENT,2022-10-14,,M,People,Cork,CC-IE-014
HRIS-WKR-000791,WKR-PUB-000791,IE,LE-IE-SYNTH-001,ACTIVE,EMPLOYEE,PERMANENT,2017-11-30,,F,Engineering,Galway,CC-IE-007
HRIS-WKR-000792,WKR-PUB-000792,IE,LE-IE-SYNTH-001,ACTIVE,EMPLOYEE,PERMANENT,2018-11-15,,F,People,Dublin,CC-IE-011
HRIS-WKR-000793,WKR-PUB-000793,IE,LE-IE-SYNTH-001,ACTIVE,EMPLOYEE,PERMANENT,2017-09-01,,M,Engineering,Dublin,CC-IE-021
HRIS-WKR-000794,WKR-PUB-000794,IE,LE-IE-SYNTH-001,ACTIVE,EMPLOYEE,FIXED_TERM,2014-06-12,,F,Sales,Dublin,CC-IE-034
HRIS-WKR-000795,WKR-PUB-000795,IE,LE-IE-SYNTH-001,ACTIVE,EMPLOYEE,PERMANENT,2014-05-05,,F,Engineering,Dublin,CC-IE-013
HRIS-WKR-000796,WKR-PUB-000796,IE,LE-IE-SYNTH-001,TERMINATED,EMPLOYEE,PERMANENT,2017-03-22,2026-07-09,M,Operations,Dublin,CC-IE-033
HRIS-WKR-000797,WKR-PUB-000797,IE,LE-IE-SYNTH-001,ACTIVE,EMPLOYEE,APPRENTICE,2021-11-16,,F,People,Dublin,CC-IE-017
HRIS-WKR-000798,WKR-PUB-000798,IE,LE-IE-SYNTH-001,ACTIVE,EMPLOYEE,PERMANENT,2016-03-02,,F,Finance,Cork,CC-IE-033
HRIS-WKR-000799,WKR-PUB-000799,IE,LE-IE-SYNTH-001,ACTIVE,EMPLOYEE,PERMANENT,2024-01-26,,F,Finance,Limerick,CC-IE-027
HRIS-WKR-000800,WKR-PUB-000800,IE,LE-IE-SYNTH-001,ACTIVE,EMPLOYEE,PERMANENT,2023-03-28,,M,Operations,Dublin,CC-IE-001
HRIS-WKR-000801,WKR-PUB-000801,IE,LE-IE-SYNTH-001,ACTIVE,EMPLOYEE,PERMANENT,2024-01-29,,M,Operations,Dublin,CC-IE-001
HRIS-WKR-000802,WKR-PUB-000802,IE,LE-IE-SYNTH-001,ACTIVE,EMPLOYEE,PERMANENT,2024-07-12,,F,Engineering,Dublin,CC-IE-031
HRIS-WKR-000803,WKR-PUB-000803,IE,LE-IE-SYNTH-001,ACTIVE,EMPLOYEE,PERMANENT,2023-07-30,,M,Engineering,Dublin,CC-IE-017
HRIS-WKR-000804,WKR-PUB-000804,IE,LE-IE-SYNTH-001,ACTIVE,EMPLOYEE,PERMANENT,2021-03-15,,M,Engineering,Remote-IE,CC-IE-037
HRIS-WKR-000805,WKR-PUB-000805,IE,LE-IE-SYNTH-001,ACTIVE,EMPLOYEE,PERMANENT,2020-01-21,,M,Sales,Limerick,CC-IE-036
HRIS-WKR-000806,WKR-PUB-000806,IE,LE-IE-SYNTH-001,ACTIVE,EMPLOYEE,PERMANENT,2020-05-06,,M,Sales,Limerick,CC-IE-027
HRIS-WKR-000807,WKR-PUB-000807,IE,LE-IE-SYNTH-001,ACTIVE,EMPLOYEE,PERMANENT,2019-05-15,,M,Operations,Dublin,CC-IE-024
HRIS-WKR-000808,WKR-PUB-000808,IE,LE-IE-SYNTH-001,ACTIVE,EMPLOYEE,PERMANENT,2019-10-01,,F,Sales,Dublin,CC-IE-002
HRIS-WKR-000809,WKR-PUB-000809,IE,LE-IE-SYNTH-001,ACTIVE,EMPLOYEE,PERMANENT,2019-10-17,,M,Technology,Dublin,CC-IE-019
HRIS-WKR-000810,WKR-PUB-000810,IE,LE-IE-SYNTH-001,ACTIVE,EMPLOYEE,PERMANENT,2025-04-24,,M,Engineering,Dublin,CC-IE-003
HRIS-WKR-000811,WKR-PUB-000811,IE,LE-IE-SYNTH-001,ACTIVE,EMPLOYEE,PERMANENT,2018-12-26,,F,Engineering,Galway,CC-IE-014
HRIS-WKR-000812,WKR-PUB-000812,IE,LE-IE-SYNTH-001,ACTIVE,EMPLOYEE,PERMANENT,2015-06-30,,M,Finance,Dublin,CC-IE-018
HRIS-WKR-000813,WKR-PUB-000813,IE,LE-IE-SYNTH-001,ACTIVE,EMPLOYEE,FIXED_TERM,2022-06-27,,M,Operations,Dublin,CC-IE-026
HRIS-WKR-000814,WKR-PUB-000814,IE,LE-IE-SYNTH-001,ACTIVE,EMPLOYEE,FIXED_TERM,2015-11-26,,,Sales,Cork,CC-IE-015
HRIS-WKR-000815,WKR-PUB-000815,IE,LE-IE-SYNTH-001,ACTIVE,CONTRACTOR,PERMANENT,2018-11-16,,F,Finance,Galway,CC-IE-038
HRIS-WKR-000816,WKR-PUB-000816,IE,LE-IE-SYNTH-001,ACTIVE,EMPLOYEE,PERMANENT,2024-07-11,,M,Engineering,Cork,CC-IE-008
HRIS-WKR-000817,WKR-PUB-000817,IE,LE-IE-SYNTH-001,ACTIVE,EMPLOYEE,PERMANENT,2021-07-20,,F,Finance,Dublin,CC-IE-031
HRIS-WKR-000818,WKR-PUB-000818,IE,LE-IE-SYNTH-001,ACTIVE,EMPLOYEE,APPRENTICE,2016-04-27,,M,Finance,Dublin,CC-IE-032
HRIS-WKR-000819,WKR-PUB-000819,IE,LE-IE-SYNTH-001,ACTIVE,EMPLOYEE,PERMANENT,2020-02-07,,F,Operations,Limerick,CC-IE-037
HRIS-WKR-000820,WKR-PUB-000820,IE,LE-IE-SYNTH-001,ACTIVE,EMPLOYEE,PERMANENT,2025-03-17,,M,Sales,Dublin,CC-IE-010
HRIS-WKR-000821,WKR-PUB-000821,IE,LE-IE-SYNTH-001,ACTIVE,EMPLOYEE,PERMANENT,2023-07-18,,F,Sales,Dublin,CC-IE-004
HRIS-WKR-000822,WKR-PUB-000822,IE,LE-IE-SYNTH-001,ACTIVE,EMPLOYEE,PERMANENT,2017-06-22,,M,Sales,Dublin,CC-IE-025
HRIS-WKR-000823,WKR-PUB-000823,IE,LE-IE-SYNTH-001,ACTIVE,EMPLOYEE,PERMANENT,2024-03-27,,M,Operations,Dublin,CC-IE-002
HRIS-WKR-000824,WKR-PUB-000824,IE,LE-IE-SYNTH-001,ACTIVE,CONTRACTOR,FIXED_TERM,2014-03-02,,M,Finance,Remote-IE,CC-IE-007
HRIS-WKR-000825,WKR-PUB-000825,IE,LE-IE-SYNTH-001,ACTIVE,EMPLOYEE,PERMANENT,2018-06-29,,F,Sales,Cork,CC-IE-040
HRIS-WKR-000826,WKR-PUB-000826,IE,LE-IE-SYNTH-001,ACTIVE,EMPLOYEE,PERMANENT,2015-06-28,,F,Finance,Cork,CC-IE-035
HRIS-WKR-000827,WKR-PUB-000827,IE,LE-IE-SYNTH-001,ACTIVE,CONTRACTOR,PERMANENT,2016-03-07,,F,Sales,Limerick,CC-IE-039
HRIS-WKR-000828,WKR-PUB-000828,IE,LE-IE-SYNTH-001,ACTIVE,EMPLOYEE,PERMANENT,2020-03-25,,M,Sales,Cork,CC-IE-016
HRIS-WKR-000829,WKR-PUB-000829,IE,LE-IE-SYNTH-001,ACTIVE,EMPLOYEE,PERMANENT,2022-07-28,,F,Operations,Dublin,CC-IE-016
HRIS-WKR-000830,WKR-PUB-000830,IE,LE-IE-SYNTH-001,ACTIVE,EMPLOYEE,FIXED_TERM,2015-04-29,,F,Engineering,Dublin,CC-IE-019
HRIS-WKR-000831,WKR-PUB-000831,IE,LE-IE-SYNTH-001,ACTIVE,EMPLOYEE,PERMANENT,2023-07-12,,M,People,Dublin,CC-IE-018
HRIS-WKR-000832,WKR-PUB-000832,IE,LE-IE-SYNTH-001,ACTIVE,EMPLOYEE,PERMANENT,2024-12-20,,F,Operations,Galway,CC-IE-037
HRIS-WKR-000833,WKR-PUB-000833,IE,LE-IE-SYNTH-001,ACTIVE,EMPLOYEE,PERMANENT,2022-05-17,,F,Engineering,Dublin,CC-IE-005
HRIS-WKR-000834,WKR-PUB-000834,IE,LE-IE-SYNTH-001,ACTIVE,EMPLOYEE,PERMANENT,2015-10-09,,M,Engineering,Dublin,CC-IE-010
HRIS-WKR-000835,WKR-PUB-000835,IE,LE-IE-SYNTH-001,ACTIVE,CONTRACTOR,PERMANENT,2022-05-31,,M,Engineering,Limerick,CC-IE-028
HRIS-WKR-000836,WKR-PUB-000836,IE,LE-IE-SYNTH-001,ACTIVE,EMPLOYEE,APPRENTICE,2014-03-30,,F,Sales,Dublin,CC-IE-007
HRIS-WKR-000837,WKR-PUB-000837,IE,LE-IE-SYNTH-001,ACTIVE,EMPLOYEE,PERMANENT,2016-03-02,,F,People,Remote-IE,CC-IE-022
HRIS-WKR-000838,WKR-PUB-000838,IE,LE-IE-SYNTH-001,ACTIVE,EMPLOYEE,FIXED_TERM,2024-08-21,,F,Operations,Dublin,CC-IE-008
HRIS-WKR-000839,WKR-PUB-000839,IE,LE-IE-SYNTH-001,ACTIVE,EMPLOYEE,PERMANENT,2020-02-18,,F,Technology,Dublin,CC-IE-017
HRIS-WKR-000840,WKR-PUB-000840,IE,LE-IE-SYNTH-001,ACTIVE,EMPLOYEE,APPRENTICE,2014-10-07,,M,Finance,Limerick,CC-IE-019
HRIS-WKR-000841,WKR-PUB-000841,IE,LE-IE-SYNTH-001,ACTIVE,EMPLOYEE,PERMANENT,2023-01-16,,F,People,Limerick,CC-IE-029
HRIS-WKR-000842,WKR-PUB-000842,IE,LE-IE-SYNTH-001,ACTIVE,CONTRACTOR,PERMANENT,2014-05-13,,F,Sales,Dublin,CC-IE-011
HRIS-WKR-000843,WKR-PUB-000843,IE,LE-IE-SYNTH-001,ACTIVE,EMPLOYEE,PERMANENT,2014-06-13,,M,Engineering,Remote-IE,CC-IE-022
HRIS-WKR-000844,WKR-PUB-000844,IE,LE-IE-SYNTH-001,ACTIVE,CONTRACTOR,PERMANENT,2014-11-05,,M,Sales,Cork,CC-IE-018
HRIS-WKR-000845,WKR-PUB-000845,IE,LE-IE-SYNTH-001,ACTIVE,EMPLOYEE,FIXED_TERM,2021-05-11,,M,Engineering,Dublin,CC-IE-013
HRIS-WKR-000846,WKR-PUB-000846,IE,LE-IE-SYNTH-001,ACTIVE,EMPLOYEE,PERMANENT,2025-05-28,,M,Engineering,Limerick,CC-IE-019
HRIS-WKR-000847,WKR-PUB-000847,IE,LE-IE-SYNTH-001,ACTIVE,EMPLOYEE,PERMANENT,2026-01-27,,M,Engineering,Dublin,CC-IE-017
HRIS-WKR-000848,WKR-PUB-000848,IE,LE-IE-SYNTH-001,ACTIVE,EMPLOYEE,PERMANENT,2019-06-20,,F,Operations,Limerick,CC-IE-033
HRIS-WKR-000849,WKR-PUB-000849,IE,LE-IE-SYNTH-001,ACTIVE,EMPLOYEE,PERMANENT,2022-10-22,,UNDISCLOSED,Technology,Dublin,CC-IE-005
HRIS-WKR-000850,WKR-PUB-000850,IE,LE-IE-SYNTH-001,ACTIVE,CONTRACTOR,PERMANENT,2025-12-31,,M,People,Limerick,CC-IE-025
HRIS-WKR-000851,WKR-PUB-000851,IE,LE-IE-SYNTH-001,ACTIVE,EMPLOYEE,PERMANENT,2023-01-19,,M,Engineering,Dublin,CC-IE-007
HRIS-WKR-000852,WKR-PUB-000852,IE,LE-IE-SYNTH-001,ACTIVE,EMPLOYEE,APPRENTICE,2024-10-19,,M,Sales,Cork,CC-IE-035
HRIS-WKR-000853,WKR-PUB-000853,IE,LE-IE-SYNTH-001,ACTIVE,CONTRACTOR,PERMANENT,2021-02-04,,F,Operations,Dublin,CC-IE-034
HRIS-WKR-000854,WKR-PUB-000854,IE,LE-IE-SYNTH-001,ACTIVE,EMPLOYEE,PERMANENT,2020-06-14,,F,People,Cork,CC-IE-014
HRIS-WKR-000855,WKR-PUB-000855,IE,LE-IE-SYNTH-001,ACTIVE,EMPLOYEE,PERMANENT,2016-04-02,,F,Sales,Dublin,CC-IE-022
HRIS-WKR-000856,WKR-PUB-000856,IE,LE-IE-SYNTH-001,TERMINATED,EMPLOYEE,FIXED_TERM,2021-08-26,2026-10-21,M,People,Cork,CC-IE-024
HRIS-WKR-000857,WKR-PUB-000857,IE,LE-IE-SYNTH-001,ACTIVE,EMPLOYEE,PERMANENT,2016-06-18,,M,Finance,Limerick,CC-IE-004
HRIS-WKR-000858,WKR-PUB-000858,IE,LE-IE-SYNTH-001,ACTIVE,EMPLOYEE,PERMANENT,2018-03-04,,M,Engineering,Galway,CC-IE-040
HRIS-WKR-000859,WKR-PUB-000859,IE,LE-IE-SYNTH-001,ACTIVE,EMPLOYEE,PERMANENT,2019-05-30,,M,Sales,Galway,CC-IE-016
HRIS-WKR-000860,WKR-PUB-000860,IE,LE-IE-SYNTH-001,ACTIVE,EMPLOYEE,PERMANENT,2015-06-08,,M,People,Limerick,CC-IE-013
HRIS-WKR-000861,WKR-PUB-000861,IE,LE-IE-SYNTH-001,ACTIVE,EMPLOYEE,FIXED_TERM,2014-03-02,,F,Operations,Dublin,CC-IE-017
HRIS-WKR-000862,WKR-PUB-000862,IE,LE-IE-SYNTH-001,ACTIVE,EMPLOYEE,PERMANENT,2022-08-01,,F,Engineering,Limerick,CC-IE-011
HRIS-WKR-000863,WKR-PUB-000863,IE,LE-IE-SYNTH-001,ACTIVE,EMPLOYEE,PERMANENT,2015-12-07,,M,Technology,Limerick,CC-IE-018
HRIS-WKR-000864,WKR-PUB-000864,IE,LE-IE-SYNTH-001,TERMINATED,EMPLOYEE,FIXED_TERM,2025-08-16,2026-03-27,F,Operations,Cork,CC-IE-026
HRIS-WKR-000865,WKR-PUB-000865,IE,LE-IE-SYNTH-001,ACTIVE,EMPLOYEE,FIXED_TERM,2022-08-25,,F,Sales,Cork,CC-IE-025
HRIS-WKR-000866,WKR-PUB-000866,IE,LE-IE-SYNTH-001,ACTIVE,CONTRACTOR,APPRENTICE,2024-06-01,,,Engineering,Remote-IE,CC-IE-039
HRIS-WKR-000867,WKR-PUB-000867,IE,LE-IE-SYNTH-001,ACTIVE,EMPLOYEE,FIXED_TERM,2016-03-15,,M,Sales,Remote-IE,CC-IE-007
HRIS-WKR-000868,WKR-PUB-000868,IE,LE-IE-SYNTH-001,ACTIVE,EMPLOYEE,FIXED_TERM,2022-04-29,,F,Sales,Cork,CC-IE-019
HRIS-WKR-000869,WKR-PUB-000869,IE,LE-IE-SYNTH-001,ACTIVE,EMPLOYEE,FIXED_TERM,2021-12-18,,M,People,Limerick,CC-IE-001
HRIS-WKR-000870,WKR-PUB-000870,IE,LE-IE-SYNTH-001,ACTIVE,EMPLOYEE,FIXED_TERM,2021-09-04,,M,Engineering,Dublin,CC-IE-016
HRIS-WKR-000871,WKR-PUB-000871,IE,LE-IE-SYNTH-001,ACTIVE,EMPLOYEE,FIXED_TERM,2014-11-12,,NB,People,Galway,CC-IE-023
HRIS-WKR-000872,WKR-PUB-000872,IE,LE-IE-SYNTH-001,ACTIVE,EMPLOYEE,PERMANENT,2014-12-30,,M,Engineering,Remote-IE,CC-IE-038
HRIS-WKR-000873,WKR-PUB-000873,IE,LE-IE-SYNTH-001,ACTIVE,EMPLOYEE,FIXED_TERM,2021-08-03,,NB,People,Dublin,CC-IE-008
HRIS-WKR-000874,WKR-PUB-000874,IE,LE-IE-SYNTH-001,ACTIVE,EMPLOYEE,PERMANENT,2020-06-03,,F,Operations,Remote-IE,CC-IE-019
HRIS-WKR-000875,WKR-PUB-000875,IE,LE-IE-SYNTH-001,ACTIVE,EMPLOYEE,PERMANENT,2019-08-10,,F,Engineering,Dublin,CC-IE-037
HRIS-WKR-000876,WKR-PUB-000876,IE,LE-IE-SYNTH-001,ACTIVE,EMPLOYEE,PERMANENT,2025-11-17,,M,Sales,Limerick,CC-IE-023
HRIS-WKR-000877,WKR-PUB-000877,IE,LE-IE-SYNTH-001,ACTIVE,EMPLOYEE,PERMANENT,2014-07-12,,F,Sales,Dublin,CC-IE-034
HRIS-WKR-000878,WKR-PUB-000878,IE,LE-IE-SYNTH-001,ACTIVE,EMPLOYEE,PERMANENT,2023-04-16,,M,Engineering,Remote-IE,CC-IE-005
HRIS-WKR-000879,WKR-PUB-000879,IE,LE-IE-SYNTH-001,ACTIVE,EMPLOYEE,PERMANENT,2018-12-11,,,Technology,Dublin,CC-IE-030
HRIS-WKR-000880,WKR-PUB-000880,IE,LE-IE-SYNTH-001,ACTIVE,EMPLOYEE,PERMANENT,2017-06-24,,M,Engineering,Dublin,CC-IE-032
HRIS-WKR-000881,WKR-PUB-000881,IE,LE-IE-SYNTH-001,ACTIVE,EMPLOYEE,PERMANENT,2025-03-24,,,Engineering,Remote-IE,CC-IE-035
HRIS-WKR-000882,WKR-PUB-000882,IE,LE-IE-SYNTH-001,ACTIVE,EMPLOYEE,PERMANENT,2015-12-17,,M,Sales,Limerick,CC-IE-038
HRIS-WKR-000883,WKR-PUB-000883,IE,LE-IE-SYNTH-001,ACTIVE,EMPLOYEE,PERMANENT,2025-03-26,,M,Engineering,Dublin,CC-IE-015
HRIS-WKR-000884,WKR-PUB-000884,IE,LE-IE-SYNTH-001,ACTIVE,EMPLOYEE,PERMANENT,2022-10-30,,M,Engineering,Dublin,CC-IE-005
HRIS-WKR-000885,WKR-PUB-000885,IE,LE-IE-SYNTH-001,ACTIVE,EMPLOYEE,PERMANENT,2018-11-14,,M,Engineering,Dublin,CC-IE-001
HRIS-WKR-000886,WKR-PUB-000886,IE,LE-IE-SYNTH-001,ACTIVE,EMPLOYEE,PERMANENT,2017-12-03,,F,Engineering,Limerick,CC-IE-010
HRIS-WKR-000887,WKR-PUB-000887,IE,LE-IE-SYNTH-001,ACTIVE,EMPLOYEE,PERMANENT,2019-12-31,,F,Engineering,Dublin,CC-IE-035
HRIS-WKR-000888,WKR-PUB-000888,IE,LE-IE-SYNTH-001,ACTIVE,EMPLOYEE,PERMANENT,2019-12-28,,F,Engineering,Dublin,CC-IE-029
HRIS-WKR-000889,WKR-PUB-000889,IE,LE-IE-SYNTH-001,ACTIVE,EMPLOYEE,PERMANENT,2025-08-30,,NB,Engineering,Dublin,CC-IE-037
HRIS-WKR-000890,WKR-PUB-000890,IE,LE-IE-SYNTH-001,ACTIVE,EMPLOYEE,PERMANENT,2022-02-19,,F,People,Dublin,CC-IE-011
HRIS-WKR-000891,WKR-PUB-000891,IE,LE-IE-SYNTH-001,ACTIVE,EMPLOYEE,PERMANENT,2018-06-15,,M,People,Remote-IE,CC-IE-038
HRIS-WKR-000892,WKR-PUB-000892,IE,LE-IE-SYNTH-001,ACTIVE,EMPLOYEE,PERMANENT,2014-12-02,,F,Operations,Cork,CC-IE-010
HRIS-WKR-000893,WKR-PUB-000893,IE,LE-IE-SYNTH-001,ACTIVE,EMPLOYEE,PERMANENT,2022-11-10,,F,Technology,Dublin,CC-IE-022
HRIS-WKR-000894,WKR-PUB-000894,IE,LE-IE-SYNTH-001,ACTIVE,EMPLOYEE,PERMANENT,2017-10-08,,M,People,Dublin,CC-IE-040
HRIS-WKR-000895,WKR-PUB-000895,IE,LE-IE-SYNTH-001,ACTIVE,EMPLOYEE,PERMANENT,2014-10-20,,M,Sales,Limerick,CC-IE-019
HRIS-WKR-000896,WKR-PUB-000896,IE,LE-IE-SYNTH-001,ACTIVE,EMPLOYEE,PERMANENT,2017-06-09,,M,Engineering,Dublin,CC-IE-012
HRIS-WKR-000897,WKR-PUB-000897,IE,LE-IE-SYNTH-001,ACTIVE,EMPLOYEE,PERMANENT,2014-05-24,,F,Sales,Dublin,CC-IE-003
HRIS-WKR-000898,WKR-PUB-000898,IE,LE-IE-SYNTH-001,ACTIVE,EMPLOYEE,FIXED_TERM,2016-11-14,,M,Finance,Remote-IE,CC-IE-005
HRIS-WKR-000899,WKR-PUB-000899,IE,LE-IE-SYNTH-001,ACTIVE,EMPLOYEE,PERMANENT,2020-02-17,,F,Sales,Remote-IE,CC-IE-012
HRIS-WKR-000900,WKR-PUB-000900,IE,LE-IE-SYNTH-001,ACTIVE,EMPLOYEE,PERMANENT,2023-10-24,,F,People,Remote-IE,CC-IE-021
HRIS-WKR-000901,WKR-PUB-000901,IE,LE-IE-SYNTH-001,ACTIVE,CONTRACTOR,PERMANENT,2015-11-06,,M,Finance,Remote-IE,CC-IE-018
HRIS-WKR-000902,WKR-PUB-000902,IE,LE-IE-SYNTH-001,ACTIVE,EMPLOYEE,PERMANENT,2022-05-25,,F,Finance,Dublin,CC-IE-005
HRIS-WKR-000903,WKR-PUB-000903,IE,LE-IE-SYNTH-001,ACTIVE,EMPLOYEE,PERMANENT,2017-08-13,,M,Operations,Limerick,CC-IE-002
HRIS-WKR-000904,WKR-PUB-000904,IE,LE-IE-SYNTH-001,ACTIVE,EMPLOYEE,FIXED_TERM,2019-08-07,,F,Finance,Limerick,CC-IE-039
HRIS-WKR-000905,WKR-PUB-000905,IE,LE-IE-SYNTH-001,ACTIVE,EMPLOYEE,FIXED_TERM,2026-02-15,,F,Technology,Limerick,CC-IE-004
HRIS-WKR-000906,WKR-PUB-000906,IE,LE-IE-SYNTH-001,ACTIVE,EMPLOYEE,PERMANENT,2022-02-02,,M,Engineering,Remote-IE,CC-IE-005
HRIS-WKR-000907,WKR-PUB-000907,IE,LE-IE-SYNTH-001,ACTIVE,EMPLOYEE,PERMANENT,2020-11-11,,M,Technology,Cork,CC-IE-018
HRIS-WKR-000908,WKR-PUB-000908,IE,LE-IE-SYNTH-001,ACTIVE,EMPLOYEE,PERMANENT,2023-08-24,,F,Technology,Limerick,CC-IE-012
HRIS-WKR-000909,WKR-PUB-000909,IE,LE-IE-SYNTH-001,ACTIVE,EMPLOYEE,PERMANENT,2021-05-24,,M,Engineering,Dublin,CC-IE-020
HRIS-WKR-000910,WKR-PUB-000910,IE,LE-IE-SYNTH-001,ACTIVE,EMPLOYEE,PERMANENT,2017-02-25,,F,Operations,Cork,CC-IE-036
HRIS-WKR-000911,WKR-PUB-000911,IE,LE-IE-SYNTH-001,TERMINATED,EMPLOYEE,FIXED_TERM,2022-01-12,2026-10-24,F,Engineering,Galway,CC-IE-020
HRIS-WKR-000912,WKR-PUB-000912,IE,LE-IE-SYNTH-001,ACTIVE,EMPLOYEE,FIXED_TERM,2024-11-03,,F,Sales,Galway,CC-IE-020
HRIS-WKR-000913,WKR-PUB-000913,IE,LE-IE-SYNTH-001,ACTIVE,EMPLOYEE,FIXED_TERM,2015-09-02,,M,Engineering,Dublin,CC-IE-015
HRIS-WKR-000914,WKR-PUB-000914,IE,LE-IE-SYNTH-001,ACTIVE,EMPLOYEE,PERMANENT,2018-08-08,,M,Finance,Dublin,CC-IE-034
HRIS-WKR-000915,WKR-PUB-000915,IE,LE-IE-SYNTH-001,ACTIVE,EMPLOYEE,PERMANENT,2022-08-12,,F,Operations,Dublin,CC-IE-001
HRIS-WKR-000916,WKR-PUB-000916,IE,LE-IE-SYNTH-001,ACTIVE,EMPLOYEE,PERMANENT,2022-10-12,,F,People,Dublin,CC-IE-002
HRIS-WKR-000917,WKR-PUB-000917,IE,LE-IE-SYNTH-001,ACTIVE,EMPLOYEE,PERMANENT,2023-11-06,,F,Operations,Dublin,CC-IE-005
HRIS-WKR-000918,WKR-PUB-000918,IE,LE-IE-SYNTH-001,ACTIVE,EMPLOYEE,PERMANENT,2015-06-22,,M,Engineering,Dublin,CC-IE-040
HRIS-WKR-000919,WKR-PUB-000919,IE,LE-IE-SYNTH-001,ACTIVE,EMPLOYEE,FIXED_TERM,2025-10-19,,M,Finance,Cork,CC-IE-025
HRIS-WKR-000920,WKR-PUB-000920,IE,LE-IE-SYNTH-001,ACTIVE,EMPLOYEE,PERMANENT,2015-04-26,,M,People,Dublin,CC-IE-001
HRIS-WKR-000921,WKR-PUB-000921,IE,LE-IE-SYNTH-001,ACTIVE,EMPLOYEE,PERMANENT,2018-09-18,,M,Finance,Dublin,CC-IE-008
HRIS-WKR-000922,WKR-PUB-000922,IE,LE-IE-SYNTH-001,ACTIVE,EMPLOYEE,FIXED_TERM,2025-06-13,,M,Technology,Dublin,CC-IE-002
HRIS-WKR-000923,WKR-PUB-000923,IE,LE-IE-SYNTH-001,ACTIVE,EMPLOYEE,PERMANENT,2022-07-07,,F,Operations,Galway,CC-IE-032
HRIS-WKR-000924,WKR-PUB-000924,IE,LE-IE-SYNTH-001,ACTIVE,EMPLOYEE,FIXED_TERM,2020-11-04,,M,Operations,Limerick,CC-IE-034
HRIS-WKR-000925,WKR-PUB-000925,IE,LE-IE-SYNTH-001,ACTIVE,EMPLOYEE,PERMANENT,2019-08-05,,M,Operations,Limerick,CC-IE-016
HRIS-WKR-000926,WKR-PUB-000926,IE,LE-IE-SYNTH-001,ACTIVE,EMPLOYEE,FIXED_TERM,2026-02-12,,F,Finance,Limerick,CC-IE-025
HRIS-WKR-000927,WKR-PUB-000927,IE,LE-IE-SYNTH-001,ACTIVE,EMPLOYEE,PERMANENT,2014-02-12,,M,Engineering,Cork,CC-IE-023
HRIS-WKR-000928,WKR-PUB-000928,IE,LE-IE-SYNTH-001,ACTIVE,EMPLOYEE,PERMANENT,2014-10-17,,M,Sales,Dublin,CC-IE-024
HRIS-WKR-000929,WKR-PUB-000929,IE,LE-IE-SYNTH-001,ACTIVE,EMPLOYEE,PERMANENT,2023-04-14,,M,Engineering,Dublin,CC-IE-040
HRIS-WKR-000930,WKR-PUB-000930,IE,LE-IE-SYNTH-001,ACTIVE,EMPLOYEE,PERMANENT,2015-09-13,,M,Engineering,Dublin,CC-IE-015
HRIS-WKR-000931,WKR-PUB-000931,IE,LE-IE-SYNTH-001,ACTIVE,EMPLOYEE,FIXED_TERM,2018-07-21,,M,Operations,Cork,CC-IE-017
HRIS-WKR-000932,WKR-PUB-000932,IE,LE-IE-SYNTH-001,ACTIVE,EMPLOYEE,PERMANENT,2019-04-19,,F,Engineering,Dublin,CC-IE-018
HRIS-WKR-000933,WKR-PUB-000933,IE,LE-IE-SYNTH-001,ACTIVE,EMPLOYEE,PERMANENT,2018-01-17,,M,Sales,Dublin,CC-IE-011
HRIS-WKR-000934,WKR-PUB-000934,IE,LE-IE-SYNTH-001,ACTIVE,EMPLOYEE,FIXED_TERM,2017-09-02,,M,Technology,Dublin,CC-IE-006
HRIS-WKR-000935,WKR-PUB-000935,IE,LE-IE-SYNTH-001,ACTIVE,EMPLOYEE,PERMANENT,2025-09-17,,M,Engineering,Dublin,CC-IE-024
HRIS-WKR-000936,WKR-PUB-000936,IE,LE-IE-SYNTH-001,ACTIVE,EMPLOYEE,PERMANENT,2025-10-10,,M,People,Cork,CC-IE-007
HRIS-WKR-000937,WKR-PUB-000937,IE,LE-IE-SYNTH-001,ACTIVE,EMPLOYEE,PERMANENT,2017-09-06,,M,Sales,Dublin,CC-IE-008
HRIS-WKR-000938,WKR-PUB-000938,IE,LE-IE-SYNTH-001,ACTIVE,EMPLOYEE,FIXED_TERM,2016-03-19,,M,Engineering,Limerick,CC-IE-027
HRIS-WKR-000939,WKR-PUB-000939,IE,LE-IE-SYNTH-001,ACTIVE,EMPLOYEE,APPRENTICE,2025-12-27,,M,Operations,Dublin,CC-IE-036
HRIS-WKR-000940,WKR-PUB-000940,IE,LE-IE-SYNTH-001,ACTIVE,CONTRACTOR,PERMANENT,2024-01-23,,M,Sales,Remote-IE,CC-IE-021
HRIS-WKR-000941,WKR-PUB-000941,IE,LE-IE-SYNTH-001,ACTIVE,EMPLOYEE,PERMANENT,2018-11-16,,F,Operations,Galway,CC-IE-019
HRIS-WKR-000942,WKR-PUB-000942,IE,LE-IE-SYNTH-001,ACTIVE,EMPLOYEE,PERMANENT,2016-02-23,,M,Sales,Remote-IE,CC-IE-009
HRIS-WKR-000943,WKR-PUB-000943,IE,LE-IE-SYNTH-001,ACTIVE,EMPLOYEE,PERMANENT,2019-06-15,,F,Operations,Limerick,CC-IE-033
HRIS-WKR-000944,WKR-PUB-000944,IE,LE-IE-SYNTH-001,ACTIVE,EMPLOYEE,PERMANENT,2017-04-08,,F,Operations,Remote-IE,CC-IE-004
HRIS-WKR-000945,WKR-PUB-000945,IE,LE-IE-SYNTH-001,ACTIVE,EMPLOYEE,PERMANENT,2017-08-12,,M,Technology,Galway,CC-IE-033
HRIS-WKR-000946,WKR-PUB-000946,IE,LE-IE-SYNTH-001,ACTIVE,EMPLOYEE,PERMANENT,2014-12-03,,M,Operations,Dublin,CC-IE-016
HRIS-WKR-000947,WKR-PUB-000947,IE,LE-IE-SYNTH-001,ACTIVE,EMPLOYEE,PERMANENT,2022-05-22,,F,Operations,Dublin,CC-IE-032
HRIS-WKR-000948,WKR-PUB-000948,IE,LE-IE-SYNTH-001,ACTIVE,EMPLOYEE,PERMANENT,2025-06-29,,F,Engineering,Galway,CC-IE-006
HRIS-WKR-000949,WKR-PUB-000949,IE,LE-IE-SYNTH-001,ACTIVE,EMPLOYEE,PERMANENT,2017-01-15,,M,Finance,Cork,CC-IE-010
HRIS-WKR-000950,WKR-PUB-000950,IE,LE-IE-SYNTH-001,ACTIVE,EMPLOYEE,FIXED_TERM,2024-11-21,,F,Finance,Galway,CC-IE-020
HRIS-WKR-000951,WKR-PUB-000951,IE,LE-IE-SYNTH-001,ACTIVE,EMPLOYEE,PERMANENT,2022-08-19,,F,Engineering,Dublin,CC-IE-022
HRIS-WKR-000952,WKR-PUB-000952,IE,LE-IE-SYNTH-001,ACTIVE,CONTRACTOR,PERMANENT,2017-07-12,,F,Technology,Dublin,CC-IE-017
HRIS-WKR-000953,WKR-PUB-000953,IE,LE-IE-SYNTH-001,ACTIVE,EMPLOYEE,PERMANENT,2026-02-13,,M,Technology,Galway,CC-IE-039
HRIS-WKR-000954,WKR-PUB-000954,IE,LE-IE-SYNTH-001,ACTIVE,EMPLOYEE,PERMANENT,2023-04-08,,M,Sales,Dublin,CC-IE-001
HRIS-WKR-000955,WKR-PUB-000955,IE,LE-IE-SYNTH-001,ACTIVE,EMPLOYEE,FIXED_TERM,2018-01-31,,M,Engineering,Cork,CC-IE-023
HRIS-WKR-000956,WKR-PUB-000956,IE,LE-IE-SYNTH-001,ACTIVE,EMPLOYEE,PERMANENT,2023-04-10,,F,Operations,Dublin,CC-IE-015
HRIS-WKR-000957,WKR-PUB-000957,IE,LE-IE-SYNTH-001,ACTIVE,EMPLOYEE,FIXED_TERM,2020-04-29,,F,Sales,Dublin,CC-IE-034
HRIS-WKR-000958,WKR-PUB-000958,IE,LE-IE-SYNTH-001,ACTIVE,EMPLOYEE,FIXED_TERM,2014-07-02,,F,Engineering,Limerick,CC-IE-015
HRIS-WKR-000959,WKR-PUB-000959,IE,LE-IE-SYNTH-001,ACTIVE,EMPLOYEE,PERMANENT,2024-10-14,,M,Engineering,Dublin,CC-IE-026
HRIS-WKR-000960,WKR-PUB-000960,IE,LE-IE-SYNTH-001,ACTIVE,EMPLOYEE,PERMANENT,2022-06-17,,M,Sales,Limerick,CC-IE-022
HRIS-WKR-000961,WKR-PUB-000961,IE,LE-IE-SYNTH-001,ACTIVE,EMPLOYEE,PERMANENT,2022-08-12,,M,Sales,Dublin,CC-IE-013
HRIS-WKR-000962,WKR-PUB-000962,IE,LE-IE-SYNTH-001,ACTIVE,EMPLOYEE,PERMANENT,2014-01-08,,F,Engineering,Cork,CC-IE-033
HRIS-WKR-000963,WKR-PUB-000963,IE,LE-IE-SYNTH-001,ACTIVE,EMPLOYEE,FIXED_TERM,2023-05-10,,M,Sales,Galway,CC-IE-027
HRIS-WKR-000964,WKR-PUB-000964,IE,LE-IE-SYNTH-001,ACTIVE,EMPLOYEE,PERMANENT,2017-12-27,,M,Operations,Dublin,CC-IE-011
HRIS-WKR-000965,WKR-PUB-000965,IE,LE-IE-SYNTH-001,ACTIVE,EMPLOYEE,PERMANENT,2021-01-19,,M,Finance,Dublin,CC-IE-034
HRIS-WKR-000966,WKR-PUB-000966,IE,LE-IE-SYNTH-001,ACTIVE,EMPLOYEE,PERMANENT,2024-04-13,,F,Engineering,Dublin,CC-IE-009
HRIS-WKR-000967,WKR-PUB-000967,IE,LE-IE-SYNTH-001,ACTIVE,EMPLOYEE,PERMANENT,2025-01-03,,M,Engineering,Dublin,CC-IE-034
HRIS-WKR-000968,WKR-PUB-000968,IE,LE-IE-SYNTH-001,ACTIVE,EMPLOYEE,PERMANENT,2015-06-11,,M,Operations,Dublin,CC-IE-018
HRIS-WKR-000969,WKR-PUB-000969,IE,LE-IE-SYNTH-001,ACTIVE,EMPLOYEE,APPRENTICE,2021-11-18,,M,Engineering,Dublin,CC-IE-040
HRIS-WKR-000970,WKR-PUB-000970,IE,LE-IE-SYNTH-001,ACTIVE,EMPLOYEE,PERMANENT,2014-08-30,,M,Sales,Cork,CC-IE-037
HRIS-WKR-000971,WKR-PUB-000971,IE,LE-IE-SYNTH-001,ACTIVE,EMPLOYEE,PERMANENT,2014-04-07,,F,Engineering,Dublin,CC-IE-024
HRIS-WKR-000972,WKR-PUB-000972,IE,LE-IE-SYNTH-001,ACTIVE,CONTRACTOR,PERMANENT,2017-09-03,,F,Operations,Cork,CC-IE-034
HRIS-WKR-000973,WKR-PUB-000973,IE,LE-IE-SYNTH-001,ACTIVE,EMPLOYEE,PERMANENT,2017-11-08,,F,Engineering,Dublin,CC-IE-037
HRIS-WKR-000974,WKR-PUB-000974,IE,LE-IE-SYNTH-001,ACTIVE,CONTRACTOR,APPRENTICE,2014-08-19,,F,Engineering,Dublin,CC-IE-023
HRIS-WKR-000975,WKR-PUB-000975,IE,LE-IE-SYNTH-001,ACTIVE,EMPLOYEE,PERMANENT,2014-06-04,,M,Operations,Dublin,CC-IE-032
HRIS-WKR-000976,WKR-PUB-000976,IE,LE-IE-SYNTH-001,ACTIVE,EMPLOYEE,FIXED_TERM,2022-07-13,,M,Finance,Dublin,CC-IE-025
HRIS-WKR-000977,WKR-PUB-000977,IE,LE-IE-SYNTH-001,ACTIVE,EMPLOYEE,PERMANENT,2016-12-19,,,Sales,Galway,CC-IE-038
HRIS-WKR-000978,WKR-PUB-000978,IE,LE-IE-SYNTH-001,ACTIVE,EMPLOYEE,PERMANENT,2022-04-10,,F,People,Cork,CC-IE-030
HRIS-WKR-000979,WKR-PUB-000979,IE,LE-IE-SYNTH-001,ACTIVE,EMPLOYEE,FIXED_TERM,2016-06-11,,F,Finance,Remote-IE,CC-IE-002
HRIS-WKR-000980,WKR-PUB-000980,IE,LE-IE-SYNTH-001,ACTIVE,EMPLOYEE,APPRENTICE,2025-10-28,,F,Sales,Dublin,CC-IE-040
HRIS-WKR-000981,WKR-PUB-000981,IE,LE-IE-SYNTH-001,ACTIVE,EMPLOYEE,PERMANENT,2024-12-29,,M,Finance,Remote-IE,CC-IE-015
HRIS-WKR-000982,WKR-PUB-000982,IE,LE-IE-SYNTH-001,ACTIVE,EMPLOYEE,FIXED_TERM,2017-10-22,,M,Operations,Dublin,CC-IE-014
HRIS-WKR-000983,WKR-PUB-000983,IE,LE-IE-SYNTH-001,ACTIVE,EMPLOYEE,FIXED_TERM,2024-06-09,,M,Engineering,Dublin,CC-IE-038
HRIS-WKR-000984,WKR-PUB-000984,IE,LE-IE-SYNTH-001,ACTIVE,EMPLOYEE,PERMANENT,2025-03-16,,M,Engineering,Galway,CC-IE-012
HRIS-WKR-000985,WKR-PUB-000985,IE,LE-IE-SYNTH-001,ACTIVE,EMPLOYEE,PERMANENT,2020-09-05,,M,Technology,Cork,CC-IE-035
HRIS-WKR-000986,WKR-PUB-000986,IE,LE-IE-SYNTH-001,ACTIVE,EMPLOYEE,PERMANENT,2025-03-07,,F,Sales,Dublin,CC-IE-007
HRIS-WKR-000987,WKR-PUB-000987,IE,LE-IE-SYNTH-001,ACTIVE,EMPLOYEE,PERMANENT,2023-03-30,,M,Engineering,Cork,CC-IE-013
HRIS-WKR-000988,WKR-PUB-000988,IE,LE-IE-SYNTH-001,ACTIVE,EMPLOYEE,PERMANENT,2019-11-24,,M,Operations,Dublin,CC-IE-030
HRIS-WKR-000989,WKR-PUB-000989,IE,LE-IE-SYNTH-001,ACTIVE,EMPLOYEE,PERMANENT,2025-10-31,,M,Engineering,Dublin,CC-IE-028
HRIS-WKR-000990,WKR-PUB-000990,IE,LE-IE-SYNTH-001,ACTIVE,EMPLOYEE,PERMANENT,2025-01-27,,M,Sales,Dublin,CC-IE-003
HRIS-WKR-000991,WKR-PUB-000991,IE,LE-IE-SYNTH-001,ACTIVE,EMPLOYEE,PERMANENT,2023-07-02,,UNDISCLOSED,Sales,Limerick,CC-IE-030
HRIS-WKR-000992,WKR-PUB-000992,IE,LE-IE-SYNTH-001,ACTIVE,EMPLOYEE,FIXED_TERM,2020-10-04,,M,People,Dublin,CC-IE-002
HRIS-WKR-000993,WKR-PUB-000993,IE,LE-IE-SYNTH-001,ACTIVE,EMPLOYEE,PERMANENT,2023-02-18,,F,Engineering,Dublin,CC-IE-021
HRIS-WKR-000994,WKR-PUB-000994,IE,LE-IE-SYNTH-001,ACTIVE,EMPLOYEE,PERMANENT,2025-11-09,,F,Sales,Limerick,CC-IE-025
HRIS-WKR-000995,WKR-PUB-000995,IE,LE-IE-SYNTH-001,ACTIVE,EMPLOYEE,PERMANENT,2018-04-05,,M,Sales,Dublin,CC-IE-018
HRIS-WKR-000996,WKR-PUB-000996,IE,LE-IE-SYNTH-001,ACTIVE,EMPLOYEE,PERMANENT,2025-03-29,,M,Engineering,Galway,CC-IE-013
HRIS-WKR-000997,WKR-PUB-000997,IE,LE-IE-SYNTH-001,ACTIVE,EMPLOYEE,FIXED_TERM,2016-11-12,,F,Sales,Dublin,CC-IE-037
HRIS-WKR-000998,WKR-PUB-000998,IE,LE-IE-SYNTH-001,ACTIVE,EMPLOYEE,PERMANENT,2021-06-21,,M,Sales,Limerick,CC-IE-038
HRIS-WKR-000999,WKR-PUB-000999,IE,LE-IE-SYNTH-001,ACTIVE,EMPLOYEE,PERMANENT,2022-05-12,,M,Operations,Dublin,CC-IE-005
HRIS-WKR-001000,WKR-PUB-001000,IE,LE-IE-SYNTH-001,ACTIVE,EMPLOYEE,FIXED_TERM,2017-06-01,,F,Operations,Remote-IE,CC-IE-031
HRIS-WKR-001001,WKR-PUB-001001,IE,LE-IE-SYNTH-001,ACTIVE,EMPLOYEE,APPRENTICE,2015-11-17,,M,Technology,Dublin,CC-IE-015
HRIS-WKR-001002,WKR-PUB-001002,IE,LE-IE-SYNTH-001,TERMINATED,EMPLOYEE,PERMANENT,2019-06-10,2026-10-10,NB,People,Dublin,CC-IE-004
HRIS-WKR-001003,WKR-PUB-001003,IE,LE-IE-SYNTH-001,ACTIVE,EMPLOYEE,PERMANENT,2020-06-26,,F,Engineering,Dublin,CC-IE-025
HRIS-WKR-001004,WKR-PUB-001004,IE,LE-IE-SYNTH-001,ACTIVE,EMPLOYEE,APPRENTICE,2023-02-19,,M,Engineering,Limerick,CC-IE-031
HRIS-WKR-001005,WKR-PUB-001005,IE,LE-IE-SYNTH-001,ACTIVE,EMPLOYEE,PERMANENT,2024-09-03,,F,Operations,Dublin,CC-IE-027
HRIS-WKR-001006,WKR-PUB-001006,IE,LE-IE-SYNTH-001,ACTIVE,EMPLOYEE,PERMANENT,2024-06-26,,M,Operations,Dublin,CC-IE-006
HRIS-WKR-001007,WKR-PUB-001007,IE,LE-IE-SYNTH-001,ACTIVE,EMPLOYEE,PERMANENT,2024-11-01,,F,Sales,Remote-IE,CC-IE-011
HRIS-WKR-001008,WKR-PUB-001008,IE,LE-IE-SYNTH-001,ACTIVE,EMPLOYEE,PERMANENT,2019-01-17,,F,Technology,Dublin,CC-IE-013
HRIS-WKR-001009,WKR-PUB-001009,IE,LE-IE-SYNTH-001,ACTIVE,EMPLOYEE,PERMANENT,2016-12-25,,F,Finance,Dublin,CC-IE-017
HRIS-WKR-001010,WKR-PUB-001010,IE,LE-IE-SYNTH-001,ACTIVE,EMPLOYEE,PERMANENT,2016-05-11,,M,Engineering,Cork,CC-IE-033
HRIS-WKR-001011,WKR-PUB-001011,IE,LE-IE-SYNTH-001,ACTIVE,EMPLOYEE,PERMANENT,2020-03-16,,M,Operations,Limerick,CC-IE-017
HRIS-WKR-001012,WKR-PUB-001012,IE,LE-IE-SYNTH-001,ACTIVE,EMPLOYEE,PERMANENT,2020-07-30,,F,Operations,Dublin,CC-IE-019
HRIS-WKR-001013,WKR-PUB-001013,IE,LE-IE-SYNTH-001,ACTIVE,EMPLOYEE,PERMANENT,2019-09-24,,M,Operations,Remote-IE,CC-IE-001
HRIS-WKR-001014,WKR-PUB-001014,IE,LE-IE-SYNTH-001,ACTIVE,EMPLOYEE,PERMANENT,2020-03-28,,F,Finance,Dublin,CC-IE-037
HRIS-WKR-001015,WKR-PUB-001015,IE,LE-IE-SYNTH-001,ACTIVE,EMPLOYEE,PERMANENT,2016-07-21,,M,Sales,Dublin,CC-IE-019
HRIS-WKR-001016,WKR-PUB-001016,IE,LE-IE-SYNTH-001,ACTIVE,EMPLOYEE,PERMANENT,2016-09-25,,M,Engineering,Dublin,CC-IE-032
HRIS-WKR-001017,WKR-PUB-001017,IE,LE-IE-SYNTH-001,ACTIVE,EMPLOYEE,PERMANENT,2015-05-01,,,Operations,Dublin,CC-IE-017
HRIS-WKR-001018,WKR-PUB-001018,IE,LE-IE-SYNTH-001,ACTIVE,EMPLOYEE,PERMANENT,2020-05-16,,M,Technology,Dublin,CC-IE-004
HRIS-WKR-001019,WKR-PUB-001019,IE,LE-IE-SYNTH-001,ACTIVE,EMPLOYEE,PERMANENT,2019-03-31,,M,Engineering,Dublin,CC-IE-034
HRIS-WKR-001020,WKR-PUB-001020,IE,LE-IE-SYNTH-001,ACTIVE,CONTRACTOR,PERMANENT,2017-04-13,,M,Sales,Dublin,CC-IE-036
HRIS-WKR-001021,WKR-PUB-001021,IE,LE-IE-SYNTH-001,ACTIVE,EMPLOYEE,PERMANENT,2022-05-30,,M,Sales,Galway,CC-IE-036
HRIS-WKR-001022,WKR-PUB-001022,IE,LE-IE-SYNTH-001,ACTIVE,EMPLOYEE,PERMANENT,2015-11-12,,M,Sales,Galway,CC-IE-030
HRIS-WKR-001023,WKR-PUB-001023,IE,LE-IE-SYNTH-001,ACTIVE,EMPLOYEE,PERMANENT,2026-01-28,,F,People,Limerick,CC-IE-005
HRIS-WKR-001024,WKR-PUB-001024,IE,LE-IE-SYNTH-001,TERMINATED,EMPLOYEE,FIXED_TERM,2016-12-07,2026-06-01,M,Operations,Remote-IE,CC-IE-011
HRIS-WKR-001025,WKR-PUB-001025,IE,LE-IE-SYNTH-001,ACTIVE,CONTRACTOR,PERMANENT,2019-01-09,,M,People,Limerick,CC-IE-036
HRIS-WKR-001026,WKR-PUB-001026,IE,LE-IE-SYNTH-001,ACTIVE,CONTRACTOR,PERMANENT,2016-09-20,,F,Engineering,Dublin,CC-IE-006
HRIS-WKR-001027,WKR-PUB-001027,IE,LE-IE-SYNTH-001,ACTIVE,EMPLOYEE,FIXED_TERM,2017-01-26,,F,Sales,Dublin,CC-IE-015
HRIS-WKR-001028,WKR-PUB-001028,IE,LE-IE-SYNTH-001,ACTIVE,EMPLOYEE,PERMANENT,2024-08-29,,M,Sales,Dublin,CC-IE-026
HRIS-WKR-001029,WKR-PUB-001029,IE,LE-IE-SYNTH-001,ACTIVE,CONTRACTOR,PERMANENT,2025-08-18,,F,Engineering,Dublin,CC-IE-025
HRIS-WKR-001030,WKR-PUB-001030,IE,LE-IE-SYNTH-001,ACTIVE,EMPLOYEE,PERMANENT,2014-08-21,,,Finance,Remote-IE,CC-IE-008
HRIS-WKR-001031,WKR-PUB-001031,IE,LE-IE-SYNTH-001,ACTIVE,CONTRACTOR,PERMANENT,2017-02-28,,M,Sales,Cork,CC-IE-030
HRIS-WKR-001032,WKR-PUB-001032,IE,LE-IE-SYNTH-001,ACTIVE,EMPLOYEE,PERMANENT,2017-06-11,,M,Sales,Dublin,CC-IE-015
HRIS-WKR-001033,WKR-PUB-001033,IE,LE-IE-SYNTH-001,ACTIVE,EMPLOYEE,PERMANENT,2021-09-08,,NB,Finance,Remote-IE,CC-IE-039
HRIS-WKR-001034,WKR-PUB-001034,IE,LE-IE-SYNTH-001,ACTIVE,EMPLOYEE,PERMANENT,2014-12-18,,M,Sales,Dublin,CC-IE-036
HRIS-WKR-001035,WKR-PUB-001035,IE,LE-IE-SYNTH-001,ACTIVE,CONTRACTOR,FIXED_TERM,2016-05-25,,F,People,Galway,CC-IE-033
HRIS-WKR-001036,WKR-PUB-001036,IE,LE-IE-SYNTH-001,ACTIVE,EMPLOYEE,PERMANENT,2019-01-12,,M,People,Dublin,CC-IE-029
HRIS-WKR-001037,WKR-PUB-001037,IE,LE-IE-SYNTH-001,ACTIVE,EMPLOYEE,PERMANENT,2022-08-24,,M,Sales,Dublin,CC-IE-005
HRIS-WKR-001038,WKR-PUB-001038,IE,LE-IE-SYNTH-001,ACTIVE,CONTRACTOR,PERMANENT,2014-05-07,,F,Finance,Galway,CC-IE-010
HRIS-WKR-001039,WKR-PUB-001039,IE,LE-IE-SYNTH-001,ACTIVE,EMPLOYEE,PERMANENT,2025-09-17,,M,People,Dublin,CC-IE-019
HRIS-WKR-001040,WKR-PUB-001040,IE,LE-IE-SYNTH-001,ACTIVE,EMPLOYEE,PERMANENT,2023-09-13,,M,Sales,Remote-IE,CC-IE-027
HRIS-WKR-001041,WKR-PUB-001041,IE,LE-IE-SYNTH-001,TERMINATED,EMPLOYEE,APPRENTICE,2019-03-21,2026-04-25,M,Finance,Dublin,CC-IE-020
HRIS-WKR-001042,WKR-PUB-001042,IE,LE-IE-SYNTH-001,ACTIVE,EMPLOYEE,PERMANENT,2015-12-09,,F,Sales,Remote-IE,CC-IE-016
HRIS-WKR-001043,WKR-PUB-001043,IE,LE-IE-SYNTH-001,ACTIVE,EMPLOYEE,PERMANENT,2018-08-20,,M,Sales,Dublin,CC-IE-018
HRIS-WKR-001044,WKR-PUB-001044,IE,LE-IE-SYNTH-001,ACTIVE,EMPLOYEE,PERMANENT,2018-10-30,,F,Finance,Galway,CC-IE-015
HRIS-WKR-001045,WKR-PUB-001045,IE,LE-IE-SYNTH-001,ACTIVE,EMPLOYEE,FIXED_TERM,2020-09-08,,M,Engineering,Dublin,CC-IE-004
HRIS-WKR-001046,WKR-PUB-001046,IE,LE-IE-SYNTH-001,ACTIVE,EMPLOYEE,PERMANENT,2024-10-04,,M,Sales,Dublin,CC-IE-021
HRIS-WKR-001047,WKR-PUB-001047,IE,LE-IE-SYNTH-001,ACTIVE,EMPLOYEE,PERMANENT,2015-06-11,,F,Operations,Cork,CC-IE-001
HRIS-WKR-001048,WKR-PUB-001048,IE,LE-IE-SYNTH-001,ACTIVE,EMPLOYEE,PERMANENT,2016-07-08,,M,Finance,Dublin,CC-IE-015
HRIS-WKR-001049,WKR-PUB-001049,IE,LE-IE-SYNTH-001,ACTIVE,EMPLOYEE,PERMANENT,2025-09-26,,M,People,Cork,CC-IE-035
HRIS-WKR-001050,WKR-PUB-001050,IE,LE-IE-SYNTH-001,ACTIVE,CONTRACTOR,FIXED_TERM,2019-09-10,,M,Engineering,Dublin,CC-IE-014
HRIS-WKR-001051,WKR-PUB-001051,IE,LE-IE-SYNTH-001,ACTIVE,EMPLOYEE,PERMANENT,2018-05-27,,F,Technology,Dublin,CC-IE-029
HRIS-WKR-001052,WKR-PUB-001052,IE,LE-IE-SYNTH-001,ACTIVE,EMPLOYEE,PERMANENT,2024-02-29,,F,Operations,Galway,CC-IE-001
HRIS-WKR-001053,WKR-PUB-001053,IE,LE-IE-SYNTH-001,ACTIVE,EMPLOYEE,PERMANENT,2016-04-07,,F,Engineering,Dublin,CC-IE-014
HRIS-WKR-001054,WKR-PUB-001054,IE,LE-IE-SYNTH-001,ACTIVE,EMPLOYEE,PERMANENT,2021-01-21,,F,Technology,Dublin,CC-IE-012
HRIS-WKR-001055,WKR-PUB-001055,IE,LE-IE-SYNTH-001,ACTIVE,EMPLOYEE,FIXED_TERM,2017-07-29,,M,Engineering,Dublin,CC-IE-010
HRIS-WKR-001056,WKR-PUB-001056,IE,LE-IE-SYNTH-001,ACTIVE,EMPLOYEE,PERMANENT,2024-03-03,,M,Technology,Cork,CC-IE-020
HRIS-WKR-001057,WKR-PUB-001057,IE,LE-IE-SYNTH-001,ACTIVE,EMPLOYEE,PERMANENT,2022-05-14,,M,Engineering,Dublin,CC-IE-035
HRIS-WKR-001058,WKR-PUB-001058,IE,LE-IE-SYNTH-001,ACTIVE,EMPLOYEE,FIXED_TERM,2017-12-08,,F,Engineering,Galway,CC-IE-002
HRIS-WKR-001059,WKR-PUB-001059,IE,LE-IE-SYNTH-001,ACTIVE,EMPLOYEE,PERMANENT,2018-04-16,,M,Engineering,Dublin,CC-IE-005
HRIS-WKR-001060,WKR-PUB-001060,IE,LE-IE-SYNTH-001,ACTIVE,CONTRACTOR,PERMANENT,2021-10-22,,F,People,Limerick,CC-IE-016
HRIS-WKR-001061,WKR-PUB-001061,IE,LE-IE-SYNTH-001,ACTIVE,EMPLOYEE,PERMANENT,2023-10-05,,F,Sales,Cork,CC-IE-022
HRIS-WKR-001062,WKR-PUB-001062,IE,LE-IE-SYNTH-001,ACTIVE,EMPLOYEE,PERMANENT,2017-11-29,,F,Sales,Dublin,CC-IE-030
HRIS-WKR-001063,WKR-PUB-001063,IE,LE-IE-SYNTH-001,ACTIVE,EMPLOYEE,PERMANENT,2020-05-23,,F,Finance,Dublin,CC-IE-009
HRIS-WKR-001064,WKR-PUB-001064,IE,LE-IE-SYNTH-001,ACTIVE,EMPLOYEE,FIXED_TERM,2023-09-24,,NB,Technology,Remote-IE,CC-IE-028
HRIS-WKR-001065,WKR-PUB-001065,IE,LE-IE-SYNTH-001,ACTIVE,EMPLOYEE,FIXED_TERM,2016-04-29,,M,Operations,Cork,CC-IE-015
HRIS-WKR-001066,WKR-PUB-001066,IE,LE-IE-SYNTH-001,ACTIVE,EMPLOYEE,PERMANENT,2017-04-11,,M,Sales,Dublin,CC-IE-024
HRIS-WKR-001067,WKR-PUB-001067,IE,LE-IE-SYNTH-001,ACTIVE,EMPLOYEE,FIXED_TERM,2021-09-08,,F,Engineering,Dublin,CC-IE-020
HRIS-WKR-001068,WKR-PUB-001068,IE,LE-IE-SYNTH-001,ACTIVE,EMPLOYEE,PERMANENT,2018-06-19,,F,Operations,Dublin,CC-IE-017
HRIS-WKR-001069,WKR-PUB-001069,IE,LE-IE-SYNTH-001,ACTIVE,EMPLOYEE,PERMANENT,2022-06-15,,M,People,Dublin,CC-IE-031
HRIS-WKR-001070,WKR-PUB-001070,IE,LE-IE-SYNTH-001,ACTIVE,EMPLOYEE,PERMANENT,2016-03-15,,M,People,Dublin,CC-IE-020
HRIS-WKR-001071,WKR-PUB-001071,IE,LE-IE-SYNTH-001,ACTIVE,EMPLOYEE,PERMANENT,2015-06-18,,,Technology,Dublin,CC-IE-011
HRIS-WKR-001072,WKR-PUB-001072,IE,LE-IE-SYNTH-001,ACTIVE,EMPLOYEE,PERMANENT,2025-11-08,,M,Technology,Dublin,CC-IE-029
HRIS-WKR-001073,WKR-PUB-001073,IE,LE-IE-SYNTH-001,ACTIVE,EMPLOYEE,PERMANENT,2025-07-05,,F,Sales,Dublin,CC-IE-005
HRIS-WKR-001074,WKR-PUB-001074,IE,LE-IE-SYNTH-001,ACTIVE,EMPLOYEE,PERMANENT,2017-03-29,,F,Sales,Remote-IE,CC-IE-025
HRIS-WKR-001075,WKR-PUB-001075,IE,LE-IE-SYNTH-001,ACTIVE,EMPLOYEE,PERMANENT,2015-02-21,,M,Engineering,Limerick,CC-IE-008
HRIS-WKR-001076,WKR-PUB-001076,IE,LE-IE-SYNTH-001,ACTIVE,EMPLOYEE,PERMANENT,2023-05-21,,F,Finance,Galway,CC-IE-022
HRIS-WKR-001077,WKR-PUB-001077,IE,LE-IE-SYNTH-001,ACTIVE,EMPLOYEE,PERMANENT,2023-03-30,,M,People,Dublin,CC-IE-021
HRIS-WKR-001078,WKR-PUB-001078,IE,LE-IE-SYNTH-001,ACTIVE,EMPLOYEE,PERMANENT,2015-11-13,,M,Operations,Dublin,CC-IE-038
HRIS-WKR-001079,WKR-PUB-001079,IE,LE-IE-SYNTH-001,ACTIVE,CONTRACTOR,PERMANENT,2015-03-10,,M,Sales,Cork,CC-IE-026
HRIS-WKR-001080,WKR-PUB-001080,IE,LE-IE-SYNTH-001,ACTIVE,EMPLOYEE,PERMANENT,2022-10-23,,M,Finance,Cork,CC-IE-009
HRIS-WKR-001081,WKR-PUB-001081,IE,LE-IE-SYNTH-001,ACTIVE,EMPLOYEE,PERMANENT,2024-01-18,,M,Sales,Dublin,CC-IE-017
HRIS-WKR-001082,WKR-PUB-001082,IE,LE-IE-SYNTH-001,ACTIVE,EMPLOYEE,APPRENTICE,2014-01-26,,M,Operations,Dublin,CC-IE-012
HRIS-WKR-001083,WKR-PUB-001083,IE,LE-IE-SYNTH-001,ACTIVE,EMPLOYEE,PERMANENT,2025-04-22,,F,Operations,Dublin,CC-IE-015
HRIS-WKR-001084,WKR-PUB-001084,IE,LE-IE-SYNTH-001,ACTIVE,EMPLOYEE,PERMANENT,2017-06-02,,M,Finance,Dublin,CC-IE-034
HRIS-WKR-001085,WKR-PUB-001085,IE,LE-IE-SYNTH-001,ACTIVE,EMPLOYEE,PERMANENT,2018-03-24,,F,Engineering,Dublin,CC-IE-028
HRIS-WKR-001086,WKR-PUB-001086,IE,LE-IE-SYNTH-001,ACTIVE,EMPLOYEE,PERMANENT,2016-12-01,,M,Operations,Dublin,CC-IE-002
HRIS-WKR-001087,WKR-PUB-001087,IE,LE-IE-SYNTH-001,ACTIVE,EMPLOYEE,PERMANENT,2020-05-11,,F,Sales,Cork,CC-IE-024
HRIS-WKR-001088,WKR-PUB-001088,IE,LE-IE-SYNTH-001,ACTIVE,EMPLOYEE,FIXED_TERM,2016-07-25,,F,Technology,Cork,CC-IE-020
HRIS-WKR-001089,WKR-PUB-001089,IE,LE-IE-SYNTH-001,ACTIVE,EMPLOYEE,PERMANENT,2025-11-07,,F,Sales,Remote-IE,CC-IE-033
HRIS-WKR-001090,WKR-PUB-001090,IE,LE-IE-SYNTH-001,TERMINATED,EMPLOYEE,PERMANENT,2022-03-17,2026-04-28,F,Engineering,Dublin,CC-IE-027
HRIS-WKR-001091,WKR-PUB-001091,IE,LE-IE-SYNTH-001,TERMINATED,EMPLOYEE,PERMANENT,2022-03-26,2026-12-22,M,Operations,Dublin,CC-IE-023
HRIS-WKR-001092,WKR-PUB-001092,IE,LE-IE-SYNTH-001,ACTIVE,EMPLOYEE,APPRENTICE,2023-08-15,,UNDISCLOSED,People,Remote-IE,CC-IE-039
HRIS-WKR-001093,WKR-PUB-001093,IE,LE-IE-SYNTH-001,ACTIVE,EMPLOYEE,PERMANENT,2015-05-20,,F,Operations,Remote-IE,CC-IE-015
HRIS-WKR-001094,WKR-PUB-001094,IE,LE-IE-SYNTH-001,ACTIVE,EMPLOYEE,PERMANENT,2014-10-13,,M,Technology,Cork,CC-IE-010
HRIS-WKR-001095,WKR-PUB-001095,IE,LE-IE-SYNTH-001,ACTIVE,EMPLOYEE,PERMANENT,2023-08-16,,F,Sales,Remote-IE,CC-IE-007
HRIS-WKR-001096,WKR-PUB-001096,IE,LE-IE-SYNTH-001,ACTIVE,EMPLOYEE,PERMANENT,2017-03-06,,M,Engineering,Dublin,CC-IE-014
HRIS-WKR-001097,WKR-PUB-001097,IE,LE-IE-SYNTH-001,ACTIVE,EMPLOYEE,PERMANENT,2019-08-17,,M,Operations,Remote-IE,CC-IE-035
HRIS-WKR-001098,WKR-PUB-001098,IE,LE-IE-SYNTH-001,ACTIVE,EMPLOYEE,APPRENTICE,2021-03-09,,F,Engineering,Dublin,CC-IE-003
HRIS-WKR-001099,WKR-PUB-001099,IE,LE-IE-SYNTH-001,ACTIVE,CONTRACTOR,FIXED_TERM,2022-03-01,,F,Engineering,Dublin,CC-IE-023
HRIS-WKR-001100,WKR-PUB-001100,IE,LE-IE-SYNTH-001,ACTIVE,EMPLOYEE,PERMANENT,2016-10-07,,M,Operations,Remote-IE,CC-IE-001
HRIS-WKR-001101,WKR-PUB-001101,IE,LE-IE-SYNTH-001,ACTIVE,EMPLOYEE,PERMANENT,2021-10-10,,F,Engineering,Dublin,CC-IE-027
HRIS-WKR-001102,WKR-PUB-001102,IE,LE-IE-SYNTH-001,ACTIVE,EMPLOYEE,FIXED_TERM,2024-05-02,,M,Sales,Galway,CC-IE-025
HRIS-WKR-001103,WKR-PUB-001103,IE,LE-IE-SYNTH-001,ACTIVE,EMPLOYEE,PERMANENT,2025-05-02,,M,Operations,Dublin,CC-IE-005
HRIS-WKR-001104,WKR-PUB-001104,IE,LE-IE-SYNTH-001,ACTIVE,EMPLOYEE,PERMANENT,2020-10-20,,M,Sales,Dublin,CC-IE-021
HRIS-WKR-001105,WKR-PUB-001105,IE,LE-IE-SYNTH-001,ACTIVE,EMPLOYEE,PERMANENT,2017-04-14,,M,Engineering,Dublin,CC-IE-037
HRIS-WKR-001106,WKR-PUB-001106,IE,LE-IE-SYNTH-001,ACTIVE,EMPLOYEE,FIXED_TERM,2023-06-24,,,Operations,Limerick,CC-IE-037
HRIS-WKR-001107,WKR-PUB-001107,IE,LE-IE-SYNTH-001,ACTIVE,EMPLOYEE,PERMANENT,2024-04-13,,M,Engineering,Dublin,CC-IE-001
HRIS-WKR-001108,WKR-PUB-001108,IE,LE-IE-SYNTH-001,ACTIVE,EMPLOYEE,PERMANENT,2018-01-29,,F,Engineering,Dublin,CC-IE-039
HRIS-WKR-001109,WKR-PUB-001109,IE,LE-IE-SYNTH-001,ACTIVE,EMPLOYEE,PERMANENT,2018-12-20,,M,Engineering,Dublin,CC-IE-019
HRIS-WKR-001110,WKR-PUB-001110,IE,LE-IE-SYNTH-001,ACTIVE,EMPLOYEE,PERMANENT,2017-12-15,,NB,Engineering,Dublin,CC-IE-007
HRIS-WKR-001111,WKR-PUB-001111,IE,LE-IE-SYNTH-001,ACTIVE,EMPLOYEE,FIXED_TERM,2021-05-05,,F,Technology,Dublin,CC-IE-002
HRIS-WKR-001112,WKR-PUB-001112,IE,LE-IE-SYNTH-001,ACTIVE,EMPLOYEE,FIXED_TERM,2017-05-17,,F,Operations,Dublin,CC-IE-029
HRIS-WKR-001113,WKR-PUB-001113,IE,LE-IE-SYNTH-001,ACTIVE,CONTRACTOR,PERMANENT,2023-08-29,,F,Engineering,Dublin,CC-IE-028
HRIS-WKR-001114,WKR-PUB-001114,IE,LE-IE-SYNTH-001,ACTIVE,EMPLOYEE,PERMANENT,2020-03-30,,F,Sales,Dublin,CC-IE-019
HRIS-WKR-001115,WKR-PUB-001115,IE,LE-IE-SYNTH-001,ACTIVE,EMPLOYEE,PERMANENT,2023-09-13,,F,Technology,Galway,CC-IE-015
HRIS-WKR-001116,WKR-PUB-001116,IE,LE-IE-SYNTH-001,ACTIVE,EMPLOYEE,PERMANENT,2014-08-23,,F,Technology,Remote-IE,CC-IE-033
HRIS-WKR-001117,WKR-PUB-001117,IE,LE-IE-SYNTH-001,ACTIVE,EMPLOYEE,PERMANENT,2020-10-06,,M,Operations,Dublin,CC-IE-028
HRIS-WKR-001118,WKR-PUB-001118,IE,LE-IE-SYNTH-001,ACTIVE,EMPLOYEE,PERMANENT,2015-10-08,,M,Finance,Dublin,CC-IE-011
HRIS-WKR-001119,WKR-PUB-001119,IE,LE-IE-SYNTH-001,ACTIVE,EMPLOYEE,PERMANENT,2024-05-20,,M,Operations,Cork,CC-IE-032
HRIS-WKR-001120,WKR-PUB-001120,IE,LE-IE-SYNTH-001,ACTIVE,CONTRACTOR,PERMANENT,2015-09-14,,F,Engineering,Dublin,CC-IE-039
HRIS-WKR-001121,WKR-PUB-001121,IE,LE-IE-SYNTH-001,ACTIVE,EMPLOYEE,PERMANENT,2014-09-07,,M,Technology,Dublin,CC-IE-033
HRIS-WKR-001122,WKR-PUB-001122,IE,LE-IE-SYNTH-001,ACTIVE,EMPLOYEE,PERMANENT,2014-04-30,,M,Operations,Dublin,CC-IE-005
HRIS-WKR-001123,WKR-PUB-001123,IE,LE-IE-SYNTH-001,ACTIVE,EMPLOYEE,PERMANENT,2020-03-03,,M,Finance,Dublin,CC-IE-024
HRIS-WKR-001124,WKR-PUB-001124,IE,LE-IE-SYNTH-001,ACTIVE,EMPLOYEE,PERMANENT,2015-12-07,,F,Engineering,Galway,CC-IE-009
HRIS-WKR-001125,WKR-PUB-001125,IE,LE-IE-SYNTH-001,ACTIVE,EMPLOYEE,PERMANENT,2019-08-08,,M,Engineering,Galway,CC-IE-036
HRIS-WKR-001126,WKR-PUB-001126,IE,LE-IE-SYNTH-001,ACTIVE,EMPLOYEE,PERMANENT,2017-10-05,,M,Sales,Cork,CC-IE-015
HRIS-WKR-001127,WKR-PUB-001127,IE,LE-IE-SYNTH-001,ACTIVE,EMPLOYEE,FIXED_TERM,2016-03-05,,M,Sales,Galway,CC-IE-032
HRIS-WKR-001128,WKR-PUB-001128,IE,LE-IE-SYNTH-001,ACTIVE,EMPLOYEE,PERMANENT,2019-05-29,,F,Sales,Limerick,CC-IE-023
HRIS-WKR-001129,WKR-PUB-001129,IE,LE-IE-SYNTH-001,ACTIVE,EMPLOYEE,FIXED_TERM,2025-01-04,,M,Engineering,Dublin,CC-IE-032
HRIS-WKR-001130,WKR-PUB-001130,IE,LE-IE-SYNTH-001,ACTIVE,EMPLOYEE,PERMANENT,2025-09-30,,M,Finance,Dublin,CC-IE-039
HRIS-WKR-001131,WKR-PUB-001131,IE,LE-IE-SYNTH-001,ACTIVE,EMPLOYEE,APPRENTICE,2020-06-04,,M,People,Cork,CC-IE-005
HRIS-WKR-001132,WKR-PUB-001132,IE,LE-IE-SYNTH-001,ACTIVE,EMPLOYEE,FIXED_TERM,2019-11-10,,M,Finance,Cork,CC-IE-023
HRIS-WKR-001133,WKR-PUB-001133,IE,LE-IE-SYNTH-001,ACTIVE,EMPLOYEE,PERMANENT,2020-02-23,,M,Operations,Cork,CC-IE-021
HRIS-WKR-001134,WKR-PUB-001134,IE,LE-IE-SYNTH-001,ACTIVE,EMPLOYEE,PERMANENT,2020-12-08,,M,Sales,Galway,CC-IE-021
HRIS-WKR-001135,WKR-PUB-001135,IE,LE-IE-SYNTH-001,ACTIVE,EMPLOYEE,PERMANENT,2023-03-04,,M,Operations,Dublin,CC-IE-015
HRIS-WKR-001136,WKR-PUB-001136,IE,LE-IE-SYNTH-001,ACTIVE,EMPLOYEE,PERMANENT,2023-04-20,,F,Sales,Dublin,CC-IE-028
HRIS-WKR-001137,WKR-PUB-001137,IE,LE-IE-SYNTH-001,ACTIVE,EMPLOYEE,PERMANENT,2016-08-26,,M,Engineering,Cork,CC-IE-027
HRIS-WKR-001138,WKR-PUB-001138,IE,LE-IE-SYNTH-001,ACTIVE,EMPLOYEE,PERMANENT,2021-03-10,,M,Operations,Cork,CC-IE-012
HRIS-WKR-001139,WKR-PUB-001139,IE,LE-IE-SYNTH-001,ACTIVE,CONTRACTOR,PERMANENT,2022-09-25,,F,Operations,Remote-IE,CC-IE-036
HRIS-WKR-001140,WKR-PUB-001140,IE,LE-IE-SYNTH-001,ACTIVE,EMPLOYEE,PERMANENT,2020-09-30,,M,Operations,Dublin,CC-IE-001
HRIS-WKR-001141,WKR-PUB-001141,IE,LE-IE-SYNTH-001,ACTIVE,EMPLOYEE,PERMANENT,2015-09-21,,M,Engineering,Dublin,CC-IE-032
HRIS-WKR-001142,WKR-PUB-001142,IE,LE-IE-SYNTH-001,ACTIVE,EMPLOYEE,PERMANENT,2021-08-16,,F,Sales,Limerick,CC-IE-015
HRIS-WKR-001143,WKR-PUB-001143,IE,LE-IE-SYNTH-001,ACTIVE,EMPLOYEE,PERMANENT,2017-07-31,,F,Technology,Dublin,CC-IE-025
HRIS-WKR-001144,WKR-PUB-001144,IE,LE-IE-SYNTH-001,ACTIVE,EMPLOYEE,PERMANENT,2017-01-11,,F,Sales,Dublin,CC-IE-022
HRIS-WKR-001145,WKR-PUB-001145,IE,LE-IE-SYNTH-001,ACTIVE,EMPLOYEE,APPRENTICE,2025-12-09,,UNDISCLOSED,Technology,Dublin,CC-IE-002
HRIS-WKR-001146,WKR-PUB-001146,IE,LE-IE-SYNTH-001,ACTIVE,EMPLOYEE,PERMANENT,2025-04-15,,F,People,Cork,CC-IE-018
HRIS-WKR-001147,WKR-PUB-001147,IE,LE-IE-SYNTH-001,TERMINATED,EMPLOYEE,PERMANENT,2017-10-04,2026-02-13,F,Sales,Remote-IE,CC-IE-011
HRIS-WKR-001148,WKR-PUB-001148,IE,LE-IE-SYNTH-001,ACTIVE,EMPLOYEE,FIXED_TERM,2019-05-16,,M,Sales,Dublin,CC-IE-028
HRIS-WKR-001149,WKR-PUB-001149,IE,LE-IE-SYNTH-001,ACTIVE,EMPLOYEE,PERMANENT,2018-04-21,,NB,Sales,Dublin,CC-IE-015
HRIS-WKR-001150,WKR-PUB-001150,IE,LE-IE-SYNTH-001,ACTIVE,EMPLOYEE,PERMANENT,2018-07-18,,M,Engineering,Limerick,CC-IE-013
HRIS-WKR-001151,WKR-PUB-001151,IE,LE-IE-SYNTH-001,ACTIVE,EMPLOYEE,PERMANENT,2015-05-05,,F,Finance,Galway,CC-IE-036
HRIS-WKR-001152,WKR-PUB-001152,IE,LE-IE-SYNTH-001,ACTIVE,EMPLOYEE,PERMANENT,2017-02-07,,,Technology,Dublin,CC-IE-035
HRIS-WKR-001153,WKR-PUB-001153,IE,LE-IE-SYNTH-001,ACTIVE,EMPLOYEE,PERMANENT,2022-03-11,,M,Finance,Dublin,CC-IE-028
HRIS-WKR-001154,WKR-PUB-001154,IE,LE-IE-SYNTH-001,ACTIVE,EMPLOYEE,PERMANENT,2022-11-17,,M,Operations,Galway,CC-IE-016
HRIS-WKR-001155,WKR-PUB-001155,IE,LE-IE-SYNTH-001,ACTIVE,EMPLOYEE,PERMANENT,2018-03-10,,F,Operations,Dublin,CC-IE-005
HRIS-WKR-001156,WKR-PUB-001156,IE,LE-IE-SYNTH-001,ACTIVE,EMPLOYEE,PERMANENT,2014-11-04,,M,Operations,Remote-IE,CC-IE-006
HRIS-WKR-001157,WKR-PUB-001157,IE,LE-IE-SYNTH-001,ACTIVE,EMPLOYEE,PERMANENT,2021-07-16,,M,Technology,Galway,CC-IE-007
HRIS-WKR-001158,WKR-PUB-001158,IE,LE-IE-SYNTH-001,ACTIVE,EMPLOYEE,FIXED_TERM,2016-08-25,,M,Engineering,Cork,CC-IE-004
HRIS-WKR-001159,WKR-PUB-001159,IE,LE-IE-SYNTH-001,ACTIVE,EMPLOYEE,PERMANENT,2015-01-18,,UNDISCLOSED,Finance,Remote-IE,CC-IE-039
HRIS-WKR-001160,WKR-PUB-001160,IE,LE-IE-SYNTH-001,ACTIVE,EMPLOYEE,FIXED_TERM,2018-09-13,,F,Operations,Limerick,CC-IE-033
HRIS-WKR-001161,WKR-PUB-001161,IE,LE-IE-SYNTH-001,ACTIVE,EMPLOYEE,PERMANENT,2025-02-15,,,Sales,Dublin,CC-IE-006
HRIS-WKR-001162,WKR-PUB-001162,IE,LE-IE-SYNTH-001,ACTIVE,EMPLOYEE,PERMANENT,2020-05-05,,F,Engineering,Dublin,CC-IE-040
HRIS-WKR-001163,WKR-PUB-001163,IE,LE-IE-SYNTH-001,ACTIVE,CONTRACTOR,FIXED_TERM,2025-03-15,,M,Sales,Dublin,CC-IE-004
HRIS-WKR-001164,WKR-PUB-001164,IE,LE-IE-SYNTH-001,ACTIVE,EMPLOYEE,FIXED_TERM,2021-02-21,,M,Sales,Cork,CC-IE-031
HRIS-WKR-001165,WKR-PUB-001165,IE,LE-IE-SYNTH-001,ACTIVE,CONTRACTOR,FIXED_TERM,2024-04-23,,M,Operations,Dublin,CC-IE-013
HRIS-WKR-001166,WKR-PUB-001166,IE,LE-IE-SYNTH-001,ACTIVE,EMPLOYEE,FIXED_TERM,2023-09-23,,M,Engineering,Dublin,CC-IE-022
HRIS-WKR-001167,WKR-PUB-001167,IE,LE-IE-SYNTH-001,ACTIVE,EMPLOYEE,PERMANENT,2022-04-30,,F,People,Cork,CC-IE-028
HRIS-WKR-001168,WKR-PUB-001168,IE,LE-IE-SYNTH-001,ACTIVE,EMPLOYEE,PERMANENT,2020-12-26,,F,Technology,Remote-IE,CC-IE-033
HRIS-WKR-001169,WKR-PUB-001169,IE,LE-IE-SYNTH-001,TERMINATED,EMPLOYEE,FIXED_TERM,2015-12-16,2026-11-19,M,Engineering,Dublin,CC-IE-038
HRIS-WKR-001170,WKR-PUB-001170,IE,LE-IE-SYNTH-001,ACTIVE,EMPLOYEE,PERMANENT,2024-07-16,,F,Engineering,Dublin,CC-IE-032
HRIS-WKR-001171,WKR-PUB-001171,IE,LE-IE-SYNTH-001,ACTIVE,EMPLOYEE,FIXED_TERM,2014-02-11,,M,Technology,Dublin,CC-IE-034
HRIS-WKR-001172,WKR-PUB-001172,IE,LE-IE-SYNTH-001,ACTIVE,EMPLOYEE,PERMANENT,2014-05-17,,F,Operations,Limerick,CC-IE-010
HRIS-WKR-001173,WKR-PUB-001173,IE,LE-IE-SYNTH-001,ACTIVE,EMPLOYEE,PERMANENT,2015-05-07,,F,Technology,Remote-IE,CC-IE-003
HRIS-WKR-001174,WKR-PUB-001174,IE,LE-IE-SYNTH-001,ACTIVE,EMPLOYEE,PERMANENT,2014-11-04,,M,Operations,Remote-IE,CC-IE-018
HRIS-WKR-001175,WKR-PUB-001175,IE,LE-IE-SYNTH-001,ACTIVE,CONTRACTOR,PERMANENT,2023-05-27,,F,People,Limerick,CC-IE-015
HRIS-WKR-001176,WKR-PUB-001176,IE,LE-IE-SYNTH-001,ACTIVE,EMPLOYEE,PERMANENT,2022-10-27,,UNDISCLOSED,Engineering,Remote-IE,CC-IE-032
HRIS-WKR-001177,WKR-PUB-001177,IE,LE-IE-SYNTH-001,ACTIVE,EMPLOYEE,APPRENTICE,2015-12-24,,F,Sales,Dublin,CC-IE-032
HRIS-WKR-001178,WKR-PUB-001178,IE,LE-IE-SYNTH-001,ACTIVE,EMPLOYEE,PERMANENT,2026-02-10,,M,Technology,Cork,CC-IE-002
HRIS-WKR-001179,WKR-PUB-001179,IE,LE-IE-SYNTH-001,ACTIVE,EMPLOYEE,PERMANENT,2016-05-30,,M,Engineering,Limerick,CC-IE-016
HRIS-WKR-001180,WKR-PUB-001180,IE,LE-IE-SYNTH-001,ACTIVE,EMPLOYEE,PERMANENT,2016-10-18,,UNDISCLOSED,Engineering,Dublin,CC-IE-020
HRIS-WKR-001181,WKR-PUB-001181,IE,LE-IE-SYNTH-001,ACTIVE,EMPLOYEE,PERMANENT,2025-12-01,,M,Operations,Remote-IE,CC-IE-011
HRIS-WKR-001182,WKR-PUB-001182,IE,LE-IE-SYNTH-001,ACTIVE,EMPLOYEE,PERMANENT,2018-08-22,,F,Technology,Dublin,CC-IE-005
HRIS-WKR-001183,WKR-PUB-001183,IE,LE-IE-SYNTH-001,ACTIVE,EMPLOYEE,PERMANENT,2018-06-13,,F,Engineering,Dublin,CC-IE-038
HRIS-WKR-001184,WKR-PUB-001184,IE,LE-IE-SYNTH-001,ACTIVE,EMPLOYEE,PERMANENT,2022-12-20,,M,Sales,Galway,CC-IE-035
HRIS-WKR-001185,WKR-PUB-001185,IE,LE-IE-SYNTH-001,ACTIVE,EMPLOYEE,APPRENTICE,2017-06-16,,F,People,Dublin,CC-IE-018
HRIS-WKR-001186,WKR-PUB-001186,IE,LE-IE-SYNTH-001,TERMINATED,EMPLOYEE,PERMANENT,2022-01-26,2026-08-20,F,Engineering,Dublin,CC-IE-030
HRIS-WKR-001187,WKR-PUB-001187,IE,LE-IE-SYNTH-001,ACTIVE,EMPLOYEE,PERMANENT,2019-02-21,,NB,Engineering,Limerick,CC-IE-032
HRIS-WKR-001188,WKR-PUB-001188,IE,LE-IE-SYNTH-001,ACTIVE,EMPLOYEE,PERMANENT,2023-11-04,,M,Sales,Dublin,CC-IE-023
HRIS-WKR-001189,WKR-PUB-001189,IE,LE-IE-SYNTH-001,ACTIVE,EMPLOYEE,PERMANENT,2025-06-01,,F,People,Dublin,CC-IE-008
HRIS-WKR-001190,WKR-PUB-001190,IE,LE-IE-SYNTH-001,ACTIVE,EMPLOYEE,PERMANENT,2014-06-23,,M,Sales,Remote-IE,CC-IE-023
HRIS-WKR-001191,WKR-PUB-001191,IE,LE-IE-SYNTH-001,ACTIVE,EMPLOYEE,PERMANENT,2015-04-20,,F,Engineering,Dublin,CC-IE-020
HRIS-WKR-001192,WKR-PUB-001192,IE,LE-IE-SYNTH-001,ACTIVE,EMPLOYEE,APPRENTICE,2023-07-03,,F,Engineering,Remote-IE,CC-IE-029
HRIS-WKR-001193,WKR-PUB-001193,IE,LE-IE-SYNTH-001,ACTIVE,EMPLOYEE,PERMANENT,2014-08-22,,M,Technology,Cork,CC-IE-037
HRIS-WKR-001194,WKR-PUB-001194,IE,LE-IE-SYNTH-001,ACTIVE,EMPLOYEE,FIXED_TERM,2025-09-09,,M,Sales,Cork,CC-IE-039
HRIS-WKR-001195,WKR-PUB-001195,IE,LE-IE-SYNTH-001,ACTIVE,EMPLOYEE,PERMANENT,2024-07-30,,F,Engineering,Galway,CC-IE-003
HRIS-WKR-001196,WKR-PUB-001196,IE,LE-IE-SYNTH-001,ACTIVE,EMPLOYEE,PERMANENT,2020-01-01,,F,People,Cork,CC-IE-016
HRIS-WKR-001197,WKR-PUB-001197,IE,LE-IE-SYNTH-001,ACTIVE,EMPLOYEE,PERMANENT,2014-04-22,,F,Sales,Dublin,CC-IE-003
HRIS-WKR-001198,WKR-PUB-001198,IE,LE-IE-SYNTH-001,ACTIVE,EMPLOYEE,PERMANENT,2023-03-02,,F,Technology,Cork,CC-IE-019
HRIS-WKR-001199,WKR-PUB-001199,IE,LE-IE-SYNTH-001,ACTIVE,EMPLOYEE,PERMANENT,2015-12-28,,F,Technology,Remote-IE,CC-IE-030
HRIS-WKR-001200,WKR-PUB-001200,IE,LE-IE-SYNTH-001,ACTIVE,EMPLOYEE,FIXED_TERM,2022-05-13,,F,People,Limerick,CC-IE-013
HRIS-WKR-001201,WKR-PUB-001201,IE,LE-IE-SYNTH-001,ACTIVE,EMPLOYEE,FIXED_TERM,2018-05-23,,F,People,Dublin,CC-IE-012
HRIS-WKR-001202,WKR-PUB-001202,IE,LE-IE-SYNTH-001,ACTIVE,EMPLOYEE,PERMANENT,2021-09-21,,M,Finance,Dublin,CC-IE-014
HRIS-WKR-001203,WKR-PUB-001203,IE,LE-IE-SYNTH-001,TERMINATED,EMPLOYEE,PERMANENT,2024-04-29,2026-02-28,M,Engineering,Remote-IE,CC-IE-005
HRIS-WKR-001204,WKR-PUB-001204,IE,LE-IE-SYNTH-001,ACTIVE,EMPLOYEE,PERMANENT,2017-12-22,,M,Technology,Cork,CC-IE-025
HRIS-WKR-001205,WKR-PUB-001205,IE,LE-IE-SYNTH-001,ACTIVE,EMPLOYEE,PERMANENT,2023-02-04,,M,Operations,Dublin,CC-IE-019
HRIS-WKR-001206,WKR-PUB-001206,IE,LE-IE-SYNTH-001,ACTIVE,EMPLOYEE,PERMANENT,2018-09-25,,M,Engineering,Remote-IE,CC-IE-034
HRIS-WKR-001207,WKR-PUB-001207,IE,LE-IE-SYNTH-001,ACTIVE,EMPLOYEE,PERMANENT,2025-01-15,,F,Engineering,Dublin,CC-IE-019
HRIS-WKR-001208,WKR-PUB-001208,IE,LE-IE-SYNTH-001,ACTIVE,EMPLOYEE,PERMANENT,2018-02-25,,F,Sales,Dublin,CC-IE-009
HRIS-WKR-001209,WKR-PUB-001209,IE,LE-IE-SYNTH-001,ACTIVE,EMPLOYEE,FIXED_TERM,2022-06-21,,M,Finance,Dublin,CC-IE-035
HRIS-WKR-001210,WKR-PUB-001210,IE,LE-IE-SYNTH-001,ACTIVE,EMPLOYEE,FIXED_TERM,2016-03-22,,M,Sales,Cork,CC-IE-026
HRIS-WKR-001211,WKR-PUB-001211,IE,LE-IE-SYNTH-001,ACTIVE,EMPLOYEE,PERMANENT,2016-03-31,,F,Engineering,Dublin,CC-IE-012
HRIS-WKR-001212,WKR-PUB-001212,IE,LE-IE-SYNTH-001,ACTIVE,EMPLOYEE,PERMANENT,2025-04-13,,M,Operations,Limerick,CC-IE-001
HRIS-WKR-001213,WKR-PUB-001213,IE,LE-IE-SYNTH-001,ACTIVE,EMPLOYEE,PERMANENT,2015-05-13,,M,Finance,Galway,CC-IE-010
HRIS-WKR-001214,WKR-PUB-001214,IE,LE-IE-SYNTH-001,ACTIVE,EMPLOYEE,PERMANENT,2025-09-03,,,Engineering,Dublin,CC-IE-029
HRIS-WKR-001215,WKR-PUB-001215,IE,LE-IE-SYNTH-001,ACTIVE,EMPLOYEE,FIXED_TERM,2014-02-26,,F,Operations,Remote-IE,CC-IE-020
HRIS-WKR-001216,WKR-PUB-001216,IE,LE-IE-SYNTH-001,ACTIVE,EMPLOYEE,FIXED_TERM,2025-05-02,,M,Operations,Cork,CC-IE-009
HRIS-WKR-001217,WKR-PUB-001217,IE,LE-IE-SYNTH-001,TERMINATED,EMPLOYEE,PERMANENT,2024-08-19,2026-12-27,F,Finance,Dublin,CC-IE-035
HRIS-WKR-001218,WKR-PUB-001218,IE,LE-IE-SYNTH-001,ACTIVE,EMPLOYEE,PERMANENT,2017-09-19,,M,Operations,Galway,CC-IE-022
HRIS-WKR-001219,WKR-PUB-001219,IE,LE-IE-SYNTH-001,ACTIVE,EMPLOYEE,FIXED_TERM,2024-11-18,,F,Engineering,Remote-IE,CC-IE-024
HRIS-WKR-001220,WKR-PUB-001220,IE,LE-IE-SYNTH-001,ACTIVE,EMPLOYEE,PERMANENT,2015-01-02,,F,Operations,Limerick,CC-IE-014
HRIS-WKR-001221,WKR-PUB-001221,IE,LE-IE-SYNTH-001,ACTIVE,EMPLOYEE,PERMANENT,2019-05-24,,F,Operations,Remote-IE,CC-IE-026
HRIS-WKR-001222,WKR-PUB-001222,IE,LE-IE-SYNTH-001,ACTIVE,EMPLOYEE,PERMANENT,2016-10-20,,F,Engineering,Dublin,CC-IE-018
HRIS-WKR-001223,WKR-PUB-001223,IE,LE-IE-SYNTH-001,ACTIVE,EMPLOYEE,PERMANENT,2019-12-13,,F,Technology,Dublin,CC-IE-035
HRIS-WKR-001224,WKR-PUB-001224,IE,LE-IE-SYNTH-001,ACTIVE,CONTRACTOR,PERMANENT,2025-01-28,,M,Technology,Dublin,CC-IE-025
HRIS-WKR-001225,WKR-PUB-001225,IE,LE-IE-SYNTH-001,ACTIVE,EMPLOYEE,PERMANENT,2023-06-11,,M,Technology,Dublin,CC-IE-022
HRIS-WKR-001226,WKR-PUB-001226,IE,LE-IE-SYNTH-001,TERMINATED,EMPLOYEE,FIXED_TERM,2021-08-23,2026-06-01,F,Sales,Dublin,CC-IE-012
HRIS-WKR-001227,WKR-PUB-001227,IE,LE-IE-SYNTH-001,ACTIVE,EMPLOYEE,APPRENTICE,2025-10-18,,F,People,Dublin,CC-IE-016
HRIS-WKR-001228,WKR-PUB-001228,IE,LE-IE-SYNTH-001,ACTIVE,EMPLOYEE,PERMANENT,2016-11-19,,M,Operations,Remote-IE,CC-IE-027
HRIS-WKR-001229,WKR-PUB-001229,IE,LE-IE-SYNTH-001,ACTIVE,EMPLOYEE,PERMANENT,2022-01-20,,F,Sales,Dublin,CC-IE-022
HRIS-WKR-001230,WKR-PUB-001230,IE,LE-IE-SYNTH-001,ACTIVE,EMPLOYEE,PERMANENT,2018-12-31,,M,Engineering,Dublin,CC-IE-012
HRIS-WKR-001231,WKR-PUB-001231,IE,LE-IE-SYNTH-001,ACTIVE,CONTRACTOR,PERMANENT,2017-02-22,,M,People,Dublin,CC-IE-006
HRIS-WKR-001232,WKR-PUB-001232,IE,LE-IE-SYNTH-001,ACTIVE,EMPLOYEE,PERMANENT,2024-06-03,,,Sales,Dublin,CC-IE-024
HRIS-WKR-001233,WKR-PUB-001233,IE,LE-IE-SYNTH-001,ACTIVE,EMPLOYEE,PERMANENT,2017-02-05,,F,Sales,Galway,CC-IE-010
HRIS-WKR-001234,WKR-PUB-001234,IE,LE-IE-SYNTH-001,ACTIVE,EMPLOYEE,PERMANENT,2019-08-06,,F,Engineering,Dublin,CC-IE-034
HRIS-WKR-001235,WKR-PUB-001235,IE,LE-IE-SYNTH-001,ACTIVE,CONTRACTOR,APPRENTICE,2022-04-27,,M,Engineering,Dublin,CC-IE-032
HRIS-WKR-001236,WKR-PUB-001236,IE,LE-IE-SYNTH-001,ACTIVE,EMPLOYEE,APPRENTICE,2024-08-14,,M,Sales,Cork,CC-IE-036
HRIS-WKR-001237,WKR-PUB-001237,IE,LE-IE-SYNTH-001,ACTIVE,EMPLOYEE,PERMANENT,2025-12-26,,F,Engineering,Dublin,CC-IE-036
HRIS-WKR-001238,WKR-PUB-001238,IE,LE-IE-SYNTH-001,ACTIVE,EMPLOYEE,PERMANENT,2023-08-01,,M,Sales,Cork,CC-IE-036
HRIS-WKR-001239,WKR-PUB-001239,IE,LE-IE-SYNTH-001,ACTIVE,EMPLOYEE,PERMANENT,2024-11-12,,M,People,Remote-IE,CC-IE-031
HRIS-WKR-001240,WKR-PUB-001240,IE,LE-IE-SYNTH-001,ACTIVE,EMPLOYEE,PERMANENT,2021-05-06,,M,Sales,Dublin,CC-IE-009
HRIS-WKR-001241,WKR-PUB-001241,IE,LE-IE-SYNTH-001,ACTIVE,EMPLOYEE,FIXED_TERM,2014-04-08,,M,Sales,Dublin,CC-IE-032
HRIS-WKR-001242,WKR-PUB-001242,IE,LE-IE-SYNTH-001,ACTIVE,EMPLOYEE,PERMANENT,2022-12-11,,M,Sales,Cork,CC-IE-020
HRIS-WKR-001243,WKR-PUB-001243,IE,LE-IE-SYNTH-001,ACTIVE,EMPLOYEE,PERMANENT,2025-05-29,,F,People,Cork,CC-IE-011
HRIS-WKR-001244,WKR-PUB-001244,IE,LE-IE-SYNTH-001,ACTIVE,EMPLOYEE,PERMANENT,2014-02-17,,F,People,Dublin,CC-IE-019
HRIS-WKR-001245,WKR-PUB-001245,IE,LE-IE-SYNTH-001,ACTIVE,EMPLOYEE,PERMANENT,2017-05-17,,F,Engineering,Dublin,CC-IE-036
HRIS-WKR-001246,WKR-PUB-001246,IE,LE-IE-SYNTH-001,ACTIVE,EMPLOYEE,PERMANENT,2023-09-29,,M,Engineering,Dublin,CC-IE-007
HRIS-WKR-001247,WKR-PUB-001247,IE,LE-IE-SYNTH-001,ACTIVE,EMPLOYEE,PERMANENT,2021-11-04,,M,Sales,Cork,CC-IE-034
HRIS-WKR-001248,WKR-PUB-001248,IE,LE-IE-SYNTH-001,TERMINATED,EMPLOYEE,PERMANENT,2022-06-19,2026-03-24,M,Engineering,Dublin,CC-IE-013
HRIS-WKR-001249,WKR-PUB-001249,IE,LE-IE-SYNTH-001,ACTIVE,EMPLOYEE,PERMANENT,2014-04-13,,M,Engineering,Limerick,CC-IE-022
HRIS-WKR-001250,WKR-PUB-001250,IE,LE-IE-SYNTH-001,ACTIVE,EMPLOYEE,PERMANENT,2023-06-07,,UNDISCLOSED,Engineering,Dublin,CC-IE-007
HRIS-WKR-001251,WKR-PUB-001251,IE,LE-IE-SYNTH-001,ACTIVE,EMPLOYEE,FIXED_TERM,2020-02-21,,F,Finance,Limerick,CC-IE-001
HRIS-WKR-001252,WKR-PUB-001252,IE,LE-IE-SYNTH-001,ACTIVE,EMPLOYEE,FIXED_TERM,2025-02-25,,F,Engineering,Dublin,CC-IE-026
HRIS-WKR-001253,WKR-PUB-001253,IE,LE-IE-SYNTH-001,ACTIVE,EMPLOYEE,PERMANENT,2017-07-31,,F,Finance,Galway,CC-IE-023
HRIS-WKR-001254,WKR-PUB-001254,IE,LE-IE-SYNTH-001,TERMINATED,EMPLOYEE,PERMANENT,2025-10-11,2026-08-07,F,Operations,Dublin,CC-IE-004
HRIS-WKR-001255,WKR-PUB-001255,IE,LE-IE-SYNTH-001,ACTIVE,EMPLOYEE,PERMANENT,2019-05-19,,F,Technology,Galway,CC-IE-009
HRIS-WKR-001256,WKR-PUB-001256,IE,LE-IE-SYNTH-001,ACTIVE,EMPLOYEE,PERMANENT,2016-06-13,,F,Engineering,Remote-IE,CC-IE-038
HRIS-WKR-001257,WKR-PUB-001257,IE,LE-IE-SYNTH-001,ACTIVE,EMPLOYEE,PERMANENT,2020-12-22,,F,Engineering,Remote-IE,CC-IE-027
HRIS-WKR-001258,WKR-PUB-001258,IE,LE-IE-SYNTH-001,ACTIVE,EMPLOYEE,FIXED_TERM,2019-12-25,,F,Sales,Dublin,CC-IE-026
HRIS-WKR-001259,WKR-PUB-001259,IE,LE-IE-SYNTH-001,ACTIVE,EMPLOYEE,PERMANENT,2015-06-10,,F,Engineering,Dublin,CC-IE-032
HRIS-WKR-001260,WKR-PUB-001260,IE,LE-IE-SYNTH-001,ACTIVE,EMPLOYEE,PERMANENT,2014-10-10,,F,Engineering,Dublin,CC-IE-021
HRIS-WKR-001261,WKR-PUB-001261,IE,LE-IE-SYNTH-001,ACTIVE,EMPLOYEE,PERMANENT,2022-04-21,,M,Finance,Cork,CC-IE-005
HRIS-WKR-001262,WKR-PUB-001262,IE,LE-IE-SYNTH-001,ACTIVE,CONTRACTOR,PERMANENT,2019-08-21,,M,Operations,Cork,CC-IE-019
HRIS-WKR-001263,WKR-PUB-001263,IE,LE-IE-SYNTH-001,ACTIVE,EMPLOYEE,FIXED_TERM,2016-06-12,,M,Technology,Remote-IE,CC-IE-010
HRIS-WKR-001264,WKR-PUB-001264,IE,LE-IE-SYNTH-001,ACTIVE,EMPLOYEE,PERMANENT,2023-04-21,,M,Technology,Dublin,CC-IE-027
HRIS-WKR-001265,WKR-PUB-001265,IE,LE-IE-SYNTH-001,ACTIVE,EMPLOYEE,PERMANENT,2022-09-02,,M,Finance,Cork,CC-IE-017
HRIS-WKR-001266,WKR-PUB-001266,IE,LE-IE-SYNTH-001,ACTIVE,EMPLOYEE,PERMANENT,2025-01-09,,F,Technology,Dublin,CC-IE-014
HRIS-WKR-001267,WKR-PUB-001267,IE,LE-IE-SYNTH-001,ACTIVE,EMPLOYEE,FIXED_TERM,2023-03-11,,F,Finance,Galway,CC-IE-027
HRIS-WKR-001268,WKR-PUB-001268,IE,LE-IE-SYNTH-001,ACTIVE,EMPLOYEE,PERMANENT,2018-11-09,,M,Operations,Dublin,CC-IE-033
HRIS-WKR-001269,WKR-PUB-001269,IE,LE-IE-SYNTH-001,TERMINATED,EMPLOYEE,PERMANENT,2016-05-27,2026-10-23,M,Engineering,Remote-IE,CC-IE-013
HRIS-WKR-001270,WKR-PUB-001270,IE,LE-IE-SYNTH-001,ACTIVE,EMPLOYEE,PERMANENT,2025-01-22,,M,Sales,Dublin,CC-IE-005
HRIS-WKR-001271,WKR-PUB-001271,IE,LE-IE-SYNTH-001,ACTIVE,EMPLOYEE,PERMANENT,2026-02-09,,M,Operations,Dublin,CC-IE-002
HRIS-WKR-001272,WKR-PUB-001272,IE,LE-IE-SYNTH-001,ACTIVE,EMPLOYEE,PERMANENT,2022-10-24,,F,Finance,Dublin,CC-IE-032
HRIS-WKR-001273,WKR-PUB-001273,IE,LE-IE-SYNTH-001,ACTIVE,EMPLOYEE,PERMANENT,2026-01-11,,F,Operations,Galway,CC-IE-010
HRIS-WKR-001274,WKR-PUB-001274,IE,LE-IE-SYNTH-001,ACTIVE,EMPLOYEE,PERMANENT,2018-11-18,,M,Engineering,Limerick,CC-IE-010
HRIS-WKR-001275,WKR-PUB-001275,IE,LE-IE-SYNTH-001,ACTIVE,CONTRACTOR,PERMANENT,2025-03-21,,F,Engineering,Dublin,CC-IE-022
HRIS-WKR-001276,WKR-PUB-001276,IE,LE-IE-SYNTH-001,ACTIVE,EMPLOYEE,PERMANENT,2015-02-21,,F,Engineering,Cork,CC-IE-037
HRIS-WKR-001277,WKR-PUB-001277,IE,LE-IE-SYNTH-001,ACTIVE,EMPLOYEE,PERMANENT,2015-05-30,,F,Technology,Remote-IE,CC-IE-004
HRIS-WKR-001278,WKR-PUB-001278,IE,LE-IE-SYNTH-001,ACTIVE,CONTRACTOR,PERMANENT,2020-12-14,,F,Engineering,Dublin,CC-IE-010
HRIS-WKR-001279,WKR-PUB-001279,IE,LE-IE-SYNTH-001,ACTIVE,EMPLOYEE,PERMANENT,2025-11-12,,F,Sales,Cork,CC-IE-003
HRIS-WKR-001280,WKR-PUB-001280,IE,LE-IE-SYNTH-001,ACTIVE,EMPLOYEE,FIXED_TERM,2024-06-15,,M,Sales,Dublin,CC-IE-028
HRIS-WKR-001281,WKR-PUB-001281,IE,LE-IE-SYNTH-001,ACTIVE,EMPLOYEE,PERMANENT,2025-12-01,,M,Operations,Dublin,CC-IE-003
HRIS-WKR-001282,WKR-PUB-001282,IE,LE-IE-SYNTH-001,ACTIVE,EMPLOYEE,PERMANENT,2023-01-01,,M,People,Cork,CC-IE-033
HRIS-WKR-001283,WKR-PUB-001283,IE,LE-IE-SYNTH-001,ACTIVE,CONTRACTOR,PERMANENT,2022-05-23,,M,Engineering,Galway,CC-IE-024
HRIS-WKR-001284,WKR-PUB-001284,IE,LE-IE-SYNTH-001,ACTIVE,EMPLOYEE,PERMANENT,2016-02-07,,M,Technology,Dublin,CC-IE-034
HRIS-WKR-001285,WKR-PUB-001285,IE,LE-IE-SYNTH-001,ACTIVE,EMPLOYEE,PERMANENT,2018-07-10,,F,Engineering,Galway,CC-IE-031
HRIS-WKR-001286,WKR-PUB-001286,IE,LE-IE-SYNTH-001,ACTIVE,CONTRACTOR,PERMANENT,2024-05-19,,F,Engineering,Cork,CC-IE-024
HRIS-WKR-001287,WKR-PUB-001287,IE,LE-IE-SYNTH-001,ACTIVE,EMPLOYEE,PERMANENT,2018-03-06,,F,Engineering,Dublin,CC-IE-032
HRIS-WKR-001288,WKR-PUB-001288,IE,LE-IE-SYNTH-001,ACTIVE,EMPLOYEE,FIXED_TERM,2023-02-07,,M,Operations,Galway,CC-IE-005
HRIS-WKR-001289,WKR-PUB-001289,IE,LE-IE-SYNTH-001,ACTIVE,CONTRACTOR,FIXED_TERM,2022-09-12,,F,People,Dublin,CC-IE-015
HRIS-WKR-001290,WKR-PUB-001290,IE,LE-IE-SYNTH-001,ACTIVE,EMPLOYEE,PERMANENT,2017-03-23,,F,People,Dublin,CC-IE-039
HRIS-WKR-001291,WKR-PUB-001291,IE,LE-IE-SYNTH-001,ACTIVE,EMPLOYEE,PERMANENT,2015-06-30,,M,Technology,Dublin,CC-IE-013
HRIS-WKR-001292,WKR-PUB-001292,IE,LE-IE-SYNTH-001,ACTIVE,EMPLOYEE,PERMANENT,2022-01-03,,M,Finance,Dublin,CC-IE-036
HRIS-WKR-001293,WKR-PUB-001293,IE,LE-IE-SYNTH-001,ACTIVE,EMPLOYEE,PERMANENT,2014-11-03,,F,People,Galway,CC-IE-035
HRIS-WKR-001294,WKR-PUB-001294,IE,LE-IE-SYNTH-001,ACTIVE,CONTRACTOR,PERMANENT,2024-08-05,,M,People,Dublin,CC-IE-026
HRIS-WKR-001295,WKR-PUB-001295,IE,LE-IE-SYNTH-001,ACTIVE,EMPLOYEE,PERMANENT,2023-10-23,,F,Finance,Galway,CC-IE-040
HRIS-WKR-001296,WKR-PUB-001296,IE,LE-IE-SYNTH-001,ACTIVE,EMPLOYEE,PERMANENT,2015-10-19,,M,Operations,Dublin,CC-IE-009
HRIS-WKR-001297,WKR-PUB-001297,IE,LE-IE-SYNTH-001,ACTIVE,EMPLOYEE,APPRENTICE,2018-02-21,,F,Technology,Dublin,CC-IE-019
HRIS-WKR-001298,WKR-PUB-001298,IE,LE-IE-SYNTH-001,ACTIVE,EMPLOYEE,FIXED_TERM,2015-11-20,,F,Engineering,Remote-IE,CC-IE-015
HRIS-WKR-001299,WKR-PUB-001299,IE,LE-IE-SYNTH-001,ACTIVE,EMPLOYEE,PERMANENT,2025-04-02,,M,Operations,Galway,CC-IE-005
HRIS-WKR-001300,WKR-PUB-001300,IE,LE-IE-SYNTH-001,ACTIVE,EMPLOYEE,PERMANENT,2024-09-23,,F,Finance,Galway,CC-IE-018
HRIS-WKR-001301,WKR-PUB-001301,IE,LE-IE-SYNTH-001,ACTIVE,EMPLOYEE,APPRENTICE,2022-06-29,,M,Technology,Remote-IE,CC-IE-037
HRIS-WKR-001302,WKR-PUB-001302,IE,LE-IE-SYNTH-001,ACTIVE,CONTRACTOR,PERMANENT,2020-05-15,,M,Engineering,Cork,CC-IE-015
HRIS-WKR-001303,WKR-PUB-001303,IE,LE-IE-SYNTH-001,ACTIVE,EMPLOYEE,APPRENTICE,2018-02-24,,F,Sales,Limerick,CC-IE-008
HRIS-WKR-001304,WKR-PUB-001304,IE,LE-IE-SYNTH-001,ACTIVE,EMPLOYEE,PERMANENT,2014-11-24,,M,Operations,Dublin,CC-IE-025
HRIS-WKR-001305,WKR-PUB-001305,IE,LE-IE-SYNTH-001,ACTIVE,EMPLOYEE,FIXED_TERM,2014-05-08,,M,Operations,Galway,CC-IE-003
HRIS-WKR-001306,WKR-PUB-001306,IE,LE-IE-SYNTH-001,ACTIVE,EMPLOYEE,PERMANENT,2018-02-01,,M,People,Dublin,CC-IE-017
HRIS-WKR-001307,WKR-PUB-001307,IE,LE-IE-SYNTH-001,ACTIVE,EMPLOYEE,PERMANENT,2020-12-17,,M,Engineering,Galway,CC-IE-023
HRIS-WKR-001308,WKR-PUB-001308,IE,LE-IE-SYNTH-001,ACTIVE,EMPLOYEE,FIXED_TERM,2023-04-07,,M,Engineering,Dublin,CC-IE-023
HRIS-WKR-001309,WKR-PUB-001309,IE,LE-IE-SYNTH-001,ACTIVE,EMPLOYEE,PERMANENT,2019-04-03,,F,Operations,Cork,CC-IE-006
HRIS-WKR-001310,WKR-PUB-001310,IE,LE-IE-SYNTH-001,ACTIVE,EMPLOYEE,PERMANENT,2025-01-04,,M,Sales,Cork,CC-IE-004
HRIS-WKR-001311,WKR-PUB-001311,IE,LE-IE-SYNTH-001,ACTIVE,EMPLOYEE,PERMANENT,2017-04-26,,F,Sales,Remote-IE,CC-IE-017
HRIS-WKR-001312,WKR-PUB-001312,IE,LE-IE-SYNTH-001,ACTIVE,EMPLOYEE,PERMANENT,2017-08-29,,M,Finance,Dublin,CC-IE-008
HRIS-WKR-001313,WKR-PUB-001313,IE,LE-IE-SYNTH-001,ACTIVE,EMPLOYEE,PERMANENT,2022-01-14,,F,People,Cork,CC-IE-029
HRIS-WKR-001314,WKR-PUB-001314,IE,LE-IE-SYNTH-001,ACTIVE,EMPLOYEE,PERMANENT,2023-06-29,,F,People,Cork,CC-IE-037
HRIS-WKR-001315,WKR-PUB-001315,IE,LE-IE-SYNTH-001,ACTIVE,CONTRACTOR,PERMANENT,2024-04-23,,M,Engineering,Dublin,CC-IE-034
HRIS-WKR-001316,WKR-PUB-001316,IE,LE-IE-SYNTH-001,ACTIVE,EMPLOYEE,PERMANENT,2020-07-09,,UNDISCLOSED,Engineering,Limerick,CC-IE-017
HRIS-WKR-001317,WKR-PUB-001317,IE,LE-IE-SYNTH-001,ACTIVE,EMPLOYEE,PERMANENT,2015-07-23,,M,Operations,Galway,CC-IE-006
HRIS-WKR-001318,WKR-PUB-001318,IE,LE-IE-SYNTH-001,ACTIVE,EMPLOYEE,PERMANENT,2023-03-20,,F,Engineering,Dublin,CC-IE-020
HRIS-WKR-001319,WKR-PUB-001319,IE,LE-IE-SYNTH-001,ACTIVE,EMPLOYEE,FIXED_TERM,2021-09-11,,F,Engineering,Galway,CC-IE-028
HRIS-WKR-001320,WKR-PUB-001320,IE,LE-IE-SYNTH-001,ACTIVE,CONTRACTOR,PERMANENT,2024-08-24,,M,Engineering,Galway,CC-IE-007
HRIS-WKR-001321,WKR-PUB-001321,IE,LE-IE-SYNTH-001,ACTIVE,EMPLOYEE,FIXED_TERM,2020-09-11,,M,Operations,Dublin,CC-IE-023
HRIS-WKR-001322,WKR-PUB-001322,IE,LE-IE-SYNTH-001,ACTIVE,EMPLOYEE,APPRENTICE,2015-10-18,,F,Engineering,Remote-IE,CC-IE-023
HRIS-WKR-001323,WKR-PUB-001323,IE,LE-IE-SYNTH-001,ACTIVE,EMPLOYEE,PERMANENT,2020-05-29,,M,Finance,Dublin,CC-IE-011
HRIS-WKR-001324,WKR-PUB-001324,IE,LE-IE-SYNTH-001,ACTIVE,EMPLOYEE,FIXED_TERM,2024-06-21,,M,Technology,Limerick,CC-IE-010
HRIS-WKR-001325,WKR-PUB-001325,IE,LE-IE-SYNTH-001,ACTIVE,EMPLOYEE,PERMANENT,2016-09-30,,UNDISCLOSED,Engineering,Dublin,CC-IE-001
HRIS-WKR-001326,WKR-PUB-001326,IE,LE-IE-SYNTH-001,ACTIVE,EMPLOYEE,PERMANENT,2016-12-22,,F,Engineering,Dublin,CC-IE-035
HRIS-WKR-001327,WKR-PUB-001327,IE,LE-IE-SYNTH-001,ACTIVE,EMPLOYEE,FIXED_TERM,2014-04-20,,F,Operations,Dublin,CC-IE-031
HRIS-WKR-001328,WKR-PUB-001328,IE,LE-IE-SYNTH-001,ACTIVE,EMPLOYEE,PERMANENT,2018-08-02,,F,Sales,Dublin,CC-IE-030
HRIS-WKR-001329,WKR-PUB-001329,IE,LE-IE-SYNTH-001,ACTIVE,EMPLOYEE,PERMANENT,2019-10-22,,NB,Operations,Galway,CC-IE-033
HRIS-WKR-001330,WKR-PUB-001330,IE,LE-IE-SYNTH-001,ACTIVE,EMPLOYEE,PERMANENT,2025-06-30,,M,Engineering,Dublin,CC-IE-029
HRIS-WKR-001331,WKR-PUB-001331,IE,LE-IE-SYNTH-001,ACTIVE,EMPLOYEE,FIXED_TERM,2020-05-08,,F,Sales,Cork,CC-IE-030
HRIS-WKR-001332,WKR-PUB-001332,IE,LE-IE-SYNTH-001,ACTIVE,EMPLOYEE,PERMANENT,2019-11-01,,M,Engineering,Cork,CC-IE-030
HRIS-WKR-001333,WKR-PUB-001333,IE,LE-IE-SYNTH-001,ACTIVE,EMPLOYEE,PERMANENT,2023-05-26,,NB,Technology,Cork,CC-IE-031
HRIS-WKR-001334,WKR-PUB-001334,IE,LE-IE-SYNTH-001,ACTIVE,EMPLOYEE,PERMANENT,2015-01-11,,F,Engineering,Cork,CC-IE-008
HRIS-WKR-001335,WKR-PUB-001335,IE,LE-IE-SYNTH-001,ACTIVE,EMPLOYEE,PERMANENT,2014-03-03,,M,Technology,Dublin,CC-IE-032
HRIS-WKR-001336,WKR-PUB-001336,IE,LE-IE-SYNTH-001,ACTIVE,EMPLOYEE,PERMANENT,2024-03-26,,M,Engineering,Dublin,CC-IE-007
HRIS-WKR-001337,WKR-PUB-001337,IE,LE-IE-SYNTH-001,ACTIVE,EMPLOYEE,PERMANENT,2021-12-15,,F,Technology,Dublin,CC-IE-037
HRIS-WKR-001338,WKR-PUB-001338,IE,LE-IE-SYNTH-001,ACTIVE,EMPLOYEE,PERMANENT,2015-09-23,,F,Technology,Dublin,CC-IE-009
HRIS-WKR-001339,WKR-PUB-001339,IE,LE-IE-SYNTH-001,ACTIVE,EMPLOYEE,PERMANENT,2019-03-21,,F,Sales,Dublin,CC-IE-011
HRIS-WKR-001340,WKR-PUB-001340,IE,LE-IE-SYNTH-001,ACTIVE,CONTRACTOR,PERMANENT,2014-12-31,,F,Finance,Dublin,CC-IE-009
HRIS-WKR-001341,WKR-PUB-001341,IE,LE-IE-SYNTH-001,ACTIVE,EMPLOYEE,FIXED_TERM,2021-11-10,,M,Finance,Dublin,CC-IE-010
HRIS-WKR-001342,WKR-PUB-001342,IE,LE-IE-SYNTH-001,ACTIVE,EMPLOYEE,PERMANENT,2025-02-19,,F,Engineering,Dublin,CC-IE-036
HRIS-WKR-001343,WKR-PUB-001343,IE,LE-IE-SYNTH-001,ACTIVE,CONTRACTOR,PERMANENT,2021-01-13,,M,Operations,Galway,CC-IE-011
HRIS-WKR-001344,WKR-PUB-001344,IE,LE-IE-SYNTH-001,ACTIVE,EMPLOYEE,FIXED_TERM,2024-08-04,,F,Operations,Dublin,CC-IE-025
HRIS-WKR-001345,WKR-PUB-001345,IE,LE-IE-SYNTH-001,ACTIVE,EMPLOYEE,PERMANENT,2022-06-11,,F,Sales,Dublin,CC-IE-006
HRIS-WKR-001346,WKR-PUB-001346,IE,LE-IE-SYNTH-001,ACTIVE,EMPLOYEE,PERMANENT,2014-10-09,,M,Engineering,Cork,CC-IE-026
HRIS-WKR-001347,WKR-PUB-001347,IE,LE-IE-SYNTH-001,ACTIVE,EMPLOYEE,PERMANENT,2020-07-15,,M,Engineering,Dublin,CC-IE-036
HRIS-WKR-001348,WKR-PUB-001348,IE,LE-IE-SYNTH-001,ACTIVE,EMPLOYEE,FIXED_TERM,2018-05-14,,M,Sales,Dublin,CC-IE-027
HRIS-WKR-001349,WKR-PUB-001349,IE,LE-IE-SYNTH-001,ACTIVE,EMPLOYEE,PERMANENT,2022-04-13,,M,Technology,Dublin,CC-IE-012
HRIS-WKR-001350,WKR-PUB-001350,IE,LE-IE-SYNTH-001,ACTIVE,EMPLOYEE,PERMANENT,2015-12-20,,F,Engineering,Dublin,CC-IE-036
HRIS-WKR-001351,WKR-PUB-001351,IE,LE-IE-SYNTH-001,ACTIVE,EMPLOYEE,PERMANENT,2023-04-05,,M,Operations,Limerick,CC-IE-014
HRIS-WKR-001352,WKR-PUB-001352,IE,LE-IE-SYNTH-001,ACTIVE,EMPLOYEE,PERMANENT,2019-07-22,,F,Technology,Cork,CC-IE-027
HRIS-WKR-001353,WKR-PUB-001353,IE,LE-IE-SYNTH-001,ACTIVE,EMPLOYEE,PERMANENT,2016-05-17,,F,Operations,Dublin,CC-IE-031
HRIS-WKR-001354,WKR-PUB-001354,IE,LE-IE-SYNTH-001,ACTIVE,EMPLOYEE,PERMANENT,2018-06-05,,M,Operations,Dublin,CC-IE-033
HRIS-WKR-001355,WKR-PUB-001355,IE,LE-IE-SYNTH-001,ACTIVE,EMPLOYEE,PERMANENT,2022-06-03,,F,Engineering,Dublin,CC-IE-006
HRIS-WKR-001356,WKR-PUB-001356,IE,LE-IE-SYNTH-001,ACTIVE,EMPLOYEE,PERMANENT,2024-12-15,,F,Finance,Dublin,CC-IE-028
HRIS-WKR-001357,WKR-PUB-001357,IE,LE-IE-SYNTH-001,ACTIVE,EMPLOYEE,FIXED_TERM,2018-02-20,,F,Engineering,Remote-IE,CC-IE-032
HRIS-WKR-001358,WKR-PUB-001358,IE,LE-IE-SYNTH-001,ACTIVE,EMPLOYEE,PERMANENT,2020-01-09,,M,Finance,Dublin,CC-IE-017
HRIS-WKR-001359,WKR-PUB-001359,IE,LE-IE-SYNTH-001,ACTIVE,EMPLOYEE,PERMANENT,2020-04-29,,F,Sales,Remote-IE,CC-IE-031
HRIS-WKR-001360,WKR-PUB-001360,IE,LE-IE-SYNTH-001,ACTIVE,EMPLOYEE,PERMANENT,2022-07-10,,M,People,Limerick,CC-IE-026
HRIS-WKR-001361,WKR-PUB-001361,IE,LE-IE-SYNTH-001,ACTIVE,EMPLOYEE,PERMANENT,2021-07-23,,M,Technology,Dublin,CC-IE-004
HRIS-WKR-001362,WKR-PUB-001362,IE,LE-IE-SYNTH-001,ACTIVE,EMPLOYEE,FIXED_TERM,2017-02-17,,F,Operations,Remote-IE,CC-IE-001
HRIS-WKR-001363,WKR-PUB-001363,IE,LE-IE-SYNTH-001,ACTIVE,EMPLOYEE,PERMANENT,2015-03-20,,M,Sales,Limerick,CC-IE-015
HRIS-WKR-001364,WKR-PUB-001364,IE,LE-IE-SYNTH-001,ACTIVE,EMPLOYEE,FIXED_TERM,2020-01-05,,M,Engineering,Dublin,CC-IE-021
HRIS-WKR-001365,WKR-PUB-001365,IE,LE-IE-SYNTH-001,ACTIVE,EMPLOYEE,FIXED_TERM,2021-04-27,,F,Engineering,Galway,CC-IE-006
HRIS-WKR-001366,WKR-PUB-001366,IE,LE-IE-SYNTH-001,ACTIVE,EMPLOYEE,PERMANENT,2020-03-17,,M,Engineering,Remote-IE,CC-IE-021
HRIS-WKR-001367,WKR-PUB-001367,IE,LE-IE-SYNTH-001,TERMINATED,EMPLOYEE,PERMANENT,2020-02-29,2026-12-28,,Sales,Galway,CC-IE-001
HRIS-WKR-001368,WKR-PUB-001368,IE,LE-IE-SYNTH-001,ACTIVE,EMPLOYEE,APPRENTICE,2024-07-18,,,Operations,Dublin,CC-IE-014
HRIS-WKR-001369,WKR-PUB-001369,IE,LE-IE-SYNTH-001,ACTIVE,EMPLOYEE,FIXED_TERM,2024-07-03,,F,Engineering,Galway,CC-IE-004
HRIS-WKR-001370,WKR-PUB-001370,IE,LE-IE-SYNTH-001,ACTIVE,EMPLOYEE,PERMANENT,2022-05-21,,M,Engineering,Dublin,CC-IE-028
HRIS-WKR-001371,WKR-PUB-001371,IE,LE-IE-SYNTH-001,ACTIVE,EMPLOYEE,FIXED_TERM,2014-04-10,,M,People,Dublin,CC-IE-011
HRIS-WKR-001372,WKR-PUB-001372,IE,LE-IE-SYNTH-001,ACTIVE,EMPLOYEE,PERMANENT,2024-11-22,,F,Operations,Dublin,CC-IE-013
HRIS-WKR-001373,WKR-PUB-001373,IE,LE-IE-SYNTH-001,ACTIVE,EMPLOYEE,PERMANENT,2024-02-23,,M,People,Dublin,CC-IE-035
HRIS-WKR-001374,WKR-PUB-001374,IE,LE-IE-SYNTH-001,ACTIVE,EMPLOYEE,PERMANENT,2017-09-21,,M,Operations,Cork,CC-IE-018
HRIS-WKR-001375,WKR-PUB-001375,IE,LE-IE-SYNTH-001,ACTIVE,EMPLOYEE,PERMANENT,2019-11-14,,F,Operations,Galway,CC-IE-006
HRIS-WKR-001376,WKR-PUB-001376,IE,LE-IE-SYNTH-001,ACTIVE,EMPLOYEE,PERMANENT,2022-04-19,,M,Sales,Dublin,CC-IE-036
HRIS-WKR-001377,WKR-PUB-001377,IE,LE-IE-SYNTH-001,ACTIVE,EMPLOYEE,PERMANENT,2020-12-26,,M,Engineering,Dublin,CC-IE-027
HRIS-WKR-001378,WKR-PUB-001378,IE,LE-IE-SYNTH-001,ACTIVE,EMPLOYEE,FIXED_TERM,2023-05-16,,M,Operations,Cork,CC-IE-004
HRIS-WKR-001379,WKR-PUB-001379,IE,LE-IE-SYNTH-001,ACTIVE,EMPLOYEE,PERMANENT,2017-05-24,,F,Finance,Dublin,CC-IE-022
HRIS-WKR-001380,WKR-PUB-001380,IE,LE-IE-SYNTH-001,ACTIVE,CONTRACTOR,PERMANENT,2019-01-30,,F,Engineering,Dublin,CC-IE-034
HRIS-WKR-001381,WKR-PUB-001381,IE,LE-IE-SYNTH-001,ACTIVE,EMPLOYEE,PERMANENT,2017-02-28,,,Finance,Cork,CC-IE-021
HRIS-WKR-001382,WKR-PUB-001382,IE,LE-IE-SYNTH-001,ACTIVE,EMPLOYEE,PERMANENT,2019-03-21,,F,Engineering,Remote-IE,CC-IE-019
HRIS-WKR-001383,WKR-PUB-001383,IE,LE-IE-SYNTH-001,ACTIVE,EMPLOYEE,PERMANENT,2018-12-19,,M,Sales,Dublin,CC-IE-040
HRIS-WKR-001384,WKR-PUB-001384,IE,LE-IE-SYNTH-001,ACTIVE,EMPLOYEE,PERMANENT,2023-03-19,,F,Engineering,Dublin,CC-IE-020
HRIS-WKR-001385,WKR-PUB-001385,IE,LE-IE-SYNTH-001,ACTIVE,EMPLOYEE,APPRENTICE,2023-07-27,,M,Operations,Dublin,CC-IE-010
HRIS-WKR-001386,WKR-PUB-001386,IE,LE-IE-SYNTH-001,ACTIVE,EMPLOYEE,PERMANENT,2022-02-21,,F,Finance,Dublin,CC-IE-031
HRIS-WKR-001387,WKR-PUB-001387,IE,LE-IE-SYNTH-001,ACTIVE,EMPLOYEE,FIXED_TERM,2022-04-18,,F,Engineering,Dublin,CC-IE-002
HRIS-WKR-001388,WKR-PUB-001388,IE,LE-IE-SYNTH-001,ACTIVE,CONTRACTOR,PERMANENT,2023-06-19,,F,Engineering,Dublin,CC-IE-036
HRIS-WKR-001389,WKR-PUB-001389,IE,LE-IE-SYNTH-001,ACTIVE,EMPLOYEE,PERMANENT,2018-10-15,,F,Technology,Dublin,CC-IE-038
HRIS-WKR-001390,WKR-PUB-001390,IE,LE-IE-SYNTH-001,TERMINATED,EMPLOYEE,PERMANENT,2021-11-14,2026-06-08,F,People,Cork,CC-IE-004
HRIS-WKR-001391,WKR-PUB-001391,IE,LE-IE-SYNTH-001,ACTIVE,EMPLOYEE,PERMANENT,2015-04-22,,F,Engineering,Dublin,CC-IE-039
HRIS-WKR-001392,WKR-PUB-001392,IE,LE-IE-SYNTH-001,ACTIVE,EMPLOYEE,PERMANENT,2019-11-09,,F,Finance,Dublin,CC-IE-004
HRIS-WKR-001393,WKR-PUB-001393,IE,LE-IE-SYNTH-001,ACTIVE,EMPLOYEE,PERMANENT,2020-07-20,,F,Sales,Remote-IE,CC-IE-002
HRIS-WKR-001394,WKR-PUB-001394,IE,LE-IE-SYNTH-001,ACTIVE,EMPLOYEE,PERMANENT,2019-06-25,,F,People,Dublin,CC-IE-008
HRIS-WKR-001395,WKR-PUB-001395,IE,LE-IE-SYNTH-001,ACTIVE,EMPLOYEE,FIXED_TERM,2014-02-24,,F,Technology,Dublin,CC-IE-017
HRIS-WKR-001396,WKR-PUB-001396,IE,LE-IE-SYNTH-001,ACTIVE,EMPLOYEE,FIXED_TERM,2014-01-21,,M,Finance,Dublin,CC-IE-039
HRIS-WKR-001397,WKR-PUB-001397,IE,LE-IE-SYNTH-001,ACTIVE,EMPLOYEE,PERMANENT,2018-06-15,,M,Sales,Dublin,CC-IE-029
HRIS-WKR-001398,WKR-PUB-001398,IE,LE-IE-SYNTH-001,ACTIVE,EMPLOYEE,PERMANENT,2021-05-09,,M,Finance,Dublin,CC-IE-006
HRIS-WKR-001399,WKR-PUB-001399,IE,LE-IE-SYNTH-001,ACTIVE,EMPLOYEE,PERMANENT,2024-11-30,,M,Sales,Dublin,CC-IE-011
HRIS-WKR-001400,WKR-PUB-001400,IE,LE-IE-SYNTH-001,ACTIVE,EMPLOYEE,PERMANENT,2016-08-20,,M,Sales,Remote-IE,CC-IE-027
HRIS-WKR-001401,WKR-PUB-001401,IE,LE-IE-SYNTH-001,ACTIVE,EMPLOYEE,FIXED_TERM,2025-02-02,,M,Operations,Dublin,CC-IE-020
HRIS-WKR-001402,WKR-PUB-001402,IE,LE-IE-SYNTH-001,ACTIVE,EMPLOYEE,PERMANENT,2019-09-22,,M,Sales,Galway,CC-IE-028
HRIS-WKR-001403,WKR-PUB-001403,IE,LE-IE-SYNTH-001,ACTIVE,EMPLOYEE,FIXED_TERM,2026-01-14,,M,Engineering,Cork,CC-IE-038
HRIS-WKR-001404,WKR-PUB-001404,IE,LE-IE-SYNTH-001,ACTIVE,EMPLOYEE,PERMANENT,2019-11-11,,M,Sales,Dublin,CC-IE-040
HRIS-WKR-001405,WKR-PUB-001405,IE,LE-IE-SYNTH-001,ACTIVE,EMPLOYEE,PERMANENT,2018-12-25,,M,Operations,Limerick,CC-IE-038
HRIS-WKR-001406,WKR-PUB-001406,IE,LE-IE-SYNTH-001,ACTIVE,EMPLOYEE,FIXED_TERM,2017-10-15,,,Sales,Remote-IE,CC-IE-011
HRIS-WKR-001407,WKR-PUB-001407,IE,LE-IE-SYNTH-001,ACTIVE,EMPLOYEE,PERMANENT,2015-01-10,,M,Operations,Dublin,CC-IE-033
HRIS-WKR-001408,WKR-PUB-001408,IE,LE-IE-SYNTH-001,ACTIVE,EMPLOYEE,PERMANENT,2024-03-11,,M,Operations,Remote-IE,CC-IE-019
HRIS-WKR-001409,WKR-PUB-001409,IE,LE-IE-SYNTH-001,ACTIVE,EMPLOYEE,PERMANENT,2024-04-24,,F,Technology,Dublin,CC-IE-006
HRIS-WKR-001410,WKR-PUB-001410,IE,LE-IE-SYNTH-001,ACTIVE,EMPLOYEE,PERMANENT,2019-09-07,,M,Finance,Dublin,CC-IE-018
HRIS-WKR-001411,WKR-PUB-001411,IE,LE-IE-SYNTH-001,ACTIVE,EMPLOYEE,PERMANENT,2015-09-20,,M,Engineering,Dublin,CC-IE-029
HRIS-WKR-001412,WKR-PUB-001412,IE,LE-IE-SYNTH-001,ACTIVE,EMPLOYEE,PERMANENT,2023-02-01,,F,Finance,Dublin,CC-IE-032
HRIS-WKR-001413,WKR-PUB-001413,IE,LE-IE-SYNTH-001,ACTIVE,EMPLOYEE,APPRENTICE,2014-04-19,,M,Sales,Dublin,CC-IE-005
HRIS-WKR-001414,WKR-PUB-001414,IE,LE-IE-SYNTH-001,ACTIVE,EMPLOYEE,PERMANENT,2025-04-15,,F,Engineering,Galway,CC-IE-005
HRIS-WKR-001415,WKR-PUB-001415,IE,LE-IE-SYNTH-001,ACTIVE,EMPLOYEE,PERMANENT,2025-03-03,,M,Technology,Dublin,CC-IE-023
HRIS-WKR-001416,WKR-PUB-001416,IE,LE-IE-SYNTH-001,ACTIVE,EMPLOYEE,FIXED_TERM,2016-04-07,,M,Engineering,Dublin,CC-IE-007
HRIS-WKR-001417,WKR-PUB-001417,IE,LE-IE-SYNTH-001,ACTIVE,EMPLOYEE,PERMANENT,2017-01-09,,M,Operations,Cork,CC-IE-007
HRIS-WKR-001418,WKR-PUB-001418,IE,LE-IE-SYNTH-001,ACTIVE,EMPLOYEE,PERMANENT,2016-09-20,,M,People,Dublin,CC-IE-014
HRIS-WKR-001419,WKR-PUB-001419,IE,LE-IE-SYNTH-001,ACTIVE,EMPLOYEE,PERMANENT,2021-11-17,,F,Finance,Dublin,CC-IE-026
HRIS-WKR-001420,WKR-PUB-001420,IE,LE-IE-SYNTH-001,ACTIVE,EMPLOYEE,PERMANENT,2016-04-23,,F,Finance,Dublin,CC-IE-017
HRIS-WKR-001421,WKR-PUB-001421,IE,LE-IE-SYNTH-001,ACTIVE,CONTRACTOR,PERMANENT,2023-10-08,,M,Engineering,Dublin,CC-IE-003
HRIS-WKR-001422,WKR-PUB-001422,IE,LE-IE-SYNTH-001,ACTIVE,CONTRACTOR,APPRENTICE,2023-10-18,,M,Operations,Dublin,CC-IE-009
HRIS-WKR-001423,WKR-PUB-001423,IE,LE-IE-SYNTH-001,ACTIVE,EMPLOYEE,PERMANENT,2014-09-18,,M,Engineering,Galway,CC-IE-039
HRIS-WKR-001424,WKR-PUB-001424,IE,LE-IE-SYNTH-001,ACTIVE,EMPLOYEE,PERMANENT,2017-01-03,,F,Sales,Dublin,CC-IE-021
HRIS-WKR-001425,WKR-PUB-001425,IE,LE-IE-SYNTH-001,ACTIVE,EMPLOYEE,PERMANENT,2022-03-20,,M,Operations,Dublin,CC-IE-036
HRIS-WKR-001426,WKR-PUB-001426,IE,LE-IE-SYNTH-001,ACTIVE,EMPLOYEE,PERMANENT,2017-10-15,,M,Finance,Remote-IE,CC-IE-036
HRIS-WKR-001427,WKR-PUB-001427,IE,LE-IE-SYNTH-001,ACTIVE,EMPLOYEE,PERMANENT,2019-08-12,,M,Operations,Dublin,CC-IE-035
HRIS-WKR-001428,WKR-PUB-001428,IE,LE-IE-SYNTH-001,ACTIVE,CONTRACTOR,PERMANENT,2014-12-16,,F,Engineering,Dublin,CC-IE-010
HRIS-WKR-001429,WKR-PUB-001429,IE,LE-IE-SYNTH-001,ACTIVE,EMPLOYEE,PERMANENT,2022-02-12,,F,Engineering,Dublin,CC-IE-007
HRIS-WKR-001430,WKR-PUB-001430,IE,LE-IE-SYNTH-001,ACTIVE,EMPLOYEE,PERMANENT,2021-06-07,,F,Engineering,Dublin,CC-IE-022
HRIS-WKR-001431,WKR-PUB-001431,IE,LE-IE-SYNTH-001,ACTIVE,EMPLOYEE,PERMANENT,2017-12-14,,NB,Finance,Limerick,CC-IE-009
HRIS-WKR-001432,WKR-PUB-001432,IE,LE-IE-SYNTH-001,ACTIVE,EMPLOYEE,FIXED_TERM,2023-01-23,,F,Sales,Galway,CC-IE-014
HRIS-WKR-001433,WKR-PUB-001433,IE,LE-IE-SYNTH-001,ACTIVE,EMPLOYEE,PERMANENT,2021-06-27,,F,Engineering,Dublin,CC-IE-003
HRIS-WKR-001434,WKR-PUB-001434,IE,LE-IE-SYNTH-001,ACTIVE,EMPLOYEE,FIXED_TERM,2018-02-08,,M,Finance,Galway,CC-IE-021
HRIS-WKR-001435,WKR-PUB-001435,IE,LE-IE-SYNTH-001,ACTIVE,EMPLOYEE,PERMANENT,2019-08-29,,M,People,Galway,CC-IE-037
HRIS-WKR-001436,WKR-PUB-001436,IE,LE-IE-SYNTH-001,ACTIVE,EMPLOYEE,FIXED_TERM,2017-12-17,,,Finance,Limerick,CC-IE-019
HRIS-WKR-001437,WKR-PUB-001437,IE,LE-IE-SYNTH-001,ACTIVE,CONTRACTOR,PERMANENT,2020-10-03,,M,Engineering,Cork,CC-IE-036
HRIS-WKR-001438,WKR-PUB-001438,IE,LE-IE-SYNTH-001,ACTIVE,EMPLOYEE,FIXED_TERM,2021-06-24,,F,Sales,Dublin,CC-IE-029
HRIS-WKR-001439,WKR-PUB-001439,IE,LE-IE-SYNTH-001,ACTIVE,EMPLOYEE,PERMANENT,2018-12-04,,M,Engineering,Dublin,CC-IE-025
HRIS-WKR-001440,WKR-PUB-001440,IE,LE-IE-SYNTH-001,ACTIVE,EMPLOYEE,PERMANENT,2021-01-18,,F,Engineering,Dublin,CC-IE-034
HRIS-WKR-001441,WKR-PUB-001441,IE,LE-IE-SYNTH-001,ACTIVE,EMPLOYEE,PERMANENT,2020-04-05,,M,Engineering,Dublin,CC-IE-005
HRIS-WKR-001442,WKR-PUB-001442,IE,LE-IE-SYNTH-001,ACTIVE,EMPLOYEE,PERMANENT,2020-02-21,,F,Sales,Dublin,CC-IE-036
HRIS-WKR-001443,WKR-PUB-001443,IE,LE-IE-SYNTH-001,ACTIVE,CONTRACTOR,PERMANENT,2025-09-18,,M,Engineering,Remote-IE,CC-IE-013
HRIS-WKR-001444,WKR-PUB-001444,IE,LE-IE-SYNTH-001,ACTIVE,EMPLOYEE,PERMANENT,2014-04-02,,F,Engineering,Dublin,CC-IE-003
HRIS-WKR-001445,WKR-PUB-001445,IE,LE-IE-SYNTH-001,ACTIVE,EMPLOYEE,PERMANENT,2019-12-07,,F,Technology,Dublin,CC-IE-014
HRIS-WKR-001446,WKR-PUB-001446,IE,LE-IE-SYNTH-001,ACTIVE,EMPLOYEE,PERMANENT,2016-08-13,,F,Operations,Dublin,CC-IE-040
HRIS-WKR-001447,WKR-PUB-001447,IE,LE-IE-SYNTH-001,ACTIVE,EMPLOYEE,APPRENTICE,2019-11-14,,F,Engineering,Cork,CC-IE-010
HRIS-WKR-001448,WKR-PUB-001448,IE,LE-IE-SYNTH-001,ACTIVE,EMPLOYEE,PERMANENT,2022-05-29,,F,Engineering,Dublin,CC-IE-025
HRIS-WKR-001449,WKR-PUB-001449,IE,LE-IE-SYNTH-001,ACTIVE,EMPLOYEE,PERMANENT,2023-10-14,,F,Sales,Galway,CC-IE-033
HRIS-WKR-001450,WKR-PUB-001450,IE,LE-IE-SYNTH-001,ACTIVE,EMPLOYEE,PERMANENT,2015-08-02,,F,Engineering,Galway,CC-IE-015
HRIS-WKR-001451,WKR-PUB-001451,IE,LE-IE-SYNTH-001,ACTIVE,EMPLOYEE,PERMANENT,2015-01-18,,F,People,Galway,CC-IE-034
HRIS-WKR-001452,WKR-PUB-001452,IE,LE-IE-SYNTH-001,ACTIVE,EMPLOYEE,PERMANENT,2017-07-09,,F,Operations,Remote-IE,CC-IE-013
HRIS-WKR-001453,WKR-PUB-001453,IE,LE-IE-SYNTH-001,ACTIVE,EMPLOYEE,PERMANENT,2021-04-06,,M,Operations,Dublin,CC-IE-009
HRIS-WKR-001454,WKR-PUB-001454,IE,LE-IE-SYNTH-001,ACTIVE,EMPLOYEE,APPRENTICE,2016-05-14,,F,Finance,Dublin,CC-IE-036
HRIS-WKR-001455,WKR-PUB-001455,IE,LE-IE-SYNTH-001,ACTIVE,EMPLOYEE,FIXED_TERM,2018-03-21,,F,Sales,Cork,CC-IE-013
HRIS-WKR-001456,WKR-PUB-001456,IE,LE-IE-SYNTH-001,ACTIVE,EMPLOYEE,FIXED_TERM,2025-10-06,,M,Engineering,Limerick,CC-IE-026
HRIS-WKR-001457,WKR-PUB-001457,IE,LE-IE-SYNTH-001,ACTIVE,EMPLOYEE,FIXED_TERM,2019-05-05,,M,Engineering,Dublin,CC-IE-030
HRIS-WKR-001458,WKR-PUB-001458,IE,LE-IE-SYNTH-001,ACTIVE,CONTRACTOR,PERMANENT,2017-02-05,,M,Operations,Dublin,CC-IE-012
HRIS-WKR-001459,WKR-PUB-001459,IE,LE-IE-SYNTH-001,ACTIVE,EMPLOYEE,FIXED_TERM,2014-10-13,,,Operations,Remote-IE,CC-IE-001
HRIS-WKR-001460,WKR-PUB-001460,IE,LE-IE-SYNTH-001,ACTIVE,EMPLOYEE,PERMANENT,2020-03-22,,M,Sales,Dublin,CC-IE-015
HRIS-WKR-001461,WKR-PUB-001461,IE,LE-IE-SYNTH-001,ACTIVE,CONTRACTOR,PERMANENT,2020-08-18,,M,Finance,Limerick,CC-IE-013
HRIS-WKR-001462,WKR-PUB-001462,IE,LE-IE-SYNTH-001,ACTIVE,EMPLOYEE,PERMANENT,2019-03-01,,F,People,Dublin,CC-IE-015
HRIS-WKR-001463,WKR-PUB-001463,IE,LE-IE-SYNTH-001,ACTIVE,EMPLOYEE,PERMANENT,2025-09-21,,NB,People,Dublin,CC-IE-030
HRIS-WKR-001464,WKR-PUB-001464,IE,LE-IE-SYNTH-001,ACTIVE,EMPLOYEE,PERMANENT,2025-09-24,,F,Sales,Dublin,CC-IE-004
HRIS-WKR-001465,WKR-PUB-001465,IE,LE-IE-SYNTH-001,ACTIVE,EMPLOYEE,PERMANENT,2019-06-24,,M,Sales,Cork,CC-IE-023
HRIS-WKR-001466,WKR-PUB-001466,IE,LE-IE-SYNTH-001,ACTIVE,EMPLOYEE,PERMANENT,2020-10-30,,M,Sales,Galway,CC-IE-012
HRIS-WKR-001467,WKR-PUB-001467,IE,LE-IE-SYNTH-001,ACTIVE,EMPLOYEE,PERMANENT,2020-08-10,,M,Sales,Dublin,CC-IE-002
HRIS-WKR-001468,WKR-PUB-001468,IE,LE-IE-SYNTH-001,ACTIVE,EMPLOYEE,FIXED_TERM,2023-07-31,,F,Engineering,Dublin,CC-IE-029
HRIS-WKR-001469,WKR-PUB-001469,IE,LE-IE-SYNTH-001,ACTIVE,EMPLOYEE,PERMANENT,2017-08-08,,M,Engineering,Limerick,CC-IE-027
HRIS-WKR-001470,WKR-PUB-001470,IE,LE-IE-SYNTH-001,ACTIVE,EMPLOYEE,PERMANENT,2018-02-04,,M,Sales,Dublin,CC-IE-029
HRIS-WKR-001471,WKR-PUB-001471,IE,LE-IE-SYNTH-001,ACTIVE,EMPLOYEE,PERMANENT,2018-12-27,,M,Technology,Remote-IE,CC-IE-026
HRIS-WKR-001472,WKR-PUB-001472,IE,LE-IE-SYNTH-001,ACTIVE,EMPLOYEE,PERMANENT,2021-09-08,,M,Engineering,Dublin,CC-IE-027
HRIS-WKR-001473,WKR-PUB-001473,IE,LE-IE-SYNTH-001,ACTIVE,EMPLOYEE,PERMANENT,2016-04-18,,F,Technology,Dublin,CC-IE-020
HRIS-WKR-001474,WKR-PUB-001474,IE,LE-IE-SYNTH-001,TERMINATED,EMPLOYEE,PERMANENT,2017-11-06,2026-05-11,F,Technology,Dublin,CC-IE-011
HRIS-WKR-001475,WKR-PUB-001475,IE,LE-IE-SYNTH-001,ACTIVE,EMPLOYEE,PERMANENT,2022-06-01,,M,Engineering,Dublin,CC-IE-009
HRIS-WKR-001476,WKR-PUB-001476,IE,LE-IE-SYNTH-001,ACTIVE,EMPLOYEE,PERMANENT,2022-07-01,,M,Engineering,Dublin,CC-IE-002
HRIS-WKR-001477,WKR-PUB-001477,IE,LE-IE-SYNTH-001,ACTIVE,EMPLOYEE,PERMANENT,2016-11-24,,M,Finance,Cork,CC-IE-013
HRIS-WKR-001478,WKR-PUB-001478,IE,LE-IE-SYNTH-001,ACTIVE,CONTRACTOR,PERMANENT,2022-03-29,,F,Engineering,Dublin,CC-IE-009
HRIS-WKR-001479,WKR-PUB-001479,IE,LE-IE-SYNTH-001,TERMINATED,EMPLOYEE,PERMANENT,2024-04-18,2026-04-28,M,Engineering,Cork,CC-IE-040
HRIS-WKR-001480,WKR-PUB-001480,IE,LE-IE-SYNTH-001,ACTIVE,EMPLOYEE,PERMANENT,2021-02-07,,F,Operations,Cork,CC-IE-003
HRIS-WKR-001481,WKR-PUB-001481,IE,LE-IE-SYNTH-001,ACTIVE,EMPLOYEE,PERMANENT,2023-06-05,,F,Technology,Remote-IE,CC-IE-002
HRIS-WKR-001482,WKR-PUB-001482,IE,LE-IE-SYNTH-001,ACTIVE,EMPLOYEE,PERMANENT,2021-04-24,,M,Engineering,Limerick,CC-IE-013
HRIS-WKR-001483,WKR-PUB-001483,IE,LE-IE-SYNTH-001,ACTIVE,EMPLOYEE,FIXED_TERM,2017-02-05,,M,Operations,Cork,CC-IE-020
HRIS-WKR-001484,WKR-PUB-001484,IE,LE-IE-SYNTH-001,ACTIVE,EMPLOYEE,FIXED_TERM,2014-12-03,,M,People,Dublin,CC-IE-037
HRIS-WKR-001485,WKR-PUB-001485,IE,LE-IE-SYNTH-001,ACTIVE,EMPLOYEE,PERMANENT,2022-11-22,,M,Operations,Dublin,CC-IE-016
HRIS-WKR-001486,WKR-PUB-001486,IE,LE-IE-SYNTH-001,ACTIVE,EMPLOYEE,PERMANENT,2017-02-11,,F,Operations,Dublin,CC-IE-035
HRIS-WKR-001487,WKR-PUB-001487,IE,LE-IE-SYNTH-001,ACTIVE,EMPLOYEE,FIXED_TERM,2014-06-26,,M,People,Galway,CC-IE-038
HRIS-WKR-001488,WKR-PUB-001488,IE,LE-IE-SYNTH-001,ACTIVE,EMPLOYEE,PERMANENT,2017-05-23,,M,Engineering,Dublin,CC-IE-021
HRIS-WKR-001489,WKR-PUB-001489,IE,LE-IE-SYNTH-001,ACTIVE,EMPLOYEE,PERMANENT,2022-02-22,,F,Operations,Dublin,CC-IE-030
HRIS-WKR-001490,WKR-PUB-001490,IE,LE-IE-SYNTH-001,ACTIVE,EMPLOYEE,PERMANENT,2016-11-13,,F,Finance,Cork,CC-IE-001
HRIS-WKR-001491,WKR-PUB-001491,IE,LE-IE-SYNTH-001,ACTIVE,EMPLOYEE,PERMANENT,2021-11-11,,M,People,Dublin,CC-IE-008
HRIS-WKR-001492,WKR-PUB-001492,IE,LE-IE-SYNTH-001,ACTIVE,CONTRACTOR,FIXED_TERM,2019-12-22,,F,Engineering,Dublin,CC-IE-014
HRIS-WKR-001493,WKR-PUB-001493,IE,LE-IE-SYNTH-001,ACTIVE,EMPLOYEE,PERMANENT,2017-09-11,,F,People,Dublin,CC-IE-031
HRIS-WKR-001494,WKR-PUB-001494,IE,LE-IE-SYNTH-001,ACTIVE,CONTRACTOR,FIXED_TERM,2014-02-17,,NB,Operations,Cork,CC-IE-005
HRIS-WKR-001495,WKR-PUB-001495,IE,LE-IE-SYNTH-001,ACTIVE,EMPLOYEE,FIXED_TERM,2016-06-10,,M,Finance,Dublin,CC-IE-008
HRIS-WKR-001496,WKR-PUB-001496,IE,LE-IE-SYNTH-001,ACTIVE,EMPLOYEE,PERMANENT,2025-02-07,,F,Finance,Remote-IE,CC-IE-022
HRIS-WKR-001497,WKR-PUB-001497,IE,LE-IE-SYNTH-001,ACTIVE,EMPLOYEE,FIXED_TERM,2024-04-24,,F,People,Dublin,CC-IE-020
HRIS-WKR-001498,WKR-PUB-001498,IE,LE-IE-SYNTH-001,ACTIVE,EMPLOYEE,PERMANENT,2015-03-18,,M,Sales,Dublin,CC-IE-010
HRIS-WKR-001499,WKR-PUB-001499,IE,LE-IE-SYNTH-001,ACTIVE,EMPLOYEE,FIXED_TERM,2020-11-19,,M,Engineering,Dublin,CC-IE-040
HRIS-WKR-001500,WKR-PUB-001500,IE,LE-IE-SYNTH-001,ACTIVE,EMPLOYEE,PERMANENT,2021-09-17,,F,Sales,Dublin,CC-IE-034
HRIS-WKR-001501,WKR-PUB-001501,IE,LE-IE-SYNTH-001,ACTIVE,EMPLOYEE,FIXED_TERM,2020-06-14,,M,Technology,Dublin,CC-IE-032
HRIS-WKR-001502,WKR-PUB-001502,IE,LE-IE-SYNTH-001,ACTIVE,EMPLOYEE,PERMANENT,2018-04-11,,F,People,Dublin,CC-IE-008
HRIS-WKR-001503,WKR-PUB-001503,IE,LE-IE-SYNTH-001,ACTIVE,EMPLOYEE,PERMANENT,2015-08-17,,F,Finance,Dublin,CC-IE-034
HRIS-WKR-001504,WKR-PUB-001504,IE,LE-IE-SYNTH-001,ACTIVE,EMPLOYEE,PERMANENT,2015-04-03,,M,Operations,Dublin,CC-IE-022
HRIS-WKR-001505,WKR-PUB-001505,IE,LE-IE-SYNTH-001,ACTIVE,EMPLOYEE,PERMANENT,2019-11-17,,M,People,Dublin,CC-IE-008
HRIS-WKR-001506,WKR-PUB-001506,IE,LE-IE-SYNTH-001,ACTIVE,EMPLOYEE,PERMANENT,2014-12-20,,M,Operations,Dublin,CC-IE-004
HRIS-WKR-001507,WKR-PUB-001507,IE,LE-IE-SYNTH-001,ACTIVE,EMPLOYEE,PERMANENT,2023-06-03,,F,Operations,Dublin,CC-IE-024
HRIS-WKR-001508,WKR-PUB-001508,IE,LE-IE-SYNTH-001,ACTIVE,EMPLOYEE,PERMANENT,2025-12-08,,F,Engineering,Remote-IE,CC-IE-004
HRIS-WKR-001509,WKR-PUB-001509,IE,LE-IE-SYNTH-001,ACTIVE,EMPLOYEE,FIXED_TERM,2017-01-06,,F,Operations,Remote-IE,CC-IE-014
HRIS-WKR-001510,WKR-PUB-001510,IE,LE-IE-SYNTH-001,ACTIVE,EMPLOYEE,PERMANENT,2025-12-21,,F,Engineering,Dublin,CC-IE-013
HRIS-WKR-001511,WKR-PUB-001511,IE,LE-IE-SYNTH-001,ACTIVE,CONTRACTOR,PERMANENT,2021-09-06,,M,Technology,Remote-IE,CC-IE-005
HRIS-WKR-001512,WKR-PUB-001512,IE,LE-IE-SYNTH-001,ACTIVE,EMPLOYEE,PERMANENT,2024-06-07,,F,Operations,Galway,CC-IE-029
HRIS-WKR-001513,WKR-PUB-001513,IE,LE-IE-SYNTH-001,ACTIVE,EMPLOYEE,PERMANENT,2018-03-26,,UNDISCLOSED,Sales,Remote-IE,CC-IE-020
HRIS-WKR-001514,WKR-PUB-001514,IE,LE-IE-SYNTH-001,ACTIVE,EMPLOYEE,PERMANENT,2017-08-29,,F,Finance,Limerick,CC-IE-006
HRIS-WKR-001515,WKR-PUB-001515,IE,LE-IE-SYNTH-001,ACTIVE,EMPLOYEE,APPRENTICE,2022-05-10,,F,Engineering,Remote-IE,CC-IE-038
HRIS-WKR-001516,WKR-PUB-001516,IE,LE-IE-SYNTH-001,ACTIVE,CONTRACTOR,PERMANENT,2022-06-26,,F,Engineering,Dublin,CC-IE-035
HRIS-WKR-001517,WKR-PUB-001517,IE,LE-IE-SYNTH-001,ACTIVE,EMPLOYEE,FIXED_TERM,2019-08-31,,,Engineering,Dublin,CC-IE-008
HRIS-WKR-001518,WKR-PUB-001518,IE,LE-IE-SYNTH-001,ACTIVE,CONTRACTOR,PERMANENT,2019-11-12,,M,Finance,Galway,CC-IE-022
HRIS-WKR-001519,WKR-PUB-001519,IE,LE-IE-SYNTH-001,ACTIVE,EMPLOYEE,PERMANENT,2017-03-01,,NB,Engineering,Galway,CC-IE-010
HRIS-WKR-001520,WKR-PUB-001520,IE,LE-IE-SYNTH-001,ACTIVE,CONTRACTOR,PERMANENT,2024-11-30,,M,Engineering,Dublin,CC-IE-010
HRIS-WKR-001521,WKR-PUB-001521,IE,LE-IE-SYNTH-001,ACTIVE,EMPLOYEE,APPRENTICE,2016-09-01,,M,Technology,Remote-IE,CC-IE-013
HRIS-WKR-001522,WKR-PUB-001522,IE,LE-IE-SYNTH-001,ACTIVE,EMPLOYEE,PERMANENT,2017-06-14,,M,Sales,Remote-IE,CC-IE-008
HRIS-WKR-001523,WKR-PUB-001523,IE,LE-IE-SYNTH-001,ACTIVE,EMPLOYEE,PERMANENT,2023-08-30,,M,People,Dublin,CC-IE-038
HRIS-WKR-001524,WKR-PUB-001524,IE,LE-IE-SYNTH-001,ACTIVE,EMPLOYEE,PERMANENT,2015-05-14,,F,Operations,Dublin,CC-IE-023
HRIS-WKR-001525,WKR-PUB-001525,IE,LE-IE-SYNTH-001,ACTIVE,EMPLOYEE,FIXED_TERM,2017-06-04,,M,Sales,Cork,CC-IE-006
HRIS-WKR-001526,WKR-PUB-001526,IE,LE-IE-SYNTH-001,TERMINATED,EMPLOYEE,PERMANENT,2024-11-05,2026-09-26,M,Operations,Dublin,CC-IE-007
HRIS-WKR-001527,WKR-PUB-001527,IE,LE-IE-SYNTH-001,ACTIVE,EMPLOYEE,PERMANENT,2021-10-05,,M,Technology,Cork,CC-IE-020
HRIS-WKR-001528,WKR-PUB-001528,IE,LE-IE-SYNTH-001,ACTIVE,EMPLOYEE,PERMANENT,2015-03-16,,F,Sales,Dublin,CC-IE-018
HRIS-WKR-001529,WKR-PUB-001529,IE,LE-IE-SYNTH-001,ACTIVE,EMPLOYEE,PERMANENT,2018-09-21,,M,Sales,Cork,CC-IE-015
HRIS-WKR-001530,WKR-PUB-001530,IE,LE-IE-SYNTH-001,ACTIVE,EMPLOYEE,PERMANENT,2024-04-25,,M,Sales,Dublin,CC-IE-012
HRIS-WKR-001531,WKR-PUB-001531,IE,LE-IE-SYNTH-001,ACTIVE,EMPLOYEE,PERMANENT,2022-05-13,,M,Engineering,Dublin,CC-IE-014
HRIS-WKR-001532,WKR-PUB-001532,IE,LE-IE-SYNTH-001,ACTIVE,EMPLOYEE,PERMANENT,2024-04-29,,M,Finance,Dublin,CC-IE-034
HRIS-WKR-001533,WKR-PUB-001533,IE,LE-IE-SYNTH-001,ACTIVE,EMPLOYEE,PERMANENT,2020-12-19,,M,Operations,Cork,CC-IE-009
HRIS-WKR-001534,WKR-PUB-001534,IE,LE-IE-SYNTH-001,ACTIVE,EMPLOYEE,PERMANENT,2020-12-30,,F,People,Dublin,CC-IE-024
HRIS-WKR-001535,WKR-PUB-001535,IE,LE-IE-SYNTH-001,ACTIVE,EMPLOYEE,FIXED_TERM,2018-01-09,,F,Engineering,Dublin,CC-IE-011
HRIS-WKR-001536,WKR-PUB-001536,IE,LE-IE-SYNTH-001,ACTIVE,EMPLOYEE,PERMANENT,2022-07-06,,M,Engineering,Limerick,CC-IE-018
HRIS-WKR-001537,WKR-PUB-001537,IE,LE-IE-SYNTH-001,ACTIVE,EMPLOYEE,PERMANENT,2014-05-16,,M,Operations,Dublin,CC-IE-025
HRIS-WKR-001538,WKR-PUB-001538,IE,LE-IE-SYNTH-001,ACTIVE,EMPLOYEE,FIXED_TERM,2024-12-21,,,Technology,Cork,CC-IE-022
HRIS-WKR-001539,WKR-PUB-001539,IE,LE-IE-SYNTH-001,ACTIVE,EMPLOYEE,PERMANENT,2025-08-09,,F,Engineering,Remote-IE,CC-IE-024
HRIS-WKR-001540,WKR-PUB-001540,IE,LE-IE-SYNTH-001,ACTIVE,EMPLOYEE,PERMANENT,2024-10-13,,,Engineering,Dublin,CC-IE-017
HRIS-WKR-001541,WKR-PUB-001541,IE,LE-IE-SYNTH-001,ACTIVE,CONTRACTOR,PERMANENT,2017-09-26,,M,Sales,Limerick,CC-IE-020
HRIS-WKR-001542,WKR-PUB-001542,IE,LE-IE-SYNTH-001,TERMINATED,EMPLOYEE,PERMANENT,2023-02-06,2026-05-26,F,Sales,Dublin,CC-IE-035
HRIS-WKR-001543,WKR-PUB-001543,IE,LE-IE-SYNTH-001,ACTIVE,EMPLOYEE,PERMANENT,2015-01-30,,M,Operations,Dublin,CC-IE-022
HRIS-WKR-001544,WKR-PUB-001544,IE,LE-IE-SYNTH-001,ACTIVE,EMPLOYEE,PERMANENT,2015-08-26,,M,Engineering,Limerick,CC-IE-006
HRIS-WKR-001545,WKR-PUB-001545,IE,LE-IE-SYNTH-001,ACTIVE,EMPLOYEE,PERMANENT,2018-12-07,,M,Operations,Dublin,CC-IE-020
HRIS-WKR-001546,WKR-PUB-001546,IE,LE-IE-SYNTH-001,ACTIVE,EMPLOYEE,PERMANENT,2018-06-05,,,People,Limerick,CC-IE-024
HRIS-WKR-001547,WKR-PUB-001547,IE,LE-IE-SYNTH-001,ACTIVE,EMPLOYEE,PERMANENT,2017-01-06,,M,Finance,Cork,CC-IE-022
HRIS-WKR-001548,WKR-PUB-001548,IE,LE-IE-SYNTH-001,ACTIVE,EMPLOYEE,PERMANENT,2023-11-26,,F,Sales,Dublin,CC-IE-007
HRIS-WKR-001549,WKR-PUB-001549,IE,LE-IE-SYNTH-001,ACTIVE,EMPLOYEE,FIXED_TERM,2025-05-30,,M,Engineering,Dublin,CC-IE-023
HRIS-WKR-001550,WKR-PUB-001550,IE,LE-IE-SYNTH-001,ACTIVE,EMPLOYEE,PERMANENT,2016-09-04,,M,Engineering,Dublin,CC-IE-034
HRIS-WKR-001551,WKR-PUB-001551,IE,LE-IE-SYNTH-001,ACTIVE,EMPLOYEE,PERMANENT,2022-03-12,,M,Operations,Dublin,CC-IE-009
HRIS-WKR-001552,WKR-PUB-001552,IE,LE-IE-SYNTH-001,ACTIVE,EMPLOYEE,FIXED_TERM,2019-04-21,,F,Engineering,Cork,CC-IE-007
HRIS-WKR-001553,WKR-PUB-001553,IE,LE-IE-SYNTH-001,ACTIVE,EMPLOYEE,PERMANENT,2020-04-17,,M,Sales,Cork,CC-IE-039
HRIS-WKR-001554,WKR-PUB-001554,IE,LE-IE-SYNTH-001,ACTIVE,EMPLOYEE,PERMANENT,2018-08-04,,M,Engineering,Galway,CC-IE-024
HRIS-WKR-001555,WKR-PUB-001555,IE,LE-IE-SYNTH-001,ACTIVE,CONTRACTOR,PERMANENT,2019-05-25,,F,Finance,Limerick,CC-IE-007
HRIS-WKR-001556,WKR-PUB-001556,IE,LE-IE-SYNTH-001,ACTIVE,EMPLOYEE,PERMANENT,2018-07-01,,,Operations,Cork,CC-IE-025
HRIS-WKR-001557,WKR-PUB-001557,IE,LE-IE-SYNTH-001,ACTIVE,EMPLOYEE,PERMANENT,2024-11-18,,M,Engineering,Dublin,CC-IE-037
HRIS-WKR-001558,WKR-PUB-001558,IE,LE-IE-SYNTH-001,ACTIVE,CONTRACTOR,PERMANENT,2020-07-09,,F,Engineering,Cork,CC-IE-031
HRIS-WKR-001559,WKR-PUB-001559,IE,LE-IE-SYNTH-001,ACTIVE,EMPLOYEE,PERMANENT,2019-04-28,,M,Finance,Dublin,CC-IE-018
HRIS-WKR-001560,WKR-PUB-001560,IE,LE-IE-SYNTH-001,ACTIVE,EMPLOYEE,PERMANENT,2014-08-24,,F,Technology,Dublin,CC-IE-024
HRIS-WKR-001561,WKR-PUB-001561,IE,LE-IE-SYNTH-001,ACTIVE,EMPLOYEE,PERMANENT,2024-10-17,,M,Engineering,Dublin,CC-IE-012
HRIS-WKR-001562,WKR-PUB-001562,IE,LE-IE-SYNTH-001,TERMINATED,EMPLOYEE,PERMANENT,2021-11-16,2026-12-24,,Operations,Dublin,CC-IE-008
HRIS-WKR-001563,WKR-PUB-001563,IE,LE-IE-SYNTH-001,TERMINATED,EMPLOYEE,PERMANENT,2020-02-29,2026-08-14,F,Engineering,Galway,CC-IE-031
HRIS-WKR-001564,WKR-PUB-001564,IE,LE-IE-SYNTH-001,ACTIVE,EMPLOYEE,FIXED_TERM,2019-03-26,,F,Sales,Limerick,CC-IE-005
HRIS-WKR-001565,WKR-PUB-001565,IE,LE-IE-SYNTH-001,ACTIVE,EMPLOYEE,PERMANENT,2023-05-19,,F,Sales,Remote-IE,CC-IE-002
HRIS-WKR-001566,WKR-PUB-001566,IE,LE-IE-SYNTH-001,ACTIVE,EMPLOYEE,FIXED_TERM,2024-12-02,,F,Engineering,Remote-IE,CC-IE-024
HRIS-WKR-001567,WKR-PUB-001567,IE,LE-IE-SYNTH-001,ACTIVE,EMPLOYEE,PERMANENT,2021-01-12,,M,Finance,Dublin,CC-IE-023
HRIS-WKR-001568,WKR-PUB-001568,IE,LE-IE-SYNTH-001,ACTIVE,EMPLOYEE,PERMANENT,2020-11-16,,NB,Operations,Dublin,CC-IE-024
HRIS-WKR-001569,WKR-PUB-001569,IE,LE-IE-SYNTH-001,ACTIVE,EMPLOYEE,PERMANENT,2022-06-14,,F,People,Dublin,CC-IE-026
HRIS-WKR-001570,WKR-PUB-001570,IE,LE-IE-SYNTH-001,ACTIVE,EMPLOYEE,PERMANENT,2025-08-13,,F,Technology,Remote-IE,CC-IE-005
HRIS-WKR-001571,WKR-PUB-001571,IE,LE-IE-SYNTH-001,ACTIVE,EMPLOYEE,PERMANENT,2023-08-13,,M,Finance,Dublin,CC-IE-024
HRIS-WKR-001572,WKR-PUB-001572,IE,LE-IE-SYNTH-001,ACTIVE,EMPLOYEE,FIXED_TERM,2017-08-31,,M,Sales,Cork,CC-IE-015
HRIS-WKR-001573,WKR-PUB-001573,IE,LE-IE-SYNTH-001,ACTIVE,EMPLOYEE,FIXED_TERM,2024-11-28,,M,Technology,Galway,CC-IE-025
HRIS-WKR-001574,WKR-PUB-001574,IE,LE-IE-SYNTH-001,ACTIVE,EMPLOYEE,PERMANENT,2020-11-07,,M,Finance,Dublin,CC-IE-020
HRIS-WKR-001575,WKR-PUB-001575,IE,LE-IE-SYNTH-001,ACTIVE,EMPLOYEE,PERMANENT,2020-10-13,,M,Technology,Cork,CC-IE-009
HRIS-WKR-001576,WKR-PUB-001576,IE,LE-IE-SYNTH-001,ACTIVE,EMPLOYEE,PERMANENT,2015-11-25,,M,Operations,Cork,CC-IE-037
HRIS-WKR-001577,WKR-PUB-001577,IE,LE-IE-SYNTH-001,ACTIVE,EMPLOYEE,PERMANENT,2017-01-08,,F,Finance,Dublin,CC-IE-013
HRIS-WKR-001578,WKR-PUB-001578,IE,LE-IE-SYNTH-001,ACTIVE,EMPLOYEE,PERMANENT,2019-04-23,,F,People,Dublin,CC-IE-009
HRIS-WKR-001579,WKR-PUB-001579,IE,LE-IE-SYNTH-001,ACTIVE,EMPLOYEE,FIXED_TERM,2023-06-07,,F,Technology,Limerick,CC-IE-034
HRIS-WKR-001580,WKR-PUB-001580,IE,LE-IE-SYNTH-001,ACTIVE,EMPLOYEE,PERMANENT,2019-09-10,,F,Operations,Dublin,CC-IE-029
HRIS-WKR-001581,WKR-PUB-001581,IE,LE-IE-SYNTH-001,ACTIVE,EMPLOYEE,PERMANENT,2025-04-12,,M,Operations,Limerick,CC-IE-002
HRIS-WKR-001582,WKR-PUB-001582,IE,LE-IE-SYNTH-001,ACTIVE,EMPLOYEE,PERMANENT,2017-02-23,,F,Operations,Dublin,CC-IE-023
HRIS-WKR-001583,WKR-PUB-001583,IE,LE-IE-SYNTH-001,TERMINATED,EMPLOYEE,PERMANENT,2025-04-25,2026-05-03,M,Sales,Remote-IE,CC-IE-037
HRIS-WKR-001584,WKR-PUB-001584,IE,LE-IE-SYNTH-001,ACTIVE,EMPLOYEE,FIXED_TERM,2019-11-21,,F,Engineering,Dublin,CC-IE-029
HRIS-WKR-001585,WKR-PUB-001585,IE,LE-IE-SYNTH-001,ACTIVE,EMPLOYEE,PERMANENT,2025-03-29,,F,Sales,Cork,CC-IE-010
HRIS-WKR-001586,WKR-PUB-001586,IE,LE-IE-SYNTH-001,ACTIVE,EMPLOYEE,PERMANENT,2017-03-15,,M,Engineering,Dublin,CC-IE-032
HRIS-WKR-001587,WKR-PUB-001587,IE,LE-IE-SYNTH-001,ACTIVE,EMPLOYEE,PERMANENT,2015-02-19,,M,Engineering,Dublin,CC-IE-012
HRIS-WKR-001588,WKR-PUB-001588,IE,LE-IE-SYNTH-001,ACTIVE,EMPLOYEE,FIXED_TERM,2017-01-09,,NB,Engineering,Remote-IE,CC-IE-013
HRIS-WKR-001589,WKR-PUB-001589,IE,LE-IE-SYNTH-001,ACTIVE,EMPLOYEE,PERMANENT,2020-11-07,,M,Technology,Dublin,CC-IE-030
HRIS-WKR-001590,WKR-PUB-001590,IE,LE-IE-SYNTH-001,ACTIVE,EMPLOYEE,PERMANENT,2015-11-15,,M,Operations,Dublin,CC-IE-004
HRIS-WKR-001591,WKR-PUB-001591,IE,LE-IE-SYNTH-001,ACTIVE,EMPLOYEE,PERMANENT,2018-08-22,,M,Engineering,Remote-IE,CC-IE-040
HRIS-WKR-001592,WKR-PUB-001592,IE,LE-IE-SYNTH-001,ACTIVE,EMPLOYEE,PERMANENT,2022-01-21,,M,Operations,Cork,CC-IE-040
HRIS-WKR-001593,WKR-PUB-001593,IE,LE-IE-SYNTH-001,TERMINATED,CONTRACTOR,PERMANENT,2017-11-07,2026-04-12,F,Technology,Dublin,CC-IE-020
HRIS-WKR-001594,WKR-PUB-001594,IE,LE-IE-SYNTH-001,ACTIVE,EMPLOYEE,FIXED_TERM,2015-07-08,,M,Engineering,Cork,CC-IE-029
HRIS-WKR-001595,WKR-PUB-001595,IE,LE-IE-SYNTH-001,ACTIVE,EMPLOYEE,PERMANENT,2022-03-07,,F,Sales,Dublin,CC-IE-023
HRIS-WKR-001596,WKR-PUB-001596,IE,LE-IE-SYNTH-001,ACTIVE,EMPLOYEE,PERMANENT,2023-05-16,,M,Sales,Dublin,CC-IE-035
HRIS-WKR-001597,WKR-PUB-001597,IE,LE-IE-SYNTH-001,ACTIVE,EMPLOYEE,PERMANENT,2015-07-31,,M,Engineering,Dublin,CC-IE-032
HRIS-WKR-001598,WKR-PUB-001598,IE,LE-IE-SYNTH-001,ACTIVE,EMPLOYEE,FIXED_TERM,2023-08-05,,M,Operations,Remote-IE,CC-IE-026
HRIS-WKR-001599,WKR-PUB-001599,IE,LE-IE-SYNTH-001,ACTIVE,CONTRACTOR,PERMANENT,2020-09-20,,M,Finance,Dublin,CC-IE-012
HRIS-WKR-001600,WKR-PUB-001600,IE,LE-IE-SYNTH-001,ACTIVE,EMPLOYEE,FIXED_TERM,2015-11-09,,F,People,Remote-IE,CC-IE-002
HRIS-WKR-001601,WKR-PUB-001601,IE,LE-IE-SYNTH-001,ACTIVE,EMPLOYEE,PERMANENT,2025-05-25,,UNDISCLOSED,Engineering,Galway,CC-IE-023
HRIS-WKR-001602,WKR-PUB-001602,IE,LE-IE-SYNTH-001,ACTIVE,EMPLOYEE,FIXED_TERM,2024-07-07,,M,Sales,Limerick,CC-IE-004
HRIS-WKR-001603,WKR-PUB-001603,IE,LE-IE-SYNTH-001,ACTIVE,EMPLOYEE,APPRENTICE,2023-02-20,,M,Sales,Galway,CC-IE-013
HRIS-WKR-001604,WKR-PUB-001604,IE,LE-IE-SYNTH-001,ACTIVE,EMPLOYEE,FIXED_TERM,2014-04-01,,M,Sales,Cork,CC-IE-009
HRIS-WKR-001605,WKR-PUB-001605,IE,LE-IE-SYNTH-001,ACTIVE,EMPLOYEE,PERMANENT,2017-12-27,,M,Technology,Dublin,CC-IE-019
HRIS-WKR-001606,WKR-PUB-001606,IE,LE-IE-SYNTH-001,ACTIVE,EMPLOYEE,PERMANENT,2020-12-04,,F,Technology,Galway,CC-IE-012
HRIS-WKR-001607,WKR-PUB-001607,IE,LE-IE-SYNTH-001,ACTIVE,EMPLOYEE,PERMANENT,2023-09-24,,NB,Operations,Dublin,CC-IE-004
HRIS-WKR-001608,WKR-PUB-001608,IE,LE-IE-SYNTH-001,ACTIVE,EMPLOYEE,FIXED_TERM,2023-01-15,,M,Operations,Dublin,CC-IE-032
HRIS-WKR-001609,WKR-PUB-001609,IE,LE-IE-SYNTH-001,ACTIVE,EMPLOYEE,PERMANENT,2023-03-30,,F,People,Dublin,CC-IE-038
HRIS-WKR-001610,WKR-PUB-001610,IE,LE-IE-SYNTH-001,ACTIVE,EMPLOYEE,PERMANENT,2018-05-16,,,Engineering,Dublin,CC-IE-023
HRIS-WKR-001611,WKR-PUB-001611,IE,LE-IE-SYNTH-001,ACTIVE,EMPLOYEE,PERMANENT,2022-06-11,,F,Engineering,Limerick,CC-IE-016
HRIS-WKR-001612,WKR-PUB-001612,IE,LE-IE-SYNTH-001,ACTIVE,EMPLOYEE,PERMANENT,2021-06-11,,M,Technology,Cork,CC-IE-026
HRIS-WKR-001613,WKR-PUB-001613,IE,LE-IE-SYNTH-001,ACTIVE,EMPLOYEE,PERMANENT,2014-12-26,,M,Engineering,Dublin,CC-IE-040
HRIS-WKR-001614,WKR-PUB-001614,IE,LE-IE-SYNTH-001,ACTIVE,EMPLOYEE,PERMANENT,2015-11-04,,F,Finance,Limerick,CC-IE-026
HRIS-WKR-001615,WKR-PUB-001615,IE,LE-IE-SYNTH-001,ACTIVE,EMPLOYEE,PERMANENT,2018-01-18,,M,Engineering,Dublin,CC-IE-040
HRIS-WKR-001616,WKR-PUB-001616,IE,LE-IE-SYNTH-001,ACTIVE,EMPLOYEE,PERMANENT,2021-12-21,,F,Finance,Dublin,CC-IE-030
HRIS-WKR-001617,WKR-PUB-001617,IE,LE-IE-SYNTH-001,ACTIVE,EMPLOYEE,PERMANENT,2015-04-30,,M,Engineering,Dublin,CC-IE-025
HRIS-WKR-001618,WKR-PUB-001618,IE,LE-IE-SYNTH-001,ACTIVE,EMPLOYEE,PERMANENT,2018-11-06,,M,Sales,Dublin,CC-IE-010
HRIS-WKR-001619,WKR-PUB-001619,IE,LE-IE-SYNTH-001,ACTIVE,CONTRACTOR,PERMANENT,2020-10-14,,M,Engineering,Dublin,CC-IE-027
HRIS-WKR-001620,WKR-PUB-001620,IE,LE-IE-SYNTH-001,ACTIVE,EMPLOYEE,PERMANENT,2017-10-30,,F,Engineering,Dublin,CC-IE-013
HRIS-WKR-001621,WKR-PUB-001621,IE,LE-IE-SYNTH-001,ACTIVE,EMPLOYEE,PERMANENT,2017-10-01,,F,Engineering,Dublin,CC-IE-009
HRIS-WKR-001622,WKR-PUB-001622,IE,LE-IE-SYNTH-001,ACTIVE,EMPLOYEE,APPRENTICE,2018-06-25,,F,Engineering,Dublin,CC-IE-027
HRIS-WKR-001623,WKR-PUB-001623,IE,LE-IE-SYNTH-001,ACTIVE,EMPLOYEE,PERMANENT,2022-02-01,,M,People,Dublin,CC-IE-014
HRIS-WKR-001624,WKR-PUB-001624,IE,LE-IE-SYNTH-001,ACTIVE,CONTRACTOR,PERMANENT,2024-12-05,,F,Technology,Dublin,CC-IE-029
HRIS-WKR-001625,WKR-PUB-001625,IE,LE-IE-SYNTH-001,ACTIVE,EMPLOYEE,PERMANENT,2018-06-23,,F,Sales,Dublin,CC-IE-025
HRIS-WKR-001626,WKR-PUB-001626,IE,LE-IE-SYNTH-001,ACTIVE,EMPLOYEE,PERMANENT,2016-09-05,,M,Engineering,Dublin,CC-IE-037
HRIS-WKR-001627,WKR-PUB-001627,IE,LE-IE-SYNTH-001,ACTIVE,EMPLOYEE,PERMANENT,2022-11-03,,M,Technology,Cork,CC-IE-039
HRIS-WKR-001628,WKR-PUB-001628,IE,LE-IE-SYNTH-001,ACTIVE,EMPLOYEE,PERMANENT,2020-01-04,,M,Engineering,Remote-IE,CC-IE-034
HRIS-WKR-001629,WKR-PUB-001629,IE,LE-IE-SYNTH-001,ACTIVE,EMPLOYEE,FIXED_TERM,2014-02-18,,F,Engineering,Cork,CC-IE-006
HRIS-WKR-001630,WKR-PUB-001630,IE,LE-IE-SYNTH-001,ACTIVE,CONTRACTOR,PERMANENT,2020-07-14,,F,Sales,Remote-IE,CC-IE-036
HRIS-WKR-001631,WKR-PUB-001631,IE,LE-IE-SYNTH-001,ACTIVE,EMPLOYEE,FIXED_TERM,2018-08-17,,M,Engineering,Dublin,CC-IE-002
HRIS-WKR-001632,WKR-PUB-001632,IE,LE-IE-SYNTH-001,ACTIVE,EMPLOYEE,PERMANENT,2016-03-11,,M,Finance,Cork,CC-IE-019
HRIS-WKR-001633,WKR-PUB-001633,IE,LE-IE-SYNTH-001,ACTIVE,EMPLOYEE,PERMANENT,2021-09-21,,M,Operations,Limerick,CC-IE-013
HRIS-WKR-001634,WKR-PUB-001634,IE,LE-IE-SYNTH-001,ACTIVE,EMPLOYEE,PERMANENT,2016-03-04,,M,Operations,Dublin,CC-IE-024
HRIS-WKR-001635,WKR-PUB-001635,IE,LE-IE-SYNTH-001,TERMINATED,EMPLOYEE,PERMANENT,2023-12-14,2026-08-18,F,Sales,Dublin,CC-IE-028
HRIS-WKR-001636,WKR-PUB-001636,IE,LE-IE-SYNTH-001,ACTIVE,EMPLOYEE,PERMANENT,2020-01-08,,M,Engineering,Cork,CC-IE-033
HRIS-WKR-001637,WKR-PUB-001637,IE,LE-IE-SYNTH-001,ACTIVE,EMPLOYEE,PERMANENT,2017-11-18,,UNDISCLOSED,Sales,Galway,CC-IE-018
HRIS-WKR-001638,WKR-PUB-001638,IE,LE-IE-SYNTH-001,ACTIVE,EMPLOYEE,PERMANENT,2020-07-19,,F,Operations,Dublin,CC-IE-001
HRIS-WKR-001639,WKR-PUB-001639,IE,LE-IE-SYNTH-001,ACTIVE,CONTRACTOR,PERMANENT,2018-06-16,,F,Engineering,Remote-IE,CC-IE-019
HRIS-WKR-001640,WKR-PUB-001640,IE,LE-IE-SYNTH-001,ACTIVE,EMPLOYEE,PERMANENT,2019-01-15,,M,People,Remote-IE,CC-IE-023
HRIS-WKR-001641,WKR-PUB-001641,IE,LE-IE-SYNTH-001,ACTIVE,EMPLOYEE,PERMANENT,2026-01-26,,F,Finance,Remote-IE,CC-IE-023
HRIS-WKR-001642,WKR-PUB-001642,IE,LE-IE-SYNTH-001,ACTIVE,EMPLOYEE,PERMANENT,2021-08-24,,F,Engineering,Dublin,CC-IE-009
HRIS-WKR-001643,WKR-PUB-001643,IE,LE-IE-SYNTH-001,ACTIVE,EMPLOYEE,PERMANENT,2023-08-11,,M,Operations,Cork,CC-IE-026
HRIS-WKR-001644,WKR-PUB-001644,IE,LE-IE-SYNTH-001,ACTIVE,CONTRACTOR,PERMANENT,2023-11-20,,M,Finance,Dublin,CC-IE-027
HRIS-WKR-001645,WKR-PUB-001645,IE,LE-IE-SYNTH-001,ACTIVE,EMPLOYEE,PERMANENT,2021-09-22,,M,Finance,Cork,CC-IE-011
HRIS-WKR-001646,WKR-PUB-001646,IE,LE-IE-SYNTH-001,ACTIVE,EMPLOYEE,PERMANENT,2015-07-01,,F,Operations,Galway,CC-IE-037
HRIS-WKR-001647,WKR-PUB-001647,IE,LE-IE-SYNTH-001,ACTIVE,EMPLOYEE,PERMANENT,2014-11-25,,F,Operations,Remote-IE,CC-IE-017
HRIS-WKR-001648,WKR-PUB-001648,IE,LE-IE-SYNTH-001,ACTIVE,EMPLOYEE,PERMANENT,2024-04-04,,M,Sales,Dublin,CC-IE-011
HRIS-WKR-001649,WKR-PUB-001649,IE,LE-IE-SYNTH-001,ACTIVE,EMPLOYEE,PERMANENT,2022-07-11,,M,Engineering,Dublin,CC-IE-019
HRIS-WKR-001650,WKR-PUB-001650,IE,LE-IE-SYNTH-001,ACTIVE,EMPLOYEE,PERMANENT,2019-04-12,,F,Technology,Cork,CC-IE-034
HRIS-WKR-001651,WKR-PUB-001651,IE,LE-IE-SYNTH-001,ACTIVE,EMPLOYEE,PERMANENT,2019-08-05,,F,Operations,Remote-IE,CC-IE-004
HRIS-WKR-001652,WKR-PUB-001652,IE,LE-IE-SYNTH-001,ACTIVE,EMPLOYEE,PERMANENT,2019-01-13,,NB,Finance,Dublin,CC-IE-030
HRIS-WKR-001653,WKR-PUB-001653,IE,LE-IE-SYNTH-001,ACTIVE,EMPLOYEE,PERMANENT,2018-03-29,,F,Sales,Cork,CC-IE-027
HRIS-WKR-001654,WKR-PUB-001654,IE,LE-IE-SYNTH-001,ACTIVE,EMPLOYEE,PERMANENT,2020-04-11,,M,Engineering,Dublin,CC-IE-030
HRIS-WKR-001655,WKR-PUB-001655,IE,LE-IE-SYNTH-001,ACTIVE,CONTRACTOR,FIXED_TERM,2015-06-22,,F,Sales,Dublin,CC-IE-030
HRIS-WKR-001656,WKR-PUB-001656,IE,LE-IE-SYNTH-001,ACTIVE,EMPLOYEE,FIXED_TERM,2021-12-10,,M,Engineering,Remote-IE,CC-IE-039
HRIS-WKR-001657,WKR-PUB-001657,IE,LE-IE-SYNTH-001,ACTIVE,EMPLOYEE,PERMANENT,2018-02-04,,M,Operations,Dublin,CC-IE-004
HRIS-WKR-001658,WKR-PUB-001658,IE,LE-IE-SYNTH-001,ACTIVE,EMPLOYEE,PERMANENT,2014-03-23,,F,Engineering,Cork,CC-IE-036
HRIS-WKR-001659,WKR-PUB-001659,IE,LE-IE-SYNTH-001,ACTIVE,EMPLOYEE,FIXED_TERM,2014-09-24,,F,Finance,Dublin,CC-IE-020
HRIS-WKR-001660,WKR-PUB-001660,IE,LE-IE-SYNTH-001,ACTIVE,EMPLOYEE,PERMANENT,2021-06-18,,F,Technology,Dublin,CC-IE-006
HRIS-WKR-001661,WKR-PUB-001661,IE,LE-IE-SYNTH-001,TERMINATED,EMPLOYEE,APPRENTICE,2017-08-22,2026-08-09,F,Finance,Dublin,CC-IE-011
HRIS-WKR-001662,WKR-PUB-001662,IE,LE-IE-SYNTH-001,ACTIVE,EMPLOYEE,PERMANENT,2019-11-24,,M,Engineering,Remote-IE,CC-IE-025
HRIS-WKR-001663,WKR-PUB-001663,IE,LE-IE-SYNTH-001,ACTIVE,EMPLOYEE,FIXED_TERM,2021-06-06,,M,Technology,Cork,CC-IE-002
HRIS-WKR-001664,WKR-PUB-001664,IE,LE-IE-SYNTH-001,ACTIVE,EMPLOYEE,PERMANENT,2023-11-15,,M,Engineering,Remote-IE,CC-IE-014
HRIS-WKR-001665,WKR-PUB-001665,IE,LE-IE-SYNTH-001,ACTIVE,EMPLOYEE,FIXED_TERM,2022-02-25,,F,Sales,Dublin,CC-IE-033
HRIS-WKR-001666,WKR-PUB-001666,IE,LE-IE-SYNTH-001,TERMINATED,EMPLOYEE,PERMANENT,2019-08-26,2026-02-06,F,Operations,Dublin,CC-IE-029
HRIS-WKR-001667,WKR-PUB-001667,IE,LE-IE-SYNTH-001,ACTIVE,EMPLOYEE,PERMANENT,2014-03-23,,M,Operations,Dublin,CC-IE-034
HRIS-WKR-001668,WKR-PUB-001668,IE,LE-IE-SYNTH-001,ACTIVE,EMPLOYEE,PERMANENT,2020-01-17,,F,Engineering,Cork,CC-IE-038
HRIS-WKR-001669,WKR-PUB-001669,IE,LE-IE-SYNTH-001,ACTIVE,EMPLOYEE,PERMANENT,2025-04-29,,F,Engineering,Dublin,CC-IE-038
HRIS-WKR-001670,WKR-PUB-001670,IE,LE-IE-SYNTH-001,ACTIVE,CONTRACTOR,PERMANENT,2025-06-18,,F,Engineering,Dublin,CC-IE-027
HRIS-WKR-001671,WKR-PUB-001671,IE,LE-IE-SYNTH-001,ACTIVE,EMPLOYEE,FIXED_TERM,2024-09-30,,M,Sales,Dublin,CC-IE-016
HRIS-WKR-001672,WKR-PUB-001672,IE,LE-IE-SYNTH-001,ACTIVE,EMPLOYEE,PERMANENT,2020-12-21,,F,Sales,Cork,CC-IE-014
HRIS-WKR-001673,WKR-PUB-001673,IE,LE-IE-SYNTH-001,ACTIVE,CONTRACTOR,PERMANENT,2018-03-13,,M,Operations,Dublin,CC-IE-022
HRIS-WKR-001674,WKR-PUB-001674,IE,LE-IE-SYNTH-001,ACTIVE,EMPLOYEE,PERMANENT,2023-06-04,,F,Engineering,Dublin,CC-IE-023
HRIS-WKR-001675,WKR-PUB-001675,IE,LE-IE-SYNTH-001,ACTIVE,EMPLOYEE,PERMANENT,2018-02-10,,M,People,Remote-IE,CC-IE-016
HRIS-WKR-001676,WKR-PUB-001676,IE,LE-IE-SYNTH-001,TERMINATED,EMPLOYEE,PERMANENT,2017-04-28,2026-04-16,F,Engineering,Cork,CC-IE-037
HRIS-WKR-001677,WKR-PUB-001677,IE,LE-IE-SYNTH-001,ACTIVE,EMPLOYEE,PERMANENT,2021-07-12,,F,Engineering,Dublin,CC-IE-025
HRIS-WKR-001678,WKR-PUB-001678,IE,LE-IE-SYNTH-001,ACTIVE,EMPLOYEE,PERMANENT,2014-05-04,,M,Finance,Limerick,CC-IE-016
HRIS-WKR-001679,WKR-PUB-001679,IE,LE-IE-SYNTH-001,ACTIVE,EMPLOYEE,FIXED_TERM,2023-09-03,,M,People,Galway,CC-IE-012
HRIS-WKR-001680,WKR-PUB-001680,IE,LE-IE-SYNTH-001,ACTIVE,EMPLOYEE,PERMANENT,2019-09-14,,M,Finance,Cork,CC-IE-034
HRIS-WKR-001681,WKR-PUB-001681,IE,LE-IE-SYNTH-001,ACTIVE,EMPLOYEE,FIXED_TERM,2025-01-29,,F,Technology,Dublin,CC-IE-022
HRIS-WKR-001682,WKR-PUB-001682,IE,LE-IE-SYNTH-001,ACTIVE,EMPLOYEE,PERMANENT,2024-03-19,,M,Sales,Dublin,CC-IE-026
HRIS-WKR-001683,WKR-PUB-001683,IE,LE-IE-SYNTH-001,ACTIVE,CONTRACTOR,PERMANENT,2017-11-25,,M,Sales,Dublin,CC-IE-014
HRIS-WKR-001684,WKR-PUB-001684,IE,LE-IE-SYNTH-001,ACTIVE,EMPLOYEE,PERMANENT,2020-12-16,,M,Finance,Dublin,CC-IE-026
HRIS-WKR-001685,WKR-PUB-001685,IE,LE-IE-SYNTH-001,ACTIVE,EMPLOYEE,PERMANENT,2025-05-05,,M,Technology,Dublin,CC-IE-037
HRIS-WKR-001686,WKR-PUB-001686,IE,LE-IE-SYNTH-001,ACTIVE,EMPLOYEE,PERMANENT,2024-11-24,,M,Engineering,Dublin,CC-IE-015
HRIS-WKR-001687,WKR-PUB-001687,IE,LE-IE-SYNTH-001,ACTIVE,EMPLOYEE,PERMANENT,2018-07-02,,F,People,Dublin,CC-IE-026
HRIS-WKR-001688,WKR-PUB-001688,IE,LE-IE-SYNTH-001,ACTIVE,EMPLOYEE,PERMANENT,2023-05-04,,,Engineering,Galway,CC-IE-023
HRIS-WKR-001689,WKR-PUB-001689,IE,LE-IE-SYNTH-001,ACTIVE,EMPLOYEE,PERMANENT,2015-12-15,,M,Finance,Galway,CC-IE-022
HRIS-WKR-001690,WKR-PUB-001690,IE,LE-IE-SYNTH-001,ACTIVE,EMPLOYEE,PERMANENT,2016-04-03,,F,Operations,Dublin,CC-IE-029
HRIS-WKR-001691,WKR-PUB-001691,IE,LE-IE-SYNTH-001,ACTIVE,EMPLOYEE,FIXED_TERM,2020-08-29,,F,Operations,Cork,CC-IE-023
HRIS-WKR-001692,WKR-PUB-001692,IE,LE-IE-SYNTH-001,ACTIVE,EMPLOYEE,PERMANENT,2018-09-15,,M,Finance,Dublin,CC-IE-035
HRIS-WKR-001693,WKR-PUB-001693,IE,LE-IE-SYNTH-001,ACTIVE,EMPLOYEE,PERMANENT,2017-12-24,,F,Operations,Cork,CC-IE-020
HRIS-WKR-001694,WKR-PUB-001694,IE,LE-IE-SYNTH-001,ACTIVE,EMPLOYEE,PERMANENT,2021-08-06,,M,Engineering,Dublin,CC-IE-033
HRIS-WKR-001695,WKR-PUB-001695,IE,LE-IE-SYNTH-001,ACTIVE,EMPLOYEE,PERMANENT,2014-12-02,,M,Engineering,Dublin,CC-IE-011
HRIS-WKR-001696,WKR-PUB-001696,IE,LE-IE-SYNTH-001,ACTIVE,EMPLOYEE,PERMANENT,2016-12-22,,F,People,Dublin,CC-IE-004
HRIS-WKR-001697,WKR-PUB-001697,IE,LE-IE-SYNTH-001,ACTIVE,EMPLOYEE,PERMANENT,2018-11-12,,M,Engineering,Limerick,CC-IE-022
HRIS-WKR-001698,WKR-PUB-001698,IE,LE-IE-SYNTH-001,ACTIVE,EMPLOYEE,PERMANENT,2016-09-18,,F,Sales,Dublin,CC-IE-033
HRIS-WKR-001699,WKR-PUB-001699,IE,LE-IE-SYNTH-001,ACTIVE,EMPLOYEE,PERMANENT,2024-08-24,,F,Sales,Cork,CC-IE-009
HRIS-WKR-001700,WKR-PUB-001700,IE,LE-IE-SYNTH-001,ACTIVE,CONTRACTOR,PERMANENT,2015-01-19,,M,Engineering,Remote-IE,CC-IE-002
HRIS-WKR-001701,WKR-PUB-001701,IE,LE-IE-SYNTH-001,ACTIVE,EMPLOYEE,PERMANENT,2020-06-19,,M,Engineering,Dublin,CC-IE-038
HRIS-WKR-001702,WKR-PUB-001702,IE,LE-IE-SYNTH-001,ACTIVE,EMPLOYEE,PERMANENT,2014-09-19,,M,Operations,Dublin,CC-IE-029
HRIS-WKR-001703,WKR-PUB-001703,IE,LE-IE-SYNTH-001,ACTIVE,EMPLOYEE,PERMANENT,2015-03-14,,M,Engineering,Dublin,CC-IE-034
HRIS-WKR-001704,WKR-PUB-001704,IE,LE-IE-SYNTH-001,ACTIVE,EMPLOYEE,PERMANENT,2023-04-29,,F,Engineering,Limerick,CC-IE-034
HRIS-WKR-001705,WKR-PUB-001705,IE,LE-IE-SYNTH-001,ACTIVE,EMPLOYEE,PERMANENT,2017-04-03,,NB,Finance,Remote-IE,CC-IE-026
HRIS-WKR-001706,WKR-PUB-001706,IE,LE-IE-SYNTH-001,ACTIVE,EMPLOYEE,FIXED_TERM,2017-05-11,,F,Sales,Dublin,CC-IE-027
HRIS-WKR-001707,WKR-PUB-001707,IE,LE-IE-SYNTH-001,TERMINATED,EMPLOYEE,PERMANENT,2018-10-12,2026-09-23,M,Operations,Dublin,CC-IE-040
HRIS-WKR-001708,WKR-PUB-001708,IE,LE-IE-SYNTH-001,ACTIVE,EMPLOYEE,FIXED_TERM,2014-05-07,,F,Sales,Limerick,CC-IE-033
HRIS-WKR-001709,WKR-PUB-001709,IE,LE-IE-SYNTH-001,ACTIVE,EMPLOYEE,FIXED_TERM,2015-01-05,,M,Sales,Dublin,CC-IE-014
HRIS-WKR-001710,WKR-PUB-001710,IE,LE-IE-SYNTH-001,ACTIVE,CONTRACTOR,PERMANENT,2020-05-13,,M,Operations,Limerick,CC-IE-001
HRIS-WKR-001711,WKR-PUB-001711,IE,LE-IE-SYNTH-001,ACTIVE,EMPLOYEE,PERMANENT,2020-05-12,,F,Engineering,Dublin,CC-IE-010
HRIS-WKR-001712,WKR-PUB-001712,IE,LE-IE-SYNTH-001,ACTIVE,EMPLOYEE,PERMANENT,2020-02-01,,F,Operations,Cork,CC-IE-006
HRIS-WKR-001713,WKR-PUB-001713,IE,LE-IE-SYNTH-001,ACTIVE,EMPLOYEE,PERMANENT,2025-08-07,,F,Technology,Dublin,CC-IE-032
HRIS-WKR-001714,WKR-PUB-001714,IE,LE-IE-SYNTH-001,ACTIVE,EMPLOYEE,PERMANENT,2015-04-16,,M,Operations,Dublin,CC-IE-016
HRIS-WKR-001715,WKR-PUB-001715,IE,LE-IE-SYNTH-001,ACTIVE,EMPLOYEE,PERMANENT,2019-04-11,,M,Operations,Cork,CC-IE-021
HRIS-WKR-001716,WKR-PUB-001716,IE,LE-IE-SYNTH-001,ACTIVE,EMPLOYEE,FIXED_TERM,2020-10-13,,F,Sales,Galway,CC-IE-013
HRIS-WKR-001717,WKR-PUB-001717,IE,LE-IE-SYNTH-001,ACTIVE,EMPLOYEE,PERMANENT,2024-01-17,,M,Engineering,Galway,CC-IE-019
HRIS-WKR-001718,WKR-PUB-001718,IE,LE-IE-SYNTH-001,ACTIVE,EMPLOYEE,PERMANENT,2023-12-10,,M,Operations,Cork,CC-IE-015
HRIS-WKR-001719,WKR-PUB-001719,IE,LE-IE-SYNTH-001,ACTIVE,EMPLOYEE,PERMANENT,2022-10-16,,,People,Dublin,CC-IE-040
HRIS-WKR-001720,WKR-PUB-001720,IE,LE-IE-SYNTH-001,TERMINATED,EMPLOYEE,PERMANENT,2023-04-20,2026-05-17,F,Operations,Dublin,CC-IE-001
HRIS-WKR-001721,WKR-PUB-001721,IE,LE-IE-SYNTH-001,ACTIVE,EMPLOYEE,FIXED_TERM,2025-07-22,,F,Sales,Galway,CC-IE-010
HRIS-WKR-001722,WKR-PUB-001722,IE,LE-IE-SYNTH-001,ACTIVE,EMPLOYEE,FIXED_TERM,2025-12-18,,M,Engineering,Dublin,CC-IE-031
HRIS-WKR-001723,WKR-PUB-001723,IE,LE-IE-SYNTH-001,ACTIVE,EMPLOYEE,PERMANENT,2023-09-14,,M,Engineering,Dublin,CC-IE-034
HRIS-WKR-001724,WKR-PUB-001724,IE,LE-IE-SYNTH-001,TERMINATED,EMPLOYEE,PERMANENT,2021-10-05,2026-06-01,F,People,Dublin,CC-IE-026
HRIS-WKR-001725,WKR-PUB-001725,IE,LE-IE-SYNTH-001,ACTIVE,EMPLOYEE,FIXED_TERM,2020-10-01,,F,Engineering,Remote-IE,CC-IE-004
HRIS-WKR-001726,WKR-PUB-001726,IE,LE-IE-SYNTH-001,ACTIVE,EMPLOYEE,PERMANENT,2024-12-14,,M,Engineering,Remote-IE,CC-IE-024
HRIS-WKR-001727,WKR-PUB-001727,IE,LE-IE-SYNTH-001,ACTIVE,EMPLOYEE,PERMANENT,2018-10-16,,M,Sales,Dublin,CC-IE-010
HRIS-WKR-001728,WKR-PUB-001728,IE,LE-IE-SYNTH-001,ACTIVE,EMPLOYEE,PERMANENT,2025-01-31,,M,Technology,Dublin,CC-IE-022
HRIS-WKR-001729,WKR-PUB-001729,IE,LE-IE-SYNTH-001,ACTIVE,EMPLOYEE,FIXED_TERM,2022-10-20,,F,Technology,Cork,CC-IE-020
HRIS-WKR-001730,WKR-PUB-001730,IE,LE-IE-SYNTH-001,ACTIVE,EMPLOYEE,PERMANENT,2022-01-01,,M,Sales,Cork,CC-IE-036
HRIS-WKR-001731,WKR-PUB-001731,IE,LE-IE-SYNTH-001,ACTIVE,EMPLOYEE,PERMANENT,2025-05-08,,UNDISCLOSED,Engineering,Dublin,CC-IE-009
HRIS-WKR-001732,WKR-PUB-001732,IE,LE-IE-SYNTH-001,ACTIVE,EMPLOYEE,PERMANENT,2017-05-22,,F,Sales,Galway,CC-IE-027
HRIS-WKR-001733,WKR-PUB-001733,IE,LE-IE-SYNTH-001,ACTIVE,EMPLOYEE,PERMANENT,2014-03-01,,UNDISCLOSED,Engineering,Cork,CC-IE-031
HRIS-WKR-001734,WKR-PUB-001734,IE,LE-IE-SYNTH-001,ACTIVE,EMPLOYEE,PERMANENT,2015-04-08,,M,Finance,Dublin,CC-IE-033
HRIS-WKR-001735,WKR-PUB-001735,IE,LE-IE-SYNTH-001,ACTIVE,EMPLOYEE,FIXED_TERM,2025-08-16,,M,Operations,Dublin,CC-IE-007
HRIS-WKR-001736,WKR-PUB-001736,IE,LE-IE-SYNTH-001,ACTIVE,EMPLOYEE,PERMANENT,2017-07-30,,M,Finance,Dublin,CC-IE-033
HRIS-WKR-001737,WKR-PUB-001737,IE,LE-IE-SYNTH-001,ACTIVE,EMPLOYEE,PERMANENT,2014-08-15,,F,Engineering,Dublin,CC-IE-011
HRIS-WKR-001738,WKR-PUB-001738,IE,LE-IE-SYNTH-001,ACTIVE,EMPLOYEE,PERMANENT,2019-01-21,,F,Operations,Dublin,CC-IE-014
HRIS-WKR-001739,WKR-PUB-001739,IE,LE-IE-SYNTH-001,ACTIVE,EMPLOYEE,FIXED_TERM,2024-09-24,,F,Sales,Dublin,CC-IE-003
HRIS-WKR-001740,WKR-PUB-001740,IE,LE-IE-SYNTH-001,ACTIVE,EMPLOYEE,PERMANENT,2019-10-08,,M,Sales,Galway,CC-IE-004
HRIS-WKR-001741,WKR-PUB-001741,IE,LE-IE-SYNTH-001,ACTIVE,EMPLOYEE,PERMANENT,2018-01-24,,F,Operations,Dublin,CC-IE-038
HRIS-WKR-001742,WKR-PUB-001742,IE,LE-IE-SYNTH-001,ACTIVE,EMPLOYEE,PERMANENT,2022-04-05,,F,Engineering,Dublin,CC-IE-006
HRIS-WKR-001743,WKR-PUB-001743,IE,LE-IE-SYNTH-001,ACTIVE,EMPLOYEE,PERMANENT,2020-10-03,,M,Engineering,Dublin,CC-IE-004
HRIS-WKR-001744,WKR-PUB-001744,IE,LE-IE-SYNTH-001,ACTIVE,EMPLOYEE,PERMANENT,2017-05-09,,M,Operations,Dublin,CC-IE-017
HRIS-WKR-001745,WKR-PUB-001745,IE,LE-IE-SYNTH-001,ACTIVE,EMPLOYEE,PERMANENT,2018-11-26,,M,Sales,Dublin,CC-IE-015
HRIS-WKR-001746,WKR-PUB-001746,IE,LE-IE-SYNTH-001,ACTIVE,EMPLOYEE,PERMANENT,2017-03-14,,F,Engineering,Dublin,CC-IE-025
HRIS-WKR-001747,WKR-PUB-001747,IE,LE-IE-SYNTH-001,ACTIVE,EMPLOYEE,PERMANENT,2024-04-13,,F,People,Dublin,CC-IE-021
HRIS-WKR-001748,WKR-PUB-001748,IE,LE-IE-SYNTH-001,ACTIVE,EMPLOYEE,FIXED_TERM,2024-05-14,,F,Engineering,Cork,CC-IE-025
HRIS-WKR-001749,WKR-PUB-001749,IE,LE-IE-SYNTH-001,ACTIVE,EMPLOYEE,PERMANENT,2025-02-08,,F,Finance,Galway,CC-IE-004
HRIS-WKR-001750,WKR-PUB-001750,IE,LE-IE-SYNTH-001,ACTIVE,EMPLOYEE,PERMANENT,2021-02-15,,M,People,Remote-IE,CC-IE-006
HRIS-WKR-001751,WKR-PUB-001751,IE,LE-IE-SYNTH-001,ACTIVE,EMPLOYEE,PERMANENT,2015-07-12,,M,Sales,Cork,CC-IE-020
HRIS-WKR-001752,WKR-PUB-001752,IE,LE-IE-SYNTH-001,ACTIVE,EMPLOYEE,PERMANENT,2023-10-31,,M,Engineering,Cork,CC-IE-011
HRIS-WKR-001753,WKR-PUB-001753,IE,LE-IE-SYNTH-001,ACTIVE,EMPLOYEE,PERMANENT,2018-02-14,,,Operations,Cork,CC-IE-005
HRIS-WKR-001754,WKR-PUB-001754,IE,LE-IE-SYNTH-001,ACTIVE,EMPLOYEE,PERMANENT,2016-04-12,,M,Engineering,Cork,CC-IE-021
HRIS-WKR-001755,WKR-PUB-001755,IE,LE-IE-SYNTH-001,ACTIVE,EMPLOYEE,PERMANENT,2022-03-25,,F,Engineering,Dublin,CC-IE-032
HRIS-WKR-001756,WKR-PUB-001756,IE,LE-IE-SYNTH-001,ACTIVE,CONTRACTOR,PERMANENT,2018-11-02,,F,Technology,Remote-IE,CC-IE-026
HRIS-WKR-001757,WKR-PUB-001757,IE,LE-IE-SYNTH-001,ACTIVE,EMPLOYEE,PERMANENT,2014-05-14,,M,Engineering,Dublin,CC-IE-020
HRIS-WKR-001758,WKR-PUB-001758,IE,LE-IE-SYNTH-001,ACTIVE,EMPLOYEE,PERMANENT,2016-03-23,,M,People,Dublin,CC-IE-030
HRIS-WKR-001759,WKR-PUB-001759,IE,LE-IE-SYNTH-001,ACTIVE,EMPLOYEE,FIXED_TERM,2026-01-01,,M,Finance,Galway,CC-IE-023
HRIS-WKR-001760,WKR-PUB-001760,IE,LE-IE-SYNTH-001,ACTIVE,EMPLOYEE,PERMANENT,2021-01-16,,M,People,Dublin,CC-IE-026
HRIS-WKR-001761,WKR-PUB-001761,IE,LE-IE-SYNTH-001,ACTIVE,EMPLOYEE,PERMANENT,2016-07-08,,F,Engineering,Limerick,CC-IE-033
HRIS-WKR-001762,WKR-PUB-001762,IE,LE-IE-SYNTH-001,ACTIVE,EMPLOYEE,PERMANENT,2021-01-11,,M,Operations,Dublin,CC-IE-013
HRIS-WKR-001763,WKR-PUB-001763,IE,LE-IE-SYNTH-001,TERMINATED,EMPLOYEE,PERMANENT,2020-03-17,2026-10-10,M,Operations,Dublin,CC-IE-039
HRIS-WKR-001764,WKR-PUB-001764,IE,LE-IE-SYNTH-001,ACTIVE,EMPLOYEE,PERMANENT,2025-06-27,,M,Sales,Dublin,CC-IE-009
HRIS-WKR-001765,WKR-PUB-001765,IE,LE-IE-SYNTH-001,ACTIVE,EMPLOYEE,PERMANENT,2016-04-15,,F,Finance,Dublin,CC-IE-034
HRIS-WKR-001766,WKR-PUB-001766,IE,LE-IE-SYNTH-001,ACTIVE,EMPLOYEE,FIXED_TERM,2016-04-22,,M,Engineering,Dublin,CC-IE-014
HRIS-WKR-001767,WKR-PUB-001767,IE,LE-IE-SYNTH-001,ACTIVE,EMPLOYEE,PERMANENT,2026-02-06,,F,Engineering,Dublin,CC-IE-038
HRIS-WKR-001768,WKR-PUB-001768,IE,LE-IE-SYNTH-001,TERMINATED,EMPLOYEE,PERMANENT,2016-12-18,2026-12-27,F,Engineering,Dublin,CC-IE-040
HRIS-WKR-001769,WKR-PUB-001769,IE,LE-IE-SYNTH-001,ACTIVE,EMPLOYEE,FIXED_TERM,2025-12-29,,F,Operations,Galway,CC-IE-024
HRIS-WKR-001770,WKR-PUB-001770,IE,LE-IE-SYNTH-001,ACTIVE,EMPLOYEE,FIXED_TERM,2024-09-03,,F,Technology,Cork,CC-IE-016
HRIS-WKR-001771,WKR-PUB-001771,IE,LE-IE-SYNTH-001,ACTIVE,EMPLOYEE,PERMANENT,2020-08-13,,F,Operations,Dublin,CC-IE-002
HRIS-WKR-001772,WKR-PUB-001772,IE,LE-IE-SYNTH-001,ACTIVE,EMPLOYEE,PERMANENT,2016-02-11,,M,Engineering,Dublin,CC-IE-040
HRIS-WKR-001773,WKR-PUB-001773,IE,LE-IE-SYNTH-001,ACTIVE,EMPLOYEE,FIXED_TERM,2022-03-10,,M,Engineering,Dublin,CC-IE-026
HRIS-WKR-001774,WKR-PUB-001774,IE,LE-IE-SYNTH-001,ACTIVE,EMPLOYEE,PERMANENT,2015-06-03,,M,Operations,Cork,CC-IE-040
HRIS-WKR-001775,WKR-PUB-001775,IE,LE-IE-SYNTH-001,ACTIVE,EMPLOYEE,FIXED_TERM,2016-01-18,,M,Finance,Galway,CC-IE-022
HRIS-WKR-001776,WKR-PUB-001776,IE,LE-IE-SYNTH-001,ACTIVE,EMPLOYEE,PERMANENT,2015-01-05,,F,Engineering,Galway,CC-IE-038
HRIS-WKR-001777,WKR-PUB-001777,IE,LE-IE-SYNTH-001,ACTIVE,EMPLOYEE,PERMANENT,2017-02-10,,M,Engineering,Galway,CC-IE-027
HRIS-WKR-001778,WKR-PUB-001778,IE,LE-IE-SYNTH-001,ACTIVE,EMPLOYEE,PERMANENT,2017-04-15,,M,Engineering,Cork,CC-IE-022
HRIS-WKR-001779,WKR-PUB-001779,IE,LE-IE-SYNTH-001,ACTIVE,EMPLOYEE,PERMANENT,2017-05-17,,F,Engineering,Galway,CC-IE-005
HRIS-WKR-001780,WKR-PUB-001780,IE,LE-IE-SYNTH-001,ACTIVE,EMPLOYEE,FIXED_TERM,2024-05-27,,M,Finance,Dublin,CC-IE-015
HRIS-WKR-001781,WKR-PUB-001781,IE,LE-IE-SYNTH-001,ACTIVE,EMPLOYEE,PERMANENT,2015-08-15,,F,Technology,Dublin,CC-IE-001
HRIS-WKR-001782,WKR-PUB-001782,IE,LE-IE-SYNTH-001,ACTIVE,EMPLOYEE,PERMANENT,2025-09-10,,NB,Engineering,Galway,CC-IE-007
HRIS-WKR-001783,WKR-PUB-001783,IE,LE-IE-SYNTH-001,ACTIVE,CONTRACTOR,PERMANENT,2023-01-08,,F,Sales,Dublin,CC-IE-020
HRIS-WKR-001784,WKR-PUB-001784,IE,LE-IE-SYNTH-001,ACTIVE,EMPLOYEE,PERMANENT,2024-09-03,,F,Operations,Remote-IE,CC-IE-011
HRIS-WKR-001785,WKR-PUB-001785,IE,LE-IE-SYNTH-001,ACTIVE,EMPLOYEE,PERMANENT,2020-09-28,,F,Engineering,Cork,CC-IE-015
HRIS-WKR-001786,WKR-PUB-001786,IE,LE-IE-SYNTH-001,ACTIVE,EMPLOYEE,PERMANENT,2024-05-01,,M,Engineering,Dublin,CC-IE-025
HRIS-WKR-001787,WKR-PUB-001787,IE,LE-IE-SYNTH-001,ACTIVE,EMPLOYEE,PERMANENT,2020-06-12,,F,Technology,Dublin,CC-IE-017
HRIS-WKR-001788,WKR-PUB-001788,IE,LE-IE-SYNTH-001,ACTIVE,EMPLOYEE,PERMANENT,2017-08-05,,M,Engineering,Dublin,CC-IE-028
HRIS-WKR-001789,WKR-PUB-001789,IE,LE-IE-SYNTH-001,ACTIVE,EMPLOYEE,PERMANENT,2025-12-09,,M,Engineering,Dublin,CC-IE-009
HRIS-WKR-001790,WKR-PUB-001790,IE,LE-IE-SYNTH-001,ACTIVE,EMPLOYEE,PERMANENT,2024-03-20,,M,Engineering,Remote-IE,CC-IE-036
HRIS-WKR-001791,WKR-PUB-001791,IE,LE-IE-SYNTH-001,ACTIVE,EMPLOYEE,PERMANENT,2016-06-03,,F,Sales,Galway,CC-IE-038
HRIS-WKR-001792,WKR-PUB-001792,IE,LE-IE-SYNTH-001,ACTIVE,EMPLOYEE,PERMANENT,2019-03-31,,M,Sales,Dublin,CC-IE-029
HRIS-WKR-001793,WKR-PUB-001793,IE,LE-IE-SYNTH-001,ACTIVE,EMPLOYEE,PERMANENT,2024-10-01,,F,Engineering,Dublin,CC-IE-015
HRIS-WKR-001794,WKR-PUB-001794,IE,LE-IE-SYNTH-001,ACTIVE,EMPLOYEE,FIXED_TERM,2015-11-22,,M,Finance,Dublin,CC-IE-027
HRIS-WKR-001795,WKR-PUB-001795,IE,LE-IE-SYNTH-001,ACTIVE,EMPLOYEE,PERMANENT,2015-07-09,,M,Technology,Dublin,CC-IE-003
HRIS-WKR-001796,WKR-PUB-001796,IE,LE-IE-SYNTH-001,ACTIVE,EMPLOYEE,PERMANENT,2024-02-10,,M,Engineering,Dublin,CC-IE-016
HRIS-WKR-001797,WKR-PUB-001797,IE,LE-IE-SYNTH-001,ACTIVE,EMPLOYEE,PERMANENT,2019-10-08,,M,Sales,Dublin,CC-IE-003
HRIS-WKR-001798,WKR-PUB-001798,IE,LE-IE-SYNTH-001,TERMINATED,EMPLOYEE,PERMANENT,2023-11-14,2026-06-16,F,People,Cork,CC-IE-029
HRIS-WKR-001799,WKR-PUB-001799,IE,LE-IE-SYNTH-001,ACTIVE,EMPLOYEE,PERMANENT,2022-02-04,,F,Sales,Limerick,CC-IE-024
HRIS-WKR-001800,WKR-PUB-001800,IE,LE-IE-SYNTH-001,ACTIVE,EMPLOYEE,PERMANENT,2015-05-16,,F,Finance,Cork,CC-IE-025
HRIS-WKR-001801,WKR-PUB-001801,IE,LE-IE-SYNTH-001,ACTIVE,EMPLOYEE,PERMANENT,2018-08-29,,F,Operations,Dublin,CC-IE-037
HRIS-WKR-001802,WKR-PUB-001802,IE,LE-IE-SYNTH-001,ACTIVE,EMPLOYEE,PERMANENT,2016-09-04,,F,Engineering,Dublin,CC-IE-015
HRIS-WKR-001803,WKR-PUB-001803,IE,LE-IE-SYNTH-001,ACTIVE,EMPLOYEE,PERMANENT,2016-04-10,,F,Finance,Dublin,CC-IE-003
HRIS-WKR-001804,WKR-PUB-001804,IE,LE-IE-SYNTH-001,ACTIVE,EMPLOYEE,PERMANENT,2019-06-20,,M,People,Dublin,CC-IE-028
HRIS-WKR-001805,WKR-PUB-001805,IE,LE-IE-SYNTH-001,ACTIVE,EMPLOYEE,APPRENTICE,2014-04-24,,F,Operations,Dublin,CC-IE-034
HRIS-WKR-001806,WKR-PUB-001806,IE,LE-IE-SYNTH-001,ACTIVE,EMPLOYEE,PERMANENT,2022-06-17,,M,Technology,Galway,CC-IE-028
HRIS-WKR-001807,WKR-PUB-001807,IE,LE-IE-SYNTH-001,ACTIVE,EMPLOYEE,PERMANENT,2021-07-09,,UNDISCLOSED,Technology,Limerick,CC-IE-023
HRIS-WKR-001808,WKR-PUB-001808,IE,LE-IE-SYNTH-001,ACTIVE,EMPLOYEE,PERMANENT,2019-07-08,,M,Sales,Remote-IE,CC-IE-036
HRIS-WKR-001809,WKR-PUB-001809,IE,LE-IE-SYNTH-001,ACTIVE,EMPLOYEE,FIXED_TERM,2021-12-01,,F,Engineering,Remote-IE,CC-IE-007
HRIS-WKR-001810,WKR-PUB-001810,IE,LE-IE-SYNTH-001,ACTIVE,EMPLOYEE,PERMANENT,2024-10-15,,F,Finance,Galway,CC-IE-005
HRIS-WKR-001811,WKR-PUB-001811,IE,LE-IE-SYNTH-001,ACTIVE,EMPLOYEE,PERMANENT,2019-09-02,,,Operations,Dublin,CC-IE-007
HRIS-WKR-001812,WKR-PUB-001812,IE,LE-IE-SYNTH-001,ACTIVE,EMPLOYEE,PERMANENT,2019-11-30,,M,Engineering,Cork,CC-IE-001
HRIS-WKR-001813,WKR-PUB-001813,IE,LE-IE-SYNTH-001,ACTIVE,EMPLOYEE,PERMANENT,2014-09-24,,M,Operations,Dublin,CC-IE-011
HRIS-WKR-001814,WKR-PUB-001814,IE,LE-IE-SYNTH-001,ACTIVE,EMPLOYEE,PERMANENT,2020-07-16,,M,Technology,Dublin,CC-IE-015
HRIS-WKR-001815,WKR-PUB-001815,IE,LE-IE-SYNTH-001,ACTIVE,EMPLOYEE,PERMANENT,2019-11-18,,M,Finance,Dublin,CC-IE-013
HRIS-WKR-001816,WKR-PUB-001816,IE,LE-IE-SYNTH-001,ACTIVE,EMPLOYEE,FIXED_TERM,2025-12-28,,M,People,Dublin,CC-IE-014
HRIS-WKR-001817,WKR-PUB-001817,IE,LE-IE-SYNTH-001,ACTIVE,EMPLOYEE,PERMANENT,2014-02-14,,UNDISCLOSED,Finance,Dublin,CC-IE-029
HRIS-WKR-001818,WKR-PUB-001818,IE,LE-IE-SYNTH-001,ACTIVE,EMPLOYEE,PERMANENT,2024-05-24,,M,Technology,Cork,CC-IE-034
HRIS-WKR-001819,WKR-PUB-001819,IE,LE-IE-SYNTH-001,ACTIVE,EMPLOYEE,FIXED_TERM,2020-09-15,,M,Operations,Remote-IE,CC-IE-028
HRIS-WKR-001820,WKR-PUB-001820,IE,LE-IE-SYNTH-001,ACTIVE,EMPLOYEE,PERMANENT,2017-10-19,,M,Engineering,Dublin,CC-IE-009
HRIS-WKR-001821,WKR-PUB-001821,IE,LE-IE-SYNTH-001,ACTIVE,EMPLOYEE,PERMANENT,2022-03-20,,F,Sales,Galway,CC-IE-007
HRIS-WKR-001822,WKR-PUB-001822,IE,LE-IE-SYNTH-001,ACTIVE,EMPLOYEE,PERMANENT,2018-12-21,,F,Finance,Dublin,CC-IE-012
HRIS-WKR-001823,WKR-PUB-001823,IE,LE-IE-SYNTH-001,ACTIVE,EMPLOYEE,PERMANENT,2024-07-05,,M,Engineering,Dublin,CC-IE-040
HRIS-WKR-001824,WKR-PUB-001824,IE,LE-IE-SYNTH-001,ACTIVE,EMPLOYEE,PERMANENT,2021-01-18,,M,Engineering,Dublin,CC-IE-033
HRIS-WKR-001825,WKR-PUB-001825,IE,LE-IE-SYNTH-001,ACTIVE,EMPLOYEE,PERMANENT,2017-06-24,,F,Engineering,Remote-IE,CC-IE-028
HRIS-WKR-001826,WKR-PUB-001826,IE,LE-IE-SYNTH-001,ACTIVE,EMPLOYEE,FIXED_TERM,2018-05-19,,M,People,Remote-IE,CC-IE-033
HRIS-WKR-001827,WKR-PUB-001827,IE,LE-IE-SYNTH-001,ACTIVE,EMPLOYEE,FIXED_TERM,2015-04-28,,M,Sales,Cork,CC-IE-014
HRIS-WKR-001828,WKR-PUB-001828,IE,LE-IE-SYNTH-001,ACTIVE,EMPLOYEE,PERMANENT,2015-07-06,,F,Technology,Remote-IE,CC-IE-015
HRIS-WKR-001829,WKR-PUB-001829,IE,LE-IE-SYNTH-001,ACTIVE,EMPLOYEE,PERMANENT,2021-07-27,,F,Engineering,Dublin,CC-IE-034
HRIS-WKR-001830,WKR-PUB-001830,IE,LE-IE-SYNTH-001,ACTIVE,EMPLOYEE,PERMANENT,2018-12-11,,M,Finance,Dublin,CC-IE-006
HRIS-WKR-001831,WKR-PUB-001831,IE,LE-IE-SYNTH-001,ACTIVE,EMPLOYEE,PERMANENT,2021-05-28,,F,Operations,Dublin,CC-IE-010
HRIS-WKR-001832,WKR-PUB-001832,IE,LE-IE-SYNTH-001,TERMINATED,EMPLOYEE,PERMANENT,2021-06-21,2026-12-01,UNDISCLOSED,Operations,Dublin,CC-IE-014
HRIS-WKR-001833,WKR-PUB-001833,IE,LE-IE-SYNTH-001,ACTIVE,EMPLOYEE,PERMANENT,2020-02-07,,M,Sales,Remote-IE,CC-IE-005
HRIS-WKR-001834,WKR-PUB-001834,IE,LE-IE-SYNTH-001,ACTIVE,EMPLOYEE,PERMANENT,2022-05-28,,M,People,Cork,CC-IE-006
HRIS-WKR-001835,WKR-PUB-001835,IE,LE-IE-SYNTH-001,ACTIVE,EMPLOYEE,PERMANENT,2022-05-08,,M,Sales,Dublin,CC-IE-008
HRIS-WKR-001836,WKR-PUB-001836,IE,LE-IE-SYNTH-001,ACTIVE,EMPLOYEE,PERMANENT,2020-09-21,,F,Technology,Limerick,CC-IE-015
HRIS-WKR-001837,WKR-PUB-001837,IE,LE-IE-SYNTH-001,TERMINATED,EMPLOYEE,PERMANENT,2015-06-25,2026-03-20,M,Sales,Dublin,CC-IE-011
HRIS-WKR-001838,WKR-PUB-001838,IE,LE-IE-SYNTH-001,TERMINATED,EMPLOYEE,FIXED_TERM,2022-07-03,2026-05-09,M,Operations,Dublin,CC-IE-012
HRIS-WKR-001839,WKR-PUB-001839,IE,LE-IE-SYNTH-001,ACTIVE,EMPLOYEE,APPRENTICE,2025-10-25,,M,Engineering,Dublin,CC-IE-035
HRIS-WKR-001840,WKR-PUB-001840,IE,LE-IE-SYNTH-001,ACTIVE,EMPLOYEE,APPRENTICE,2024-11-23,,F,Finance,Remote-IE,CC-IE-029
HRIS-WKR-001841,WKR-PUB-001841,IE,LE-IE-SYNTH-001,ACTIVE,EMPLOYEE,PERMANENT,2014-08-07,,M,Operations,Remote-IE,CC-IE-005
HRIS-WKR-001842,WKR-PUB-001842,IE,LE-IE-SYNTH-001,ACTIVE,EMPLOYEE,PERMANENT,2016-05-01,,M,Finance,Limerick,CC-IE-012
HRIS-WKR-001843,WKR-PUB-001843,IE,LE-IE-SYNTH-001,ACTIVE,EMPLOYEE,PERMANENT,2020-03-22,,F,Finance,Cork,CC-IE-020
HRIS-WKR-001844,WKR-PUB-001844,IE,LE-IE-SYNTH-001,ACTIVE,EMPLOYEE,PERMANENT,2023-02-17,,F,Finance,Galway,CC-IE-006
HRIS-WKR-001845,WKR-PUB-001845,IE,LE-IE-SYNTH-001,ACTIVE,EMPLOYEE,PERMANENT,2015-07-19,,M,Sales,Galway,CC-IE-006
HRIS-WKR-001846,WKR-PUB-001846,IE,LE-IE-SYNTH-001,ACTIVE,EMPLOYEE,PERMANENT,2016-03-18,,F,Operations,Dublin,CC-IE-024
HRIS-WKR-001847,WKR-PUB-001847,IE,LE-IE-SYNTH-001,ACTIVE,EMPLOYEE,PERMANENT,2019-09-19,,NB,Engineering,Remote-IE,CC-IE-039
HRIS-WKR-001848,WKR-PUB-001848,IE,LE-IE-SYNTH-001,ACTIVE,EMPLOYEE,PERMANENT,2014-03-02,,M,Technology,Galway,CC-IE-009
HRIS-WKR-001849,WKR-PUB-001849,IE,LE-IE-SYNTH-001,ACTIVE,EMPLOYEE,FIXED_TERM,2019-05-25,,M,Sales,Remote-IE,CC-IE-022
HRIS-WKR-001850,WKR-PUB-001850,IE,LE-IE-SYNTH-001,ACTIVE,EMPLOYEE,PERMANENT,2023-01-22,,F,Technology,Galway,CC-IE-024
HRIS-WKR-001851,WKR-PUB-001851,IE,LE-IE-SYNTH-001,ACTIVE,CONTRACTOR,PERMANENT,2020-02-24,,F,Operations,Galway,CC-IE-010
HRIS-WKR-001852,WKR-PUB-001852,IE,LE-IE-SYNTH-001,ACTIVE,EMPLOYEE,PERMANENT,2019-11-23,,M,Finance,Dublin,CC-IE-029
HRIS-WKR-001853,WKR-PUB-001853,IE,LE-IE-SYNTH-001,ACTIVE,EMPLOYEE,PERMANENT,2022-03-05,,M,Finance,Galway,CC-IE-031
HRIS-WKR-001854,WKR-PUB-001854,IE,LE-IE-SYNTH-001,ACTIVE,EMPLOYEE,PERMANENT,2022-10-27,,F,Engineering,Dublin,CC-IE-010
HRIS-WKR-001855,WKR-PUB-001855,IE,LE-IE-SYNTH-001,ACTIVE,EMPLOYEE,PERMANENT,2014-12-26,,M,Sales,Remote-IE,CC-IE-015
HRIS-WKR-001856,WKR-PUB-001856,IE,LE-IE-SYNTH-001,ACTIVE,EMPLOYEE,PERMANENT,2017-01-28,,M,People,Dublin,CC-IE-036
HRIS-WKR-001857,WKR-PUB-001857,IE,LE-IE-SYNTH-001,ACTIVE,EMPLOYEE,PERMANENT,2022-05-09,,F,Engineering,Remote-IE,CC-IE-010
HRIS-WKR-001858,WKR-PUB-001858,IE,LE-IE-SYNTH-001,ACTIVE,EMPLOYEE,PERMANENT,2020-06-18,,M,Technology,Dublin,CC-IE-004
HRIS-WKR-001859,WKR-PUB-001859,IE,LE-IE-SYNTH-001,ACTIVE,EMPLOYEE,PERMANENT,2022-05-20,,M,Engineering,Remote-IE,CC-IE-016
HRIS-WKR-001860,WKR-PUB-001860,IE,LE-IE-SYNTH-001,ACTIVE,EMPLOYEE,PERMANENT,2018-12-17,,M,Operations,Dublin,CC-IE-027
HRIS-WKR-001861,WKR-PUB-001861,IE,LE-IE-SYNTH-001,ACTIVE,EMPLOYEE,PERMANENT,2019-01-06,,M,Finance,Dublin,CC-IE-009
HRIS-WKR-001862,WKR-PUB-001862,IE,LE-IE-SYNTH-001,ACTIVE,CONTRACTOR,PERMANENT,2019-08-07,,M,People,Limerick,CC-IE-033
HRIS-WKR-001863,WKR-PUB-001863,IE,LE-IE-SYNTH-001,ACTIVE,EMPLOYEE,PERMANENT,2023-04-14,,M,Sales,Dublin,CC-IE-007
HRIS-WKR-001864,WKR-PUB-001864,IE,LE-IE-SYNTH-001,ACTIVE,EMPLOYEE,PERMANENT,2014-02-12,,M,Engineering,Galway,CC-IE-005
HRIS-WKR-001865,WKR-PUB-001865,IE,LE-IE-SYNTH-001,ACTIVE,EMPLOYEE,FIXED_TERM,2014-01-08,,F,Engineering,Limerick,CC-IE-002
HRIS-WKR-001866,WKR-PUB-001866,IE,LE-IE-SYNTH-001,ACTIVE,EMPLOYEE,PERMANENT,2023-06-29,,F,Sales,Dublin,CC-IE-011
HRIS-WKR-001867,WKR-PUB-001867,IE,LE-IE-SYNTH-001,ACTIVE,EMPLOYEE,PERMANENT,2016-11-30,,F,Sales,Remote-IE,CC-IE-026
HRIS-WKR-001868,WKR-PUB-001868,IE,LE-IE-SYNTH-001,ACTIVE,EMPLOYEE,PERMANENT,2015-11-07,,M,Sales,Cork,CC-IE-036
HRIS-WKR-001869,WKR-PUB-001869,IE,LE-IE-SYNTH-001,ACTIVE,EMPLOYEE,FIXED_TERM,2021-05-24,,F,Engineering,Cork,CC-IE-021
HRIS-WKR-001870,WKR-PUB-001870,IE,LE-IE-SYNTH-001,ACTIVE,EMPLOYEE,PERMANENT,2018-06-05,,F,People,Dublin,CC-IE-036
HRIS-WKR-001871,WKR-PUB-001871,IE,LE-IE-SYNTH-001,ACTIVE,EMPLOYEE,PERMANENT,2021-02-06,,,Technology,Galway,CC-IE-024
HRIS-WKR-001872,WKR-PUB-001872,IE,LE-IE-SYNTH-001,ACTIVE,EMPLOYEE,PERMANENT,2014-12-10,,F,Operations,Dublin,CC-IE-039
HRIS-WKR-001873,WKR-PUB-001873,IE,LE-IE-SYNTH-001,ACTIVE,EMPLOYEE,PERMANENT,2015-05-18,,F,Engineering,Galway,CC-IE-003
HRIS-WKR-001874,WKR-PUB-001874,IE,LE-IE-SYNTH-001,ACTIVE,EMPLOYEE,PERMANENT,2015-10-26,,M,People,Remote-IE,CC-IE-040
HRIS-WKR-001875,WKR-PUB-001875,IE,LE-IE-SYNTH-001,ACTIVE,EMPLOYEE,FIXED_TERM,2018-10-01,,M,Engineering,Limerick,CC-IE-021
HRIS-WKR-001876,WKR-PUB-001876,IE,LE-IE-SYNTH-001,ACTIVE,EMPLOYEE,PERMANENT,2015-05-27,,F,Sales,Dublin,CC-IE-040
HRIS-WKR-001877,WKR-PUB-001877,IE,LE-IE-SYNTH-001,ACTIVE,EMPLOYEE,PERMANENT,2022-04-15,,M,Operations,Dublin,CC-IE-021
HRIS-WKR-001878,WKR-PUB-001878,IE,LE-IE-SYNTH-001,ACTIVE,CONTRACTOR,FIXED_TERM,2018-05-13,,M,Sales,Dublin,CC-IE-026
HRIS-WKR-001879,WKR-PUB-001879,IE,LE-IE-SYNTH-001,TERMINATED,CONTRACTOR,FIXED_TERM,2014-10-17,2026-12-08,M,Engineering,Dublin,CC-IE-022
HRIS-WKR-001880,WKR-PUB-001880,IE,LE-IE-SYNTH-001,ACTIVE,EMPLOYEE,PERMANENT,2022-05-20,,M,People,Galway,CC-IE-040
HRIS-WKR-001881,WKR-PUB-001881,IE,LE-IE-SYNTH-001,ACTIVE,EMPLOYEE,PERMANENT,2019-08-09,,M,Sales,Cork,CC-IE-034
HRIS-WKR-001882,WKR-PUB-001882,IE,LE-IE-SYNTH-001,ACTIVE,EMPLOYEE,PERMANENT,2014-07-28,,F,People,Dublin,CC-IE-028
HRIS-WKR-001883,WKR-PUB-001883,IE,LE-IE-SYNTH-001,ACTIVE,EMPLOYEE,PERMANENT,2019-11-10,,F,People,Limerick,CC-IE-027
HRIS-WKR-001884,WKR-PUB-001884,IE,LE-IE-SYNTH-001,ACTIVE,EMPLOYEE,FIXED_TERM,2020-01-18,,M,Engineering,Dublin,CC-IE-015
HRIS-WKR-001885,WKR-PUB-001885,IE,LE-IE-SYNTH-001,ACTIVE,EMPLOYEE,PERMANENT,2017-10-13,,F,Engineering,Dublin,CC-IE-006
HRIS-WKR-001886,WKR-PUB-001886,IE,LE-IE-SYNTH-001,ACTIVE,EMPLOYEE,PERMANENT,2022-08-15,,F,Sales,Remote-IE,CC-IE-026
HRIS-WKR-001887,WKR-PUB-001887,IE,LE-IE-SYNTH-001,ACTIVE,EMPLOYEE,FIXED_TERM,2024-03-16,,M,Sales,Dublin,CC-IE-034
HRIS-WKR-001888,WKR-PUB-001888,IE,LE-IE-SYNTH-001,TERMINATED,EMPLOYEE,PERMANENT,2017-01-23,2026-03-08,F,Engineering,Limerick,CC-IE-034
HRIS-WKR-001889,WKR-PUB-001889,IE,LE-IE-SYNTH-001,ACTIVE,CONTRACTOR,FIXED_TERM,2022-07-23,,F,Engineering,Remote-IE,CC-IE-030
HRIS-WKR-001890,WKR-PUB-001890,IE,LE-IE-SYNTH-001,ACTIVE,EMPLOYEE,PERMANENT,2023-04-10,,M,Sales,Dublin,CC-IE-018
HRIS-WKR-001891,WKR-PUB-001891,IE,LE-IE-SYNTH-001,ACTIVE,EMPLOYEE,PERMANENT,2018-06-09,,F,Engineering,Dublin,CC-IE-012
HRIS-WKR-001892,WKR-PUB-001892,IE,LE-IE-SYNTH-001,ACTIVE,CONTRACTOR,FIXED_TERM,2020-05-14,,M,Engineering,Galway,CC-IE-031
HRIS-WKR-001893,WKR-PUB-001893,IE,LE-IE-SYNTH-001,ACTIVE,EMPLOYEE,PERMANENT,2024-02-28,,F,People,Limerick,CC-IE-018
HRIS-WKR-001894,WKR-PUB-001894,IE,LE-IE-SYNTH-001,ACTIVE,EMPLOYEE,PERMANENT,2018-09-06,,M,People,Dublin,CC-IE-027
HRIS-WKR-001895,WKR-PUB-001895,IE,LE-IE-SYNTH-001,ACTIVE,EMPLOYEE,PERMANENT,2024-07-25,,F,Operations,Dublin,CC-IE-032
HRIS-WKR-001896,WKR-PUB-001896,IE,LE-IE-SYNTH-001,ACTIVE,CONTRACTOR,FIXED_TERM,2019-06-02,,F,Operations,Dublin,CC-IE-021
HRIS-WKR-001897,WKR-PUB-001897,IE,LE-IE-SYNTH-001,ACTIVE,EMPLOYEE,PERMANENT,2024-03-04,,F,Operations,Cork,CC-IE-031
HRIS-WKR-001898,WKR-PUB-001898,IE,LE-IE-SYNTH-001,ACTIVE,CONTRACTOR,PERMANENT,2021-08-03,,UNDISCLOSED,Sales,Cork,CC-IE-027
HRIS-WKR-001899,WKR-PUB-001899,IE,LE-IE-SYNTH-001,ACTIVE,EMPLOYEE,PERMANENT,2024-07-09,,M,Operations,Dublin,CC-IE-025
HRIS-WKR-001900,WKR-PUB-001900,IE,LE-IE-SYNTH-001,ACTIVE,EMPLOYEE,PERMANENT,2020-02-01,,M,People,Dublin,CC-IE-011
HRIS-WKR-001901,WKR-PUB-001901,IE,LE-IE-SYNTH-001,ACTIVE,EMPLOYEE,APPRENTICE,2017-05-10,,F,Sales,Cork,CC-IE-003
HRIS-WKR-001902,WKR-PUB-001902,IE,LE-IE-SYNTH-001,ACTIVE,EMPLOYEE,PERMANENT,2021-11-14,,M,Sales,Dublin,CC-IE-040
HRIS-WKR-001903,WKR-PUB-001903,IE,LE-IE-SYNTH-001,ACTIVE,EMPLOYEE,FIXED_TERM,2019-01-19,,M,Sales,Dublin,CC-IE-012
HRIS-WKR-001904,WKR-PUB-001904,IE,LE-IE-SYNTH-001,ACTIVE,EMPLOYEE,PERMANENT,2025-08-26,,M,Operations,Dublin,CC-IE-024
HRIS-WKR-001905,WKR-PUB-001905,IE,LE-IE-SYNTH-001,ACTIVE,EMPLOYEE,PERMANENT,2018-01-21,,M,People,Remote-IE,CC-IE-020
HRIS-WKR-001906,WKR-PUB-001906,IE,LE-IE-SYNTH-001,ACTIVE,EMPLOYEE,FIXED_TERM,2020-09-10,,F,Technology,Dublin,CC-IE-008
HRIS-WKR-001907,WKR-PUB-001907,IE,LE-IE-SYNTH-001,ACTIVE,EMPLOYEE,APPRENTICE,2026-01-10,,M,Engineering,Remote-IE,CC-IE-009
HRIS-WKR-001908,WKR-PUB-001908,IE,LE-IE-SYNTH-001,ACTIVE,EMPLOYEE,PERMANENT,2018-05-28,,M,Finance,Cork,CC-IE-013
HRIS-WKR-001909,WKR-PUB-001909,IE,LE-IE-SYNTH-001,ACTIVE,EMPLOYEE,PERMANENT,2015-01-17,,M,Sales,Cork,CC-IE-033
HRIS-WKR-001910,WKR-PUB-001910,IE,LE-IE-SYNTH-001,ACTIVE,EMPLOYEE,PERMANENT,2015-05-01,,F,Finance,Cork,CC-IE-034
HRIS-WKR-001911,WKR-PUB-001911,IE,LE-IE-SYNTH-001,ACTIVE,EMPLOYEE,FIXED_TERM,2017-12-27,,M,Operations,Remote-IE,CC-IE-021
HRIS-WKR-001912,WKR-PUB-001912,IE,LE-IE-SYNTH-001,ACTIVE,EMPLOYEE,PERMANENT,2020-03-27,,M,Operations,Dublin,CC-IE-031
HRIS-WKR-001913,WKR-PUB-001913,IE,LE-IE-SYNTH-001,ACTIVE,EMPLOYEE,PERMANENT,2018-10-01,,F,Operations,Dublin,CC-IE-033
HRIS-WKR-001914,WKR-PUB-001914,IE,LE-IE-SYNTH-001,TERMINATED,EMPLOYEE,FIXED_TERM,2024-07-27,2026-05-27,F,Engineering,Galway,CC-IE-007
HRIS-WKR-001915,WKR-PUB-001915,IE,LE-IE-SYNTH-001,ACTIVE,EMPLOYEE,PERMANENT,2021-03-03,,F,Operations,Cork,CC-IE-026
HRIS-WKR-001916,WKR-PUB-001916,IE,LE-IE-SYNTH-001,ACTIVE,EMPLOYEE,FIXED_TERM,2016-02-22,,F,Engineering,Cork,CC-IE-032
HRIS-WKR-001917,WKR-PUB-001917,IE,LE-IE-SYNTH-001,ACTIVE,EMPLOYEE,APPRENTICE,2017-02-25,,M,Operations,Dublin,CC-IE-036
HRIS-WKR-001918,WKR-PUB-001918,IE,LE-IE-SYNTH-001,ACTIVE,EMPLOYEE,PERMANENT,2017-07-12,,F,Operations,Dublin,CC-IE-010
HRIS-WKR-001919,WKR-PUB-001919,IE,LE-IE-SYNTH-001,ACTIVE,EMPLOYEE,FIXED_TERM,2017-02-03,,F,Engineering,Dublin,CC-IE-015
HRIS-WKR-001920,WKR-PUB-001920,IE,LE-IE-SYNTH-001,ACTIVE,EMPLOYEE,PERMANENT,2015-11-25,,F,Technology,Dublin,CC-IE-007
HRIS-WKR-001921,WKR-PUB-001921,IE,LE-IE-SYNTH-001,ACTIVE,EMPLOYEE,PERMANENT,2021-10-23,,F,Engineering,Cork,CC-IE-010
HRIS-WKR-001922,WKR-PUB-001922,IE,LE-IE-SYNTH-001,ACTIVE,EMPLOYEE,PERMANENT,2022-02-28,,F,Technology,Dublin,CC-IE-007
HRIS-WKR-001923,WKR-PUB-001923,IE,LE-IE-SYNTH-001,ACTIVE,CONTRACTOR,APPRENTICE,2021-09-21,,F,Engineering,Cork,CC-IE-010
HRIS-WKR-001924,WKR-PUB-001924,IE,LE-IE-SYNTH-001,ACTIVE,EMPLOYEE,PERMANENT,2023-01-19,,UNDISCLOSED,Sales,Dublin,CC-IE-023
HRIS-WKR-001925,WKR-PUB-001925,IE,LE-IE-SYNTH-001,ACTIVE,EMPLOYEE,PERMANENT,2014-02-04,,M,Engineering,Dublin,CC-IE-035
HRIS-WKR-001926,WKR-PUB-001926,IE,LE-IE-SYNTH-001,ACTIVE,EMPLOYEE,PERMANENT,2024-11-27,,F,Technology,Cork,CC-IE-036
HRIS-WKR-001927,WKR-PUB-001927,IE,LE-IE-SYNTH-001,ACTIVE,EMPLOYEE,FIXED_TERM,2017-01-25,,F,People,Galway,CC-IE-020
HRIS-WKR-001928,WKR-PUB-001928,IE,LE-IE-SYNTH-001,ACTIVE,EMPLOYEE,PERMANENT,2015-03-09,,F,Engineering,Cork,CC-IE-018
HRIS-WKR-001929,WKR-PUB-001929,IE,LE-IE-SYNTH-001,ACTIVE,EMPLOYEE,PERMANENT,2020-03-01,,F,Sales,Dublin,CC-IE-018
HRIS-WKR-001930,WKR-PUB-001930,IE,LE-IE-SYNTH-001,ACTIVE,EMPLOYEE,APPRENTICE,2018-02-28,,F,Operations,Dublin,CC-IE-022
HRIS-WKR-001931,WKR-PUB-001931,IE,LE-IE-SYNTH-001,ACTIVE,CONTRACTOR,PERMANENT,2015-12-06,,F,Operations,Galway,CC-IE-027
HRIS-WKR-001932,WKR-PUB-001932,IE,LE-IE-SYNTH-001,ACTIVE,EMPLOYEE,PERMANENT,2024-02-12,,M,Operations,Cork,CC-IE-014
HRIS-WKR-001933,WKR-PUB-001933,IE,LE-IE-SYNTH-001,ACTIVE,EMPLOYEE,PERMANENT,2022-08-03,,F,Operations,Dublin,CC-IE-007
HRIS-WKR-001934,WKR-PUB-001934,IE,LE-IE-SYNTH-001,ACTIVE,EMPLOYEE,FIXED_TERM,2014-11-24,,NB,People,Limerick,CC-IE-032
HRIS-WKR-001935,WKR-PUB-001935,IE,LE-IE-SYNTH-001,ACTIVE,EMPLOYEE,PERMANENT,2024-11-19,,F,Engineering,Cork,CC-IE-018
HRIS-WKR-001936,WKR-PUB-001936,IE,LE-IE-SYNTH-001,ACTIVE,EMPLOYEE,PERMANENT,2021-12-02,,M,Engineering,Remote-IE,CC-IE-011
HRIS-WKR-001937,WKR-PUB-001937,IE,LE-IE-SYNTH-001,ACTIVE,EMPLOYEE,PERMANENT,2021-08-24,,NB,Engineering,Limerick,CC-IE-026
HRIS-WKR-001938,WKR-PUB-001938,IE,LE-IE-SYNTH-001,ACTIVE,EMPLOYEE,PERMANENT,2019-08-09,,F,Sales,Dublin,CC-IE-016
HRIS-WKR-001939,WKR-PUB-001939,IE,LE-IE-SYNTH-001,ACTIVE,EMPLOYEE,PERMANENT,2020-07-04,,M,Finance,Dublin,CC-IE-011
HRIS-WKR-001940,WKR-PUB-001940,IE,LE-IE-SYNTH-001,ACTIVE,EMPLOYEE,PERMANENT,2018-03-01,,F,Finance,Cork,CC-IE-036
HRIS-WKR-001941,WKR-PUB-001941,IE,LE-IE-SYNTH-001,ACTIVE,EMPLOYEE,PERMANENT,2018-11-30,,M,Operations,Dublin,CC-IE-004
HRIS-WKR-001942,WKR-PUB-001942,IE,LE-IE-SYNTH-001,ACTIVE,EMPLOYEE,PERMANENT,2018-05-14,,F,People,Remote-IE,CC-IE-025
HRIS-WKR-001943,WKR-PUB-001943,IE,LE-IE-SYNTH-001,ACTIVE,EMPLOYEE,PERMANENT,2015-12-17,,M,Engineering,Galway,CC-IE-030
HRIS-WKR-001944,WKR-PUB-001944,IE,LE-IE-SYNTH-001,ACTIVE,EMPLOYEE,PERMANENT,2019-08-22,,M,Sales,Dublin,CC-IE-004
HRIS-WKR-001945,WKR-PUB-001945,IE,LE-IE-SYNTH-001,ACTIVE,EMPLOYEE,PERMANENT,2014-03-22,,M,Operations,Cork,CC-IE-013
HRIS-WKR-001946,WKR-PUB-001946,IE,LE-IE-SYNTH-001,ACTIVE,EMPLOYEE,PERMANENT,2024-08-14,,M,Engineering,Dublin,CC-IE-001
HRIS-WKR-001947,WKR-PUB-001947,IE,LE-IE-SYNTH-001,ACTIVE,EMPLOYEE,PERMANENT,2018-05-24,,F,Sales,Remote-IE,CC-IE-038
HRIS-WKR-001948,WKR-PUB-001948,IE,LE-IE-SYNTH-001,ACTIVE,EMPLOYEE,APPRENTICE,2024-08-05,,F,Operations,Cork,CC-IE-018
HRIS-WKR-001949,WKR-PUB-001949,IE,LE-IE-SYNTH-001,ACTIVE,EMPLOYEE,PERMANENT,2015-06-22,,F,Sales,Galway,CC-IE-021
HRIS-WKR-001950,WKR-PUB-001950,IE,LE-IE-SYNTH-001,ACTIVE,EMPLOYEE,PERMANENT,2024-12-07,,M,People,Dublin,CC-IE-017
HRIS-WKR-001951,WKR-PUB-001951,IE,LE-IE-SYNTH-001,ACTIVE,EMPLOYEE,PERMANENT,2017-09-12,,F,Finance,Dublin,CC-IE-015
HRIS-WKR-001952,WKR-PUB-001952,IE,LE-IE-SYNTH-001,ACTIVE,EMPLOYEE,PERMANENT,2026-02-17,,F,Finance,Limerick,CC-IE-033
HRIS-WKR-001953,WKR-PUB-001953,IE,LE-IE-SYNTH-001,ACTIVE,EMPLOYEE,PERMANENT,2017-02-22,,F,Engineering,Dublin,CC-IE-007
HRIS-WKR-001954,WKR-PUB-001954,IE,LE-IE-SYNTH-001,ACTIVE,CONTRACTOR,PERMANENT,2024-05-05,,M,Operations,Remote-IE,CC-IE-035
HRIS-WKR-001955,WKR-PUB-001955,IE,LE-IE-SYNTH-001,ACTIVE,EMPLOYEE,PERMANENT,2019-08-02,,M,Sales,Galway,CC-IE-010
HRIS-WKR-001956,WKR-PUB-001956,IE,LE-IE-SYNTH-001,ACTIVE,EMPLOYEE,PERMANENT,2016-12-30,,F,Sales,Dublin,CC-IE-016
HRIS-WKR-001957,WKR-PUB-001957,IE,LE-IE-SYNTH-001,ACTIVE,EMPLOYEE,PERMANENT,2026-02-18,,UNDISCLOSED,Engineering,Cork,CC-IE-024
HRIS-WKR-001958,WKR-PUB-001958,IE,LE-IE-SYNTH-001,ACTIVE,EMPLOYEE,PERMANENT,2023-08-08,,M,Sales,Galway,CC-IE-008
HRIS-WKR-001959,WKR-PUB-001959,IE,LE-IE-SYNTH-001,ACTIVE,EMPLOYEE,PERMANENT,2016-04-04,,F,People,Dublin,CC-IE-019
HRIS-WKR-001960,WKR-PUB-001960,IE,LE-IE-SYNTH-001,ACTIVE,EMPLOYEE,FIXED_TERM,2014-09-02,,M,Finance,Remote-IE,CC-IE-017
HRIS-WKR-001961,WKR-PUB-001961,IE,LE-IE-SYNTH-001,ACTIVE,EMPLOYEE,FIXED_TERM,2019-09-11,,M,Engineering,Cork,CC-IE-039
HRIS-WKR-001962,WKR-PUB-001962,IE,LE-IE-SYNTH-001,ACTIVE,EMPLOYEE,PERMANENT,2023-04-16,,M,Engineering,Dublin,CC-IE-016
HRIS-WKR-001963,WKR-PUB-001963,IE,LE-IE-SYNTH-001,ACTIVE,EMPLOYEE,PERMANENT,2016-11-15,,M,People,Dublin,CC-IE-030
HRIS-WKR-001964,WKR-PUB-001964,IE,LE-IE-SYNTH-001,ACTIVE,EMPLOYEE,PERMANENT,2025-06-01,,F,Engineering,Dublin,CC-IE-014
HRIS-WKR-001965,WKR-PUB-001965,IE,LE-IE-SYNTH-001,ACTIVE,EMPLOYEE,PERMANENT,2023-09-03,,M,Sales,Dublin,CC-IE-007
HRIS-WKR-001966,WKR-PUB-001966,IE,LE-IE-SYNTH-001,ACTIVE,EMPLOYEE,FIXED_TERM,2021-06-23,,F,Operations,Dublin,CC-IE-006
HRIS-WKR-001967,WKR-PUB-001967,IE,LE-IE-SYNTH-001,ACTIVE,EMPLOYEE,PERMANENT,2015-12-10,,F,People,Dublin,CC-IE-014
HRIS-WKR-001968,WKR-PUB-001968,IE,LE-IE-SYNTH-001,ACTIVE,EMPLOYEE,PERMANENT,2021-07-19,,M,Operations,Galway,CC-IE-018
HRIS-WKR-001969,WKR-PUB-001969,IE,LE-IE-SYNTH-001,ACTIVE,EMPLOYEE,FIXED_TERM,2025-01-12,,M,Finance,Dublin,CC-IE-036
HRIS-WKR-001970,WKR-PUB-001970,IE,LE-IE-SYNTH-001,ACTIVE,EMPLOYEE,PERMANENT,2018-10-27,,M,Engineering,Limerick,CC-IE-009
HRIS-WKR-001971,WKR-PUB-001971,IE,LE-IE-SYNTH-001,ACTIVE,EMPLOYEE,PERMANENT,2014-09-18,,M,Sales,Dublin,CC-IE-030
HRIS-WKR-001972,WKR-PUB-001972,IE,LE-IE-SYNTH-001,ACTIVE,EMPLOYEE,FIXED_TERM,2024-03-31,,M,Operations,Galway,CC-IE-022
HRIS-WKR-001973,WKR-PUB-001973,IE,LE-IE-SYNTH-001,ACTIVE,EMPLOYEE,FIXED_TERM,2017-06-25,,M,Engineering,Remote-IE,CC-IE-008
HRIS-WKR-001974,WKR-PUB-001974,IE,LE-IE-SYNTH-001,ACTIVE,EMPLOYEE,PERMANENT,2017-09-11,,M,Technology,Limerick,CC-IE-014
HRIS-WKR-001975,WKR-PUB-001975,IE,LE-IE-SYNTH-001,ACTIVE,EMPLOYEE,PERMANENT,2016-07-23,,F,Finance,Galway,CC-IE-026
HRIS-WKR-001976,WKR-PUB-001976,IE,LE-IE-SYNTH-001,ACTIVE,EMPLOYEE,PERMANENT,2024-03-11,,M,Operations,Dublin,CC-IE-014
HRIS-WKR-001977,WKR-PUB-001977,IE,LE-IE-SYNTH-001,TERMINATED,EMPLOYEE,FIXED_TERM,2022-06-12,2026-03-03,M,Sales,Galway,CC-IE-026
HRIS-WKR-001978,WKR-PUB-001978,IE,LE-IE-SYNTH-001,ACTIVE,EMPLOYEE,PERMANENT,2023-11-19,,M,Engineering,Remote-IE,CC-IE-004
HRIS-WKR-001979,WKR-PUB-001979,IE,LE-IE-SYNTH-001,ACTIVE,EMPLOYEE,FIXED_TERM,2015-07-19,,F,Technology,Dublin,CC-IE-004
HRIS-WKR-001980,WKR-PUB-001980,IE,LE-IE-SYNTH-001,ACTIVE,EMPLOYEE,PERMANENT,2025-01-06,,M,Operations,Dublin,CC-IE-030
HRIS-WKR-001981,WKR-PUB-001981,IE,LE-IE-SYNTH-001,ACTIVE,EMPLOYEE,PERMANENT,2022-09-17,,F,Technology,Dublin,CC-IE-012
HRIS-WKR-001982,WKR-PUB-001982,IE,LE-IE-SYNTH-001,ACTIVE,EMPLOYEE,PERMANENT,2023-11-01,,M,Sales,Dublin,CC-IE-010
HRIS-WKR-001983,WKR-PUB-001983,IE,LE-IE-SYNTH-001,ACTIVE,EMPLOYEE,FIXED_TERM,2022-04-02,,F,Operations,Dublin,CC-IE-007
HRIS-WKR-001984,WKR-PUB-001984,IE,LE-IE-SYNTH-001,ACTIVE,EMPLOYEE,PERMANENT,2015-01-14,,F,Engineering,Remote-IE,CC-IE-007
HRIS-WKR-001985,WKR-PUB-001985,IE,LE-IE-SYNTH-001,ACTIVE,EMPLOYEE,PERMANENT,2022-09-27,,M,Technology,Cork,CC-IE-029
HRIS-WKR-001986,WKR-PUB-001986,IE,LE-IE-SYNTH-001,ACTIVE,EMPLOYEE,PERMANENT,2023-05-06,,F,People,Dublin,CC-IE-010
HRIS-WKR-001987,WKR-PUB-001987,IE,LE-IE-SYNTH-001,ACTIVE,EMPLOYEE,APPRENTICE,2016-08-08,,M,Engineering,Dublin,CC-IE-038
HRIS-WKR-001988,WKR-PUB-001988,IE,LE-IE-SYNTH-001,ACTIVE,EMPLOYEE,PERMANENT,2025-11-04,,F,Engineering,Dublin,CC-IE-014
HRIS-WKR-001989,WKR-PUB-001989,IE,LE-IE-SYNTH-001,ACTIVE,EMPLOYEE,PERMANENT,2019-09-08,,M,Technology,Dublin,CC-IE-021
HRIS-WKR-001990,WKR-PUB-001990,IE,LE-IE-SYNTH-001,ACTIVE,EMPLOYEE,PERMANENT,2018-01-29,,M,Technology,Dublin,CC-IE-027
HRIS-WKR-001991,WKR-PUB-001991,IE,LE-IE-SYNTH-001,ACTIVE,CONTRACTOR,FIXED_TERM,2023-10-22,,F,Sales,Dublin,CC-IE-040
HRIS-WKR-001992,WKR-PUB-001992,IE,LE-IE-SYNTH-001,ACTIVE,EMPLOYEE,PERMANENT,2019-02-27,,NB,Engineering,Cork,CC-IE-038
HRIS-WKR-001993,WKR-PUB-001993,IE,LE-IE-SYNTH-001,ACTIVE,EMPLOYEE,PERMANENT,2023-02-12,,M,Sales,Dublin,CC-IE-005
HRIS-WKR-001994,WKR-PUB-001994,IE,LE-IE-SYNTH-001,ACTIVE,EMPLOYEE,APPRENTICE,2023-04-10,,F,Engineering,Dublin,CC-IE-015
HRIS-WKR-001995,WKR-PUB-001995,IE,LE-IE-SYNTH-001,ACTIVE,EMPLOYEE,PERMANENT,2015-12-25,,F,Sales,Cork,CC-IE-026
HRIS-WKR-001996,WKR-PUB-001996,IE,LE-IE-SYNTH-001,ACTIVE,EMPLOYEE,PERMANENT,2016-12-06,,F,Sales,Cork,CC-IE-002
HRIS-WKR-001997,WKR-PUB-001997,IE,LE-IE-SYNTH-001,ACTIVE,EMPLOYEE,PERMANENT,2023-03-03,,M,Operations,Remote-IE,CC-IE-040
HRIS-WKR-001998,WKR-PUB-001998,IE,LE-IE-SYNTH-001,ACTIVE,EMPLOYEE,PERMANENT,2023-02-07,,M,Operations,Dublin,CC-IE-002
HRIS-WKR-001999,WKR-PUB-001999,IE,LE-IE-SYNTH-001,ACTIVE,EMPLOYEE,PERMANENT,2016-10-28,,M,Finance,Dublin,CC-IE-013
HRIS-WKR-002000,WKR-PUB-002000,IE,LE-IE-SYNTH-001,ACTIVE,EMPLOYEE,PERMANENT,2021-06-15,,M,Finance,Cork,CC-IE-036
HRIS-WKR-002001,WKR-PUB-002001,IE,LE-IE-SYNTH-001,ACTIVE,EMPLOYEE,PERMANENT,2016-08-12,,M,People,Dublin,CC-IE-018
HRIS-WKR-002002,WKR-PUB-002002,IE,LE-IE-SYNTH-001,ACTIVE,EMPLOYEE,PERMANENT,2021-12-02,,F,Technology,Limerick,CC-IE-002
HRIS-WKR-002003,WKR-PUB-002003,IE,LE-IE-SYNTH-001,ACTIVE,EMPLOYEE,PERMANENT,2026-02-21,,M,People,Dublin,CC-IE-008
HRIS-WKR-002004,WKR-PUB-002004,IE,LE-IE-SYNTH-001,ACTIVE,EMPLOYEE,PERMANENT,2026-02-12,,M,Engineering,Cork,CC-IE-013
HRIS-WKR-002005,WKR-PUB-002005,IE,LE-IE-SYNTH-001,ACTIVE,EMPLOYEE,PERMANENT,2022-12-05,,M,Sales,Dublin,CC-IE-027
HRIS-WKR-002006,WKR-PUB-002006,IE,LE-IE-SYNTH-001,ACTIVE,EMPLOYEE,PERMANENT,2017-01-08,,F,Technology,Dublin,CC-IE-007
HRIS-WKR-002007,WKR-PUB-002007,IE,LE-IE-SYNTH-001,ACTIVE,EMPLOYEE,PERMANENT,2016-01-13,,F,Engineering,Remote-IE,CC-IE-036
HRIS-WKR-002008,WKR-PUB-002008,IE,LE-IE-SYNTH-001,ACTIVE,EMPLOYEE,PERMANENT,2021-12-06,,F,Engineering,Galway,CC-IE-012
HRIS-WKR-002009,WKR-PUB-002009,IE,LE-IE-SYNTH-001,ACTIVE,CONTRACTOR,FIXED_TERM,2017-08-26,,M,Sales,Cork,CC-IE-025
HRIS-WKR-002010,WKR-PUB-002010,IE,LE-IE-SYNTH-001,ACTIVE,EMPLOYEE,PERMANENT,2014-03-18,,NB,Engineering,Limerick,CC-IE-022
HRIS-WKR-002011,WKR-PUB-002011,IE,LE-IE-SYNTH-001,ACTIVE,EMPLOYEE,PERMANENT,2019-05-19,,F,Operations,Dublin,CC-IE-008
HRIS-WKR-002012,WKR-PUB-002012,IE,LE-IE-SYNTH-001,TERMINATED,EMPLOYEE,PERMANENT,2020-10-01,2026-11-26,F,Finance,Galway,CC-IE-036
HRIS-WKR-002013,WKR-PUB-002013,IE,LE-IE-SYNTH-001,ACTIVE,EMPLOYEE,PERMANENT,2022-07-05,,M,Operations,Limerick,CC-IE-002
HRIS-WKR-002014,WKR-PUB-002014,IE,LE-IE-SYNTH-001,ACTIVE,EMPLOYEE,PERMANENT,2025-06-16,,M,Engineering,Cork,CC-IE-015
HRIS-WKR-002015,WKR-PUB-002015,IE,LE-IE-SYNTH-001,ACTIVE,EMPLOYEE,PERMANENT,2015-12-06,,M,Engineering,Remote-IE,CC-IE-037
HRIS-WKR-002016,WKR-PUB-002016,IE,LE-IE-SYNTH-001,ACTIVE,EMPLOYEE,PERMANENT,2020-08-27,,F,Engineering,Remote-IE,CC-IE-039
HRIS-WKR-002017,WKR-PUB-002017,IE,LE-IE-SYNTH-001,ACTIVE,EMPLOYEE,FIXED_TERM,2017-07-14,,F,Sales,Dublin,CC-IE-019
HRIS-WKR-002018,WKR-PUB-002018,IE,LE-IE-SYNTH-001,ACTIVE,EMPLOYEE,FIXED_TERM,2017-05-29,,F,People,Limerick,CC-IE-002
HRIS-WKR-002019,WKR-PUB-002019,IE,LE-IE-SYNTH-001,ACTIVE,EMPLOYEE,APPRENTICE,2018-10-25,,M,Engineering,Remote-IE,CC-IE-036
HRIS-WKR-002020,WKR-PUB-002020,IE,LE-IE-SYNTH-001,TERMINATED,EMPLOYEE,FIXED_TERM,2014-11-23,2026-03-15,F,People,Dublin,CC-IE-022
HRIS-WKR-002021,WKR-PUB-002021,IE,LE-IE-SYNTH-001,ACTIVE,EMPLOYEE,FIXED_TERM,2026-02-14,,M,People,Dublin,CC-IE-023
HRIS-WKR-002022,WKR-PUB-002022,IE,LE-IE-SYNTH-001,TERMINATED,EMPLOYEE,APPRENTICE,2018-06-18,2026-03-29,M,Technology,Remote-IE,CC-IE-006
HRIS-WKR-002023,WKR-PUB-002023,IE,LE-IE-SYNTH-001,ACTIVE,EMPLOYEE,PERMANENT,2019-08-15,,UNDISCLOSED,Technology,Remote-IE,CC-IE-007
HRIS-WKR-002024,WKR-PUB-002024,IE,LE-IE-SYNTH-001,ACTIVE,EMPLOYEE,PERMANENT,2017-06-16,,F,People,Galway,CC-IE-027
HRIS-WKR-002025,WKR-PUB-002025,IE,LE-IE-SYNTH-001,ACTIVE,EMPLOYEE,PERMANENT,2022-04-29,,,People,Cork,CC-IE-015
HRIS-WKR-002026,WKR-PUB-002026,IE,LE-IE-SYNTH-001,ACTIVE,EMPLOYEE,PERMANENT,2015-05-31,,F,Finance,Dublin,CC-IE-018
HRIS-WKR-002027,WKR-PUB-002027,IE,LE-IE-SYNTH-001,ACTIVE,EMPLOYEE,FIXED_TERM,2020-05-28,,M,People,Dublin,CC-IE-014
HRIS-WKR-002028,WKR-PUB-002028,IE,LE-IE-SYNTH-001,ACTIVE,EMPLOYEE,PERMANENT,2023-06-30,,F,Engineering,Limerick,CC-IE-014
HRIS-WKR-002029,WKR-PUB-002029,IE,LE-IE-SYNTH-001,ACTIVE,EMPLOYEE,FIXED_TERM,2020-01-31,,F,Technology,Dublin,CC-IE-011
HRIS-WKR-002030,WKR-PUB-002030,IE,LE-IE-SYNTH-001,ACTIVE,EMPLOYEE,PERMANENT,2025-03-26,,M,Sales,Dublin,CC-IE-030
HRIS-WKR-002031,WKR-PUB-002031,IE,LE-IE-SYNTH-001,ACTIVE,EMPLOYEE,FIXED_TERM,2023-08-08,,F,Sales,Dublin,CC-IE-029
HRIS-WKR-002032,WKR-PUB-002032,IE,LE-IE-SYNTH-001,ACTIVE,EMPLOYEE,FIXED_TERM,2023-05-21,,,Engineering,Dublin,CC-IE-012
HRIS-WKR-002033,WKR-PUB-002033,IE,LE-IE-SYNTH-001,ACTIVE,EMPLOYEE,PERMANENT,2022-09-21,,F,Sales,Dublin,CC-IE-016
HRIS-WKR-002034,WKR-PUB-002034,IE,LE-IE-SYNTH-001,ACTIVE,EMPLOYEE,PERMANENT,2023-06-26,,NB,Technology,Dublin,CC-IE-026
HRIS-WKR-002035,WKR-PUB-002035,IE,LE-IE-SYNTH-001,ACTIVE,EMPLOYEE,APPRENTICE,2018-01-27,,F,Sales,Dublin,CC-IE-039
HRIS-WKR-002036,WKR-PUB-002036,IE,LE-IE-SYNTH-001,ACTIVE,EMPLOYEE,PERMANENT,2017-07-12,,F,Operations,Cork,CC-IE-024
HRIS-WKR-002037,WKR-PUB-002037,IE,LE-IE-SYNTH-001,ACTIVE,EMPLOYEE,APPRENTICE,2024-09-18,,M,Finance,Dublin,CC-IE-021
HRIS-WKR-002038,WKR-PUB-002038,IE,LE-IE-SYNTH-001,ACTIVE,EMPLOYEE,PERMANENT,2014-11-05,,M,Operations,Dublin,CC-IE-030
HRIS-WKR-002039,WKR-PUB-002039,IE,LE-IE-SYNTH-001,ACTIVE,EMPLOYEE,PERMANENT,2015-08-11,,F,Operations,Galway,CC-IE-023
HRIS-WKR-002040,WKR-PUB-002040,IE,LE-IE-SYNTH-001,ACTIVE,EMPLOYEE,PERMANENT,2018-10-18,,M,Finance,Dublin,CC-IE-001
HRIS-WKR-002041,WKR-PUB-002041,IE,LE-IE-SYNTH-001,ACTIVE,EMPLOYEE,PERMANENT,2023-03-12,,M,Engineering,Dublin,CC-IE-039
HRIS-WKR-002042,WKR-PUB-002042,IE,LE-IE-SYNTH-001,ACTIVE,EMPLOYEE,PERMANENT,2017-10-31,,F,Operations,Galway,CC-IE-001
HRIS-WKR-002043,WKR-PUB-002043,IE,LE-IE-SYNTH-001,ACTIVE,EMPLOYEE,PERMANENT,2015-04-05,,M,Engineering,Dublin,CC-IE-002
HRIS-WKR-002044,WKR-PUB-002044,IE,LE-IE-SYNTH-001,ACTIVE,EMPLOYEE,FIXED_TERM,2015-04-02,,F,Engineering,Dublin,CC-IE-008
HRIS-WKR-002045,WKR-PUB-002045,IE,LE-IE-SYNTH-001,ACTIVE,EMPLOYEE,PERMANENT,2017-10-23,,M,Sales,Cork,CC-IE-037
HRIS-WKR-002046,WKR-PUB-002046,IE,LE-IE-SYNTH-001,ACTIVE,EMPLOYEE,FIXED_TERM,2017-04-12,,M,Sales,Remote-IE,CC-IE-010
HRIS-WKR-002047,WKR-PUB-002047,IE,LE-IE-SYNTH-001,ACTIVE,EMPLOYEE,PERMANENT,2014-11-08,,M,Finance,Dublin,CC-IE-034
HRIS-WKR-002048,WKR-PUB-002048,IE,LE-IE-SYNTH-001,ACTIVE,EMPLOYEE,PERMANENT,2016-07-18,,F,Operations,Dublin,CC-IE-034
HRIS-WKR-002049,WKR-PUB-002049,IE,LE-IE-SYNTH-001,ACTIVE,EMPLOYEE,PERMANENT,2021-05-30,,M,Technology,Dublin,CC-IE-008
HRIS-WKR-002050,WKR-PUB-002050,IE,LE-IE-SYNTH-001,ACTIVE,EMPLOYEE,PERMANENT,2020-11-24,,M,Engineering,Dublin,CC-IE-039
HRIS-WKR-002051,WKR-PUB-002051,IE,LE-IE-SYNTH-001,ACTIVE,EMPLOYEE,PERMANENT,2018-12-11,,F,Engineering,Cork,CC-IE-029
HRIS-WKR-002052,WKR-PUB-002052,IE,LE-IE-SYNTH-001,ACTIVE,EMPLOYEE,PERMANENT,2025-01-10,,M,Engineering,Remote-IE,CC-IE-004
HRIS-WKR-002053,WKR-PUB-002053,IE,LE-IE-SYNTH-001,ACTIVE,EMPLOYEE,PERMANENT,2021-07-20,,,Engineering,Limerick,CC-IE-026
HRIS-WKR-002054,WKR-PUB-002054,IE,LE-IE-SYNTH-001,ACTIVE,EMPLOYEE,FIXED_TERM,2024-04-28,,M,Sales,Dublin,CC-IE-026
HRIS-WKR-002055,WKR-PUB-002055,IE,LE-IE-SYNTH-001,ACTIVE,EMPLOYEE,FIXED_TERM,2023-05-23,,M,Operations,Dublin,CC-IE-007
HRIS-WKR-002056,WKR-PUB-002056,IE,LE-IE-SYNTH-001,ACTIVE,EMPLOYEE,PERMANENT,2024-02-25,,M,Sales,Cork,CC-IE-006
HRIS-WKR-002057,WKR-PUB-002057,IE,LE-IE-SYNTH-001,ACTIVE,EMPLOYEE,PERMANENT,2023-11-06,,M,Engineering,Remote-IE,CC-IE-025
HRIS-WKR-002058,WKR-PUB-002058,IE,LE-IE-SYNTH-001,ACTIVE,EMPLOYEE,PERMANENT,2021-04-26,,F,Sales,Limerick,CC-IE-017
HRIS-WKR-002059,WKR-PUB-002059,IE,LE-IE-SYNTH-001,ACTIVE,EMPLOYEE,FIXED_TERM,2016-07-20,,M,Operations,Remote-IE,CC-IE-026
HRIS-WKR-002060,WKR-PUB-002060,IE,LE-IE-SYNTH-001,ACTIVE,CONTRACTOR,PERMANENT,2018-10-04,,F,Operations,Dublin,CC-IE-007
HRIS-WKR-002061,WKR-PUB-002061,IE,LE-IE-SYNTH-001,ACTIVE,EMPLOYEE,PERMANENT,2018-01-09,,UNDISCLOSED,Operations,Dublin,CC-IE-012
HRIS-WKR-002062,WKR-PUB-002062,IE,LE-IE-SYNTH-001,ACTIVE,EMPLOYEE,PERMANENT,2018-03-24,,M,Finance,Dublin,CC-IE-003
HRIS-WKR-002063,WKR-PUB-002063,IE,LE-IE-SYNTH-001,ACTIVE,EMPLOYEE,PERMANENT,2023-02-10,,F,Engineering,Dublin,CC-IE-030
HRIS-WKR-002064,WKR-PUB-002064,IE,LE-IE-SYNTH-001,ACTIVE,EMPLOYEE,FIXED_TERM,2016-02-19,,M,Finance,Dublin,CC-IE-003
HRIS-WKR-002065,WKR-PUB-002065,IE,LE-IE-SYNTH-001,ACTIVE,EMPLOYEE,FIXED_TERM,2019-04-19,,M,Operations,Limerick,CC-IE-002
HRIS-WKR-002066,WKR-PUB-002066,IE,LE-IE-SYNTH-001,ACTIVE,EMPLOYEE,PERMANENT,2014-12-04,,M,Engineering,Dublin,CC-IE-040
HRIS-WKR-002067,WKR-PUB-002067,IE,LE-IE-SYNTH-001,ACTIVE,EMPLOYEE,PERMANENT,2018-09-11,,M,Engineering,Dublin,CC-IE-028
HRIS-WKR-002068,WKR-PUB-002068,IE,LE-IE-SYNTH-001,ACTIVE,EMPLOYEE,PERMANENT,2022-10-18,,M,Operations,Dublin,CC-IE-035
HRIS-WKR-002069,WKR-PUB-002069,IE,LE-IE-SYNTH-001,ACTIVE,EMPLOYEE,FIXED_TERM,2026-01-19,,M,Engineering,Dublin,CC-IE-018
HRIS-WKR-002070,WKR-PUB-002070,IE,LE-IE-SYNTH-001,ACTIVE,EMPLOYEE,APPRENTICE,2017-05-13,,F,Technology,Dublin,CC-IE-032
HRIS-WKR-002071,WKR-PUB-002071,IE,LE-IE-SYNTH-001,ACTIVE,EMPLOYEE,PERMANENT,2016-03-03,,M,Engineering,Cork,CC-IE-005
HRIS-WKR-002072,WKR-PUB-002072,IE,LE-IE-SYNTH-001,ACTIVE,EMPLOYEE,PERMANENT,2021-04-23,,M,People,Cork,CC-IE-037
HRIS-WKR-002073,WKR-PUB-002073,IE,LE-IE-SYNTH-001,ACTIVE,EMPLOYEE,PERMANENT,2023-09-26,,M,Technology,Galway,CC-IE-007
HRIS-WKR-002074,WKR-PUB-002074,IE,LE-IE-SYNTH-001,ACTIVE,EMPLOYEE,PERMANENT,2019-04-29,,M,Operations,Limerick,CC-IE-007
HRIS-WKR-002075,WKR-PUB-002075,IE,LE-IE-SYNTH-001,ACTIVE,CONTRACTOR,PERMANENT,2016-11-20,,NB,Finance,Limerick,CC-IE-007
HRIS-WKR-002076,WKR-PUB-002076,IE,LE-IE-SYNTH-001,ACTIVE,EMPLOYEE,PERMANENT,2022-03-10,,F,Engineering,Cork,CC-IE-022
HRIS-WKR-002077,WKR-PUB-002077,IE,LE-IE-SYNTH-001,ACTIVE,EMPLOYEE,PERMANENT,2015-11-02,,F,Sales,Dublin,CC-IE-012
HRIS-WKR-002078,WKR-PUB-002078,IE,LE-IE-SYNTH-001,TERMINATED,EMPLOYEE,PERMANENT,2024-05-28,2026-09-17,F,Technology,Limerick,CC-IE-033
HRIS-WKR-002079,WKR-PUB-002079,IE,LE-IE-SYNTH-001,ACTIVE,EMPLOYEE,PERMANENT,2019-10-18,,M,Technology,Cork,CC-IE-035
HRIS-WKR-002080,WKR-PUB-002080,IE,LE-IE-SYNTH-001,ACTIVE,EMPLOYEE,PERMANENT,2021-06-25,,,Sales,Dublin,CC-IE-023
HRIS-WKR-002081,WKR-PUB-002081,IE,LE-IE-SYNTH-001,ACTIVE,EMPLOYEE,APPRENTICE,2021-08-25,,M,Operations,Dublin,CC-IE-016
HRIS-WKR-002082,WKR-PUB-002082,IE,LE-IE-SYNTH-001,ACTIVE,EMPLOYEE,FIXED_TERM,2023-06-14,,M,Operations,Dublin,CC-IE-035
HRIS-WKR-002083,WKR-PUB-002083,IE,LE-IE-SYNTH-001,ACTIVE,EMPLOYEE,FIXED_TERM,2022-07-07,,M,Sales,Dublin,CC-IE-023
HRIS-WKR-002084,WKR-PUB-002084,IE,LE-IE-SYNTH-001,ACTIVE,CONTRACTOR,PERMANENT,2023-03-27,,M,Engineering,Limerick,CC-IE-017
HRIS-WKR-002085,WKR-PUB-002085,IE,LE-IE-SYNTH-001,TERMINATED,EMPLOYEE,PERMANENT,2015-02-01,2026-03-10,F,Operations,Dublin,CC-IE-037
HRIS-WKR-002086,WKR-PUB-002086,IE,LE-IE-SYNTH-001,ACTIVE,EMPLOYEE,PERMANENT,2023-10-14,,M,Operations,Dublin,CC-IE-016
HRIS-WKR-002087,WKR-PUB-002087,IE,LE-IE-SYNTH-001,ACTIVE,EMPLOYEE,PERMANENT,2025-07-09,,F,Finance,Dublin,CC-IE-012
HRIS-WKR-002088,WKR-PUB-002088,IE,LE-IE-SYNTH-001,ACTIVE,EMPLOYEE,PERMANENT,2015-06-24,,M,Engineering,Dublin,CC-IE-040
HRIS-WKR-002089,WKR-PUB-002089,IE,LE-IE-SYNTH-001,ACTIVE,EMPLOYEE,FIXED_TERM,2016-10-07,,F,Technology,Galway,CC-IE-029
HRIS-WKR-002090,WKR-PUB-002090,IE,LE-IE-SYNTH-001,ACTIVE,EMPLOYEE,PERMANENT,2024-02-20,,M,Engineering,Remote-IE,CC-IE-018
HRIS-WKR-002091,WKR-PUB-002091,IE,LE-IE-SYNTH-001,ACTIVE,EMPLOYEE,FIXED_TERM,2015-06-18,,M,Engineering,Remote-IE,CC-IE-005
HRIS-WKR-002092,WKR-PUB-002092,IE,LE-IE-SYNTH-001,ACTIVE,EMPLOYEE,PERMANENT,2015-10-07,,F,Finance,Limerick,CC-IE-016
HRIS-WKR-002093,WKR-PUB-002093,IE,LE-IE-SYNTH-001,ACTIVE,EMPLOYEE,PERMANENT,2018-02-27,,M,Technology,Dublin,CC-IE-022
HRIS-WKR-002094,WKR-PUB-002094,IE,LE-IE-SYNTH-001,ACTIVE,EMPLOYEE,PERMANENT,2015-08-15,,M,Finance,Dublin,CC-IE-007
HRIS-WKR-002095,WKR-PUB-002095,IE,LE-IE-SYNTH-001,ACTIVE,EMPLOYEE,PERMANENT,2020-10-04,,F,Engineering,Remote-IE,CC-IE-023
HRIS-WKR-002096,WKR-PUB-002096,IE,LE-IE-SYNTH-001,ACTIVE,EMPLOYEE,PERMANENT,2023-04-17,,F,Engineering,Dublin,CC-IE-040
HRIS-WKR-002097,WKR-PUB-002097,IE,LE-IE-SYNTH-001,ACTIVE,EMPLOYEE,PERMANENT,2023-09-04,,F,People,Dublin,CC-IE-014
HRIS-WKR-002098,WKR-PUB-002098,IE,LE-IE-SYNTH-001,ACTIVE,CONTRACTOR,PERMANENT,2019-05-15,,M,Engineering,Cork,CC-IE-025
HRIS-WKR-002099,WKR-PUB-002099,IE,LE-IE-SYNTH-001,ACTIVE,EMPLOYEE,PERMANENT,2014-04-19,,M,Finance,Dublin,CC-IE-025
HRIS-WKR-002100,WKR-PUB-002100,IE,LE-IE-SYNTH-001,ACTIVE,EMPLOYEE,PERMANENT,2016-06-16,,M,People,Remote-IE,CC-IE-023
HRIS-WKR-002101,WKR-PUB-002101,IE,LE-IE-SYNTH-001,TERMINATED,EMPLOYEE,PERMANENT,2025-03-01,2026-08-01,M,Engineering,Dublin,CC-IE-029
HRIS-WKR-002102,WKR-PUB-002102,IE,LE-IE-SYNTH-001,ACTIVE,EMPLOYEE,FIXED_TERM,2023-08-31,,F,Operations,Dublin,CC-IE-013
HRIS-WKR-002103,WKR-PUB-002103,IE,LE-IE-SYNTH-001,ACTIVE,EMPLOYEE,APPRENTICE,2019-03-30,,M,Engineering,Dublin,CC-IE-029
HRIS-WKR-002104,WKR-PUB-002104,IE,LE-IE-SYNTH-001,ACTIVE,CONTRACTOR,PERMANENT,2025-08-26,,M,Sales,Dublin,CC-IE-006
HRIS-WKR-002105,WKR-PUB-002105,IE,LE-IE-SYNTH-001,ACTIVE,EMPLOYEE,PERMANENT,2018-06-05,,F,Technology,Limerick,CC-IE-036
HRIS-WKR-002106,WKR-PUB-002106,IE,LE-IE-SYNTH-001,ACTIVE,EMPLOYEE,PERMANENT,2021-12-10,,F,Operations,Dublin,CC-IE-034
HRIS-WKR-002107,WKR-PUB-002107,IE,LE-IE-SYNTH-001,ACTIVE,EMPLOYEE,FIXED_TERM,2015-10-08,,M,Finance,Dublin,CC-IE-040
HRIS-WKR-002108,WKR-PUB-002108,IE,LE-IE-SYNTH-001,ACTIVE,CONTRACTOR,PERMANENT,2019-12-12,,M,Technology,Dublin,CC-IE-030
HRIS-WKR-002109,WKR-PUB-002109,IE,LE-IE-SYNTH-001,ACTIVE,EMPLOYEE,PERMANENT,2021-04-26,,M,Technology,Cork,CC-IE-039
HRIS-WKR-002110,WKR-PUB-002110,IE,LE-IE-SYNTH-001,ACTIVE,EMPLOYEE,PERMANENT,2015-12-06,,F,Engineering,Galway,CC-IE-003
HRIS-WKR-002111,WKR-PUB-002111,IE,LE-IE-SYNTH-001,ACTIVE,EMPLOYEE,PERMANENT,2021-11-13,,F,Engineering,Cork,CC-IE-024
HRIS-WKR-002112,WKR-PUB-002112,IE,LE-IE-SYNTH-001,ACTIVE,EMPLOYEE,PERMANENT,2019-01-07,,M,Engineering,Dublin,CC-IE-038
HRIS-WKR-002113,WKR-PUB-002113,IE,LE-IE-SYNTH-001,ACTIVE,EMPLOYEE,PERMANENT,2018-12-14,,M,Engineering,Dublin,CC-IE-016
HRIS-WKR-002114,WKR-PUB-002114,IE,LE-IE-SYNTH-001,ACTIVE,EMPLOYEE,PERMANENT,2019-02-05,,F,Technology,Dublin,CC-IE-006
HRIS-WKR-002115,WKR-PUB-002115,IE,LE-IE-SYNTH-001,ACTIVE,CONTRACTOR,PERMANENT,2017-11-12,,F,Operations,Dublin,CC-IE-005
HRIS-WKR-002116,WKR-PUB-002116,IE,LE-IE-SYNTH-001,ACTIVE,CONTRACTOR,PERMANENT,2015-01-01,,M,Engineering,Dublin,CC-IE-014
HRIS-WKR-002117,WKR-PUB-002117,IE,LE-IE-SYNTH-001,ACTIVE,EMPLOYEE,FIXED_TERM,2019-07-17,,M,Operations,Dublin,CC-IE-038
HRIS-WKR-002118,WKR-PUB-002118,IE,LE-IE-SYNTH-001,ACTIVE,EMPLOYEE,PERMANENT,2019-08-21,,F,Technology,Dublin,CC-IE-023
HRIS-WKR-002119,WKR-PUB-002119,IE,LE-IE-SYNTH-001,ACTIVE,EMPLOYEE,PERMANENT,2024-07-18,,M,Operations,Dublin,CC-IE-001
HRIS-WKR-002120,WKR-PUB-002120,IE,LE-IE-SYNTH-001,ACTIVE,EMPLOYEE,PERMANENT,2023-10-27,,F,Engineering,Dublin,CC-IE-002
HRIS-WKR-002121,WKR-PUB-002121,IE,LE-IE-SYNTH-001,ACTIVE,EMPLOYEE,PERMANENT,2022-09-27,,F,Finance,Dublin,CC-IE-033
HRIS-WKR-002122,WKR-PUB-002122,IE,LE-IE-SYNTH-001,ACTIVE,EMPLOYEE,PERMANENT,2025-07-01,,F,Technology,Cork,CC-IE-030
HRIS-WKR-002123,WKR-PUB-002123,IE,LE-IE-SYNTH-001,ACTIVE,CONTRACTOR,FIXED_TERM,2019-05-20,,M,Operations,Cork,CC-IE-029
HRIS-WKR-002124,WKR-PUB-002124,IE,LE-IE-SYNTH-001,ACTIVE,EMPLOYEE,PERMANENT,2020-04-14,,F,Engineering,Remote-IE,CC-IE-012
HRIS-WKR-002125,WKR-PUB-002125,IE,LE-IE-SYNTH-001,ACTIVE,EMPLOYEE,PERMANENT,2025-12-17,,M,Engineering,Dublin,CC-IE-033
HRIS-WKR-002126,WKR-PUB-002126,IE,LE-IE-SYNTH-001,TERMINATED,EMPLOYEE,PERMANENT,2024-12-15,2026-03-10,F,Finance,Dublin,CC-IE-012
HRIS-WKR-002127,WKR-PUB-002127,IE,LE-IE-SYNTH-001,ACTIVE,EMPLOYEE,PERMANENT,2014-08-06,,F,Engineering,Dublin,CC-IE-026
HRIS-WKR-002128,WKR-PUB-002128,IE,LE-IE-SYNTH-001,ACTIVE,EMPLOYEE,PERMANENT,2021-03-01,,M,Operations,Dublin,CC-IE-004
HRIS-WKR-002129,WKR-PUB-002129,IE,LE-IE-SYNTH-001,ACTIVE,EMPLOYEE,FIXED_TERM,2024-06-27,,,Sales,Cork,CC-IE-037
HRIS-WKR-002130,WKR-PUB-002130,IE,LE-IE-SYNTH-001,ACTIVE,EMPLOYEE,PERMANENT,2018-05-14,,M,Sales,Dublin,CC-IE-022
HRIS-WKR-002131,WKR-PUB-002131,IE,LE-IE-SYNTH-001,ACTIVE,EMPLOYEE,PERMANENT,2021-03-18,,F,Engineering,Limerick,CC-IE-003
HRIS-WKR-002132,WKR-PUB-002132,IE,LE-IE-SYNTH-001,ACTIVE,EMPLOYEE,PERMANENT,2021-11-06,,NB,Sales,Remote-IE,CC-IE-004
HRIS-WKR-002133,WKR-PUB-002133,IE,LE-IE-SYNTH-001,ACTIVE,EMPLOYEE,PERMANENT,2020-04-12,,M,Engineering,Dublin,CC-IE-011
HRIS-WKR-002134,WKR-PUB-002134,IE,LE-IE-SYNTH-001,ACTIVE,EMPLOYEE,FIXED_TERM,2025-01-14,,F,Engineering,Remote-IE,CC-IE-008
HRIS-WKR-002135,WKR-PUB-002135,IE,LE-IE-SYNTH-001,ACTIVE,CONTRACTOR,PERMANENT,2023-02-11,,M,People,Dublin,CC-IE-026
HRIS-WKR-002136,WKR-PUB-002136,IE,LE-IE-SYNTH-001,ACTIVE,EMPLOYEE,PERMANENT,2020-05-15,,M,Technology,Dublin,CC-IE-018
HRIS-WKR-002137,WKR-PUB-002137,IE,LE-IE-SYNTH-001,ACTIVE,EMPLOYEE,PERMANENT,2020-09-22,,,Technology,Dublin,CC-IE-015
HRIS-WKR-002138,WKR-PUB-002138,IE,LE-IE-SYNTH-001,ACTIVE,EMPLOYEE,PERMANENT,2015-07-08,,M,Sales,Cork,CC-IE-007
HRIS-WKR-002139,WKR-PUB-002139,IE,LE-IE-SYNTH-001,ACTIVE,EMPLOYEE,PERMANENT,2016-04-15,,F,Sales,Cork,CC-IE-025
HRIS-WKR-002140,WKR-PUB-002140,IE,LE-IE-SYNTH-001,ACTIVE,EMPLOYEE,PERMANENT,2022-08-29,,F,Technology,Remote-IE,CC-IE-025
HRIS-WKR-002141,WKR-PUB-002141,IE,LE-IE-SYNTH-001,ACTIVE,EMPLOYEE,PERMANENT,2020-07-12,,M,Technology,Dublin,CC-IE-035
HRIS-WKR-002142,WKR-PUB-002142,IE,LE-IE-SYNTH-001,ACTIVE,EMPLOYEE,PERMANENT,2020-05-03,,M,Operations,Cork,CC-IE-023
HRIS-WKR-002143,WKR-PUB-002143,IE,LE-IE-SYNTH-001,ACTIVE,EMPLOYEE,PERMANENT,2021-03-16,,,People,Dublin,CC-IE-040
HRIS-WKR-002144,WKR-PUB-002144,IE,LE-IE-SYNTH-001,ACTIVE,EMPLOYEE,PERMANENT,2019-09-24,,F,Engineering,Dublin,CC-IE-014
HRIS-WKR-002145,WKR-PUB-002145,IE,LE-IE-SYNTH-001,ACTIVE,EMPLOYEE,FIXED_TERM,2024-02-14,,F,Operations,Dublin,CC-IE-036
HRIS-WKR-002146,WKR-PUB-002146,IE,LE-IE-SYNTH-001,ACTIVE,EMPLOYEE,PERMANENT,2020-11-21,,M,Sales,Remote-IE,CC-IE-017
HRIS-WKR-002147,WKR-PUB-002147,IE,LE-IE-SYNTH-001,ACTIVE,EMPLOYEE,PERMANENT,2015-04-30,,M,Finance,Galway,CC-IE-004
HRIS-WKR-002148,WKR-PUB-002148,IE,LE-IE-SYNTH-001,ACTIVE,EMPLOYEE,FIXED_TERM,2025-10-20,,M,Engineering,Dublin,CC-IE-036
HRIS-WKR-002149,WKR-PUB-002149,IE,LE-IE-SYNTH-001,ACTIVE,EMPLOYEE,FIXED_TERM,2026-01-04,,F,Operations,Galway,CC-IE-036
HRIS-WKR-002150,WKR-PUB-002150,IE,LE-IE-SYNTH-001,ACTIVE,EMPLOYEE,PERMANENT,2014-06-11,,M,People,Cork,CC-IE-016
HRIS-WKR-002151,WKR-PUB-002151,IE,LE-IE-SYNTH-001,ACTIVE,EMPLOYEE,FIXED_TERM,2025-05-16,,M,Engineering,Dublin,CC-IE-030
HRIS-WKR-002152,WKR-PUB-002152,IE,LE-IE-SYNTH-001,ACTIVE,EMPLOYEE,PERMANENT,2018-01-15,,F,Operations,Dublin,CC-IE-032
HRIS-WKR-002153,WKR-PUB-002153,IE,LE-IE-SYNTH-001,ACTIVE,EMPLOYEE,PERMANENT,2020-07-05,,M,Sales,Dublin,CC-IE-029
HRIS-WKR-002154,WKR-PUB-002154,IE,LE-IE-SYNTH-001,ACTIVE,EMPLOYEE,PERMANENT,2022-11-17,,F,Operations,Galway,CC-IE-034
HRIS-WKR-002155,WKR-PUB-002155,IE,LE-IE-SYNTH-001,ACTIVE,EMPLOYEE,FIXED_TERM,2016-12-02,,M,Sales,Limerick,CC-IE-021
HRIS-WKR-002156,WKR-PUB-002156,IE,LE-IE-SYNTH-001,ACTIVE,EMPLOYEE,PERMANENT,2015-11-15,,UNDISCLOSED,Sales,Dublin,CC-IE-030
HRIS-WKR-002157,WKR-PUB-002157,IE,LE-IE-SYNTH-001,ACTIVE,EMPLOYEE,PERMANENT,2016-06-21,,F,Operations,Limerick,CC-IE-016
HRIS-WKR-002158,WKR-PUB-002158,IE,LE-IE-SYNTH-001,ACTIVE,EMPLOYEE,PERMANENT,2019-12-07,,F,Finance,Dublin,CC-IE-027
HRIS-WKR-002159,WKR-PUB-002159,IE,LE-IE-SYNTH-001,ACTIVE,EMPLOYEE,PERMANENT,2019-04-06,,M,Technology,Limerick,CC-IE-016
HRIS-WKR-002160,WKR-PUB-002160,IE,LE-IE-SYNTH-001,ACTIVE,EMPLOYEE,PERMANENT,2015-06-10,,M,Operations,Dublin,CC-IE-006
HRIS-WKR-002161,WKR-PUB-002161,IE,LE-IE-SYNTH-001,ACTIVE,EMPLOYEE,APPRENTICE,2016-04-13,,M,Technology,Cork,CC-IE-038
HRIS-WKR-002162,WKR-PUB-002162,IE,LE-IE-SYNTH-001,ACTIVE,EMPLOYEE,PERMANENT,2016-09-16,,NB,Engineering,Dublin,CC-IE-002
HRIS-WKR-002163,WKR-PUB-002163,IE,LE-IE-SYNTH-001,ACTIVE,EMPLOYEE,PERMANENT,2022-07-15,,M,Engineering,Dublin,CC-IE-034
HRIS-WKR-002164,WKR-PUB-002164,IE,LE-IE-SYNTH-001,ACTIVE,EMPLOYEE,PERMANENT,2023-09-28,,F,Operations,Remote-IE,CC-IE-005
HRIS-WKR-002165,WKR-PUB-002165,IE,LE-IE-SYNTH-001,ACTIVE,EMPLOYEE,PERMANENT,2014-07-23,,M,Sales,Dublin,CC-IE-006
HRIS-WKR-002166,WKR-PUB-002166,IE,LE-IE-SYNTH-001,ACTIVE,CONTRACTOR,PERMANENT,2017-06-23,,F,Engineering,Dublin,CC-IE-036
HRIS-WKR-002167,WKR-PUB-002167,IE,LE-IE-SYNTH-001,ACTIVE,EMPLOYEE,PERMANENT,2015-07-11,,F,Engineering,Remote-IE,CC-IE-010
HRIS-WKR-002168,WKR-PUB-002168,IE,LE-IE-SYNTH-001,ACTIVE,EMPLOYEE,PERMANENT,2016-01-14,,F,Sales,Dublin,CC-IE-040
HRIS-WKR-002169,WKR-PUB-002169,IE,LE-IE-SYNTH-001,ACTIVE,EMPLOYEE,PERMANENT,2020-05-12,,M,Engineering,Dublin,CC-IE-003
HRIS-WKR-002170,WKR-PUB-002170,IE,LE-IE-SYNTH-001,ACTIVE,EMPLOYEE,APPRENTICE,2018-10-02,,F,Engineering,Dublin,CC-IE-032
HRIS-WKR-002171,WKR-PUB-002171,IE,LE-IE-SYNTH-001,ACTIVE,EMPLOYEE,PERMANENT,2017-10-13,,F,Operations,Dublin,CC-IE-038
HRIS-WKR-002172,WKR-PUB-002172,IE,LE-IE-SYNTH-001,ACTIVE,EMPLOYEE,PERMANENT,2024-03-07,,M,Sales,Limerick,CC-IE-006
HRIS-WKR-002173,WKR-PUB-002173,IE,LE-IE-SYNTH-001,ACTIVE,EMPLOYEE,PERMANENT,2017-10-14,,F,Finance,Cork,CC-IE-028
HRIS-WKR-002174,WKR-PUB-002174,IE,LE-IE-SYNTH-001,ACTIVE,EMPLOYEE,PERMANENT,2021-12-18,,M,Sales,Dublin,CC-IE-035
HRIS-WKR-002175,WKR-PUB-002175,IE,LE-IE-SYNTH-001,ACTIVE,EMPLOYEE,FIXED_TERM,2020-09-05,,F,Finance,Dublin,CC-IE-007
HRIS-WKR-002176,WKR-PUB-002176,IE,LE-IE-SYNTH-001,TERMINATED,EMPLOYEE,PERMANENT,2015-12-17,2026-11-21,F,Sales,Cork,CC-IE-040
HRIS-WKR-002177,WKR-PUB-002177,IE,LE-IE-SYNTH-001,ACTIVE,EMPLOYEE,PERMANENT,2022-08-13,,F,Sales,Dublin,CC-IE-025
HRIS-WKR-002178,WKR-PUB-002178,IE,LE-IE-SYNTH-001,ACTIVE,EMPLOYEE,PERMANENT,2020-07-28,,M,Operations,Dublin,CC-IE-027
HRIS-WKR-002179,WKR-PUB-002179,IE,LE-IE-SYNTH-001,ACTIVE,EMPLOYEE,PERMANENT,2017-04-01,,M,People,Galway,CC-IE-021
HRIS-WKR-002180,WKR-PUB-002180,IE,LE-IE-SYNTH-001,ACTIVE,EMPLOYEE,PERMANENT,2023-08-28,,M,Sales,Dublin,CC-IE-014
HRIS-WKR-002181,WKR-PUB-002181,IE,LE-IE-SYNTH-001,ACTIVE,EMPLOYEE,PERMANENT,2018-04-14,,M,Sales,Cork,CC-IE-038
HRIS-WKR-002182,WKR-PUB-002182,IE,LE-IE-SYNTH-001,ACTIVE,EMPLOYEE,FIXED_TERM,2018-06-21,,M,Sales,Galway,CC-IE-033
HRIS-WKR-002183,WKR-PUB-002183,IE,LE-IE-SYNTH-001,ACTIVE,EMPLOYEE,APPRENTICE,2021-05-22,,M,Operations,Dublin,CC-IE-023
HRIS-WKR-002184,WKR-PUB-002184,IE,LE-IE-SYNTH-001,TERMINATED,CONTRACTOR,PERMANENT,2020-08-30,2026-12-26,M,Operations,Dublin,CC-IE-034
HRIS-WKR-002185,WKR-PUB-002185,IE,LE-IE-SYNTH-001,ACTIVE,EMPLOYEE,PERMANENT,2022-10-12,,M,Engineering,Dublin,CC-IE-017
HRIS-WKR-002186,WKR-PUB-002186,IE,LE-IE-SYNTH-001,ACTIVE,EMPLOYEE,PERMANENT,2014-05-31,,F,Finance,Dublin,CC-IE-039
HRIS-WKR-002187,WKR-PUB-002187,IE,LE-IE-SYNTH-001,ACTIVE,EMPLOYEE,PERMANENT,2020-05-28,,M,Operations,Cork,CC-IE-011
HRIS-WKR-002188,WKR-PUB-002188,IE,LE-IE-SYNTH-001,ACTIVE,EMPLOYEE,PERMANENT,2014-10-15,,M,Finance,Limerick,CC-IE-027
HRIS-WKR-002189,WKR-PUB-002189,IE,LE-IE-SYNTH-001,ACTIVE,EMPLOYEE,PERMANENT,2020-08-14,,F,Operations,Dublin,CC-IE-033
HRIS-WKR-002190,WKR-PUB-002190,IE,LE-IE-SYNTH-001,ACTIVE,EMPLOYEE,APPRENTICE,2025-06-30,,M,Engineering,Dublin,CC-IE-032
HRIS-WKR-002191,WKR-PUB-002191,IE,LE-IE-SYNTH-001,ACTIVE,EMPLOYEE,PERMANENT,2024-09-19,,F,Sales,Cork,CC-IE-004
HRIS-WKR-002192,WKR-PUB-002192,IE,LE-IE-SYNTH-001,ACTIVE,EMPLOYEE,PERMANENT,2019-11-18,,M,Technology,Dublin,CC-IE-011
HRIS-WKR-002193,WKR-PUB-002193,IE,LE-IE-SYNTH-001,ACTIVE,EMPLOYEE,FIXED_TERM,2022-04-10,,F,People,Dublin,CC-IE-020
HRIS-WKR-002194,WKR-PUB-002194,IE,LE-IE-SYNTH-001,ACTIVE,EMPLOYEE,FIXED_TERM,2018-03-18,,F,Engineering,Dublin,CC-IE-002
HRIS-WKR-002195,WKR-PUB-002195,IE,LE-IE-SYNTH-001,ACTIVE,EMPLOYEE,APPRENTICE,2018-10-06,,M,Sales,Dublin,CC-IE-017
HRIS-WKR-002196,WKR-PUB-002196,IE,LE-IE-SYNTH-001,ACTIVE,EMPLOYEE,PERMANENT,2024-04-04,,M,Engineering,Remote-IE,CC-IE-020
HRIS-WKR-002197,WKR-PUB-002197,IE,LE-IE-SYNTH-001,ACTIVE,EMPLOYEE,PERMANENT,2014-07-12,,M,Operations,Dublin,CC-IE-040
HRIS-WKR-002198,WKR-PUB-002198,IE,LE-IE-SYNTH-001,ACTIVE,EMPLOYEE,PERMANENT,2025-08-17,,M,Engineering,Dublin,CC-IE-006
HRIS-WKR-002199,WKR-PUB-002199,IE,LE-IE-SYNTH-001,ACTIVE,EMPLOYEE,PERMANENT,2019-02-23,,F,People,Galway,CC-IE-014
HRIS-WKR-002200,WKR-PUB-002200,IE,LE-IE-SYNTH-001,ACTIVE,EMPLOYEE,PERMANENT,2019-07-12,,F,Sales,Dublin,CC-IE-027
HRIS-WKR-002201,WKR-PUB-002201,IE,LE-IE-SYNTH-001,ACTIVE,EMPLOYEE,PERMANENT,2021-06-27,,M,Engineering,Remote-IE,CC-IE-023
HRIS-WKR-002202,WKR-PUB-002202,IE,LE-IE-SYNTH-001,ACTIVE,EMPLOYEE,PERMANENT,2023-06-22,,F,People,Remote-IE,CC-IE-033
HRIS-WKR-002203,WKR-PUB-002203,IE,LE-IE-SYNTH-001,TERMINATED,EMPLOYEE,PERMANENT,2018-06-03,2026-08-08,F,Sales,Dublin,CC-IE-020
HRIS-WKR-002204,WKR-PUB-002204,IE,LE-IE-SYNTH-001,ACTIVE,EMPLOYEE,PERMANENT,2017-02-05,,F,People,Remote-IE,CC-IE-039
HRIS-WKR-002205,WKR-PUB-002205,IE,LE-IE-SYNTH-001,ACTIVE,CONTRACTOR,APPRENTICE,2024-07-29,,F,People,Cork,CC-IE-003
HRIS-WKR-002206,WKR-PUB-002206,IE,LE-IE-SYNTH-001,ACTIVE,EMPLOYEE,FIXED_TERM,2014-02-13,,M,Operations,Cork,CC-IE-029
HRIS-WKR-002207,WKR-PUB-002207,IE,LE-IE-SYNTH-001,ACTIVE,EMPLOYEE,PERMANENT,2018-09-13,,M,Technology,Limerick,CC-IE-002
HRIS-WKR-002208,WKR-PUB-002208,IE,LE-IE-SYNTH-001,ACTIVE,EMPLOYEE,PERMANENT,2014-08-15,,F,Operations,Cork,CC-IE-012
HRIS-WKR-002209,WKR-PUB-002209,IE,LE-IE-SYNTH-001,ACTIVE,EMPLOYEE,PERMANENT,2015-04-26,,UNDISCLOSED,Operations,Cork,CC-IE-002
HRIS-WKR-002210,WKR-PUB-002210,IE,LE-IE-SYNTH-001,ACTIVE,EMPLOYEE,PERMANENT,2016-03-01,,M,People,Dublin,CC-IE-040
HRIS-WKR-002211,WKR-PUB-002211,IE,LE-IE-SYNTH-001,ACTIVE,EMPLOYEE,PERMANENT,2024-10-26,,NB,Operations,Dublin,CC-IE-035
HRIS-WKR-002212,WKR-PUB-002212,IE,LE-IE-SYNTH-001,ACTIVE,EMPLOYEE,FIXED_TERM,2023-12-05,,F,Operations,Galway,CC-IE-016
HRIS-WKR-002213,WKR-PUB-002213,IE,LE-IE-SYNTH-001,ACTIVE,EMPLOYEE,PERMANENT,2022-06-29,,M,Technology,Dublin,CC-IE-017
HRIS-WKR-002214,WKR-PUB-002214,IE,LE-IE-SYNTH-001,ACTIVE,EMPLOYEE,PERMANENT,2022-03-17,,M,Engineering,Dublin,CC-IE-023
HRIS-WKR-002215,WKR-PUB-002215,IE,LE-IE-SYNTH-001,ACTIVE,EMPLOYEE,PERMANENT,2017-08-02,,F,Engineering,Galway,CC-IE-025
HRIS-WKR-002216,WKR-PUB-002216,IE,LE-IE-SYNTH-001,ACTIVE,EMPLOYEE,PERMANENT,2021-06-21,,M,Finance,Dublin,CC-IE-037
HRIS-WKR-002217,WKR-PUB-002217,IE,LE-IE-SYNTH-001,ACTIVE,EMPLOYEE,PERMANENT,2018-05-25,,M,Sales,Galway,CC-IE-038
HRIS-WKR-002218,WKR-PUB-002218,IE,LE-IE-SYNTH-001,ACTIVE,EMPLOYEE,PERMANENT,2025-11-12,,M,Sales,Galway,CC-IE-030
HRIS-WKR-002219,WKR-PUB-002219,IE,LE-IE-SYNTH-001,ACTIVE,EMPLOYEE,PERMANENT,2025-09-15,,M,Operations,Galway,CC-IE-032
HRIS-WKR-002220,WKR-PUB-002220,IE,LE-IE-SYNTH-001,ACTIVE,EMPLOYEE,PERMANENT,2016-06-24,,F,Technology,Dublin,CC-IE-015
HRIS-WKR-002221,WKR-PUB-002221,IE,LE-IE-SYNTH-001,ACTIVE,CONTRACTOR,PERMANENT,2016-09-14,,M,Operations,Cork,CC-IE-004
HRIS-WKR-002222,WKR-PUB-002222,IE,LE-IE-SYNTH-001,ACTIVE,EMPLOYEE,PERMANENT,2017-07-25,,F,Engineering,Dublin,CC-IE-028
HRIS-WKR-002223,WKR-PUB-002223,IE,LE-IE-SYNTH-001,ACTIVE,CONTRACTOR,PERMANENT,2018-03-19,,M,Operations,Dublin,CC-IE-022
HRIS-WKR-002224,WKR-PUB-002224,IE,LE-IE-SYNTH-001,ACTIVE,EMPLOYEE,PERMANENT,2018-03-01,,F,Sales,Galway,CC-IE-020
HRIS-WKR-002225,WKR-PUB-002225,IE,LE-IE-SYNTH-001,ACTIVE,EMPLOYEE,PERMANENT,2018-08-20,,F,Engineering,Dublin,CC-IE-021
HRIS-WKR-002226,WKR-PUB-002226,IE,LE-IE-SYNTH-001,ACTIVE,EMPLOYEE,PERMANENT,2017-07-12,,F,People,Dublin,CC-IE-040
HRIS-WKR-002227,WKR-PUB-002227,IE,LE-IE-SYNTH-001,ACTIVE,EMPLOYEE,PERMANENT,2023-03-02,,F,Technology,Remote-IE,CC-IE-018
HRIS-WKR-002228,WKR-PUB-002228,IE,LE-IE-SYNTH-001,ACTIVE,EMPLOYEE,PERMANENT,2014-09-20,,M,Engineering,Cork,CC-IE-020
HRIS-WKR-002229,WKR-PUB-002229,IE,LE-IE-SYNTH-001,ACTIVE,EMPLOYEE,PERMANENT,2021-03-01,,M,Finance,Dublin,CC-IE-003
HRIS-WKR-002230,WKR-PUB-002230,IE,LE-IE-SYNTH-001,ACTIVE,CONTRACTOR,PERMANENT,2015-02-11,,M,Engineering,Dublin,CC-IE-037
HRIS-WKR-002231,WKR-PUB-002231,IE,LE-IE-SYNTH-001,ACTIVE,EMPLOYEE,PERMANENT,2014-10-22,,M,Operations,Dublin,CC-IE-034
HRIS-WKR-002232,WKR-PUB-002232,IE,LE-IE-SYNTH-001,ACTIVE,EMPLOYEE,PERMANENT,2015-02-13,,F,Sales,Limerick,CC-IE-008
HRIS-WKR-002233,WKR-PUB-002233,IE,LE-IE-SYNTH-001,ACTIVE,EMPLOYEE,FIXED_TERM,2016-06-18,,M,Engineering,Dublin,CC-IE-014
HRIS-WKR-002234,WKR-PUB-002234,IE,LE-IE-SYNTH-001,ACTIVE,EMPLOYEE,PERMANENT,2014-12-03,,F,Sales,Dublin,CC-IE-034
HRIS-WKR-002235,WKR-PUB-002235,IE,LE-IE-SYNTH-001,ACTIVE,EMPLOYEE,PERMANENT,2019-02-02,,M,Finance,Dublin,CC-IE-004
HRIS-WKR-002236,WKR-PUB-002236,IE,LE-IE-SYNTH-001,ACTIVE,EMPLOYEE,PERMANENT,2017-06-07,,F,Engineering,Galway,CC-IE-015
HRIS-WKR-002237,WKR-PUB-002237,IE,LE-IE-SYNTH-001,ACTIVE,EMPLOYEE,FIXED_TERM,2016-11-30,,M,Operations,Dublin,CC-IE-008
HRIS-WKR-002238,WKR-PUB-002238,IE,LE-IE-SYNTH-001,ACTIVE,EMPLOYEE,PERMANENT,2020-05-16,,F,Engineering,Cork,CC-IE-018
HRIS-WKR-002239,WKR-PUB-002239,IE,LE-IE-SYNTH-001,ACTIVE,CONTRACTOR,PERMANENT,2023-05-04,,F,Operations,Dublin,CC-IE-035
HRIS-WKR-002240,WKR-PUB-002240,IE,LE-IE-SYNTH-001,ACTIVE,EMPLOYEE,PERMANENT,2022-11-16,,,Engineering,Cork,CC-IE-002
HRIS-WKR-002241,WKR-PUB-002241,IE,LE-IE-SYNTH-001,ACTIVE,EMPLOYEE,PERMANENT,2018-11-26,,M,People,Cork,CC-IE-039
HRIS-WKR-002242,WKR-PUB-002242,IE,LE-IE-SYNTH-001,ACTIVE,EMPLOYEE,PERMANENT,2015-03-17,,M,Finance,Remote-IE,CC-IE-011
HRIS-WKR-002243,WKR-PUB-002243,IE,LE-IE-SYNTH-001,ACTIVE,EMPLOYEE,PERMANENT,2020-05-05,,,Technology,Limerick,CC-IE-003
HRIS-WKR-002244,WKR-PUB-002244,IE,LE-IE-SYNTH-001,ACTIVE,EMPLOYEE,PERMANENT,2021-05-18,,F,Sales,Dublin,CC-IE-025
HRIS-WKR-002245,WKR-PUB-002245,IE,LE-IE-SYNTH-001,ACTIVE,CONTRACTOR,PERMANENT,2023-01-19,,M,Operations,Cork,CC-IE-029
HRIS-WKR-002246,WKR-PUB-002246,IE,LE-IE-SYNTH-001,ACTIVE,EMPLOYEE,PERMANENT,2018-07-03,,M,Operations,Dublin,CC-IE-021
HRIS-WKR-002247,WKR-PUB-002247,IE,LE-IE-SYNTH-001,ACTIVE,EMPLOYEE,PERMANENT,2020-04-17,,M,Operations,Dublin,CC-IE-012
HRIS-WKR-002248,WKR-PUB-002248,IE,LE-IE-SYNTH-001,ACTIVE,EMPLOYEE,PERMANENT,2025-11-28,,F,Operations,Dublin,CC-IE-037
HRIS-WKR-002249,WKR-PUB-002249,IE,LE-IE-SYNTH-001,ACTIVE,EMPLOYEE,PERMANENT,2024-10-26,,NB,Finance,Dublin,CC-IE-025
HRIS-WKR-002250,WKR-PUB-002250,IE,LE-IE-SYNTH-001,ACTIVE,EMPLOYEE,PERMANENT,2021-01-24,,M,Operations,Dublin,CC-IE-035
HRIS-WKR-002251,WKR-PUB-002251,IE,LE-IE-SYNTH-001,TERMINATED,EMPLOYEE,PERMANENT,2015-01-03,2026-05-05,F,Engineering,Limerick,CC-IE-039
HRIS-WKR-002252,WKR-PUB-002252,IE,LE-IE-SYNTH-001,ACTIVE,EMPLOYEE,PERMANENT,2014-07-16,,F,Technology,Remote-IE,CC-IE-040
HRIS-WKR-002253,WKR-PUB-002253,IE,LE-IE-SYNTH-001,ACTIVE,EMPLOYEE,PERMANENT,2018-07-19,,F,Operations,Limerick,CC-IE-015
HRIS-WKR-002254,WKR-PUB-002254,IE,LE-IE-SYNTH-001,ACTIVE,EMPLOYEE,FIXED_TERM,2015-06-25,,M,Engineering,Remote-IE,CC-IE-027
HRIS-WKR-002255,WKR-PUB-002255,IE,LE-IE-SYNTH-001,ACTIVE,EMPLOYEE,PERMANENT,2016-09-09,,F,Technology,Remote-IE,CC-IE-013
HRIS-WKR-002256,WKR-PUB-002256,IE,LE-IE-SYNTH-001,ACTIVE,EMPLOYEE,PERMANENT,2016-05-13,,M,Technology,Dublin,CC-IE-034
HRIS-WKR-002257,WKR-PUB-002257,IE,LE-IE-SYNTH-001,ACTIVE,EMPLOYEE,PERMANENT,2025-03-22,,F,Sales,Dublin,CC-IE-027
HRIS-WKR-002258,WKR-PUB-002258,IE,LE-IE-SYNTH-001,ACTIVE,EMPLOYEE,FIXED_TERM,2025-05-08,,M,People,Dublin,CC-IE-026
HRIS-WKR-002259,WKR-PUB-002259,IE,LE-IE-SYNTH-001,ACTIVE,EMPLOYEE,PERMANENT,2021-03-14,,M,Sales,Dublin,CC-IE-038
HRIS-WKR-002260,WKR-PUB-002260,IE,LE-IE-SYNTH-001,TERMINATED,EMPLOYEE,PERMANENT,2015-08-06,2026-02-27,M,Sales,Remote-IE,CC-IE-039
HRIS-WKR-002261,WKR-PUB-002261,IE,LE-IE-SYNTH-001,ACTIVE,CONTRACTOR,FIXED_TERM,2019-08-08,,F,Sales,Dublin,CC-IE-019
HRIS-WKR-002262,WKR-PUB-002262,IE,LE-IE-SYNTH-001,ACTIVE,EMPLOYEE,PERMANENT,2021-09-18,,F,People,Limerick,CC-IE-033
HRIS-WKR-002263,WKR-PUB-002263,IE,LE-IE-SYNTH-001,ACTIVE,EMPLOYEE,PERMANENT,2017-07-26,,M,Operations,Dublin,CC-IE-008
HRIS-WKR-002264,WKR-PUB-002264,IE,LE-IE-SYNTH-001,ACTIVE,EMPLOYEE,FIXED_TERM,2023-12-10,,NB,Sales,Cork,CC-IE-030
HRIS-WKR-002265,WKR-PUB-002265,IE,LE-IE-SYNTH-001,ACTIVE,EMPLOYEE,PERMANENT,2024-05-11,,NB,Engineering,Dublin,CC-IE-027
HRIS-WKR-002266,WKR-PUB-002266,IE,LE-IE-SYNTH-001,ACTIVE,EMPLOYEE,PERMANENT,2024-03-22,,M,Technology,Galway,CC-IE-040
HRIS-WKR-002267,WKR-PUB-002267,IE,LE-IE-SYNTH-001,ACTIVE,EMPLOYEE,PERMANENT,2014-03-16,,M,Engineering,Dublin,CC-IE-035
HRIS-WKR-002268,WKR-PUB-002268,IE,LE-IE-SYNTH-001,ACTIVE,EMPLOYEE,FIXED_TERM,2023-03-20,,UNDISCLOSED,Technology,Galway,CC-IE-005
HRIS-WKR-002269,WKR-PUB-002269,IE,LE-IE-SYNTH-001,ACTIVE,EMPLOYEE,PERMANENT,2016-04-12,,F,Operations,Cork,CC-IE-008
HRIS-WKR-002270,WKR-PUB-002270,IE,LE-IE-SYNTH-001,ACTIVE,EMPLOYEE,PERMANENT,2018-05-03,,M,Operations,Cork,CC-IE-007
HRIS-WKR-002271,WKR-PUB-002271,IE,LE-IE-SYNTH-001,ACTIVE,EMPLOYEE,PERMANENT,2021-11-18,,M,Operations,Dublin,CC-IE-039
HRIS-WKR-002272,WKR-PUB-002272,IE,LE-IE-SYNTH-001,ACTIVE,EMPLOYEE,FIXED_TERM,2024-04-01,,F,Technology,Dublin,CC-IE-036
HRIS-WKR-002273,WKR-PUB-002273,IE,LE-IE-SYNTH-001,ACTIVE,EMPLOYEE,PERMANENT,2018-05-24,,M,Technology,Dublin,CC-IE-024
HRIS-WKR-002274,WKR-PUB-002274,IE,LE-IE-SYNTH-001,ACTIVE,EMPLOYEE,PERMANENT,2016-12-01,,F,Engineering,Remote-IE,CC-IE-028
HRIS-WKR-002275,WKR-PUB-002275,IE,LE-IE-SYNTH-001,ACTIVE,EMPLOYEE,FIXED_TERM,2025-06-01,,M,Finance,Remote-IE,CC-IE-014
HRIS-WKR-002276,WKR-PUB-002276,IE,LE-IE-SYNTH-001,ACTIVE,EMPLOYEE,FIXED_TERM,2024-08-23,,M,Operations,Dublin,CC-IE-008
HRIS-WKR-002277,WKR-PUB-002277,IE,LE-IE-SYNTH-001,ACTIVE,EMPLOYEE,PERMANENT,2016-06-07,,M,Sales,Limerick,CC-IE-020
HRIS-WKR-002278,WKR-PUB-002278,IE,LE-IE-SYNTH-001,ACTIVE,EMPLOYEE,PERMANENT,2014-11-16,,M,Engineering,Dublin,CC-IE-034
HRIS-WKR-002279,WKR-PUB-002279,IE,LE-IE-SYNTH-001,ACTIVE,EMPLOYEE,PERMANENT,2024-01-12,,M,People,Cork,CC-IE-011
HRIS-WKR-002280,WKR-PUB-002280,IE,LE-IE-SYNTH-001,ACTIVE,EMPLOYEE,PERMANENT,2024-05-16,,F,Operations,Dublin,CC-IE-022
HRIS-WKR-002281,WKR-PUB-002281,IE,LE-IE-SYNTH-001,ACTIVE,EMPLOYEE,FIXED_TERM,2024-10-10,,UNDISCLOSED,Engineering,Dublin,CC-IE-004
HRIS-WKR-002282,WKR-PUB-002282,IE,LE-IE-SYNTH-001,ACTIVE,EMPLOYEE,PERMANENT,2014-11-06,,M,People,Cork,CC-IE-036
HRIS-WKR-002283,WKR-PUB-002283,IE,LE-IE-SYNTH-001,ACTIVE,EMPLOYEE,PERMANENT,2019-05-14,,F,Engineering,Remote-IE,CC-IE-031
HRIS-WKR-002284,WKR-PUB-002284,IE,LE-IE-SYNTH-001,ACTIVE,EMPLOYEE,FIXED_TERM,2024-05-25,,F,Technology,Dublin,CC-IE-003
HRIS-WKR-002285,WKR-PUB-002285,IE,LE-IE-SYNTH-001,ACTIVE,EMPLOYEE,PERMANENT,2014-09-28,,F,Finance,Dublin,CC-IE-035
HRIS-WKR-002286,WKR-PUB-002286,IE,LE-IE-SYNTH-001,ACTIVE,EMPLOYEE,APPRENTICE,2017-12-09,,M,People,Dublin,CC-IE-005
HRIS-WKR-002287,WKR-PUB-002287,IE,LE-IE-SYNTH-001,ACTIVE,EMPLOYEE,FIXED_TERM,2015-04-09,,M,Operations,Dublin,CC-IE-003
HRIS-WKR-002288,WKR-PUB-002288,IE,LE-IE-SYNTH-001,ACTIVE,EMPLOYEE,PERMANENT,2019-07-26,,F,Engineering,Dublin,CC-IE-013
HRIS-WKR-002289,WKR-PUB-002289,IE,LE-IE-SYNTH-001,ACTIVE,EMPLOYEE,PERMANENT,2014-12-21,,M,Operations,Galway,CC-IE-027
HRIS-WKR-002290,WKR-PUB-002290,IE,LE-IE-SYNTH-001,ACTIVE,EMPLOYEE,PERMANENT,2025-06-30,,F,Engineering,Galway,CC-IE-029
HRIS-WKR-002291,WKR-PUB-002291,IE,LE-IE-SYNTH-001,ACTIVE,EMPLOYEE,PERMANENT,2014-04-20,,F,Engineering,Remote-IE,CC-IE-033
HRIS-WKR-002292,WKR-PUB-002292,IE,LE-IE-SYNTH-001,ACTIVE,EMPLOYEE,PERMANENT,2025-09-10,,F,Sales,Cork,CC-IE-032
HRIS-WKR-002293,WKR-PUB-002293,IE,LE-IE-SYNTH-001,ACTIVE,EMPLOYEE,APPRENTICE,2014-02-26,,F,Engineering,Dublin,CC-IE-021
HRIS-WKR-002294,WKR-PUB-002294,IE,LE-IE-SYNTH-001,ACTIVE,EMPLOYEE,FIXED_TERM,2023-01-06,,M,Sales,Remote-IE,CC-IE-033
HRIS-WKR-002295,WKR-PUB-002295,IE,LE-IE-SYNTH-001,ACTIVE,EMPLOYEE,PERMANENT,2016-12-04,,M,Engineering,Galway,CC-IE-007
HRIS-WKR-002296,WKR-PUB-002296,IE,LE-IE-SYNTH-001,ACTIVE,EMPLOYEE,PERMANENT,2017-03-01,,F,Finance,Dublin,CC-IE-034
HRIS-WKR-002297,WKR-PUB-002297,IE,LE-IE-SYNTH-001,TERMINATED,EMPLOYEE,PERMANENT,2019-11-16,2026-04-12,M,Sales,Dublin,CC-IE-014
HRIS-WKR-002298,WKR-PUB-002298,IE,LE-IE-SYNTH-001,ACTIVE,EMPLOYEE,PERMANENT,2016-08-07,,F,Sales,Galway,CC-IE-022
HRIS-WKR-002299,WKR-PUB-002299,IE,LE-IE-SYNTH-001,ACTIVE,EMPLOYEE,PERMANENT,2018-04-04,,M,Engineering,Dublin,CC-IE-040
HRIS-WKR-002300,WKR-PUB-002300,IE,LE-IE-SYNTH-001,ACTIVE,EMPLOYEE,PERMANENT,2016-10-02,,M,Finance,Dublin,CC-IE-037
HRIS-WKR-002301,WKR-PUB-002301,IE,LE-IE-SYNTH-001,ACTIVE,EMPLOYEE,FIXED_TERM,2023-12-24,,M,Finance,Remote-IE,CC-IE-011
HRIS-WKR-002302,WKR-PUB-002302,IE,LE-IE-SYNTH-001,ACTIVE,EMPLOYEE,FIXED_TERM,2018-07-22,,,Engineering,Dublin,CC-IE-002
HRIS-WKR-002303,WKR-PUB-002303,IE,LE-IE-SYNTH-001,ACTIVE,EMPLOYEE,PERMANENT,2025-04-25,,M,Finance,Galway,CC-IE-026
HRIS-WKR-002304,WKR-PUB-002304,IE,LE-IE-SYNTH-001,ACTIVE,EMPLOYEE,PERMANENT,2021-06-06,,M,Operations,Dublin,CC-IE-015
HRIS-WKR-002305,WKR-PUB-002305,IE,LE-IE-SYNTH-001,ACTIVE,EMPLOYEE,PERMANENT,2020-08-04,,F,Finance,Dublin,CC-IE-030
HRIS-WKR-002306,WKR-PUB-002306,IE,LE-IE-SYNTH-001,ACTIVE,EMPLOYEE,PERMANENT,2023-06-22,,M,Sales,Remote-IE,CC-IE-028
HRIS-WKR-002307,WKR-PUB-002307,IE,LE-IE-SYNTH-001,ACTIVE,EMPLOYEE,PERMANENT,2022-07-23,,M,Engineering,Limerick,CC-IE-015
HRIS-WKR-002308,WKR-PUB-002308,IE,LE-IE-SYNTH-001,ACTIVE,EMPLOYEE,PERMANENT,2020-02-08,,F,Technology,Remote-IE,CC-IE-017
HRIS-WKR-002309,WKR-PUB-002309,IE,LE-IE-SYNTH-001,ACTIVE,EMPLOYEE,FIXED_TERM,2021-03-07,,F,Sales,Remote-IE,CC-IE-009
HRIS-WKR-002310,WKR-PUB-002310,IE,LE-IE-SYNTH-001,ACTIVE,EMPLOYEE,PERMANENT,2017-05-25,,UNDISCLOSED,Sales,Limerick,CC-IE-009
HRIS-WKR-002311,WKR-PUB-002311,IE,LE-IE-SYNTH-001,ACTIVE,CONTRACTOR,PERMANENT,2022-10-25,,M,Sales,Dublin,CC-IE-014
HRIS-WKR-002312,WKR-PUB-002312,IE,LE-IE-SYNTH-001,ACTIVE,CONTRACTOR,PERMANENT,2021-08-06,,F,Technology,Dublin,CC-IE-015
HRIS-WKR-002313,WKR-PUB-002313,IE,LE-IE-SYNTH-001,ACTIVE,EMPLOYEE,PERMANENT,2022-12-17,,F,Engineering,Cork,CC-IE-032
HRIS-WKR-002314,WKR-PUB-002314,IE,LE-IE-SYNTH-001,ACTIVE,EMPLOYEE,PERMANENT,2024-09-30,,NB,Sales,Dublin,CC-IE-023
HRIS-WKR-002315,WKR-PUB-002315,IE,LE-IE-SYNTH-001,ACTIVE,EMPLOYEE,PERMANENT,2016-10-01,,F,Operations,Cork,CC-IE-021
HRIS-WKR-002316,WKR-PUB-002316,IE,LE-IE-SYNTH-001,ACTIVE,EMPLOYEE,PERMANENT,2023-06-08,,M,Technology,Dublin,CC-IE-024
HRIS-WKR-002317,WKR-PUB-002317,IE,LE-IE-SYNTH-001,ACTIVE,EMPLOYEE,PERMANENT,2020-12-08,,F,Operations,Dublin,CC-IE-033
HRIS-WKR-002318,WKR-PUB-002318,IE,LE-IE-SYNTH-001,ACTIVE,EMPLOYEE,PERMANENT,2020-02-23,,F,People,Dublin,CC-IE-015
HRIS-WKR-002319,WKR-PUB-002319,IE,LE-IE-SYNTH-001,ACTIVE,EMPLOYEE,PERMANENT,2023-12-28,,M,Operations,Dublin,CC-IE-005
HRIS-WKR-002320,WKR-PUB-002320,IE,LE-IE-SYNTH-001,ACTIVE,EMPLOYEE,PERMANENT,2025-09-18,,M,Operations,Dublin,CC-IE-009
HRIS-WKR-002321,WKR-PUB-002321,IE,LE-IE-SYNTH-001,ACTIVE,EMPLOYEE,PERMANENT,2022-11-02,,M,Technology,Cork,CC-IE-022
HRIS-WKR-002322,WKR-PUB-002322,IE,LE-IE-SYNTH-001,ACTIVE,EMPLOYEE,FIXED_TERM,2020-10-05,,M,Operations,Dublin,CC-IE-033
HRIS-WKR-002323,WKR-PUB-002323,IE,LE-IE-SYNTH-001,ACTIVE,EMPLOYEE,PERMANENT,2017-11-05,,F,Sales,Dublin,CC-IE-032
HRIS-WKR-002324,WKR-PUB-002324,IE,LE-IE-SYNTH-001,ACTIVE,EMPLOYEE,FIXED_TERM,2023-08-10,,F,Finance,Galway,CC-IE-006
HRIS-WKR-002325,WKR-PUB-002325,IE,LE-IE-SYNTH-001,ACTIVE,EMPLOYEE,FIXED_TERM,2022-04-30,,F,Sales,Remote-IE,CC-IE-001
HRIS-WKR-002326,WKR-PUB-002326,IE,LE-IE-SYNTH-001,ACTIVE,EMPLOYEE,PERMANENT,2021-06-19,,F,Engineering,Dublin,CC-IE-019
HRIS-WKR-002327,WKR-PUB-002327,IE,LE-IE-SYNTH-001,ACTIVE,EMPLOYEE,PERMANENT,2019-05-01,,M,Sales,Dublin,CC-IE-018
HRIS-WKR-002328,WKR-PUB-002328,IE,LE-IE-SYNTH-001,ACTIVE,CONTRACTOR,PERMANENT,2018-08-30,,M,Operations,Dublin,CC-IE-010
HRIS-WKR-002329,WKR-PUB-002329,IE,LE-IE-SYNTH-001,ACTIVE,EMPLOYEE,APPRENTICE,2025-09-04,,F,Finance,Cork,CC-IE-018
HRIS-WKR-002330,WKR-PUB-002330,IE,LE-IE-SYNTH-001,ACTIVE,EMPLOYEE,PERMANENT,2023-02-26,,M,Sales,Limerick,CC-IE-014
HRIS-WKR-002331,WKR-PUB-002331,IE,LE-IE-SYNTH-001,ACTIVE,EMPLOYEE,FIXED_TERM,2025-04-29,,M,Engineering,Dublin,CC-IE-005
HRIS-WKR-002332,WKR-PUB-002332,IE,LE-IE-SYNTH-001,ACTIVE,EMPLOYEE,PERMANENT,2015-03-31,,M,People,Cork,CC-IE-034
HRIS-WKR-002333,WKR-PUB-002333,IE,LE-IE-SYNTH-001,ACTIVE,EMPLOYEE,PERMANENT,2014-05-29,,M,Operations,Dublin,CC-IE-030
HRIS-WKR-002334,WKR-PUB-002334,IE,LE-IE-SYNTH-001,ACTIVE,EMPLOYEE,PERMANENT,2024-09-08,,F,Engineering,Galway,CC-IE-032
HRIS-WKR-002335,WKR-PUB-002335,IE,LE-IE-SYNTH-001,ACTIVE,EMPLOYEE,FIXED_TERM,2024-08-19,,F,People,Limerick,CC-IE-020
HRIS-WKR-002336,WKR-PUB-002336,IE,LE-IE-SYNTH-001,ACTIVE,EMPLOYEE,PERMANENT,2019-01-04,,M,Engineering,Remote-IE,CC-IE-016
HRIS-WKR-002337,WKR-PUB-002337,IE,LE-IE-SYNTH-001,ACTIVE,EMPLOYEE,PERMANENT,2018-07-05,,M,Engineering,Remote-IE,CC-IE-039
HRIS-WKR-002338,WKR-PUB-002338,IE,LE-IE-SYNTH-001,ACTIVE,EMPLOYEE,PERMANENT,2014-02-28,,M,Engineering,Limerick,CC-IE-040
HRIS-WKR-002339,WKR-PUB-002339,IE,LE-IE-SYNTH-001,ACTIVE,EMPLOYEE,PERMANENT,2015-02-08,,M,Sales,Dublin,CC-IE-006
HRIS-WKR-002340,WKR-PUB-002340,IE,LE-IE-SYNTH-001,ACTIVE,EMPLOYEE,PERMANENT,2021-01-14,,F,Finance,Limerick,CC-IE-015
HRIS-WKR-002341,WKR-PUB-002341,IE,LE-IE-SYNTH-001,TERMINATED,EMPLOYEE,PERMANENT,2017-11-15,2026-04-10,M,Sales,Dublin,CC-IE-004
HRIS-WKR-002342,WKR-PUB-002342,IE,LE-IE-SYNTH-001,ACTIVE,EMPLOYEE,PERMANENT,2017-10-24,,M,Engineering,Dublin,CC-IE-013
HRIS-WKR-002343,WKR-PUB-002343,IE,LE-IE-SYNTH-001,ACTIVE,CONTRACTOR,PERMANENT,2016-05-06,,F,Sales,Dublin,CC-IE-003
HRIS-WKR-002344,WKR-PUB-002344,IE,LE-IE-SYNTH-001,ACTIVE,EMPLOYEE,PERMANENT,2020-08-21,,M,Operations,Remote-IE,CC-IE-029
HRIS-WKR-002345,WKR-PUB-002345,IE,LE-IE-SYNTH-001,ACTIVE,EMPLOYEE,PERMANENT,2014-12-05,,M,Sales,Dublin,CC-IE-019
HRIS-WKR-002346,WKR-PUB-002346,IE,LE-IE-SYNTH-001,ACTIVE,EMPLOYEE,FIXED_TERM,2016-08-19,,F,Engineering,Dublin,CC-IE-014
HRIS-WKR-002347,WKR-PUB-002347,IE,LE-IE-SYNTH-001,ACTIVE,EMPLOYEE,FIXED_TERM,2023-12-09,,F,Technology,Dublin,CC-IE-039
HRIS-WKR-002348,WKR-PUB-002348,IE,LE-IE-SYNTH-001,ACTIVE,CONTRACTOR,PERMANENT,2015-12-23,,M,Operations,Dublin,CC-IE-032
HRIS-WKR-002349,WKR-PUB-002349,IE,LE-IE-SYNTH-001,ACTIVE,EMPLOYEE,FIXED_TERM,2014-06-11,,F,Engineering,Dublin,CC-IE-033
HRIS-WKR-002350,WKR-PUB-002350,IE,LE-IE-SYNTH-001,ACTIVE,EMPLOYEE,FIXED_TERM,2018-02-23,,M,Engineering,Dublin,CC-IE-017
HRIS-WKR-002351,WKR-PUB-002351,IE,LE-IE-SYNTH-001,ACTIVE,EMPLOYEE,PERMANENT,2017-06-06,,M,Technology,Cork,CC-IE-029
HRIS-WKR-002352,WKR-PUB-002352,IE,LE-IE-SYNTH-001,ACTIVE,EMPLOYEE,FIXED_TERM,2016-11-11,,M,Technology,Cork,CC-IE-036
HRIS-WKR-002353,WKR-PUB-002353,IE,LE-IE-SYNTH-001,ACTIVE,EMPLOYEE,PERMANENT,2018-05-08,,F,Finance,Remote-IE,CC-IE-032
HRIS-WKR-002354,WKR-PUB-002354,IE,LE-IE-SYNTH-001,ACTIVE,EMPLOYEE,FIXED_TERM,2022-11-22,,F,Sales,Remote-IE,CC-IE-035
HRIS-WKR-002355,WKR-PUB-002355,IE,LE-IE-SYNTH-001,ACTIVE,EMPLOYEE,PERMANENT,2023-01-10,,F,Operations,Galway,CC-IE-010
HRIS-WKR-002356,WKR-PUB-002356,IE,LE-IE-SYNTH-001,ACTIVE,EMPLOYEE,PERMANENT,2025-11-28,,M,Engineering,Dublin,CC-IE-032
HRIS-WKR-002357,WKR-PUB-002357,IE,LE-IE-SYNTH-001,ACTIVE,EMPLOYEE,PERMANENT,2018-05-01,,F,Operations,Dublin,CC-IE-016
HRIS-WKR-002358,WKR-PUB-002358,IE,LE-IE-SYNTH-001,ACTIVE,EMPLOYEE,PERMANENT,2018-11-09,,M,Finance,Limerick,CC-IE-006
HRIS-WKR-002359,WKR-PUB-002359,IE,LE-IE-SYNTH-001,ACTIVE,EMPLOYEE,PERMANENT,2021-08-09,,F,Finance,Cork,CC-IE-023
HRIS-WKR-002360,WKR-PUB-002360,IE,LE-IE-SYNTH-001,ACTIVE,EMPLOYEE,FIXED_TERM,2018-05-17,,M,People,Dublin,CC-IE-018
HRIS-WKR-002361,WKR-PUB-002361,IE,LE-IE-SYNTH-001,ACTIVE,EMPLOYEE,PERMANENT,2014-07-12,,,Operations,Dublin,CC-IE-013
HRIS-WKR-002362,WKR-PUB-002362,IE,LE-IE-SYNTH-001,ACTIVE,CONTRACTOR,PERMANENT,2023-10-15,,F,Sales,Dublin,CC-IE-023
HRIS-WKR-002363,WKR-PUB-002363,IE,LE-IE-SYNTH-001,ACTIVE,EMPLOYEE,PERMANENT,2023-04-04,,F,Engineering,Limerick,CC-IE-032
HRIS-WKR-002364,WKR-PUB-002364,IE,LE-IE-SYNTH-001,ACTIVE,EMPLOYEE,PERMANENT,2024-04-14,,M,Sales,Galway,CC-IE-017
HRIS-WKR-002365,WKR-PUB-002365,IE,LE-IE-SYNTH-001,ACTIVE,EMPLOYEE,PERMANENT,2014-02-06,,M,Engineering,Cork,CC-IE-035
HRIS-WKR-002366,WKR-PUB-002366,IE,LE-IE-SYNTH-001,ACTIVE,EMPLOYEE,PERMANENT,2021-05-22,,M,Finance,Dublin,CC-IE-033
HRIS-WKR-002367,WKR-PUB-002367,IE,LE-IE-SYNTH-001,ACTIVE,EMPLOYEE,PERMANENT,2021-11-19,,,Operations,Dublin,CC-IE-012
HRIS-WKR-002368,WKR-PUB-002368,IE,LE-IE-SYNTH-001,ACTIVE,EMPLOYEE,FIXED_TERM,2021-06-24,,F,People,Dublin,CC-IE-016
HRIS-WKR-002369,WKR-PUB-002369,IE,LE-IE-SYNTH-001,ACTIVE,EMPLOYEE,PERMANENT,2021-02-17,,F,Operations,Cork,CC-IE-016
HRIS-WKR-002370,WKR-PUB-002370,IE,LE-IE-SYNTH-001,ACTIVE,CONTRACTOR,PERMANENT,2021-08-04,,F,Engineering,Dublin,CC-IE-018
HRIS-WKR-002371,WKR-PUB-002371,IE,LE-IE-SYNTH-001,ACTIVE,EMPLOYEE,PERMANENT,2016-09-25,,F,Sales,Cork,CC-IE-033
HRIS-WKR-002372,WKR-PUB-002372,IE,LE-IE-SYNTH-001,ACTIVE,EMPLOYEE,PERMANENT,2024-02-04,,M,Sales,Dublin,CC-IE-008
HRIS-WKR-002373,WKR-PUB-002373,IE,LE-IE-SYNTH-001,ACTIVE,EMPLOYEE,PERMANENT,2025-10-04,,M,Engineering,Dublin,CC-IE-032
HRIS-WKR-002374,WKR-PUB-002374,IE,LE-IE-SYNTH-001,ACTIVE,EMPLOYEE,PERMANENT,2022-05-18,,M,Sales,Limerick,CC-IE-001
HRIS-WKR-002375,WKR-PUB-002375,IE,LE-IE-SYNTH-001,ACTIVE,EMPLOYEE,PERMANENT,2015-12-31,,F,Engineering,Dublin,CC-IE-005
HRIS-WKR-002376,WKR-PUB-002376,IE,LE-IE-SYNTH-001,ACTIVE,EMPLOYEE,PERMANENT,2020-07-24,,M,Sales,Dublin,CC-IE-018
HRIS-WKR-002377,WKR-PUB-002377,IE,LE-IE-SYNTH-001,ACTIVE,EMPLOYEE,PERMANENT,2022-03-11,,M,Engineering,Remote-IE,CC-IE-010
HRIS-WKR-002378,WKR-PUB-002378,IE,LE-IE-SYNTH-001,ACTIVE,EMPLOYEE,PERMANENT,2015-01-12,,F,Sales,Dublin,CC-IE-017
HRIS-WKR-002379,WKR-PUB-002379,IE,LE-IE-SYNTH-001,ACTIVE,EMPLOYEE,PERMANENT,2017-11-04,,F,Operations,Cork,CC-IE-028
HRIS-WKR-002380,WKR-PUB-002380,IE,LE-IE-SYNTH-001,ACTIVE,EMPLOYEE,FIXED_TERM,2019-12-20,,F,Engineering,Cork,CC-IE-021
HRIS-WKR-002381,WKR-PUB-002381,IE,LE-IE-SYNTH-001,ACTIVE,EMPLOYEE,FIXED_TERM,2021-11-24,,M,Technology,Remote-IE,CC-IE-009
HRIS-WKR-002382,WKR-PUB-002382,IE,LE-IE-SYNTH-001,ACTIVE,EMPLOYEE,PERMANENT,2022-05-13,,M,People,Limerick,CC-IE-008
HRIS-WKR-002383,WKR-PUB-002383,IE,LE-IE-SYNTH-001,TERMINATED,EMPLOYEE,PERMANENT,2022-06-12,2026-06-21,F,Engineering,Dublin,CC-IE-019
HRIS-WKR-002384,WKR-PUB-002384,IE,LE-IE-SYNTH-001,ACTIVE,EMPLOYEE,PERMANENT,2020-03-26,,M,Sales,Dublin,CC-IE-017
HRIS-WKR-002385,WKR-PUB-002385,IE,LE-IE-SYNTH-001,ACTIVE,EMPLOYEE,PERMANENT,2021-08-09,,M,Finance,Cork,CC-IE-018
HRIS-WKR-002386,WKR-PUB-002386,IE,LE-IE-SYNTH-001,ACTIVE,EMPLOYEE,PERMANENT,2022-09-15,,F,Sales,Dublin,CC-IE-027
HRIS-WKR-002387,WKR-PUB-002387,IE,LE-IE-SYNTH-001,ACTIVE,EMPLOYEE,PERMANENT,2018-01-18,,M,Engineering,Dublin,CC-IE-036
HRIS-WKR-002388,WKR-PUB-002388,IE,LE-IE-SYNTH-001,ACTIVE,EMPLOYEE,PERMANENT,2021-03-13,,M,Sales,Dublin,CC-IE-004
HRIS-WKR-002389,WKR-PUB-002389,IE,LE-IE-SYNTH-001,ACTIVE,EMPLOYEE,PERMANENT,2022-01-22,,F,Finance,Galway,CC-IE-033
HRIS-WKR-002390,WKR-PUB-002390,IE,LE-IE-SYNTH-001,ACTIVE,EMPLOYEE,PERMANENT,2024-05-29,,F,Engineering,Remote-IE,CC-IE-031
HRIS-WKR-002391,WKR-PUB-002391,IE,LE-IE-SYNTH-001,ACTIVE,EMPLOYEE,PERMANENT,2024-09-25,,F,Engineering,Galway,CC-IE-039
HRIS-WKR-002392,WKR-PUB-002392,IE,LE-IE-SYNTH-001,ACTIVE,EMPLOYEE,PERMANENT,2017-07-07,,M,Technology,Galway,CC-IE-025
HRIS-WKR-002393,WKR-PUB-002393,IE,LE-IE-SYNTH-001,ACTIVE,EMPLOYEE,FIXED_TERM,2024-12-08,,M,Engineering,Cork,CC-IE-020
HRIS-WKR-002394,WKR-PUB-002394,IE,LE-IE-SYNTH-001,ACTIVE,EMPLOYEE,PERMANENT,2020-10-31,,M,Engineering,Dublin,CC-IE-026
HRIS-WKR-002395,WKR-PUB-002395,IE,LE-IE-SYNTH-001,ACTIVE,EMPLOYEE,PERMANENT,2016-06-04,,F,Finance,Limerick,CC-IE-004
HRIS-WKR-002396,WKR-PUB-002396,IE,LE-IE-SYNTH-001,ACTIVE,EMPLOYEE,PERMANENT,2023-05-13,,M,Engineering,Dublin,CC-IE-020
HRIS-WKR-002397,WKR-PUB-002397,IE,LE-IE-SYNTH-001,ACTIVE,EMPLOYEE,PERMANENT,2022-08-30,,F,People,Cork,CC-IE-002
HRIS-WKR-002398,WKR-PUB-002398,IE,LE-IE-SYNTH-001,ACTIVE,EMPLOYEE,PERMANENT,2024-02-18,,,Operations,Dublin,CC-IE-034
HRIS-WKR-002399,WKR-PUB-002399,IE,LE-IE-SYNTH-001,ACTIVE,EMPLOYEE,FIXED_TERM,2024-07-09,,F,Finance,Dublin,CC-IE-032
HRIS-WKR-002400,WKR-PUB-002400,IE,LE-IE-SYNTH-001,ACTIVE,EMPLOYEE,PERMANENT,2022-02-24,,F,Sales,Dublin,CC-IE-001
HRIS-WKR-002401,WKR-PUB-002401,IE,LE-IE-SYNTH-001,ACTIVE,EMPLOYEE,PERMANENT,2022-09-29,,M,People,Remote-IE,CC-IE-012
HRIS-WKR-002402,WKR-PUB-002402,IE,LE-IE-SYNTH-001,ACTIVE,EMPLOYEE,PERMANENT,2014-05-27,,M,Technology,Dublin,CC-IE-002
HRIS-WKR-002403,WKR-PUB-002403,IE,LE-IE-SYNTH-001,ACTIVE,EMPLOYEE,FIXED_TERM,2023-10-24,,F,Sales,Dublin,CC-IE-014
HRIS-WKR-002404,WKR-PUB-002404,IE,LE-IE-SYNTH-001,ACTIVE,EMPLOYEE,PERMANENT,2016-05-24,,M,Engineering,Dublin,CC-IE-031
HRIS-WKR-002405,WKR-PUB-002405,IE,LE-IE-SYNTH-001,ACTIVE,EMPLOYEE,PERMANENT,2014-06-10,,,Engineering,Dublin,CC-IE-019
HRIS-WKR-002406,WKR-PUB-002406,IE,LE-IE-SYNTH-001,ACTIVE,CONTRACTOR,PERMANENT,2025-04-04,,F,People,Dublin,CC-IE-031
HRIS-WKR-002407,WKR-PUB-002407,IE,LE-IE-SYNTH-001,ACTIVE,EMPLOYEE,PERMANENT,2025-11-10,,F,Engineering,Dublin,CC-IE-003
HRIS-WKR-002408,WKR-PUB-002408,IE,LE-IE-SYNTH-001,ACTIVE,EMPLOYEE,PERMANENT,2022-01-25,,M,Technology,Dublin,CC-IE-011
HRIS-WKR-002409,WKR-PUB-002409,IE,LE-IE-SYNTH-001,ACTIVE,EMPLOYEE,PERMANENT,2016-04-04,,M,Operations,Dublin,CC-IE-030
HRIS-WKR-002410,WKR-PUB-002410,IE,LE-IE-SYNTH-001,ACTIVE,EMPLOYEE,PERMANENT,2022-06-04,,M,Engineering,Dublin,CC-IE-035
HRIS-WKR-002411,WKR-PUB-002411,IE,LE-IE-SYNTH-001,ACTIVE,CONTRACTOR,PERMANENT,2024-01-19,,,Technology,Dublin,CC-IE-016
HRIS-WKR-002412,WKR-PUB-002412,IE,LE-IE-SYNTH-001,ACTIVE,EMPLOYEE,PERMANENT,2021-01-07,,F,Sales,Remote-IE,CC-IE-040
HRIS-WKR-002413,WKR-PUB-002413,IE,LE-IE-SYNTH-001,ACTIVE,EMPLOYEE,PERMANENT,2023-07-20,,M,Engineering,Dublin,CC-IE-037
HRIS-WKR-002414,WKR-PUB-002414,IE,LE-IE-SYNTH-001,ACTIVE,EMPLOYEE,PERMANENT,2017-02-25,,F,Engineering,Cork,CC-IE-031
HRIS-WKR-002415,WKR-PUB-002415,IE,LE-IE-SYNTH-001,ACTIVE,EMPLOYEE,PERMANENT,2022-07-02,,F,Technology,Galway,CC-IE-029
HRIS-WKR-002416,WKR-PUB-002416,IE,LE-IE-SYNTH-001,ACTIVE,EMPLOYEE,PERMANENT,2022-02-16,,F,Sales,Galway,CC-IE-002
HRIS-WKR-002417,WKR-PUB-002417,IE,LE-IE-SYNTH-001,ACTIVE,EMPLOYEE,FIXED_TERM,2020-05-31,,M,Engineering,Remote-IE,CC-IE-023
HRIS-WKR-002418,WKR-PUB-002418,IE,LE-IE-SYNTH-001,ACTIVE,EMPLOYEE,PERMANENT,2023-11-29,,F,Operations,Cork,CC-IE-025
HRIS-WKR-002419,WKR-PUB-002419,IE,LE-IE-SYNTH-001,ACTIVE,EMPLOYEE,PERMANENT,2019-10-12,,M,Engineering,Galway,CC-IE-034
HRIS-WKR-002420,WKR-PUB-002420,IE,LE-IE-SYNTH-001,ACTIVE,CONTRACTOR,PERMANENT,2014-04-12,,M,Engineering,Cork,CC-IE-013
HRIS-WKR-002421,WKR-PUB-002421,IE,LE-IE-SYNTH-001,ACTIVE,EMPLOYEE,FIXED_TERM,2016-10-02,,F,Engineering,Dublin,CC-IE-001
HRIS-WKR-002422,WKR-PUB-002422,IE,LE-IE-SYNTH-001,ACTIVE,EMPLOYEE,FIXED_TERM,2015-01-27,,F,People,Dublin,CC-IE-034
HRIS-WKR-002423,WKR-PUB-002423,IE,LE-IE-SYNTH-001,ACTIVE,EMPLOYEE,PERMANENT,2022-01-11,,M,Sales,Dublin,CC-IE-032
HRIS-WKR-002424,WKR-PUB-002424,IE,LE-IE-SYNTH-001,ACTIVE,EMPLOYEE,PERMANENT,2020-09-20,,F,Engineering,Dublin,CC-IE-009
HRIS-WKR-002425,WKR-PUB-002425,IE,LE-IE-SYNTH-001,ACTIVE,EMPLOYEE,PERMANENT,2014-05-23,,F,Engineering,Dublin,CC-IE-035
HRIS-WKR-002426,WKR-PUB-002426,IE,LE-IE-SYNTH-001,ACTIVE,EMPLOYEE,FIXED_TERM,2024-07-27,,NB,Engineering,Galway,CC-IE-013
HRIS-WKR-002427,WKR-PUB-002427,IE,LE-IE-SYNTH-001,ACTIVE,EMPLOYEE,PERMANENT,2023-10-16,,F,Operations,Remote-IE,CC-IE-009
HRIS-WKR-002428,WKR-PUB-002428,IE,LE-IE-SYNTH-001,TERMINATED,EMPLOYEE,PERMANENT,2024-12-16,2026-11-14,M,Operations,Limerick,CC-IE-020
HRIS-WKR-002429,WKR-PUB-002429,IE,LE-IE-SYNTH-001,ACTIVE,EMPLOYEE,PERMANENT,2023-08-15,,M,Engineering,Dublin,CC-IE-008
HRIS-WKR-002430,WKR-PUB-002430,IE,LE-IE-SYNTH-001,ACTIVE,EMPLOYEE,PERMANENT,2021-02-20,,M,Technology,Remote-IE,CC-IE-032
HRIS-WKR-002431,WKR-PUB-002431,IE,LE-IE-SYNTH-001,ACTIVE,EMPLOYEE,PERMANENT,2020-10-21,,F,Sales,Cork,CC-IE-011
HRIS-WKR-002432,WKR-PUB-002432,IE,LE-IE-SYNTH-001,ACTIVE,EMPLOYEE,FIXED_TERM,2019-01-05,,M,Finance,Dublin,CC-IE-018
HRIS-WKR-002433,WKR-PUB-002433,IE,LE-IE-SYNTH-001,ACTIVE,EMPLOYEE,PERMANENT,2018-12-08,,F,Engineering,Limerick,CC-IE-017
HRIS-WKR-002434,WKR-PUB-002434,IE,LE-IE-SYNTH-001,ACTIVE,EMPLOYEE,PERMANENT,2021-01-21,,M,Operations,Dublin,CC-IE-024
HRIS-WKR-002435,WKR-PUB-002435,IE,LE-IE-SYNTH-001,ACTIVE,EMPLOYEE,PERMANENT,2023-12-07,,M,People,Dublin,CC-IE-034
HRIS-WKR-002436,WKR-PUB-002436,IE,LE-IE-SYNTH-001,ACTIVE,EMPLOYEE,FIXED_TERM,2025-10-09,,M,Engineering,Galway,CC-IE-003
HRIS-WKR-002437,WKR-PUB-002437,IE,LE-IE-SYNTH-001,ACTIVE,EMPLOYEE,APPRENTICE,2023-09-09,,M,Operations,Dublin,CC-IE-017
HRIS-WKR-002438,WKR-PUB-002438,IE,LE-IE-SYNTH-001,ACTIVE,EMPLOYEE,PERMANENT,2025-07-20,,M,Engineering,Dublin,CC-IE-005
HRIS-WKR-002439,WKR-PUB-002439,IE,LE-IE-SYNTH-001,ACTIVE,EMPLOYEE,PERMANENT,2024-08-20,,M,Sales,Dublin,CC-IE-017
HRIS-WKR-002440,WKR-PUB-002440,IE,LE-IE-SYNTH-001,ACTIVE,EMPLOYEE,PERMANENT,2024-01-06,,M,Operations,Remote-IE,CC-IE-031
HRIS-WKR-002441,WKR-PUB-002441,IE,LE-IE-SYNTH-001,ACTIVE,EMPLOYEE,PERMANENT,2018-10-08,,UNDISCLOSED,Sales,Dublin,CC-IE-011
HRIS-WKR-002442,WKR-PUB-002442,IE,LE-IE-SYNTH-001,ACTIVE,EMPLOYEE,FIXED_TERM,2023-12-23,,M,Finance,Limerick,CC-IE-001
HRIS-WKR-002443,WKR-PUB-002443,IE,LE-IE-SYNTH-001,ACTIVE,EMPLOYEE,FIXED_TERM,2020-01-01,,M,Sales,Cork,CC-IE-040
HRIS-WKR-002444,WKR-PUB-002444,IE,LE-IE-SYNTH-001,ACTIVE,EMPLOYEE,PERMANENT,2022-10-10,,F,Engineering,Remote-IE,CC-IE-018
HRIS-WKR-002445,WKR-PUB-002445,IE,LE-IE-SYNTH-001,ACTIVE,EMPLOYEE,PERMANENT,2021-06-17,,M,Finance,Remote-IE,CC-IE-008
HRIS-WKR-002446,WKR-PUB-002446,IE,LE-IE-SYNTH-001,ACTIVE,EMPLOYEE,PERMANENT,2019-06-28,,,Engineering,Dublin,CC-IE-026
HRIS-WKR-002447,WKR-PUB-002447,IE,LE-IE-SYNTH-001,ACTIVE,EMPLOYEE,PERMANENT,2015-05-05,,F,Technology,Dublin,CC-IE-013
HRIS-WKR-002448,WKR-PUB-002448,IE,LE-IE-SYNTH-001,ACTIVE,EMPLOYEE,PERMANENT,2023-10-22,,M,Sales,Dublin,CC-IE-022
HRIS-WKR-002449,WKR-PUB-002449,IE,LE-IE-SYNTH-001,ACTIVE,EMPLOYEE,PERMANENT,2023-05-01,,M,People,Galway,CC-IE-022
HRIS-WKR-002450,WKR-PUB-002450,IE,LE-IE-SYNTH-001,ACTIVE,CONTRACTOR,PERMANENT,2020-12-20,,M,Operations,Remote-IE,CC-IE-005
HRIS-WKR-002451,WKR-PUB-002451,IE,LE-IE-SYNTH-001,ACTIVE,EMPLOYEE,PERMANENT,2014-10-19,,M,Finance,Dublin,CC-IE-003
HRIS-WKR-002452,WKR-PUB-002452,IE,LE-IE-SYNTH-001,ACTIVE,EMPLOYEE,PERMANENT,2025-10-22,,M,People,Dublin,CC-IE-040
HRIS-WKR-002453,WKR-PUB-002453,IE,LE-IE-SYNTH-001,ACTIVE,EMPLOYEE,PERMANENT,2018-03-04,,M,Finance,Dublin,CC-IE-019
HRIS-WKR-002454,WKR-PUB-002454,IE,LE-IE-SYNTH-001,ACTIVE,EMPLOYEE,PERMANENT,2024-02-07,,M,Operations,Dublin,CC-IE-030
HRIS-WKR-002455,WKR-PUB-002455,IE,LE-IE-SYNTH-001,ACTIVE,EMPLOYEE,FIXED_TERM,2023-02-15,,F,Engineering,Dublin,CC-IE-014
HRIS-WKR-002456,WKR-PUB-002456,IE,LE-IE-SYNTH-001,ACTIVE,CONTRACTOR,PERMANENT,2025-01-01,,F,Engineering,Dublin,CC-IE-006
HRIS-WKR-002457,WKR-PUB-002457,IE,LE-IE-SYNTH-001,ACTIVE,EMPLOYEE,PERMANENT,2019-11-07,,M,Technology,Cork,CC-IE-007
HRIS-WKR-002458,WKR-PUB-002458,IE,LE-IE-SYNTH-001,ACTIVE,EMPLOYEE,PERMANENT,2016-11-02,,UNDISCLOSED,Engineering,Dublin,CC-IE-010
HRIS-WKR-002459,WKR-PUB-002459,IE,LE-IE-SYNTH-001,ACTIVE,CONTRACTOR,PERMANENT,2015-08-20,,M,Finance,Dublin,CC-IE-021
HRIS-WKR-002460,WKR-PUB-002460,IE,LE-IE-SYNTH-001,ACTIVE,EMPLOYEE,PERMANENT,2019-04-10,,M,Finance,Dublin,CC-IE-037
HRIS-WKR-002461,WKR-PUB-002461,IE,LE-IE-SYNTH-001,ACTIVE,EMPLOYEE,PERMANENT,2022-02-02,,M,Sales,Dublin,CC-IE-032
HRIS-WKR-002462,WKR-PUB-002462,IE,LE-IE-SYNTH-001,ACTIVE,EMPLOYEE,FIXED_TERM,2015-02-19,,M,Technology,Dublin,CC-IE-015
HRIS-WKR-002463,WKR-PUB-002463,IE,LE-IE-SYNTH-001,ACTIVE,EMPLOYEE,PERMANENT,2017-03-28,,M,Engineering,Cork,CC-IE-008
HRIS-WKR-002464,WKR-PUB-002464,IE,LE-IE-SYNTH-001,ACTIVE,CONTRACTOR,PERMANENT,2014-12-11,,UNDISCLOSED,Sales,Galway,CC-IE-033
HRIS-WKR-002465,WKR-PUB-002465,IE,LE-IE-SYNTH-001,ACTIVE,EMPLOYEE,PERMANENT,2020-06-08,,M,Engineering,Galway,CC-IE-023
HRIS-WKR-002466,WKR-PUB-002466,IE,LE-IE-SYNTH-001,ACTIVE,EMPLOYEE,FIXED_TERM,2020-12-23,,M,Operations,Limerick,CC-IE-005
HRIS-WKR-002467,WKR-PUB-002467,IE,LE-IE-SYNTH-001,ACTIVE,EMPLOYEE,FIXED_TERM,2025-01-23,,F,Engineering,Limerick,CC-IE-039
HRIS-WKR-002468,WKR-PUB-002468,IE,LE-IE-SYNTH-001,ACTIVE,EMPLOYEE,PERMANENT,2014-08-06,,M,Finance,Dublin,CC-IE-032
HRIS-WKR-002469,WKR-PUB-002469,IE,LE-IE-SYNTH-001,ACTIVE,EMPLOYEE,PERMANENT,2022-07-21,,F,Sales,Dublin,CC-IE-017
HRIS-WKR-002470,WKR-PUB-002470,IE,LE-IE-SYNTH-001,ACTIVE,EMPLOYEE,FIXED_TERM,2022-10-25,,F,Engineering,Dublin,CC-IE-033
HRIS-WKR-002471,WKR-PUB-002471,IE,LE-IE-SYNTH-001,ACTIVE,EMPLOYEE,PERMANENT,2022-07-08,,M,Operations,Remote-IE,CC-IE-024
HRIS-WKR-002472,WKR-PUB-002472,IE,LE-IE-SYNTH-001,ACTIVE,EMPLOYEE,PERMANENT,2016-09-04,,F,Technology,Dublin,CC-IE-025
HRIS-WKR-002473,WKR-PUB-002473,IE,LE-IE-SYNTH-001,ACTIVE,EMPLOYEE,PERMANENT,2014-05-29,,F,Operations,Dublin,CC-IE-020
HRIS-WKR-002474,WKR-PUB-002474,IE,LE-IE-SYNTH-001,ACTIVE,EMPLOYEE,FIXED_TERM,2014-01-25,,F,Engineering,Dublin,CC-IE-002
HRIS-WKR-002475,WKR-PUB-002475,IE,LE-IE-SYNTH-001,ACTIVE,EMPLOYEE,FIXED_TERM,2017-04-01,,F,Engineering,Dublin,CC-IE-029
HRIS-WKR-002476,WKR-PUB-002476,IE,LE-IE-SYNTH-001,ACTIVE,EMPLOYEE,FIXED_TERM,2018-01-25,,M,Sales,Cork,CC-IE-002
HRIS-WKR-002477,WKR-PUB-002477,IE,LE-IE-SYNTH-001,ACTIVE,EMPLOYEE,PERMANENT,2022-07-15,,F,Engineering,Cork,CC-IE-002
HRIS-WKR-002478,WKR-PUB-002478,IE,LE-IE-SYNTH-001,ACTIVE,EMPLOYEE,PERMANENT,2015-11-07,,F,Engineering,Dublin,CC-IE-018
HRIS-WKR-002479,WKR-PUB-002479,IE,LE-IE-SYNTH-001,ACTIVE,EMPLOYEE,PERMANENT,2014-06-17,,M,People,Dublin,CC-IE-031
HRIS-WKR-002480,WKR-PUB-002480,IE,LE-IE-SYNTH-001,TERMINATED,EMPLOYEE,FIXED_TERM,2022-10-21,2026-11-17,M,Sales,Remote-IE,CC-IE-004
HRIS-WKR-002481,WKR-PUB-002481,IE,LE-IE-SYNTH-001,ACTIVE,EMPLOYEE,PERMANENT,2016-06-30,,,Finance,Dublin,CC-IE-001
HRIS-WKR-002482,WKR-PUB-002482,IE,LE-IE-SYNTH-001,ACTIVE,CONTRACTOR,PERMANENT,2017-09-08,,M,Sales,Dublin,CC-IE-031
HRIS-WKR-002483,WKR-PUB-002483,IE,LE-IE-SYNTH-001,ACTIVE,EMPLOYEE,FIXED_TERM,2025-11-10,,,Engineering,Limerick,CC-IE-014
HRIS-WKR-002484,WKR-PUB-002484,IE,LE-IE-SYNTH-001,ACTIVE,EMPLOYEE,FIXED_TERM,2015-03-25,,F,Engineering,Dublin,CC-IE-040
HRIS-WKR-002485,WKR-PUB-002485,IE,LE-IE-SYNTH-001,ACTIVE,EMPLOYEE,FIXED_TERM,2015-08-08,,F,Operations,Remote-IE,CC-IE-039
HRIS-WKR-002486,WKR-PUB-002486,IE,LE-IE-SYNTH-001,ACTIVE,EMPLOYEE,FIXED_TERM,2022-07-15,,M,People,Galway,CC-IE-019
HRIS-WKR-002487,WKR-PUB-002487,IE,LE-IE-SYNTH-001,ACTIVE,EMPLOYEE,PERMANENT,2019-07-21,,M,People,Cork,CC-IE-001
HRIS-WKR-002488,WKR-PUB-002488,IE,LE-IE-SYNTH-001,ACTIVE,CONTRACTOR,PERMANENT,2025-11-01,,F,Technology,Dublin,CC-IE-020
HRIS-WKR-002489,WKR-PUB-002489,IE,LE-IE-SYNTH-001,TERMINATED,EMPLOYEE,FIXED_TERM,2024-05-23,2026-07-06,M,Engineering,Dublin,CC-IE-010
HRIS-WKR-002490,WKR-PUB-002490,IE,LE-IE-SYNTH-001,ACTIVE,EMPLOYEE,PERMANENT,2014-01-01,,F,Operations,Dublin,CC-IE-025
HRIS-WKR-002491,WKR-PUB-002491,IE,LE-IE-SYNTH-001,ACTIVE,EMPLOYEE,FIXED_TERM,2017-03-11,,UNDISCLOSED,Engineering,Dublin,CC-IE-025
HRIS-WKR-002492,WKR-PUB-002492,IE,LE-IE-SYNTH-001,TERMINATED,EMPLOYEE,PERMANENT,2019-04-02,2026-07-03,M,Engineering,Cork,CC-IE-037
HRIS-WKR-002493,WKR-PUB-002493,IE,LE-IE-SYNTH-001,ACTIVE,EMPLOYEE,PERMANENT,2025-02-27,,M,Engineering,Remote-IE,CC-IE-034
HRIS-WKR-002494,WKR-PUB-002494,IE,LE-IE-SYNTH-001,ACTIVE,EMPLOYEE,PERMANENT,2021-10-16,,F,Operations,Limerick,CC-IE-033
HRIS-WKR-002495,WKR-PUB-002495,IE,LE-IE-SYNTH-001,ACTIVE,CONTRACTOR,PERMANENT,2017-03-03,,M,Operations,Dublin,CC-IE-031
HRIS-WKR-002496,WKR-PUB-002496,IE,LE-IE-SYNTH-001,ACTIVE,EMPLOYEE,PERMANENT,2016-09-18,,M,Sales,Galway,CC-IE-039
HRIS-WKR-002497,WKR-PUB-002497,IE,LE-IE-SYNTH-001,ACTIVE,EMPLOYEE,PERMANENT,2018-11-01,,M,Sales,Dublin,CC-IE-013
HRIS-WKR-002498,WKR-PUB-002498,IE,LE-IE-SYNTH-001,ACTIVE,EMPLOYEE,PERMANENT,2024-09-09,,F,Engineering,Dublin,CC-IE-030
HRIS-WKR-002499,WKR-PUB-002499,IE,LE-IE-SYNTH-001,ACTIVE,CONTRACTOR,PERMANENT,2022-10-02,,F,Engineering,Limerick,CC-IE-019
HRIS-WKR-002500,WKR-PUB-002500,IE,LE-IE-SYNTH-001,ACTIVE,EMPLOYEE,PERMANENT,2025-07-09,,F,Operations,Dublin,CC-IE-013
HRIS-WKR-002501,WKR-PUB-002501,IE,LE-IE-SYNTH-001,ACTIVE,EMPLOYEE,PERMANENT,2015-10-06,,M,Operations,Dublin,CC-IE-004
HRIS-WKR-002502,WKR-PUB-002502,IE,LE-IE-SYNTH-001,ACTIVE,EMPLOYEE,PERMANENT,2020-10-08,,F,Sales,Dublin,CC-IE-018
HRIS-WKR-002503,WKR-PUB-002503,IE,LE-IE-SYNTH-001,ACTIVE,EMPLOYEE,PERMANENT,2022-02-04,,M,Sales,Dublin,CC-IE-038
HRIS-WKR-002504,WKR-PUB-002504,IE,LE-IE-SYNTH-001,ACTIVE,EMPLOYEE,FIXED_TERM,2021-02-21,,M,Operations,Dublin,CC-IE-040
HRIS-WKR-002505,WKR-PUB-002505,IE,LE-IE-SYNTH-001,ACTIVE,EMPLOYEE,PERMANENT,2017-07-21,,M,Engineering,Dublin,CC-IE-013
HRIS-WKR-002506,WKR-PUB-002506,IE,LE-IE-SYNTH-001,ACTIVE,CONTRACTOR,PERMANENT,2023-10-11,,F,Sales,Galway,CC-IE-023
HRIS-WKR-002507,WKR-PUB-002507,IE,LE-IE-SYNTH-001,TERMINATED,CONTRACTOR,PERMANENT,2014-06-07,2026-04-07,F,Engineering,Remote-IE,CC-IE-036
HRIS-WKR-002508,WKR-PUB-002508,IE,LE-IE-SYNTH-001,ACTIVE,EMPLOYEE,PERMANENT,2019-03-25,,F,Sales,Limerick,CC-IE-039
HRIS-WKR-002509,WKR-PUB-002509,IE,LE-IE-SYNTH-001,ACTIVE,EMPLOYEE,PERMANENT,2023-12-26,,F,Operations,Limerick,CC-IE-020
HRIS-WKR-002510,WKR-PUB-002510,IE,LE-IE-SYNTH-001,ACTIVE,EMPLOYEE,PERMANENT,2022-08-02,,M,Engineering,Dublin,CC-IE-002
HRIS-WKR-002511,WKR-PUB-002511,IE,LE-IE-SYNTH-001,ACTIVE,EMPLOYEE,PERMANENT,2019-02-06,,M,Operations,Remote-IE,CC-IE-025
HRIS-WKR-002512,WKR-PUB-002512,IE,LE-IE-SYNTH-001,ACTIVE,EMPLOYEE,PERMANENT,2022-04-05,,F,Engineering,Galway,CC-IE-008
HRIS-WKR-002513,WKR-PUB-002513,IE,LE-IE-SYNTH-001,ACTIVE,EMPLOYEE,PERMANENT,2014-03-09,,M,Sales,Dublin,CC-IE-030
HRIS-WKR-002514,WKR-PUB-002514,IE,LE-IE-SYNTH-001,ACTIVE,EMPLOYEE,FIXED_TERM,2022-06-21,,F,Operations,Dublin,CC-IE-017
HRIS-WKR-002515,WKR-PUB-002515,IE,LE-IE-SYNTH-001,ACTIVE,EMPLOYEE,PERMANENT,2014-01-06,,M,Operations,Limerick,CC-IE-037
HRIS-WKR-002516,WKR-PUB-002516,IE,LE-IE-SYNTH-001,ACTIVE,EMPLOYEE,FIXED_TERM,2018-04-22,,M,Sales,Cork,CC-IE-012
HRIS-WKR-002517,WKR-PUB-002517,IE,LE-IE-SYNTH-001,ACTIVE,EMPLOYEE,FIXED_TERM,2023-02-09,,M,Finance,Limerick,CC-IE-028
HRIS-WKR-002518,WKR-PUB-002518,IE,LE-IE-SYNTH-001,ACTIVE,EMPLOYEE,FIXED_TERM,2023-04-11,,M,Engineering,Dublin,CC-IE-040
HRIS-WKR-002519,WKR-PUB-002519,IE,LE-IE-SYNTH-001,ACTIVE,EMPLOYEE,FIXED_TERM,2014-06-18,,M,Engineering,Dublin,CC-IE-040
HRIS-WKR-002520,WKR-PUB-002520,IE,LE-IE-SYNTH-001,ACTIVE,EMPLOYEE,PERMANENT,2021-09-08,,F,Finance,Dublin,CC-IE-012
HRIS-WKR-002521,WKR-PUB-002521,IE,LE-IE-SYNTH-001,ACTIVE,CONTRACTOR,PERMANENT,2018-10-15,,F,Sales,Dublin,CC-IE-027
HRIS-WKR-002522,WKR-PUB-002522,IE,LE-IE-SYNTH-001,ACTIVE,EMPLOYEE,PERMANENT,2014-03-28,,M,Operations,Dublin,CC-IE-033
HRIS-WKR-002523,WKR-PUB-002523,IE,LE-IE-SYNTH-001,ACTIVE,EMPLOYEE,PERMANENT,2015-06-02,,M,Engineering,Limerick,CC-IE-010
HRIS-WKR-002524,WKR-PUB-002524,IE,LE-IE-SYNTH-001,ACTIVE,EMPLOYEE,FIXED_TERM,2020-01-21,,M,Sales,Remote-IE,CC-IE-018
HRIS-WKR-002525,WKR-PUB-002525,IE,LE-IE-SYNTH-001,ACTIVE,EMPLOYEE,PERMANENT,2017-11-15,,F,Sales,Limerick,CC-IE-016
HRIS-WKR-002526,WKR-PUB-002526,IE,LE-IE-SYNTH-001,ACTIVE,EMPLOYEE,PERMANENT,2019-08-11,,M,Engineering,Limerick,CC-IE-012
HRIS-WKR-002527,WKR-PUB-002527,IE,LE-IE-SYNTH-001,ACTIVE,EMPLOYEE,PERMANENT,2016-11-05,,,Operations,Dublin,CC-IE-036
HRIS-WKR-002528,WKR-PUB-002528,IE,LE-IE-SYNTH-001,ACTIVE,EMPLOYEE,PERMANENT,2017-09-19,,M,Technology,Dublin,CC-IE-010
HRIS-WKR-002529,WKR-PUB-002529,IE,LE-IE-SYNTH-001,ACTIVE,EMPLOYEE,PERMANENT,2021-06-03,,M,Finance,Galway,CC-IE-009
HRIS-WKR-002530,WKR-PUB-002530,IE,LE-IE-SYNTH-001,ACTIVE,EMPLOYEE,PERMANENT,2014-02-10,,F,Operations,Dublin,CC-IE-002
HRIS-WKR-002531,WKR-PUB-002531,IE,LE-IE-SYNTH-001,ACTIVE,EMPLOYEE,PERMANENT,2018-03-01,,F,Sales,Dublin,CC-IE-028
HRIS-WKR-002532,WKR-PUB-002532,IE,LE-IE-SYNTH-001,ACTIVE,EMPLOYEE,PERMANENT,2015-09-16,,M,People,Remote-IE,CC-IE-037
HRIS-WKR-002533,WKR-PUB-002533,IE,LE-IE-SYNTH-001,ACTIVE,EMPLOYEE,APPRENTICE,2015-10-11,,M,Engineering,Dublin,CC-IE-040
HRIS-WKR-002534,WKR-PUB-002534,IE,LE-IE-SYNTH-001,ACTIVE,EMPLOYEE,PERMANENT,2025-12-26,,M,Operations,Dublin,CC-IE-007
HRIS-WKR-002535,WKR-PUB-002535,IE,LE-IE-SYNTH-001,ACTIVE,EMPLOYEE,PERMANENT,2025-07-26,,F,Sales,Dublin,CC-IE-013
HRIS-WKR-002536,WKR-PUB-002536,IE,LE-IE-SYNTH-001,ACTIVE,EMPLOYEE,PERMANENT,2016-11-30,,F,Operations,Remote-IE,CC-IE-024
HRIS-WKR-002537,WKR-PUB-002537,IE,LE-IE-SYNTH-001,ACTIVE,EMPLOYEE,PERMANENT,2020-12-16,,F,Operations,Dublin,CC-IE-001
HRIS-WKR-002538,WKR-PUB-002538,IE,LE-IE-SYNTH-001,ACTIVE,EMPLOYEE,FIXED_TERM,2014-05-12,,F,Sales,Dublin,CC-IE-010
HRIS-WKR-002539,WKR-PUB-002539,IE,LE-IE-SYNTH-001,ACTIVE,EMPLOYEE,APPRENTICE,2015-11-01,,F,Finance,Dublin,CC-IE-029
HRIS-WKR-002540,WKR-PUB-002540,IE,LE-IE-SYNTH-001,ACTIVE,EMPLOYEE,PERMANENT,2014-12-12,,M,People,Dublin,CC-IE-009
HRIS-WKR-002541,WKR-PUB-002541,IE,LE-IE-SYNTH-001,ACTIVE,EMPLOYEE,PERMANENT,2021-09-04,,M,Technology,Remote-IE,CC-IE-034
HRIS-WKR-002542,WKR-PUB-002542,IE,LE-IE-SYNTH-001,ACTIVE,EMPLOYEE,PERMANENT,2015-01-19,,UNDISCLOSED,Operations,Galway,CC-IE-004
HRIS-WKR-002543,WKR-PUB-002543,IE,LE-IE-SYNTH-001,ACTIVE,EMPLOYEE,PERMANENT,2018-05-14,,M,Engineering,Limerick,CC-IE-023
HRIS-WKR-002544,WKR-PUB-002544,IE,LE-IE-SYNTH-001,ACTIVE,EMPLOYEE,PERMANENT,2024-06-13,,M,Operations,Dublin,CC-IE-031
HRIS-WKR-002545,WKR-PUB-002545,IE,LE-IE-SYNTH-001,ACTIVE,EMPLOYEE,PERMANENT,2021-08-18,,M,Finance,Dublin,CC-IE-016
HRIS-WKR-002546,WKR-PUB-002546,IE,LE-IE-SYNTH-001,ACTIVE,EMPLOYEE,PERMANENT,2014-04-09,,M,Sales,Limerick,CC-IE-032
HRIS-WKR-002547,WKR-PUB-002547,IE,LE-IE-SYNTH-001,ACTIVE,EMPLOYEE,PERMANENT,2024-10-17,,M,Engineering,Remote-IE,CC-IE-020
HRIS-WKR-002548,WKR-PUB-002548,IE,LE-IE-SYNTH-001,ACTIVE,EMPLOYEE,PERMANENT,2021-12-10,,M,Technology,Remote-IE,CC-IE-002
HRIS-WKR-002549,WKR-PUB-002549,IE,LE-IE-SYNTH-001,ACTIVE,EMPLOYEE,PERMANENT,2015-09-27,,M,Operations,Dublin,CC-IE-009
HRIS-WKR-002550,WKR-PUB-002550,IE,LE-IE-SYNTH-001,ACTIVE,EMPLOYEE,PERMANENT,2023-01-23,,M,Engineering,Dublin,CC-IE-029
HRIS-WKR-002551,WKR-PUB-002551,IE,LE-IE-SYNTH-001,ACTIVE,CONTRACTOR,PERMANENT,2016-02-26,,F,Finance,Dublin,CC-IE-017
HRIS-WKR-002552,WKR-PUB-002552,IE,LE-IE-SYNTH-001,ACTIVE,EMPLOYEE,PERMANENT,2018-11-16,,M,Operations,Dublin,CC-IE-035
HRIS-WKR-002553,WKR-PUB-002553,IE,LE-IE-SYNTH-001,ACTIVE,EMPLOYEE,PERMANENT,2022-08-10,,M,Sales,Galway,CC-IE-032
HRIS-WKR-002554,WKR-PUB-002554,IE,LE-IE-SYNTH-001,ACTIVE,EMPLOYEE,APPRENTICE,2026-01-05,,F,Finance,Dublin,CC-IE-033
HRIS-WKR-002555,WKR-PUB-002555,IE,LE-IE-SYNTH-001,ACTIVE,EMPLOYEE,PERMANENT,2019-12-21,,M,Engineering,Dublin,CC-IE-027
HRIS-WKR-002556,WKR-PUB-002556,IE,LE-IE-SYNTH-001,ACTIVE,EMPLOYEE,FIXED_TERM,2019-10-31,,F,Sales,Dublin,CC-IE-029
HRIS-WKR-002557,WKR-PUB-002557,IE,LE-IE-SYNTH-001,ACTIVE,EMPLOYEE,FIXED_TERM,2020-04-17,,F,Engineering,Dublin,CC-IE-001
HRIS-WKR-002558,WKR-PUB-002558,IE,LE-IE-SYNTH-001,ACTIVE,EMPLOYEE,PERMANENT,2022-04-21,,F,Engineering,Cork,CC-IE-017
HRIS-WKR-002559,WKR-PUB-002559,IE,LE-IE-SYNTH-001,ACTIVE,EMPLOYEE,APPRENTICE,2015-06-06,,M,Engineering,Dublin,CC-IE-006
HRIS-WKR-002560,WKR-PUB-002560,IE,LE-IE-SYNTH-001,ACTIVE,EMPLOYEE,FIXED_TERM,2021-01-06,,M,Sales,Remote-IE,CC-IE-029
HRIS-WKR-002561,WKR-PUB-002561,IE,LE-IE-SYNTH-001,ACTIVE,EMPLOYEE,PERMANENT,2015-02-02,,,Sales,Dublin,CC-IE-008
HRIS-WKR-002562,WKR-PUB-002562,IE,LE-IE-SYNTH-001,ACTIVE,EMPLOYEE,PERMANENT,2021-06-25,,M,Sales,Dublin,CC-IE-030
HRIS-WKR-002563,WKR-PUB-002563,IE,LE-IE-SYNTH-001,ACTIVE,EMPLOYEE,PERMANENT,2019-03-25,,F,Engineering,Remote-IE,CC-IE-030
HRIS-WKR-002564,WKR-PUB-002564,IE,LE-IE-SYNTH-001,ACTIVE,EMPLOYEE,PERMANENT,2023-04-12,,M,Engineering,Cork,CC-IE-032
HRIS-WKR-002565,WKR-PUB-002565,IE,LE-IE-SYNTH-001,ACTIVE,EMPLOYEE,PERMANENT,2019-05-28,,F,Sales,Dublin,CC-IE-001
HRIS-WKR-002566,WKR-PUB-002566,IE,LE-IE-SYNTH-001,ACTIVE,EMPLOYEE,FIXED_TERM,2022-09-12,,F,People,Remote-IE,CC-IE-032
HRIS-WKR-002567,WKR-PUB-002567,IE,LE-IE-SYNTH-001,ACTIVE,EMPLOYEE,PERMANENT,2023-02-03,,F,Finance,Galway,CC-IE-027
HRIS-WKR-002568,WKR-PUB-002568,IE,LE-IE-SYNTH-001,TERMINATED,EMPLOYEE,PERMANENT,2018-02-20,2026-09-29,F,Technology,Galway,CC-IE-034
HRIS-WKR-002569,WKR-PUB-002569,IE,LE-IE-SYNTH-001,ACTIVE,EMPLOYEE,PERMANENT,2024-10-29,,M,Engineering,Cork,CC-IE-027
HRIS-WKR-002570,WKR-PUB-002570,IE,LE-IE-SYNTH-001,ACTIVE,EMPLOYEE,PERMANENT,2014-01-24,,F,Finance,Remote-IE,CC-IE-035
HRIS-WKR-002571,WKR-PUB-002571,IE,LE-IE-SYNTH-001,ACTIVE,EMPLOYEE,PERMANENT,2020-07-02,,F,Sales,Galway,CC-IE-016
HRIS-WKR-002572,WKR-PUB-002572,IE,LE-IE-SYNTH-001,ACTIVE,CONTRACTOR,FIXED_TERM,2017-07-28,,F,Engineering,Dublin,CC-IE-017
HRIS-WKR-002573,WKR-PUB-002573,IE,LE-IE-SYNTH-001,ACTIVE,EMPLOYEE,PERMANENT,2024-04-21,,F,Sales,Limerick,CC-IE-039
HRIS-WKR-002574,WKR-PUB-002574,IE,LE-IE-SYNTH-001,ACTIVE,EMPLOYEE,PERMANENT,2018-09-04,,M,Engineering,Galway,CC-IE-009
HRIS-WKR-002575,WKR-PUB-002575,IE,LE-IE-SYNTH-001,ACTIVE,EMPLOYEE,PERMANENT,2016-04-12,,F,Operations,Limerick,CC-IE-010
HRIS-WKR-002576,WKR-PUB-002576,IE,LE-IE-SYNTH-001,ACTIVE,EMPLOYEE,FIXED_TERM,2019-11-18,,M,Technology,Dublin,CC-IE-007
HRIS-WKR-002577,WKR-PUB-002577,IE,LE-IE-SYNTH-001,ACTIVE,EMPLOYEE,PERMANENT,2015-11-21,,F,Finance,Dublin,CC-IE-017
HRIS-WKR-002578,WKR-PUB-002578,IE,LE-IE-SYNTH-001,ACTIVE,EMPLOYEE,PERMANENT,2019-01-24,,M,Operations,Dublin,CC-IE-014
HRIS-WKR-002579,WKR-PUB-002579,IE,LE-IE-SYNTH-001,ACTIVE,EMPLOYEE,PERMANENT,2021-09-06,,F,Engineering,Remote-IE,CC-IE-002
HRIS-WKR-002580,WKR-PUB-002580,IE,LE-IE-SYNTH-001,ACTIVE,EMPLOYEE,PERMANENT,2017-09-11,,F,Technology,Dublin,CC-IE-020
HRIS-WKR-002581,WKR-PUB-002581,IE,LE-IE-SYNTH-001,ACTIVE,EMPLOYEE,PERMANENT,2018-07-02,,UNDISCLOSED,Engineering,Dublin,CC-IE-008
HRIS-WKR-002582,WKR-PUB-002582,IE,LE-IE-SYNTH-001,ACTIVE,EMPLOYEE,PERMANENT,2017-03-07,,M,Sales,Dublin,CC-IE-010
HRIS-WKR-002583,WKR-PUB-002583,IE,LE-IE-SYNTH-001,ACTIVE,EMPLOYEE,PERMANENT,2016-02-18,,M,Finance,Dublin,CC-IE-025
HRIS-WKR-002584,WKR-PUB-002584,IE,LE-IE-SYNTH-001,ACTIVE,EMPLOYEE,PERMANENT,2015-06-13,,F,Sales,Dublin,CC-IE-004
HRIS-WKR-002585,WKR-PUB-002585,IE,LE-IE-SYNTH-001,ACTIVE,EMPLOYEE,PERMANENT,2023-03-18,,F,Technology,Dublin,CC-IE-016
HRIS-WKR-002586,WKR-PUB-002586,IE,LE-IE-SYNTH-001,ACTIVE,CONTRACTOR,PERMANENT,2025-02-12,,F,Finance,Limerick,CC-IE-027
HRIS-WKR-002587,WKR-PUB-002587,IE,LE-IE-SYNTH-001,ACTIVE,CONTRACTOR,PERMANENT,2025-04-29,,F,Sales,Dublin,CC-IE-012
HRIS-WKR-002588,WKR-PUB-002588,IE,LE-IE-SYNTH-001,ACTIVE,EMPLOYEE,PERMANENT,2021-10-25,,M,Operations,Galway,CC-IE-039
HRIS-WKR-002589,WKR-PUB-002589,IE,LE-IE-SYNTH-001,ACTIVE,EMPLOYEE,PERMANENT,2025-10-07,,M,Engineering,Dublin,CC-IE-014
HRIS-WKR-002590,WKR-PUB-002590,IE,LE-IE-SYNTH-001,ACTIVE,EMPLOYEE,PERMANENT,2014-05-26,,,Engineering,Remote-IE,CC-IE-028
HRIS-WKR-002591,WKR-PUB-002591,IE,LE-IE-SYNTH-001,ACTIVE,EMPLOYEE,PERMANENT,2016-06-03,,F,Technology,Cork,CC-IE-004
HRIS-WKR-002592,WKR-PUB-002592,IE,LE-IE-SYNTH-001,ACTIVE,EMPLOYEE,PERMANENT,2016-11-26,,M,Sales,Dublin,CC-IE-029
HRIS-WKR-002593,WKR-PUB-002593,IE,LE-IE-SYNTH-001,ACTIVE,EMPLOYEE,PERMANENT,2016-10-06,,F,Operations,Galway,CC-IE-034
HRIS-WKR-002594,WKR-PUB-002594,IE,LE-IE-SYNTH-001,ACTIVE,EMPLOYEE,PERMANENT,2019-10-04,,M,Engineering,Cork,CC-IE-024
HRIS-WKR-002595,WKR-PUB-002595,IE,LE-IE-SYNTH-001,ACTIVE,EMPLOYEE,PERMANENT,2021-10-03,,M,Operations,Dublin,CC-IE-021
HRIS-WKR-002596,WKR-PUB-002596,IE,LE-IE-SYNTH-001,ACTIVE,EMPLOYEE,PERMANENT,2023-06-08,,,Engineering,Dublin,CC-IE-015
HRIS-WKR-002597,WKR-PUB-002597,IE,LE-IE-SYNTH-001,ACTIVE,EMPLOYEE,PERMANENT,2019-10-12,,F,Technology,Galway,CC-IE-011
HRIS-WKR-002598,WKR-PUB-002598,IE,LE-IE-SYNTH-001,ACTIVE,EMPLOYEE,PERMANENT,2017-08-15,,F,Engineering,Cork,CC-IE-020
HRIS-WKR-002599,WKR-PUB-002599,IE,LE-IE-SYNTH-001,ACTIVE,CONTRACTOR,PERMANENT,2014-04-21,,M,Engineering,Galway,CC-IE-002
HRIS-WKR-002600,WKR-PUB-002600,IE,LE-IE-SYNTH-001,ACTIVE,EMPLOYEE,FIXED_TERM,2019-11-27,,F,People,Cork,CC-IE-003
HRIS-WKR-002601,WKR-PUB-002601,IE,LE-IE-SYNTH-001,ACTIVE,EMPLOYEE,PERMANENT,2019-06-24,,M,Finance,Dublin,CC-IE-040
HRIS-WKR-002602,WKR-PUB-002602,IE,LE-IE-SYNTH-001,ACTIVE,EMPLOYEE,PERMANENT,2024-01-15,,NB,Engineering,Dublin,CC-IE-001
HRIS-WKR-002603,WKR-PUB-002603,IE,LE-IE-SYNTH-001,ACTIVE,EMPLOYEE,PERMANENT,2015-12-01,,F,Technology,Dublin,CC-IE-017
HRIS-WKR-002604,WKR-PUB-002604,IE,LE-IE-SYNTH-001,ACTIVE,EMPLOYEE,PERMANENT,2024-09-08,,M,Sales,Remote-IE,CC-IE-036
HRIS-WKR-002605,WKR-PUB-002605,IE,LE-IE-SYNTH-001,ACTIVE,EMPLOYEE,FIXED_TERM,2022-06-24,,M,Operations,Dublin,CC-IE-036
HRIS-WKR-002606,WKR-PUB-002606,IE,LE-IE-SYNTH-001,ACTIVE,EMPLOYEE,PERMANENT,2017-04-08,,F,Engineering,Cork,CC-IE-006
HRIS-WKR-002607,WKR-PUB-002607,IE,LE-IE-SYNTH-001,ACTIVE,EMPLOYEE,PERMANENT,2025-07-04,,M,Finance,Dublin,CC-IE-027
HRIS-WKR-002608,WKR-PUB-002608,IE,LE-IE-SYNTH-001,ACTIVE,EMPLOYEE,PERMANENT,2022-07-23,,F,People,Dublin,CC-IE-015
HRIS-WKR-002609,WKR-PUB-002609,IE,LE-IE-SYNTH-001,ACTIVE,EMPLOYEE,FIXED_TERM,2022-10-26,,M,Finance,Dublin,CC-IE-036
HRIS-WKR-002610,WKR-PUB-002610,IE,LE-IE-SYNTH-001,ACTIVE,CONTRACTOR,PERMANENT,2016-02-11,,M,Engineering,Dublin,CC-IE-014
HRIS-WKR-002611,WKR-PUB-002611,IE,LE-IE-SYNTH-001,ACTIVE,EMPLOYEE,PERMANENT,2026-02-03,,,Engineering,Galway,CC-IE-006
HRIS-WKR-002612,WKR-PUB-002612,IE,LE-IE-SYNTH-001,ACTIVE,EMPLOYEE,FIXED_TERM,2025-05-07,,M,Operations,Dublin,CC-IE-035
HRIS-WKR-002613,WKR-PUB-002613,IE,LE-IE-SYNTH-001,ACTIVE,EMPLOYEE,PERMANENT,2024-05-01,,F,Sales,Dublin,CC-IE-029
HRIS-WKR-002614,WKR-PUB-002614,IE,LE-IE-SYNTH-001,ACTIVE,CONTRACTOR,PERMANENT,2020-11-21,,M,Sales,Cork,CC-IE-038
HRIS-WKR-002615,WKR-PUB-002615,IE,LE-IE-SYNTH-001,ACTIVE,EMPLOYEE,PERMANENT,2021-03-14,,M,Finance,Dublin,CC-IE-037
HRIS-WKR-002616,WKR-PUB-002616,IE,LE-IE-SYNTH-001,ACTIVE,EMPLOYEE,PERMANENT,2015-06-05,,F,Technology,Dublin,CC-IE-024
HRIS-WKR-002617,WKR-PUB-002617,IE,LE-IE-SYNTH-001,ACTIVE,EMPLOYEE,PERMANENT,2023-02-12,,F,People,Dublin,CC-IE-034
HRIS-WKR-002618,WKR-PUB-002618,IE,LE-IE-SYNTH-001,ACTIVE,EMPLOYEE,PERMANENT,2018-06-18,,F,Sales,Galway,CC-IE-026
HRIS-WKR-002619,WKR-PUB-002619,IE,LE-IE-SYNTH-001,ACTIVE,EMPLOYEE,PERMANENT,2016-09-27,,F,Engineering,Dublin,CC-IE-031
HRIS-WKR-002620,WKR-PUB-002620,IE,LE-IE-SYNTH-001,ACTIVE,EMPLOYEE,FIXED_TERM,2016-12-13,,,Engineering,Cork,CC-IE-034
HRIS-WKR-002621,WKR-PUB-002621,IE,LE-IE-SYNTH-001,ACTIVE,EMPLOYEE,PERMANENT,2024-02-11,,M,Sales,Dublin,CC-IE-001
HRIS-WKR-002622,WKR-PUB-002622,IE,LE-IE-SYNTH-001,ACTIVE,EMPLOYEE,FIXED_TERM,2018-04-27,,,Engineering,Dublin,CC-IE-003
HRIS-WKR-002623,WKR-PUB-002623,IE,LE-IE-SYNTH-001,ACTIVE,CONTRACTOR,PERMANENT,2023-12-29,,F,Engineering,Cork,CC-IE-023
HRIS-WKR-002624,WKR-PUB-002624,IE,LE-IE-SYNTH-001,ACTIVE,EMPLOYEE,PERMANENT,2017-01-12,,M,Engineering,Limerick,CC-IE-006
HRIS-WKR-002625,WKR-PUB-002625,IE,LE-IE-SYNTH-001,TERMINATED,CONTRACTOR,FIXED_TERM,2024-09-15,2026-09-19,F,Engineering,Dublin,CC-IE-020
HRIS-WKR-002626,WKR-PUB-002626,IE,LE-IE-SYNTH-001,ACTIVE,EMPLOYEE,PERMANENT,2018-01-14,,F,Engineering,Dublin,CC-IE-007
HRIS-WKR-002627,WKR-PUB-002627,IE,LE-IE-SYNTH-001,ACTIVE,EMPLOYEE,PERMANENT,2014-01-06,,F,Technology,Dublin,CC-IE-033
HRIS-WKR-002628,WKR-PUB-002628,IE,LE-IE-SYNTH-001,ACTIVE,EMPLOYEE,PERMANENT,2015-06-14,,M,Operations,Dublin,CC-IE-014
HRIS-WKR-002629,WKR-PUB-002629,IE,LE-IE-SYNTH-001,ACTIVE,EMPLOYEE,PERMANENT,2023-01-13,,F,People,Dublin,CC-IE-008
HRIS-WKR-002630,WKR-PUB-002630,IE,LE-IE-SYNTH-001,ACTIVE,EMPLOYEE,PERMANENT,2022-01-07,,F,Operations,Cork,CC-IE-026
HRIS-WKR-002631,WKR-PUB-002631,IE,LE-IE-SYNTH-001,ACTIVE,EMPLOYEE,PERMANENT,2014-08-22,,F,Engineering,Dublin,CC-IE-002
HRIS-WKR-002632,WKR-PUB-002632,IE,LE-IE-SYNTH-001,ACTIVE,EMPLOYEE,PERMANENT,2024-08-14,,F,Technology,Dublin,CC-IE-032
HRIS-WKR-002633,WKR-PUB-002633,IE,LE-IE-SYNTH-001,ACTIVE,EMPLOYEE,PERMANENT,2017-05-12,,M,Operations,Dublin,CC-IE-022
HRIS-WKR-002634,WKR-PUB-002634,IE,LE-IE-SYNTH-001,ACTIVE,CONTRACTOR,PERMANENT,2024-10-11,,M,Engineering,Limerick,CC-IE-002
HRIS-WKR-002635,WKR-PUB-002635,IE,LE-IE-SYNTH-001,ACTIVE,EMPLOYEE,FIXED_TERM,2020-04-12,,M,Sales,Dublin,CC-IE-023
HRIS-WKR-002636,WKR-PUB-002636,IE,LE-IE-SYNTH-001,ACTIVE,EMPLOYEE,FIXED_TERM,2020-06-25,,M,Technology,Limerick,CC-IE-018
HRIS-WKR-002637,WKR-PUB-002637,IE,LE-IE-SYNTH-001,ACTIVE,EMPLOYEE,PERMANENT,2019-05-02,,M,Engineering,Dublin,CC-IE-012
HRIS-WKR-002638,WKR-PUB-002638,IE,LE-IE-SYNTH-001,ACTIVE,EMPLOYEE,FIXED_TERM,2021-12-24,,F,Engineering,Dublin,CC-IE-012
HRIS-WKR-002639,WKR-PUB-002639,IE,LE-IE-SYNTH-001,ACTIVE,EMPLOYEE,PERMANENT,2020-10-13,,F,Engineering,Cork,CC-IE-037
HRIS-WKR-002640,WKR-PUB-002640,IE,LE-IE-SYNTH-001,ACTIVE,EMPLOYEE,PERMANENT,2018-06-10,,M,Finance,Cork,CC-IE-030
HRIS-WKR-002641,WKR-PUB-002641,IE,LE-IE-SYNTH-001,ACTIVE,EMPLOYEE,PERMANENT,2021-03-08,,F,Operations,Dublin,CC-IE-032
HRIS-WKR-002642,WKR-PUB-002642,IE,LE-IE-SYNTH-001,ACTIVE,EMPLOYEE,PERMANENT,2024-08-10,,F,Engineering,Remote-IE,CC-IE-040
HRIS-WKR-002643,WKR-PUB-002643,IE,LE-IE-SYNTH-001,ACTIVE,EMPLOYEE,FIXED_TERM,2026-01-29,,F,Sales,Dublin,CC-IE-023
HRIS-WKR-002644,WKR-PUB-002644,IE,LE-IE-SYNTH-001,ACTIVE,EMPLOYEE,PERMANENT,2014-02-06,,F,Engineering,Dublin,CC-IE-027
HRIS-WKR-002645,WKR-PUB-002645,IE,LE-IE-SYNTH-001,ACTIVE,EMPLOYEE,PERMANENT,2023-09-19,,F,Engineering,Cork,CC-IE-008
HRIS-WKR-002646,WKR-PUB-002646,IE,LE-IE-SYNTH-001,ACTIVE,EMPLOYEE,PERMANENT,2021-05-12,,M,Technology,Remote-IE,CC-IE-033
HRIS-WKR-002647,WKR-PUB-002647,IE,LE-IE-SYNTH-001,ACTIVE,EMPLOYEE,PERMANENT,2021-02-11,,F,Sales,Galway,CC-IE-011
HRIS-WKR-002648,WKR-PUB-002648,IE,LE-IE-SYNTH-001,ACTIVE,EMPLOYEE,PERMANENT,2024-01-19,,F,Finance,Dublin,CC-IE-035
HRIS-WKR-002649,WKR-PUB-002649,IE,LE-IE-SYNTH-001,ACTIVE,EMPLOYEE,PERMANENT,2025-03-18,,M,Engineering,Dublin,CC-IE-021
HRIS-WKR-002650,WKR-PUB-002650,IE,LE-IE-SYNTH-001,ACTIVE,EMPLOYEE,PERMANENT,2016-03-25,,M,Engineering,Limerick,CC-IE-033
HRIS-WKR-002651,WKR-PUB-002651,IE,LE-IE-SYNTH-001,ACTIVE,EMPLOYEE,FIXED_TERM,2019-06-16,,M,Sales,Dublin,CC-IE-033
HRIS-WKR-002652,WKR-PUB-002652,IE,LE-IE-SYNTH-001,ACTIVE,EMPLOYEE,PERMANENT,2024-01-28,,M,Sales,Dublin,CC-IE-018
HRIS-WKR-002653,WKR-PUB-002653,IE,LE-IE-SYNTH-001,ACTIVE,EMPLOYEE,PERMANENT,2020-05-20,,M,Sales,Dublin,CC-IE-009
HRIS-WKR-002654,WKR-PUB-002654,IE,LE-IE-SYNTH-001,ACTIVE,EMPLOYEE,PERMANENT,2025-06-10,,F,Engineering,Dublin,CC-IE-033
HRIS-WKR-002655,WKR-PUB-002655,IE,LE-IE-SYNTH-001,ACTIVE,EMPLOYEE,PERMANENT,2014-07-07,,F,Finance,Dublin,CC-IE-039
HRIS-WKR-002656,WKR-PUB-002656,IE,LE-IE-SYNTH-001,ACTIVE,EMPLOYEE,PERMANENT,2017-11-08,,F,People,Dublin,CC-IE-022
HRIS-WKR-002657,WKR-PUB-002657,IE,LE-IE-SYNTH-001,ACTIVE,EMPLOYEE,FIXED_TERM,2017-02-20,,M,Engineering,Remote-IE,CC-IE-019
HRIS-WKR-002658,WKR-PUB-002658,IE,LE-IE-SYNTH-001,ACTIVE,EMPLOYEE,PERMANENT,2018-12-28,,F,Finance,Cork,CC-IE-027
HRIS-WKR-002659,WKR-PUB-002659,IE,LE-IE-SYNTH-001,ACTIVE,EMPLOYEE,PERMANENT,2024-06-20,,M,Finance,Dublin,CC-IE-005
HRIS-WKR-002660,WKR-PUB-002660,IE,LE-IE-SYNTH-001,ACTIVE,EMPLOYEE,PERMANENT,2020-04-05,,M,Technology,Dublin,CC-IE-013
HRIS-WKR-002661,WKR-PUB-002661,IE,LE-IE-SYNTH-001,ACTIVE,EMPLOYEE,PERMANENT,2022-02-14,,M,Sales,Dublin,CC-IE-003
HRIS-WKR-002662,WKR-PUB-002662,IE,LE-IE-SYNTH-001,ACTIVE,EMPLOYEE,FIXED_TERM,2016-08-25,,UNDISCLOSED,Sales,Remote-IE,CC-IE-031
HRIS-WKR-002663,WKR-PUB-002663,IE,LE-IE-SYNTH-001,ACTIVE,EMPLOYEE,PERMANENT,2018-09-14,,M,Finance,Dublin,CC-IE-017
HRIS-WKR-002664,WKR-PUB-002664,IE,LE-IE-SYNTH-001,ACTIVE,CONTRACTOR,PERMANENT,2018-03-15,,F,Operations,Dublin,CC-IE-018
HRIS-WKR-002665,WKR-PUB-002665,IE,LE-IE-SYNTH-001,ACTIVE,EMPLOYEE,PERMANENT,2014-05-01,,F,Technology,Galway,CC-IE-025
HRIS-WKR-002666,WKR-PUB-002666,IE,LE-IE-SYNTH-001,TERMINATED,EMPLOYEE,PERMANENT,2020-02-26,2026-02-03,M,Engineering,Dublin,CC-IE-034
HRIS-WKR-002667,WKR-PUB-002667,IE,LE-IE-SYNTH-001,ACTIVE,EMPLOYEE,FIXED_TERM,2018-12-23,,M,Engineering,Dublin,CC-IE-030
HRIS-WKR-002668,WKR-PUB-002668,IE,LE-IE-SYNTH-001,ACTIVE,CONTRACTOR,PERMANENT,2022-05-25,,M,Operations,Dublin,CC-IE-010
HRIS-WKR-002669,WKR-PUB-002669,IE,LE-IE-SYNTH-001,ACTIVE,EMPLOYEE,FIXED_TERM,2023-08-18,,M,Sales,Dublin,CC-IE-002
HRIS-WKR-002670,WKR-PUB-002670,IE,LE-IE-SYNTH-001,ACTIVE,EMPLOYEE,PERMANENT,2018-09-30,,M,Operations,Cork,CC-IE-009
HRIS-WKR-002671,WKR-PUB-002671,IE,LE-IE-SYNTH-001,ACTIVE,EMPLOYEE,PERMANENT,2020-05-10,,F,Engineering,Limerick,CC-IE-035
HRIS-WKR-002672,WKR-PUB-002672,IE,LE-IE-SYNTH-001,ACTIVE,EMPLOYEE,PERMANENT,2015-12-07,,M,Operations,Dublin,CC-IE-028
HRIS-WKR-002673,WKR-PUB-002673,IE,LE-IE-SYNTH-001,ACTIVE,EMPLOYEE,PERMANENT,2024-07-10,,M,Sales,Limerick,CC-IE-017
HRIS-WKR-002674,WKR-PUB-002674,IE,LE-IE-SYNTH-001,ACTIVE,EMPLOYEE,PERMANENT,2014-11-26,,F,Engineering,Dublin,CC-IE-032
HRIS-WKR-002675,WKR-PUB-002675,IE,LE-IE-SYNTH-001,ACTIVE,EMPLOYEE,APPRENTICE,2015-06-17,,M,Operations,Dublin,CC-IE-030
HRIS-WKR-002676,WKR-PUB-002676,IE,LE-IE-SYNTH-001,ACTIVE,EMPLOYEE,PERMANENT,2024-08-07,,F,Engineering,Dublin,CC-IE-012
HRIS-WKR-002677,WKR-PUB-002677,IE,LE-IE-SYNTH-001,ACTIVE,EMPLOYEE,PERMANENT,2025-08-07,,F,Sales,Dublin,CC-IE-020
HRIS-WKR-002678,WKR-PUB-002678,IE,LE-IE-SYNTH-001,ACTIVE,EMPLOYEE,PERMANENT,2021-01-02,,F,Sales,Dublin,CC-IE-007
HRIS-WKR-002679,WKR-PUB-002679,IE,LE-IE-SYNTH-001,ACTIVE,EMPLOYEE,PERMANENT,2014-05-25,,M,Sales,Remote-IE,CC-IE-033
HRIS-WKR-002680,WKR-PUB-002680,IE,LE-IE-SYNTH-001,ACTIVE,EMPLOYEE,PERMANENT,2020-03-12,,F,People,Dublin,CC-IE-021
HRIS-WKR-002681,WKR-PUB-002681,IE,LE-IE-SYNTH-001,ACTIVE,EMPLOYEE,PERMANENT,2023-08-03,,M,Finance,Dublin,CC-IE-027
HRIS-WKR-002682,WKR-PUB-002682,IE,LE-IE-SYNTH-001,ACTIVE,EMPLOYEE,PERMANENT,2022-05-31,,M,Sales,Remote-IE,CC-IE-003
HRIS-WKR-002683,WKR-PUB-002683,IE,LE-IE-SYNTH-001,ACTIVE,EMPLOYEE,PERMANENT,2022-12-13,,F,Engineering,Limerick,CC-IE-019
HRIS-WKR-002684,WKR-PUB-002684,IE,LE-IE-SYNTH-001,ACTIVE,EMPLOYEE,PERMANENT,2016-06-13,,F,Sales,Dublin,CC-IE-024
HRIS-WKR-002685,WKR-PUB-002685,IE,LE-IE-SYNTH-001,ACTIVE,EMPLOYEE,PERMANENT,2020-04-16,,M,Technology,Dublin,CC-IE-038
HRIS-WKR-002686,WKR-PUB-002686,IE,LE-IE-SYNTH-001,ACTIVE,EMPLOYEE,PERMANENT,2020-04-20,,M,Sales,Cork,CC-IE-025
HRIS-WKR-002687,WKR-PUB-002687,IE,LE-IE-SYNTH-001,ACTIVE,EMPLOYEE,APPRENTICE,2018-06-15,,F,Sales,Cork,CC-IE-010
HRIS-WKR-002688,WKR-PUB-002688,IE,LE-IE-SYNTH-001,ACTIVE,CONTRACTOR,PERMANENT,2024-04-02,,F,Sales,Cork,CC-IE-007
HRIS-WKR-002689,WKR-PUB-002689,IE,LE-IE-SYNTH-001,ACTIVE,CONTRACTOR,PERMANENT,2022-03-14,,M,Technology,Galway,CC-IE-014
HRIS-WKR-002690,WKR-PUB-002690,IE,LE-IE-SYNTH-001,TERMINATED,EMPLOYEE,PERMANENT,2016-12-23,2026-08-29,F,Finance,Dublin,CC-IE-016
HRIS-WKR-002691,WKR-PUB-002691,IE,LE-IE-SYNTH-001,ACTIVE,EMPLOYEE,FIXED_TERM,2025-06-01,,M,Sales,Cork,CC-IE-024
HRIS-WKR-002692,WKR-PUB-002692,IE,LE-IE-SYNTH-001,ACTIVE,EMPLOYEE,FIXED_TERM,2018-08-18,,M,Operations,Remote-IE,CC-IE-005
HRIS-WKR-002693,WKR-PUB-002693,IE,LE-IE-SYNTH-001,ACTIVE,EMPLOYEE,PERMANENT,2025-05-18,,M,Engineering,Dublin,CC-IE-033
HRIS-WKR-002694,WKR-PUB-002694,IE,LE-IE-SYNTH-001,ACTIVE,CONTRACTOR,FIXED_TERM,2016-08-23,,M,Finance,Dublin,CC-IE-010
HRIS-WKR-002695,WKR-PUB-002695,IE,LE-IE-SYNTH-001,ACTIVE,EMPLOYEE,PERMANENT,2019-04-17,,F,Operations,Dublin,CC-IE-016
HRIS-WKR-002696,WKR-PUB-002696,IE,LE-IE-SYNTH-001,ACTIVE,EMPLOYEE,PERMANENT,2020-08-15,,F,Operations,Remote-IE,CC-IE-034
HRIS-WKR-002697,WKR-PUB-002697,IE,LE-IE-SYNTH-001,ACTIVE,CONTRACTOR,PERMANENT,2020-01-20,,F,Engineering,Remote-IE,CC-IE-027
HRIS-WKR-002698,WKR-PUB-002698,IE,LE-IE-SYNTH-001,ACTIVE,CONTRACTOR,PERMANENT,2023-03-23,,M,Operations,Galway,CC-IE-036
HRIS-WKR-002699,WKR-PUB-002699,IE,LE-IE-SYNTH-001,ACTIVE,EMPLOYEE,PERMANENT,2016-11-06,,F,Operations,Limerick,CC-IE-031
HRIS-WKR-002700,WKR-PUB-002700,IE,LE-IE-SYNTH-001,ACTIVE,EMPLOYEE,FIXED_TERM,2025-08-31,,F,Sales,Dublin,CC-IE-038
HRIS-WKR-002701,WKR-PUB-002701,IE,LE-IE-SYNTH-001,ACTIVE,EMPLOYEE,PERMANENT,2019-03-27,,M,Operations,Galway,CC-IE-021
HRIS-WKR-002702,WKR-PUB-002702,IE,LE-IE-SYNTH-001,ACTIVE,CONTRACTOR,PERMANENT,2020-12-13,,F,Technology,Remote-IE,CC-IE-031
HRIS-WKR-002703,WKR-PUB-002703,IE,LE-IE-SYNTH-001,ACTIVE,EMPLOYEE,PERMANENT,2021-02-22,,F,People,Dublin,CC-IE-005
HRIS-WKR-002704,WKR-PUB-002704,IE,LE-IE-SYNTH-001,ACTIVE,EMPLOYEE,PERMANENT,2025-01-29,,F,Engineering,Galway,CC-IE-013
HRIS-WKR-002705,WKR-PUB-002705,IE,LE-IE-SYNTH-001,ACTIVE,EMPLOYEE,PERMANENT,2022-09-20,,M,Sales,Cork,CC-IE-027
HRIS-WKR-002706,WKR-PUB-002706,IE,LE-IE-SYNTH-001,ACTIVE,EMPLOYEE,PERMANENT,2015-08-26,,F,Operations,Limerick,CC-IE-013
HRIS-WKR-002707,WKR-PUB-002707,IE,LE-IE-SYNTH-001,ACTIVE,EMPLOYEE,PERMANENT,2022-10-17,,F,Sales,Dublin,CC-IE-037
HRIS-WKR-002708,WKR-PUB-002708,IE,LE-IE-SYNTH-001,ACTIVE,EMPLOYEE,PERMANENT,2018-12-29,,M,Engineering,Dublin,CC-IE-012
HRIS-WKR-002709,WKR-PUB-002709,IE,LE-IE-SYNTH-001,ACTIVE,EMPLOYEE,PERMANENT,2022-12-07,,F,Operations,Cork,CC-IE-007
HRIS-WKR-002710,WKR-PUB-002710,IE,LE-IE-SYNTH-001,ACTIVE,EMPLOYEE,PERMANENT,2019-01-18,,M,Engineering,Cork,CC-IE-019
HRIS-WKR-002711,WKR-PUB-002711,IE,LE-IE-SYNTH-001,ACTIVE,EMPLOYEE,PERMANENT,2018-03-06,,M,Engineering,Galway,CC-IE-004
HRIS-WKR-002712,WKR-PUB-002712,IE,LE-IE-SYNTH-001,ACTIVE,EMPLOYEE,FIXED_TERM,2016-12-19,,F,Finance,Dublin,CC-IE-031
HRIS-WKR-002713,WKR-PUB-002713,IE,LE-IE-SYNTH-001,ACTIVE,EMPLOYEE,PERMANENT,2017-04-27,,M,Engineering,Dublin,CC-IE-002
HRIS-WKR-002714,WKR-PUB-002714,IE,LE-IE-SYNTH-001,ACTIVE,EMPLOYEE,PERMANENT,2022-03-06,,M,Engineering,Galway,CC-IE-014
HRIS-WKR-002715,WKR-PUB-002715,IE,LE-IE-SYNTH-001,ACTIVE,EMPLOYEE,FIXED_TERM,2022-05-02,,M,Engineering,Dublin,CC-IE-019
HRIS-WKR-002716,WKR-PUB-002716,IE,LE-IE-SYNTH-001,ACTIVE,EMPLOYEE,PERMANENT,2024-05-19,,F,Engineering,Dublin,CC-IE-004
HRIS-WKR-002717,WKR-PUB-002717,IE,LE-IE-SYNTH-001,ACTIVE,EMPLOYEE,PERMANENT,2018-11-20,,M,Finance,Galway,CC-IE-034
HRIS-WKR-002718,WKR-PUB-002718,IE,LE-IE-SYNTH-001,ACTIVE,EMPLOYEE,PERMANENT,2019-11-21,,M,Engineering,Dublin,CC-IE-037
HRIS-WKR-002719,WKR-PUB-002719,IE,LE-IE-SYNTH-001,ACTIVE,EMPLOYEE,FIXED_TERM,2014-10-16,,M,Engineering,Remote-IE,CC-IE-034
HRIS-WKR-002720,WKR-PUB-002720,IE,LE-IE-SYNTH-001,TERMINATED,EMPLOYEE,PERMANENT,2017-05-03,2026-11-06,M,Finance,Cork,CC-IE-024
HRIS-WKR-002721,WKR-PUB-002721,IE,LE-IE-SYNTH-001,ACTIVE,CONTRACTOR,PERMANENT,2019-02-07,,F,Sales,Galway,CC-IE-010
HRIS-WKR-002722,WKR-PUB-002722,IE,LE-IE-SYNTH-001,ACTIVE,EMPLOYEE,FIXED_TERM,2018-11-11,,F,Technology,Dublin,CC-IE-037
HRIS-WKR-002723,WKR-PUB-002723,IE,LE-IE-SYNTH-001,ACTIVE,EMPLOYEE,PERMANENT,2020-11-26,,M,Sales,Galway,CC-IE-035
HRIS-WKR-002724,WKR-PUB-002724,IE,LE-IE-SYNTH-001,ACTIVE,EMPLOYEE,PERMANENT,2015-11-13,,F,Sales,Dublin,CC-IE-026
HRIS-WKR-002725,WKR-PUB-002725,IE,LE-IE-SYNTH-001,ACTIVE,CONTRACTOR,PERMANENT,2019-12-14,,M,People,Dublin,CC-IE-040
HRIS-WKR-002726,WKR-PUB-002726,IE,LE-IE-SYNTH-001,ACTIVE,EMPLOYEE,PERMANENT,2025-03-20,,F,Operations,Cork,CC-IE-035
HRIS-WKR-002727,WKR-PUB-002727,IE,LE-IE-SYNTH-001,ACTIVE,EMPLOYEE,PERMANENT,2021-07-19,,F,Finance,Cork,CC-IE-011
HRIS-WKR-002728,WKR-PUB-002728,IE,LE-IE-SYNTH-001,ACTIVE,EMPLOYEE,PERMANENT,2016-08-17,,F,Engineering,Cork,CC-IE-038
HRIS-WKR-002729,WKR-PUB-002729,IE,LE-IE-SYNTH-001,ACTIVE,EMPLOYEE,FIXED_TERM,2017-09-03,,F,Operations,Cork,CC-IE-017
HRIS-WKR-002730,WKR-PUB-002730,IE,LE-IE-SYNTH-001,ACTIVE,EMPLOYEE,PERMANENT,2014-01-03,,F,Engineering,Limerick,CC-IE-024
HRIS-WKR-002731,WKR-PUB-002731,IE,LE-IE-SYNTH-001,ACTIVE,EMPLOYEE,PERMANENT,2014-07-29,,F,Sales,Cork,CC-IE-013
HRIS-WKR-002732,WKR-PUB-002732,IE,LE-IE-SYNTH-001,ACTIVE,EMPLOYEE,PERMANENT,2018-01-02,,F,Operations,Remote-IE,CC-IE-040
HRIS-WKR-002733,WKR-PUB-002733,IE,LE-IE-SYNTH-001,ACTIVE,EMPLOYEE,PERMANENT,2016-11-19,,M,Operations,Cork,CC-IE-005
HRIS-WKR-002734,WKR-PUB-002734,IE,LE-IE-SYNTH-001,ACTIVE,EMPLOYEE,FIXED_TERM,2025-07-28,,M,People,Dublin,CC-IE-023
HRIS-WKR-002735,WKR-PUB-002735,IE,LE-IE-SYNTH-001,ACTIVE,EMPLOYEE,FIXED_TERM,2019-08-26,,F,Technology,Dublin,CC-IE-016
HRIS-WKR-002736,WKR-PUB-002736,IE,LE-IE-SYNTH-001,ACTIVE,EMPLOYEE,PERMANENT,2021-11-08,,M,Finance,Dublin,CC-IE-029
HRIS-WKR-002737,WKR-PUB-002737,IE,LE-IE-SYNTH-001,TERMINATED,EMPLOYEE,FIXED_TERM,2015-08-16,2026-04-27,F,Operations,Galway,CC-IE-024
HRIS-WKR-002738,WKR-PUB-002738,IE,LE-IE-SYNTH-001,ACTIVE,EMPLOYEE,PERMANENT,2021-10-12,,M,Sales,Dublin,CC-IE-034
HRIS-WKR-002739,WKR-PUB-002739,IE,LE-IE-SYNTH-001,ACTIVE,EMPLOYEE,PERMANENT,2022-07-23,,F,Engineering,Remote-IE,CC-IE-022
HRIS-WKR-002740,WKR-PUB-002740,IE,LE-IE-SYNTH-001,ACTIVE,EMPLOYEE,PERMANENT,2025-06-11,,F,Sales,Limerick,CC-IE-030
HRIS-WKR-002741,WKR-PUB-002741,IE,LE-IE-SYNTH-001,ACTIVE,EMPLOYEE,PERMANENT,2019-04-20,,M,Sales,Dublin,CC-IE-005
HRIS-WKR-002742,WKR-PUB-002742,IE,LE-IE-SYNTH-001,ACTIVE,EMPLOYEE,FIXED_TERM,2019-03-05,,M,People,Dublin,CC-IE-029
HRIS-WKR-002743,WKR-PUB-002743,IE,LE-IE-SYNTH-001,ACTIVE,EMPLOYEE,PERMANENT,2014-12-25,,M,Sales,Limerick,CC-IE-030
HRIS-WKR-002744,WKR-PUB-002744,IE,LE-IE-SYNTH-001,ACTIVE,EMPLOYEE,PERMANENT,2024-06-20,,M,Engineering,Galway,CC-IE-023
HRIS-WKR-002745,WKR-PUB-002745,IE,LE-IE-SYNTH-001,ACTIVE,CONTRACTOR,PERMANENT,2025-06-16,,M,Operations,Dublin,CC-IE-010
HRIS-WKR-002746,WKR-PUB-002746,IE,LE-IE-SYNTH-001,ACTIVE,EMPLOYEE,FIXED_TERM,2025-12-05,,F,Sales,Dublin,CC-IE-016
HRIS-WKR-002747,WKR-PUB-002747,IE,LE-IE-SYNTH-001,ACTIVE,EMPLOYEE,PERMANENT,2020-12-30,,F,Sales,Dublin,CC-IE-038
HRIS-WKR-002748,WKR-PUB-002748,IE,LE-IE-SYNTH-001,ACTIVE,EMPLOYEE,PERMANENT,2014-06-16,,F,Engineering,Cork,CC-IE-017
HRIS-WKR-002749,WKR-PUB-002749,IE,LE-IE-SYNTH-001,ACTIVE,EMPLOYEE,PERMANENT,2022-06-26,,M,Technology,Galway,CC-IE-033
HRIS-WKR-002750,WKR-PUB-002750,IE,LE-IE-SYNTH-001,ACTIVE,EMPLOYEE,APPRENTICE,2019-09-14,,M,People,Dublin,CC-IE-036
HRIS-WKR-002751,WKR-PUB-002751,IE,LE-IE-SYNTH-001,ACTIVE,EMPLOYEE,PERMANENT,2019-12-20,,F,Operations,Dublin,CC-IE-002
HRIS-WKR-002752,WKR-PUB-002752,IE,LE-IE-SYNTH-001,ACTIVE,EMPLOYEE,PERMANENT,2021-09-16,,M,Operations,Dublin,CC-IE-019
HRIS-WKR-002753,WKR-PUB-002753,IE,LE-IE-SYNTH-001,ACTIVE,EMPLOYEE,PERMANENT,2022-10-19,,M,Engineering,Cork,CC-IE-021
HRIS-WKR-002754,WKR-PUB-002754,IE,LE-IE-SYNTH-001,ACTIVE,EMPLOYEE,PERMANENT,2015-05-22,,M,Sales,Dublin,CC-IE-036
HRIS-WKR-002755,WKR-PUB-002755,IE,LE-IE-SYNTH-001,ACTIVE,EMPLOYEE,PERMANENT,2024-01-26,,M,Technology,Dublin,CC-IE-024
HRIS-WKR-002756,WKR-PUB-002756,IE,LE-IE-SYNTH-001,ACTIVE,EMPLOYEE,PERMANENT,2016-09-21,,NB,Sales,Dublin,CC-IE-028
HRIS-WKR-002757,WKR-PUB-002757,IE,LE-IE-SYNTH-001,ACTIVE,EMPLOYEE,PERMANENT,2014-02-25,,M,Engineering,Cork,CC-IE-024
HRIS-WKR-002758,WKR-PUB-002758,IE,LE-IE-SYNTH-001,ACTIVE,EMPLOYEE,FIXED_TERM,2024-07-02,,F,Operations,Dublin,CC-IE-034
HRIS-WKR-002759,WKR-PUB-002759,IE,LE-IE-SYNTH-001,ACTIVE,EMPLOYEE,PERMANENT,2023-04-04,,M,Sales,Remote-IE,CC-IE-035
HRIS-WKR-002760,WKR-PUB-002760,IE,LE-IE-SYNTH-001,ACTIVE,EMPLOYEE,PERMANENT,2019-09-12,,M,Engineering,Dublin,CC-IE-037
HRIS-WKR-002761,WKR-PUB-002761,IE,LE-IE-SYNTH-001,ACTIVE,EMPLOYEE,PERMANENT,2018-03-13,,M,Engineering,Limerick,CC-IE-005
HRIS-WKR-002762,WKR-PUB-002762,IE,LE-IE-SYNTH-001,ACTIVE,EMPLOYEE,PERMANENT,2025-01-03,,M,Finance,Remote-IE,CC-IE-035
HRIS-WKR-002763,WKR-PUB-002763,IE,LE-IE-SYNTH-001,ACTIVE,EMPLOYEE,PERMANENT,2020-05-14,,F,Engineering,Remote-IE,CC-IE-028
HRIS-WKR-002764,WKR-PUB-002764,IE,LE-IE-SYNTH-001,ACTIVE,EMPLOYEE,PERMANENT,2025-11-04,,F,Engineering,Dublin,CC-IE-037
HRIS-WKR-002765,WKR-PUB-002765,IE,LE-IE-SYNTH-001,ACTIVE,EMPLOYEE,FIXED_TERM,2018-08-11,,F,Finance,Cork,CC-IE-011
HRIS-WKR-002766,WKR-PUB-002766,IE,LE-IE-SYNTH-001,ACTIVE,EMPLOYEE,PERMANENT,2018-11-25,,M,Finance,Cork,CC-IE-037
HRIS-WKR-002767,WKR-PUB-002767,IE,LE-IE-SYNTH-001,ACTIVE,EMPLOYEE,PERMANENT,2020-07-28,,M,Sales,Limerick,CC-IE-014
HRIS-WKR-002768,WKR-PUB-002768,IE,LE-IE-SYNTH-001,ACTIVE,CONTRACTOR,PERMANENT,2019-06-20,,F,Finance,Remote-IE,CC-IE-015
HRIS-WKR-002769,WKR-PUB-002769,IE,LE-IE-SYNTH-001,ACTIVE,EMPLOYEE,APPRENTICE,2023-12-25,,M,Finance,Dublin,CC-IE-001
HRIS-WKR-002770,WKR-PUB-002770,IE,LE-IE-SYNTH-001,ACTIVE,EMPLOYEE,FIXED_TERM,2024-10-14,,M,Engineering,Dublin,CC-IE-031
HRIS-WKR-002771,WKR-PUB-002771,IE,LE-IE-SYNTH-001,ACTIVE,EMPLOYEE,FIXED_TERM,2023-05-20,,F,Sales,Galway,CC-IE-011
HRIS-WKR-002772,WKR-PUB-002772,IE,LE-IE-SYNTH-001,ACTIVE,EMPLOYEE,FIXED_TERM,2023-09-08,,F,Operations,Dublin,CC-IE-011
HRIS-WKR-002773,WKR-PUB-002773,IE,LE-IE-SYNTH-001,ACTIVE,EMPLOYEE,PERMANENT,2025-11-09,,F,Sales,Galway,CC-IE-017
HRIS-WKR-002774,WKR-PUB-002774,IE,LE-IE-SYNTH-001,ACTIVE,EMPLOYEE,PERMANENT,2021-12-22,,M,Operations,Cork,CC-IE-010
HRIS-WKR-002775,WKR-PUB-002775,IE,LE-IE-SYNTH-001,ACTIVE,CONTRACTOR,PERMANENT,2015-02-16,,M,Operations,Galway,CC-IE-030
HRIS-WKR-002776,WKR-PUB-002776,IE,LE-IE-SYNTH-001,ACTIVE,EMPLOYEE,PERMANENT,2021-07-19,,F,Finance,Remote-IE,CC-IE-028
HRIS-WKR-002777,WKR-PUB-002777,IE,LE-IE-SYNTH-001,ACTIVE,EMPLOYEE,PERMANENT,2022-09-28,,F,Sales,Dublin,CC-IE-003
HRIS-WKR-002778,WKR-PUB-002778,IE,LE-IE-SYNTH-001,ACTIVE,EMPLOYEE,PERMANENT,2022-08-19,,M,Operations,Galway,CC-IE-015
HRIS-WKR-002779,WKR-PUB-002779,IE,LE-IE-SYNTH-001,ACTIVE,EMPLOYEE,FIXED_TERM,2024-12-29,,M,Operations,Cork,CC-IE-018
HRIS-WKR-002780,WKR-PUB-002780,IE,LE-IE-SYNTH-001,ACTIVE,EMPLOYEE,PERMANENT,2017-11-15,,M,Engineering,Dublin,CC-IE-033
HRIS-WKR-002781,WKR-PUB-002781,IE,LE-IE-SYNTH-001,ACTIVE,EMPLOYEE,PERMANENT,2022-08-15,,M,Sales,Galway,CC-IE-001
HRIS-WKR-002782,WKR-PUB-002782,IE,LE-IE-SYNTH-001,ACTIVE,EMPLOYEE,PERMANENT,2014-09-06,,M,Finance,Cork,CC-IE-028
HRIS-WKR-002783,WKR-PUB-002783,IE,LE-IE-SYNTH-001,ACTIVE,CONTRACTOR,PERMANENT,2021-02-23,,F,Engineering,Dublin,CC-IE-038
HRIS-WKR-002784,WKR-PUB-002784,IE,LE-IE-SYNTH-001,ACTIVE,EMPLOYEE,PERMANENT,2022-08-11,,M,Sales,Cork,CC-IE-036
HRIS-WKR-002785,WKR-PUB-002785,IE,LE-IE-SYNTH-001,ACTIVE,CONTRACTOR,PERMANENT,2023-07-20,,F,Engineering,Dublin,CC-IE-039
HRIS-WKR-002786,WKR-PUB-002786,IE,LE-IE-SYNTH-001,ACTIVE,EMPLOYEE,PERMANENT,2016-02-23,,M,Engineering,Dublin,CC-IE-022
HRIS-WKR-002787,WKR-PUB-002787,IE,LE-IE-SYNTH-001,ACTIVE,EMPLOYEE,PERMANENT,2018-06-02,,M,Sales,Remote-IE,CC-IE-009
HRIS-WKR-002788,WKR-PUB-002788,IE,LE-IE-SYNTH-001,ACTIVE,EMPLOYEE,PERMANENT,2020-09-13,,M,Operations,Dublin,CC-IE-040
HRIS-WKR-002789,WKR-PUB-002789,IE,LE-IE-SYNTH-001,ACTIVE,EMPLOYEE,PERMANENT,2014-05-02,,M,People,Galway,CC-IE-029
HRIS-WKR-002790,WKR-PUB-002790,IE,LE-IE-SYNTH-001,ACTIVE,EMPLOYEE,PERMANENT,2019-08-01,,M,Engineering,Galway,CC-IE-033
HRIS-WKR-002791,WKR-PUB-002791,IE,LE-IE-SYNTH-001,ACTIVE,CONTRACTOR,PERMANENT,2018-04-11,,NB,Sales,Cork,CC-IE-014
HRIS-WKR-002792,WKR-PUB-002792,IE,LE-IE-SYNTH-001,ACTIVE,EMPLOYEE,FIXED_TERM,2025-11-25,,M,People,Cork,CC-IE-039
HRIS-WKR-002793,WKR-PUB-002793,IE,LE-IE-SYNTH-001,ACTIVE,EMPLOYEE,PERMANENT,2019-04-02,,F,Engineering,Dublin,CC-IE-035
HRIS-WKR-002794,WKR-PUB-002794,IE,LE-IE-SYNTH-001,ACTIVE,EMPLOYEE,PERMANENT,2020-06-27,,F,Operations,Cork,CC-IE-038
HRIS-WKR-002795,WKR-PUB-002795,IE,LE-IE-SYNTH-001,ACTIVE,EMPLOYEE,PERMANENT,2024-02-18,,F,Technology,Remote-IE,CC-IE-031
HRIS-WKR-002796,WKR-PUB-002796,IE,LE-IE-SYNTH-001,ACTIVE,EMPLOYEE,PERMANENT,2019-12-20,,F,Sales,Limerick,CC-IE-027
HRIS-WKR-002797,WKR-PUB-002797,IE,LE-IE-SYNTH-001,ACTIVE,EMPLOYEE,PERMANENT,2025-07-05,,F,Operations,Dublin,CC-IE-024
HRIS-WKR-002798,WKR-PUB-002798,IE,LE-IE-SYNTH-001,ACTIVE,EMPLOYEE,PERMANENT,2017-06-23,,M,Technology,Galway,CC-IE-040
HRIS-WKR-002799,WKR-PUB-002799,IE,LE-IE-SYNTH-001,ACTIVE,EMPLOYEE,FIXED_TERM,2014-01-18,,M,Sales,Dublin,CC-IE-016
HRIS-WKR-002800,WKR-PUB-002800,IE,LE-IE-SYNTH-001,ACTIVE,EMPLOYEE,FIXED_TERM,2024-07-06,,F,Engineering,Cork,CC-IE-010
HRIS-WKR-002801,WKR-PUB-002801,IE,LE-IE-SYNTH-001,ACTIVE,EMPLOYEE,PERMANENT,2015-02-19,,F,Sales,Dublin,CC-IE-008
HRIS-WKR-002802,WKR-PUB-002802,IE,LE-IE-SYNTH-001,TERMINATED,EMPLOYEE,PERMANENT,2015-02-28,2026-09-10,M,Finance,Cork,CC-IE-002
HRIS-WKR-002803,WKR-PUB-002803,IE,LE-IE-SYNTH-001,ACTIVE,EMPLOYEE,FIXED_TERM,2017-11-20,,M,Sales,Dublin,CC-IE-015
HRIS-WKR-002804,WKR-PUB-002804,IE,LE-IE-SYNTH-001,ACTIVE,EMPLOYEE,PERMANENT,2023-12-31,,F,People,Dublin,CC-IE-018
HRIS-WKR-002805,WKR-PUB-002805,IE,LE-IE-SYNTH-001,ACTIVE,EMPLOYEE,PERMANENT,2024-09-05,,F,Operations,Dublin,CC-IE-016
HRIS-WKR-002806,WKR-PUB-002806,IE,LE-IE-SYNTH-001,ACTIVE,EMPLOYEE,PERMANENT,2016-12-17,,M,Technology,Remote-IE,CC-IE-005
HRIS-WKR-002807,WKR-PUB-002807,IE,LE-IE-SYNTH-001,ACTIVE,EMPLOYEE,FIXED_TERM,2022-09-13,,M,Finance,Remote-IE,CC-IE-040
HRIS-WKR-002808,WKR-PUB-002808,IE,LE-IE-SYNTH-001,ACTIVE,EMPLOYEE,PERMANENT,2016-01-20,,M,Sales,Dublin,CC-IE-040
HRIS-WKR-002809,WKR-PUB-002809,IE,LE-IE-SYNTH-001,ACTIVE,EMPLOYEE,PERMANENT,2025-12-26,,M,Engineering,Dublin,CC-IE-029
HRIS-WKR-002810,WKR-PUB-002810,IE,LE-IE-SYNTH-001,ACTIVE,EMPLOYEE,PERMANENT,2016-02-03,,M,Technology,Cork,CC-IE-024
HRIS-WKR-002811,WKR-PUB-002811,IE,LE-IE-SYNTH-001,ACTIVE,EMPLOYEE,FIXED_TERM,2022-01-22,,M,Sales,Limerick,CC-IE-004
HRIS-WKR-002812,WKR-PUB-002812,IE,LE-IE-SYNTH-001,ACTIVE,EMPLOYEE,PERMANENT,2016-11-25,,F,Finance,Dublin,CC-IE-017
HRIS-WKR-002813,WKR-PUB-002813,IE,LE-IE-SYNTH-001,ACTIVE,EMPLOYEE,PERMANENT,2023-09-28,,F,Engineering,Limerick,CC-IE-006
HRIS-WKR-002814,WKR-PUB-002814,IE,LE-IE-SYNTH-001,ACTIVE,EMPLOYEE,PERMANENT,2025-07-05,,M,Finance,Cork,CC-IE-008
HRIS-WKR-002815,WKR-PUB-002815,IE,LE-IE-SYNTH-001,ACTIVE,EMPLOYEE,PERMANENT,2023-09-14,,M,Sales,Dublin,CC-IE-011
HRIS-WKR-002816,WKR-PUB-002816,IE,LE-IE-SYNTH-001,ACTIVE,EMPLOYEE,PERMANENT,2015-12-25,,F,Operations,Dublin,CC-IE-025
HRIS-WKR-002817,WKR-PUB-002817,IE,LE-IE-SYNTH-001,TERMINATED,EMPLOYEE,PERMANENT,2023-04-25,2026-12-09,M,Sales,Cork,CC-IE-023
HRIS-WKR-002818,WKR-PUB-002818,IE,LE-IE-SYNTH-001,ACTIVE,EMPLOYEE,PERMANENT,2021-04-16,,M,Engineering,Galway,CC-IE-011
HRIS-WKR-002819,WKR-PUB-002819,IE,LE-IE-SYNTH-001,ACTIVE,EMPLOYEE,PERMANENT,2017-07-12,,M,Technology,Dublin,CC-IE-005
HRIS-WKR-002820,WKR-PUB-002820,IE,LE-IE-SYNTH-001,ACTIVE,EMPLOYEE,PERMANENT,2014-07-19,,M,Operations,Dublin,CC-IE-007
HRIS-WKR-002821,WKR-PUB-002821,IE,LE-IE-SYNTH-001,ACTIVE,EMPLOYEE,PERMANENT,2019-06-21,,M,Engineering,Dublin,CC-IE-027
HRIS-WKR-002822,WKR-PUB-002822,IE,LE-IE-SYNTH-001,ACTIVE,EMPLOYEE,PERMANENT,2021-04-10,,M,Engineering,Dublin,CC-IE-015
HRIS-WKR-002823,WKR-PUB-002823,IE,LE-IE-SYNTH-001,ACTIVE,EMPLOYEE,FIXED_TERM,2014-01-06,,F,Engineering,Dublin,CC-IE-008
HRIS-WKR-002824,WKR-PUB-002824,IE,LE-IE-SYNTH-001,ACTIVE,EMPLOYEE,PERMANENT,2024-12-26,,M,Sales,Limerick,CC-IE-019
HRIS-WKR-002825,WKR-PUB-002825,IE,LE-IE-SYNTH-001,ACTIVE,EMPLOYEE,PERMANENT,2016-12-04,,F,Sales,Dublin,CC-IE-039
HRIS-WKR-002826,WKR-PUB-002826,IE,LE-IE-SYNTH-001,ACTIVE,EMPLOYEE,PERMANENT,2025-04-13,,M,Engineering,Dublin,CC-IE-023
HRIS-WKR-002827,WKR-PUB-002827,IE,LE-IE-SYNTH-001,ACTIVE,EMPLOYEE,PERMANENT,2015-05-01,,NB,Engineering,Dublin,CC-IE-007
HRIS-WKR-002828,WKR-PUB-002828,IE,LE-IE-SYNTH-001,ACTIVE,EMPLOYEE,FIXED_TERM,2019-09-28,,F,People,Dublin,CC-IE-026
HRIS-WKR-002829,WKR-PUB-002829,IE,LE-IE-SYNTH-001,ACTIVE,EMPLOYEE,APPRENTICE,2025-02-01,,F,Finance,Dublin,CC-IE-009
HRIS-WKR-002830,WKR-PUB-002830,IE,LE-IE-SYNTH-001,ACTIVE,EMPLOYEE,PERMANENT,2017-11-23,,M,Operations,Dublin,CC-IE-032
HRIS-WKR-002831,WKR-PUB-002831,IE,LE-IE-SYNTH-001,ACTIVE,EMPLOYEE,PERMANENT,2017-07-31,,F,Sales,Remote-IE,CC-IE-023
HRIS-WKR-002832,WKR-PUB-002832,IE,LE-IE-SYNTH-001,ACTIVE,EMPLOYEE,PERMANENT,2017-05-28,,M,Finance,Dublin,CC-IE-039
HRIS-WKR-002833,WKR-PUB-002833,IE,LE-IE-SYNTH-001,ACTIVE,EMPLOYEE,PERMANENT,2019-11-03,,M,Engineering,Cork,CC-IE-011
HRIS-WKR-002834,WKR-PUB-002834,IE,LE-IE-SYNTH-001,ACTIVE,EMPLOYEE,PERMANENT,2019-02-23,,M,Technology,Dublin,CC-IE-013
HRIS-WKR-002835,WKR-PUB-002835,IE,LE-IE-SYNTH-001,ACTIVE,CONTRACTOR,PERMANENT,2022-03-06,,M,People,Dublin,CC-IE-031
HRIS-WKR-002836,WKR-PUB-002836,IE,LE-IE-SYNTH-001,ACTIVE,EMPLOYEE,PERMANENT,2025-03-26,,M,People,Dublin,CC-IE-013
HRIS-WKR-002837,WKR-PUB-002837,IE,LE-IE-SYNTH-001,ACTIVE,EMPLOYEE,PERMANENT,2023-07-10,,F,Operations,Dublin,CC-IE-008
HRIS-WKR-002838,WKR-PUB-002838,IE,LE-IE-SYNTH-001,ACTIVE,EMPLOYEE,PERMANENT,2024-01-31,,F,People,Limerick,CC-IE-022
HRIS-WKR-002839,WKR-PUB-002839,IE,LE-IE-SYNTH-001,ACTIVE,EMPLOYEE,PERMANENT,2021-09-07,,F,Sales,Dublin,CC-IE-032
HRIS-WKR-002840,WKR-PUB-002840,IE,LE-IE-SYNTH-001,ACTIVE,EMPLOYEE,PERMANENT,2021-06-11,,F,Operations,Remote-IE,CC-IE-040
HRIS-WKR-002841,WKR-PUB-002841,IE,LE-IE-SYNTH-001,TERMINATED,EMPLOYEE,PERMANENT,2025-12-30,2026-08-18,M,Engineering,Limerick,CC-IE-008
HRIS-WKR-002842,WKR-PUB-002842,IE,LE-IE-SYNTH-001,ACTIVE,EMPLOYEE,PERMANENT,2026-01-18,,F,Technology,Dublin,CC-IE-015
HRIS-WKR-002843,WKR-PUB-002843,IE,LE-IE-SYNTH-001,ACTIVE,EMPLOYEE,PERMANENT,2023-07-20,,,Sales,Limerick,CC-IE-023
HRIS-WKR-002844,WKR-PUB-002844,IE,LE-IE-SYNTH-001,ACTIVE,EMPLOYEE,PERMANENT,2025-03-31,,M,Sales,Dublin,CC-IE-010
HRIS-WKR-002845,WKR-PUB-002845,IE,LE-IE-SYNTH-001,ACTIVE,EMPLOYEE,PERMANENT,2021-09-20,,F,Operations,Galway,CC-IE-007
HRIS-WKR-002846,WKR-PUB-002846,IE,LE-IE-SYNTH-001,ACTIVE,EMPLOYEE,PERMANENT,2017-11-09,,,Technology,Limerick,CC-IE-007
HRIS-WKR-002847,WKR-PUB-002847,IE,LE-IE-SYNTH-001,ACTIVE,EMPLOYEE,PERMANENT,2022-01-16,,M,Operations,Dublin,CC-IE-010
HRIS-WKR-002848,WKR-PUB-002848,IE,LE-IE-SYNTH-001,ACTIVE,EMPLOYEE,PERMANENT,2015-06-13,,M,Sales,Galway,CC-IE-010
HRIS-WKR-002849,WKR-PUB-002849,IE,LE-IE-SYNTH-001,ACTIVE,EMPLOYEE,PERMANENT,2018-06-17,,F,Engineering,Remote-IE,CC-IE-021
HRIS-WKR-002850,WKR-PUB-002850,IE,LE-IE-SYNTH-001,ACTIVE,EMPLOYEE,PERMANENT,2015-03-15,,F,Engineering,Cork,CC-IE-010
HRIS-WKR-002851,WKR-PUB-002851,IE,LE-IE-SYNTH-001,ACTIVE,EMPLOYEE,PERMANENT,2015-08-13,,F,Sales,Dublin,CC-IE-033
HRIS-WKR-002852,WKR-PUB-002852,IE,LE-IE-SYNTH-001,ACTIVE,EMPLOYEE,PERMANENT,2025-08-18,,NB,People,Cork,CC-IE-040
HRIS-WKR-002853,WKR-PUB-002853,IE,LE-IE-SYNTH-001,ACTIVE,EMPLOYEE,PERMANENT,2014-03-23,,F,Finance,Dublin,CC-IE-037
HRIS-WKR-002854,WKR-PUB-002854,IE,LE-IE-SYNTH-001,ACTIVE,EMPLOYEE,PERMANENT,2018-12-28,,F,Sales,Dublin,CC-IE-025
HRIS-WKR-002855,WKR-PUB-002855,IE,LE-IE-SYNTH-001,TERMINATED,EMPLOYEE,PERMANENT,2019-02-09,2026-03-04,M,Technology,Dublin,CC-IE-023
HRIS-WKR-002856,WKR-PUB-002856,IE,LE-IE-SYNTH-001,ACTIVE,EMPLOYEE,APPRENTICE,2016-09-02,,F,Operations,Dublin,CC-IE-002
HRIS-WKR-002857,WKR-PUB-002857,IE,LE-IE-SYNTH-001,ACTIVE,EMPLOYEE,FIXED_TERM,2014-10-27,,M,People,Dublin,CC-IE-008
HRIS-WKR-002858,WKR-PUB-002858,IE,LE-IE-SYNTH-001,ACTIVE,EMPLOYEE,FIXED_TERM,2025-11-12,,UNDISCLOSED,People,Dublin,CC-IE-004
HRIS-WKR-002859,WKR-PUB-002859,IE,LE-IE-SYNTH-001,ACTIVE,CONTRACTOR,FIXED_TERM,2017-06-14,,F,Finance,Dublin,CC-IE-009
HRIS-WKR-002860,WKR-PUB-002860,IE,LE-IE-SYNTH-001,ACTIVE,EMPLOYEE,PERMANENT,2024-03-01,,F,Engineering,Galway,CC-IE-037
HRIS-WKR-002861,WKR-PUB-002861,IE,LE-IE-SYNTH-001,ACTIVE,EMPLOYEE,PERMANENT,2014-01-24,,M,Sales,Cork,CC-IE-034
HRIS-WKR-002862,WKR-PUB-002862,IE,LE-IE-SYNTH-001,ACTIVE,EMPLOYEE,PERMANENT,2014-04-19,,F,Engineering,Dublin,CC-IE-035
HRIS-WKR-002863,WKR-PUB-002863,IE,LE-IE-SYNTH-001,ACTIVE,EMPLOYEE,PERMANENT,2015-10-16,,F,Finance,Galway,CC-IE-005
HRIS-WKR-002864,WKR-PUB-002864,IE,LE-IE-SYNTH-001,ACTIVE,EMPLOYEE,PERMANENT,2019-11-16,,M,Technology,Galway,CC-IE-004
HRIS-WKR-002865,WKR-PUB-002865,IE,LE-IE-SYNTH-001,ACTIVE,EMPLOYEE,PERMANENT,2015-12-01,,F,Engineering,Limerick,CC-IE-030
HRIS-WKR-002866,WKR-PUB-002866,IE,LE-IE-SYNTH-001,ACTIVE,EMPLOYEE,PERMANENT,2024-02-02,,M,Finance,Limerick,CC-IE-031
HRIS-WKR-002867,WKR-PUB-002867,IE,LE-IE-SYNTH-001,ACTIVE,EMPLOYEE,FIXED_TERM,2014-01-19,,,Finance,Remote-IE,CC-IE-016
HRIS-WKR-002868,WKR-PUB-002868,IE,LE-IE-SYNTH-001,ACTIVE,EMPLOYEE,FIXED_TERM,2022-09-06,,F,Engineering,Cork,CC-IE-020
HRIS-WKR-002869,WKR-PUB-002869,IE,LE-IE-SYNTH-001,ACTIVE,EMPLOYEE,PERMANENT,2016-01-20,,F,Sales,Dublin,CC-IE-027
HRIS-WKR-002870,WKR-PUB-002870,IE,LE-IE-SYNTH-001,ACTIVE,CONTRACTOR,PERMANENT,2024-11-23,,M,Finance,Dublin,CC-IE-028
HRIS-WKR-002871,WKR-PUB-002871,IE,LE-IE-SYNTH-001,ACTIVE,EMPLOYEE,PERMANENT,2015-08-21,,M,Sales,Dublin,CC-IE-025
HRIS-WKR-002872,WKR-PUB-002872,IE,LE-IE-SYNTH-001,ACTIVE,EMPLOYEE,PERMANENT,2019-05-01,,F,Operations,Dublin,CC-IE-025
HRIS-WKR-002873,WKR-PUB-002873,IE,LE-IE-SYNTH-001,ACTIVE,EMPLOYEE,PERMANENT,2024-07-02,,F,Engineering,Limerick,CC-IE-034
HRIS-WKR-002874,WKR-PUB-002874,IE,LE-IE-SYNTH-001,ACTIVE,EMPLOYEE,PERMANENT,2017-06-23,,F,Operations,Cork,CC-IE-028
HRIS-WKR-002875,WKR-PUB-002875,IE,LE-IE-SYNTH-001,ACTIVE,EMPLOYEE,PERMANENT,2014-04-15,,M,Sales,Dublin,CC-IE-004
HRIS-WKR-002876,WKR-PUB-002876,IE,LE-IE-SYNTH-001,ACTIVE,EMPLOYEE,PERMANENT,2021-03-13,,M,Engineering,Dublin,CC-IE-013
HRIS-WKR-002877,WKR-PUB-002877,IE,LE-IE-SYNTH-001,ACTIVE,EMPLOYEE,PERMANENT,2019-12-11,,M,Engineering,Cork,CC-IE-031
HRIS-WKR-002878,WKR-PUB-002878,IE,LE-IE-SYNTH-001,ACTIVE,EMPLOYEE,PERMANENT,2018-04-15,,F,Operations,Dublin,CC-IE-037
HRIS-WKR-002879,WKR-PUB-002879,IE,LE-IE-SYNTH-001,ACTIVE,EMPLOYEE,FIXED_TERM,2025-03-09,,M,Engineering,Limerick,CC-IE-014
HRIS-WKR-002880,WKR-PUB-002880,IE,LE-IE-SYNTH-001,ACTIVE,EMPLOYEE,PERMANENT,2020-12-27,,F,Operations,Dublin,CC-IE-005
HRIS-WKR-002881,WKR-PUB-002881,IE,LE-IE-SYNTH-001,ACTIVE,EMPLOYEE,PERMANENT,2025-08-11,,M,Operations,Cork,CC-IE-017
HRIS-WKR-002882,WKR-PUB-002882,IE,LE-IE-SYNTH-001,ACTIVE,CONTRACTOR,PERMANENT,2020-04-10,,M,Engineering,Remote-IE,CC-IE-005
HRIS-WKR-002883,WKR-PUB-002883,IE,LE-IE-SYNTH-001,ACTIVE,EMPLOYEE,PERMANENT,2014-06-09,,F,Sales,Dublin,CC-IE-005
HRIS-WKR-002884,WKR-PUB-002884,IE,LE-IE-SYNTH-001,ACTIVE,EMPLOYEE,PERMANENT,2023-11-22,,M,Operations,Dublin,CC-IE-017
HRIS-WKR-002885,WKR-PUB-002885,IE,LE-IE-SYNTH-001,ACTIVE,EMPLOYEE,PERMANENT,2025-06-01,,F,Technology,Galway,CC-IE-004
HRIS-WKR-002886,WKR-PUB-002886,IE,LE-IE-SYNTH-001,ACTIVE,EMPLOYEE,PERMANENT,2017-03-14,,M,Technology,Cork,CC-IE-032
HRIS-WKR-002887,WKR-PUB-002887,IE,LE-IE-SYNTH-001,ACTIVE,EMPLOYEE,PERMANENT,2016-11-06,,M,Operations,Remote-IE,CC-IE-037
HRIS-WKR-002888,WKR-PUB-002888,IE,LE-IE-SYNTH-001,TERMINATED,EMPLOYEE,PERMANENT,2018-11-26,2026-02-09,F,Technology,Limerick,CC-IE-001
HRIS-WKR-002889,WKR-PUB-002889,IE,LE-IE-SYNTH-001,ACTIVE,EMPLOYEE,PERMANENT,2022-08-09,,F,Engineering,Cork,CC-IE-016
HRIS-WKR-002890,WKR-PUB-002890,IE,LE-IE-SYNTH-001,ACTIVE,EMPLOYEE,PERMANENT,2015-04-28,,M,Sales,Cork,CC-IE-010
HRIS-WKR-002891,WKR-PUB-002891,IE,LE-IE-SYNTH-001,ACTIVE,EMPLOYEE,PERMANENT,2024-11-13,,F,Operations,Dublin,CC-IE-003
HRIS-WKR-002892,WKR-PUB-002892,IE,LE-IE-SYNTH-001,ACTIVE,EMPLOYEE,PERMANENT,2018-08-09,,M,People,Dublin,CC-IE-018
HRIS-WKR-002893,WKR-PUB-002893,IE,LE-IE-SYNTH-001,ACTIVE,EMPLOYEE,PERMANENT,2014-02-01,,F,Finance,Dublin,CC-IE-008
HRIS-WKR-002894,WKR-PUB-002894,IE,LE-IE-SYNTH-001,ACTIVE,EMPLOYEE,PERMANENT,2017-07-11,,M,Sales,Dublin,CC-IE-014
HRIS-WKR-002895,WKR-PUB-002895,IE,LE-IE-SYNTH-001,ACTIVE,EMPLOYEE,PERMANENT,2019-06-11,,F,Engineering,Remote-IE,CC-IE-037
HRIS-WKR-002896,WKR-PUB-002896,IE,LE-IE-SYNTH-001,ACTIVE,CONTRACTOR,PERMANENT,2021-02-13,,,Finance,Cork,CC-IE-003
HRIS-WKR-002897,WKR-PUB-002897,IE,LE-IE-SYNTH-001,ACTIVE,EMPLOYEE,PERMANENT,2023-01-18,,NB,Operations,Limerick,CC-IE-008
HRIS-WKR-002898,WKR-PUB-002898,IE,LE-IE-SYNTH-001,ACTIVE,EMPLOYEE,PERMANENT,2023-06-25,,M,Engineering,Dublin,CC-IE-015
HRIS-WKR-002899,WKR-PUB-002899,IE,LE-IE-SYNTH-001,ACTIVE,EMPLOYEE,PERMANENT,2022-10-03,,,Engineering,Cork,CC-IE-020
HRIS-WKR-002900,WKR-PUB-002900,IE,LE-IE-SYNTH-001,ACTIVE,EMPLOYEE,FIXED_TERM,2014-05-03,,M,Technology,Dublin,CC-IE-001
HRIS-WKR-002901,WKR-PUB-002901,IE,LE-IE-SYNTH-001,ACTIVE,EMPLOYEE,PERMANENT,2016-01-18,,F,Finance,Remote-IE,CC-IE-011
HRIS-WKR-002902,WKR-PUB-002902,IE,LE-IE-SYNTH-001,ACTIVE,EMPLOYEE,PERMANENT,2025-07-06,,M,Technology,Remote-IE,CC-IE-031
HRIS-WKR-002903,WKR-PUB-002903,IE,LE-IE-SYNTH-001,TERMINATED,CONTRACTOR,PERMANENT,2015-10-10,2026-03-27,M,Sales,Dublin,CC-IE-027
HRIS-WKR-002904,WKR-PUB-002904,IE,LE-IE-SYNTH-001,ACTIVE,EMPLOYEE,PERMANENT,2017-04-15,,M,Sales,Dublin,CC-IE-010
HRIS-WKR-002905,WKR-PUB-002905,IE,LE-IE-SYNTH-001,ACTIVE,EMPLOYEE,PERMANENT,2015-04-29,,UNDISCLOSED,Sales,Dublin,CC-IE-011
HRIS-WKR-002906,WKR-PUB-002906,IE,LE-IE-SYNTH-001,ACTIVE,EMPLOYEE,APPRENTICE,2023-12-19,,M,Engineering,Cork,CC-IE-033
HRIS-WKR-002907,WKR-PUB-002907,IE,LE-IE-SYNTH-001,ACTIVE,CONTRACTOR,PERMANENT,2017-01-12,,M,Engineering,Limerick,CC-IE-022
HRIS-WKR-002908,WKR-PUB-002908,IE,LE-IE-SYNTH-001,ACTIVE,EMPLOYEE,PERMANENT,2022-07-06,,M,Operations,Dublin,CC-IE-002
HRIS-WKR-002909,WKR-PUB-002909,IE,LE-IE-SYNTH-001,ACTIVE,EMPLOYEE,PERMANENT,2020-07-23,,F,Technology,Cork,CC-IE-010
HRIS-WKR-002910,WKR-PUB-002910,IE,LE-IE-SYNTH-001,ACTIVE,CONTRACTOR,PERMANENT,2016-11-02,,M,People,Dublin,CC-IE-012
HRIS-WKR-002911,WKR-PUB-002911,IE,LE-IE-SYNTH-001,ACTIVE,CONTRACTOR,APPRENTICE,2020-05-05,,M,Sales,Dublin,CC-IE-001
HRIS-WKR-002912,WKR-PUB-002912,IE,LE-IE-SYNTH-001,ACTIVE,EMPLOYEE,PERMANENT,2016-08-14,,M,Engineering,Dublin,CC-IE-019
HRIS-WKR-002913,WKR-PUB-002913,IE,LE-IE-SYNTH-001,TERMINATED,EMPLOYEE,PERMANENT,2025-05-24,2026-07-17,F,Finance,Cork,CC-IE-009
HRIS-WKR-002914,WKR-PUB-002914,IE,LE-IE-SYNTH-001,ACTIVE,EMPLOYEE,PERMANENT,2020-03-07,,F,Sales,Remote-IE,CC-IE-033
HRIS-WKR-002915,WKR-PUB-002915,IE,LE-IE-SYNTH-001,ACTIVE,EMPLOYEE,PERMANENT,2019-04-13,,M,Sales,Cork,CC-IE-026
HRIS-WKR-002916,WKR-PUB-002916,IE,LE-IE-SYNTH-001,ACTIVE,EMPLOYEE,PERMANENT,2019-02-15,,F,Finance,Dublin,CC-IE-032
HRIS-WKR-002917,WKR-PUB-002917,IE,LE-IE-SYNTH-001,ACTIVE,EMPLOYEE,PERMANENT,2018-08-22,,F,Engineering,Remote-IE,CC-IE-038
HRIS-WKR-002918,WKR-PUB-002918,IE,LE-IE-SYNTH-001,ACTIVE,EMPLOYEE,PERMANENT,2019-08-12,,F,Engineering,Cork,CC-IE-032
HRIS-WKR-002919,WKR-PUB-002919,IE,LE-IE-SYNTH-001,ACTIVE,EMPLOYEE,PERMANENT,2021-04-03,,,Engineering,Cork,CC-IE-032
HRIS-WKR-002920,WKR-PUB-002920,IE,LE-IE-SYNTH-001,ACTIVE,EMPLOYEE,FIXED_TERM,2025-09-28,,F,Operations,Cork,CC-IE-035
HRIS-WKR-002921,WKR-PUB-002921,IE,LE-IE-SYNTH-001,ACTIVE,EMPLOYEE,FIXED_TERM,2016-02-24,,M,Engineering,Dublin,CC-IE-035
HRIS-WKR-002922,WKR-PUB-002922,IE,LE-IE-SYNTH-001,ACTIVE,CONTRACTOR,PERMANENT,2026-01-01,,F,Sales,Dublin,CC-IE-020
HRIS-WKR-002923,WKR-PUB-002923,IE,LE-IE-SYNTH-001,ACTIVE,EMPLOYEE,FIXED_TERM,2021-02-06,,F,Sales,Cork,CC-IE-039
HRIS-WKR-002924,WKR-PUB-002924,IE,LE-IE-SYNTH-001,ACTIVE,EMPLOYEE,PERMANENT,2021-12-03,,F,Engineering,Dublin,CC-IE-009
HRIS-WKR-002925,WKR-PUB-002925,IE,LE-IE-SYNTH-001,TERMINATED,EMPLOYEE,PERMANENT,2015-06-25,2026-08-11,F,Operations,Remote-IE,CC-IE-032
HRIS-WKR-002926,WKR-PUB-002926,IE,LE-IE-SYNTH-001,ACTIVE,EMPLOYEE,APPRENTICE,2025-12-30,,UNDISCLOSED,Engineering,Dublin,CC-IE-007
HRIS-WKR-002927,WKR-PUB-002927,IE,LE-IE-SYNTH-001,ACTIVE,EMPLOYEE,FIXED_TERM,2019-01-05,,F,Engineering,Dublin,CC-IE-010
HRIS-WKR-002928,WKR-PUB-002928,IE,LE-IE-SYNTH-001,ACTIVE,EMPLOYEE,PERMANENT,2015-06-19,,F,Engineering,Dublin,CC-IE-006
HRIS-WKR-002929,WKR-PUB-002929,IE,LE-IE-SYNTH-001,ACTIVE,EMPLOYEE,FIXED_TERM,2021-03-13,,F,Finance,Galway,CC-IE-029
HRIS-WKR-002930,WKR-PUB-002930,IE,LE-IE-SYNTH-001,ACTIVE,EMPLOYEE,PERMANENT,2024-08-19,,M,Engineering,Dublin,CC-IE-028
HRIS-WKR-002931,WKR-PUB-002931,IE,LE-IE-SYNTH-001,ACTIVE,EMPLOYEE,FIXED_TERM,2024-02-26,,M,Sales,Limerick,CC-IE-010
HRIS-WKR-002932,WKR-PUB-002932,IE,LE-IE-SYNTH-001,TERMINATED,EMPLOYEE,FIXED_TERM,2016-04-28,2026-08-30,M,Operations,Remote-IE,CC-IE-019
HRIS-WKR-002933,WKR-PUB-002933,IE,LE-IE-SYNTH-001,ACTIVE,EMPLOYEE,PERMANENT,2014-03-24,,NB,Engineering,Galway,CC-IE-021
HRIS-WKR-002934,WKR-PUB-002934,IE,LE-IE-SYNTH-001,ACTIVE,EMPLOYEE,PERMANENT,2014-02-04,,F,Operations,Dublin,CC-IE-011
HRIS-WKR-002935,WKR-PUB-002935,IE,LE-IE-SYNTH-001,TERMINATED,EMPLOYEE,PERMANENT,2016-06-06,2026-05-18,M,Engineering,Remote-IE,CC-IE-010
HRIS-WKR-002936,WKR-PUB-002936,IE,LE-IE-SYNTH-001,ACTIVE,EMPLOYEE,PERMANENT,2016-10-06,,M,Finance,Cork,CC-IE-038
HRIS-WKR-002937,WKR-PUB-002937,IE,LE-IE-SYNTH-001,ACTIVE,EMPLOYEE,PERMANENT,2026-02-05,,F,Engineering,Remote-IE,CC-IE-016
HRIS-WKR-002938,WKR-PUB-002938,IE,LE-IE-SYNTH-001,ACTIVE,EMPLOYEE,PERMANENT,2019-12-06,,,People,Limerick,CC-IE-018
HRIS-WKR-002939,WKR-PUB-002939,IE,LE-IE-SYNTH-001,ACTIVE,EMPLOYEE,FIXED_TERM,2014-09-08,,M,People,Dublin,CC-IE-030
HRIS-WKR-002940,WKR-PUB-002940,IE,LE-IE-SYNTH-001,ACTIVE,EMPLOYEE,PERMANENT,2023-05-22,,F,Finance,Galway,CC-IE-004
HRIS-WKR-002941,WKR-PUB-002941,IE,LE-IE-SYNTH-001,ACTIVE,EMPLOYEE,PERMANENT,2016-01-28,,M,Engineering,Dublin,CC-IE-021
HRIS-WKR-002942,WKR-PUB-002942,IE,LE-IE-SYNTH-001,ACTIVE,EMPLOYEE,PERMANENT,2015-02-06,,F,People,Remote-IE,CC-IE-006
HRIS-WKR-002943,WKR-PUB-002943,IE,LE-IE-SYNTH-001,ACTIVE,EMPLOYEE,PERMANENT,2025-12-11,,M,Operations,Dublin,CC-IE-018
HRIS-WKR-002944,WKR-PUB-002944,IE,LE-IE-SYNTH-001,ACTIVE,EMPLOYEE,PERMANENT,2021-03-04,,M,Sales,Limerick,CC-IE-012
HRIS-WKR-002945,WKR-PUB-002945,IE,LE-IE-SYNTH-001,ACTIVE,EMPLOYEE,FIXED_TERM,2014-12-06,,F,Operations,Limerick,CC-IE-011
HRIS-WKR-002946,WKR-PUB-002946,IE,LE-IE-SYNTH-001,ACTIVE,EMPLOYEE,FIXED_TERM,2022-01-25,,F,Engineering,Dublin,CC-IE-001
HRIS-WKR-002947,WKR-PUB-002947,IE,LE-IE-SYNTH-001,ACTIVE,EMPLOYEE,PERMANENT,2014-12-30,,F,Sales,Dublin,CC-IE-020
HRIS-WKR-002948,WKR-PUB-002948,IE,LE-IE-SYNTH-001,ACTIVE,EMPLOYEE,PERMANENT,2020-06-14,,F,Engineering,Remote-IE,CC-IE-021
HRIS-WKR-002949,WKR-PUB-002949,IE,LE-IE-SYNTH-001,ACTIVE,EMPLOYEE,PERMANENT,2014-10-22,,M,Engineering,Dublin,CC-IE-010
HRIS-WKR-002950,WKR-PUB-002950,IE,LE-IE-SYNTH-001,ACTIVE,EMPLOYEE,PERMANENT,2018-10-19,,UNDISCLOSED,Finance,Remote-IE,CC-IE-034
HRIS-WKR-002951,WKR-PUB-002951,IE,LE-IE-SYNTH-001,ACTIVE,EMPLOYEE,FIXED_TERM,2020-05-24,,F,Sales,Dublin,CC-IE-002
HRIS-WKR-002952,WKR-PUB-002952,IE,LE-IE-SYNTH-001,ACTIVE,EMPLOYEE,PERMANENT,2023-07-22,,F,Technology,Dublin,CC-IE-021
HRIS-WKR-002953,WKR-PUB-002953,IE,LE-IE-SYNTH-001,ACTIVE,EMPLOYEE,PERMANENT,2021-06-13,,F,People,Cork,CC-IE-007
HRIS-WKR-002954,WKR-PUB-002954,IE,LE-IE-SYNTH-001,ACTIVE,EMPLOYEE,PERMANENT,2022-10-11,,M,Sales,Cork,CC-IE-018
HRIS-WKR-002955,WKR-PUB-002955,IE,LE-IE-SYNTH-001,ACTIVE,EMPLOYEE,PERMANENT,2016-12-19,,F,Finance,Dublin,CC-IE-025
HRIS-WKR-002956,WKR-PUB-002956,IE,LE-IE-SYNTH-001,ACTIVE,EMPLOYEE,FIXED_TERM,2026-02-19,,M,Engineering,Dublin,CC-IE-026
HRIS-WKR-002957,WKR-PUB-002957,IE,LE-IE-SYNTH-001,ACTIVE,CONTRACTOR,PERMANENT,2017-06-11,,UNDISCLOSED,Engineering,Dublin,CC-IE-030
HRIS-WKR-002958,WKR-PUB-002958,IE,LE-IE-SYNTH-001,ACTIVE,EMPLOYEE,PERMANENT,2021-05-08,,F,People,Dublin,CC-IE-032
HRIS-WKR-002959,WKR-PUB-002959,IE,LE-IE-SYNTH-001,ACTIVE,EMPLOYEE,PERMANENT,2017-12-11,,M,People,Dublin,CC-IE-002
HRIS-WKR-002960,WKR-PUB-002960,IE,LE-IE-SYNTH-001,ACTIVE,EMPLOYEE,APPRENTICE,2023-11-23,,M,Operations,Galway,CC-IE-023
HRIS-WKR-002961,WKR-PUB-002961,IE,LE-IE-SYNTH-001,ACTIVE,EMPLOYEE,FIXED_TERM,2021-04-05,,F,People,Dublin,CC-IE-019
HRIS-WKR-002962,WKR-PUB-002962,IE,LE-IE-SYNTH-001,ACTIVE,EMPLOYEE,FIXED_TERM,2017-08-30,,M,Engineering,Dublin,CC-IE-007
HRIS-WKR-002963,WKR-PUB-002963,IE,LE-IE-SYNTH-001,ACTIVE,EMPLOYEE,PERMANENT,2023-09-01,,M,Engineering,Cork,CC-IE-024
HRIS-WKR-002964,WKR-PUB-002964,IE,LE-IE-SYNTH-001,ACTIVE,EMPLOYEE,PERMANENT,2014-09-05,,M,Sales,Limerick,CC-IE-005
HRIS-WKR-002965,WKR-PUB-002965,IE,LE-IE-SYNTH-001,ACTIVE,EMPLOYEE,PERMANENT,2022-10-28,,M,Engineering,Dublin,CC-IE-019
HRIS-WKR-002966,WKR-PUB-002966,IE,LE-IE-SYNTH-001,ACTIVE,EMPLOYEE,PERMANENT,2020-03-28,,M,Sales,Cork,CC-IE-038
HRIS-WKR-002967,WKR-PUB-002967,IE,LE-IE-SYNTH-001,ACTIVE,EMPLOYEE,PERMANENT,2024-06-02,,F,People,Remote-IE,CC-IE-025
HRIS-WKR-002968,WKR-PUB-002968,IE,LE-IE-SYNTH-001,TERMINATED,CONTRACTOR,PERMANENT,2018-06-26,2026-04-16,F,Sales,Limerick,CC-IE-004
HRIS-WKR-002969,WKR-PUB-002969,IE,LE-IE-SYNTH-001,ACTIVE,EMPLOYEE,PERMANENT,2020-09-03,,M,Sales,Dublin,CC-IE-033
HRIS-WKR-002970,WKR-PUB-002970,IE,LE-IE-SYNTH-001,ACTIVE,EMPLOYEE,PERMANENT,2020-05-31,,F,Engineering,Cork,CC-IE-001
HRIS-WKR-002971,WKR-PUB-002971,IE,LE-IE-SYNTH-001,ACTIVE,EMPLOYEE,PERMANENT,2019-09-02,,F,Engineering,Limerick,CC-IE-039
HRIS-WKR-002972,WKR-PUB-002972,IE,LE-IE-SYNTH-001,ACTIVE,EMPLOYEE,FIXED_TERM,2025-03-22,,M,People,Dublin,CC-IE-003
HRIS-WKR-002973,WKR-PUB-002973,IE,LE-IE-SYNTH-001,ACTIVE,CONTRACTOR,PERMANENT,2018-07-23,,F,Engineering,Dublin,CC-IE-009
HRIS-WKR-002974,WKR-PUB-002974,IE,LE-IE-SYNTH-001,ACTIVE,EMPLOYEE,PERMANENT,2026-01-10,,M,Sales,Limerick,CC-IE-008
HRIS-WKR-002975,WKR-PUB-002975,IE,LE-IE-SYNTH-001,ACTIVE,EMPLOYEE,PERMANENT,2018-08-06,,M,Operations,Dublin,CC-IE-014
HRIS-WKR-002976,WKR-PUB-002976,IE,LE-IE-SYNTH-001,ACTIVE,EMPLOYEE,PERMANENT,2017-09-14,,F,Sales,Dublin,CC-IE-028
HRIS-WKR-002977,WKR-PUB-002977,IE,LE-IE-SYNTH-001,ACTIVE,EMPLOYEE,PERMANENT,2020-06-28,,UNDISCLOSED,Engineering,Dublin,CC-IE-038
HRIS-WKR-002978,WKR-PUB-002978,IE,LE-IE-SYNTH-001,ACTIVE,EMPLOYEE,FIXED_TERM,2017-07-22,,F,Operations,Dublin,CC-IE-010
HRIS-WKR-002979,WKR-PUB-002979,IE,LE-IE-SYNTH-001,ACTIVE,EMPLOYEE,FIXED_TERM,2022-01-10,,UNDISCLOSED,Engineering,Dublin,CC-IE-036
HRIS-WKR-002980,WKR-PUB-002980,IE,LE-IE-SYNTH-001,ACTIVE,EMPLOYEE,PERMANENT,2017-02-08,,M,Finance,Dublin,CC-IE-005
HRIS-WKR-002981,WKR-PUB-002981,IE,LE-IE-SYNTH-001,ACTIVE,EMPLOYEE,FIXED_TERM,2021-01-28,,M,People,Limerick,CC-IE-020
HRIS-WKR-002982,WKR-PUB-002982,IE,LE-IE-SYNTH-001,ACTIVE,EMPLOYEE,PERMANENT,2022-07-03,,M,Engineering,Cork,CC-IE-035
HRIS-WKR-002983,WKR-PUB-002983,IE,LE-IE-SYNTH-001,ACTIVE,EMPLOYEE,FIXED_TERM,2016-04-16,,UNDISCLOSED,Engineering,Dublin,CC-IE-037
HRIS-WKR-002984,WKR-PUB-002984,IE,LE-IE-SYNTH-001,ACTIVE,EMPLOYEE,FIXED_TERM,2023-04-09,,,Engineering,Dublin,CC-IE-009
HRIS-WKR-002985,WKR-PUB-002985,IE,LE-IE-SYNTH-001,ACTIVE,EMPLOYEE,PERMANENT,2021-02-06,,F,Engineering,Dublin,CC-IE-009
HRIS-WKR-002986,WKR-PUB-002986,IE,LE-IE-SYNTH-001,ACTIVE,CONTRACTOR,PERMANENT,2019-09-06,,F,Finance,Dublin,CC-IE-033
HRIS-WKR-002987,WKR-PUB-002987,IE,LE-IE-SYNTH-001,TERMINATED,EMPLOYEE,PERMANENT,2016-04-17,2026-03-25,F,Sales,Dublin,CC-IE-006
HRIS-WKR-002988,WKR-PUB-002988,IE,LE-IE-SYNTH-001,ACTIVE,EMPLOYEE,PERMANENT,2021-12-24,,F,Engineering,Dublin,CC-IE-007
HRIS-WKR-002989,WKR-PUB-002989,IE,LE-IE-SYNTH-001,ACTIVE,EMPLOYEE,PERMANENT,2023-09-25,,F,Technology,Dublin,CC-IE-021
HRIS-WKR-002990,WKR-PUB-002990,IE,LE-IE-SYNTH-001,ACTIVE,EMPLOYEE,PERMANENT,2019-09-10,,M,Finance,Limerick,CC-IE-034
HRIS-WKR-002991,WKR-PUB-002991,IE,LE-IE-SYNTH-001,ACTIVE,EMPLOYEE,PERMANENT,2024-03-21,,M,Engineering,Dublin,CC-IE-028
HRIS-WKR-002992,WKR-PUB-002992,IE,LE-IE-SYNTH-001,ACTIVE,EMPLOYEE,PERMANENT,2026-02-16,,M,Technology,Limerick,CC-IE-004
HRIS-WKR-002993,WKR-PUB-002993,IE,LE-IE-SYNTH-001,ACTIVE,EMPLOYEE,FIXED_TERM,2018-04-11,,M,Engineering,Dublin,CC-IE-035
HRIS-WKR-002994,WKR-PUB-002994,IE,LE-IE-SYNTH-001,ACTIVE,EMPLOYEE,PERMANENT,2016-09-24,,F,Finance,Dublin,CC-IE-032
HRIS-WKR-002995,WKR-PUB-002995,IE,LE-IE-SYNTH-001,ACTIVE,EMPLOYEE,PERMANENT,2021-04-11,,UNDISCLOSED,People,Cork,CC-IE-010
HRIS-WKR-002996,WKR-PUB-002996,IE,LE-IE-SYNTH-001,ACTIVE,EMPLOYEE,PERMANENT,2020-06-06,,F,Technology,Dublin,CC-IE-035
HRIS-WKR-002997,WKR-PUB-002997,IE,LE-IE-SYNTH-001,ACTIVE,EMPLOYEE,PERMANENT,2014-07-19,,M,Finance,Cork,CC-IE-005
HRIS-WKR-002998,WKR-PUB-002998,IE,LE-IE-SYNTH-001,TERMINATED,EMPLOYEE,PERMANENT,2025-03-05,2026-02-11,F,Operations,Cork,CC-IE-029
HRIS-WKR-002999,WKR-PUB-002999,IE,LE-IE-SYNTH-001,ACTIVE,EMPLOYEE,PERMANENT,2017-11-09,,M,People,Dublin,CC-IE-013
HRIS-WKR-003000,WKR-PUB-003000,IE,LE-IE-SYNTH-001,ACTIVE,EMPLOYEE,PERMANENT,2019-04-09,,M,Engineering,Dublin,CC-IE-040
HRIS-WKR-003001,WKR-PUB-003001,IE,LE-IE-SYNTH-001,ACTIVE,EMPLOYEE,PERMANENT,2025-07-08,,F,Operations,Galway,CC-IE-006
HRIS-WKR-003002,WKR-PUB-003002,IE,LE-IE-SYNTH-001,ACTIVE,EMPLOYEE,PERMANENT,2021-10-15,,M,Finance,Limerick,CC-IE-031
HRIS-WKR-003003,WKR-PUB-003003,IE,LE-IE-SYNTH-001,ACTIVE,EMPLOYEE,PERMANENT,2014-04-29,,M,Engineering,Dublin,CC-IE-025
HRIS-WKR-003004,WKR-PUB-003004,IE,LE-IE-SYNTH-001,ACTIVE,EMPLOYEE,PERMANENT,2022-06-10,,M,Engineering,Dublin,CC-IE-021
HRIS-WKR-003005,WKR-PUB-003005,IE,LE-IE-SYNTH-001,ACTIVE,EMPLOYEE,PERMANENT,2025-05-22,,F,Engineering,Remote-IE,CC-IE-034
HRIS-WKR-003006,WKR-PUB-003006,IE,LE-IE-SYNTH-001,ACTIVE,EMPLOYEE,PERMANENT,2019-12-02,,F,Finance,Cork,CC-IE-025
HRIS-WKR-003007,WKR-PUB-003007,IE,LE-IE-SYNTH-001,ACTIVE,EMPLOYEE,PERMANENT,2016-03-19,,F,People,Dublin,CC-IE-010
HRIS-WKR-003008,WKR-PUB-003008,IE,LE-IE-SYNTH-001,ACTIVE,EMPLOYEE,FIXED_TERM,2022-09-03,,M,Operations,Limerick,CC-IE-015
HRIS-WKR-003009,WKR-PUB-003009,IE,LE-IE-SYNTH-001,ACTIVE,EMPLOYEE,PERMANENT,2014-09-09,,M,Operations,Galway,CC-IE-014
HRIS-WKR-003010,WKR-PUB-003010,IE,LE-IE-SYNTH-001,ACTIVE,EMPLOYEE,PERMANENT,2023-05-05,,M,Engineering,Cork,CC-IE-039
HRIS-WKR-003011,WKR-PUB-003011,IE,LE-IE-SYNTH-001,ACTIVE,EMPLOYEE,PERMANENT,2014-08-09,,M,Engineering,Dublin,CC-IE-037
HRIS-WKR-003012,WKR-PUB-003012,IE,LE-IE-SYNTH-001,ACTIVE,EMPLOYEE,APPRENTICE,2022-10-10,,F,Sales,Cork,CC-IE-028
HRIS-WKR-003013,WKR-PUB-003013,IE,LE-IE-SYNTH-001,ACTIVE,EMPLOYEE,PERMANENT,2021-09-17,,M,Engineering,Dublin,CC-IE-027
HRIS-WKR-003014,WKR-PUB-003014,IE,LE-IE-SYNTH-001,ACTIVE,EMPLOYEE,PERMANENT,2016-04-04,,F,Sales,Dublin,CC-IE-033
HRIS-WKR-003015,WKR-PUB-003015,IE,LE-IE-SYNTH-001,ACTIVE,EMPLOYEE,PERMANENT,2024-07-11,,F,Operations,Cork,CC-IE-026
HRIS-WKR-003016,WKR-PUB-003016,IE,LE-IE-SYNTH-001,ACTIVE,EMPLOYEE,FIXED_TERM,2023-03-07,,F,Sales,Remote-IE,CC-IE-022
HRIS-WKR-003017,WKR-PUB-003017,IE,LE-IE-SYNTH-001,ACTIVE,EMPLOYEE,FIXED_TERM,2019-05-27,,M,Engineering,Dublin,CC-IE-037
HRIS-WKR-003018,WKR-PUB-003018,IE,LE-IE-SYNTH-001,ACTIVE,EMPLOYEE,PERMANENT,2021-09-25,,M,People,Dublin,CC-IE-004
HRIS-WKR-003019,WKR-PUB-003019,IE,LE-IE-SYNTH-001,ACTIVE,EMPLOYEE,PERMANENT,2022-02-11,,F,Engineering,Galway,CC-IE-037
HRIS-WKR-003020,WKR-PUB-003020,IE,LE-IE-SYNTH-001,ACTIVE,EMPLOYEE,PERMANENT,2023-03-15,,F,Sales,Galway,CC-IE-032
HRIS-WKR-003021,WKR-PUB-003021,IE,LE-IE-SYNTH-001,ACTIVE,CONTRACTOR,PERMANENT,2017-11-28,,M,Operations,Remote-IE,CC-IE-028
HRIS-WKR-003022,WKR-PUB-003022,IE,LE-IE-SYNTH-001,ACTIVE,EMPLOYEE,PERMANENT,2026-01-24,,F,Sales,Dublin,CC-IE-024
HRIS-WKR-003023,WKR-PUB-003023,IE,LE-IE-SYNTH-001,ACTIVE,EMPLOYEE,PERMANENT,2019-07-06,,M,Operations,Galway,CC-IE-006
HRIS-WKR-003024,WKR-PUB-003024,IE,LE-IE-SYNTH-001,ACTIVE,EMPLOYEE,FIXED_TERM,2014-12-14,,M,Engineering,Dublin,CC-IE-023
HRIS-WKR-003025,WKR-PUB-003025,IE,LE-IE-SYNTH-001,ACTIVE,EMPLOYEE,FIXED_TERM,2018-11-20,,F,Engineering,Galway,CC-IE-017
HRIS-WKR-003026,WKR-PUB-003026,IE,LE-IE-SYNTH-001,ACTIVE,EMPLOYEE,PERMANENT,2022-04-24,,M,People,Dublin,CC-IE-021
HRIS-WKR-003027,WKR-PUB-003027,IE,LE-IE-SYNTH-001,ACTIVE,EMPLOYEE,FIXED_TERM,2022-05-11,,F,Technology,Dublin,CC-IE-027
HRIS-WKR-003028,WKR-PUB-003028,IE,LE-IE-SYNTH-001,ACTIVE,EMPLOYEE,PERMANENT,2020-04-06,,F,Engineering,Cork,CC-IE-004
HRIS-WKR-003029,WKR-PUB-003029,IE,LE-IE-SYNTH-001,ACTIVE,EMPLOYEE,FIXED_TERM,2026-02-20,,M,People,Cork,CC-IE-024
HRIS-WKR-003030,WKR-PUB-003030,IE,LE-IE-SYNTH-001,ACTIVE,EMPLOYEE,PERMANENT,2017-01-06,,M,Engineering,Dublin,CC-IE-013
HRIS-WKR-003031,WKR-PUB-003031,IE,LE-IE-SYNTH-001,ACTIVE,EMPLOYEE,PERMANENT,2020-10-09,,F,Finance,Dublin,CC-IE-021
HRIS-WKR-003032,WKR-PUB-003032,IE,LE-IE-SYNTH-001,ACTIVE,EMPLOYEE,PERMANENT,2023-06-23,,M,Operations,Galway,CC-IE-027
HRIS-WKR-003033,WKR-PUB-003033,IE,LE-IE-SYNTH-001,ACTIVE,EMPLOYEE,PERMANENT,2020-04-21,,F,Technology,Dublin,CC-IE-006
HRIS-WKR-003034,WKR-PUB-003034,IE,LE-IE-SYNTH-001,ACTIVE,EMPLOYEE,PERMANENT,2015-03-06,,M,Engineering,Cork,CC-IE-001
HRIS-WKR-003035,WKR-PUB-003035,IE,LE-IE-SYNTH-001,ACTIVE,EMPLOYEE,PERMANENT,2017-02-13,,M,People,Cork,CC-IE-017
HRIS-WKR-003036,WKR-PUB-003036,IE,LE-IE-SYNTH-001,ACTIVE,EMPLOYEE,PERMANENT,2023-07-28,,F,Finance,Remote-IE,CC-IE-033
HRIS-WKR-003037,WKR-PUB-003037,IE,LE-IE-SYNTH-001,ACTIVE,EMPLOYEE,FIXED_TERM,2024-09-15,,F,Finance,Remote-IE,CC-IE-032
HRIS-WKR-003038,WKR-PUB-003038,IE,LE-IE-SYNTH-001,ACTIVE,EMPLOYEE,PERMANENT,2017-11-02,,F,Engineering,Dublin,CC-IE-018
HRIS-WKR-003039,WKR-PUB-003039,IE,LE-IE-SYNTH-001,ACTIVE,EMPLOYEE,PERMANENT,2014-09-02,,M,Engineering,Galway,CC-IE-013
HRIS-WKR-003040,WKR-PUB-003040,IE,LE-IE-SYNTH-001,TERMINATED,CONTRACTOR,PERMANENT,2022-07-09,2026-07-14,F,Engineering,Dublin,CC-IE-016
HRIS-WKR-003041,WKR-PUB-003041,IE,LE-IE-SYNTH-001,ACTIVE,EMPLOYEE,PERMANENT,2021-06-02,,M,Engineering,Cork,CC-IE-020
HRIS-WKR-003042,WKR-PUB-003042,IE,LE-IE-SYNTH-001,ACTIVE,EMPLOYEE,PERMANENT,2022-10-09,,NB,Engineering,Limerick,CC-IE-030
HRIS-WKR-003043,WKR-PUB-003043,IE,LE-IE-SYNTH-001,ACTIVE,EMPLOYEE,PERMANENT,2025-04-11,,M,Finance,Galway,CC-IE-030
HRIS-WKR-003044,WKR-PUB-003044,IE,LE-IE-SYNTH-001,ACTIVE,EMPLOYEE,PERMANENT,2019-11-15,,F,Engineering,Dublin,CC-IE-013
HRIS-WKR-003045,WKR-PUB-003045,IE,LE-IE-SYNTH-001,ACTIVE,EMPLOYEE,FIXED_TERM,2025-05-09,,F,Sales,Galway,CC-IE-006
HRIS-WKR-003046,WKR-PUB-003046,IE,LE-IE-SYNTH-001,ACTIVE,EMPLOYEE,PERMANENT,2018-07-31,,M,Engineering,Limerick,CC-IE-034
HRIS-WKR-003047,WKR-PUB-003047,IE,LE-IE-SYNTH-001,ACTIVE,EMPLOYEE,FIXED_TERM,2021-03-16,,UNDISCLOSED,Technology,Dublin,CC-IE-012
HRIS-WKR-003048,WKR-PUB-003048,IE,LE-IE-SYNTH-001,ACTIVE,EMPLOYEE,PERMANENT,2023-04-19,,M,Engineering,Remote-IE,CC-IE-006
HRIS-WKR-003049,WKR-PUB-003049,IE,LE-IE-SYNTH-001,ACTIVE,EMPLOYEE,PERMANENT,2017-05-23,,F,Engineering,Cork,CC-IE-012
HRIS-WKR-003050,WKR-PUB-003050,IE,LE-IE-SYNTH-001,ACTIVE,EMPLOYEE,APPRENTICE,2018-05-25,,F,Technology,Remote-IE,CC-IE-040
HRIS-WKR-003051,WKR-PUB-003051,IE,LE-IE-SYNTH-001,ACTIVE,EMPLOYEE,FIXED_TERM,2019-06-01,,M,Operations,Dublin,CC-IE-022
HRIS-WKR-003052,WKR-PUB-003052,IE,LE-IE-SYNTH-001,ACTIVE,EMPLOYEE,PERMANENT,2020-06-22,,F,Finance,Dublin,CC-IE-008
HRIS-WKR-003053,WKR-PUB-003053,IE,LE-IE-SYNTH-001,ACTIVE,EMPLOYEE,PERMANENT,2014-07-26,,NB,Finance,Dublin,CC-IE-004
HRIS-WKR-003054,WKR-PUB-003054,IE,LE-IE-SYNTH-001,ACTIVE,EMPLOYEE,PERMANENT,2015-09-07,,M,Engineering,Dublin,CC-IE-026
HRIS-WKR-003055,WKR-PUB-003055,IE,LE-IE-SYNTH-001,ACTIVE,EMPLOYEE,FIXED_TERM,2019-04-24,,M,Engineering,Cork,CC-IE-038
HRIS-WKR-003056,WKR-PUB-003056,IE,LE-IE-SYNTH-001,ACTIVE,EMPLOYEE,PERMANENT,2014-02-13,,F,Sales,Dublin,CC-IE-025
HRIS-WKR-003057,WKR-PUB-003057,IE,LE-IE-SYNTH-001,ACTIVE,EMPLOYEE,PERMANENT,2014-10-06,,UNDISCLOSED,People,Dublin,CC-IE-032
HRIS-WKR-003058,WKR-PUB-003058,IE,LE-IE-SYNTH-001,ACTIVE,EMPLOYEE,PERMANENT,2021-12-11,,F,Engineering,Galway,CC-IE-001
HRIS-WKR-003059,WKR-PUB-003059,IE,LE-IE-SYNTH-001,ACTIVE,EMPLOYEE,PERMANENT,2017-01-08,,F,Operations,Dublin,CC-IE-018
HRIS-WKR-003060,WKR-PUB-003060,IE,LE-IE-SYNTH-001,ACTIVE,EMPLOYEE,PERMANENT,2023-11-20,,M,Engineering,Dublin,CC-IE-035
HRIS-WKR-003061,WKR-PUB-003061,IE,LE-IE-SYNTH-001,ACTIVE,EMPLOYEE,PERMANENT,2016-12-16,,M,Finance,Limerick,CC-IE-030
HRIS-WKR-003062,WKR-PUB-003062,IE,LE-IE-SYNTH-001,ACTIVE,EMPLOYEE,FIXED_TERM,2022-11-22,,M,Finance,Remote-IE,CC-IE-021
HRIS-WKR-003063,WKR-PUB-003063,IE,LE-IE-SYNTH-001,ACTIVE,EMPLOYEE,FIXED_TERM,2018-08-28,,F,Operations,Dublin,CC-IE-031
HRIS-WKR-003064,WKR-PUB-003064,IE,LE-IE-SYNTH-001,ACTIVE,EMPLOYEE,PERMANENT,2015-05-12,,M,Sales,Galway,CC-IE-008
HRIS-WKR-003065,WKR-PUB-003065,IE,LE-IE-SYNTH-001,ACTIVE,EMPLOYEE,PERMANENT,2019-04-29,,M,Finance,Galway,CC-IE-032
HRIS-WKR-003066,WKR-PUB-003066,IE,LE-IE-SYNTH-001,ACTIVE,EMPLOYEE,APPRENTICE,2023-02-01,,M,Finance,Dublin,CC-IE-021
HRIS-WKR-003067,WKR-PUB-003067,IE,LE-IE-SYNTH-001,ACTIVE,EMPLOYEE,FIXED_TERM,2016-11-26,,F,People,Dublin,CC-IE-018
HRIS-WKR-003068,WKR-PUB-003068,IE,LE-IE-SYNTH-001,ACTIVE,EMPLOYEE,PERMANENT,2024-07-21,,M,Finance,Remote-IE,CC-IE-035
HRIS-WKR-003069,WKR-PUB-003069,IE,LE-IE-SYNTH-001,ACTIVE,EMPLOYEE,PERMANENT,2020-04-27,,M,Operations,Cork,CC-IE-014
HRIS-WKR-003070,WKR-PUB-003070,IE,LE-IE-SYNTH-001,ACTIVE,EMPLOYEE,PERMANENT,2019-10-07,,F,Finance,Remote-IE,CC-IE-012
HRIS-WKR-003071,WKR-PUB-003071,IE,LE-IE-SYNTH-001,ACTIVE,EMPLOYEE,FIXED_TERM,2017-02-06,,F,Engineering,Dublin,CC-IE-038
HRIS-WKR-003072,WKR-PUB-003072,IE,LE-IE-SYNTH-001,ACTIVE,EMPLOYEE,PERMANENT,2018-04-09,,M,People,Limerick,CC-IE-003
HRIS-WKR-003073,WKR-PUB-003073,IE,LE-IE-SYNTH-001,ACTIVE,EMPLOYEE,PERMANENT,2021-03-06,,F,Sales,Remote-IE,CC-IE-026
HRIS-WKR-003074,WKR-PUB-003074,IE,LE-IE-SYNTH-001,ACTIVE,EMPLOYEE,PERMANENT,2015-11-21,,,Finance,Galway,CC-IE-021
HRIS-WKR-003075,WKR-PUB-003075,IE,LE-IE-SYNTH-001,ACTIVE,EMPLOYEE,PERMANENT,2022-12-12,,,Engineering,Dublin,CC-IE-014
HRIS-WKR-003076,WKR-PUB-003076,IE,LE-IE-SYNTH-001,ACTIVE,EMPLOYEE,FIXED_TERM,2014-07-14,,M,Operations,Remote-IE,CC-IE-001
HRIS-WKR-003077,WKR-PUB-003077,IE,LE-IE-SYNTH-001,ACTIVE,EMPLOYEE,PERMANENT,2020-07-03,,F,Operations,Dublin,CC-IE-038
HRIS-WKR-003078,WKR-PUB-003078,IE,LE-IE-SYNTH-001,ACTIVE,EMPLOYEE,PERMANENT,2024-04-06,,F,People,Limerick,CC-IE-025
HRIS-WKR-003079,WKR-PUB-003079,IE,LE-IE-SYNTH-001,ACTIVE,EMPLOYEE,FIXED_TERM,2016-03-21,,NB,Operations,Dublin,CC-IE-011
HRIS-WKR-003080,WKR-PUB-003080,IE,LE-IE-SYNTH-001,ACTIVE,EMPLOYEE,PERMANENT,2019-05-04,,F,Finance,Galway,CC-IE-033
HRIS-WKR-003081,WKR-PUB-003081,IE,LE-IE-SYNTH-001,ACTIVE,EMPLOYEE,PERMANENT,2018-01-27,,F,Sales,Limerick,CC-IE-032
HRIS-WKR-003082,WKR-PUB-003082,IE,LE-IE-SYNTH-001,ACTIVE,EMPLOYEE,PERMANENT,2021-05-26,,F,Engineering,Dublin,CC-IE-006
HRIS-WKR-003083,WKR-PUB-003083,IE,LE-IE-SYNTH-001,ACTIVE,EMPLOYEE,APPRENTICE,2017-07-26,,F,People,Dublin,CC-IE-013
HRIS-WKR-003084,WKR-PUB-003084,IE,LE-IE-SYNTH-001,ACTIVE,EMPLOYEE,PERMANENT,2025-01-03,,M,Finance,Cork,CC-IE-032
HRIS-WKR-003085,WKR-PUB-003085,IE,LE-IE-SYNTH-001,ACTIVE,EMPLOYEE,PERMANENT,2025-02-21,,M,People,Limerick,CC-IE-030
HRIS-WKR-003086,WKR-PUB-003086,IE,LE-IE-SYNTH-001,ACTIVE,EMPLOYEE,FIXED_TERM,2019-07-15,,F,Operations,Dublin,CC-IE-039
HRIS-WKR-003087,WKR-PUB-003087,IE,LE-IE-SYNTH-001,ACTIVE,EMPLOYEE,PERMANENT,2014-06-15,,F,Operations,Dublin,CC-IE-030
HRIS-WKR-003088,WKR-PUB-003088,IE,LE-IE-SYNTH-001,ACTIVE,EMPLOYEE,PERMANENT,2024-07-01,,M,Finance,Dublin,CC-IE-039
HRIS-WKR-003089,WKR-PUB-003089,IE,LE-IE-SYNTH-001,ACTIVE,EMPLOYEE,PERMANENT,2020-08-28,,UNDISCLOSED,Sales,Dublin,CC-IE-016
HRIS-WKR-003090,WKR-PUB-003090,IE,LE-IE-SYNTH-001,ACTIVE,EMPLOYEE,PERMANENT,2022-11-22,,M,Operations,Dublin,CC-IE-014
HRIS-WKR-003091,WKR-PUB-003091,IE,LE-IE-SYNTH-001,ACTIVE,EMPLOYEE,PERMANENT,2015-07-01,,M,People,Galway,CC-IE-037
HRIS-WKR-003092,WKR-PUB-003092,IE,LE-IE-SYNTH-001,ACTIVE,EMPLOYEE,PERMANENT,2025-07-10,,F,Engineering,Remote-IE,CC-IE-016
HRIS-WKR-003093,WKR-PUB-003093,IE,LE-IE-SYNTH-001,ACTIVE,EMPLOYEE,PERMANENT,2024-12-02,,F,Technology,Dublin,CC-IE-023
HRIS-WKR-003094,WKR-PUB-003094,IE,LE-IE-SYNTH-001,ACTIVE,CONTRACTOR,APPRENTICE,2014-04-02,,M,Engineering,Limerick,CC-IE-040
HRIS-WKR-003095,WKR-PUB-003095,IE,LE-IE-SYNTH-001,ACTIVE,EMPLOYEE,PERMANENT,2020-01-19,,M,Engineering,Cork,CC-IE-034
HRIS-WKR-003096,WKR-PUB-003096,IE,LE-IE-SYNTH-001,ACTIVE,EMPLOYEE,APPRENTICE,2018-06-01,,M,Sales,Cork,CC-IE-014
HRIS-WKR-003097,WKR-PUB-003097,IE,LE-IE-SYNTH-001,ACTIVE,EMPLOYEE,PERMANENT,2024-04-16,,M,Technology,Remote-IE,CC-IE-002
HRIS-WKR-003098,WKR-PUB-003098,IE,LE-IE-SYNTH-001,ACTIVE,EMPLOYEE,PERMANENT,2023-10-06,,M,Finance,Dublin,CC-IE-008
HRIS-WKR-003099,WKR-PUB-003099,IE,LE-IE-SYNTH-001,ACTIVE,EMPLOYEE,PERMANENT,2024-03-29,,M,Operations,Dublin,CC-IE-010
HRIS-WKR-003100,WKR-PUB-003100,IE,LE-IE-SYNTH-001,ACTIVE,EMPLOYEE,APPRENTICE,2025-07-17,,F,Operations,Dublin,CC-IE-038
HRIS-WKR-003101,WKR-PUB-003101,IE,LE-IE-SYNTH-001,ACTIVE,EMPLOYEE,PERMANENT,2024-09-14,,F,Sales,Dublin,CC-IE-038
HRIS-WKR-003102,WKR-PUB-003102,IE,LE-IE-SYNTH-001,ACTIVE,EMPLOYEE,PERMANENT,2016-12-29,,M,Engineering,Galway,CC-IE-010
HRIS-WKR-003103,WKR-PUB-003103,IE,LE-IE-SYNTH-001,ACTIVE,EMPLOYEE,FIXED_TERM,2019-01-16,,M,People,Dublin,CC-IE-025
HRIS-WKR-003104,WKR-PUB-003104,IE,LE-IE-SYNTH-001,ACTIVE,CONTRACTOR,PERMANENT,2021-06-16,,M,Engineering,Remote-IE,CC-IE-031
HRIS-WKR-003105,WKR-PUB-003105,IE,LE-IE-SYNTH-001,ACTIVE,EMPLOYEE,PERMANENT,2017-02-20,,F,Engineering,Dublin,CC-IE-026
HRIS-WKR-003106,WKR-PUB-003106,IE,LE-IE-SYNTH-001,ACTIVE,EMPLOYEE,PERMANENT,2014-09-22,,M,People,Dublin,CC-IE-029
HRIS-WKR-003107,WKR-PUB-003107,IE,LE-IE-SYNTH-001,ACTIVE,EMPLOYEE,PERMANENT,2014-09-04,,F,Engineering,Dublin,CC-IE-016
HRIS-WKR-003108,WKR-PUB-003108,IE,LE-IE-SYNTH-001,ACTIVE,EMPLOYEE,PERMANENT,2015-04-07,,M,Sales,Galway,CC-IE-039
HRIS-WKR-003109,WKR-PUB-003109,IE,LE-IE-SYNTH-001,ACTIVE,EMPLOYEE,FIXED_TERM,2019-08-23,,UNDISCLOSED,Finance,Cork,CC-IE-007
HRIS-WKR-003110,WKR-PUB-003110,IE,LE-IE-SYNTH-001,ACTIVE,EMPLOYEE,PERMANENT,2019-07-18,,M,Technology,Dublin,CC-IE-033
HRIS-WKR-003111,WKR-PUB-003111,IE,LE-IE-SYNTH-001,ACTIVE,EMPLOYEE,FIXED_TERM,2023-07-26,,F,Engineering,Dublin,CC-IE-009
HRIS-WKR-003112,WKR-PUB-003112,IE,LE-IE-SYNTH-001,ACTIVE,EMPLOYEE,PERMANENT,2017-04-15,,F,Engineering,Cork,CC-IE-023
HRIS-WKR-003113,WKR-PUB-003113,IE,LE-IE-SYNTH-001,ACTIVE,EMPLOYEE,FIXED_TERM,2020-05-27,,F,People,Cork,CC-IE-025
HRIS-WKR-003114,WKR-PUB-003114,IE,LE-IE-SYNTH-001,ACTIVE,EMPLOYEE,PERMANENT,2023-09-29,,M,Operations,Dublin,CC-IE-012
HRIS-WKR-003115,WKR-PUB-003115,IE,LE-IE-SYNTH-001,ACTIVE,EMPLOYEE,PERMANENT,2015-06-23,,F,Finance,Dublin,CC-IE-026
HRIS-WKR-003116,WKR-PUB-003116,IE,LE-IE-SYNTH-001,ACTIVE,EMPLOYEE,PERMANENT,2021-08-13,,F,Engineering,Dublin,CC-IE-017
HRIS-WKR-003117,WKR-PUB-003117,IE,LE-IE-SYNTH-001,ACTIVE,EMPLOYEE,FIXED_TERM,2021-12-13,,F,Engineering,Limerick,CC-IE-034
HRIS-WKR-003118,WKR-PUB-003118,IE,LE-IE-SYNTH-001,ACTIVE,EMPLOYEE,PERMANENT,2015-08-08,,M,Operations,Galway,CC-IE-038
HRIS-WKR-003119,WKR-PUB-003119,IE,LE-IE-SYNTH-001,ACTIVE,EMPLOYEE,FIXED_TERM,2016-03-31,,F,Sales,Limerick,CC-IE-011
HRIS-WKR-003120,WKR-PUB-003120,IE,LE-IE-SYNTH-001,ACTIVE,EMPLOYEE,FIXED_TERM,2020-04-17,,M,Engineering,Cork,CC-IE-035
HRIS-WKR-003121,WKR-PUB-003121,IE,LE-IE-SYNTH-001,ACTIVE,EMPLOYEE,PERMANENT,2016-09-19,,NB,Engineering,Dublin,CC-IE-003
HRIS-WKR-003122,WKR-PUB-003122,IE,LE-IE-SYNTH-001,ACTIVE,EMPLOYEE,PERMANENT,2015-05-16,,M,Operations,Limerick,CC-IE-005
HRIS-WKR-003123,WKR-PUB-003123,IE,LE-IE-SYNTH-001,ACTIVE,EMPLOYEE,FIXED_TERM,2024-12-02,,F,People,Dublin,CC-IE-015
HRIS-WKR-003124,WKR-PUB-003124,IE,LE-IE-SYNTH-001,ACTIVE,EMPLOYEE,PERMANENT,2017-07-05,,F,Engineering,Dublin,CC-IE-003
HRIS-WKR-003125,WKR-PUB-003125,IE,LE-IE-SYNTH-001,ACTIVE,EMPLOYEE,PERMANENT,2022-01-19,,M,People,Galway,CC-IE-018
HRIS-WKR-003126,WKR-PUB-003126,IE,LE-IE-SYNTH-001,TERMINATED,EMPLOYEE,PERMANENT,2014-12-10,2026-04-15,F,Engineering,Dublin,CC-IE-007
HRIS-WKR-003127,WKR-PUB-003127,IE,LE-IE-SYNTH-001,ACTIVE,EMPLOYEE,PERMANENT,2014-11-25,,M,Engineering,Dublin,CC-IE-002
HRIS-WKR-003128,WKR-PUB-003128,IE,LE-IE-SYNTH-001,ACTIVE,EMPLOYEE,FIXED_TERM,2021-12-06,,M,Engineering,Dublin,CC-IE-037
HRIS-WKR-003129,WKR-PUB-003129,IE,LE-IE-SYNTH-001,ACTIVE,EMPLOYEE,PERMANENT,2025-07-03,,M,Sales,Dublin,CC-IE-017
HRIS-WKR-003130,WKR-PUB-003130,IE,LE-IE-SYNTH-001,ACTIVE,EMPLOYEE,PERMANENT,2016-07-21,,M,Sales,Limerick,CC-IE-030
HRIS-WKR-003131,WKR-PUB-003131,IE,LE-IE-SYNTH-001,ACTIVE,EMPLOYEE,FIXED_TERM,2024-03-29,,F,Engineering,Dublin,CC-IE-036
HRIS-WKR-003132,WKR-PUB-003132,IE,LE-IE-SYNTH-001,ACTIVE,EMPLOYEE,PERMANENT,2023-08-11,,F,Operations,Dublin,CC-IE-026
HRIS-WKR-003133,WKR-PUB-003133,IE,LE-IE-SYNTH-001,ACTIVE,EMPLOYEE,PERMANENT,2016-04-10,,F,Operations,Dublin,CC-IE-023
HRIS-WKR-003134,WKR-PUB-003134,IE,LE-IE-SYNTH-001,ACTIVE,EMPLOYEE,PERMANENT,2021-07-06,,,Operations,Dublin,CC-IE-016
HRIS-WKR-003135,WKR-PUB-003135,IE,LE-IE-SYNTH-001,ACTIVE,EMPLOYEE,PERMANENT,2021-09-02,,,Engineering,Dublin,CC-IE-039
HRIS-WKR-003136,WKR-PUB-003136,IE,LE-IE-SYNTH-001,ACTIVE,EMPLOYEE,PERMANENT,2016-03-06,,M,Engineering,Dublin,CC-IE-016
HRIS-WKR-003137,WKR-PUB-003137,IE,LE-IE-SYNTH-001,ACTIVE,EMPLOYEE,FIXED_TERM,2026-02-10,,F,Engineering,Dublin,CC-IE-035
HRIS-WKR-003138,WKR-PUB-003138,IE,LE-IE-SYNTH-001,ACTIVE,EMPLOYEE,PERMANENT,2022-04-18,,M,Technology,Dublin,CC-IE-011
HRIS-WKR-003139,WKR-PUB-003139,IE,LE-IE-SYNTH-001,ACTIVE,EMPLOYEE,PERMANENT,2021-03-21,,M,Engineering,Dublin,CC-IE-016
HRIS-WKR-003140,WKR-PUB-003140,IE,LE-IE-SYNTH-001,ACTIVE,EMPLOYEE,PERMANENT,2017-12-27,,M,Sales,Dublin,CC-IE-009
HRIS-WKR-003141,WKR-PUB-003141,IE,LE-IE-SYNTH-001,ACTIVE,CONTRACTOR,PERMANENT,2020-09-25,,M,People,Dublin,CC-IE-026
HRIS-WKR-003142,WKR-PUB-003142,IE,LE-IE-SYNTH-001,ACTIVE,EMPLOYEE,PERMANENT,2022-05-02,,M,Finance,Dublin,CC-IE-012
HRIS-WKR-003143,WKR-PUB-003143,IE,LE-IE-SYNTH-001,ACTIVE,EMPLOYEE,PERMANENT,2024-07-16,,M,Finance,Dublin,CC-IE-015
HRIS-WKR-003144,WKR-PUB-003144,IE,LE-IE-SYNTH-001,ACTIVE,EMPLOYEE,PERMANENT,2015-11-17,,F,Sales,Dublin,CC-IE-014
HRIS-WKR-003145,WKR-PUB-003145,IE,LE-IE-SYNTH-001,ACTIVE,EMPLOYEE,PERMANENT,2024-09-16,,F,Engineering,Dublin,CC-IE-032
HRIS-WKR-003146,WKR-PUB-003146,IE,LE-IE-SYNTH-001,ACTIVE,CONTRACTOR,PERMANENT,2017-03-22,,M,Engineering,Dublin,CC-IE-034
HRIS-WKR-003147,WKR-PUB-003147,IE,LE-IE-SYNTH-001,ACTIVE,EMPLOYEE,PERMANENT,2023-01-12,,F,Engineering,Dublin,CC-IE-005
HRIS-WKR-003148,WKR-PUB-003148,IE,LE-IE-SYNTH-001,ACTIVE,EMPLOYEE,PERMANENT,2020-01-15,,F,Sales,Cork,CC-IE-040
HRIS-WKR-003149,WKR-PUB-003149,IE,LE-IE-SYNTH-001,ACTIVE,EMPLOYEE,PERMANENT,2021-01-11,,M,Operations,Dublin,CC-IE-024
HRIS-WKR-003150,WKR-PUB-003150,IE,LE-IE-SYNTH-001,ACTIVE,EMPLOYEE,PERMANENT,2021-09-30,,M,Engineering,Cork,CC-IE-012
HRIS-WKR-003151,WKR-PUB-003151,IE,LE-IE-SYNTH-001,ACTIVE,EMPLOYEE,PERMANENT,2019-07-03,,M,Finance,Dublin,CC-IE-030
HRIS-WKR-003152,WKR-PUB-003152,IE,LE-IE-SYNTH-001,ACTIVE,EMPLOYEE,PERMANENT,2025-04-23,,F,Finance,Dublin,CC-IE-016
HRIS-WKR-003153,WKR-PUB-003153,IE,LE-IE-SYNTH-001,ACTIVE,EMPLOYEE,PERMANENT,2019-03-07,,F,Engineering,Dublin,CC-IE-025
HRIS-WKR-003154,WKR-PUB-003154,IE,LE-IE-SYNTH-001,ACTIVE,CONTRACTOR,PERMANENT,2015-06-19,,M,Engineering,Dublin,CC-IE-020
HRIS-WKR-003155,WKR-PUB-003155,IE,LE-IE-SYNTH-001,ACTIVE,EMPLOYEE,PERMANENT,2017-04-10,,,Operations,Dublin,CC-IE-033
HRIS-WKR-003156,WKR-PUB-003156,IE,LE-IE-SYNTH-001,ACTIVE,CONTRACTOR,PERMANENT,2023-06-06,,F,Operations,Dublin,CC-IE-001
HRIS-WKR-003157,WKR-PUB-003157,IE,LE-IE-SYNTH-001,ACTIVE,EMPLOYEE,PERMANENT,2019-07-10,,M,Finance,Dublin,CC-IE-022
HRIS-WKR-003158,WKR-PUB-003158,IE,LE-IE-SYNTH-001,ACTIVE,EMPLOYEE,PERMANENT,2024-11-10,,F,Sales,Limerick,CC-IE-001
HRIS-WKR-003159,WKR-PUB-003159,IE,LE-IE-SYNTH-001,ACTIVE,EMPLOYEE,FIXED_TERM,2015-11-06,,F,Sales,Dublin,CC-IE-013
HRIS-WKR-003160,WKR-PUB-003160,IE,LE-IE-SYNTH-001,ACTIVE,EMPLOYEE,FIXED_TERM,2014-10-08,,M,Sales,Galway,CC-IE-028
HRIS-WKR-003161,WKR-PUB-003161,IE,LE-IE-SYNTH-001,ACTIVE,EMPLOYEE,FIXED_TERM,2017-11-10,,M,People,Remote-IE,CC-IE-017
HRIS-WKR-003162,WKR-PUB-003162,IE,LE-IE-SYNTH-001,ACTIVE,EMPLOYEE,PERMANENT,2019-11-16,,M,Sales,Dublin,CC-IE-037
HRIS-WKR-003163,WKR-PUB-003163,IE,LE-IE-SYNTH-001,ACTIVE,EMPLOYEE,PERMANENT,2022-09-18,,M,Engineering,Cork,CC-IE-006
HRIS-WKR-003164,WKR-PUB-003164,IE,LE-IE-SYNTH-001,ACTIVE,EMPLOYEE,FIXED_TERM,2014-04-08,,M,Engineering,Galway,CC-IE-002
HRIS-WKR-003165,WKR-PUB-003165,IE,LE-IE-SYNTH-001,ACTIVE,EMPLOYEE,PERMANENT,2014-02-05,,F,Finance,Remote-IE,CC-IE-033
HRIS-WKR-003166,WKR-PUB-003166,IE,LE-IE-SYNTH-001,ACTIVE,EMPLOYEE,PERMANENT,2025-08-06,,M,Operations,Dublin,CC-IE-007
HRIS-WKR-003167,WKR-PUB-003167,IE,LE-IE-SYNTH-001,ACTIVE,EMPLOYEE,PERMANENT,2021-04-04,,M,Operations,Cork,CC-IE-002
HRIS-WKR-003168,WKR-PUB-003168,IE,LE-IE-SYNTH-001,ACTIVE,EMPLOYEE,PERMANENT,2025-12-20,,M,People,Dublin,CC-IE-026
HRIS-WKR-003169,WKR-PUB-003169,IE,LE-IE-SYNTH-001,ACTIVE,EMPLOYEE,PERMANENT,2021-05-08,,F,Technology,Dublin,CC-IE-007
HRIS-WKR-003170,WKR-PUB-003170,IE,LE-IE-SYNTH-001,ACTIVE,EMPLOYEE,FIXED_TERM,2022-01-03,,M,Technology,Dublin,CC-IE-020
HRIS-WKR-003171,WKR-PUB-003171,IE,LE-IE-SYNTH-001,ACTIVE,EMPLOYEE,PERMANENT,2019-08-28,,F,Operations,Dublin,CC-IE-040
HRIS-WKR-003172,WKR-PUB-003172,IE,LE-IE-SYNTH-001,ACTIVE,EMPLOYEE,PERMANENT,2022-01-24,,F,Engineering,Dublin,CC-IE-034
HRIS-WKR-003173,WKR-PUB-003173,IE,LE-IE-SYNTH-001,ACTIVE,EMPLOYEE,PERMANENT,2020-11-04,,M,Sales,Dublin,CC-IE-021
HRIS-WKR-003174,WKR-PUB-003174,IE,LE-IE-SYNTH-001,TERMINATED,CONTRACTOR,PERMANENT,2016-08-31,2026-10-26,F,Engineering,Dublin,CC-IE-011
HRIS-WKR-003175,WKR-PUB-003175,IE,LE-IE-SYNTH-001,ACTIVE,EMPLOYEE,APPRENTICE,2023-03-16,,,People,Galway,CC-IE-023
HRIS-WKR-003176,WKR-PUB-003176,IE,LE-IE-SYNTH-001,ACTIVE,EMPLOYEE,PERMANENT,2025-06-13,,F,Sales,Dublin,CC-IE-023
HRIS-WKR-003177,WKR-PUB-003177,IE,LE-IE-SYNTH-001,ACTIVE,EMPLOYEE,PERMANENT,2021-08-23,,M,People,Dublin,CC-IE-019
HRIS-WKR-003178,WKR-PUB-003178,IE,LE-IE-SYNTH-001,ACTIVE,EMPLOYEE,PERMANENT,2023-08-04,,M,Sales,Cork,CC-IE-001
HRIS-WKR-003179,WKR-PUB-003179,IE,LE-IE-SYNTH-001,TERMINATED,EMPLOYEE,PERMANENT,2016-06-12,2026-06-20,M,Operations,Dublin,CC-IE-026
HRIS-WKR-003180,WKR-PUB-003180,IE,LE-IE-SYNTH-001,ACTIVE,EMPLOYEE,APPRENTICE,2021-05-18,,F,Finance,Dublin,CC-IE-030
HRIS-WKR-003181,WKR-PUB-003181,IE,LE-IE-SYNTH-001,ACTIVE,EMPLOYEE,PERMANENT,2025-01-09,,M,Operations,Remote-IE,CC-IE-010
HRIS-WKR-003182,WKR-PUB-003182,IE,LE-IE-SYNTH-001,ACTIVE,EMPLOYEE,PERMANENT,2021-10-04,,F,Engineering,Galway,CC-IE-029
HRIS-WKR-003183,WKR-PUB-003183,IE,LE-IE-SYNTH-001,ACTIVE,EMPLOYEE,PERMANENT,2015-09-08,,F,Sales,Dublin,CC-IE-040
HRIS-WKR-003184,WKR-PUB-003184,IE,LE-IE-SYNTH-001,ACTIVE,EMPLOYEE,PERMANENT,2017-08-11,,M,Sales,Limerick,CC-IE-005
HRIS-WKR-003185,WKR-PUB-003185,IE,LE-IE-SYNTH-001,ACTIVE,EMPLOYEE,PERMANENT,2021-06-25,,M,Sales,Dublin,CC-IE-015
HRIS-WKR-003186,WKR-PUB-003186,IE,LE-IE-SYNTH-001,ACTIVE,EMPLOYEE,PERMANENT,2018-09-19,,UNDISCLOSED,Sales,Dublin,CC-IE-017
HRIS-WKR-003187,WKR-PUB-003187,IE,LE-IE-SYNTH-001,ACTIVE,EMPLOYEE,FIXED_TERM,2018-06-21,,M,Sales,Dublin,CC-IE-029
HRIS-WKR-003188,WKR-PUB-003188,IE,LE-IE-SYNTH-001,ACTIVE,EMPLOYEE,PERMANENT,2015-07-18,,F,Engineering,Dublin,CC-IE-039
HRIS-WKR-003189,WKR-PUB-003189,IE,LE-IE-SYNTH-001,ACTIVE,EMPLOYEE,PERMANENT,2023-09-27,,,Operations,Dublin,CC-IE-033
HRIS-WKR-003190,WKR-PUB-003190,IE,LE-IE-SYNTH-001,ACTIVE,EMPLOYEE,FIXED_TERM,2025-02-03,,F,Operations,Dublin,CC-IE-015
HRIS-WKR-003191,WKR-PUB-003191,IE,LE-IE-SYNTH-001,ACTIVE,CONTRACTOR,PERMANENT,2018-01-22,,M,Finance,Dublin,CC-IE-005
HRIS-WKR-003192,WKR-PUB-003192,IE,LE-IE-SYNTH-001,ACTIVE,EMPLOYEE,PERMANENT,2017-02-16,,F,Engineering,Remote-IE,CC-IE-013
HRIS-WKR-003193,WKR-PUB-003193,IE,LE-IE-SYNTH-001,ACTIVE,EMPLOYEE,PERMANENT,2020-07-12,,F,Technology,Dublin,CC-IE-017
HRIS-WKR-003194,WKR-PUB-003194,IE,LE-IE-SYNTH-001,ACTIVE,EMPLOYEE,PERMANENT,2014-06-03,,M,Engineering,Dublin,CC-IE-020
HRIS-WKR-003195,WKR-PUB-003195,IE,LE-IE-SYNTH-001,ACTIVE,EMPLOYEE,FIXED_TERM,2019-02-02,,F,Sales,Dublin,CC-IE-029
HRIS-WKR-003196,WKR-PUB-003196,IE,LE-IE-SYNTH-001,ACTIVE,EMPLOYEE,PERMANENT,2019-06-10,,M,Operations,Dublin,CC-IE-032
HRIS-WKR-003197,WKR-PUB-003197,IE,LE-IE-SYNTH-001,ACTIVE,EMPLOYEE,PERMANENT,2020-12-21,,M,Finance,Dublin,CC-IE-038
HRIS-WKR-003198,WKR-PUB-003198,IE,LE-IE-SYNTH-001,ACTIVE,EMPLOYEE,FIXED_TERM,2017-07-28,,M,Operations,Dublin,CC-IE-035
HRIS-WKR-003199,WKR-PUB-003199,IE,LE-IE-SYNTH-001,ACTIVE,CONTRACTOR,PERMANENT,2022-09-21,,M,People,Dublin,CC-IE-003
HRIS-WKR-003200,WKR-PUB-003200,IE,LE-IE-SYNTH-001,ACTIVE,EMPLOYEE,FIXED_TERM,2014-12-21,,M,Sales,Cork,CC-IE-033
HRIS-WKR-003201,WKR-PUB-003201,IE,LE-IE-SYNTH-001,ACTIVE,EMPLOYEE,FIXED_TERM,2022-08-02,,M,Operations,Dublin,CC-IE-013
HRIS-WKR-003202,WKR-PUB-003202,IE,LE-IE-SYNTH-001,ACTIVE,EMPLOYEE,PERMANENT,2025-08-06,,F,Finance,Limerick,CC-IE-025
HRIS-WKR-003203,WKR-PUB-003203,IE,LE-IE-SYNTH-001,ACTIVE,EMPLOYEE,PERMANENT,2017-08-24,,M,Engineering,Dublin,CC-IE-022
HRIS-WKR-003204,WKR-PUB-003204,IE,LE-IE-SYNTH-001,ACTIVE,CONTRACTOR,PERMANENT,2021-03-15,,M,People,Remote-IE,CC-IE-036
HRIS-WKR-003205,WKR-PUB-003205,IE,LE-IE-SYNTH-001,ACTIVE,EMPLOYEE,PERMANENT,2018-11-04,,F,Finance,Dublin,CC-IE-015
HRIS-WKR-003206,WKR-PUB-003206,IE,LE-IE-SYNTH-001,ACTIVE,EMPLOYEE,PERMANENT,2017-05-04,,M,Finance,Dublin,CC-IE-023
HRIS-WKR-003207,WKR-PUB-003207,IE,LE-IE-SYNTH-001,ACTIVE,EMPLOYEE,APPRENTICE,2019-06-06,,F,Engineering,Dublin,CC-IE-036
HRIS-WKR-003208,WKR-PUB-003208,IE,LE-IE-SYNTH-001,TERMINATED,EMPLOYEE,PERMANENT,2018-03-19,2026-12-29,,People,Dublin,CC-IE-010
HRIS-WKR-003209,WKR-PUB-003209,IE,LE-IE-SYNTH-001,ACTIVE,EMPLOYEE,PERMANENT,2016-03-01,,F,Sales,Dublin,CC-IE-014
HRIS-WKR-003210,WKR-PUB-003210,IE,LE-IE-SYNTH-001,ACTIVE,EMPLOYEE,PERMANENT,2014-01-02,,F,Engineering,Dublin,CC-IE-018
HRIS-WKR-003211,WKR-PUB-003211,IE,LE-IE-SYNTH-001,ACTIVE,EMPLOYEE,APPRENTICE,2026-02-15,,F,Finance,Cork,CC-IE-030
HRIS-WKR-003212,WKR-PUB-003212,IE,LE-IE-SYNTH-001,ACTIVE,EMPLOYEE,FIXED_TERM,2020-12-09,,M,Sales,Cork,CC-IE-039
HRIS-WKR-003213,WKR-PUB-003213,IE,LE-IE-SYNTH-001,TERMINATED,EMPLOYEE,PERMANENT,2014-06-22,2026-03-02,M,Operations,Remote-IE,CC-IE-014
HRIS-WKR-003214,WKR-PUB-003214,IE,LE-IE-SYNTH-001,ACTIVE,EMPLOYEE,FIXED_TERM,2019-09-10,,M,People,Cork,CC-IE-020
HRIS-WKR-003215,WKR-PUB-003215,IE,LE-IE-SYNTH-001,ACTIVE,EMPLOYEE,PERMANENT,2021-10-02,,M,Operations,Dublin,CC-IE-023
HRIS-WKR-003216,WKR-PUB-003216,IE,LE-IE-SYNTH-001,ACTIVE,EMPLOYEE,PERMANENT,2018-10-28,,M,Engineering,Dublin,CC-IE-008
HRIS-WKR-003217,WKR-PUB-003217,IE,LE-IE-SYNTH-001,ACTIVE,EMPLOYEE,PERMANENT,2014-06-29,,F,Engineering,Cork,CC-IE-020
HRIS-WKR-003218,WKR-PUB-003218,IE,LE-IE-SYNTH-001,ACTIVE,EMPLOYEE,PERMANENT,2023-08-13,,M,Engineering,Remote-IE,CC-IE-030
HRIS-WKR-003219,WKR-PUB-003219,IE,LE-IE-SYNTH-001,ACTIVE,EMPLOYEE,PERMANENT,2014-12-13,,F,Sales,Galway,CC-IE-023
HRIS-WKR-003220,WKR-PUB-003220,IE,LE-IE-SYNTH-001,ACTIVE,EMPLOYEE,PERMANENT,2022-12-17,,M,Sales,Cork,CC-IE-034
HRIS-WKR-003221,WKR-PUB-003221,IE,LE-IE-SYNTH-001,ACTIVE,EMPLOYEE,PERMANENT,2014-09-30,,F,People,Cork,CC-IE-004
HRIS-WKR-003222,WKR-PUB-003222,IE,LE-IE-SYNTH-001,ACTIVE,EMPLOYEE,PERMANENT,2025-10-19,,F,Engineering,Dublin,CC-IE-028
HRIS-WKR-003223,WKR-PUB-003223,IE,LE-IE-SYNTH-001,ACTIVE,EMPLOYEE,FIXED_TERM,2018-05-08,,M,Engineering,Dublin,CC-IE-034
HRIS-WKR-003224,WKR-PUB-003224,IE,LE-IE-SYNTH-001,ACTIVE,EMPLOYEE,PERMANENT,2014-02-02,,M,Operations,Dublin,CC-IE-013
HRIS-WKR-003225,WKR-PUB-003225,IE,LE-IE-SYNTH-001,ACTIVE,EMPLOYEE,PERMANENT,2016-04-28,,M,Engineering,Dublin,CC-IE-009
HRIS-WKR-003226,WKR-PUB-003226,IE,LE-IE-SYNTH-001,ACTIVE,EMPLOYEE,PERMANENT,2025-03-31,,F,Finance,Dublin,CC-IE-006
HRIS-WKR-003227,WKR-PUB-003227,IE,LE-IE-SYNTH-001,ACTIVE,EMPLOYEE,PERMANENT,2024-03-05,,F,Engineering,Remote-IE,CC-IE-034
HRIS-WKR-003228,WKR-PUB-003228,IE,LE-IE-SYNTH-001,ACTIVE,EMPLOYEE,PERMANENT,2018-07-19,,M,People,Dublin,CC-IE-002
HRIS-WKR-003229,WKR-PUB-003229,IE,LE-IE-SYNTH-001,ACTIVE,EMPLOYEE,PERMANENT,2023-11-19,,F,Operations,Dublin,CC-IE-014
HRIS-WKR-003230,WKR-PUB-003230,IE,LE-IE-SYNTH-001,ACTIVE,EMPLOYEE,PERMANENT,2020-09-30,,F,Technology,Dublin,CC-IE-028
HRIS-WKR-003231,WKR-PUB-003231,IE,LE-IE-SYNTH-001,ACTIVE,EMPLOYEE,PERMANENT,2019-11-29,,M,Operations,Dublin,CC-IE-025
HRIS-WKR-003232,WKR-PUB-003232,IE,LE-IE-SYNTH-001,ACTIVE,EMPLOYEE,PERMANENT,2026-01-31,,F,Operations,Remote-IE,CC-IE-027
HRIS-WKR-003233,WKR-PUB-003233,IE,LE-IE-SYNTH-001,ACTIVE,EMPLOYEE,APPRENTICE,2023-09-14,,M,Sales,Cork,CC-IE-007
HRIS-WKR-003234,WKR-PUB-003234,IE,LE-IE-SYNTH-001,ACTIVE,EMPLOYEE,PERMANENT,2023-11-28,,F,Finance,Dublin,CC-IE-022
HRIS-WKR-003235,WKR-PUB-003235,IE,LE-IE-SYNTH-001,ACTIVE,EMPLOYEE,PERMANENT,2024-10-07,,M,Technology,Cork,CC-IE-021
HRIS-WKR-003236,WKR-PUB-003236,IE,LE-IE-SYNTH-001,ACTIVE,EMPLOYEE,PERMANENT,2021-06-10,,M,Technology,Dublin,CC-IE-010
HRIS-WKR-003237,WKR-PUB-003237,IE,LE-IE-SYNTH-001,TERMINATED,EMPLOYEE,PERMANENT,2018-11-22,2026-09-08,F,Technology,Dublin,CC-IE-007
HRIS-WKR-003238,WKR-PUB-003238,IE,LE-IE-SYNTH-001,ACTIVE,EMPLOYEE,PERMANENT,2018-09-11,,M,People,Galway,CC-IE-002
HRIS-WKR-003239,WKR-PUB-003239,IE,LE-IE-SYNTH-001,ACTIVE,EMPLOYEE,PERMANENT,2022-04-06,,F,Engineering,Dublin,CC-IE-020
HRIS-WKR-003240,WKR-PUB-003240,IE,LE-IE-SYNTH-001,ACTIVE,EMPLOYEE,FIXED_TERM,2021-03-09,,M,Technology,Dublin,CC-IE-005
HRIS-WKR-003241,WKR-PUB-003241,IE,LE-IE-SYNTH-001,ACTIVE,EMPLOYEE,APPRENTICE,2024-01-31,,M,Technology,Limerick,CC-IE-029
HRIS-WKR-003242,WKR-PUB-003242,IE,LE-IE-SYNTH-001,ACTIVE,EMPLOYEE,PERMANENT,2024-02-24,,M,People,Cork,CC-IE-037
HRIS-WKR-003243,WKR-PUB-003243,IE,LE-IE-SYNTH-001,ACTIVE,EMPLOYEE,PERMANENT,2023-11-20,,F,Finance,Dublin,CC-IE-003
HRIS-WKR-003244,WKR-PUB-003244,IE,LE-IE-SYNTH-001,ACTIVE,EMPLOYEE,PERMANENT,2024-06-01,,M,Technology,Dublin,CC-IE-031
HRIS-WKR-003245,WKR-PUB-003245,IE,LE-IE-SYNTH-001,ACTIVE,EMPLOYEE,FIXED_TERM,2021-04-18,,F,Sales,Remote-IE,CC-IE-009
HRIS-WKR-003246,WKR-PUB-003246,IE,LE-IE-SYNTH-001,ACTIVE,EMPLOYEE,PERMANENT,2025-09-28,,F,Engineering,Dublin,CC-IE-020
HRIS-WKR-003247,WKR-PUB-003247,IE,LE-IE-SYNTH-001,ACTIVE,CONTRACTOR,PERMANENT,2021-03-10,,M,Engineering,Remote-IE,CC-IE-021
HRIS-WKR-003248,WKR-PUB-003248,IE,LE-IE-SYNTH-001,ACTIVE,EMPLOYEE,APPRENTICE,2025-02-02,,M,People,Dublin,CC-IE-011
HRIS-WKR-003249,WKR-PUB-003249,IE,LE-IE-SYNTH-001,ACTIVE,EMPLOYEE,PERMANENT,2025-08-10,,M,Sales,Cork,CC-IE-019
HRIS-WKR-003250,WKR-PUB-003250,IE,LE-IE-SYNTH-001,ACTIVE,EMPLOYEE,FIXED_TERM,2016-10-07,,NB,Sales,Galway,CC-IE-007
HRIS-WKR-003251,WKR-PUB-003251,IE,LE-IE-SYNTH-001,ACTIVE,EMPLOYEE,PERMANENT,2020-10-18,,F,Engineering,Dublin,CC-IE-004
HRIS-WKR-003252,WKR-PUB-003252,IE,LE-IE-SYNTH-001,ACTIVE,EMPLOYEE,PERMANENT,2019-03-12,,M,Sales,Dublin,CC-IE-038
HRIS-WKR-003253,WKR-PUB-003253,IE,LE-IE-SYNTH-001,ACTIVE,EMPLOYEE,PERMANENT,2022-01-16,,F,Finance,Remote-IE,CC-IE-027
HRIS-WKR-003254,WKR-PUB-003254,IE,LE-IE-SYNTH-001,ACTIVE,EMPLOYEE,PERMANENT,2025-01-10,,F,Sales,Dublin,CC-IE-030
HRIS-WKR-003255,WKR-PUB-003255,IE,LE-IE-SYNTH-001,ACTIVE,CONTRACTOR,PERMANENT,2017-03-18,,F,Engineering,Dublin,CC-IE-037
HRIS-WKR-003256,WKR-PUB-003256,IE,LE-IE-SYNTH-001,ACTIVE,EMPLOYEE,PERMANENT,2020-06-30,,M,Sales,Dublin,CC-IE-029
HRIS-WKR-003257,WKR-PUB-003257,IE,LE-IE-SYNTH-001,ACTIVE,EMPLOYEE,PERMANENT,2015-06-03,,F,Engineering,Galway,CC-IE-005
HRIS-WKR-003258,WKR-PUB-003258,IE,LE-IE-SYNTH-001,ACTIVE,EMPLOYEE,PERMANENT,2023-03-27,,M,Operations,Dublin,CC-IE-028
HRIS-WKR-003259,WKR-PUB-003259,IE,LE-IE-SYNTH-001,ACTIVE,CONTRACTOR,PERMANENT,2017-02-24,,,Engineering,Dublin,CC-IE-009
HRIS-WKR-003260,WKR-PUB-003260,IE,LE-IE-SYNTH-001,ACTIVE,EMPLOYEE,PERMANENT,2017-08-29,,F,Technology,Dublin,CC-IE-028
HRIS-WKR-003261,WKR-PUB-003261,IE,LE-IE-SYNTH-001,ACTIVE,EMPLOYEE,PERMANENT,2018-12-10,,M,Sales,Cork,CC-IE-038
HRIS-WKR-003262,WKR-PUB-003262,IE,LE-IE-SYNTH-001,ACTIVE,EMPLOYEE,PERMANENT,2015-06-12,,M,Finance,Dublin,CC-IE-021
HRIS-WKR-003263,WKR-PUB-003263,IE,LE-IE-SYNTH-001,ACTIVE,EMPLOYEE,PERMANENT,2019-03-25,,M,Sales,Dublin,CC-IE-009
HRIS-WKR-003264,WKR-PUB-003264,IE,LE-IE-SYNTH-001,ACTIVE,EMPLOYEE,PERMANENT,2019-10-18,,M,Sales,Dublin,CC-IE-004
HRIS-WKR-003265,WKR-PUB-003265,IE,LE-IE-SYNTH-001,ACTIVE,EMPLOYEE,PERMANENT,2018-10-16,,M,Sales,Limerick,CC-IE-039
HRIS-WKR-003266,WKR-PUB-003266,IE,LE-IE-SYNTH-001,ACTIVE,EMPLOYEE,PERMANENT,2021-06-18,,M,Sales,Dublin,CC-IE-010
HRIS-WKR-003267,WKR-PUB-003267,IE,LE-IE-SYNTH-001,ACTIVE,EMPLOYEE,PERMANENT,2023-01-26,,F,People,Dublin,CC-IE-004
HRIS-WKR-003268,WKR-PUB-003268,IE,LE-IE-SYNTH-001,ACTIVE,EMPLOYEE,APPRENTICE,2024-05-07,,M,Engineering,Dublin,CC-IE-020
HRIS-WKR-003269,WKR-PUB-003269,IE,LE-IE-SYNTH-001,ACTIVE,EMPLOYEE,PERMANENT,2019-03-27,,,Technology,Remote-IE,CC-IE-016
HRIS-WKR-003270,WKR-PUB-003270,IE,LE-IE-SYNTH-001,ACTIVE,EMPLOYEE,FIXED_TERM,2022-07-22,,F,Finance,Dublin,CC-IE-026
HRIS-WKR-003271,WKR-PUB-003271,IE,LE-IE-SYNTH-001,ACTIVE,EMPLOYEE,PERMANENT,2019-12-08,,M,Sales,Remote-IE,CC-IE-015
HRIS-WKR-003272,WKR-PUB-003272,IE,LE-IE-SYNTH-001,ACTIVE,EMPLOYEE,PERMANENT,2015-12-01,,F,People,Dublin,CC-IE-018
HRIS-WKR-003273,WKR-PUB-003273,IE,LE-IE-SYNTH-001,ACTIVE,CONTRACTOR,FIXED_TERM,2022-12-09,,UNDISCLOSED,Finance,Dublin,CC-IE-034
HRIS-WKR-003274,WKR-PUB-003274,IE,LE-IE-SYNTH-001,ACTIVE,EMPLOYEE,FIXED_TERM,2014-04-29,,F,Operations,Remote-IE,CC-IE-014
HRIS-WKR-003275,WKR-PUB-003275,IE,LE-IE-SYNTH-001,TERMINATED,EMPLOYEE,PERMANENT,2017-05-13,2026-09-10,M,Sales,Remote-IE,CC-IE-028
HRIS-WKR-003276,WKR-PUB-003276,IE,LE-IE-SYNTH-001,ACTIVE,EMPLOYEE,PERMANENT,2016-01-02,,M,Engineering,Dublin,CC-IE-017
HRIS-WKR-003277,WKR-PUB-003277,IE,LE-IE-SYNTH-001,ACTIVE,EMPLOYEE,PERMANENT,2020-10-14,,F,Sales,Galway,CC-IE-020
HRIS-WKR-003278,WKR-PUB-003278,IE,LE-IE-SYNTH-001,ACTIVE,EMPLOYEE,PERMANENT,2015-03-28,,F,Sales,Cork,CC-IE-036
HRIS-WKR-003279,WKR-PUB-003279,IE,LE-IE-SYNTH-001,ACTIVE,EMPLOYEE,PERMANENT,2020-04-29,,F,Engineering,Dublin,CC-IE-014
HRIS-WKR-003280,WKR-PUB-003280,IE,LE-IE-SYNTH-001,ACTIVE,EMPLOYEE,FIXED_TERM,2015-07-25,,M,Finance,Remote-IE,CC-IE-021
HRIS-WKR-003281,WKR-PUB-003281,IE,LE-IE-SYNTH-001,ACTIVE,EMPLOYEE,PERMANENT,2020-01-17,,M,Operations,Cork,CC-IE-010
HRIS-WKR-003282,WKR-PUB-003282,IE,LE-IE-SYNTH-001,ACTIVE,EMPLOYEE,PERMANENT,2016-03-16,,M,People,Cork,CC-IE-016
HRIS-WKR-003283,WKR-PUB-003283,IE,LE-IE-SYNTH-001,ACTIVE,EMPLOYEE,PERMANENT,2022-01-04,,M,People,Dublin,CC-IE-037
HRIS-WKR-003284,WKR-PUB-003284,IE,LE-IE-SYNTH-001,ACTIVE,EMPLOYEE,PERMANENT,2015-05-24,,,Engineering,Galway,CC-IE-031
HRIS-WKR-003285,WKR-PUB-003285,IE,LE-IE-SYNTH-001,ACTIVE,EMPLOYEE,PERMANENT,2014-12-21,,M,Engineering,Dublin,CC-IE-018
HRIS-WKR-003286,WKR-PUB-003286,IE,LE-IE-SYNTH-001,ACTIVE,CONTRACTOR,PERMANENT,2014-06-30,,F,Finance,Dublin,CC-IE-002
HRIS-WKR-003287,WKR-PUB-003287,IE,LE-IE-SYNTH-001,ACTIVE,EMPLOYEE,PERMANENT,2016-11-02,,M,Finance,Galway,CC-IE-015
HRIS-WKR-003288,WKR-PUB-003288,IE,LE-IE-SYNTH-001,TERMINATED,EMPLOYEE,PERMANENT,2018-03-31,2026-02-10,F,Sales,Remote-IE,CC-IE-031
HRIS-WKR-003289,WKR-PUB-003289,IE,LE-IE-SYNTH-001,ACTIVE,EMPLOYEE,PERMANENT,2014-05-27,,F,Engineering,Dublin,CC-IE-002
HRIS-WKR-003290,WKR-PUB-003290,IE,LE-IE-SYNTH-001,ACTIVE,EMPLOYEE,PERMANENT,2017-02-10,,F,Engineering,Cork,CC-IE-005
HRIS-WKR-003291,WKR-PUB-003291,IE,LE-IE-SYNTH-001,ACTIVE,EMPLOYEE,PERMANENT,2015-05-27,,F,Engineering,Dublin,CC-IE-019
HRIS-WKR-003292,WKR-PUB-003292,IE,LE-IE-SYNTH-001,ACTIVE,EMPLOYEE,PERMANENT,2014-11-14,,F,People,Dublin,CC-IE-034
HRIS-WKR-003293,WKR-PUB-003293,IE,LE-IE-SYNTH-001,ACTIVE,EMPLOYEE,APPRENTICE,2016-02-23,,M,Sales,Dublin,CC-IE-019
HRIS-WKR-003294,WKR-PUB-003294,IE,LE-IE-SYNTH-001,ACTIVE,EMPLOYEE,PERMANENT,2019-05-01,,M,Operations,Limerick,CC-IE-006
HRIS-WKR-003295,WKR-PUB-003295,IE,LE-IE-SYNTH-001,ACTIVE,CONTRACTOR,PERMANENT,2019-12-28,,F,Operations,Cork,CC-IE-034
HRIS-WKR-003296,WKR-PUB-003296,IE,LE-IE-SYNTH-001,ACTIVE,EMPLOYEE,PERMANENT,2026-02-15,,F,Finance,Cork,CC-IE-014
HRIS-WKR-003297,WKR-PUB-003297,IE,LE-IE-SYNTH-001,ACTIVE,EMPLOYEE,PERMANENT,2022-06-04,,M,People,Dublin,CC-IE-032
HRIS-WKR-003298,WKR-PUB-003298,IE,LE-IE-SYNTH-001,ACTIVE,EMPLOYEE,PERMANENT,2021-09-17,,F,People,Dublin,CC-IE-033
HRIS-WKR-003299,WKR-PUB-003299,IE,LE-IE-SYNTH-001,ACTIVE,EMPLOYEE,PERMANENT,2014-05-11,,F,Engineering,Dublin,CC-IE-007
HRIS-WKR-003300,WKR-PUB-003300,IE,LE-IE-SYNTH-001,ACTIVE,EMPLOYEE,PERMANENT,2024-05-19,,F,Engineering,Cork,CC-IE-001
HRIS-WKR-003301,WKR-PUB-003301,IE,LE-IE-SYNTH-001,ACTIVE,EMPLOYEE,FIXED_TERM,2018-01-10,,M,Engineering,Dublin,CC-IE-006
HRIS-WKR-003302,WKR-PUB-003302,IE,LE-IE-SYNTH-001,ACTIVE,EMPLOYEE,PERMANENT,2021-11-29,,F,Sales,Cork,CC-IE-013
HRIS-WKR-003303,WKR-PUB-003303,IE,LE-IE-SYNTH-001,ACTIVE,EMPLOYEE,PERMANENT,2018-07-14,,F,Sales,Dublin,CC-IE-034
HRIS-WKR-003304,WKR-PUB-003304,IE,LE-IE-SYNTH-001,ACTIVE,EMPLOYEE,PERMANENT,2023-05-28,,M,Engineering,Dublin,CC-IE-009
HRIS-WKR-003305,WKR-PUB-003305,IE,LE-IE-SYNTH-001,ACTIVE,EMPLOYEE,PERMANENT,2024-05-05,,F,Technology,Limerick,CC-IE-025
HRIS-WKR-003306,WKR-PUB-003306,IE,LE-IE-SYNTH-001,ACTIVE,EMPLOYEE,PERMANENT,2014-12-05,,M,Operations,Dublin,CC-IE-022
HRIS-WKR-003307,WKR-PUB-003307,IE,LE-IE-SYNTH-001,ACTIVE,EMPLOYEE,PERMANENT,2022-08-11,,M,Operations,Dublin,CC-IE-019
HRIS-WKR-003308,WKR-PUB-003308,IE,LE-IE-SYNTH-001,ACTIVE,EMPLOYEE,FIXED_TERM,2024-01-22,,M,Sales,Dublin,CC-IE-002
HRIS-WKR-003309,WKR-PUB-003309,IE,LE-IE-SYNTH-001,ACTIVE,EMPLOYEE,PERMANENT,2019-04-27,,F,Operations,Cork,CC-IE-037
HRIS-WKR-003310,WKR-PUB-003310,IE,LE-IE-SYNTH-001,ACTIVE,EMPLOYEE,PERMANENT,2017-03-16,,F,Technology,Dublin,CC-IE-003
HRIS-WKR-003311,WKR-PUB-003311,IE,LE-IE-SYNTH-001,ACTIVE,EMPLOYEE,PERMANENT,2023-05-21,,NB,Engineering,Limerick,CC-IE-001
HRIS-WKR-003312,WKR-PUB-003312,IE,LE-IE-SYNTH-001,ACTIVE,EMPLOYEE,PERMANENT,2016-07-05,,F,Sales,Dublin,CC-IE-002
HRIS-WKR-003313,WKR-PUB-003313,IE,LE-IE-SYNTH-001,ACTIVE,EMPLOYEE,APPRENTICE,2018-01-30,,F,Finance,Galway,CC-IE-037
HRIS-WKR-003314,WKR-PUB-003314,IE,LE-IE-SYNTH-001,ACTIVE,EMPLOYEE,PERMANENT,2015-12-03,,F,Operations,Dublin,CC-IE-003
HRIS-WKR-003315,WKR-PUB-003315,IE,LE-IE-SYNTH-001,ACTIVE,EMPLOYEE,PERMANENT,2022-11-14,,F,Technology,Remote-IE,CC-IE-030
HRIS-WKR-003316,WKR-PUB-003316,IE,LE-IE-SYNTH-001,ACTIVE,EMPLOYEE,PERMANENT,2015-02-12,,UNDISCLOSED,People,Dublin,CC-IE-018
HRIS-WKR-003317,WKR-PUB-003317,IE,LE-IE-SYNTH-001,ACTIVE,EMPLOYEE,APPRENTICE,2022-11-22,,M,Operations,Dublin,CC-IE-030
HRIS-WKR-003318,WKR-PUB-003318,IE,LE-IE-SYNTH-001,ACTIVE,EMPLOYEE,PERMANENT,2020-06-16,,M,Engineering,Cork,CC-IE-038
HRIS-WKR-003319,WKR-PUB-003319,IE,LE-IE-SYNTH-001,ACTIVE,EMPLOYEE,FIXED_TERM,2025-06-25,,M,Sales,Cork,CC-IE-038
HRIS-WKR-003320,WKR-PUB-003320,IE,LE-IE-SYNTH-001,ACTIVE,EMPLOYEE,PERMANENT,2019-03-14,,F,Operations,Dublin,CC-IE-020
HRIS-WKR-003321,WKR-PUB-003321,IE,LE-IE-SYNTH-001,ACTIVE,EMPLOYEE,PERMANENT,2015-06-04,,M,Engineering,Galway,CC-IE-026
HRIS-WKR-003322,WKR-PUB-003322,IE,LE-IE-SYNTH-001,ACTIVE,EMPLOYEE,PERMANENT,2019-04-14,,F,People,Cork,CC-IE-036
HRIS-WKR-003323,WKR-PUB-003323,IE,LE-IE-SYNTH-001,ACTIVE,EMPLOYEE,PERMANENT,2023-05-02,,F,Operations,Dublin,CC-IE-031
HRIS-WKR-003324,WKR-PUB-003324,IE,LE-IE-SYNTH-001,ACTIVE,EMPLOYEE,PERMANENT,2024-12-13,,M,Engineering,Dublin,CC-IE-034
HRIS-WKR-003325,WKR-PUB-003325,IE,LE-IE-SYNTH-001,ACTIVE,EMPLOYEE,PERMANENT,2016-01-31,,F,Engineering,Limerick,CC-IE-009
HRIS-WKR-003326,WKR-PUB-003326,IE,LE-IE-SYNTH-001,ACTIVE,EMPLOYEE,PERMANENT,2016-08-15,,F,Sales,Galway,CC-IE-037
HRIS-WKR-003327,WKR-PUB-003327,IE,LE-IE-SYNTH-001,ACTIVE,EMPLOYEE,PERMANENT,2015-06-06,,M,Technology,Limerick,CC-IE-027
HRIS-WKR-003328,WKR-PUB-003328,IE,LE-IE-SYNTH-001,TERMINATED,EMPLOYEE,APPRENTICE,2015-03-24,2026-04-26,M,Engineering,Limerick,CC-IE-019
HRIS-WKR-003329,WKR-PUB-003329,IE,LE-IE-SYNTH-001,ACTIVE,CONTRACTOR,PERMANENT,2024-10-10,,F,Operations,Dublin,CC-IE-035
HRIS-WKR-003330,WKR-PUB-003330,IE,LE-IE-SYNTH-001,ACTIVE,EMPLOYEE,PERMANENT,2019-05-11,,F,Sales,Dublin,CC-IE-014
HRIS-WKR-003331,WKR-PUB-003331,IE,LE-IE-SYNTH-001,ACTIVE,EMPLOYEE,PERMANENT,2018-09-24,,M,Engineering,Dublin,CC-IE-038
HRIS-WKR-003332,WKR-PUB-003332,IE,LE-IE-SYNTH-001,ACTIVE,EMPLOYEE,PERMANENT,2022-10-23,,M,Operations,Dublin,CC-IE-019
HRIS-WKR-003333,WKR-PUB-003333,IE,LE-IE-SYNTH-001,ACTIVE,EMPLOYEE,FIXED_TERM,2019-10-29,,F,Technology,Limerick,CC-IE-013
HRIS-WKR-003334,WKR-PUB-003334,IE,LE-IE-SYNTH-001,ACTIVE,EMPLOYEE,PERMANENT,2014-12-06,,F,Sales,Dublin,CC-IE-032
HRIS-WKR-003335,WKR-PUB-003335,IE,LE-IE-SYNTH-001,ACTIVE,EMPLOYEE,PERMANENT,2014-07-10,,F,Engineering,Dublin,CC-IE-031
HRIS-WKR-003336,WKR-PUB-003336,IE,LE-IE-SYNTH-001,ACTIVE,EMPLOYEE,PERMANENT,2025-02-17,,M,Sales,Dublin,CC-IE-001
HRIS-WKR-003337,WKR-PUB-003337,IE,LE-IE-SYNTH-001,ACTIVE,EMPLOYEE,PERMANENT,2025-07-10,,F,People,Dublin,CC-IE-039
HRIS-WKR-003338,WKR-PUB-003338,IE,LE-IE-SYNTH-001,ACTIVE,EMPLOYEE,PERMANENT,2023-10-01,,M,Sales,Dublin,CC-IE-001
HRIS-WKR-003339,WKR-PUB-003339,IE,LE-IE-SYNTH-001,ACTIVE,EMPLOYEE,PERMANENT,2014-12-08,,F,Sales,Galway,CC-IE-005
HRIS-WKR-003340,WKR-PUB-003340,IE,LE-IE-SYNTH-001,ACTIVE,EMPLOYEE,PERMANENT,2018-07-30,,M,Engineering,Galway,CC-IE-036
HRIS-WKR-003341,WKR-PUB-003341,IE,LE-IE-SYNTH-001,ACTIVE,EMPLOYEE,PERMANENT,2025-06-17,,F,Engineering,Dublin,CC-IE-024
HRIS-WKR-003342,WKR-PUB-003342,IE,LE-IE-SYNTH-001,ACTIVE,EMPLOYEE,FIXED_TERM,2022-12-16,,M,Sales,Dublin,CC-IE-011
HRIS-WKR-003343,WKR-PUB-003343,IE,LE-IE-SYNTH-001,ACTIVE,EMPLOYEE,PERMANENT,2017-09-08,,M,Technology,Dublin,CC-IE-003
HRIS-WKR-003344,WKR-PUB-003344,IE,LE-IE-SYNTH-001,ACTIVE,EMPLOYEE,PERMANENT,2019-04-29,,M,Engineering,Dublin,CC-IE-018
HRIS-WKR-003345,WKR-PUB-003345,IE,LE-IE-SYNTH-001,ACTIVE,EMPLOYEE,PERMANENT,2023-07-21,,F,Finance,Cork,CC-IE-018
HRIS-WKR-003346,WKR-PUB-003346,IE,LE-IE-SYNTH-001,ACTIVE,EMPLOYEE,PERMANENT,2020-04-17,,M,Technology,Dublin,CC-IE-027
HRIS-WKR-003347,WKR-PUB-003347,IE,LE-IE-SYNTH-001,ACTIVE,EMPLOYEE,PERMANENT,2024-01-21,,F,Sales,Cork,CC-IE-027
HRIS-WKR-003348,WKR-PUB-003348,IE,LE-IE-SYNTH-001,ACTIVE,CONTRACTOR,APPRENTICE,2014-02-20,,F,Sales,Dublin,CC-IE-013
HRIS-WKR-003349,WKR-PUB-003349,IE,LE-IE-SYNTH-001,ACTIVE,EMPLOYEE,PERMANENT,2025-06-21,,M,Engineering,Limerick,CC-IE-035
HRIS-WKR-003350,WKR-PUB-003350,IE,LE-IE-SYNTH-001,ACTIVE,EMPLOYEE,PERMANENT,2018-12-31,,F,Engineering,Cork,CC-IE-017
HRIS-WKR-003351,WKR-PUB-003351,IE,LE-IE-SYNTH-001,ACTIVE,EMPLOYEE,PERMANENT,2018-02-27,,F,Finance,Remote-IE,CC-IE-028
HRIS-WKR-003352,WKR-PUB-003352,IE,LE-IE-SYNTH-001,ACTIVE,EMPLOYEE,PERMANENT,2021-07-23,,M,Sales,Dublin,CC-IE-024
HRIS-WKR-003353,WKR-PUB-003353,IE,LE-IE-SYNTH-001,TERMINATED,EMPLOYEE,PERMANENT,2020-06-20,2026-06-04,M,Engineering,Dublin,CC-IE-032
HRIS-WKR-003354,WKR-PUB-003354,IE,LE-IE-SYNTH-001,ACTIVE,EMPLOYEE,PERMANENT,2014-05-04,,NB,Operations,Remote-IE,CC-IE-029
HRIS-WKR-003355,WKR-PUB-003355,IE,LE-IE-SYNTH-001,ACTIVE,EMPLOYEE,PERMANENT,2025-08-18,,M,Engineering,Cork,CC-IE-034
HRIS-WKR-003356,WKR-PUB-003356,IE,LE-IE-SYNTH-001,ACTIVE,EMPLOYEE,PERMANENT,2021-12-19,,F,Technology,Remote-IE,CC-IE-013
HRIS-WKR-003357,WKR-PUB-003357,IE,LE-IE-SYNTH-001,ACTIVE,EMPLOYEE,PERMANENT,2022-05-09,,M,Operations,Dublin,CC-IE-025
HRIS-WKR-003358,WKR-PUB-003358,IE,LE-IE-SYNTH-001,ACTIVE,EMPLOYEE,FIXED_TERM,2014-11-08,,F,Finance,Remote-IE,CC-IE-027
HRIS-WKR-003359,WKR-PUB-003359,IE,LE-IE-SYNTH-001,ACTIVE,CONTRACTOR,PERMANENT,2023-02-19,,M,Sales,Remote-IE,CC-IE-033
HRIS-WKR-003360,WKR-PUB-003360,IE,LE-IE-SYNTH-001,ACTIVE,EMPLOYEE,PERMANENT,2024-07-21,,M,Operations,Remote-IE,CC-IE-017
HRIS-WKR-003361,WKR-PUB-003361,IE,LE-IE-SYNTH-001,ACTIVE,EMPLOYEE,FIXED_TERM,2024-07-12,,M,Engineering,Dublin,CC-IE-034
HRIS-WKR-003362,WKR-PUB-003362,IE,LE-IE-SYNTH-001,ACTIVE,EMPLOYEE,FIXED_TERM,2015-04-08,,F,Engineering,Cork,CC-IE-039
HRIS-WKR-003363,WKR-PUB-003363,IE,LE-IE-SYNTH-001,ACTIVE,CONTRACTOR,PERMANENT,2016-09-02,,F,Engineering,Cork,CC-IE-014
HRIS-WKR-003364,WKR-PUB-003364,IE,LE-IE-SYNTH-001,ACTIVE,EMPLOYEE,PERMANENT,2021-03-11,,M,People,Cork,CC-IE-013
HRIS-WKR-003365,WKR-PUB-003365,IE,LE-IE-SYNTH-001,ACTIVE,EMPLOYEE,FIXED_TERM,2022-02-14,,M,Sales,Remote-IE,CC-IE-017
HRIS-WKR-003366,WKR-PUB-003366,IE,LE-IE-SYNTH-001,ACTIVE,EMPLOYEE,PERMANENT,2017-04-04,,F,Sales,Dublin,CC-IE-003
HRIS-WKR-003367,WKR-PUB-003367,IE,LE-IE-SYNTH-001,ACTIVE,EMPLOYEE,PERMANENT,2021-07-01,,M,People,Cork,CC-IE-022
HRIS-WKR-003368,WKR-PUB-003368,IE,LE-IE-SYNTH-001,ACTIVE,EMPLOYEE,FIXED_TERM,2014-02-10,,M,Engineering,Remote-IE,CC-IE-025
HRIS-WKR-003369,WKR-PUB-003369,IE,LE-IE-SYNTH-001,ACTIVE,EMPLOYEE,PERMANENT,2020-08-09,,F,Engineering,Dublin,CC-IE-019
HRIS-WKR-003370,WKR-PUB-003370,IE,LE-IE-SYNTH-001,ACTIVE,EMPLOYEE,FIXED_TERM,2018-02-24,,F,Finance,Remote-IE,CC-IE-021
HRIS-WKR-003371,WKR-PUB-003371,IE,LE-IE-SYNTH-001,ACTIVE,EMPLOYEE,PERMANENT,2022-01-12,,F,Operations,Dublin,CC-IE-001
HRIS-WKR-003372,WKR-PUB-003372,IE,LE-IE-SYNTH-001,ACTIVE,EMPLOYEE,PERMANENT,2025-11-17,,F,Engineering,Dublin,CC-IE-022
HRIS-WKR-003373,WKR-PUB-003373,IE,LE-IE-SYNTH-001,ACTIVE,EMPLOYEE,PERMANENT,2020-11-29,,M,People,Galway,CC-IE-027
HRIS-WKR-003374,WKR-PUB-003374,IE,LE-IE-SYNTH-001,ACTIVE,EMPLOYEE,PERMANENT,2018-09-22,,M,Finance,Dublin,CC-IE-012
HRIS-WKR-003375,WKR-PUB-003375,IE,LE-IE-SYNTH-001,ACTIVE,EMPLOYEE,PERMANENT,2024-02-02,,NB,Operations,Limerick,CC-IE-004
HRIS-WKR-003376,WKR-PUB-003376,IE,LE-IE-SYNTH-001,ACTIVE,EMPLOYEE,PERMANENT,2015-11-29,,M,Operations,Dublin,CC-IE-033
HRIS-WKR-003377,WKR-PUB-003377,IE,LE-IE-SYNTH-001,ACTIVE,EMPLOYEE,APPRENTICE,2023-12-05,,,Engineering,Dublin,CC-IE-002
HRIS-WKR-003378,WKR-PUB-003378,IE,LE-IE-SYNTH-001,ACTIVE,EMPLOYEE,PERMANENT,2014-10-02,,M,People,Remote-IE,CC-IE-035
HRIS-WKR-003379,WKR-PUB-003379,IE,LE-IE-SYNTH-001,ACTIVE,EMPLOYEE,PERMANENT,2021-02-24,,M,Engineering,Dublin,CC-IE-008
HRIS-WKR-003380,WKR-PUB-003380,IE,LE-IE-SYNTH-001,ACTIVE,EMPLOYEE,PERMANENT,2021-07-17,,M,Engineering,Cork,CC-IE-031
HRIS-WKR-003381,WKR-PUB-003381,IE,LE-IE-SYNTH-001,ACTIVE,EMPLOYEE,PERMANENT,2020-03-14,,F,Technology,Dublin,CC-IE-022
HRIS-WKR-003382,WKR-PUB-003382,IE,LE-IE-SYNTH-001,ACTIVE,EMPLOYEE,PERMANENT,2023-04-10,,M,Operations,Galway,CC-IE-018
HRIS-WKR-003383,WKR-PUB-003383,IE,LE-IE-SYNTH-001,ACTIVE,EMPLOYEE,PERMANENT,2016-09-07,,M,Sales,Dublin,CC-IE-023
HRIS-WKR-003384,WKR-PUB-003384,IE,LE-IE-SYNTH-001,ACTIVE,EMPLOYEE,PERMANENT,2019-12-05,,M,Sales,Dublin,CC-IE-013
HRIS-WKR-003385,WKR-PUB-003385,IE,LE-IE-SYNTH-001,ACTIVE,EMPLOYEE,PERMANENT,2025-04-18,,M,Operations,Dublin,CC-IE-027
HRIS-WKR-003386,WKR-PUB-003386,IE,LE-IE-SYNTH-001,ACTIVE,EMPLOYEE,FIXED_TERM,2020-04-11,,NB,Engineering,Galway,CC-IE-020
HRIS-WKR-003387,WKR-PUB-003387,IE,LE-IE-SYNTH-001,ACTIVE,EMPLOYEE,PERMANENT,2019-08-09,,M,Sales,Dublin,CC-IE-004
HRIS-WKR-003388,WKR-PUB-003388,IE,LE-IE-SYNTH-001,TERMINATED,EMPLOYEE,PERMANENT,2016-02-13,2026-04-19,F,Operations,Dublin,CC-IE-022
HRIS-WKR-003389,WKR-PUB-003389,IE,LE-IE-SYNTH-001,ACTIVE,EMPLOYEE,PERMANENT,2014-05-20,,F,Technology,Dublin,CC-IE-002
HRIS-WKR-003390,WKR-PUB-003390,IE,LE-IE-SYNTH-001,ACTIVE,EMPLOYEE,PERMANENT,2018-02-25,,F,Sales,Dublin,CC-IE-005
HRIS-WKR-003391,WKR-PUB-003391,IE,LE-IE-SYNTH-001,ACTIVE,EMPLOYEE,PERMANENT,2017-03-13,,M,Operations,Remote-IE,CC-IE-011
HRIS-WKR-003392,WKR-PUB-003392,IE,LE-IE-SYNTH-001,ACTIVE,EMPLOYEE,PERMANENT,2023-08-23,,F,Operations,Dublin,CC-IE-005
HRIS-WKR-003393,WKR-PUB-003393,IE,LE-IE-SYNTH-001,ACTIVE,EMPLOYEE,PERMANENT,2014-04-25,,F,People,Dublin,CC-IE-025
HRIS-WKR-003394,WKR-PUB-003394,IE,LE-IE-SYNTH-001,ACTIVE,EMPLOYEE,PERMANENT,2017-02-12,,M,Sales,Limerick,CC-IE-030
HRIS-WKR-003395,WKR-PUB-003395,IE,LE-IE-SYNTH-001,ACTIVE,CONTRACTOR,PERMANENT,2022-02-02,,F,Technology,Galway,CC-IE-034
HRIS-WKR-003396,WKR-PUB-003396,IE,LE-IE-SYNTH-001,ACTIVE,EMPLOYEE,PERMANENT,2022-01-17,,M,Engineering,Dublin,CC-IE-028
HRIS-WKR-003397,WKR-PUB-003397,IE,LE-IE-SYNTH-001,ACTIVE,EMPLOYEE,PERMANENT,2023-11-23,,M,Finance,Cork,CC-IE-036
HRIS-WKR-003398,WKR-PUB-003398,IE,LE-IE-SYNTH-001,ACTIVE,EMPLOYEE,PERMANENT,2021-01-05,,,Sales,Dublin,CC-IE-028
HRIS-WKR-003399,WKR-PUB-003399,IE,LE-IE-SYNTH-001,ACTIVE,EMPLOYEE,FIXED_TERM,2017-09-25,,M,Engineering,Dublin,CC-IE-027
HRIS-WKR-003400,WKR-PUB-003400,IE,LE-IE-SYNTH-001,ACTIVE,EMPLOYEE,APPRENTICE,2018-11-12,,M,Finance,Dublin,CC-IE-007
HRIS-WKR-003401,WKR-PUB-003401,IE,LE-IE-SYNTH-001,ACTIVE,EMPLOYEE,PERMANENT,2022-05-02,,F,Operations,Dublin,CC-IE-027
HRIS-WKR-003402,WKR-PUB-003402,IE,LE-IE-SYNTH-001,ACTIVE,EMPLOYEE,PERMANENT,2018-04-28,,M,Engineering,Dublin,CC-IE-023
HRIS-WKR-003403,WKR-PUB-003403,IE,LE-IE-SYNTH-001,ACTIVE,EMPLOYEE,PERMANENT,2024-09-13,,M,Operations,Dublin,CC-IE-017
HRIS-WKR-003404,WKR-PUB-003404,IE,LE-IE-SYNTH-001,ACTIVE,EMPLOYEE,APPRENTICE,2015-11-18,,F,Operations,Dublin,CC-IE-022
HRIS-WKR-003405,WKR-PUB-003405,IE,LE-IE-SYNTH-001,ACTIVE,EMPLOYEE,APPRENTICE,2014-06-22,,F,Sales,Remote-IE,CC-IE-013
HRIS-WKR-003406,WKR-PUB-003406,IE,LE-IE-SYNTH-001,ACTIVE,EMPLOYEE,PERMANENT,2023-03-03,,F,Sales,Limerick,CC-IE-016
HRIS-WKR-003407,WKR-PUB-003407,IE,LE-IE-SYNTH-001,TERMINATED,EMPLOYEE,PERMANENT,2022-05-27,2026-07-04,F,Finance,Remote-IE,CC-IE-036
HRIS-WKR-003408,WKR-PUB-003408,IE,LE-IE-SYNTH-001,ACTIVE,EMPLOYEE,PERMANENT,2017-06-25,,F,Finance,Cork,CC-IE-011
HRIS-WKR-003409,WKR-PUB-003409,IE,LE-IE-SYNTH-001,ACTIVE,EMPLOYEE,PERMANENT,2022-10-16,,M,Technology,Dublin,CC-IE-031
HRIS-WKR-003410,WKR-PUB-003410,IE,LE-IE-SYNTH-001,ACTIVE,EMPLOYEE,PERMANENT,2015-07-06,,M,Sales,Cork,CC-IE-029
HRIS-WKR-003411,WKR-PUB-003411,IE,LE-IE-SYNTH-001,ACTIVE,EMPLOYEE,PERMANENT,2022-08-12,,M,Engineering,Dublin,CC-IE-011
HRIS-WKR-003412,WKR-PUB-003412,IE,LE-IE-SYNTH-001,ACTIVE,EMPLOYEE,PERMANENT,2018-08-16,,M,Operations,Dublin,CC-IE-032
HRIS-WKR-003413,WKR-PUB-003413,IE,LE-IE-SYNTH-001,ACTIVE,CONTRACTOR,FIXED_TERM,2022-11-17,,M,Sales,Dublin,CC-IE-027
HRIS-WKR-003414,WKR-PUB-003414,IE,LE-IE-SYNTH-001,ACTIVE,EMPLOYEE,PERMANENT,2024-11-18,,M,People,Cork,CC-IE-007
HRIS-WKR-003415,WKR-PUB-003415,IE,LE-IE-SYNTH-001,ACTIVE,EMPLOYEE,PERMANENT,2015-10-10,,F,Engineering,Dublin,CC-IE-015
HRIS-WKR-003416,WKR-PUB-003416,IE,LE-IE-SYNTH-001,ACTIVE,EMPLOYEE,PERMANENT,2022-09-25,,F,Operations,Dublin,CC-IE-029
HRIS-WKR-003417,WKR-PUB-003417,IE,LE-IE-SYNTH-001,ACTIVE,EMPLOYEE,PERMANENT,2015-01-09,,,Engineering,Cork,CC-IE-018
HRIS-WKR-003418,WKR-PUB-003418,IE,LE-IE-SYNTH-001,ACTIVE,EMPLOYEE,FIXED_TERM,2020-10-10,,M,Sales,Dublin,CC-IE-030
HRIS-WKR-003419,WKR-PUB-003419,IE,LE-IE-SYNTH-001,ACTIVE,EMPLOYEE,PERMANENT,2014-09-23,,M,Finance,Dublin,CC-IE-002
HRIS-WKR-003420,WKR-PUB-003420,IE,LE-IE-SYNTH-001,ACTIVE,EMPLOYEE,PERMANENT,2018-01-18,,M,Engineering,Limerick,CC-IE-024
HRIS-WKR-003421,WKR-PUB-003421,IE,LE-IE-SYNTH-001,ACTIVE,CONTRACTOR,PERMANENT,2025-11-12,,F,Technology,Dublin,CC-IE-028
HRIS-WKR-003422,WKR-PUB-003422,IE,LE-IE-SYNTH-001,ACTIVE,EMPLOYEE,PERMANENT,2021-08-10,,F,Finance,Limerick,CC-IE-025
HRIS-WKR-003423,WKR-PUB-003423,IE,LE-IE-SYNTH-001,ACTIVE,CONTRACTOR,PERMANENT,2020-11-10,,M,People,Galway,CC-IE-003
HRIS-WKR-003424,WKR-PUB-003424,IE,LE-IE-SYNTH-001,ACTIVE,EMPLOYEE,PERMANENT,2025-10-07,,F,Engineering,Limerick,CC-IE-005
HRIS-WKR-003425,WKR-PUB-003425,IE,LE-IE-SYNTH-001,ACTIVE,EMPLOYEE,FIXED_TERM,2015-11-01,,F,Engineering,Dublin,CC-IE-014
HRIS-WKR-003426,WKR-PUB-003426,IE,LE-IE-SYNTH-001,ACTIVE,EMPLOYEE,FIXED_TERM,2023-08-10,,F,Technology,Dublin,CC-IE-038
HRIS-WKR-003427,WKR-PUB-003427,IE,LE-IE-SYNTH-001,ACTIVE,EMPLOYEE,PERMANENT,2015-08-11,,M,People,Dublin,CC-IE-026
HRIS-WKR-003428,WKR-PUB-003428,IE,LE-IE-SYNTH-001,ACTIVE,EMPLOYEE,PERMANENT,2018-06-26,,F,Technology,Remote-IE,CC-IE-023
HRIS-WKR-003429,WKR-PUB-003429,IE,LE-IE-SYNTH-001,ACTIVE,EMPLOYEE,PERMANENT,2014-09-12,,M,Finance,Dublin,CC-IE-035
HRIS-WKR-003430,WKR-PUB-003430,IE,LE-IE-SYNTH-001,ACTIVE,CONTRACTOR,FIXED_TERM,2014-03-09,,F,Technology,Remote-IE,CC-IE-035
HRIS-WKR-003431,WKR-PUB-003431,IE,LE-IE-SYNTH-001,ACTIVE,EMPLOYEE,APPRENTICE,2019-03-24,,M,Engineering,Remote-IE,CC-IE-033
HRIS-WKR-003432,WKR-PUB-003432,IE,LE-IE-SYNTH-001,ACTIVE,CONTRACTOR,PERMANENT,2023-07-27,,M,People,Dublin,CC-IE-039
HRIS-WKR-003433,WKR-PUB-003433,IE,LE-IE-SYNTH-001,ACTIVE,EMPLOYEE,FIXED_TERM,2021-04-28,,M,Engineering,Dublin,CC-IE-020
HRIS-WKR-003434,WKR-PUB-003434,IE,LE-IE-SYNTH-001,ACTIVE,EMPLOYEE,PERMANENT,2019-09-01,,M,Sales,Dublin,CC-IE-024
HRIS-WKR-003435,WKR-PUB-003435,IE,LE-IE-SYNTH-001,ACTIVE,EMPLOYEE,PERMANENT,2016-11-21,,M,Engineering,Cork,CC-IE-020
HRIS-WKR-003436,WKR-PUB-003436,IE,LE-IE-SYNTH-001,ACTIVE,EMPLOYEE,PERMANENT,2021-08-30,,F,Sales,Remote-IE,CC-IE-026
HRIS-WKR-003437,WKR-PUB-003437,IE,LE-IE-SYNTH-001,ACTIVE,EMPLOYEE,PERMANENT,2021-03-23,,M,Finance,Remote-IE,CC-IE-005
HRIS-WKR-003438,WKR-PUB-003438,IE,LE-IE-SYNTH-001,ACTIVE,EMPLOYEE,PERMANENT,2018-06-15,,F,Engineering,Galway,CC-IE-025
HRIS-WKR-003439,WKR-PUB-003439,IE,LE-IE-SYNTH-001,ACTIVE,EMPLOYEE,PERMANENT,2018-11-17,,F,Finance,Dublin,CC-IE-040
HRIS-WKR-003440,WKR-PUB-003440,IE,LE-IE-SYNTH-001,ACTIVE,CONTRACTOR,PERMANENT,2021-04-21,,F,Operations,Dublin,CC-IE-039
HRIS-WKR-003441,WKR-PUB-003441,IE,LE-IE-SYNTH-001,ACTIVE,EMPLOYEE,PERMANENT,2016-09-17,,M,Operations,Dublin,CC-IE-003
HRIS-WKR-003442,WKR-PUB-003442,IE,LE-IE-SYNTH-001,ACTIVE,EMPLOYEE,PERMANENT,2014-04-06,,,Engineering,Remote-IE,CC-IE-026
HRIS-WKR-003443,WKR-PUB-003443,IE,LE-IE-SYNTH-001,ACTIVE,EMPLOYEE,PERMANENT,2020-06-25,,M,Engineering,Dublin,CC-IE-038
HRIS-WKR-003444,WKR-PUB-003444,IE,LE-IE-SYNTH-001,ACTIVE,EMPLOYEE,PERMANENT,2020-09-06,,F,Operations,Dublin,CC-IE-033
HRIS-WKR-003445,WKR-PUB-003445,IE,LE-IE-SYNTH-001,ACTIVE,CONTRACTOR,PERMANENT,2019-12-06,,F,People,Remote-IE,CC-IE-007
HRIS-WKR-003446,WKR-PUB-003446,IE,LE-IE-SYNTH-001,ACTIVE,EMPLOYEE,PERMANENT,2022-06-05,,F,Engineering,Remote-IE,CC-IE-009
HRIS-WKR-003447,WKR-PUB-003447,IE,LE-IE-SYNTH-001,TERMINATED,EMPLOYEE,PERMANENT,2017-03-30,2026-09-28,F,Technology,Remote-IE,CC-IE-032
HRIS-WKR-003448,WKR-PUB-003448,IE,LE-IE-SYNTH-001,ACTIVE,EMPLOYEE,FIXED_TERM,2022-11-20,,M,Operations,Dublin,CC-IE-022
HRIS-WKR-003449,WKR-PUB-003449,IE,LE-IE-SYNTH-001,ACTIVE,EMPLOYEE,PERMANENT,2016-04-25,,F,Engineering,Dublin,CC-IE-038
HRIS-WKR-003450,WKR-PUB-003450,IE,LE-IE-SYNTH-001,ACTIVE,EMPLOYEE,APPRENTICE,2023-12-23,,NB,Engineering,Remote-IE,CC-IE-025
HRIS-WKR-003451,WKR-PUB-003451,IE,LE-IE-SYNTH-001,ACTIVE,EMPLOYEE,PERMANENT,2025-10-15,,M,Sales,Dublin,CC-IE-022
HRIS-WKR-003452,WKR-PUB-003452,IE,LE-IE-SYNTH-001,ACTIVE,EMPLOYEE,PERMANENT,2020-01-25,,M,Operations,Dublin,CC-IE-013
HRIS-WKR-003453,WKR-PUB-003453,IE,LE-IE-SYNTH-001,ACTIVE,EMPLOYEE,PERMANENT,2016-08-02,,F,People,Limerick,CC-IE-028
HRIS-WKR-003454,WKR-PUB-003454,IE,LE-IE-SYNTH-001,ACTIVE,EMPLOYEE,PERMANENT,2017-09-09,,M,Operations,Cork,CC-IE-029
HRIS-WKR-003455,WKR-PUB-003455,IE,LE-IE-SYNTH-001,ACTIVE,EMPLOYEE,PERMANENT,2019-05-30,,F,Sales,Dublin,CC-IE-017
HRIS-WKR-003456,WKR-PUB-003456,IE,LE-IE-SYNTH-001,ACTIVE,EMPLOYEE,FIXED_TERM,2025-03-28,,M,Technology,Remote-IE,CC-IE-031
HRIS-WKR-003457,WKR-PUB-003457,IE,LE-IE-SYNTH-001,ACTIVE,EMPLOYEE,PERMANENT,2023-07-25,,M,People,Dublin,CC-IE-016
HRIS-WKR-003458,WKR-PUB-003458,IE,LE-IE-SYNTH-001,ACTIVE,CONTRACTOR,PERMANENT,2020-02-26,,F,Sales,Cork,CC-IE-012
HRIS-WKR-003459,WKR-PUB-003459,IE,LE-IE-SYNTH-001,ACTIVE,EMPLOYEE,APPRENTICE,2019-07-10,,M,Finance,Cork,CC-IE-016
HRIS-WKR-003460,WKR-PUB-003460,IE,LE-IE-SYNTH-001,ACTIVE,EMPLOYEE,PERMANENT,2016-02-23,,F,Technology,Remote-IE,CC-IE-037
HRIS-WKR-003461,WKR-PUB-003461,IE,LE-IE-SYNTH-001,ACTIVE,EMPLOYEE,PERMANENT,2018-10-09,,M,Engineering,Dublin,CC-IE-011
HRIS-WKR-003462,WKR-PUB-003462,IE,LE-IE-SYNTH-001,ACTIVE,CONTRACTOR,FIXED_TERM,2025-07-23,,F,Engineering,Dublin,CC-IE-029
HRIS-WKR-003463,WKR-PUB-003463,IE,LE-IE-SYNTH-001,ACTIVE,EMPLOYEE,PERMANENT,2017-01-26,,M,Sales,Cork,CC-IE-006
HRIS-WKR-003464,WKR-PUB-003464,IE,LE-IE-SYNTH-001,ACTIVE,EMPLOYEE,PERMANENT,2017-05-26,,F,People,Cork,CC-IE-024
HRIS-WKR-003465,WKR-PUB-003465,IE,LE-IE-SYNTH-001,ACTIVE,EMPLOYEE,PERMANENT,2016-11-03,,F,Technology,Remote-IE,CC-IE-031
HRIS-WKR-003466,WKR-PUB-003466,IE,LE-IE-SYNTH-001,ACTIVE,EMPLOYEE,FIXED_TERM,2025-07-28,,M,Technology,Dublin,CC-IE-024
HRIS-WKR-003467,WKR-PUB-003467,IE,LE-IE-SYNTH-001,ACTIVE,EMPLOYEE,PERMANENT,2021-08-27,,F,Engineering,Dublin,CC-IE-016
HRIS-WKR-003468,WKR-PUB-003468,IE,LE-IE-SYNTH-001,ACTIVE,EMPLOYEE,PERMANENT,2022-01-20,,M,Engineering,Dublin,CC-IE-022
HRIS-WKR-003469,WKR-PUB-003469,IE,LE-IE-SYNTH-001,ACTIVE,EMPLOYEE,PERMANENT,2021-09-20,,M,Sales,Limerick,CC-IE-032
HRIS-WKR-003470,WKR-PUB-003470,IE,LE-IE-SYNTH-001,ACTIVE,EMPLOYEE,PERMANENT,2021-12-15,,F,Operations,Dublin,CC-IE-009
HRIS-WKR-003471,WKR-PUB-003471,IE,LE-IE-SYNTH-001,ACTIVE,EMPLOYEE,PERMANENT,2015-01-19,,,People,Cork,CC-IE-010
HRIS-WKR-003472,WKR-PUB-003472,IE,LE-IE-SYNTH-001,ACTIVE,EMPLOYEE,PERMANENT,2019-12-30,,M,Finance,Dublin,CC-IE-039
HRIS-WKR-003473,WKR-PUB-003473,IE,LE-IE-SYNTH-001,ACTIVE,EMPLOYEE,PERMANENT,2019-08-17,,M,Operations,Dublin,CC-IE-004
HRIS-WKR-003474,WKR-PUB-003474,IE,LE-IE-SYNTH-001,ACTIVE,EMPLOYEE,PERMANENT,2017-12-13,,F,Sales,Galway,CC-IE-002
HRIS-WKR-003475,WKR-PUB-003475,IE,LE-IE-SYNTH-001,ACTIVE,EMPLOYEE,FIXED_TERM,2022-03-10,,F,People,Dublin,CC-IE-039
HRIS-WKR-003476,WKR-PUB-003476,IE,LE-IE-SYNTH-001,ACTIVE,EMPLOYEE,PERMANENT,2024-01-25,,F,Operations,Cork,CC-IE-018
HRIS-WKR-003477,WKR-PUB-003477,IE,LE-IE-SYNTH-001,ACTIVE,CONTRACTOR,FIXED_TERM,2018-09-19,,M,Engineering,Dublin,CC-IE-020
HRIS-WKR-003478,WKR-PUB-003478,IE,LE-IE-SYNTH-001,ACTIVE,EMPLOYEE,PERMANENT,2018-04-06,,M,Engineering,Limerick,CC-IE-018
HRIS-WKR-003479,WKR-PUB-003479,IE,LE-IE-SYNTH-001,ACTIVE,EMPLOYEE,FIXED_TERM,2020-04-04,,F,People,Dublin,CC-IE-036
HRIS-WKR-003480,WKR-PUB-003480,IE,LE-IE-SYNTH-001,ACTIVE,EMPLOYEE,PERMANENT,2021-11-18,,F,Sales,Remote-IE,CC-IE-002
HRIS-WKR-003481,WKR-PUB-003481,IE,LE-IE-SYNTH-001,ACTIVE,EMPLOYEE,PERMANENT,2025-04-08,,M,Sales,Dublin,CC-IE-019
HRIS-WKR-003482,WKR-PUB-003482,IE,LE-IE-SYNTH-001,ACTIVE,EMPLOYEE,PERMANENT,2017-06-03,,F,Engineering,Dublin,CC-IE-035
HRIS-WKR-003483,WKR-PUB-003483,IE,LE-IE-SYNTH-001,ACTIVE,CONTRACTOR,FIXED_TERM,2023-02-25,,M,Engineering,Galway,CC-IE-009
HRIS-WKR-003484,WKR-PUB-003484,IE,LE-IE-SYNTH-001,ACTIVE,EMPLOYEE,PERMANENT,2017-07-08,,M,Engineering,Dublin,CC-IE-014
HRIS-WKR-003485,WKR-PUB-003485,IE,LE-IE-SYNTH-001,ACTIVE,EMPLOYEE,FIXED_TERM,2020-04-03,,M,Engineering,Cork,CC-IE-037
HRIS-WKR-003486,WKR-PUB-003486,IE,LE-IE-SYNTH-001,ACTIVE,EMPLOYEE,PERMANENT,2022-12-27,,NB,Engineering,Dublin,CC-IE-032
HRIS-WKR-003487,WKR-PUB-003487,IE,LE-IE-SYNTH-001,ACTIVE,EMPLOYEE,PERMANENT,2021-09-20,,F,Technology,Dublin,CC-IE-019
HRIS-WKR-003488,WKR-PUB-003488,IE,LE-IE-SYNTH-001,ACTIVE,EMPLOYEE,PERMANENT,2019-05-05,,F,Technology,Galway,CC-IE-009
HRIS-WKR-003489,WKR-PUB-003489,IE,LE-IE-SYNTH-001,ACTIVE,EMPLOYEE,PERMANENT,2021-11-01,,M,Engineering,Cork,CC-IE-006
HRIS-WKR-003490,WKR-PUB-003490,IE,LE-IE-SYNTH-001,ACTIVE,EMPLOYEE,PERMANENT,2021-02-01,,M,Technology,Dublin,CC-IE-019
HRIS-WKR-003491,WKR-PUB-003491,IE,LE-IE-SYNTH-001,ACTIVE,EMPLOYEE,PERMANENT,2021-04-23,,M,Operations,Dublin,CC-IE-020
HRIS-WKR-003492,WKR-PUB-003492,IE,LE-IE-SYNTH-001,ACTIVE,EMPLOYEE,PERMANENT,2023-07-24,,M,Operations,Remote-IE,CC-IE-022
HRIS-WKR-003493,WKR-PUB-003493,IE,LE-IE-SYNTH-001,ACTIVE,CONTRACTOR,PERMANENT,2021-09-01,,F,Sales,Dublin,CC-IE-006
HRIS-WKR-003494,WKR-PUB-003494,IE,LE-IE-SYNTH-001,ACTIVE,EMPLOYEE,PERMANENT,2020-10-05,,M,Engineering,Cork,CC-IE-015
HRIS-WKR-003495,WKR-PUB-003495,IE,LE-IE-SYNTH-001,ACTIVE,EMPLOYEE,PERMANENT,2015-04-12,,F,Operations,Galway,CC-IE-039
HRIS-WKR-003496,WKR-PUB-003496,IE,LE-IE-SYNTH-001,ACTIVE,EMPLOYEE,PERMANENT,2023-06-01,,M,Operations,Dublin,CC-IE-034
HRIS-WKR-003497,WKR-PUB-003497,IE,LE-IE-SYNTH-001,ACTIVE,CONTRACTOR,PERMANENT,2021-08-01,,M,Engineering,Galway,CC-IE-031
HRIS-WKR-003498,WKR-PUB-003498,IE,LE-IE-SYNTH-001,ACTIVE,CONTRACTOR,PERMANENT,2017-11-28,,F,People,Dublin,CC-IE-027
HRIS-WKR-003499,WKR-PUB-003499,IE,LE-IE-SYNTH-001,ACTIVE,EMPLOYEE,PERMANENT,2026-01-29,,M,Engineering,Cork,CC-IE-039
HRIS-WKR-003500,WKR-PUB-003500,IE,LE-IE-SYNTH-001,ACTIVE,EMPLOYEE,PERMANENT,2015-11-02,,,Sales,Dublin,CC-IE-018
HRIS-WKR-003501,WKR-PUB-003501,IE,LE-IE-SYNTH-001,ACTIVE,EMPLOYEE,PERMANENT,2018-10-14,,F,People,Dublin,CC-IE-040
HRIS-WKR-003502,WKR-PUB-003502,IE,LE-IE-SYNTH-001,ACTIVE,EMPLOYEE,PERMANENT,2019-09-20,,F,People,Limerick,CC-IE-030
HRIS-WKR-003503,WKR-PUB-003503,IE,LE-IE-SYNTH-001,TERMINATED,EMPLOYEE,PERMANENT,2019-02-21,2026-11-03,F,Engineering,Dublin,CC-IE-029
HRIS-WKR-003504,WKR-PUB-003504,IE,LE-IE-SYNTH-001,ACTIVE,EMPLOYEE,PERMANENT,2024-07-11,,F,Operations,Dublin,CC-IE-020
HRIS-WKR-003505,WKR-PUB-003505,IE,LE-IE-SYNTH-001,ACTIVE,EMPLOYEE,PERMANENT,2019-11-23,,M,Sales,Dublin,CC-IE-013
HRIS-WKR-003506,WKR-PUB-003506,IE,LE-IE-SYNTH-001,ACTIVE,EMPLOYEE,PERMANENT,2022-11-22,,F,Finance,Dublin,CC-IE-002
HRIS-WKR-003507,WKR-PUB-003507,IE,LE-IE-SYNTH-001,ACTIVE,EMPLOYEE,PERMANENT,2016-08-31,,F,Technology,Dublin,CC-IE-029
HRIS-WKR-003508,WKR-PUB-003508,IE,LE-IE-SYNTH-001,TERMINATED,EMPLOYEE,PERMANENT,2024-10-29,2026-08-31,M,Finance,Dublin,CC-IE-037
HRIS-WKR-003509,WKR-PUB-003509,IE,LE-IE-SYNTH-001,ACTIVE,EMPLOYEE,PERMANENT,2015-10-05,,F,Sales,Cork,CC-IE-002
HRIS-WKR-003510,WKR-PUB-003510,IE,LE-IE-SYNTH-001,ACTIVE,EMPLOYEE,APPRENTICE,2023-02-26,,M,Sales,Limerick,CC-IE-014
HRIS-WKR-003511,WKR-PUB-003511,IE,LE-IE-SYNTH-001,ACTIVE,EMPLOYEE,PERMANENT,2018-12-17,,M,Engineering,Cork,CC-IE-001
HRIS-WKR-003512,WKR-PUB-003512,IE,LE-IE-SYNTH-001,ACTIVE,EMPLOYEE,PERMANENT,2021-09-21,,F,Engineering,Dublin,CC-IE-004
HRIS-WKR-003513,WKR-PUB-003513,IE,LE-IE-SYNTH-001,ACTIVE,CONTRACTOR,FIXED_TERM,2025-07-06,,F,Engineering,Limerick,CC-IE-007
HRIS-WKR-003514,WKR-PUB-003514,IE,LE-IE-SYNTH-001,ACTIVE,EMPLOYEE,PERMANENT,2017-03-15,,F,Sales,Dublin,CC-IE-037
HRIS-WKR-003515,WKR-PUB-003515,IE,LE-IE-SYNTH-001,ACTIVE,EMPLOYEE,FIXED_TERM,2018-07-23,,F,People,Dublin,CC-IE-013
HRIS-WKR-003516,WKR-PUB-003516,IE,LE-IE-SYNTH-001,ACTIVE,EMPLOYEE,PERMANENT,2018-01-16,,F,Technology,Dublin,CC-IE-027
HRIS-WKR-003517,WKR-PUB-003517,IE,LE-IE-SYNTH-001,ACTIVE,EMPLOYEE,PERMANENT,2022-08-11,,M,People,Dublin,CC-IE-030
HRIS-WKR-003518,WKR-PUB-003518,IE,LE-IE-SYNTH-001,ACTIVE,EMPLOYEE,PERMANENT,2025-10-24,,UNDISCLOSED,Engineering,Galway,CC-IE-005
HRIS-WKR-003519,WKR-PUB-003519,IE,LE-IE-SYNTH-001,ACTIVE,EMPLOYEE,FIXED_TERM,2014-06-01,,F,Engineering,Remote-IE,CC-IE-024
HRIS-WKR-003520,WKR-PUB-003520,IE,LE-IE-SYNTH-001,ACTIVE,EMPLOYEE,PERMANENT,2018-12-24,,,Finance,Dublin,CC-IE-010
HRIS-WKR-003521,WKR-PUB-003521,IE,LE-IE-SYNTH-001,ACTIVE,EMPLOYEE,APPRENTICE,2020-05-18,,F,Sales,Limerick,CC-IE-016
HRIS-WKR-003522,WKR-PUB-003522,IE,LE-IE-SYNTH-001,ACTIVE,EMPLOYEE,PERMANENT,2016-09-15,,M,Sales,Remote-IE,CC-IE-016
HRIS-WKR-003523,WKR-PUB-003523,IE,LE-IE-SYNTH-001,ACTIVE,EMPLOYEE,PERMANENT,2025-03-23,,M,Engineering,Dublin,CC-IE-015
HRIS-WKR-003524,WKR-PUB-003524,IE,LE-IE-SYNTH-001,ACTIVE,CONTRACTOR,PERMANENT,2019-02-02,,M,Engineering,Dublin,CC-IE-040
HRIS-WKR-003525,WKR-PUB-003525,IE,LE-IE-SYNTH-001,ACTIVE,EMPLOYEE,PERMANENT,2018-11-29,,F,Engineering,Galway,CC-IE-007
HRIS-WKR-003526,WKR-PUB-003526,IE,LE-IE-SYNTH-001,ACTIVE,EMPLOYEE,PERMANENT,2017-07-02,,M,Sales,Dublin,CC-IE-017
HRIS-WKR-003527,WKR-PUB-003527,IE,LE-IE-SYNTH-001,ACTIVE,EMPLOYEE,PERMANENT,2018-04-20,,UNDISCLOSED,Sales,Cork,CC-IE-012
HRIS-WKR-003528,WKR-PUB-003528,IE,LE-IE-SYNTH-001,ACTIVE,EMPLOYEE,PERMANENT,2018-02-15,,M,Operations,Dublin,CC-IE-033
HRIS-WKR-003529,WKR-PUB-003529,IE,LE-IE-SYNTH-001,ACTIVE,EMPLOYEE,PERMANENT,2023-10-01,,F,Technology,Dublin,CC-IE-010
HRIS-WKR-003530,WKR-PUB-003530,IE,LE-IE-SYNTH-001,ACTIVE,EMPLOYEE,PERMANENT,2020-03-07,,M,Finance,Remote-IE,CC-IE-016
HRIS-WKR-003531,WKR-PUB-003531,IE,LE-IE-SYNTH-001,ACTIVE,EMPLOYEE,PERMANENT,2019-02-26,,M,Sales,Remote-IE,CC-IE-025
HRIS-WKR-003532,WKR-PUB-003532,IE,LE-IE-SYNTH-001,ACTIVE,EMPLOYEE,PERMANENT,2020-01-27,,,Sales,Dublin,CC-IE-036
HRIS-WKR-003533,WKR-PUB-003533,IE,LE-IE-SYNTH-001,ACTIVE,EMPLOYEE,FIXED_TERM,2018-08-02,,F,Engineering,Cork,CC-IE-032
HRIS-WKR-003534,WKR-PUB-003534,IE,LE-IE-SYNTH-001,ACTIVE,EMPLOYEE,PERMANENT,2018-02-12,,M,People,Dublin,CC-IE-026
HRIS-WKR-003535,WKR-PUB-003535,IE,LE-IE-SYNTH-001,ACTIVE,EMPLOYEE,PERMANENT,2018-08-18,,F,Finance,Galway,CC-IE-033
HRIS-WKR-003536,WKR-PUB-003536,IE,LE-IE-SYNTH-001,ACTIVE,EMPLOYEE,PERMANENT,2020-07-20,,F,People,Limerick,CC-IE-008
HRIS-WKR-003537,WKR-PUB-003537,IE,LE-IE-SYNTH-001,TERMINATED,EMPLOYEE,PERMANENT,2015-08-28,2026-03-04,M,Operations,Dublin,CC-IE-009
HRIS-WKR-003538,WKR-PUB-003538,IE,LE-IE-SYNTH-001,ACTIVE,EMPLOYEE,PERMANENT,2025-01-22,,M,Operations,Dublin,CC-IE-002
HRIS-WKR-003539,WKR-PUB-003539,IE,LE-IE-SYNTH-001,ACTIVE,EMPLOYEE,PERMANENT,2023-07-16,,M,Finance,Dublin,CC-IE-016
HRIS-WKR-003540,WKR-PUB-003540,IE,LE-IE-SYNTH-001,ACTIVE,EMPLOYEE,PERMANENT,2018-05-30,,M,Technology,Cork,CC-IE-014
HRIS-WKR-003541,WKR-PUB-003541,IE,LE-IE-SYNTH-001,ACTIVE,EMPLOYEE,FIXED_TERM,2017-11-11,,F,Engineering,Cork,CC-IE-019
HRIS-WKR-003542,WKR-PUB-003542,IE,LE-IE-SYNTH-001,ACTIVE,EMPLOYEE,PERMANENT,2019-08-07,,M,Finance,Dublin,CC-IE-002
HRIS-WKR-003543,WKR-PUB-003543,IE,LE-IE-SYNTH-001,TERMINATED,EMPLOYEE,PERMANENT,2019-04-21,2026-09-27,M,Engineering,Dublin,CC-IE-038
HRIS-WKR-003544,WKR-PUB-003544,IE,LE-IE-SYNTH-001,ACTIVE,EMPLOYEE,PERMANENT,2023-07-22,,M,Operations,Galway,CC-IE-027
HRIS-WKR-003545,WKR-PUB-003545,IE,LE-IE-SYNTH-001,ACTIVE,EMPLOYEE,FIXED_TERM,2016-07-08,,M,Technology,Dublin,CC-IE-014
HRIS-WKR-003546,WKR-PUB-003546,IE,LE-IE-SYNTH-001,ACTIVE,EMPLOYEE,PERMANENT,2017-06-30,,M,Technology,Limerick,CC-IE-029
HRIS-WKR-003547,WKR-PUB-003547,IE,LE-IE-SYNTH-001,ACTIVE,EMPLOYEE,FIXED_TERM,2021-11-24,,M,Engineering,Dublin,CC-IE-016
HRIS-WKR-003548,WKR-PUB-003548,IE,LE-IE-SYNTH-001,ACTIVE,CONTRACTOR,PERMANENT,2024-08-08,,M,Sales,Dublin,CC-IE-016
HRIS-WKR-003549,WKR-PUB-003549,IE,LE-IE-SYNTH-001,ACTIVE,EMPLOYEE,PERMANENT,2019-12-14,,M,Engineering,Remote-IE,CC-IE-012
HRIS-WKR-003550,WKR-PUB-003550,IE,LE-IE-SYNTH-001,ACTIVE,EMPLOYEE,PERMANENT,2019-02-05,,F,People,Remote-IE,CC-IE-013
HRIS-WKR-003551,WKR-PUB-003551,IE,LE-IE-SYNTH-001,ACTIVE,EMPLOYEE,PERMANENT,2014-05-07,,F,Engineering,Dublin,CC-IE-006
HRIS-WKR-003552,WKR-PUB-003552,IE,LE-IE-SYNTH-001,ACTIVE,EMPLOYEE,PERMANENT,2016-06-15,,M,Technology,Dublin,CC-IE-038
HRIS-WKR-003553,WKR-PUB-003553,IE,LE-IE-SYNTH-001,ACTIVE,EMPLOYEE,PERMANENT,2023-10-05,,F,Engineering,Dublin,CC-IE-016
HRIS-WKR-003554,WKR-PUB-003554,IE,LE-IE-SYNTH-001,ACTIVE,EMPLOYEE,PERMANENT,2023-06-07,,M,Operations,Dublin,CC-IE-034
HRIS-WKR-003555,WKR-PUB-003555,IE,LE-IE-SYNTH-001,ACTIVE,EMPLOYEE,PERMANENT,2017-02-02,,F,Sales,Dublin,CC-IE-010
HRIS-WKR-003556,WKR-PUB-003556,IE,LE-IE-SYNTH-001,ACTIVE,EMPLOYEE,FIXED_TERM,2018-11-15,,M,Operations,Galway,CC-IE-008
HRIS-WKR-003557,WKR-PUB-003557,IE,LE-IE-SYNTH-001,TERMINATED,EMPLOYEE,PERMANENT,2026-01-18,2026-07-04,F,Sales,Dublin,CC-IE-018
HRIS-WKR-003558,WKR-PUB-003558,IE,LE-IE-SYNTH-001,ACTIVE,EMPLOYEE,FIXED_TERM,2020-05-31,,M,Engineering,Cork,CC-IE-040
HRIS-WKR-003559,WKR-PUB-003559,IE,LE-IE-SYNTH-001,ACTIVE,EMPLOYEE,PERMANENT,2018-08-20,,M,Engineering,Galway,CC-IE-002
HRIS-WKR-003560,WKR-PUB-003560,IE,LE-IE-SYNTH-001,ACTIVE,EMPLOYEE,PERMANENT,2016-02-05,,M,Operations,Cork,CC-IE-022
HRIS-WKR-003561,WKR-PUB-003561,IE,LE-IE-SYNTH-001,ACTIVE,EMPLOYEE,FIXED_TERM,2019-06-27,,F,Operations,Dublin,CC-IE-018
HRIS-WKR-003562,WKR-PUB-003562,IE,LE-IE-SYNTH-001,ACTIVE,EMPLOYEE,PERMANENT,2017-03-11,,M,Engineering,Limerick,CC-IE-014
HRIS-WKR-003563,WKR-PUB-003563,IE,LE-IE-SYNTH-001,ACTIVE,EMPLOYEE,PERMANENT,2025-01-15,,M,Engineering,Dublin,CC-IE-030
HRIS-WKR-003564,WKR-PUB-003564,IE,LE-IE-SYNTH-001,ACTIVE,CONTRACTOR,PERMANENT,2021-02-17,,M,Sales,Dublin,CC-IE-011
HRIS-WKR-003565,WKR-PUB-003565,IE,LE-IE-SYNTH-001,ACTIVE,EMPLOYEE,PERMANENT,2025-09-04,,M,Operations,Limerick,CC-IE-009
HRIS-WKR-003566,WKR-PUB-003566,IE,LE-IE-SYNTH-001,ACTIVE,EMPLOYEE,APPRENTICE,2019-01-21,,F,Sales,Dublin,CC-IE-006
HRIS-WKR-003567,WKR-PUB-003567,IE,LE-IE-SYNTH-001,ACTIVE,EMPLOYEE,PERMANENT,2017-03-07,,M,Operations,Remote-IE,CC-IE-009
HRIS-WKR-003568,WKR-PUB-003568,IE,LE-IE-SYNTH-001,ACTIVE,EMPLOYEE,PERMANENT,2024-01-09,,F,Engineering,Cork,CC-IE-024
HRIS-WKR-003569,WKR-PUB-003569,IE,LE-IE-SYNTH-001,ACTIVE,EMPLOYEE,PERMANENT,2021-04-28,,M,Finance,Dublin,CC-IE-018
HRIS-WKR-003570,WKR-PUB-003570,IE,LE-IE-SYNTH-001,ACTIVE,CONTRACTOR,PERMANENT,2021-06-15,,M,Operations,Remote-IE,CC-IE-026
HRIS-WKR-003571,WKR-PUB-003571,IE,LE-IE-SYNTH-001,ACTIVE,EMPLOYEE,PERMANENT,2015-09-05,,F,Sales,Cork,CC-IE-031
HRIS-WKR-003572,WKR-PUB-003572,IE,LE-IE-SYNTH-001,ACTIVE,EMPLOYEE,PERMANENT,2021-02-08,,F,Sales,Remote-IE,CC-IE-015
HRIS-WKR-003573,WKR-PUB-003573,IE,LE-IE-SYNTH-001,ACTIVE,EMPLOYEE,FIXED_TERM,2023-01-31,,F,Sales,Dublin,CC-IE-006
HRIS-WKR-003574,WKR-PUB-003574,IE,LE-IE-SYNTH-001,ACTIVE,EMPLOYEE,PERMANENT,2014-05-04,,M,Engineering,Dublin,CC-IE-009
HRIS-WKR-003575,WKR-PUB-003575,IE,LE-IE-SYNTH-001,ACTIVE,EMPLOYEE,PERMANENT,2015-12-27,,F,People,Dublin,CC-IE-001
HRIS-WKR-003576,WKR-PUB-003576,IE,LE-IE-SYNTH-001,ACTIVE,EMPLOYEE,PERMANENT,2020-04-29,,M,Technology,Dublin,CC-IE-012
HRIS-WKR-003577,WKR-PUB-003577,IE,LE-IE-SYNTH-001,ACTIVE,EMPLOYEE,PERMANENT,2016-06-30,,M,Operations,Dublin,CC-IE-027
HRIS-WKR-003578,WKR-PUB-003578,IE,LE-IE-SYNTH-001,ACTIVE,CONTRACTOR,PERMANENT,2021-10-09,,F,Sales,Dublin,CC-IE-039
HRIS-WKR-003579,WKR-PUB-003579,IE,LE-IE-SYNTH-001,ACTIVE,EMPLOYEE,PERMANENT,2022-07-05,,F,Sales,Galway,CC-IE-031
HRIS-WKR-003580,WKR-PUB-003580,IE,LE-IE-SYNTH-001,ACTIVE,EMPLOYEE,FIXED_TERM,2024-12-08,,,Finance,Dublin,CC-IE-014
HRIS-WKR-003581,WKR-PUB-003581,IE,LE-IE-SYNTH-001,ACTIVE,EMPLOYEE,APPRENTICE,2025-02-26,,M,Sales,Dublin,CC-IE-028
HRIS-WKR-003582,WKR-PUB-003582,IE,LE-IE-SYNTH-001,ACTIVE,EMPLOYEE,FIXED_TERM,2025-11-08,,F,People,Dublin,CC-IE-011
HRIS-WKR-003583,WKR-PUB-003583,IE,LE-IE-SYNTH-001,ACTIVE,EMPLOYEE,PERMANENT,2023-12-23,,M,Finance,Galway,CC-IE-030
HRIS-WKR-003584,WKR-PUB-003584,IE,LE-IE-SYNTH-001,ACTIVE,EMPLOYEE,PERMANENT,2017-02-25,,M,Operations,Remote-IE,CC-IE-028
HRIS-WKR-003585,WKR-PUB-003585,IE,LE-IE-SYNTH-001,ACTIVE,EMPLOYEE,PERMANENT,2020-03-15,,F,Operations,Cork,CC-IE-022
HRIS-WKR-003586,WKR-PUB-003586,IE,LE-IE-SYNTH-001,ACTIVE,EMPLOYEE,FIXED_TERM,2019-05-17,,M,Sales,Galway,CC-IE-010
HRIS-WKR-003587,WKR-PUB-003587,IE,LE-IE-SYNTH-001,ACTIVE,EMPLOYEE,FIXED_TERM,2021-09-11,,M,Engineering,Dublin,CC-IE-015
HRIS-WKR-003588,WKR-PUB-003588,IE,LE-IE-SYNTH-001,ACTIVE,EMPLOYEE,PERMANENT,2019-06-22,,F,People,Dublin,CC-IE-040
HRIS-WKR-003589,WKR-PUB-003589,IE,LE-IE-SYNTH-001,ACTIVE,EMPLOYEE,PERMANENT,2024-09-03,,F,Sales,Dublin,CC-IE-011
HRIS-WKR-003590,WKR-PUB-003590,IE,LE-IE-SYNTH-001,TERMINATED,EMPLOYEE,FIXED_TERM,2018-02-07,2026-05-07,M,Operations,Galway,CC-IE-038
HRIS-WKR-003591,WKR-PUB-003591,IE,LE-IE-SYNTH-001,ACTIVE,EMPLOYEE,PERMANENT,2015-03-14,,M,People,Remote-IE,CC-IE-009
HRIS-WKR-003592,WKR-PUB-003592,IE,LE-IE-SYNTH-001,ACTIVE,EMPLOYEE,FIXED_TERM,2019-08-01,,F,Operations,Remote-IE,CC-IE-032
HRIS-WKR-003593,WKR-PUB-003593,IE,LE-IE-SYNTH-001,ACTIVE,EMPLOYEE,PERMANENT,2022-08-26,,F,Engineering,Dublin,CC-IE-035
HRIS-WKR-003594,WKR-PUB-003594,IE,LE-IE-SYNTH-001,ACTIVE,EMPLOYEE,PERMANENT,2017-01-05,,F,People,Galway,CC-IE-015
HRIS-WKR-003595,WKR-PUB-003595,IE,LE-IE-SYNTH-001,ACTIVE,EMPLOYEE,PERMANENT,2017-11-03,,NB,Sales,Cork,CC-IE-040
HRIS-WKR-003596,WKR-PUB-003596,IE,LE-IE-SYNTH-001,ACTIVE,EMPLOYEE,PERMANENT,2018-04-15,,F,Engineering,Galway,CC-IE-008
HRIS-WKR-003597,WKR-PUB-003597,IE,LE-IE-SYNTH-001,ACTIVE,EMPLOYEE,APPRENTICE,2018-02-07,,M,Engineering,Dublin,CC-IE-003
HRIS-WKR-003598,WKR-PUB-003598,IE,LE-IE-SYNTH-001,ACTIVE,EMPLOYEE,PERMANENT,2018-11-15,,M,People,Cork,CC-IE-034
HRIS-WKR-003599,WKR-PUB-003599,IE,LE-IE-SYNTH-001,ACTIVE,EMPLOYEE,FIXED_TERM,2017-04-13,,M,Sales,Remote-IE,CC-IE-040
HRIS-WKR-003600,WKR-PUB-003600,IE,LE-IE-SYNTH-001,ACTIVE,EMPLOYEE,PERMANENT,2020-11-28,,M,Engineering,Remote-IE,CC-IE-019
HRIS-WKR-003601,WKR-PUB-003601,IE,LE-IE-SYNTH-001,ACTIVE,CONTRACTOR,PERMANENT,2016-09-22,,M,Sales,Remote-IE,CC-IE-020
HRIS-WKR-003602,WKR-PUB-003602,IE,LE-IE-SYNTH-001,ACTIVE,EMPLOYEE,PERMANENT,2015-01-18,,,Engineering,Remote-IE,CC-IE-019
HRIS-WKR-003603,WKR-PUB-003603,IE,LE-IE-SYNTH-001,ACTIVE,CONTRACTOR,FIXED_TERM,2017-05-19,,F,Sales,Dublin,CC-IE-001
HRIS-WKR-003604,WKR-PUB-003604,IE,LE-IE-SYNTH-001,ACTIVE,EMPLOYEE,PERMANENT,2023-10-18,,F,Engineering,Dublin,CC-IE-016
HRIS-WKR-003605,WKR-PUB-003605,IE,LE-IE-SYNTH-001,TERMINATED,EMPLOYEE,PERMANENT,2017-11-11,2026-10-15,F,Operations,Cork,CC-IE-025
HRIS-WKR-003606,WKR-PUB-003606,IE,LE-IE-SYNTH-001,ACTIVE,EMPLOYEE,PERMANENT,2021-11-29,,,Operations,Dublin,CC-IE-028
HRIS-WKR-003607,WKR-PUB-003607,IE,LE-IE-SYNTH-001,ACTIVE,EMPLOYEE,PERMANENT,2017-11-13,,F,Technology,Dublin,CC-IE-028
HRIS-WKR-003608,WKR-PUB-003608,IE,LE-IE-SYNTH-001,ACTIVE,EMPLOYEE,FIXED_TERM,2015-08-23,,,Operations,Dublin,CC-IE-028
HRIS-WKR-003609,WKR-PUB-003609,IE,LE-IE-SYNTH-001,ACTIVE,EMPLOYEE,PERMANENT,2020-02-08,,F,Engineering,Dublin,CC-IE-011
HRIS-WKR-003610,WKR-PUB-003610,IE,LE-IE-SYNTH-001,ACTIVE,EMPLOYEE,PERMANENT,2019-04-09,,M,Engineering,Limerick,CC-IE-031
HRIS-WKR-003611,WKR-PUB-003611,IE,LE-IE-SYNTH-001,ACTIVE,EMPLOYEE,PERMANENT,2014-08-08,,M,Finance,Dublin,CC-IE-018
HRIS-WKR-003612,WKR-PUB-003612,IE,LE-IE-SYNTH-001,ACTIVE,EMPLOYEE,PERMANENT,2023-12-09,,M,Sales,Dublin,CC-IE-020
HRIS-WKR-003613,WKR-PUB-003613,IE,LE-IE-SYNTH-001,TERMINATED,EMPLOYEE,PERMANENT,2020-04-05,2026-03-31,F,Finance,Cork,CC-IE-026
HRIS-WKR-003614,WKR-PUB-003614,IE,LE-IE-SYNTH-001,ACTIVE,EMPLOYEE,PERMANENT,2021-10-18,,M,Engineering,Dublin,CC-IE-017
HRIS-WKR-003615,WKR-PUB-003615,IE,LE-IE-SYNTH-001,ACTIVE,EMPLOYEE,FIXED_TERM,2021-06-05,,F,Finance,Limerick,CC-IE-035
HRIS-WKR-003616,WKR-PUB-003616,IE,LE-IE-SYNTH-001,ACTIVE,EMPLOYEE,PERMANENT,2021-02-25,,M,Engineering,Galway,CC-IE-031
HRIS-WKR-003617,WKR-PUB-003617,IE,LE-IE-SYNTH-001,ACTIVE,EMPLOYEE,FIXED_TERM,2025-05-21,,F,Sales,Dublin,CC-IE-021
HRIS-WKR-003618,WKR-PUB-003618,IE,LE-IE-SYNTH-001,ACTIVE,EMPLOYEE,FIXED_TERM,2014-08-25,,,Engineering,Remote-IE,CC-IE-011
HRIS-WKR-003619,WKR-PUB-003619,IE,LE-IE-SYNTH-001,ACTIVE,EMPLOYEE,FIXED_TERM,2023-08-17,,M,Sales,Galway,CC-IE-028
HRIS-WKR-003620,WKR-PUB-003620,IE,LE-IE-SYNTH-001,ACTIVE,EMPLOYEE,FIXED_TERM,2023-02-20,,F,Engineering,Dublin,CC-IE-007
HRIS-WKR-003621,WKR-PUB-003621,IE,LE-IE-SYNTH-001,ACTIVE,EMPLOYEE,PERMANENT,2025-08-06,,F,People,Remote-IE,CC-IE-003
HRIS-WKR-003622,WKR-PUB-003622,IE,LE-IE-SYNTH-001,ACTIVE,EMPLOYEE,PERMANENT,2016-12-31,,M,Engineering,Dublin,CC-IE-031
HRIS-WKR-003623,WKR-PUB-003623,IE,LE-IE-SYNTH-001,ACTIVE,EMPLOYEE,PERMANENT,2022-04-27,,,Finance,Limerick,CC-IE-014
HRIS-WKR-003624,WKR-PUB-003624,IE,LE-IE-SYNTH-001,ACTIVE,EMPLOYEE,PERMANENT,2019-07-04,,F,People,Dublin,CC-IE-012
HRIS-WKR-003625,WKR-PUB-003625,IE,LE-IE-SYNTH-001,ACTIVE,EMPLOYEE,PERMANENT,2014-03-12,,M,Technology,Dublin,CC-IE-032
HRIS-WKR-003626,WKR-PUB-003626,IE,LE-IE-SYNTH-001,ACTIVE,EMPLOYEE,PERMANENT,2014-09-26,,F,Sales,Dublin,CC-IE-003
HRIS-WKR-003627,WKR-PUB-003627,IE,LE-IE-SYNTH-001,ACTIVE,EMPLOYEE,PERMANENT,2021-12-28,,M,Operations,Cork,CC-IE-017
HRIS-WKR-003628,WKR-PUB-003628,IE,LE-IE-SYNTH-001,ACTIVE,EMPLOYEE,APPRENTICE,2025-08-27,,M,Engineering,Remote-IE,CC-IE-034
HRIS-WKR-003629,WKR-PUB-003629,IE,LE-IE-SYNTH-001,ACTIVE,EMPLOYEE,PERMANENT,2024-08-03,,M,Sales,Galway,CC-IE-039
HRIS-WKR-003630,WKR-PUB-003630,IE,LE-IE-SYNTH-001,TERMINATED,EMPLOYEE,PERMANENT,2021-07-12,2026-06-08,M,Engineering,Dublin,CC-IE-026
HRIS-WKR-003631,WKR-PUB-003631,IE,LE-IE-SYNTH-001,ACTIVE,EMPLOYEE,FIXED_TERM,2022-05-01,,M,Finance,Dublin,CC-IE-035
HRIS-WKR-003632,WKR-PUB-003632,IE,LE-IE-SYNTH-001,ACTIVE,EMPLOYEE,APPRENTICE,2024-05-08,,M,Sales,Dublin,CC-IE-032
HRIS-WKR-003633,WKR-PUB-003633,IE,LE-IE-SYNTH-001,ACTIVE,EMPLOYEE,PERMANENT,2024-09-26,,M,Sales,Cork,CC-IE-025
HRIS-WKR-003634,WKR-PUB-003634,IE,LE-IE-SYNTH-001,ACTIVE,EMPLOYEE,PERMANENT,2022-10-11,,M,Engineering,Limerick,CC-IE-030
HRIS-WKR-003635,WKR-PUB-003635,IE,LE-IE-SYNTH-001,ACTIVE,EMPLOYEE,PERMANENT,2017-04-30,,F,Operations,Remote-IE,CC-IE-011
HRIS-WKR-003636,WKR-PUB-003636,IE,LE-IE-SYNTH-001,ACTIVE,EMPLOYEE,PERMANENT,2019-12-25,,M,Sales,Dublin,CC-IE-018
HRIS-WKR-003637,WKR-PUB-003637,IE,LE-IE-SYNTH-001,ACTIVE,CONTRACTOR,PERMANENT,2020-09-18,,M,People,Dublin,CC-IE-027
HRIS-WKR-003638,WKR-PUB-003638,IE,LE-IE-SYNTH-001,ACTIVE,EMPLOYEE,PERMANENT,2023-02-16,,M,People,Galway,CC-IE-023
HRIS-WKR-003639,WKR-PUB-003639,IE,LE-IE-SYNTH-001,ACTIVE,EMPLOYEE,PERMANENT,2024-07-11,,M,Sales,Dublin,CC-IE-026
HRIS-WKR-003640,WKR-PUB-003640,IE,LE-IE-SYNTH-001,ACTIVE,EMPLOYEE,PERMANENT,2023-09-24,,M,Engineering,Dublin,CC-IE-004
HRIS-WKR-003641,WKR-PUB-003641,IE,LE-IE-SYNTH-001,TERMINATED,EMPLOYEE,PERMANENT,2015-07-22,2026-06-04,M,Sales,Remote-IE,CC-IE-026
HRIS-WKR-003642,WKR-PUB-003642,IE,LE-IE-SYNTH-001,ACTIVE,EMPLOYEE,FIXED_TERM,2025-01-30,,UNDISCLOSED,Engineering,Cork,CC-IE-030
HRIS-WKR-003643,WKR-PUB-003643,IE,LE-IE-SYNTH-001,ACTIVE,EMPLOYEE,PERMANENT,2020-01-26,,M,People,Dublin,CC-IE-029
HRIS-WKR-003644,WKR-PUB-003644,IE,LE-IE-SYNTH-001,ACTIVE,EMPLOYEE,APPRENTICE,2018-05-30,,M,Operations,Cork,CC-IE-036
HRIS-WKR-003645,WKR-PUB-003645,IE,LE-IE-SYNTH-001,ACTIVE,EMPLOYEE,PERMANENT,2014-05-15,,M,Sales,Dublin,CC-IE-017
HRIS-WKR-003646,WKR-PUB-003646,IE,LE-IE-SYNTH-001,ACTIVE,EMPLOYEE,FIXED_TERM,2022-05-30,,M,Engineering,Dublin,CC-IE-035
HRIS-WKR-003647,WKR-PUB-003647,IE,LE-IE-SYNTH-001,ACTIVE,EMPLOYEE,PERMANENT,2014-08-08,,M,Engineering,Dublin,CC-IE-013
HRIS-WKR-003648,WKR-PUB-003648,IE,LE-IE-SYNTH-001,ACTIVE,CONTRACTOR,PERMANENT,2024-01-26,,M,Sales,Dublin,CC-IE-039
HRIS-WKR-003649,WKR-PUB-003649,IE,LE-IE-SYNTH-001,ACTIVE,EMPLOYEE,PERMANENT,2016-11-19,,,Engineering,Limerick,CC-IE-023
HRIS-WKR-003650,WKR-PUB-003650,IE,LE-IE-SYNTH-001,ACTIVE,EMPLOYEE,PERMANENT,2017-12-06,,M,People,Galway,CC-IE-010
HRIS-WKR-003651,WKR-PUB-003651,IE,LE-IE-SYNTH-001,ACTIVE,EMPLOYEE,PERMANENT,2021-04-02,,F,Finance,Remote-IE,CC-IE-017
HRIS-WKR-003652,WKR-PUB-003652,IE,LE-IE-SYNTH-001,ACTIVE,EMPLOYEE,PERMANENT,2015-12-19,,M,Engineering,Dublin,CC-IE-027
HRIS-WKR-003653,WKR-PUB-003653,IE,LE-IE-SYNTH-001,ACTIVE,EMPLOYEE,PERMANENT,2022-07-10,,F,Operations,Remote-IE,CC-IE-039
HRIS-WKR-003654,WKR-PUB-003654,IE,LE-IE-SYNTH-001,ACTIVE,EMPLOYEE,PERMANENT,2014-09-29,,M,Engineering,Cork,CC-IE-006
HRIS-WKR-003655,WKR-PUB-003655,IE,LE-IE-SYNTH-001,ACTIVE,EMPLOYEE,PERMANENT,2017-04-28,,F,Operations,Dublin,CC-IE-021
HRIS-WKR-003656,WKR-PUB-003656,IE,LE-IE-SYNTH-001,ACTIVE,EMPLOYEE,PERMANENT,2018-03-07,,F,Technology,Dublin,CC-IE-030
HRIS-WKR-003657,WKR-PUB-003657,IE,LE-IE-SYNTH-001,ACTIVE,EMPLOYEE,PERMANENT,2024-11-11,,M,Operations,Dublin,CC-IE-029
HRIS-WKR-003658,WKR-PUB-003658,IE,LE-IE-SYNTH-001,ACTIVE,CONTRACTOR,PERMANENT,2014-09-28,,F,Finance,Remote-IE,CC-IE-036
HRIS-WKR-003659,WKR-PUB-003659,IE,LE-IE-SYNTH-001,ACTIVE,EMPLOYEE,PERMANENT,2015-03-19,,F,Sales,Dublin,CC-IE-036
HRIS-WKR-003660,WKR-PUB-003660,IE,LE-IE-SYNTH-001,ACTIVE,EMPLOYEE,PERMANENT,2024-12-26,,F,Technology,Dublin,CC-IE-029
HRIS-WKR-003661,WKR-PUB-003661,IE,LE-IE-SYNTH-001,ACTIVE,EMPLOYEE,PERMANENT,2020-07-30,,F,People,Galway,CC-IE-026
HRIS-WKR-003662,WKR-PUB-003662,IE,LE-IE-SYNTH-001,ACTIVE,EMPLOYEE,PERMANENT,2024-11-08,,F,Engineering,Dublin,CC-IE-032
HRIS-WKR-003663,WKR-PUB-003663,IE,LE-IE-SYNTH-001,ACTIVE,EMPLOYEE,PERMANENT,2017-05-01,,M,Technology,Galway,CC-IE-012
HRIS-WKR-003664,WKR-PUB-003664,IE,LE-IE-SYNTH-001,ACTIVE,EMPLOYEE,PERMANENT,2021-11-24,,M,Operations,Galway,CC-IE-005
HRIS-WKR-003665,WKR-PUB-003665,IE,LE-IE-SYNTH-001,ACTIVE,EMPLOYEE,PERMANENT,2017-06-24,,F,Technology,Remote-IE,CC-IE-032
HRIS-WKR-003666,WKR-PUB-003666,IE,LE-IE-SYNTH-001,ACTIVE,EMPLOYEE,PERMANENT,2014-10-08,,F,Sales,Cork,CC-IE-007
HRIS-WKR-003667,WKR-PUB-003667,IE,LE-IE-SYNTH-001,ACTIVE,EMPLOYEE,PERMANENT,2019-03-04,,M,Engineering,Dublin,CC-IE-014
HRIS-WKR-003668,WKR-PUB-003668,IE,LE-IE-SYNTH-001,ACTIVE,EMPLOYEE,FIXED_TERM,2017-03-25,,M,Operations,Dublin,CC-IE-008
HRIS-WKR-003669,WKR-PUB-003669,IE,LE-IE-SYNTH-001,ACTIVE,EMPLOYEE,PERMANENT,2017-12-31,,M,Engineering,Cork,CC-IE-008
HRIS-WKR-003670,WKR-PUB-003670,IE,LE-IE-SYNTH-001,ACTIVE,EMPLOYEE,PERMANENT,2020-03-11,,M,Sales,Cork,CC-IE-004
HRIS-WKR-003671,WKR-PUB-003671,IE,LE-IE-SYNTH-001,ACTIVE,EMPLOYEE,PERMANENT,2020-10-09,,,Engineering,Cork,CC-IE-039
HRIS-WKR-003672,WKR-PUB-003672,IE,LE-IE-SYNTH-001,ACTIVE,EMPLOYEE,APPRENTICE,2014-04-09,,F,Operations,Cork,CC-IE-032
HRIS-WKR-003673,WKR-PUB-003673,IE,LE-IE-SYNTH-001,ACTIVE,EMPLOYEE,PERMANENT,2026-02-16,,F,Technology,Dublin,CC-IE-006
HRIS-WKR-003674,WKR-PUB-003674,IE,LE-IE-SYNTH-001,ACTIVE,CONTRACTOR,PERMANENT,2016-06-29,,F,Engineering,Cork,CC-IE-023
HRIS-WKR-003675,WKR-PUB-003675,IE,LE-IE-SYNTH-001,ACTIVE,EMPLOYEE,PERMANENT,2022-01-04,,F,Engineering,Limerick,CC-IE-037
HRIS-WKR-003676,WKR-PUB-003676,IE,LE-IE-SYNTH-001,ACTIVE,CONTRACTOR,PERMANENT,2020-04-08,,M,People,Remote-IE,CC-IE-033
HRIS-WKR-003677,WKR-PUB-003677,IE,LE-IE-SYNTH-001,ACTIVE,EMPLOYEE,PERMANENT,2019-10-13,,M,Sales,Remote-IE,CC-IE-011
HRIS-WKR-003678,WKR-PUB-003678,IE,LE-IE-SYNTH-001,ACTIVE,EMPLOYEE,PERMANENT,2020-07-26,,UNDISCLOSED,Sales,Dublin,CC-IE-039
HRIS-WKR-003679,WKR-PUB-003679,IE,LE-IE-SYNTH-001,ACTIVE,EMPLOYEE,PERMANENT,2018-02-27,,F,Sales,Dublin,CC-IE-011
HRIS-WKR-003680,WKR-PUB-003680,IE,LE-IE-SYNTH-001,ACTIVE,EMPLOYEE,PERMANENT,2025-11-03,,M,Operations,Dublin,CC-IE-024
HRIS-WKR-003681,WKR-PUB-003681,IE,LE-IE-SYNTH-001,ACTIVE,EMPLOYEE,PERMANENT,2015-08-12,,F,Sales,Dublin,CC-IE-011
HRIS-WKR-003682,WKR-PUB-003682,IE,LE-IE-SYNTH-001,ACTIVE,EMPLOYEE,PERMANENT,2023-07-27,,M,People,Remote-IE,CC-IE-024
HRIS-WKR-003683,WKR-PUB-003683,IE,LE-IE-SYNTH-001,ACTIVE,EMPLOYEE,PERMANENT,2021-07-24,,F,Operations,Dublin,CC-IE-002
HRIS-WKR-003684,WKR-PUB-003684,IE,LE-IE-SYNTH-001,ACTIVE,EMPLOYEE,PERMANENT,2022-11-17,,F,Engineering,Galway,CC-IE-004
HRIS-WKR-003685,WKR-PUB-003685,IE,LE-IE-SYNTH-001,ACTIVE,EMPLOYEE,PERMANENT,2025-11-15,,F,Finance,Dublin,CC-IE-003
HRIS-WKR-003686,WKR-PUB-003686,IE,LE-IE-SYNTH-001,ACTIVE,EMPLOYEE,PERMANENT,2016-01-23,,F,Sales,Remote-IE,CC-IE-005
HRIS-WKR-003687,WKR-PUB-003687,IE,LE-IE-SYNTH-001,ACTIVE,EMPLOYEE,FIXED_TERM,2023-02-09,,M,People,Limerick,CC-IE-005
HRIS-WKR-003688,WKR-PUB-003688,IE,LE-IE-SYNTH-001,ACTIVE,EMPLOYEE,PERMANENT,2014-04-24,,M,Engineering,Remote-IE,CC-IE-036
HRIS-WKR-003689,WKR-PUB-003689,IE,LE-IE-SYNTH-001,ACTIVE,EMPLOYEE,FIXED_TERM,2015-09-07,,M,Sales,Galway,CC-IE-024
HRIS-WKR-003690,WKR-PUB-003690,IE,LE-IE-SYNTH-001,ACTIVE,EMPLOYEE,APPRENTICE,2016-08-22,,F,Technology,Cork,CC-IE-003
HRIS-WKR-003691,WKR-PUB-003691,IE,LE-IE-SYNTH-001,ACTIVE,EMPLOYEE,PERMANENT,2025-12-24,,NB,Engineering,Cork,CC-IE-005
HRIS-WKR-003692,WKR-PUB-003692,IE,LE-IE-SYNTH-001,ACTIVE,CONTRACTOR,PERMANENT,2019-04-30,,,Operations,Cork,CC-IE-030
HRIS-WKR-003693,WKR-PUB-003693,IE,LE-IE-SYNTH-001,ACTIVE,EMPLOYEE,PERMANENT,2014-01-18,,F,Operations,Galway,CC-IE-002
HRIS-WKR-003694,WKR-PUB-003694,IE,LE-IE-SYNTH-001,ACTIVE,EMPLOYEE,FIXED_TERM,2019-09-12,,F,Engineering,Dublin,CC-IE-004
HRIS-WKR-003695,WKR-PUB-003695,IE,LE-IE-SYNTH-001,ACTIVE,EMPLOYEE,PERMANENT,2021-01-19,,F,Finance,Dublin,CC-IE-005
HRIS-WKR-003696,WKR-PUB-003696,IE,LE-IE-SYNTH-001,ACTIVE,EMPLOYEE,PERMANENT,2019-03-20,,F,Sales,Dublin,CC-IE-010
HRIS-WKR-003697,WKR-PUB-003697,IE,LE-IE-SYNTH-001,ACTIVE,EMPLOYEE,PERMANENT,2023-02-12,,F,Technology,Dublin,CC-IE-014
HRIS-WKR-003698,WKR-PUB-003698,IE,LE-IE-SYNTH-001,ACTIVE,EMPLOYEE,PERMANENT,2022-01-10,,F,Sales,Dublin,CC-IE-022
HRIS-WKR-003699,WKR-PUB-003699,IE,LE-IE-SYNTH-001,ACTIVE,EMPLOYEE,PERMANENT,2016-06-03,,F,Finance,Dublin,CC-IE-022
HRIS-WKR-003700,WKR-PUB-003700,IE,LE-IE-SYNTH-001,ACTIVE,EMPLOYEE,PERMANENT,2021-03-06,,F,Engineering,Dublin,CC-IE-021
HRIS-WKR-003701,WKR-PUB-003701,IE,LE-IE-SYNTH-001,ACTIVE,CONTRACTOR,PERMANENT,2020-06-23,,M,Technology,Dublin,CC-IE-020
HRIS-WKR-003702,WKR-PUB-003702,IE,LE-IE-SYNTH-001,ACTIVE,EMPLOYEE,PERMANENT,2014-06-12,,M,People,Galway,CC-IE-029
HRIS-WKR-003703,WKR-PUB-003703,IE,LE-IE-SYNTH-001,ACTIVE,EMPLOYEE,PERMANENT,2014-12-01,,M,Technology,Remote-IE,CC-IE-026
HRIS-WKR-003704,WKR-PUB-003704,IE,LE-IE-SYNTH-001,ACTIVE,EMPLOYEE,PERMANENT,2020-05-15,,UNDISCLOSED,Operations,Cork,CC-IE-027
HRIS-WKR-003705,WKR-PUB-003705,IE,LE-IE-SYNTH-001,ACTIVE,CONTRACTOR,PERMANENT,2014-10-10,,NB,Finance,Limerick,CC-IE-016
HRIS-WKR-003706,WKR-PUB-003706,IE,LE-IE-SYNTH-001,ACTIVE,EMPLOYEE,PERMANENT,2020-04-27,,M,Operations,Cork,CC-IE-037
HRIS-WKR-003707,WKR-PUB-003707,IE,LE-IE-SYNTH-001,ACTIVE,EMPLOYEE,PERMANENT,2024-11-28,,F,Technology,Dublin,CC-IE-024
HRIS-WKR-003708,WKR-PUB-003708,IE,LE-IE-SYNTH-001,ACTIVE,EMPLOYEE,APPRENTICE,2014-06-08,,F,Finance,Dublin,CC-IE-018
HRIS-WKR-003709,WKR-PUB-003709,IE,LE-IE-SYNTH-001,ACTIVE,EMPLOYEE,PERMANENT,2022-03-23,,F,Sales,Dublin,CC-IE-037
HRIS-WKR-003710,WKR-PUB-003710,IE,LE-IE-SYNTH-001,ACTIVE,EMPLOYEE,PERMANENT,2026-01-11,,F,Sales,Remote-IE,CC-IE-015
HRIS-WKR-003711,WKR-PUB-003711,IE,LE-IE-SYNTH-001,ACTIVE,EMPLOYEE,FIXED_TERM,2020-10-31,,F,Technology,Remote-IE,CC-IE-005
HRIS-WKR-003712,WKR-PUB-003712,IE,LE-IE-SYNTH-001,ACTIVE,EMPLOYEE,PERMANENT,2020-01-15,,M,Sales,Galway,CC-IE-003
HRIS-WKR-003713,WKR-PUB-003713,IE,LE-IE-SYNTH-001,ACTIVE,EMPLOYEE,APPRENTICE,2018-11-17,,M,Engineering,Dublin,CC-IE-006
HRIS-WKR-003714,WKR-PUB-003714,IE,LE-IE-SYNTH-001,ACTIVE,EMPLOYEE,PERMANENT,2015-03-30,,F,Technology,Dublin,CC-IE-008
HRIS-WKR-003715,WKR-PUB-003715,IE,LE-IE-SYNTH-001,ACTIVE,EMPLOYEE,PERMANENT,2014-06-22,,F,Sales,Cork,CC-IE-028
HRIS-WKR-003716,WKR-PUB-003716,IE,LE-IE-SYNTH-001,ACTIVE,EMPLOYEE,PERMANENT,2016-01-07,,M,Engineering,Remote-IE,CC-IE-040
HRIS-WKR-003717,WKR-PUB-003717,IE,LE-IE-SYNTH-001,TERMINATED,EMPLOYEE,PERMANENT,2023-06-09,2026-12-04,M,Engineering,Remote-IE,CC-IE-030
HRIS-WKR-003718,WKR-PUB-003718,IE,LE-IE-SYNTH-001,ACTIVE,EMPLOYEE,PERMANENT,2016-01-27,,,Sales,Cork,CC-IE-026
HRIS-WKR-003719,WKR-PUB-003719,IE,LE-IE-SYNTH-001,ACTIVE,EMPLOYEE,PERMANENT,2015-08-08,,M,People,Dublin,CC-IE-007
HRIS-WKR-003720,WKR-PUB-003720,IE,LE-IE-SYNTH-001,ACTIVE,EMPLOYEE,PERMANENT,2016-06-10,,M,Engineering,Dublin,CC-IE-011
HRIS-WKR-003721,WKR-PUB-003721,IE,LE-IE-SYNTH-001,ACTIVE,EMPLOYEE,APPRENTICE,2024-10-25,,M,Engineering,Dublin,CC-IE-030
HRIS-WKR-003722,WKR-PUB-003722,IE,LE-IE-SYNTH-001,ACTIVE,CONTRACTOR,PERMANENT,2015-05-11,,UNDISCLOSED,Engineering,Dublin,CC-IE-030
HRIS-WKR-003723,WKR-PUB-003723,IE,LE-IE-SYNTH-001,ACTIVE,EMPLOYEE,PERMANENT,2015-02-16,,F,People,Dublin,CC-IE-018
HRIS-WKR-003724,WKR-PUB-003724,IE,LE-IE-SYNTH-001,ACTIVE,EMPLOYEE,PERMANENT,2024-08-30,,M,Sales,Dublin,CC-IE-009
HRIS-WKR-003725,WKR-PUB-003725,IE,LE-IE-SYNTH-001,ACTIVE,EMPLOYEE,PERMANENT,2019-09-26,,M,Sales,Cork,CC-IE-030
HRIS-WKR-003726,WKR-PUB-003726,IE,LE-IE-SYNTH-001,ACTIVE,EMPLOYEE,PERMANENT,2015-10-13,,F,Operations,Dublin,CC-IE-040
HRIS-WKR-003727,WKR-PUB-003727,IE,LE-IE-SYNTH-001,ACTIVE,EMPLOYEE,PERMANENT,2021-05-27,,F,Sales,Dublin,CC-IE-006
HRIS-WKR-003728,WKR-PUB-003728,IE,LE-IE-SYNTH-001,ACTIVE,EMPLOYEE,PERMANENT,2019-04-27,,F,Finance,Dublin,CC-IE-017
HRIS-WKR-003729,WKR-PUB-003729,IE,LE-IE-SYNTH-001,ACTIVE,EMPLOYEE,PERMANENT,2018-03-28,,F,Finance,Dublin,CC-IE-025
HRIS-WKR-003730,WKR-PUB-003730,IE,LE-IE-SYNTH-001,ACTIVE,EMPLOYEE,PERMANENT,2015-07-11,,M,Engineering,Dublin,CC-IE-040
HRIS-WKR-003731,WKR-PUB-003731,IE,LE-IE-SYNTH-001,ACTIVE,EMPLOYEE,PERMANENT,2020-06-23,,M,Operations,Limerick,CC-IE-019
HRIS-WKR-003732,WKR-PUB-003732,IE,LE-IE-SYNTH-001,ACTIVE,EMPLOYEE,PERMANENT,2018-10-05,,F,Sales,Cork,CC-IE-010
HRIS-WKR-003733,WKR-PUB-003733,IE,LE-IE-SYNTH-001,ACTIVE,EMPLOYEE,PERMANENT,2014-07-21,,M,Technology,Cork,CC-IE-017
HRIS-WKR-003734,WKR-PUB-003734,IE,LE-IE-SYNTH-001,ACTIVE,EMPLOYEE,PERMANENT,2015-05-31,,M,Sales,Dublin,CC-IE-010
HRIS-WKR-003735,WKR-PUB-003735,IE,LE-IE-SYNTH-001,ACTIVE,EMPLOYEE,PERMANENT,2023-03-15,,M,Engineering,Dublin,CC-IE-016
HRIS-WKR-003736,WKR-PUB-003736,IE,LE-IE-SYNTH-001,ACTIVE,EMPLOYEE,PERMANENT,2018-04-21,,F,Operations,Galway,CC-IE-007
HRIS-WKR-003737,WKR-PUB-003737,IE,LE-IE-SYNTH-001,ACTIVE,EMPLOYEE,PERMANENT,2016-05-20,,,Finance,Cork,CC-IE-035
HRIS-WKR-003738,WKR-PUB-003738,IE,LE-IE-SYNTH-001,ACTIVE,EMPLOYEE,PERMANENT,2023-09-21,,M,Technology,Dublin,CC-IE-002
HRIS-WKR-003739,WKR-PUB-003739,IE,LE-IE-SYNTH-001,ACTIVE,EMPLOYEE,PERMANENT,2014-01-19,,M,People,Dublin,CC-IE-035
HRIS-WKR-003740,WKR-PUB-003740,IE,LE-IE-SYNTH-001,TERMINATED,EMPLOYEE,PERMANENT,2014-08-31,2026-03-19,F,Engineering,Dublin,CC-IE-036
HRIS-WKR-003741,WKR-PUB-003741,IE,LE-IE-SYNTH-001,ACTIVE,EMPLOYEE,PERMANENT,2014-10-23,,F,Finance,Remote-IE,CC-IE-017
HRIS-WKR-003742,WKR-PUB-003742,IE,LE-IE-SYNTH-001,ACTIVE,EMPLOYEE,PERMANENT,2014-12-25,,F,Sales,Limerick,CC-IE-006
HRIS-WKR-003743,WKR-PUB-003743,IE,LE-IE-SYNTH-001,ACTIVE,EMPLOYEE,PERMANENT,2018-07-03,,F,Operations,Dublin,CC-IE-029
HRIS-WKR-003744,WKR-PUB-003744,IE,LE-IE-SYNTH-001,ACTIVE,EMPLOYEE,PERMANENT,2018-10-20,,F,Operations,Dublin,CC-IE-039
HRIS-WKR-003745,WKR-PUB-003745,IE,LE-IE-SYNTH-001,ACTIVE,EMPLOYEE,PERMANENT,2022-03-01,,M,Engineering,Galway,CC-IE-032
HRIS-WKR-003746,WKR-PUB-003746,IE,LE-IE-SYNTH-001,ACTIVE,EMPLOYEE,PERMANENT,2025-02-10,,F,Sales,Galway,CC-IE-001
HRIS-WKR-003747,WKR-PUB-003747,IE,LE-IE-SYNTH-001,ACTIVE,EMPLOYEE,PERMANENT,2015-01-11,,F,Operations,Dublin,CC-IE-013
HRIS-WKR-003748,WKR-PUB-003748,IE,LE-IE-SYNTH-001,ACTIVE,EMPLOYEE,PERMANENT,2014-03-14,,F,Sales,Limerick,CC-IE-001
HRIS-WKR-003749,WKR-PUB-003749,IE,LE-IE-SYNTH-001,ACTIVE,EMPLOYEE,PERMANENT,2016-04-24,,M,Sales,Dublin,CC-IE-006
HRIS-WKR-003750,WKR-PUB-003750,IE,LE-IE-SYNTH-001,ACTIVE,EMPLOYEE,PERMANENT,2021-04-13,,M,Engineering,Galway,CC-IE-002
HRIS-WKR-003751,WKR-PUB-003751,IE,LE-IE-SYNTH-001,ACTIVE,EMPLOYEE,PERMANENT,2020-09-14,,F,Operations,Dublin,CC-IE-003
HRIS-WKR-003752,WKR-PUB-003752,IE,LE-IE-SYNTH-001,ACTIVE,EMPLOYEE,PERMANENT,2022-01-26,,F,Technology,Dublin,CC-IE-014
HRIS-WKR-003753,WKR-PUB-003753,IE,LE-IE-SYNTH-001,ACTIVE,EMPLOYEE,PERMANENT,2014-07-20,,M,Sales,Dublin,CC-IE-017
HRIS-WKR-003754,WKR-PUB-003754,IE,LE-IE-SYNTH-001,TERMINATED,EMPLOYEE,PERMANENT,2021-04-12,2026-04-12,M,Finance,Cork,CC-IE-001
HRIS-WKR-003755,WKR-PUB-003755,IE,LE-IE-SYNTH-001,ACTIVE,EMPLOYEE,PERMANENT,2024-04-02,,F,Sales,Dublin,CC-IE-028
HRIS-WKR-003756,WKR-PUB-003756,IE,LE-IE-SYNTH-001,ACTIVE,EMPLOYEE,FIXED_TERM,2017-05-20,,M,Engineering,Dublin,CC-IE-036
HRIS-WKR-003757,WKR-PUB-003757,IE,LE-IE-SYNTH-001,ACTIVE,EMPLOYEE,PERMANENT,2021-09-11,,,People,Limerick,CC-IE-014
HRIS-WKR-003758,WKR-PUB-003758,IE,LE-IE-SYNTH-001,ACTIVE,EMPLOYEE,PERMANENT,2016-07-29,,F,Operations,Dublin,CC-IE-016
HRIS-WKR-003759,WKR-PUB-003759,IE,LE-IE-SYNTH-001,ACTIVE,EMPLOYEE,FIXED_TERM,2023-03-30,,F,Technology,Remote-IE,CC-IE-013
HRIS-WKR-003760,WKR-PUB-003760,IE,LE-IE-SYNTH-001,ACTIVE,EMPLOYEE,PERMANENT,2017-01-12,,M,Engineering,Remote-IE,CC-IE-015
HRIS-WKR-003761,WKR-PUB-003761,IE,LE-IE-SYNTH-001,ACTIVE,EMPLOYEE,PERMANENT,2014-01-31,,,Sales,Dublin,CC-IE-032
HRIS-WKR-003762,WKR-PUB-003762,IE,LE-IE-SYNTH-001,TERMINATED,CONTRACTOR,PERMANENT,2016-07-24,2026-12-06,F,Finance,Dublin,CC-IE-005
HRIS-WKR-003763,WKR-PUB-003763,IE,LE-IE-SYNTH-001,ACTIVE,CONTRACTOR,FIXED_TERM,2020-05-05,,M,Engineering,Cork,CC-IE-022
HRIS-WKR-003764,WKR-PUB-003764,IE,LE-IE-SYNTH-001,ACTIVE,EMPLOYEE,PERMANENT,2017-03-18,,M,Operations,Limerick,CC-IE-025
HRIS-WKR-003765,WKR-PUB-003765,IE,LE-IE-SYNTH-001,ACTIVE,EMPLOYEE,FIXED_TERM,2016-04-04,,F,Engineering,Cork,CC-IE-002
HRIS-WKR-003766,WKR-PUB-003766,IE,LE-IE-SYNTH-001,ACTIVE,EMPLOYEE,PERMANENT,2017-08-14,,F,Sales,Limerick,CC-IE-026
HRIS-WKR-003767,WKR-PUB-003767,IE,LE-IE-SYNTH-001,ACTIVE,EMPLOYEE,PERMANENT,2020-03-21,,F,People,Dublin,CC-IE-016
HRIS-WKR-003768,WKR-PUB-003768,IE,LE-IE-SYNTH-001,ACTIVE,CONTRACTOR,FIXED_TERM,2025-08-10,,M,Engineering,Dublin,CC-IE-018
HRIS-WKR-003769,WKR-PUB-003769,IE,LE-IE-SYNTH-001,TERMINATED,EMPLOYEE,APPRENTICE,2020-10-11,2026-02-27,M,People,Dublin,CC-IE-022
HRIS-WKR-003770,WKR-PUB-003770,IE,LE-IE-SYNTH-001,ACTIVE,EMPLOYEE,PERMANENT,2025-12-07,,F,Engineering,Dublin,CC-IE-023
HRIS-WKR-003771,WKR-PUB-003771,IE,LE-IE-SYNTH-001,ACTIVE,EMPLOYEE,FIXED_TERM,2017-11-23,,NB,Engineering,Limerick,CC-IE-030
HRIS-WKR-003772,WKR-PUB-003772,IE,LE-IE-SYNTH-001,ACTIVE,EMPLOYEE,PERMANENT,2021-08-24,,M,Engineering,Galway,CC-IE-016
HRIS-WKR-003773,WKR-PUB-003773,IE,LE-IE-SYNTH-001,ACTIVE,EMPLOYEE,PERMANENT,2020-04-08,,M,Technology,Remote-IE,CC-IE-038
HRIS-WKR-003774,WKR-PUB-003774,IE,LE-IE-SYNTH-001,ACTIVE,EMPLOYEE,PERMANENT,2022-10-15,,F,Engineering,Limerick,CC-IE-024
HRIS-WKR-003775,WKR-PUB-003775,IE,LE-IE-SYNTH-001,ACTIVE,EMPLOYEE,PERMANENT,2025-02-21,,M,Finance,Limerick,CC-IE-027
HRIS-WKR-003776,WKR-PUB-003776,IE,LE-IE-SYNTH-001,ACTIVE,EMPLOYEE,PERMANENT,2016-11-29,,F,Engineering,Galway,CC-IE-002
HRIS-WKR-003777,WKR-PUB-003777,IE,LE-IE-SYNTH-001,ACTIVE,CONTRACTOR,PERMANENT,2024-07-10,,F,Finance,Dublin,CC-IE-037
HRIS-WKR-003778,WKR-PUB-003778,IE,LE-IE-SYNTH-001,ACTIVE,EMPLOYEE,PERMANENT,2019-07-01,,M,Sales,Dublin,CC-IE-034
HRIS-WKR-003779,WKR-PUB-003779,IE,LE-IE-SYNTH-001,ACTIVE,EMPLOYEE,PERMANENT,2021-05-03,,M,Sales,Dublin,CC-IE-012
HRIS-WKR-003780,WKR-PUB-003780,IE,LE-IE-SYNTH-001,ACTIVE,EMPLOYEE,PERMANENT,2023-04-28,,M,Engineering,Dublin,CC-IE-012
HRIS-WKR-003781,WKR-PUB-003781,IE,LE-IE-SYNTH-001,ACTIVE,EMPLOYEE,PERMANENT,2015-01-09,,F,People,Cork,CC-IE-008
HRIS-WKR-003782,WKR-PUB-003782,IE,LE-IE-SYNTH-001,ACTIVE,EMPLOYEE,PERMANENT,2020-01-13,,M,Operations,Dublin,CC-IE-003
HRIS-WKR-003783,WKR-PUB-003783,IE,LE-IE-SYNTH-001,ACTIVE,EMPLOYEE,PERMANENT,2020-04-01,,M,Finance,Cork,CC-IE-018
HRIS-WKR-003784,WKR-PUB-003784,IE,LE-IE-SYNTH-001,ACTIVE,EMPLOYEE,PERMANENT,2020-11-10,,M,Engineering,Galway,CC-IE-017
HRIS-WKR-003785,WKR-PUB-003785,IE,LE-IE-SYNTH-001,ACTIVE,EMPLOYEE,FIXED_TERM,2014-07-09,,,Technology,Dublin,CC-IE-036
HRIS-WKR-003786,WKR-PUB-003786,IE,LE-IE-SYNTH-001,ACTIVE,EMPLOYEE,PERMANENT,2015-04-25,,F,Operations,Dublin,CC-IE-028
HRIS-WKR-003787,WKR-PUB-003787,IE,LE-IE-SYNTH-001,ACTIVE,EMPLOYEE,FIXED_TERM,2015-09-02,,M,People,Dublin,CC-IE-036
HRIS-WKR-003788,WKR-PUB-003788,IE,LE-IE-SYNTH-001,ACTIVE,EMPLOYEE,PERMANENT,2014-08-26,,M,Engineering,Dublin,CC-IE-014
HRIS-WKR-003789,WKR-PUB-003789,IE,LE-IE-SYNTH-001,ACTIVE,EMPLOYEE,PERMANENT,2019-10-26,,F,Engineering,Dublin,CC-IE-027
HRIS-WKR-003790,WKR-PUB-003790,IE,LE-IE-SYNTH-001,ACTIVE,EMPLOYEE,PERMANENT,2024-07-10,,,Sales,Dublin,CC-IE-036
HRIS-WKR-003791,WKR-PUB-003791,IE,LE-IE-SYNTH-001,ACTIVE,EMPLOYEE,PERMANENT,2014-05-29,,M,Operations,Galway,CC-IE-025
HRIS-WKR-003792,WKR-PUB-003792,IE,LE-IE-SYNTH-001,ACTIVE,EMPLOYEE,PERMANENT,2014-11-27,,M,Sales,Remote-IE,CC-IE-018
HRIS-WKR-003793,WKR-PUB-003793,IE,LE-IE-SYNTH-001,ACTIVE,CONTRACTOR,PERMANENT,2022-10-05,,F,Operations,Dublin,CC-IE-038
HRIS-WKR-003794,WKR-PUB-003794,IE,LE-IE-SYNTH-001,TERMINATED,CONTRACTOR,PERMANENT,2021-01-30,2026-02-15,F,Engineering,Dublin,CC-IE-040
HRIS-WKR-003795,WKR-PUB-003795,IE,LE-IE-SYNTH-001,ACTIVE,EMPLOYEE,FIXED_TERM,2021-01-22,,F,Finance,Galway,CC-IE-006
HRIS-WKR-003796,WKR-PUB-003796,IE,LE-IE-SYNTH-001,ACTIVE,EMPLOYEE,APPRENTICE,2022-11-10,,M,Engineering,Dublin,CC-IE-027
HRIS-WKR-003797,WKR-PUB-003797,IE,LE-IE-SYNTH-001,ACTIVE,EMPLOYEE,FIXED_TERM,2018-09-11,,UNDISCLOSED,Sales,Dublin,CC-IE-008
HRIS-WKR-003798,WKR-PUB-003798,IE,LE-IE-SYNTH-001,ACTIVE,EMPLOYEE,PERMANENT,2016-04-15,,F,Sales,Limerick,CC-IE-004
HRIS-WKR-003799,WKR-PUB-003799,IE,LE-IE-SYNTH-001,ACTIVE,EMPLOYEE,PERMANENT,2020-01-18,,F,Finance,Dublin,CC-IE-001
HRIS-WKR-003800,WKR-PUB-003800,IE,LE-IE-SYNTH-001,ACTIVE,EMPLOYEE,PERMANENT,2017-05-30,,F,Engineering,Dublin,CC-IE-026
HRIS-WKR-003801,WKR-PUB-003801,IE,LE-IE-SYNTH-001,ACTIVE,EMPLOYEE,PERMANENT,2017-05-13,,M,Sales,Dublin,CC-IE-005
HRIS-WKR-003802,WKR-PUB-003802,IE,LE-IE-SYNTH-001,ACTIVE,EMPLOYEE,PERMANENT,2018-12-07,,M,People,Remote-IE,CC-IE-014
HRIS-WKR-003803,WKR-PUB-003803,IE,LE-IE-SYNTH-001,ACTIVE,EMPLOYEE,PERMANENT,2021-04-06,,M,Operations,Dublin,CC-IE-028
HRIS-WKR-003804,WKR-PUB-003804,IE,LE-IE-SYNTH-001,ACTIVE,EMPLOYEE,PERMANENT,2020-05-09,,M,Sales,Dublin,CC-IE-031
HRIS-WKR-003805,WKR-PUB-003805,IE,LE-IE-SYNTH-001,ACTIVE,EMPLOYEE,PERMANENT,2017-07-01,,F,Engineering,Dublin,CC-IE-028
HRIS-WKR-003806,WKR-PUB-003806,IE,LE-IE-SYNTH-001,ACTIVE,EMPLOYEE,PERMANENT,2021-09-28,,M,Finance,Galway,CC-IE-002
HRIS-WKR-003807,WKR-PUB-003807,IE,LE-IE-SYNTH-001,ACTIVE,CONTRACTOR,PERMANENT,2024-03-08,,UNDISCLOSED,Sales,Dublin,CC-IE-010
HRIS-WKR-003808,WKR-PUB-003808,IE,LE-IE-SYNTH-001,ACTIVE,EMPLOYEE,PERMANENT,2023-07-24,,M,Sales,Cork,CC-IE-005
HRIS-WKR-003809,WKR-PUB-003809,IE,LE-IE-SYNTH-001,ACTIVE,EMPLOYEE,PERMANENT,2015-12-12,,F,People,Cork,CC-IE-014
HRIS-WKR-003810,WKR-PUB-003810,IE,LE-IE-SYNTH-001,ACTIVE,EMPLOYEE,PERMANENT,2025-04-27,,M,Engineering,Dublin,CC-IE-003
HRIS-WKR-003811,WKR-PUB-003811,IE,LE-IE-SYNTH-001,ACTIVE,EMPLOYEE,PERMANENT,2021-10-31,,M,Finance,Limerick,CC-IE-029
HRIS-WKR-003812,WKR-PUB-003812,IE,LE-IE-SYNTH-001,ACTIVE,EMPLOYEE,PERMANENT,2014-08-31,,M,People,Cork,CC-IE-028
HRIS-WKR-003813,WKR-PUB-003813,IE,LE-IE-SYNTH-001,ACTIVE,EMPLOYEE,PERMANENT,2020-07-19,,M,Operations,Limerick,CC-IE-001
HRIS-WKR-003814,WKR-PUB-003814,IE,LE-IE-SYNTH-001,ACTIVE,EMPLOYEE,PERMANENT,2025-01-09,,M,Engineering,Cork,CC-IE-005
HRIS-WKR-003815,WKR-PUB-003815,IE,LE-IE-SYNTH-001,ACTIVE,EMPLOYEE,PERMANENT,2020-12-14,,M,People,Dublin,CC-IE-026
HRIS-WKR-003816,WKR-PUB-003816,IE,LE-IE-SYNTH-001,ACTIVE,EMPLOYEE,FIXED_TERM,2017-03-25,,F,Sales,Cork,CC-IE-032
HRIS-WKR-003817,WKR-PUB-003817,IE,LE-IE-SYNTH-001,ACTIVE,CONTRACTOR,FIXED_TERM,2020-11-10,,F,Finance,Limerick,CC-IE-028
HRIS-WKR-003818,WKR-PUB-003818,IE,LE-IE-SYNTH-001,ACTIVE,EMPLOYEE,PERMANENT,2014-11-02,,M,Operations,Galway,CC-IE-028
HRIS-WKR-003819,WKR-PUB-003819,IE,LE-IE-SYNTH-001,ACTIVE,EMPLOYEE,FIXED_TERM,2020-12-22,,F,Operations,Dublin,CC-IE-003
HRIS-WKR-003820,WKR-PUB-003820,IE,LE-IE-SYNTH-001,ACTIVE,EMPLOYEE,FIXED_TERM,2018-04-05,,F,Sales,Dublin,CC-IE-018
HRIS-WKR-003821,WKR-PUB-003821,IE,LE-IE-SYNTH-001,ACTIVE,EMPLOYEE,FIXED_TERM,2023-03-02,,F,Sales,Remote-IE,CC-IE-025
HRIS-WKR-003822,WKR-PUB-003822,IE,LE-IE-SYNTH-001,ACTIVE,EMPLOYEE,PERMANENT,2023-11-17,,M,Engineering,Dublin,CC-IE-040
HRIS-WKR-003823,WKR-PUB-003823,IE,LE-IE-SYNTH-001,ACTIVE,EMPLOYEE,PERMANENT,2022-02-25,,F,Operations,Remote-IE,CC-IE-030
HRIS-WKR-003824,WKR-PUB-003824,IE,LE-IE-SYNTH-001,ACTIVE,EMPLOYEE,PERMANENT,2022-03-23,,M,People,Dublin,CC-IE-024
HRIS-WKR-003825,WKR-PUB-003825,IE,LE-IE-SYNTH-001,ACTIVE,CONTRACTOR,PERMANENT,2019-01-16,,F,Sales,Dublin,CC-IE-039
HRIS-WKR-003826,WKR-PUB-003826,IE,LE-IE-SYNTH-001,ACTIVE,EMPLOYEE,PERMANENT,2018-04-16,,UNDISCLOSED,Engineering,Dublin,CC-IE-022
HRIS-WKR-003827,WKR-PUB-003827,IE,LE-IE-SYNTH-001,ACTIVE,EMPLOYEE,PERMANENT,2017-08-06,,F,Engineering,Cork,CC-IE-011
HRIS-WKR-003828,WKR-PUB-003828,IE,LE-IE-SYNTH-001,TERMINATED,EMPLOYEE,PERMANENT,2016-01-15,2026-04-19,F,Operations,Dublin,CC-IE-009
HRIS-WKR-003829,WKR-PUB-003829,IE,LE-IE-SYNTH-001,ACTIVE,EMPLOYEE,PERMANENT,2024-12-12,,NB,Finance,Galway,CC-IE-025
HRIS-WKR-003830,WKR-PUB-003830,IE,LE-IE-SYNTH-001,ACTIVE,EMPLOYEE,FIXED_TERM,2018-11-16,,M,Technology,Limerick,CC-IE-027
HRIS-WKR-003831,WKR-PUB-003831,IE,LE-IE-SYNTH-001,ACTIVE,EMPLOYEE,PERMANENT,2020-07-07,,UNDISCLOSED,Technology,Dublin,CC-IE-034
HRIS-WKR-003832,WKR-PUB-003832,IE,LE-IE-SYNTH-001,ACTIVE,EMPLOYEE,PERMANENT,2018-09-26,,F,Sales,Dublin,CC-IE-034
HRIS-WKR-003833,WKR-PUB-003833,IE,LE-IE-SYNTH-001,ACTIVE,EMPLOYEE,FIXED_TERM,2018-03-15,,M,Engineering,Dublin,CC-IE-025
HRIS-WKR-003834,WKR-PUB-003834,IE,LE-IE-SYNTH-001,ACTIVE,EMPLOYEE,FIXED_TERM,2014-12-09,,M,Sales,Dublin,CC-IE-013
HRIS-WKR-003835,WKR-PUB-003835,IE,LE-IE-SYNTH-001,ACTIVE,EMPLOYEE,FIXED_TERM,2020-02-19,,F,Technology,Dublin,CC-IE-029
HRIS-WKR-003836,WKR-PUB-003836,IE,LE-IE-SYNTH-001,ACTIVE,EMPLOYEE,PERMANENT,2014-02-02,,M,Operations,Dublin,CC-IE-026
HRIS-WKR-003837,WKR-PUB-003837,IE,LE-IE-SYNTH-001,ACTIVE,EMPLOYEE,PERMANENT,2017-09-19,,F,Finance,Dublin,CC-IE-020
HRIS-WKR-003838,WKR-PUB-003838,IE,LE-IE-SYNTH-001,ACTIVE,EMPLOYEE,PERMANENT,2015-09-13,,F,Operations,Remote-IE,CC-IE-021
HRIS-WKR-003839,WKR-PUB-003839,IE,LE-IE-SYNTH-001,ACTIVE,EMPLOYEE,PERMANENT,2018-09-28,,M,Finance,Galway,CC-IE-039
HRIS-WKR-003840,WKR-PUB-003840,IE,LE-IE-SYNTH-001,ACTIVE,EMPLOYEE,PERMANENT,2019-02-13,,F,Sales,Galway,CC-IE-030
HRIS-WKR-003841,WKR-PUB-003841,IE,LE-IE-SYNTH-001,ACTIVE,CONTRACTOR,PERMANENT,2024-07-26,,M,Technology,Dublin,CC-IE-016
HRIS-WKR-003842,WKR-PUB-003842,IE,LE-IE-SYNTH-001,ACTIVE,EMPLOYEE,PERMANENT,2021-07-19,,F,Technology,Dublin,CC-IE-023
HRIS-WKR-003843,WKR-PUB-003843,IE,LE-IE-SYNTH-001,ACTIVE,EMPLOYEE,PERMANENT,2018-04-29,,M,People,Dublin,CC-IE-036
HRIS-WKR-003844,WKR-PUB-003844,IE,LE-IE-SYNTH-001,ACTIVE,EMPLOYEE,FIXED_TERM,2015-08-24,,M,Engineering,Dublin,CC-IE-023
HRIS-WKR-003845,WKR-PUB-003845,IE,LE-IE-SYNTH-001,ACTIVE,EMPLOYEE,PERMANENT,2014-07-20,,M,Technology,Remote-IE,CC-IE-032
HRIS-WKR-003846,WKR-PUB-003846,IE,LE-IE-SYNTH-001,ACTIVE,EMPLOYEE,PERMANENT,2016-05-06,,F,Operations,Cork,CC-IE-013
HRIS-WKR-003847,WKR-PUB-003847,IE,LE-IE-SYNTH-001,ACTIVE,CONTRACTOR,PERMANENT,2021-10-06,,M,Operations,Galway,CC-IE-018
HRIS-WKR-003848,WKR-PUB-003848,IE,LE-IE-SYNTH-001,TERMINATED,EMPLOYEE,PERMANENT,2015-02-16,2026-09-29,F,People,Dublin,CC-IE-023
HRIS-WKR-003849,WKR-PUB-003849,IE,LE-IE-SYNTH-001,ACTIVE,EMPLOYEE,PERMANENT,2021-06-15,,M,Operations,Dublin,CC-IE-018
HRIS-WKR-003850,WKR-PUB-003850,IE,LE-IE-SYNTH-001,ACTIVE,EMPLOYEE,PERMANENT,2023-05-04,,F,People,Limerick,CC-IE-034
HRIS-WKR-003851,WKR-PUB-003851,IE,LE-IE-SYNTH-001,ACTIVE,EMPLOYEE,PERMANENT,2020-12-23,,F,Finance,Dublin,CC-IE-029
HRIS-WKR-003852,WKR-PUB-003852,IE,LE-IE-SYNTH-001,ACTIVE,EMPLOYEE,PERMANENT,2021-08-20,,F,Finance,Cork,CC-IE-020
HRIS-WKR-003853,WKR-PUB-003853,IE,LE-IE-SYNTH-001,ACTIVE,EMPLOYEE,PERMANENT,2015-03-08,,F,Engineering,Dublin,CC-IE-023
HRIS-WKR-003854,WKR-PUB-003854,IE,LE-IE-SYNTH-001,ACTIVE,EMPLOYEE,PERMANENT,2015-07-25,,F,Engineering,Dublin,CC-IE-035
HRIS-WKR-003855,WKR-PUB-003855,IE,LE-IE-SYNTH-001,ACTIVE,EMPLOYEE,PERMANENT,2017-09-05,,M,Sales,Dublin,CC-IE-012
HRIS-WKR-003856,WKR-PUB-003856,IE,LE-IE-SYNTH-001,ACTIVE,EMPLOYEE,FIXED_TERM,2022-08-26,,F,People,Galway,CC-IE-017
HRIS-WKR-003857,WKR-PUB-003857,IE,LE-IE-SYNTH-001,ACTIVE,EMPLOYEE,FIXED_TERM,2017-04-10,,M,Engineering,Remote-IE,CC-IE-018
HRIS-WKR-003858,WKR-PUB-003858,IE,LE-IE-SYNTH-001,ACTIVE,EMPLOYEE,PERMANENT,2014-10-25,,M,Finance,Galway,CC-IE-002
HRIS-WKR-003859,WKR-PUB-003859,IE,LE-IE-SYNTH-001,ACTIVE,EMPLOYEE,FIXED_TERM,2019-06-11,,F,Technology,Dublin,CC-IE-020
HRIS-WKR-003860,WKR-PUB-003860,IE,LE-IE-SYNTH-001,ACTIVE,EMPLOYEE,PERMANENT,2024-12-08,,F,Engineering,Dublin,CC-IE-025
HRIS-WKR-003861,WKR-PUB-003861,IE,LE-IE-SYNTH-001,ACTIVE,EMPLOYEE,PERMANENT,2024-08-06,,F,Engineering,Remote-IE,CC-IE-030
HRIS-WKR-003862,WKR-PUB-003862,IE,LE-IE-SYNTH-001,ACTIVE,EMPLOYEE,PERMANENT,2017-06-14,,M,Engineering,Remote-IE,CC-IE-039
HRIS-WKR-003863,WKR-PUB-003863,IE,LE-IE-SYNTH-001,ACTIVE,EMPLOYEE,PERMANENT,2019-05-06,,F,People,Remote-IE,CC-IE-001
HRIS-WKR-003864,WKR-PUB-003864,IE,LE-IE-SYNTH-001,ACTIVE,EMPLOYEE,FIXED_TERM,2024-07-27,,F,Engineering,Dublin,CC-IE-031
HRIS-WKR-003865,WKR-PUB-003865,IE,LE-IE-SYNTH-001,TERMINATED,EMPLOYEE,PERMANENT,2017-04-12,2026-06-12,M,Engineering,Dublin,CC-IE-032
HRIS-WKR-003866,WKR-PUB-003866,IE,LE-IE-SYNTH-001,ACTIVE,EMPLOYEE,PERMANENT,2024-06-10,,M,Operations,Dublin,CC-IE-001
HRIS-WKR-003867,WKR-PUB-003867,IE,LE-IE-SYNTH-001,ACTIVE,EMPLOYEE,PERMANENT,2014-05-11,,M,Operations,Dublin,CC-IE-039
HRIS-WKR-003868,WKR-PUB-003868,IE,LE-IE-SYNTH-001,ACTIVE,EMPLOYEE,APPRENTICE,2017-06-06,,F,Finance,Galway,CC-IE-003
HRIS-WKR-003869,WKR-PUB-003869,IE,LE-IE-SYNTH-001,ACTIVE,EMPLOYEE,PERMANENT,2024-01-13,,M,Operations,Dublin,CC-IE-025
HRIS-WKR-003870,WKR-PUB-003870,IE,LE-IE-SYNTH-001,ACTIVE,EMPLOYEE,PERMANENT,2014-04-26,,F,Sales,Cork,CC-IE-018
HRIS-WKR-003871,WKR-PUB-003871,IE,LE-IE-SYNTH-001,ACTIVE,EMPLOYEE,PERMANENT,2014-01-10,,F,Operations,Dublin,CC-IE-010
HRIS-WKR-003872,WKR-PUB-003872,IE,LE-IE-SYNTH-001,ACTIVE,EMPLOYEE,FIXED_TERM,2023-04-29,,M,Sales,Dublin,CC-IE-027
HRIS-WKR-003873,WKR-PUB-003873,IE,LE-IE-SYNTH-001,ACTIVE,EMPLOYEE,PERMANENT,2015-09-08,,F,Operations,Dublin,CC-IE-005
HRIS-WKR-003874,WKR-PUB-003874,IE,LE-IE-SYNTH-001,ACTIVE,EMPLOYEE,PERMANENT,2025-11-02,,M,People,Dublin,CC-IE-024
HRIS-WKR-003875,WKR-PUB-003875,IE,LE-IE-SYNTH-001,ACTIVE,EMPLOYEE,PERMANENT,2021-10-13,,M,People,Dublin,CC-IE-002
HRIS-WKR-003876,WKR-PUB-003876,IE,LE-IE-SYNTH-001,ACTIVE,EMPLOYEE,PERMANENT,2017-12-08,,F,Engineering,Remote-IE,CC-IE-011
HRIS-WKR-003877,WKR-PUB-003877,IE,LE-IE-SYNTH-001,ACTIVE,EMPLOYEE,PERMANENT,2020-01-26,,F,Operations,Dublin,CC-IE-022
HRIS-WKR-003878,WKR-PUB-003878,IE,LE-IE-SYNTH-001,ACTIVE,EMPLOYEE,PERMANENT,2016-12-07,,M,Finance,Remote-IE,CC-IE-016
HRIS-WKR-003879,WKR-PUB-003879,IE,LE-IE-SYNTH-001,ACTIVE,EMPLOYEE,PERMANENT,2025-03-12,,M,Operations,Dublin,CC-IE-014
HRIS-WKR-003880,WKR-PUB-003880,IE,LE-IE-SYNTH-001,ACTIVE,CONTRACTOR,PERMANENT,2021-10-11,,M,Engineering,Dublin,CC-IE-031
HRIS-WKR-003881,WKR-PUB-003881,IE,LE-IE-SYNTH-001,ACTIVE,EMPLOYEE,APPRENTICE,2014-10-10,,M,Engineering,Galway,CC-IE-033
HRIS-WKR-003882,WKR-PUB-003882,IE,LE-IE-SYNTH-001,ACTIVE,EMPLOYEE,FIXED_TERM,2020-08-04,,M,Sales,Dublin,CC-IE-031
HRIS-WKR-003883,WKR-PUB-003883,IE,LE-IE-SYNTH-001,ACTIVE,EMPLOYEE,PERMANENT,2025-09-24,,M,Engineering,Dublin,CC-IE-017
HRIS-WKR-003884,WKR-PUB-003884,IE,LE-IE-SYNTH-001,ACTIVE,EMPLOYEE,FIXED_TERM,2016-06-21,,M,Finance,Dublin,CC-IE-006
HRIS-WKR-003885,WKR-PUB-003885,IE,LE-IE-SYNTH-001,ACTIVE,EMPLOYEE,PERMANENT,2024-04-01,,M,Sales,Remote-IE,CC-IE-035
HRIS-WKR-003886,WKR-PUB-003886,IE,LE-IE-SYNTH-001,ACTIVE,EMPLOYEE,PERMANENT,2020-04-09,,F,Engineering,Remote-IE,CC-IE-034
HRIS-WKR-003887,WKR-PUB-003887,IE,LE-IE-SYNTH-001,ACTIVE,EMPLOYEE,PERMANENT,2017-12-12,,F,Operations,Dublin,CC-IE-037
HRIS-WKR-003888,WKR-PUB-003888,IE,LE-IE-SYNTH-001,ACTIVE,EMPLOYEE,FIXED_TERM,2018-09-22,,F,Sales,Remote-IE,CC-IE-040
HRIS-WKR-003889,WKR-PUB-003889,IE,LE-IE-SYNTH-001,ACTIVE,EMPLOYEE,PERMANENT,2019-11-17,,F,Engineering,Dublin,CC-IE-012
HRIS-WKR-003890,WKR-PUB-003890,IE,LE-IE-SYNTH-001,ACTIVE,EMPLOYEE,PERMANENT,2016-10-17,,M,Finance,Dublin,CC-IE-023
HRIS-WKR-003891,WKR-PUB-003891,IE,LE-IE-SYNTH-001,ACTIVE,EMPLOYEE,PERMANENT,2026-01-20,,F,Engineering,Limerick,CC-IE-004
HRIS-WKR-003892,WKR-PUB-003892,IE,LE-IE-SYNTH-001,ACTIVE,EMPLOYEE,PERMANENT,2019-03-14,,F,Finance,Cork,CC-IE-001
HRIS-WKR-003893,WKR-PUB-003893,IE,LE-IE-SYNTH-001,ACTIVE,EMPLOYEE,PERMANENT,2020-08-15,,F,Engineering,Remote-IE,CC-IE-030
HRIS-WKR-003894,WKR-PUB-003894,IE,LE-IE-SYNTH-001,ACTIVE,EMPLOYEE,PERMANENT,2024-08-17,,F,Engineering,Remote-IE,CC-IE-017
HRIS-WKR-003895,WKR-PUB-003895,IE,LE-IE-SYNTH-001,ACTIVE,EMPLOYEE,PERMANENT,2024-12-06,,F,Finance,Dublin,CC-IE-021
HRIS-WKR-003896,WKR-PUB-003896,IE,LE-IE-SYNTH-001,ACTIVE,EMPLOYEE,PERMANENT,2025-07-16,,M,Operations,Dublin,CC-IE-036
HRIS-WKR-003897,WKR-PUB-003897,IE,LE-IE-SYNTH-001,ACTIVE,EMPLOYEE,PERMANENT,2021-02-11,,M,Technology,Dublin,CC-IE-020
HRIS-WKR-003898,WKR-PUB-003898,IE,LE-IE-SYNTH-001,ACTIVE,EMPLOYEE,FIXED_TERM,2025-03-08,,F,Finance,Galway,CC-IE-029
HRIS-WKR-003899,WKR-PUB-003899,IE,LE-IE-SYNTH-001,ACTIVE,EMPLOYEE,FIXED_TERM,2017-10-18,,F,Engineering,Remote-IE,CC-IE-015
HRIS-WKR-003900,WKR-PUB-003900,IE,LE-IE-SYNTH-001,ACTIVE,EMPLOYEE,PERMANENT,2019-04-18,,M,Engineering,Dublin,CC-IE-031
HRIS-WKR-003901,WKR-PUB-003901,IE,LE-IE-SYNTH-001,ACTIVE,EMPLOYEE,PERMANENT,2024-11-09,,M,Sales,Galway,CC-IE-024
HRIS-WKR-003902,WKR-PUB-003902,IE,LE-IE-SYNTH-001,ACTIVE,EMPLOYEE,PERMANENT,2020-03-02,,M,Operations,Dublin,CC-IE-026
HRIS-WKR-003903,WKR-PUB-003903,IE,LE-IE-SYNTH-001,ACTIVE,EMPLOYEE,PERMANENT,2022-03-24,,F,People,Dublin,CC-IE-004
HRIS-WKR-003904,WKR-PUB-003904,IE,LE-IE-SYNTH-001,ACTIVE,EMPLOYEE,PERMANENT,2024-06-11,,F,Operations,Cork,CC-IE-030
HRIS-WKR-003905,WKR-PUB-003905,IE,LE-IE-SYNTH-001,ACTIVE,EMPLOYEE,PERMANENT,2020-09-16,,M,Engineering,Dublin,CC-IE-016
HRIS-WKR-003906,WKR-PUB-003906,IE,LE-IE-SYNTH-001,TERMINATED,EMPLOYEE,PERMANENT,2018-06-24,2026-06-15,M,Sales,Dublin,CC-IE-035
HRIS-WKR-003907,WKR-PUB-003907,IE,LE-IE-SYNTH-001,ACTIVE,EMPLOYEE,PERMANENT,2024-09-21,,M,Finance,Dublin,CC-IE-007
HRIS-WKR-003908,WKR-PUB-003908,IE,LE-IE-SYNTH-001,ACTIVE,CONTRACTOR,PERMANENT,2017-04-12,,M,Finance,Remote-IE,CC-IE-026
HRIS-WKR-003909,WKR-PUB-003909,IE,LE-IE-SYNTH-001,ACTIVE,EMPLOYEE,PERMANENT,2017-03-10,,F,Technology,Cork,CC-IE-030
HRIS-WKR-003910,WKR-PUB-003910,IE,LE-IE-SYNTH-001,ACTIVE,EMPLOYEE,PERMANENT,2016-07-19,,M,Engineering,Dublin,CC-IE-016
HRIS-WKR-003911,WKR-PUB-003911,IE,LE-IE-SYNTH-001,ACTIVE,EMPLOYEE,PERMANENT,2016-11-09,,,Operations,Dublin,CC-IE-030
HRIS-WKR-003912,WKR-PUB-003912,IE,LE-IE-SYNTH-001,TERMINATED,EMPLOYEE,FIXED_TERM,2018-04-12,2026-08-21,F,Sales,Dublin,CC-IE-010
HRIS-WKR-003913,WKR-PUB-003913,IE,LE-IE-SYNTH-001,ACTIVE,EMPLOYEE,PERMANENT,2023-04-29,,M,Engineering,Remote-IE,CC-IE-024
HRIS-WKR-003914,WKR-PUB-003914,IE,LE-IE-SYNTH-001,ACTIVE,EMPLOYEE,FIXED_TERM,2015-05-28,,M,Technology,Cork,CC-IE-015
HRIS-WKR-003915,WKR-PUB-003915,IE,LE-IE-SYNTH-001,ACTIVE,EMPLOYEE,PERMANENT,2021-02-14,,M,Finance,Dublin,CC-IE-036
HRIS-WKR-003916,WKR-PUB-003916,IE,LE-IE-SYNTH-001,ACTIVE,EMPLOYEE,PERMANENT,2014-02-08,,M,Sales,Dublin,CC-IE-025
HRIS-WKR-003917,WKR-PUB-003917,IE,LE-IE-SYNTH-001,ACTIVE,EMPLOYEE,PERMANENT,2016-05-06,,F,Sales,Cork,CC-IE-020
HRIS-WKR-003918,WKR-PUB-003918,IE,LE-IE-SYNTH-001,ACTIVE,EMPLOYEE,PERMANENT,2020-03-17,,M,People,Dublin,CC-IE-038
HRIS-WKR-003919,WKR-PUB-003919,IE,LE-IE-SYNTH-001,ACTIVE,EMPLOYEE,PERMANENT,2014-05-25,,M,Sales,Dublin,CC-IE-023
HRIS-WKR-003920,WKR-PUB-003920,IE,LE-IE-SYNTH-001,ACTIVE,EMPLOYEE,FIXED_TERM,2020-03-19,,M,Engineering,Dublin,CC-IE-015
HRIS-WKR-003921,WKR-PUB-003921,IE,LE-IE-SYNTH-001,ACTIVE,EMPLOYEE,PERMANENT,2018-04-30,,,Sales,Dublin,CC-IE-037
HRIS-WKR-003922,WKR-PUB-003922,IE,LE-IE-SYNTH-001,ACTIVE,EMPLOYEE,FIXED_TERM,2019-02-26,,M,Operations,Dublin,CC-IE-013
HRIS-WKR-003923,WKR-PUB-003923,IE,LE-IE-SYNTH-001,ACTIVE,EMPLOYEE,PERMANENT,2015-11-17,,F,People,Galway,CC-IE-018
HRIS-WKR-003924,WKR-PUB-003924,IE,LE-IE-SYNTH-001,ACTIVE,EMPLOYEE,PERMANENT,2019-06-30,,M,Sales,Cork,CC-IE-001
HRIS-WKR-003925,WKR-PUB-003925,IE,LE-IE-SYNTH-001,ACTIVE,EMPLOYEE,FIXED_TERM,2025-12-25,,M,Sales,Dublin,CC-IE-012
HRIS-WKR-003926,WKR-PUB-003926,IE,LE-IE-SYNTH-001,ACTIVE,EMPLOYEE,PERMANENT,2025-05-18,,M,Finance,Dublin,CC-IE-002
HRIS-WKR-003927,WKR-PUB-003927,IE,LE-IE-SYNTH-001,ACTIVE,EMPLOYEE,FIXED_TERM,2023-12-28,,M,Engineering,Dublin,CC-IE-014
HRIS-WKR-003928,WKR-PUB-003928,IE,LE-IE-SYNTH-001,ACTIVE,EMPLOYEE,PERMANENT,2017-02-22,,F,Engineering,Dublin,CC-IE-033
HRIS-WKR-003929,WKR-PUB-003929,IE,LE-IE-SYNTH-001,ACTIVE,EMPLOYEE,PERMANENT,2020-12-17,,M,Sales,Galway,CC-IE-010
HRIS-WKR-003930,WKR-PUB-003930,IE,LE-IE-SYNTH-001,ACTIVE,EMPLOYEE,FIXED_TERM,2021-01-28,,F,Engineering,Galway,CC-IE-028
HRIS-WKR-003931,WKR-PUB-003931,IE,LE-IE-SYNTH-001,ACTIVE,EMPLOYEE,FIXED_TERM,2025-12-25,,F,Engineering,Remote-IE,CC-IE-031
HRIS-WKR-003932,WKR-PUB-003932,IE,LE-IE-SYNTH-001,ACTIVE,CONTRACTOR,PERMANENT,2023-04-27,,F,Operations,Remote-IE,CC-IE-038
HRIS-WKR-003933,WKR-PUB-003933,IE,LE-IE-SYNTH-001,ACTIVE,CONTRACTOR,PERMANENT,2025-05-01,,F,Sales,Dublin,CC-IE-001
HRIS-WKR-003934,WKR-PUB-003934,IE,LE-IE-SYNTH-001,ACTIVE,EMPLOYEE,PERMANENT,2025-01-26,,M,Finance,Galway,CC-IE-013
HRIS-WKR-003935,WKR-PUB-003935,IE,LE-IE-SYNTH-001,ACTIVE,EMPLOYEE,PERMANENT,2022-08-08,,M,Sales,Dublin,CC-IE-013
HRIS-WKR-003936,WKR-PUB-003936,IE,LE-IE-SYNTH-001,ACTIVE,EMPLOYEE,PERMANENT,2020-04-22,,F,Operations,Dublin,CC-IE-034
HRIS-WKR-003937,WKR-PUB-003937,IE,LE-IE-SYNTH-001,ACTIVE,EMPLOYEE,PERMANENT,2026-02-07,,F,Engineering,Cork,CC-IE-040
HRIS-WKR-003938,WKR-PUB-003938,IE,LE-IE-SYNTH-001,ACTIVE,CONTRACTOR,PERMANENT,2017-04-26,,F,Finance,Cork,CC-IE-018
HRIS-WKR-003939,WKR-PUB-003939,IE,LE-IE-SYNTH-001,ACTIVE,EMPLOYEE,PERMANENT,2021-03-02,,M,Operations,Galway,CC-IE-004
HRIS-WKR-003940,WKR-PUB-003940,IE,LE-IE-SYNTH-001,ACTIVE,EMPLOYEE,PERMANENT,2025-12-07,,F,Engineering,Cork,CC-IE-021
HRIS-WKR-003941,WKR-PUB-003941,IE,LE-IE-SYNTH-001,ACTIVE,EMPLOYEE,PERMANENT,2022-04-24,,M,Operations,Limerick,CC-IE-001
HRIS-WKR-003942,WKR-PUB-003942,IE,LE-IE-SYNTH-001,ACTIVE,EMPLOYEE,FIXED_TERM,2019-03-14,,M,Sales,Cork,CC-IE-016
HRIS-WKR-003943,WKR-PUB-003943,IE,LE-IE-SYNTH-001,ACTIVE,EMPLOYEE,PERMANENT,2019-10-07,,M,Technology,Dublin,CC-IE-024
HRIS-WKR-003944,WKR-PUB-003944,IE,LE-IE-SYNTH-001,ACTIVE,EMPLOYEE,PERMANENT,2020-07-01,,F,Sales,Dublin,CC-IE-018
HRIS-WKR-003945,WKR-PUB-003945,IE,LE-IE-SYNTH-001,ACTIVE,EMPLOYEE,PERMANENT,2022-01-18,,M,Finance,Limerick,CC-IE-029
HRIS-WKR-003946,WKR-PUB-003946,IE,LE-IE-SYNTH-001,ACTIVE,EMPLOYEE,PERMANENT,2025-07-21,,M,People,Dublin,CC-IE-030
HRIS-WKR-003947,WKR-PUB-003947,IE,LE-IE-SYNTH-001,ACTIVE,EMPLOYEE,PERMANENT,2020-08-18,,M,People,Cork,CC-IE-011
HRIS-WKR-003948,WKR-PUB-003948,IE,LE-IE-SYNTH-001,ACTIVE,EMPLOYEE,PERMANENT,2024-10-27,,M,Engineering,Remote-IE,CC-IE-016
HRIS-WKR-003949,WKR-PUB-003949,IE,LE-IE-SYNTH-001,ACTIVE,EMPLOYEE,PERMANENT,2019-11-21,,F,Sales,Dublin,CC-IE-029
HRIS-WKR-003950,WKR-PUB-003950,IE,LE-IE-SYNTH-001,ACTIVE,EMPLOYEE,PERMANENT,2015-10-27,,F,Technology,Dublin,CC-IE-024
HRIS-WKR-003951,WKR-PUB-003951,IE,LE-IE-SYNTH-001,ACTIVE,EMPLOYEE,PERMANENT,2020-08-06,,F,Operations,Dublin,CC-IE-021
HRIS-WKR-003952,WKR-PUB-003952,IE,LE-IE-SYNTH-001,ACTIVE,CONTRACTOR,PERMANENT,2018-06-02,,F,Sales,Galway,CC-IE-038
HRIS-WKR-003953,WKR-PUB-003953,IE,LE-IE-SYNTH-001,ACTIVE,EMPLOYEE,PERMANENT,2014-02-05,,M,Operations,Remote-IE,CC-IE-009
HRIS-WKR-003954,WKR-PUB-003954,IE,LE-IE-SYNTH-001,ACTIVE,EMPLOYEE,PERMANENT,2023-01-28,,F,Technology,Dublin,CC-IE-004
HRIS-WKR-003955,WKR-PUB-003955,IE,LE-IE-SYNTH-001,ACTIVE,EMPLOYEE,PERMANENT,2022-09-03,,F,Finance,Remote-IE,CC-IE-015
HRIS-WKR-003956,WKR-PUB-003956,IE,LE-IE-SYNTH-001,ACTIVE,EMPLOYEE,PERMANENT,2015-08-12,,M,Sales,Dublin,CC-IE-030
HRIS-WKR-003957,WKR-PUB-003957,IE,LE-IE-SYNTH-001,ACTIVE,EMPLOYEE,PERMANENT,2023-04-21,,M,Finance,Dublin,CC-IE-029
HRIS-WKR-003958,WKR-PUB-003958,IE,LE-IE-SYNTH-001,TERMINATED,EMPLOYEE,PERMANENT,2019-09-11,2026-03-03,M,Sales,Dublin,CC-IE-011
HRIS-WKR-003959,WKR-PUB-003959,IE,LE-IE-SYNTH-001,ACTIVE,EMPLOYEE,FIXED_TERM,2018-05-02,,M,Engineering,Dublin,CC-IE-009
HRIS-WKR-003960,WKR-PUB-003960,IE,LE-IE-SYNTH-001,ACTIVE,EMPLOYEE,PERMANENT,2024-11-29,,M,Engineering,Limerick,CC-IE-013
HRIS-WKR-003961,WKR-PUB-003961,IE,LE-IE-SYNTH-001,ACTIVE,EMPLOYEE,PERMANENT,2021-02-14,,M,Sales,Galway,CC-IE-001
HRIS-WKR-003962,WKR-PUB-003962,IE,LE-IE-SYNTH-001,ACTIVE,EMPLOYEE,PERMANENT,2015-07-18,,F,Sales,Dublin,CC-IE-018
HRIS-WKR-003963,WKR-PUB-003963,IE,LE-IE-SYNTH-001,ACTIVE,EMPLOYEE,PERMANENT,2019-07-08,,M,Operations,Galway,CC-IE-029
HRIS-WKR-003964,WKR-PUB-003964,IE,LE-IE-SYNTH-001,ACTIVE,EMPLOYEE,PERMANENT,2021-07-27,,F,Technology,Dublin,CC-IE-010
HRIS-WKR-003965,WKR-PUB-003965,IE,LE-IE-SYNTH-001,ACTIVE,EMPLOYEE,PERMANENT,2017-05-04,,F,People,Dublin,CC-IE-032
HRIS-WKR-003966,WKR-PUB-003966,IE,LE-IE-SYNTH-001,ACTIVE,EMPLOYEE,PERMANENT,2015-06-14,,M,People,Dublin,CC-IE-030
HRIS-WKR-003967,WKR-PUB-003967,IE,LE-IE-SYNTH-001,ACTIVE,EMPLOYEE,PERMANENT,2017-09-09,,M,People,Cork,CC-IE-012
HRIS-WKR-003968,WKR-PUB-003968,IE,LE-IE-SYNTH-001,ACTIVE,EMPLOYEE,PERMANENT,2023-06-11,,M,Finance,Cork,CC-IE-027
HRIS-WKR-003969,WKR-PUB-003969,IE,LE-IE-SYNTH-001,ACTIVE,EMPLOYEE,FIXED_TERM,2014-08-20,,M,Finance,Dublin,CC-IE-019
HRIS-WKR-003970,WKR-PUB-003970,IE,LE-IE-SYNTH-001,ACTIVE,EMPLOYEE,PERMANENT,2021-07-19,,F,Engineering,Cork,CC-IE-031
HRIS-WKR-003971,WKR-PUB-003971,IE,LE-IE-SYNTH-001,ACTIVE,EMPLOYEE,PERMANENT,2021-05-31,,NB,Sales,Dublin,CC-IE-030
HRIS-WKR-003972,WKR-PUB-003972,IE,LE-IE-SYNTH-001,ACTIVE,EMPLOYEE,FIXED_TERM,2023-08-23,,F,People,Dublin,CC-IE-006
HRIS-WKR-003973,WKR-PUB-003973,IE,LE-IE-SYNTH-001,ACTIVE,EMPLOYEE,PERMANENT,2014-08-01,,F,People,Galway,CC-IE-039
HRIS-WKR-003974,WKR-PUB-003974,IE,LE-IE-SYNTH-001,ACTIVE,EMPLOYEE,PERMANENT,2015-05-15,,F,Sales,Cork,CC-IE-028
HRIS-WKR-003975,WKR-PUB-003975,IE,LE-IE-SYNTH-001,ACTIVE,CONTRACTOR,PERMANENT,2019-10-08,,M,Engineering,Cork,CC-IE-027
HRIS-WKR-003976,WKR-PUB-003976,IE,LE-IE-SYNTH-001,ACTIVE,EMPLOYEE,PERMANENT,2024-12-11,,M,Operations,Limerick,CC-IE-037
HRIS-WKR-003977,WKR-PUB-003977,IE,LE-IE-SYNTH-001,ACTIVE,EMPLOYEE,PERMANENT,2019-02-10,,F,Operations,Dublin,CC-IE-025
HRIS-WKR-003978,WKR-PUB-003978,IE,LE-IE-SYNTH-001,ACTIVE,EMPLOYEE,PERMANENT,2019-02-09,,M,People,Dublin,CC-IE-017
HRIS-WKR-003979,WKR-PUB-003979,IE,LE-IE-SYNTH-001,ACTIVE,CONTRACTOR,FIXED_TERM,2025-08-17,,F,People,Limerick,CC-IE-008
HRIS-WKR-003980,WKR-PUB-003980,IE,LE-IE-SYNTH-001,ACTIVE,EMPLOYEE,PERMANENT,2023-04-03,,F,Operations,Remote-IE,CC-IE-035
HRIS-WKR-003981,WKR-PUB-003981,IE,LE-IE-SYNTH-001,ACTIVE,EMPLOYEE,PERMANENT,2025-09-21,,M,Engineering,Dublin,CC-IE-040
HRIS-WKR-003982,WKR-PUB-003982,IE,LE-IE-SYNTH-001,ACTIVE,CONTRACTOR,PERMANENT,2022-12-23,,M,Engineering,Remote-IE,CC-IE-026
HRIS-WKR-003983,WKR-PUB-003983,IE,LE-IE-SYNTH-001,ACTIVE,EMPLOYEE,PERMANENT,2023-02-18,,F,Engineering,Galway,CC-IE-039
HRIS-WKR-003984,WKR-PUB-003984,IE,LE-IE-SYNTH-001,ACTIVE,EMPLOYEE,PERMANENT,2016-03-25,,M,Finance,Limerick,CC-IE-039
HRIS-WKR-003985,WKR-PUB-003985,IE,LE-IE-SYNTH-001,ACTIVE,EMPLOYEE,FIXED_TERM,2021-05-12,,NB,Engineering,Limerick,CC-IE-028
HRIS-WKR-003986,WKR-PUB-003986,IE,LE-IE-SYNTH-001,ACTIVE,CONTRACTOR,PERMANENT,2023-10-24,,M,Engineering,Dublin,CC-IE-029
HRIS-WKR-003987,WKR-PUB-003987,IE,LE-IE-SYNTH-001,ACTIVE,EMPLOYEE,PERMANENT,2019-04-03,,M,Operations,Dublin,CC-IE-002
HRIS-WKR-003988,WKR-PUB-003988,IE,LE-IE-SYNTH-001,ACTIVE,EMPLOYEE,FIXED_TERM,2021-10-27,,F,Sales,Cork,CC-IE-020
HRIS-WKR-003989,WKR-PUB-003989,IE,LE-IE-SYNTH-001,ACTIVE,EMPLOYEE,PERMANENT,2021-07-27,,M,Engineering,Limerick,CC-IE-011
HRIS-WKR-003990,WKR-PUB-003990,IE,LE-IE-SYNTH-001,ACTIVE,CONTRACTOR,PERMANENT,2019-05-09,,F,Sales,Cork,CC-IE-031
HRIS-WKR-003991,WKR-PUB-003991,IE,LE-IE-SYNTH-001,ACTIVE,EMPLOYEE,PERMANENT,2025-07-09,,M,Engineering,Remote-IE,CC-IE-007
HRIS-WKR-003992,WKR-PUB-003992,IE,LE-IE-SYNTH-001,ACTIVE,EMPLOYEE,PERMANENT,2016-06-25,,F,Technology,Dublin,CC-IE-012
HRIS-WKR-003993,WKR-PUB-003993,IE,LE-IE-SYNTH-001,ACTIVE,EMPLOYEE,PERMANENT,2014-10-09,,M,Operations,Dublin,CC-IE-020
HRIS-WKR-003994,WKR-PUB-003994,IE,LE-IE-SYNTH-001,ACTIVE,EMPLOYEE,PERMANENT,2014-12-31,,F,People,Cork,CC-IE-028
HRIS-WKR-003995,WKR-PUB-003995,IE,LE-IE-SYNTH-001,ACTIVE,EMPLOYEE,PERMANENT,2016-11-04,,F,Technology,Galway,CC-IE-027
HRIS-WKR-003996,WKR-PUB-003996,IE,LE-IE-SYNTH-001,ACTIVE,EMPLOYEE,PERMANENT,2020-11-27,,F,Engineering,Dublin,CC-IE-033
HRIS-WKR-003997,WKR-PUB-003997,IE,LE-IE-SYNTH-001,ACTIVE,EMPLOYEE,FIXED_TERM,2022-08-02,,F,Sales,Dublin,CC-IE-020
HRIS-WKR-003998,WKR-PUB-003998,IE,LE-IE-SYNTH-001,ACTIVE,EMPLOYEE,PERMANENT,2015-09-13,,M,Technology,Dublin,CC-IE-026
HRIS-WKR-003999,WKR-PUB-003999,IE,LE-IE-SYNTH-001,ACTIVE,EMPLOYEE,FIXED_TERM,2014-09-24,,M,Engineering,Remote-IE,CC-IE-035
HRIS-WKR-004000,WKR-PUB-004000,IE,LE-IE-SYNTH-001,ACTIVE,CONTRACTOR,PERMANENT,2016-10-23,,M,Finance,Cork,CC-IE-012
HRIS-WKR-004001,WKR-PUB-004001,IE,LE-IE-SYNTH-001,ACTIVE,CONTRACTOR,PERMANENT,2020-06-17,,M,Engineering,Dublin,CC-IE-003
HRIS-WKR-004002,WKR-PUB-004002,IE,LE-IE-SYNTH-001,TERMINATED,EMPLOYEE,PERMANENT,2023-10-31,2026-08-15,M,Technology,Dublin,CC-IE-011
HRIS-WKR-004003,WKR-PUB-004003,IE,LE-IE-SYNTH-001,ACTIVE,EMPLOYEE,PERMANENT,2014-10-06,,M,Sales,Limerick,CC-IE-021
HRIS-WKR-004004,WKR-PUB-004004,IE,LE-IE-SYNTH-001,ACTIVE,EMPLOYEE,FIXED_TERM,2020-11-25,,F,Sales,Dublin,CC-IE-005
HRIS-WKR-004005,WKR-PUB-004005,IE,LE-IE-SYNTH-001,ACTIVE,EMPLOYEE,PERMANENT,2015-09-25,,M,Operations,Dublin,CC-IE-014
HRIS-WKR-004006,WKR-PUB-004006,IE,LE-IE-SYNTH-001,ACTIVE,EMPLOYEE,PERMANENT,2024-09-16,,F,Sales,Cork,CC-IE-029
HRIS-WKR-004007,WKR-PUB-004007,IE,LE-IE-SYNTH-001,ACTIVE,EMPLOYEE,PERMANENT,2020-01-13,,,People,Remote-IE,CC-IE-015
HRIS-WKR-004008,WKR-PUB-004008,IE,LE-IE-SYNTH-001,TERMINATED,EMPLOYEE,PERMANENT,2020-09-29,2026-06-26,M,Sales,Galway,CC-IE-033
HRIS-WKR-004009,WKR-PUB-004009,IE,LE-IE-SYNTH-001,ACTIVE,EMPLOYEE,FIXED_TERM,2023-07-11,,M,Engineering,Dublin,CC-IE-021
HRIS-WKR-004010,WKR-PUB-004010,IE,LE-IE-SYNTH-001,ACTIVE,EMPLOYEE,PERMANENT,2022-04-24,,M,Engineering,Limerick,CC-IE-013
HRIS-WKR-004011,WKR-PUB-004011,IE,LE-IE-SYNTH-001,ACTIVE,EMPLOYEE,FIXED_TERM,2020-11-09,,M,Finance,Cork,CC-IE-008
HRIS-WKR-004012,WKR-PUB-004012,IE,LE-IE-SYNTH-001,ACTIVE,EMPLOYEE,PERMANENT,2025-05-19,,NB,Engineering,Dublin,CC-IE-013
HRIS-WKR-004013,WKR-PUB-004013,IE,LE-IE-SYNTH-001,ACTIVE,EMPLOYEE,PERMANENT,2021-01-05,,M,Technology,Dublin,CC-IE-035
HRIS-WKR-004014,WKR-PUB-004014,IE,LE-IE-SYNTH-001,ACTIVE,EMPLOYEE,PERMANENT,2020-03-13,,M,Engineering,Dublin,CC-IE-016
HRIS-WKR-004015,WKR-PUB-004015,IE,LE-IE-SYNTH-001,TERMINATED,EMPLOYEE,PERMANENT,2023-06-12,2026-09-03,M,Sales,Dublin,CC-IE-022
HRIS-WKR-004016,WKR-PUB-004016,IE,LE-IE-SYNTH-001,ACTIVE,EMPLOYEE,PERMANENT,2022-09-15,,F,People,Galway,CC-IE-033
HRIS-WKR-004017,WKR-PUB-004017,IE,LE-IE-SYNTH-001,ACTIVE,EMPLOYEE,PERMANENT,2022-11-18,,F,People,Dublin,CC-IE-023
HRIS-WKR-004018,WKR-PUB-004018,IE,LE-IE-SYNTH-001,ACTIVE,EMPLOYEE,PERMANENT,2017-12-26,,F,Finance,Remote-IE,CC-IE-006
HRIS-WKR-004019,WKR-PUB-004019,IE,LE-IE-SYNTH-001,ACTIVE,CONTRACTOR,FIXED_TERM,2016-08-27,,F,Finance,Dublin,CC-IE-007
HRIS-WKR-004020,WKR-PUB-004020,IE,LE-IE-SYNTH-001,ACTIVE,CONTRACTOR,PERMANENT,2020-07-23,,F,Engineering,Dublin,CC-IE-019
HRIS-WKR-004021,WKR-PUB-004021,IE,LE-IE-SYNTH-001,ACTIVE,EMPLOYEE,PERMANENT,2022-05-18,,F,Engineering,Cork,CC-IE-006
HRIS-WKR-004022,WKR-PUB-004022,IE,LE-IE-SYNTH-001,ACTIVE,EMPLOYEE,FIXED_TERM,2020-08-21,,F,Finance,Dublin,CC-IE-036
HRIS-WKR-004023,WKR-PUB-004023,IE,LE-IE-SYNTH-001,ACTIVE,EMPLOYEE,PERMANENT,2021-12-28,,M,Engineering,Dublin,CC-IE-024
HRIS-WKR-004024,WKR-PUB-004024,IE,LE-IE-SYNTH-001,ACTIVE,CONTRACTOR,FIXED_TERM,2017-09-22,,M,People,Dublin,CC-IE-007
HRIS-WKR-004025,WKR-PUB-004025,IE,LE-IE-SYNTH-001,ACTIVE,EMPLOYEE,PERMANENT,2014-10-08,,M,Engineering,Remote-IE,CC-IE-028
HRIS-WKR-004026,WKR-PUB-004026,IE,LE-IE-SYNTH-001,ACTIVE,EMPLOYEE,PERMANENT,2019-12-05,,F,Finance,Dublin,CC-IE-027
HRIS-WKR-004027,WKR-PUB-004027,IE,LE-IE-SYNTH-001,ACTIVE,EMPLOYEE,FIXED_TERM,2016-02-26,,F,Sales,Dublin,CC-IE-033
HRIS-WKR-004028,WKR-PUB-004028,IE,LE-IE-SYNTH-001,ACTIVE,EMPLOYEE,PERMANENT,2019-09-06,,F,Operations,Remote-IE,CC-IE-034
HRIS-WKR-004029,WKR-PUB-004029,IE,LE-IE-SYNTH-001,ACTIVE,EMPLOYEE,PERMANENT,2020-01-16,,F,Engineering,Galway,CC-IE-022
HRIS-WKR-004030,WKR-PUB-004030,IE,LE-IE-SYNTH-001,ACTIVE,EMPLOYEE,PERMANENT,2014-01-16,,M,Engineering,Dublin,CC-IE-027
HRIS-WKR-004031,WKR-PUB-004031,IE,LE-IE-SYNTH-001,ACTIVE,EMPLOYEE,PERMANENT,2023-11-17,,NB,Sales,Dublin,CC-IE-040
HRIS-WKR-004032,WKR-PUB-004032,IE,LE-IE-SYNTH-001,ACTIVE,EMPLOYEE,PERMANENT,2017-03-27,,F,Operations,Galway,CC-IE-024
HRIS-WKR-004033,WKR-PUB-004033,IE,LE-IE-SYNTH-001,ACTIVE,EMPLOYEE,APPRENTICE,2017-12-18,,M,Engineering,Dublin,CC-IE-028
HRIS-WKR-004034,WKR-PUB-004034,IE,LE-IE-SYNTH-001,ACTIVE,EMPLOYEE,PERMANENT,2023-07-30,,M,People,Dublin,CC-IE-035
HRIS-WKR-004035,WKR-PUB-004035,IE,LE-IE-SYNTH-001,ACTIVE,EMPLOYEE,PERMANENT,2023-11-11,,M,People,Dublin,CC-IE-001
HRIS-WKR-004036,WKR-PUB-004036,IE,LE-IE-SYNTH-001,ACTIVE,EMPLOYEE,PERMANENT,2019-06-01,,NB,Operations,Dublin,CC-IE-007
HRIS-WKR-004037,WKR-PUB-004037,IE,LE-IE-SYNTH-001,ACTIVE,EMPLOYEE,PERMANENT,2025-11-09,,M,Engineering,Dublin,CC-IE-007
HRIS-WKR-004038,WKR-PUB-004038,IE,LE-IE-SYNTH-001,ACTIVE,EMPLOYEE,PERMANENT,2017-03-28,,M,Engineering,Dublin,CC-IE-008
HRIS-WKR-004039,WKR-PUB-004039,IE,LE-IE-SYNTH-001,ACTIVE,EMPLOYEE,PERMANENT,2017-11-16,,M,Sales,Dublin,CC-IE-025
HRIS-WKR-004040,WKR-PUB-004040,IE,LE-IE-SYNTH-001,ACTIVE,EMPLOYEE,PERMANENT,2025-02-08,,M,Finance,Cork,CC-IE-021
HRIS-WKR-004041,WKR-PUB-004041,IE,LE-IE-SYNTH-001,ACTIVE,EMPLOYEE,FIXED_TERM,2019-11-12,,M,Engineering,Cork,CC-IE-005
HRIS-WKR-004042,WKR-PUB-004042,IE,LE-IE-SYNTH-001,ACTIVE,EMPLOYEE,PERMANENT,2019-11-01,,F,Engineering,Dublin,CC-IE-031
HRIS-WKR-004043,WKR-PUB-004043,IE,LE-IE-SYNTH-001,ACTIVE,EMPLOYEE,FIXED_TERM,2016-08-06,,M,Engineering,Dublin,CC-IE-011
HRIS-WKR-004044,WKR-PUB-004044,IE,LE-IE-SYNTH-001,ACTIVE,EMPLOYEE,FIXED_TERM,2017-03-09,,F,Technology,Dublin,CC-IE-004
HRIS-WKR-004045,WKR-PUB-004045,IE,LE-IE-SYNTH-001,ACTIVE,EMPLOYEE,PERMANENT,2023-06-06,,F,Engineering,Cork,CC-IE-016
HRIS-WKR-004046,WKR-PUB-004046,IE,LE-IE-SYNTH-001,ACTIVE,EMPLOYEE,PERMANENT,2014-10-19,,M,Sales,Dublin,CC-IE-016
HRIS-WKR-004047,WKR-PUB-004047,IE,LE-IE-SYNTH-001,ACTIVE,EMPLOYEE,PERMANENT,2015-11-14,,F,Operations,Dublin,CC-IE-018
HRIS-WKR-004048,WKR-PUB-004048,IE,LE-IE-SYNTH-001,ACTIVE,EMPLOYEE,PERMANENT,2025-01-24,,M,Operations,Dublin,CC-IE-028
HRIS-WKR-004049,WKR-PUB-004049,IE,LE-IE-SYNTH-001,ACTIVE,EMPLOYEE,FIXED_TERM,2019-02-12,,M,Engineering,Cork,CC-IE-006
HRIS-WKR-004050,WKR-PUB-004050,IE,LE-IE-SYNTH-001,ACTIVE,CONTRACTOR,PERMANENT,2019-06-01,,F,Finance,Dublin,CC-IE-035
HRIS-WKR-004051,WKR-PUB-004051,IE,LE-IE-SYNTH-001,ACTIVE,EMPLOYEE,PERMANENT,2025-10-20,,F,People,Dublin,CC-IE-009
HRIS-WKR-004052,WKR-PUB-004052,IE,LE-IE-SYNTH-001,ACTIVE,EMPLOYEE,PERMANENT,2018-03-20,,M,Engineering,Cork,CC-IE-028
HRIS-WKR-004053,WKR-PUB-004053,IE,LE-IE-SYNTH-001,ACTIVE,EMPLOYEE,FIXED_TERM,2017-07-07,,F,Operations,Dublin,CC-IE-012
HRIS-WKR-004054,WKR-PUB-004054,IE,LE-IE-SYNTH-001,ACTIVE,EMPLOYEE,PERMANENT,2018-04-19,,F,Finance,Dublin,CC-IE-004
HRIS-WKR-004055,WKR-PUB-004055,IE,LE-IE-SYNTH-001,ACTIVE,EMPLOYEE,PERMANENT,2021-10-20,,F,Engineering,Dublin,CC-IE-024
HRIS-WKR-004056,WKR-PUB-004056,IE,LE-IE-SYNTH-001,TERMINATED,CONTRACTOR,PERMANENT,2015-06-29,2026-12-01,F,Engineering,Remote-IE,CC-IE-035
HRIS-WKR-004057,WKR-PUB-004057,IE,LE-IE-SYNTH-001,ACTIVE,EMPLOYEE,APPRENTICE,2014-07-23,,F,Engineering,Dublin,CC-IE-017
HRIS-WKR-004058,WKR-PUB-004058,IE,LE-IE-SYNTH-001,ACTIVE,EMPLOYEE,PERMANENT,2021-02-19,,F,Technology,Dublin,CC-IE-019
HRIS-WKR-004059,WKR-PUB-004059,IE,LE-IE-SYNTH-001,ACTIVE,EMPLOYEE,FIXED_TERM,2020-12-23,,F,Engineering,Dublin,CC-IE-037
HRIS-WKR-004060,WKR-PUB-004060,IE,LE-IE-SYNTH-001,ACTIVE,EMPLOYEE,PERMANENT,2022-07-08,,M,Finance,Limerick,CC-IE-007
HRIS-WKR-004061,WKR-PUB-004061,IE,LE-IE-SYNTH-001,ACTIVE,EMPLOYEE,PERMANENT,2022-05-23,,F,Operations,Dublin,CC-IE-013
HRIS-WKR-004062,WKR-PUB-004062,IE,LE-IE-SYNTH-001,ACTIVE,EMPLOYEE,PERMANENT,2017-11-20,,F,Sales,Cork,CC-IE-021
HRIS-WKR-004063,WKR-PUB-004063,IE,LE-IE-SYNTH-001,ACTIVE,EMPLOYEE,PERMANENT,2022-12-01,,M,Engineering,Dublin,CC-IE-021
HRIS-WKR-004064,WKR-PUB-004064,IE,LE-IE-SYNTH-001,ACTIVE,EMPLOYEE,PERMANENT,2017-11-17,,F,Sales,Dublin,CC-IE-010
HRIS-WKR-004065,WKR-PUB-004065,IE,LE-IE-SYNTH-001,ACTIVE,EMPLOYEE,PERMANENT,2020-10-29,,M,Sales,Galway,CC-IE-008
HRIS-WKR-004066,WKR-PUB-004066,IE,LE-IE-SYNTH-001,ACTIVE,CONTRACTOR,FIXED_TERM,2023-01-18,,F,Technology,Dublin,CC-IE-016
HRIS-WKR-004067,WKR-PUB-004067,IE,LE-IE-SYNTH-001,ACTIVE,EMPLOYEE,PERMANENT,2016-06-01,,M,Technology,Remote-IE,CC-IE-009
HRIS-WKR-004068,WKR-PUB-004068,IE,LE-IE-SYNTH-001,ACTIVE,EMPLOYEE,PERMANENT,2021-10-18,,M,Operations,Dublin,CC-IE-021
HRIS-WKR-004069,WKR-PUB-004069,IE,LE-IE-SYNTH-001,ACTIVE,EMPLOYEE,PERMANENT,2023-12-06,,F,Engineering,Limerick,CC-IE-029
HRIS-WKR-004070,WKR-PUB-004070,IE,LE-IE-SYNTH-001,ACTIVE,EMPLOYEE,PERMANENT,2017-01-08,,NB,People,Dublin,CC-IE-010
HRIS-WKR-004071,WKR-PUB-004071,IE,LE-IE-SYNTH-001,ACTIVE,EMPLOYEE,PERMANENT,2018-04-11,,M,Engineering,Dublin,CC-IE-028
HRIS-WKR-004072,WKR-PUB-004072,IE,LE-IE-SYNTH-001,ACTIVE,EMPLOYEE,APPRENTICE,2017-09-20,,F,Engineering,Remote-IE,CC-IE-028
HRIS-WKR-004073,WKR-PUB-004073,IE,LE-IE-SYNTH-001,ACTIVE,EMPLOYEE,PERMANENT,2016-11-23,,M,Technology,Dublin,CC-IE-034
HRIS-WKR-004074,WKR-PUB-004074,IE,LE-IE-SYNTH-001,ACTIVE,EMPLOYEE,PERMANENT,2020-02-06,,F,Finance,Cork,CC-IE-007
HRIS-WKR-004075,WKR-PUB-004075,IE,LE-IE-SYNTH-001,ACTIVE,EMPLOYEE,PERMANENT,2014-10-20,,F,People,Cork,CC-IE-013
HRIS-WKR-004076,WKR-PUB-004076,IE,LE-IE-SYNTH-001,ACTIVE,EMPLOYEE,PERMANENT,2018-08-10,,F,People,Dublin,CC-IE-011
HRIS-WKR-004077,WKR-PUB-004077,IE,LE-IE-SYNTH-001,TERMINATED,EMPLOYEE,PERMANENT,2014-08-08,2026-07-30,M,Technology,Dublin,CC-IE-011
HRIS-WKR-004078,WKR-PUB-004078,IE,LE-IE-SYNTH-001,ACTIVE,EMPLOYEE,PERMANENT,2015-01-13,,F,Engineering,Dublin,CC-IE-022
HRIS-WKR-004079,WKR-PUB-004079,IE,LE-IE-SYNTH-001,ACTIVE,EMPLOYEE,PERMANENT,2016-07-27,,UNDISCLOSED,People,Remote-IE,CC-IE-018
HRIS-WKR-004080,WKR-PUB-004080,IE,LE-IE-SYNTH-001,ACTIVE,EMPLOYEE,PERMANENT,2015-08-10,,F,Finance,Dublin,CC-IE-003
HRIS-WKR-004081,WKR-PUB-004081,IE,LE-IE-SYNTH-001,ACTIVE,EMPLOYEE,PERMANENT,2022-11-27,,F,Finance,Cork,CC-IE-024
HRIS-WKR-004082,WKR-PUB-004082,IE,LE-IE-SYNTH-001,ACTIVE,EMPLOYEE,PERMANENT,2019-08-17,,M,Sales,Dublin,CC-IE-022
HRIS-WKR-004083,WKR-PUB-004083,IE,LE-IE-SYNTH-001,ACTIVE,CONTRACTOR,FIXED_TERM,2021-06-29,,F,Finance,Dublin,CC-IE-012
HRIS-WKR-004084,WKR-PUB-004084,IE,LE-IE-SYNTH-001,ACTIVE,EMPLOYEE,PERMANENT,2023-03-20,,F,Engineering,Limerick,CC-IE-017
HRIS-WKR-004085,WKR-PUB-004085,IE,LE-IE-SYNTH-001,ACTIVE,EMPLOYEE,FIXED_TERM,2022-11-16,,M,Technology,Dublin,CC-IE-020
HRIS-WKR-004086,WKR-PUB-004086,IE,LE-IE-SYNTH-001,ACTIVE,EMPLOYEE,PERMANENT,2017-11-11,,M,Technology,Dublin,CC-IE-029
HRIS-WKR-004087,WKR-PUB-004087,IE,LE-IE-SYNTH-001,ACTIVE,EMPLOYEE,PERMANENT,2018-02-24,,M,Sales,Remote-IE,CC-IE-010
HRIS-WKR-004088,WKR-PUB-004088,IE,LE-IE-SYNTH-001,ACTIVE,EMPLOYEE,PERMANENT,2019-01-09,,M,Sales,Galway,CC-IE-017
HRIS-WKR-004089,WKR-PUB-004089,IE,LE-IE-SYNTH-001,ACTIVE,EMPLOYEE,PERMANENT,2017-05-05,,M,Finance,Dublin,CC-IE-038
HRIS-WKR-004090,WKR-PUB-004090,IE,LE-IE-SYNTH-001,ACTIVE,EMPLOYEE,PERMANENT,2024-05-03,,F,Engineering,Dublin,CC-IE-023
HRIS-WKR-004091,WKR-PUB-004091,IE,LE-IE-SYNTH-001,ACTIVE,EMPLOYEE,FIXED_TERM,2018-04-08,,M,Finance,Dublin,CC-IE-019
HRIS-WKR-004092,WKR-PUB-004092,IE,LE-IE-SYNTH-001,ACTIVE,CONTRACTOR,FIXED_TERM,2018-01-12,,M,Technology,Remote-IE,CC-IE-037
HRIS-WKR-004093,WKR-PUB-004093,IE,LE-IE-SYNTH-001,ACTIVE,EMPLOYEE,FIXED_TERM,2020-05-15,,F,Engineering,Cork,CC-IE-011
HRIS-WKR-004094,WKR-PUB-004094,IE,LE-IE-SYNTH-001,ACTIVE,EMPLOYEE,PERMANENT,2020-08-19,,M,People,Dublin,CC-IE-015
HRIS-WKR-004095,WKR-PUB-004095,IE,LE-IE-SYNTH-001,ACTIVE,CONTRACTOR,PERMANENT,2024-03-24,,F,Engineering,Dublin,CC-IE-017
HRIS-WKR-004096,WKR-PUB-004096,IE,LE-IE-SYNTH-001,ACTIVE,CONTRACTOR,PERMANENT,2017-01-24,,M,Engineering,Remote-IE,CC-IE-018
HRIS-WKR-004097,WKR-PUB-004097,IE,LE-IE-SYNTH-001,ACTIVE,EMPLOYEE,PERMANENT,2014-10-01,,F,Engineering,Remote-IE,CC-IE-023
HRIS-WKR-004098,WKR-PUB-004098,IE,LE-IE-SYNTH-001,ACTIVE,EMPLOYEE,FIXED_TERM,2020-01-30,,M,Engineering,Cork,CC-IE-001
HRIS-WKR-004099,WKR-PUB-004099,IE,LE-IE-SYNTH-001,ACTIVE,EMPLOYEE,PERMANENT,2016-08-08,,UNDISCLOSED,Engineering,Dublin,CC-IE-036
HRIS-WKR-004100,WKR-PUB-004100,IE,LE-IE-SYNTH-001,ACTIVE,EMPLOYEE,FIXED_TERM,2014-06-25,,F,Finance,Limerick,CC-IE-004
HRIS-WKR-004101,WKR-PUB-004101,IE,LE-IE-SYNTH-001,ACTIVE,EMPLOYEE,PERMANENT,2019-01-13,,F,Sales,Limerick,CC-IE-024
HRIS-WKR-004102,WKR-PUB-004102,IE,LE-IE-SYNTH-001,ACTIVE,EMPLOYEE,FIXED_TERM,2015-02-09,,M,Sales,Cork,CC-IE-001
HRIS-WKR-004103,WKR-PUB-004103,IE,LE-IE-SYNTH-001,ACTIVE,EMPLOYEE,PERMANENT,2025-04-21,,F,Engineering,Dublin,CC-IE-008
HRIS-WKR-004104,WKR-PUB-004104,IE,LE-IE-SYNTH-001,ACTIVE,EMPLOYEE,FIXED_TERM,2014-12-01,,F,Engineering,Cork,CC-IE-004
HRIS-WKR-004105,WKR-PUB-004105,IE,LE-IE-SYNTH-001,ACTIVE,EMPLOYEE,PERMANENT,2019-08-02,,M,Engineering,Cork,CC-IE-024
HRIS-WKR-004106,WKR-PUB-004106,IE,LE-IE-SYNTH-001,ACTIVE,EMPLOYEE,PERMANENT,2014-07-12,,M,Engineering,Remote-IE,CC-IE-001
HRIS-WKR-004107,WKR-PUB-004107,IE,LE-IE-SYNTH-001,ACTIVE,EMPLOYEE,PERMANENT,2018-01-10,,F,Technology,Dublin,CC-IE-018
HRIS-WKR-004108,WKR-PUB-004108,IE,LE-IE-SYNTH-001,ACTIVE,EMPLOYEE,PERMANENT,2023-05-31,,M,Engineering,Remote-IE,CC-IE-005
HRIS-WKR-004109,WKR-PUB-004109,IE,LE-IE-SYNTH-001,ACTIVE,EMPLOYEE,PERMANENT,2014-10-13,,F,Engineering,Dublin,CC-IE-022
HRIS-WKR-004110,WKR-PUB-004110,IE,LE-IE-SYNTH-001,ACTIVE,EMPLOYEE,FIXED_TERM,2014-03-04,,M,Engineering,Dublin,CC-IE-018
HRIS-WKR-004111,WKR-PUB-004111,IE,LE-IE-SYNTH-001,ACTIVE,EMPLOYEE,PERMANENT,2022-03-17,,F,Operations,Dublin,CC-IE-032
HRIS-WKR-004112,WKR-PUB-004112,IE,LE-IE-SYNTH-001,ACTIVE,CONTRACTOR,PERMANENT,2015-08-24,,M,Engineering,Dublin,CC-IE-021
HRIS-WKR-004113,WKR-PUB-004113,IE,LE-IE-SYNTH-001,ACTIVE,EMPLOYEE,FIXED_TERM,2022-04-14,,F,Finance,Cork,CC-IE-006
HRIS-WKR-004114,WKR-PUB-004114,IE,LE-IE-SYNTH-001,ACTIVE,CONTRACTOR,PERMANENT,2015-02-14,,M,Engineering,Cork,CC-IE-022
HRIS-WKR-004115,WKR-PUB-004115,IE,LE-IE-SYNTH-001,ACTIVE,EMPLOYEE,PERMANENT,2024-05-17,,F,Engineering,Dublin,CC-IE-004
HRIS-WKR-004116,WKR-PUB-004116,IE,LE-IE-SYNTH-001,ACTIVE,CONTRACTOR,FIXED_TERM,2017-12-14,,M,Engineering,Cork,CC-IE-024
HRIS-WKR-004117,WKR-PUB-004117,IE,LE-IE-SYNTH-001,ACTIVE,EMPLOYEE,PERMANENT,2023-06-25,,M,People,Dublin,CC-IE-008
HRIS-WKR-004118,WKR-PUB-004118,IE,LE-IE-SYNTH-001,ACTIVE,EMPLOYEE,PERMANENT,2023-04-08,,UNDISCLOSED,People,Dublin,CC-IE-020
HRIS-WKR-004119,WKR-PUB-004119,IE,LE-IE-SYNTH-001,ACTIVE,EMPLOYEE,PERMANENT,2021-07-30,,M,Engineering,Remote-IE,CC-IE-002
HRIS-WKR-004120,WKR-PUB-004120,IE,LE-IE-SYNTH-001,ACTIVE,EMPLOYEE,PERMANENT,2025-02-07,,F,Engineering,Remote-IE,CC-IE-035
HRIS-WKR-004121,WKR-PUB-004121,IE,LE-IE-SYNTH-001,TERMINATED,EMPLOYEE,PERMANENT,2014-04-22,2026-12-01,F,Sales,Dublin,CC-IE-034
HRIS-WKR-004122,WKR-PUB-004122,IE,LE-IE-SYNTH-001,ACTIVE,EMPLOYEE,PERMANENT,2020-05-05,,F,Engineering,Dublin,CC-IE-024
HRIS-WKR-004123,WKR-PUB-004123,IE,LE-IE-SYNTH-001,ACTIVE,EMPLOYEE,PERMANENT,2017-04-24,,M,Engineering,Limerick,CC-IE-032
HRIS-WKR-004124,WKR-PUB-004124,IE,LE-IE-SYNTH-001,ACTIVE,EMPLOYEE,PERMANENT,2015-03-01,,NB,Operations,Dublin,CC-IE-021
HRIS-WKR-004125,WKR-PUB-004125,IE,LE-IE-SYNTH-001,ACTIVE,EMPLOYEE,PERMANENT,2022-04-08,,F,Engineering,Dublin,CC-IE-023
HRIS-WKR-004126,WKR-PUB-004126,IE,LE-IE-SYNTH-001,ACTIVE,EMPLOYEE,PERMANENT,2016-10-17,,M,People,Limerick,CC-IE-019
HRIS-WKR-004127,WKR-PUB-004127,IE,LE-IE-SYNTH-001,ACTIVE,EMPLOYEE,PERMANENT,2015-08-04,,F,Engineering,Dublin,CC-IE-033
HRIS-WKR-004128,WKR-PUB-004128,IE,LE-IE-SYNTH-001,ACTIVE,EMPLOYEE,PERMANENT,2014-08-23,,F,Engineering,Dublin,CC-IE-029
HRIS-WKR-004129,WKR-PUB-004129,IE,LE-IE-SYNTH-001,ACTIVE,EMPLOYEE,PERMANENT,2015-08-08,,M,Engineering,Dublin,CC-IE-026
HRIS-WKR-004130,WKR-PUB-004130,IE,LE-IE-SYNTH-001,ACTIVE,EMPLOYEE,PERMANENT,2022-09-07,,M,Operations,Dublin,CC-IE-035
HRIS-WKR-004131,WKR-PUB-004131,IE,LE-IE-SYNTH-001,ACTIVE,EMPLOYEE,PERMANENT,2014-08-30,,M,Sales,Dublin,CC-IE-032
HRIS-WKR-004132,WKR-PUB-004132,IE,LE-IE-SYNTH-001,ACTIVE,EMPLOYEE,FIXED_TERM,2019-03-22,,F,Engineering,Dublin,CC-IE-035
HRIS-WKR-004133,WKR-PUB-004133,IE,LE-IE-SYNTH-001,ACTIVE,EMPLOYEE,FIXED_TERM,2022-04-25,,F,Technology,Dublin,CC-IE-003
HRIS-WKR-004134,WKR-PUB-004134,IE,LE-IE-SYNTH-001,ACTIVE,EMPLOYEE,FIXED_TERM,2024-06-08,,F,Finance,Galway,CC-IE-025
HRIS-WKR-004135,WKR-PUB-004135,IE,LE-IE-SYNTH-001,ACTIVE,EMPLOYEE,PERMANENT,2023-03-05,,M,Technology,Dublin,CC-IE-005
HRIS-WKR-004136,WKR-PUB-004136,IE,LE-IE-SYNTH-001,ACTIVE,EMPLOYEE,FIXED_TERM,2023-09-03,,F,Operations,Cork,CC-IE-025
HRIS-WKR-004137,WKR-PUB-004137,IE,LE-IE-SYNTH-001,ACTIVE,EMPLOYEE,PERMANENT,2014-08-29,,F,Sales,Galway,CC-IE-007
HRIS-WKR-004138,WKR-PUB-004138,IE,LE-IE-SYNTH-001,ACTIVE,EMPLOYEE,PERMANENT,2024-08-08,,M,Operations,Dublin,CC-IE-006
HRIS-WKR-004139,WKR-PUB-004139,IE,LE-IE-SYNTH-001,ACTIVE,EMPLOYEE,PERMANENT,2017-10-25,,M,Operations,Dublin,CC-IE-003
HRIS-WKR-004140,WKR-PUB-004140,IE,LE-IE-SYNTH-001,ACTIVE,EMPLOYEE,FIXED_TERM,2023-02-01,,F,People,Remote-IE,CC-IE-021
HRIS-WKR-004141,WKR-PUB-004141,IE,LE-IE-SYNTH-001,ACTIVE,EMPLOYEE,PERMANENT,2026-02-12,,F,Sales,Cork,CC-IE-011
HRIS-WKR-004142,WKR-PUB-004142,IE,LE-IE-SYNTH-001,ACTIVE,EMPLOYEE,PERMANENT,2025-05-14,,F,Engineering,Remote-IE,CC-IE-032
HRIS-WKR-004143,WKR-PUB-004143,IE,LE-IE-SYNTH-001,ACTIVE,EMPLOYEE,PERMANENT,2025-08-01,,M,Sales,Remote-IE,CC-IE-002
HRIS-WKR-004144,WKR-PUB-004144,IE,LE-IE-SYNTH-001,ACTIVE,CONTRACTOR,PERMANENT,2021-03-30,,M,Operations,Dublin,CC-IE-029
HRIS-WKR-004145,WKR-PUB-004145,IE,LE-IE-SYNTH-001,ACTIVE,EMPLOYEE,PERMANENT,2017-10-06,,M,Sales,Dublin,CC-IE-036
HRIS-WKR-004146,WKR-PUB-004146,IE,LE-IE-SYNTH-001,ACTIVE,EMPLOYEE,FIXED_TERM,2022-07-07,,M,Engineering,Dublin,CC-IE-002
HRIS-WKR-004147,WKR-PUB-004147,IE,LE-IE-SYNTH-001,TERMINATED,EMPLOYEE,PERMANENT,2014-03-24,2026-06-16,F,Finance,Remote-IE,CC-IE-021
HRIS-WKR-004148,WKR-PUB-004148,IE,LE-IE-SYNTH-001,ACTIVE,CONTRACTOR,PERMANENT,2019-11-15,,NB,Sales,Dublin,CC-IE-025
HRIS-WKR-004149,WKR-PUB-004149,IE,LE-IE-SYNTH-001,ACTIVE,EMPLOYEE,PERMANENT,2024-08-12,,F,Operations,Cork,CC-IE-037
HRIS-WKR-004150,WKR-PUB-004150,IE,LE-IE-SYNTH-001,ACTIVE,EMPLOYEE,PERMANENT,2021-04-02,,F,Finance,Dublin,CC-IE-018
HRIS-WKR-004151,WKR-PUB-004151,IE,LE-IE-SYNTH-001,ACTIVE,EMPLOYEE,PERMANENT,2016-01-28,,M,Operations,Remote-IE,CC-IE-014
HRIS-WKR-004152,WKR-PUB-004152,IE,LE-IE-SYNTH-001,ACTIVE,EMPLOYEE,PERMANENT,2020-09-27,,F,Operations,Dublin,CC-IE-038
HRIS-WKR-004153,WKR-PUB-004153,IE,LE-IE-SYNTH-001,ACTIVE,EMPLOYEE,PERMANENT,2024-07-07,,F,People,Dublin,CC-IE-010
HRIS-WKR-004154,WKR-PUB-004154,IE,LE-IE-SYNTH-001,ACTIVE,EMPLOYEE,PERMANENT,2014-12-15,,,Engineering,Limerick,CC-IE-032
HRIS-WKR-004155,WKR-PUB-004155,IE,LE-IE-SYNTH-001,ACTIVE,EMPLOYEE,APPRENTICE,2020-08-10,,M,Technology,Galway,CC-IE-037
HRIS-WKR-004156,WKR-PUB-004156,IE,LE-IE-SYNTH-001,ACTIVE,EMPLOYEE,PERMANENT,2015-06-13,,M,Engineering,Dublin,CC-IE-005
HRIS-WKR-004157,WKR-PUB-004157,IE,LE-IE-SYNTH-001,ACTIVE,EMPLOYEE,FIXED_TERM,2022-08-28,,M,Engineering,Remote-IE,CC-IE-030
HRIS-WKR-004158,WKR-PUB-004158,IE,LE-IE-SYNTH-001,ACTIVE,EMPLOYEE,FIXED_TERM,2018-07-23,,F,Finance,Remote-IE,CC-IE-002
HRIS-WKR-004159,WKR-PUB-004159,IE,LE-IE-SYNTH-001,ACTIVE,EMPLOYEE,PERMANENT,2018-08-18,,F,Technology,Remote-IE,CC-IE-014
HRIS-WKR-004160,WKR-PUB-004160,IE,LE-IE-SYNTH-001,ACTIVE,EMPLOYEE,PERMANENT,2015-05-10,,M,People,Dublin,CC-IE-002
HRIS-WKR-004161,WKR-PUB-004161,IE,LE-IE-SYNTH-001,ACTIVE,EMPLOYEE,FIXED_TERM,2017-06-02,,M,Technology,Galway,CC-IE-034
HRIS-WKR-004162,WKR-PUB-004162,IE,LE-IE-SYNTH-001,ACTIVE,EMPLOYEE,PERMANENT,2017-04-01,,NB,Finance,Cork,CC-IE-040
HRIS-WKR-004163,WKR-PUB-004163,IE,LE-IE-SYNTH-001,ACTIVE,EMPLOYEE,PERMANENT,2018-01-04,,M,Sales,Dublin,CC-IE-031
HRIS-WKR-004164,WKR-PUB-004164,IE,LE-IE-SYNTH-001,ACTIVE,EMPLOYEE,PERMANENT,2025-01-19,,M,Technology,Cork,CC-IE-039
HRIS-WKR-004165,WKR-PUB-004165,IE,LE-IE-SYNTH-001,ACTIVE,EMPLOYEE,FIXED_TERM,2016-07-29,,F,Engineering,Dublin,CC-IE-024
HRIS-WKR-004166,WKR-PUB-004166,IE,LE-IE-SYNTH-001,ACTIVE,EMPLOYEE,FIXED_TERM,2019-11-27,,F,Sales,Dublin,CC-IE-013
HRIS-WKR-004167,WKR-PUB-004167,IE,LE-IE-SYNTH-001,ACTIVE,EMPLOYEE,PERMANENT,2019-06-25,,M,Engineering,Remote-IE,CC-IE-008
HRIS-WKR-004168,WKR-PUB-004168,IE,LE-IE-SYNTH-001,ACTIVE,CONTRACTOR,FIXED_TERM,2020-07-30,,F,Finance,Dublin,CC-IE-027
HRIS-WKR-004169,WKR-PUB-004169,IE,LE-IE-SYNTH-001,ACTIVE,EMPLOYEE,PERMANENT,2019-09-08,,F,Sales,Dublin,CC-IE-014
HRIS-WKR-004170,WKR-PUB-004170,IE,LE-IE-SYNTH-001,ACTIVE,EMPLOYEE,PERMANENT,2019-02-20,,M,Sales,Remote-IE,CC-IE-019
HRIS-WKR-004171,WKR-PUB-004171,IE,LE-IE-SYNTH-001,ACTIVE,EMPLOYEE,PERMANENT,2015-02-02,,M,Finance,Dublin,CC-IE-032
HRIS-WKR-004172,WKR-PUB-004172,IE,LE-IE-SYNTH-001,ACTIVE,EMPLOYEE,PERMANENT,2024-04-03,,M,Engineering,Cork,CC-IE-020
HRIS-WKR-004173,WKR-PUB-004173,IE,LE-IE-SYNTH-001,ACTIVE,EMPLOYEE,PERMANENT,2022-05-01,,F,Operations,Dublin,CC-IE-037
HRIS-WKR-004174,WKR-PUB-004174,IE,LE-IE-SYNTH-001,ACTIVE,EMPLOYEE,PERMANENT,2018-10-30,,F,Finance,Dublin,CC-IE-030
HRIS-WKR-004175,WKR-PUB-004175,IE,LE-IE-SYNTH-001,ACTIVE,EMPLOYEE,FIXED_TERM,2017-11-21,,M,Engineering,Dublin,CC-IE-024
HRIS-WKR-004176,WKR-PUB-004176,IE,LE-IE-SYNTH-001,ACTIVE,EMPLOYEE,FIXED_TERM,2024-07-23,,F,Sales,Cork,CC-IE-038
HRIS-WKR-004177,WKR-PUB-004177,IE,LE-IE-SYNTH-001,ACTIVE,EMPLOYEE,PERMANENT,2017-12-05,,UNDISCLOSED,Finance,Dublin,CC-IE-002
HRIS-WKR-004178,WKR-PUB-004178,IE,LE-IE-SYNTH-001,ACTIVE,EMPLOYEE,PERMANENT,2019-09-19,,M,Finance,Dublin,CC-IE-007
HRIS-WKR-004179,WKR-PUB-004179,IE,LE-IE-SYNTH-001,ACTIVE,EMPLOYEE,PERMANENT,2015-05-23,,F,Sales,Dublin,CC-IE-038
HRIS-WKR-004180,WKR-PUB-004180,IE,LE-IE-SYNTH-001,ACTIVE,EMPLOYEE,PERMANENT,2014-06-30,,F,Engineering,Dublin,CC-IE-021
HRIS-WKR-004181,WKR-PUB-004181,IE,LE-IE-SYNTH-001,ACTIVE,EMPLOYEE,PERMANENT,2017-03-31,,F,Engineering,Dublin,CC-IE-036
HRIS-WKR-004182,WKR-PUB-004182,IE,LE-IE-SYNTH-001,ACTIVE,EMPLOYEE,PERMANENT,2020-01-04,,F,Engineering,Dublin,CC-IE-025
HRIS-WKR-004183,WKR-PUB-004183,IE,LE-IE-SYNTH-001,ACTIVE,EMPLOYEE,PERMANENT,2021-04-08,,M,Operations,Dublin,CC-IE-032
HRIS-WKR-004184,WKR-PUB-004184,IE,LE-IE-SYNTH-001,ACTIVE,EMPLOYEE,PERMANENT,2016-07-29,,M,Engineering,Dublin,CC-IE-020
HRIS-WKR-004185,WKR-PUB-004185,IE,LE-IE-SYNTH-001,ACTIVE,EMPLOYEE,FIXED_TERM,2024-02-19,,M,Operations,Dublin,CC-IE-004
HRIS-WKR-004186,WKR-PUB-004186,IE,LE-IE-SYNTH-001,ACTIVE,EMPLOYEE,PERMANENT,2025-07-30,,F,Sales,Dublin,CC-IE-005
HRIS-WKR-004187,WKR-PUB-004187,IE,LE-IE-SYNTH-001,ACTIVE,EMPLOYEE,PERMANENT,2023-10-13,,UNDISCLOSED,Operations,Dublin,CC-IE-022
HRIS-WKR-004188,WKR-PUB-004188,IE,LE-IE-SYNTH-001,ACTIVE,CONTRACTOR,PERMANENT,2018-04-13,,F,Operations,Dublin,CC-IE-035
HRIS-WKR-004189,WKR-PUB-004189,IE,LE-IE-SYNTH-001,ACTIVE,EMPLOYEE,FIXED_TERM,2021-03-28,,M,Finance,Cork,CC-IE-006
HRIS-WKR-004190,WKR-PUB-004190,IE,LE-IE-SYNTH-001,ACTIVE,EMPLOYEE,PERMANENT,2024-12-31,,M,Operations,Dublin,CC-IE-005
HRIS-WKR-004191,WKR-PUB-004191,IE,LE-IE-SYNTH-001,TERMINATED,EMPLOYEE,PERMANENT,2022-10-08,2026-09-16,F,Operations,Dublin,CC-IE-012
HRIS-WKR-004192,WKR-PUB-004192,IE,LE-IE-SYNTH-001,ACTIVE,CONTRACTOR,FIXED_TERM,2017-11-19,,F,Sales,Dublin,CC-IE-021
HRIS-WKR-004193,WKR-PUB-004193,IE,LE-IE-SYNTH-001,ACTIVE,EMPLOYEE,FIXED_TERM,2024-05-26,,M,Technology,Limerick,CC-IE-037
HRIS-WKR-004194,WKR-PUB-004194,IE,LE-IE-SYNTH-001,ACTIVE,EMPLOYEE,PERMANENT,2019-09-29,,M,Finance,Dublin,CC-IE-011
HRIS-WKR-004195,WKR-PUB-004195,IE,LE-IE-SYNTH-001,ACTIVE,EMPLOYEE,PERMANENT,2024-11-18,,F,Engineering,Dublin,CC-IE-025
HRIS-WKR-004196,WKR-PUB-004196,IE,LE-IE-SYNTH-001,ACTIVE,EMPLOYEE,PERMANENT,2025-09-23,,F,Finance,Limerick,CC-IE-005
HRIS-WKR-004197,WKR-PUB-004197,IE,LE-IE-SYNTH-001,ACTIVE,EMPLOYEE,FIXED_TERM,2021-03-24,,M,Finance,Galway,CC-IE-008
HRIS-WKR-004198,WKR-PUB-004198,IE,LE-IE-SYNTH-001,ACTIVE,CONTRACTOR,PERMANENT,2023-01-24,,F,Finance,Galway,CC-IE-023
HRIS-WKR-004199,WKR-PUB-004199,IE,LE-IE-SYNTH-001,ACTIVE,EMPLOYEE,PERMANENT,2025-02-27,,F,Sales,Dublin,CC-IE-008
HRIS-WKR-004200,WKR-PUB-004200,IE,LE-IE-SYNTH-001,ACTIVE,EMPLOYEE,PERMANENT,2023-12-25,,M,Engineering,Galway,CC-IE-001
HRIS-WKR-004201,WKR-PUB-004201,IE,LE-IE-SYNTH-001,ACTIVE,EMPLOYEE,PERMANENT,2019-11-03,,M,Technology,Dublin,CC-IE-029
HRIS-WKR-004202,WKR-PUB-004202,IE,LE-IE-SYNTH-001,ACTIVE,EMPLOYEE,PERMANENT,2019-10-21,,F,Operations,Dublin,CC-IE-028
HRIS-WKR-004203,WKR-PUB-004203,IE,LE-IE-SYNTH-001,ACTIVE,EMPLOYEE,PERMANENT,2020-07-26,,M,Finance,Dublin,CC-IE-036
HRIS-WKR-004204,WKR-PUB-004204,IE,LE-IE-SYNTH-001,ACTIVE,EMPLOYEE,PERMANENT,2022-01-12,,M,Sales,Limerick,CC-IE-018
HRIS-WKR-004205,WKR-PUB-004205,IE,LE-IE-SYNTH-001,ACTIVE,EMPLOYEE,FIXED_TERM,2024-12-07,,M,Engineering,Remote-IE,CC-IE-020
HRIS-WKR-004206,WKR-PUB-004206,IE,LE-IE-SYNTH-001,ACTIVE,EMPLOYEE,PERMANENT,2023-01-18,,M,Sales,Dublin,CC-IE-002
HRIS-WKR-004207,WKR-PUB-004207,IE,LE-IE-SYNTH-001,ACTIVE,EMPLOYEE,PERMANENT,2016-08-11,,M,Sales,Dublin,CC-IE-003
HRIS-WKR-004208,WKR-PUB-004208,IE,LE-IE-SYNTH-001,ACTIVE,EMPLOYEE,PERMANENT,2025-05-18,,M,Technology,Galway,CC-IE-004
HRIS-WKR-004209,WKR-PUB-004209,IE,LE-IE-SYNTH-001,ACTIVE,EMPLOYEE,FIXED_TERM,2015-05-01,,F,Sales,Limerick,CC-IE-038
HRIS-WKR-004210,WKR-PUB-004210,IE,LE-IE-SYNTH-001,ACTIVE,EMPLOYEE,PERMANENT,2018-07-01,,M,Sales,Dublin,CC-IE-035
HRIS-WKR-004211,WKR-PUB-004211,IE,LE-IE-SYNTH-001,ACTIVE,CONTRACTOR,PERMANENT,2023-12-03,,F,Technology,Dublin,CC-IE-039
HRIS-WKR-004212,WKR-PUB-004212,IE,LE-IE-SYNTH-001,ACTIVE,EMPLOYEE,PERMANENT,2023-11-03,,F,Engineering,Cork,CC-IE-029
HRIS-WKR-004213,WKR-PUB-004213,IE,LE-IE-SYNTH-001,ACTIVE,EMPLOYEE,PERMANENT,2017-11-11,,F,Operations,Cork,CC-IE-035
HRIS-WKR-004214,WKR-PUB-004214,IE,LE-IE-SYNTH-001,ACTIVE,EMPLOYEE,PERMANENT,2018-06-04,,M,Engineering,Cork,CC-IE-021
HRIS-WKR-004215,WKR-PUB-004215,IE,LE-IE-SYNTH-001,ACTIVE,EMPLOYEE,PERMANENT,2017-02-27,,F,Technology,Remote-IE,CC-IE-033
HRIS-WKR-004216,WKR-PUB-004216,IE,LE-IE-SYNTH-001,ACTIVE,EMPLOYEE,FIXED_TERM,2014-08-28,,F,People,Dublin,CC-IE-033
HRIS-WKR-004217,WKR-PUB-004217,IE,LE-IE-SYNTH-001,ACTIVE,EMPLOYEE,PERMANENT,2023-07-23,,F,Operations,Dublin,CC-IE-038
HRIS-WKR-004218,WKR-PUB-004218,IE,LE-IE-SYNTH-001,ACTIVE,EMPLOYEE,PERMANENT,2015-12-29,,M,Technology,Dublin,CC-IE-012
HRIS-WKR-004219,WKR-PUB-004219,IE,LE-IE-SYNTH-001,ACTIVE,EMPLOYEE,PERMANENT,2022-05-31,,M,Operations,Dublin,CC-IE-007
HRIS-WKR-004220,WKR-PUB-004220,IE,LE-IE-SYNTH-001,ACTIVE,EMPLOYEE,PERMANENT,2015-07-16,,M,Technology,Dublin,CC-IE-013
HRIS-WKR-004221,WKR-PUB-004221,IE,LE-IE-SYNTH-001,ACTIVE,EMPLOYEE,PERMANENT,2021-02-22,,F,Engineering,Dublin,CC-IE-007
HRIS-WKR-004222,WKR-PUB-004222,IE,LE-IE-SYNTH-001,ACTIVE,EMPLOYEE,FIXED_TERM,2017-03-30,,M,Sales,Galway,CC-IE-032
HRIS-WKR-004223,WKR-PUB-004223,IE,LE-IE-SYNTH-001,ACTIVE,EMPLOYEE,PERMANENT,2025-07-02,,F,Engineering,Dublin,CC-IE-021
HRIS-WKR-004224,WKR-PUB-004224,IE,LE-IE-SYNTH-001,ACTIVE,EMPLOYEE,PERMANENT,2021-10-31,,M,Engineering,Dublin,CC-IE-034
HRIS-WKR-004225,WKR-PUB-004225,IE,LE-IE-SYNTH-001,ACTIVE,EMPLOYEE,APPRENTICE,2020-06-16,,M,Engineering,Galway,CC-IE-017
HRIS-WKR-004226,WKR-PUB-004226,IE,LE-IE-SYNTH-001,ACTIVE,EMPLOYEE,PERMANENT,2022-02-23,,F,Engineering,Remote-IE,CC-IE-006
HRIS-WKR-004227,WKR-PUB-004227,IE,LE-IE-SYNTH-001,ACTIVE,EMPLOYEE,FIXED_TERM,2020-07-06,,M,Technology,Dublin,CC-IE-032
HRIS-WKR-004228,WKR-PUB-004228,IE,LE-IE-SYNTH-001,ACTIVE,EMPLOYEE,PERMANENT,2017-09-13,,M,Finance,Cork,CC-IE-035
HRIS-WKR-004229,WKR-PUB-004229,IE,LE-IE-SYNTH-001,ACTIVE,EMPLOYEE,PERMANENT,2014-12-28,,M,Finance,Remote-IE,CC-IE-019
HRIS-WKR-004230,WKR-PUB-004230,IE,LE-IE-SYNTH-001,ACTIVE,EMPLOYEE,PERMANENT,2025-08-11,,M,Technology,Galway,CC-IE-028
HRIS-WKR-004231,WKR-PUB-004231,IE,LE-IE-SYNTH-001,ACTIVE,EMPLOYEE,PERMANENT,2023-07-05,,M,Operations,Cork,CC-IE-002
HRIS-WKR-004232,WKR-PUB-004232,IE,LE-IE-SYNTH-001,ACTIVE,EMPLOYEE,PERMANENT,2018-05-23,,F,People,Dublin,CC-IE-024
HRIS-WKR-004233,WKR-PUB-004233,IE,LE-IE-SYNTH-001,ACTIVE,EMPLOYEE,PERMANENT,2015-04-05,,M,Finance,Limerick,CC-IE-001
HRIS-WKR-004234,WKR-PUB-004234,IE,LE-IE-SYNTH-001,ACTIVE,CONTRACTOR,PERMANENT,2022-04-17,,F,Sales,Dublin,CC-IE-032
HRIS-WKR-004235,WKR-PUB-004235,IE,LE-IE-SYNTH-001,ACTIVE,EMPLOYEE,APPRENTICE,2017-04-29,,NB,Engineering,Galway,CC-IE-014
HRIS-WKR-004236,WKR-PUB-004236,IE,LE-IE-SYNTH-001,ACTIVE,EMPLOYEE,PERMANENT,2016-04-11,,M,Sales,Dublin,CC-IE-040
HRIS-WKR-004237,WKR-PUB-004237,IE,LE-IE-SYNTH-001,TERMINATED,EMPLOYEE,PERMANENT,2015-07-02,2026-09-17,F,Technology,Dublin,CC-IE-027
HRIS-WKR-004238,WKR-PUB-004238,IE,LE-IE-SYNTH-001,ACTIVE,EMPLOYEE,PERMANENT,2025-03-08,,NB,Sales,Dublin,CC-IE-004
HRIS-WKR-004239,WKR-PUB-004239,IE,LE-IE-SYNTH-001,ACTIVE,EMPLOYEE,PERMANENT,2019-02-03,,NB,Operations,Limerick,CC-IE-011
HRIS-WKR-004240,WKR-PUB-004240,IE,LE-IE-SYNTH-001,ACTIVE,EMPLOYEE,PERMANENT,2016-11-13,,UNDISCLOSED,Engineering,Remote-IE,CC-IE-033
HRIS-WKR-004241,WKR-PUB-004241,IE,LE-IE-SYNTH-001,ACTIVE,EMPLOYEE,PERMANENT,2022-02-13,,UNDISCLOSED,Operations,Dublin,CC-IE-023
HRIS-WKR-004242,WKR-PUB-004242,IE,LE-IE-SYNTH-001,ACTIVE,EMPLOYEE,PERMANENT,2016-12-19,,F,People,Dublin,CC-IE-017
HRIS-WKR-004243,WKR-PUB-004243,IE,LE-IE-SYNTH-001,ACTIVE,EMPLOYEE,APPRENTICE,2023-01-04,,F,Engineering,Cork,CC-IE-038
HRIS-WKR-004244,WKR-PUB-004244,IE,LE-IE-SYNTH-001,ACTIVE,EMPLOYEE,PERMANENT,2023-04-04,,F,Technology,Remote-IE,CC-IE-014
HRIS-WKR-004245,WKR-PUB-004245,IE,LE-IE-SYNTH-001,ACTIVE,EMPLOYEE,PERMANENT,2024-05-06,,M,Technology,Cork,CC-IE-029
HRIS-WKR-004246,WKR-PUB-004246,IE,LE-IE-SYNTH-001,ACTIVE,EMPLOYEE,PERMANENT,2019-11-06,,F,Sales,Dublin,CC-IE-028
HRIS-WKR-004247,WKR-PUB-004247,IE,LE-IE-SYNTH-001,ACTIVE,EMPLOYEE,PERMANENT,2021-09-25,,M,Operations,Remote-IE,CC-IE-012
HRIS-WKR-004248,WKR-PUB-004248,IE,LE-IE-SYNTH-001,ACTIVE,EMPLOYEE,PERMANENT,2026-02-11,,F,Operations,Dublin,CC-IE-011
HRIS-WKR-004249,WKR-PUB-004249,IE,LE-IE-SYNTH-001,ACTIVE,EMPLOYEE,FIXED_TERM,2017-01-10,,M,Operations,Cork,CC-IE-016
HRIS-WKR-004250,WKR-PUB-004250,IE,LE-IE-SYNTH-001,ACTIVE,EMPLOYEE,PERMANENT,2025-08-04,,F,Technology,Dublin,CC-IE-007
HRIS-WKR-004251,WKR-PUB-004251,IE,LE-IE-SYNTH-001,ACTIVE,EMPLOYEE,FIXED_TERM,2014-07-25,,M,Engineering,Dublin,CC-IE-040
HRIS-WKR-004252,WKR-PUB-004252,IE,LE-IE-SYNTH-001,ACTIVE,EMPLOYEE,PERMANENT,2023-03-01,,M,Sales,Dublin,CC-IE-036
HRIS-WKR-004253,WKR-PUB-004253,IE,LE-IE-SYNTH-001,ACTIVE,EMPLOYEE,PERMANENT,2019-05-28,,F,Sales,Galway,CC-IE-029
HRIS-WKR-004254,WKR-PUB-004254,IE,LE-IE-SYNTH-001,ACTIVE,EMPLOYEE,FIXED_TERM,2015-03-19,,M,Engineering,Galway,CC-IE-007
HRIS-WKR-004255,WKR-PUB-004255,IE,LE-IE-SYNTH-001,ACTIVE,EMPLOYEE,PERMANENT,2018-02-18,,F,Operations,Remote-IE,CC-IE-001
HRIS-WKR-004256,WKR-PUB-004256,IE,LE-IE-SYNTH-001,ACTIVE,EMPLOYEE,PERMANENT,2019-10-12,,F,Operations,Dublin,CC-IE-024
HRIS-WKR-004257,WKR-PUB-004257,IE,LE-IE-SYNTH-001,ACTIVE,EMPLOYEE,PERMANENT,2020-04-14,,M,Engineering,Dublin,CC-IE-039
HRIS-WKR-004258,WKR-PUB-004258,IE,LE-IE-SYNTH-001,ACTIVE,EMPLOYEE,PERMANENT,2017-07-17,,M,Engineering,Dublin,CC-IE-037
HRIS-WKR-004259,WKR-PUB-004259,IE,LE-IE-SYNTH-001,ACTIVE,EMPLOYEE,PERMANENT,2021-12-21,,NB,Operations,Galway,CC-IE-033
HRIS-WKR-004260,WKR-PUB-004260,IE,LE-IE-SYNTH-001,ACTIVE,CONTRACTOR,PERMANENT,2021-03-22,,F,Technology,Dublin,CC-IE-028
HRIS-WKR-004261,WKR-PUB-004261,IE,LE-IE-SYNTH-001,ACTIVE,EMPLOYEE,FIXED_TERM,2020-03-07,,M,Operations,Cork,CC-IE-005
HRIS-WKR-004262,WKR-PUB-004262,IE,LE-IE-SYNTH-001,ACTIVE,EMPLOYEE,PERMANENT,2016-05-12,,M,People,Dublin,CC-IE-007
HRIS-WKR-004263,WKR-PUB-004263,IE,LE-IE-SYNTH-001,ACTIVE,EMPLOYEE,PERMANENT,2020-12-09,,F,Sales,Dublin,CC-IE-025
HRIS-WKR-004264,WKR-PUB-004264,IE,LE-IE-SYNTH-001,ACTIVE,EMPLOYEE,FIXED_TERM,2017-08-22,,M,Sales,Dublin,CC-IE-039
HRIS-WKR-004265,WKR-PUB-004265,IE,LE-IE-SYNTH-001,ACTIVE,EMPLOYEE,PERMANENT,2024-10-14,,M,Sales,Dublin,CC-IE-017
HRIS-WKR-004266,WKR-PUB-004266,IE,LE-IE-SYNTH-001,ACTIVE,EMPLOYEE,PERMANENT,2022-09-16,,F,Engineering,Dublin,CC-IE-021
HRIS-WKR-004267,WKR-PUB-004267,IE,LE-IE-SYNTH-001,ACTIVE,EMPLOYEE,PERMANENT,2018-11-18,,M,Finance,Dublin,CC-IE-032
HRIS-WKR-004268,WKR-PUB-004268,IE,LE-IE-SYNTH-001,ACTIVE,EMPLOYEE,PERMANENT,2019-12-23,,F,Finance,Dublin,CC-IE-037
HRIS-WKR-004269,WKR-PUB-004269,IE,LE-IE-SYNTH-001,ACTIVE,EMPLOYEE,PERMANENT,2022-12-13,,F,Technology,Dublin,CC-IE-005
HRIS-WKR-004270,WKR-PUB-004270,IE,LE-IE-SYNTH-001,ACTIVE,EMPLOYEE,PERMANENT,2015-06-20,,M,Sales,Dublin,CC-IE-031
HRIS-WKR-004271,WKR-PUB-004271,IE,LE-IE-SYNTH-001,ACTIVE,EMPLOYEE,PERMANENT,2025-12-26,,M,Engineering,Limerick,CC-IE-039
HRIS-WKR-004272,WKR-PUB-004272,IE,LE-IE-SYNTH-001,ACTIVE,CONTRACTOR,PERMANENT,2014-01-25,,F,Operations,Remote-IE,CC-IE-016
HRIS-WKR-004273,WKR-PUB-004273,IE,LE-IE-SYNTH-001,ACTIVE,EMPLOYEE,PERMANENT,2019-08-29,,M,Engineering,Dublin,CC-IE-026
HRIS-WKR-004274,WKR-PUB-004274,IE,LE-IE-SYNTH-001,TERMINATED,EMPLOYEE,PERMANENT,2015-03-23,2026-06-09,F,Engineering,Dublin,CC-IE-012
HRIS-WKR-004275,WKR-PUB-004275,IE,LE-IE-SYNTH-001,ACTIVE,EMPLOYEE,APPRENTICE,2021-04-22,,F,Sales,Dublin,CC-IE-029
HRIS-WKR-004276,WKR-PUB-004276,IE,LE-IE-SYNTH-001,ACTIVE,CONTRACTOR,PERMANENT,2014-08-04,,F,Engineering,Galway,CC-IE-021
HRIS-WKR-004277,WKR-PUB-004277,IE,LE-IE-SYNTH-001,ACTIVE,EMPLOYEE,PERMANENT,2022-10-18,,M,Sales,Dublin,CC-IE-034
HRIS-WKR-004278,WKR-PUB-004278,IE,LE-IE-SYNTH-001,TERMINATED,EMPLOYEE,PERMANENT,2022-04-06,2026-09-15,M,Technology,Limerick,CC-IE-021
HRIS-WKR-004279,WKR-PUB-004279,IE,LE-IE-SYNTH-001,ACTIVE,EMPLOYEE,PERMANENT,2021-07-13,,M,Engineering,Galway,CC-IE-003
HRIS-WKR-004280,WKR-PUB-004280,IE,LE-IE-SYNTH-001,ACTIVE,EMPLOYEE,PERMANENT,2016-11-29,,F,Operations,Cork,CC-IE-026
HRIS-WKR-004281,WKR-PUB-004281,IE,LE-IE-SYNTH-001,ACTIVE,EMPLOYEE,PERMANENT,2018-08-31,,M,Sales,Cork,CC-IE-019
HRIS-WKR-004282,WKR-PUB-004282,IE,LE-IE-SYNTH-001,ACTIVE,EMPLOYEE,FIXED_TERM,2015-04-04,,F,Technology,Dublin,CC-IE-005
HRIS-WKR-004283,WKR-PUB-004283,IE,LE-IE-SYNTH-001,ACTIVE,EMPLOYEE,FIXED_TERM,2020-03-06,,F,Engineering,Dublin,CC-IE-006
HRIS-WKR-004284,WKR-PUB-004284,IE,LE-IE-SYNTH-001,ACTIVE,EMPLOYEE,PERMANENT,2015-05-15,,M,Technology,Dublin,CC-IE-033
HRIS-WKR-004285,WKR-PUB-004285,IE,LE-IE-SYNTH-001,ACTIVE,EMPLOYEE,PERMANENT,2017-09-14,,F,Engineering,Cork,CC-IE-033
HRIS-WKR-004286,WKR-PUB-004286,IE,LE-IE-SYNTH-001,ACTIVE,EMPLOYEE,PERMANENT,2026-01-11,,M,Engineering,Dublin,CC-IE-028
HRIS-WKR-004287,WKR-PUB-004287,IE,LE-IE-SYNTH-001,ACTIVE,EMPLOYEE,PERMANENT,2019-05-29,,M,Sales,Dublin,CC-IE-037
HRIS-WKR-004288,WKR-PUB-004288,IE,LE-IE-SYNTH-001,ACTIVE,EMPLOYEE,PERMANENT,2017-07-09,,M,Engineering,Dublin,CC-IE-017
HRIS-WKR-004289,WKR-PUB-004289,IE,LE-IE-SYNTH-001,ACTIVE,EMPLOYEE,PERMANENT,2020-09-02,,M,Operations,Dublin,CC-IE-007
HRIS-WKR-004290,WKR-PUB-004290,IE,LE-IE-SYNTH-001,TERMINATED,EMPLOYEE,PERMANENT,2017-07-01,2026-12-01,M,People,Cork,CC-IE-027
HRIS-WKR-004291,WKR-PUB-004291,IE,LE-IE-SYNTH-001,ACTIVE,EMPLOYEE,PERMANENT,2015-05-24,,M,Operations,Galway,CC-IE-032
HRIS-WKR-004292,WKR-PUB-004292,IE,LE-IE-SYNTH-001,ACTIVE,EMPLOYEE,PERMANENT,2017-06-01,,F,Operations,Galway,CC-IE-037
HRIS-WKR-004293,WKR-PUB-004293,IE,LE-IE-SYNTH-001,ACTIVE,EMPLOYEE,PERMANENT,2022-10-29,,F,Engineering,Dublin,CC-IE-014
HRIS-WKR-004294,WKR-PUB-004294,IE,LE-IE-SYNTH-001,ACTIVE,EMPLOYEE,PERMANENT,2019-06-15,,F,People,Dublin,CC-IE-038
HRIS-WKR-004295,WKR-PUB-004295,IE,LE-IE-SYNTH-001,ACTIVE,EMPLOYEE,PERMANENT,2015-01-29,,M,Operations,Dublin,CC-IE-006
HRIS-WKR-004296,WKR-PUB-004296,IE,LE-IE-SYNTH-001,ACTIVE,EMPLOYEE,PERMANENT,2020-07-04,,M,Operations,Remote-IE,CC-IE-008
HRIS-WKR-004297,WKR-PUB-004297,IE,LE-IE-SYNTH-001,ACTIVE,EMPLOYEE,FIXED_TERM,2025-08-31,,F,Operations,Dublin,CC-IE-003
HRIS-WKR-004298,WKR-PUB-004298,IE,LE-IE-SYNTH-001,ACTIVE,EMPLOYEE,PERMANENT,2025-01-08,,M,Operations,Galway,CC-IE-026
HRIS-WKR-004299,WKR-PUB-004299,IE,LE-IE-SYNTH-001,ACTIVE,CONTRACTOR,PERMANENT,2023-02-21,,F,People,Dublin,CC-IE-034
HRIS-WKR-004300,WKR-PUB-004300,IE,LE-IE-SYNTH-001,ACTIVE,EMPLOYEE,FIXED_TERM,2023-08-23,,F,Sales,Cork,CC-IE-007
HRIS-WKR-004301,WKR-PUB-004301,IE,LE-IE-SYNTH-001,ACTIVE,EMPLOYEE,PERMANENT,2020-08-16,,F,Engineering,Remote-IE,CC-IE-028
HRIS-WKR-004302,WKR-PUB-004302,IE,LE-IE-SYNTH-001,ACTIVE,EMPLOYEE,PERMANENT,2025-05-13,,M,Sales,Dublin,CC-IE-020
HRIS-WKR-004303,WKR-PUB-004303,IE,LE-IE-SYNTH-001,ACTIVE,EMPLOYEE,PERMANENT,2016-11-08,,M,Engineering,Galway,CC-IE-023
HRIS-WKR-004304,WKR-PUB-004304,IE,LE-IE-SYNTH-001,ACTIVE,EMPLOYEE,PERMANENT,2023-04-09,,M,Finance,Cork,CC-IE-013
HRIS-WKR-004305,WKR-PUB-004305,IE,LE-IE-SYNTH-001,ACTIVE,EMPLOYEE,PERMANENT,2016-06-22,,M,Engineering,Dublin,CC-IE-024
HRIS-WKR-004306,WKR-PUB-004306,IE,LE-IE-SYNTH-001,ACTIVE,EMPLOYEE,PERMANENT,2019-03-17,,M,Sales,Limerick,CC-IE-034
HRIS-WKR-004307,WKR-PUB-004307,IE,LE-IE-SYNTH-001,ACTIVE,EMPLOYEE,PERMANENT,2023-09-27,,F,Sales,Dublin,CC-IE-009
HRIS-WKR-004308,WKR-PUB-004308,IE,LE-IE-SYNTH-001,ACTIVE,EMPLOYEE,PERMANENT,2023-01-12,,M,Sales,Cork,CC-IE-011
HRIS-WKR-004309,WKR-PUB-004309,IE,LE-IE-SYNTH-001,ACTIVE,EMPLOYEE,PERMANENT,2022-08-12,,M,Engineering,Dublin,CC-IE-031
HRIS-WKR-004310,WKR-PUB-004310,IE,LE-IE-SYNTH-001,ACTIVE,EMPLOYEE,PERMANENT,2014-10-20,,M,People,Galway,CC-IE-013
HRIS-WKR-004311,WKR-PUB-004311,IE,LE-IE-SYNTH-001,ACTIVE,CONTRACTOR,PERMANENT,2024-08-11,,NB,Technology,Dublin,CC-IE-027
HRIS-WKR-004312,WKR-PUB-004312,IE,LE-IE-SYNTH-001,ACTIVE,EMPLOYEE,PERMANENT,2019-02-16,,F,Sales,Dublin,CC-IE-020
HRIS-WKR-004313,WKR-PUB-004313,IE,LE-IE-SYNTH-001,ACTIVE,EMPLOYEE,PERMANENT,2020-10-04,,M,Technology,Remote-IE,CC-IE-021
HRIS-WKR-004314,WKR-PUB-004314,IE,LE-IE-SYNTH-001,ACTIVE,EMPLOYEE,PERMANENT,2016-06-16,,F,Engineering,Cork,CC-IE-006
HRIS-WKR-004315,WKR-PUB-004315,IE,LE-IE-SYNTH-001,ACTIVE,EMPLOYEE,PERMANENT,2019-11-27,,UNDISCLOSED,People,Dublin,CC-IE-035
HRIS-WKR-004316,WKR-PUB-004316,IE,LE-IE-SYNTH-001,ACTIVE,EMPLOYEE,PERMANENT,2019-12-01,,F,People,Dublin,CC-IE-010
HRIS-WKR-004317,WKR-PUB-004317,IE,LE-IE-SYNTH-001,ACTIVE,EMPLOYEE,APPRENTICE,2022-04-30,,M,People,Cork,CC-IE-026
HRIS-WKR-004318,WKR-PUB-004318,IE,LE-IE-SYNTH-001,ACTIVE,CONTRACTOR,PERMANENT,2017-05-20,,M,Operations,Dublin,CC-IE-016
HRIS-WKR-004319,WKR-PUB-004319,IE,LE-IE-SYNTH-001,TERMINATED,EMPLOYEE,PERMANENT,2023-02-23,2026-07-16,M,Engineering,Dublin,CC-IE-012
HRIS-WKR-004320,WKR-PUB-004320,IE,LE-IE-SYNTH-001,ACTIVE,EMPLOYEE,PERMANENT,2019-09-27,,M,Engineering,Limerick,CC-IE-011
HRIS-WKR-004321,WKR-PUB-004321,IE,LE-IE-SYNTH-001,ACTIVE,EMPLOYEE,PERMANENT,2018-10-05,,F,Technology,Cork,CC-IE-009
HRIS-WKR-004322,WKR-PUB-004322,IE,LE-IE-SYNTH-001,ACTIVE,EMPLOYEE,PERMANENT,2019-10-01,,M,Operations,Dublin,CC-IE-027
HRIS-WKR-004323,WKR-PUB-004323,IE,LE-IE-SYNTH-001,ACTIVE,EMPLOYEE,PERMANENT,2024-01-14,,M,Operations,Dublin,CC-IE-031
HRIS-WKR-004324,WKR-PUB-004324,IE,LE-IE-SYNTH-001,ACTIVE,EMPLOYEE,FIXED_TERM,2018-10-08,,M,Finance,Dublin,CC-IE-026
HRIS-WKR-004325,WKR-PUB-004325,IE,LE-IE-SYNTH-001,ACTIVE,EMPLOYEE,PERMANENT,2022-10-12,,M,Engineering,Dublin,CC-IE-002
HRIS-WKR-004326,WKR-PUB-004326,IE,LE-IE-SYNTH-001,ACTIVE,EMPLOYEE,PERMANENT,2018-11-07,,M,Sales,Dublin,CC-IE-033
HRIS-WKR-004327,WKR-PUB-004327,IE,LE-IE-SYNTH-001,ACTIVE,EMPLOYEE,PERMANENT,2018-03-30,,M,Engineering,Dublin,CC-IE-022
HRIS-WKR-004328,WKR-PUB-004328,IE,LE-IE-SYNTH-001,ACTIVE,EMPLOYEE,PERMANENT,2022-08-01,,F,Technology,Remote-IE,CC-IE-001
HRIS-WKR-004329,WKR-PUB-004329,IE,LE-IE-SYNTH-001,ACTIVE,EMPLOYEE,PERMANENT,2023-12-20,,M,Engineering,Cork,CC-IE-020
HRIS-WKR-004330,WKR-PUB-004330,IE,LE-IE-SYNTH-001,ACTIVE,EMPLOYEE,FIXED_TERM,2024-12-19,,NB,Technology,Dublin,CC-IE-031
HRIS-WKR-004331,WKR-PUB-004331,IE,LE-IE-SYNTH-001,ACTIVE,EMPLOYEE,PERMANENT,2016-07-09,,M,Operations,Cork,CC-IE-034
HRIS-WKR-004332,WKR-PUB-004332,IE,LE-IE-SYNTH-001,ACTIVE,EMPLOYEE,PERMANENT,2018-12-19,,F,Technology,Remote-IE,CC-IE-018
HRIS-WKR-004333,WKR-PUB-004333,IE,LE-IE-SYNTH-001,ACTIVE,EMPLOYEE,PERMANENT,2020-07-11,,M,Technology,Cork,CC-IE-010
HRIS-WKR-004334,WKR-PUB-004334,IE,LE-IE-SYNTH-001,ACTIVE,EMPLOYEE,PERMANENT,2024-01-26,,M,Finance,Remote-IE,CC-IE-013
HRIS-WKR-004335,WKR-PUB-004335,IE,LE-IE-SYNTH-001,ACTIVE,EMPLOYEE,PERMANENT,2021-06-15,,F,Finance,Cork,CC-IE-006
HRIS-WKR-004336,WKR-PUB-004336,IE,LE-IE-SYNTH-001,ACTIVE,EMPLOYEE,APPRENTICE,2023-06-03,,F,Technology,Dublin,CC-IE-030
HRIS-WKR-004337,WKR-PUB-004337,IE,LE-IE-SYNTH-001,ACTIVE,EMPLOYEE,PERMANENT,2025-11-12,,M,Sales,Cork,CC-IE-037
HRIS-WKR-004338,WKR-PUB-004338,IE,LE-IE-SYNTH-001,ACTIVE,EMPLOYEE,PERMANENT,2019-04-23,,F,Operations,Limerick,CC-IE-012
HRIS-WKR-004339,WKR-PUB-004339,IE,LE-IE-SYNTH-001,ACTIVE,EMPLOYEE,PERMANENT,2021-11-16,,,Engineering,Remote-IE,CC-IE-012
HRIS-WKR-004340,WKR-PUB-004340,IE,LE-IE-SYNTH-001,ACTIVE,EMPLOYEE,PERMANENT,2018-04-26,,F,Operations,Galway,CC-IE-023
HRIS-WKR-004341,WKR-PUB-004341,IE,LE-IE-SYNTH-001,TERMINATED,CONTRACTOR,FIXED_TERM,2022-06-17,2026-03-16,F,Engineering,Galway,CC-IE-003
HRIS-WKR-004342,WKR-PUB-004342,IE,LE-IE-SYNTH-001,ACTIVE,EMPLOYEE,PERMANENT,2020-05-16,,F,Engineering,Limerick,CC-IE-018
HRIS-WKR-004343,WKR-PUB-004343,IE,LE-IE-SYNTH-001,ACTIVE,EMPLOYEE,PERMANENT,2015-11-17,,M,Sales,Dublin,CC-IE-002
HRIS-WKR-004344,WKR-PUB-004344,IE,LE-IE-SYNTH-001,ACTIVE,EMPLOYEE,FIXED_TERM,2017-01-08,,F,Finance,Remote-IE,CC-IE-026
HRIS-WKR-004345,WKR-PUB-004345,IE,LE-IE-SYNTH-001,ACTIVE,EMPLOYEE,PERMANENT,2023-01-27,,F,Sales,Dublin,CC-IE-033
HRIS-WKR-004346,WKR-PUB-004346,IE,LE-IE-SYNTH-001,ACTIVE,EMPLOYEE,PERMANENT,2019-02-01,,M,Engineering,Dublin,CC-IE-025
HRIS-WKR-004347,WKR-PUB-004347,IE,LE-IE-SYNTH-001,ACTIVE,EMPLOYEE,PERMANENT,2014-11-08,,F,Technology,Remote-IE,CC-IE-031
HRIS-WKR-004348,WKR-PUB-004348,IE,LE-IE-SYNTH-001,ACTIVE,EMPLOYEE,PERMANENT,2016-06-11,,F,Engineering,Dublin,CC-IE-002
HRIS-WKR-004349,WKR-PUB-004349,IE,LE-IE-SYNTH-001,ACTIVE,EMPLOYEE,FIXED_TERM,2022-10-05,,M,Finance,Remote-IE,CC-IE-024
HRIS-WKR-004350,WKR-PUB-004350,IE,LE-IE-SYNTH-001,ACTIVE,CONTRACTOR,PERMANENT,2022-05-15,,,Operations,Dublin,CC-IE-016
HRIS-WKR-004351,WKR-PUB-004351,IE,LE-IE-SYNTH-001,ACTIVE,EMPLOYEE,PERMANENT,2015-07-11,,M,People,Dublin,CC-IE-008
HRIS-WKR-004352,WKR-PUB-004352,IE,LE-IE-SYNTH-001,ACTIVE,EMPLOYEE,PERMANENT,2021-06-20,,F,Sales,Remote-IE,CC-IE-005
HRIS-WKR-004353,WKR-PUB-004353,IE,LE-IE-SYNTH-001,ACTIVE,EMPLOYEE,PERMANENT,2015-05-18,,UNDISCLOSED,Operations,Dublin,CC-IE-001
HRIS-WKR-004354,WKR-PUB-004354,IE,LE-IE-SYNTH-001,ACTIVE,EMPLOYEE,PERMANENT,2018-01-15,,M,Sales,Dublin,CC-IE-010
HRIS-WKR-004355,WKR-PUB-004355,IE,LE-IE-SYNTH-001,ACTIVE,EMPLOYEE,PERMANENT,2014-07-17,,F,Engineering,Limerick,CC-IE-005
HRIS-WKR-004356,WKR-PUB-004356,IE,LE-IE-SYNTH-001,ACTIVE,EMPLOYEE,PERMANENT,2023-05-04,,F,Finance,Dublin,CC-IE-027
HRIS-WKR-004357,WKR-PUB-004357,IE,LE-IE-SYNTH-001,ACTIVE,EMPLOYEE,PERMANENT,2016-05-18,,F,Operations,Galway,CC-IE-032
HRIS-WKR-004358,WKR-PUB-004358,IE,LE-IE-SYNTH-001,ACTIVE,EMPLOYEE,PERMANENT,2024-02-20,,F,Technology,Dublin,CC-IE-040
HRIS-WKR-004359,WKR-PUB-004359,IE,LE-IE-SYNTH-001,ACTIVE,EMPLOYEE,PERMANENT,2021-12-10,,M,Technology,Dublin,CC-IE-040
HRIS-WKR-004360,WKR-PUB-004360,IE,LE-IE-SYNTH-001,ACTIVE,EMPLOYEE,PERMANENT,2018-11-08,,F,Finance,Remote-IE,CC-IE-007
HRIS-WKR-004361,WKR-PUB-004361,IE,LE-IE-SYNTH-001,ACTIVE,EMPLOYEE,PERMANENT,2021-08-27,,F,Engineering,Galway,CC-IE-036
HRIS-WKR-004362,WKR-PUB-004362,IE,LE-IE-SYNTH-001,ACTIVE,EMPLOYEE,PERMANENT,2023-08-09,,F,Sales,Dublin,CC-IE-027
HRIS-WKR-004363,WKR-PUB-004363,IE,LE-IE-SYNTH-001,ACTIVE,EMPLOYEE,PERMANENT,2018-06-29,,M,Engineering,Dublin,CC-IE-003
HRIS-WKR-004364,WKR-PUB-004364,IE,LE-IE-SYNTH-001,ACTIVE,EMPLOYEE,FIXED_TERM,2017-10-15,,M,Operations,Dublin,CC-IE-012
HRIS-WKR-004365,WKR-PUB-004365,IE,LE-IE-SYNTH-001,ACTIVE,EMPLOYEE,PERMANENT,2014-04-29,,F,Engineering,Dublin,CC-IE-011
HRIS-WKR-004366,WKR-PUB-004366,IE,LE-IE-SYNTH-001,ACTIVE,EMPLOYEE,PERMANENT,2017-03-15,,M,Operations,Galway,CC-IE-027
HRIS-WKR-004367,WKR-PUB-004367,IE,LE-IE-SYNTH-001,ACTIVE,EMPLOYEE,PERMANENT,2017-01-11,,M,Finance,Dublin,CC-IE-001
HRIS-WKR-004368,WKR-PUB-004368,IE,LE-IE-SYNTH-001,ACTIVE,EMPLOYEE,PERMANENT,2021-11-01,,M,Finance,Remote-IE,CC-IE-021
HRIS-WKR-004369,WKR-PUB-004369,IE,LE-IE-SYNTH-001,ACTIVE,EMPLOYEE,PERMANENT,2023-04-13,,UNDISCLOSED,Sales,Dublin,CC-IE-032
HRIS-WKR-004370,WKR-PUB-004370,IE,LE-IE-SYNTH-001,ACTIVE,EMPLOYEE,PERMANENT,2020-04-21,,M,Finance,Limerick,CC-IE-005
HRIS-WKR-004371,WKR-PUB-004371,IE,LE-IE-SYNTH-001,ACTIVE,EMPLOYEE,PERMANENT,2017-09-04,,F,Finance,Dublin,CC-IE-035
HRIS-WKR-004372,WKR-PUB-004372,IE,LE-IE-SYNTH-001,ACTIVE,EMPLOYEE,PERMANENT,2022-09-23,,M,Engineering,Dublin,CC-IE-011
HRIS-WKR-004373,WKR-PUB-004373,IE,LE-IE-SYNTH-001,ACTIVE,EMPLOYEE,PERMANENT,2016-08-27,,F,People,Cork,CC-IE-002
HRIS-WKR-004374,WKR-PUB-004374,IE,LE-IE-SYNTH-001,ACTIVE,EMPLOYEE,PERMANENT,2023-10-28,,F,Finance,Limerick,CC-IE-034
HRIS-WKR-004375,WKR-PUB-004375,IE,LE-IE-SYNTH-001,ACTIVE,EMPLOYEE,PERMANENT,2014-04-25,,F,Operations,Dublin,CC-IE-006
HRIS-WKR-004376,WKR-PUB-004376,IE,LE-IE-SYNTH-001,ACTIVE,EMPLOYEE,PERMANENT,2022-10-21,,M,Technology,Dublin,CC-IE-011
HRIS-WKR-004377,WKR-PUB-004377,IE,LE-IE-SYNTH-001,ACTIVE,EMPLOYEE,FIXED_TERM,2025-07-19,,M,Finance,Dublin,CC-IE-002
HRIS-WKR-004378,WKR-PUB-004378,IE,LE-IE-SYNTH-001,ACTIVE,EMPLOYEE,PERMANENT,2025-05-30,,M,Operations,Dublin,CC-IE-014
HRIS-WKR-004379,WKR-PUB-004379,IE,LE-IE-SYNTH-001,ACTIVE,EMPLOYEE,PERMANENT,2023-12-28,,M,Operations,Galway,CC-IE-024
HRIS-WKR-004380,WKR-PUB-004380,IE,LE-IE-SYNTH-001,ACTIVE,EMPLOYEE,PERMANENT,2021-01-18,,F,Operations,Dublin,CC-IE-013
HRIS-WKR-004381,WKR-PUB-004381,IE,LE-IE-SYNTH-001,ACTIVE,EMPLOYEE,PERMANENT,2023-06-16,,F,Finance,Cork,CC-IE-020
HRIS-WKR-004382,WKR-PUB-004382,IE,LE-IE-SYNTH-001,ACTIVE,EMPLOYEE,PERMANENT,2023-03-24,,M,Finance,Dublin,CC-IE-035
HRIS-WKR-004383,WKR-PUB-004383,IE,LE-IE-SYNTH-001,ACTIVE,EMPLOYEE,PERMANENT,2019-05-04,,F,Sales,Dublin,CC-IE-037
HRIS-WKR-004384,WKR-PUB-004384,IE,LE-IE-SYNTH-001,ACTIVE,EMPLOYEE,FIXED_TERM,2025-04-25,,UNDISCLOSED,Technology,Dublin,CC-IE-023
HRIS-WKR-004385,WKR-PUB-004385,IE,LE-IE-SYNTH-001,ACTIVE,EMPLOYEE,PERMANENT,2020-10-04,,F,Operations,Dublin,CC-IE-016
HRIS-WKR-004386,WKR-PUB-004386,IE,LE-IE-SYNTH-001,ACTIVE,CONTRACTOR,PERMANENT,2016-06-12,,F,Technology,Cork,CC-IE-001
HRIS-WKR-004387,WKR-PUB-004387,IE,LE-IE-SYNTH-001,ACTIVE,EMPLOYEE,PERMANENT,2020-10-12,,M,Sales,Dublin,CC-IE-038
HRIS-WKR-004388,WKR-PUB-004388,IE,LE-IE-SYNTH-001,ACTIVE,EMPLOYEE,PERMANENT,2020-05-30,,M,Technology,Limerick,CC-IE-037
HRIS-WKR-004389,WKR-PUB-004389,IE,LE-IE-SYNTH-001,ACTIVE,EMPLOYEE,PERMANENT,2016-05-23,,M,Sales,Dublin,CC-IE-028
HRIS-WKR-004390,WKR-PUB-004390,IE,LE-IE-SYNTH-001,ACTIVE,EMPLOYEE,FIXED_TERM,2026-02-15,,F,Engineering,Limerick,CC-IE-004
HRIS-WKR-004391,WKR-PUB-004391,IE,LE-IE-SYNTH-001,ACTIVE,EMPLOYEE,PERMANENT,2021-05-27,,M,Operations,Cork,CC-IE-037
HRIS-WKR-004392,WKR-PUB-004392,IE,LE-IE-SYNTH-001,ACTIVE,EMPLOYEE,PERMANENT,2021-08-22,,NB,Engineering,Cork,CC-IE-010
HRIS-WKR-004393,WKR-PUB-004393,IE,LE-IE-SYNTH-001,ACTIVE,EMPLOYEE,PERMANENT,2023-12-23,,F,Sales,Limerick,CC-IE-027
HRIS-WKR-004394,WKR-PUB-004394,IE,LE-IE-SYNTH-001,ACTIVE,EMPLOYEE,PERMANENT,2017-11-27,,F,People,Galway,CC-IE-015
HRIS-WKR-004395,WKR-PUB-004395,IE,LE-IE-SYNTH-001,ACTIVE,EMPLOYEE,FIXED_TERM,2015-07-02,,F,Sales,Dublin,CC-IE-022
HRIS-WKR-004396,WKR-PUB-004396,IE,LE-IE-SYNTH-001,ACTIVE,EMPLOYEE,PERMANENT,2022-11-19,,F,Engineering,Dublin,CC-IE-032
HRIS-WKR-004397,WKR-PUB-004397,IE,LE-IE-SYNTH-001,ACTIVE,EMPLOYEE,PERMANENT,2020-09-13,,,Engineering,Dublin,CC-IE-040
HRIS-WKR-004398,WKR-PUB-004398,IE,LE-IE-SYNTH-001,ACTIVE,EMPLOYEE,APPRENTICE,2020-07-25,,M,Sales,Dublin,CC-IE-003
HRIS-WKR-004399,WKR-PUB-004399,IE,LE-IE-SYNTH-001,ACTIVE,EMPLOYEE,PERMANENT,2023-06-18,,M,Sales,Remote-IE,CC-IE-007
HRIS-WKR-004400,WKR-PUB-004400,IE,LE-IE-SYNTH-001,ACTIVE,EMPLOYEE,PERMANENT,2025-09-14,,M,Operations,Dublin,CC-IE-023
HRIS-WKR-004401,WKR-PUB-004401,IE,LE-IE-SYNTH-001,ACTIVE,EMPLOYEE,FIXED_TERM,2025-04-06,,M,Finance,Dublin,CC-IE-030
HRIS-WKR-004402,WKR-PUB-004402,IE,LE-IE-SYNTH-001,ACTIVE,EMPLOYEE,PERMANENT,2025-10-12,,F,Technology,Remote-IE,CC-IE-022
HRIS-WKR-004403,WKR-PUB-004403,IE,LE-IE-SYNTH-001,ACTIVE,EMPLOYEE,PERMANENT,2018-10-07,,M,Finance,Dublin,CC-IE-003
HRIS-WKR-004404,WKR-PUB-004404,IE,LE-IE-SYNTH-001,ACTIVE,CONTRACTOR,FIXED_TERM,2014-02-24,,M,Sales,Cork,CC-IE-015
HRIS-WKR-004405,WKR-PUB-004405,IE,LE-IE-SYNTH-001,ACTIVE,EMPLOYEE,PERMANENT,2023-12-21,,M,Technology,Dublin,CC-IE-016
HRIS-WKR-004406,WKR-PUB-004406,IE,LE-IE-SYNTH-001,TERMINATED,EMPLOYEE,PERMANENT,2022-03-21,2026-08-01,F,Technology,Dublin,CC-IE-001
HRIS-WKR-004407,WKR-PUB-004407,IE,LE-IE-SYNTH-001,ACTIVE,EMPLOYEE,PERMANENT,2019-02-19,,F,Technology,Dublin,CC-IE-035
HRIS-WKR-004408,WKR-PUB-004408,IE,LE-IE-SYNTH-001,ACTIVE,EMPLOYEE,PERMANENT,2019-11-05,,M,Engineering,Cork,CC-IE-003
HRIS-WKR-004409,WKR-PUB-004409,IE,LE-IE-SYNTH-001,ACTIVE,EMPLOYEE,PERMANENT,2019-10-21,,,People,Dublin,CC-IE-030
HRIS-WKR-004410,WKR-PUB-004410,IE,LE-IE-SYNTH-001,ACTIVE,EMPLOYEE,PERMANENT,2017-10-11,,M,People,Galway,CC-IE-022
HRIS-WKR-004411,WKR-PUB-004411,IE,LE-IE-SYNTH-001,ACTIVE,EMPLOYEE,PERMANENT,2021-10-19,,M,Sales,Cork,CC-IE-012
HRIS-WKR-004412,WKR-PUB-004412,IE,LE-IE-SYNTH-001,ACTIVE,EMPLOYEE,PERMANENT,2017-04-14,,F,Engineering,Dublin,CC-IE-007
HRIS-WKR-004413,WKR-PUB-004413,IE,LE-IE-SYNTH-001,ACTIVE,EMPLOYEE,PERMANENT,2023-08-11,,M,People,Remote-IE,CC-IE-029
HRIS-WKR-004414,WKR-PUB-004414,IE,LE-IE-SYNTH-001,ACTIVE,EMPLOYEE,PERMANENT,2020-06-22,,F,Engineering,Dublin,CC-IE-003
HRIS-WKR-004415,WKR-PUB-004415,IE,LE-IE-SYNTH-001,ACTIVE,EMPLOYEE,PERMANENT,2022-01-22,,F,Sales,Dublin,CC-IE-010
HRIS-WKR-004416,WKR-PUB-004416,IE,LE-IE-SYNTH-001,ACTIVE,EMPLOYEE,PERMANENT,2021-11-22,,F,Engineering,Dublin,CC-IE-002
HRIS-WKR-004417,WKR-PUB-004417,IE,LE-IE-SYNTH-001,ACTIVE,EMPLOYEE,PERMANENT,2015-02-10,,F,Engineering,Remote-IE,CC-IE-009
HRIS-WKR-004418,WKR-PUB-004418,IE,LE-IE-SYNTH-001,ACTIVE,EMPLOYEE,PERMANENT,2023-02-14,,M,Sales,Cork,CC-IE-030
HRIS-WKR-004419,WKR-PUB-004419,IE,LE-IE-SYNTH-001,ACTIVE,EMPLOYEE,PERMANENT,2021-08-16,,M,Engineering,Dublin,CC-IE-034
HRIS-WKR-004420,WKR-PUB-004420,IE,LE-IE-SYNTH-001,ACTIVE,CONTRACTOR,FIXED_TERM,2025-04-04,,M,Sales,Limerick,CC-IE-019
HRIS-WKR-004421,WKR-PUB-004421,IE,LE-IE-SYNTH-001,ACTIVE,EMPLOYEE,PERMANENT,2015-03-14,,M,Sales,Dublin,CC-IE-002
HRIS-WKR-004422,WKR-PUB-004422,IE,LE-IE-SYNTH-001,ACTIVE,CONTRACTOR,PERMANENT,2024-12-09,,M,Engineering,Limerick,CC-IE-015
HRIS-WKR-004423,WKR-PUB-004423,IE,LE-IE-SYNTH-001,ACTIVE,EMPLOYEE,PERMANENT,2019-02-20,,M,Operations,Dublin,CC-IE-005
HRIS-WKR-004424,WKR-PUB-004424,IE,LE-IE-SYNTH-001,ACTIVE,EMPLOYEE,PERMANENT,2018-01-09,,M,Engineering,Dublin,CC-IE-021
HRIS-WKR-004425,WKR-PUB-004425,IE,LE-IE-SYNTH-001,ACTIVE,EMPLOYEE,PERMANENT,2019-02-05,,M,Finance,Dublin,CC-IE-005
HRIS-WKR-004426,WKR-PUB-004426,IE,LE-IE-SYNTH-001,ACTIVE,EMPLOYEE,PERMANENT,2014-01-23,,F,Engineering,Dublin,CC-IE-001
HRIS-WKR-004427,WKR-PUB-004427,IE,LE-IE-SYNTH-001,ACTIVE,EMPLOYEE,PERMANENT,2021-08-30,,M,Engineering,Dublin,CC-IE-035
HRIS-WKR-004428,WKR-PUB-004428,IE,LE-IE-SYNTH-001,ACTIVE,EMPLOYEE,PERMANENT,2017-09-21,,M,Operations,Galway,CC-IE-037
HRIS-WKR-004429,WKR-PUB-004429,IE,LE-IE-SYNTH-001,ACTIVE,EMPLOYEE,PERMANENT,2015-10-20,,F,Finance,Cork,CC-IE-014
HRIS-WKR-004430,WKR-PUB-004430,IE,LE-IE-SYNTH-001,ACTIVE,CONTRACTOR,PERMANENT,2023-01-15,,M,Technology,Dublin,CC-IE-032
HRIS-WKR-004431,WKR-PUB-004431,IE,LE-IE-SYNTH-001,ACTIVE,EMPLOYEE,PERMANENT,2017-05-11,,F,Finance,Dublin,CC-IE-039
HRIS-WKR-004432,WKR-PUB-004432,IE,LE-IE-SYNTH-001,ACTIVE,EMPLOYEE,PERMANENT,2019-08-23,,M,Finance,Dublin,CC-IE-028
HRIS-WKR-004433,WKR-PUB-004433,IE,LE-IE-SYNTH-001,ACTIVE,EMPLOYEE,PERMANENT,2016-05-21,,M,Engineering,Dublin,CC-IE-021
HRIS-WKR-004434,WKR-PUB-004434,IE,LE-IE-SYNTH-001,ACTIVE,EMPLOYEE,PERMANENT,2024-06-18,,F,Sales,Galway,CC-IE-002
HRIS-WKR-004435,WKR-PUB-004435,IE,LE-IE-SYNTH-001,ACTIVE,EMPLOYEE,PERMANENT,2014-01-16,,M,Engineering,Cork,CC-IE-001
HRIS-WKR-004436,WKR-PUB-004436,IE,LE-IE-SYNTH-001,ACTIVE,EMPLOYEE,PERMANENT,2018-02-10,,F,Sales,Dublin,CC-IE-038
HRIS-WKR-004437,WKR-PUB-004437,IE,LE-IE-SYNTH-001,ACTIVE,EMPLOYEE,FIXED_TERM,2026-01-06,,,Sales,Limerick,CC-IE-039
HRIS-WKR-004438,WKR-PUB-004438,IE,LE-IE-SYNTH-001,ACTIVE,EMPLOYEE,PERMANENT,2024-10-20,,M,Engineering,Dublin,CC-IE-025
HRIS-WKR-004439,WKR-PUB-004439,IE,LE-IE-SYNTH-001,ACTIVE,EMPLOYEE,PERMANENT,2016-01-13,,,Engineering,Dublin,CC-IE-036
HRIS-WKR-004440,WKR-PUB-004440,IE,LE-IE-SYNTH-001,ACTIVE,EMPLOYEE,PERMANENT,2021-07-08,,M,Engineering,Dublin,CC-IE-014
HRIS-WKR-004441,WKR-PUB-004441,IE,LE-IE-SYNTH-001,ACTIVE,EMPLOYEE,PERMANENT,2014-01-02,,NB,Sales,Dublin,CC-IE-001
HRIS-WKR-004442,WKR-PUB-004442,IE,LE-IE-SYNTH-001,ACTIVE,EMPLOYEE,PERMANENT,2021-12-20,,F,Finance,Galway,CC-IE-016
HRIS-WKR-004443,WKR-PUB-004443,IE,LE-IE-SYNTH-001,ACTIVE,EMPLOYEE,FIXED_TERM,2015-02-18,,F,Finance,Remote-IE,CC-IE-005
HRIS-WKR-004444,WKR-PUB-004444,IE,LE-IE-SYNTH-001,ACTIVE,EMPLOYEE,FIXED_TERM,2022-12-09,,M,Engineering,Dublin,CC-IE-021
HRIS-WKR-004445,WKR-PUB-004445,IE,LE-IE-SYNTH-001,ACTIVE,EMPLOYEE,PERMANENT,2016-07-24,,M,Finance,Remote-IE,CC-IE-026
HRIS-WKR-004446,WKR-PUB-004446,IE,LE-IE-SYNTH-001,ACTIVE,CONTRACTOR,PERMANENT,2020-02-10,,M,Engineering,Dublin,CC-IE-013
HRIS-WKR-004447,WKR-PUB-004447,IE,LE-IE-SYNTH-001,ACTIVE,EMPLOYEE,FIXED_TERM,2025-07-04,,M,Technology,Dublin,CC-IE-029
HRIS-WKR-004448,WKR-PUB-004448,IE,LE-IE-SYNTH-001,ACTIVE,EMPLOYEE,PERMANENT,2019-02-28,,F,Engineering,Remote-IE,CC-IE-027
HRIS-WKR-004449,WKR-PUB-004449,IE,LE-IE-SYNTH-001,ACTIVE,EMPLOYEE,APPRENTICE,2021-01-04,,F,People,Dublin,CC-IE-028
HRIS-WKR-004450,WKR-PUB-004450,IE,LE-IE-SYNTH-001,ACTIVE,EMPLOYEE,PERMANENT,2015-01-19,,F,Engineering,Dublin,CC-IE-024
HRIS-WKR-004451,WKR-PUB-004451,IE,LE-IE-SYNTH-001,ACTIVE,EMPLOYEE,PERMANENT,2020-03-11,,,Engineering,Dublin,CC-IE-025
HRIS-WKR-004452,WKR-PUB-004452,IE,LE-IE-SYNTH-001,ACTIVE,EMPLOYEE,PERMANENT,2022-09-23,,M,People,Limerick,CC-IE-023
HRIS-WKR-004453,WKR-PUB-004453,IE,LE-IE-SYNTH-001,ACTIVE,EMPLOYEE,APPRENTICE,2022-06-06,,M,Engineering,Dublin,CC-IE-037
HRIS-WKR-004454,WKR-PUB-004454,IE,LE-IE-SYNTH-001,ACTIVE,EMPLOYEE,PERMANENT,2019-07-19,,F,Engineering,Remote-IE,CC-IE-005
HRIS-WKR-004455,WKR-PUB-004455,IE,LE-IE-SYNTH-001,ACTIVE,EMPLOYEE,PERMANENT,2026-01-03,,M,Technology,Dublin,CC-IE-037
HRIS-WKR-004456,WKR-PUB-004456,IE,LE-IE-SYNTH-001,ACTIVE,EMPLOYEE,PERMANENT,2019-05-28,,M,Sales,Dublin,CC-IE-014
HRIS-WKR-004457,WKR-PUB-004457,IE,LE-IE-SYNTH-001,ACTIVE,EMPLOYEE,PERMANENT,2025-01-24,,F,Operations,Cork,CC-IE-013
HRIS-WKR-004458,WKR-PUB-004458,IE,LE-IE-SYNTH-001,ACTIVE,EMPLOYEE,PERMANENT,2021-05-21,,M,Engineering,Remote-IE,CC-IE-034
HRIS-WKR-004459,WKR-PUB-004459,IE,LE-IE-SYNTH-001,ACTIVE,EMPLOYEE,PERMANENT,2021-01-05,,M,Operations,Dublin,CC-IE-019
HRIS-WKR-004460,WKR-PUB-004460,IE,LE-IE-SYNTH-001,ACTIVE,EMPLOYEE,PERMANENT,2025-03-12,,F,Sales,Dublin,CC-IE-014
HRIS-WKR-004461,WKR-PUB-004461,IE,LE-IE-SYNTH-001,ACTIVE,EMPLOYEE,PERMANENT,2017-05-19,,F,Engineering,Dublin,CC-IE-022
HRIS-WKR-004462,WKR-PUB-004462,IE,LE-IE-SYNTH-001,ACTIVE,CONTRACTOR,PERMANENT,2020-08-01,,F,Technology,Remote-IE,CC-IE-026
HRIS-WKR-004463,WKR-PUB-004463,IE,LE-IE-SYNTH-001,ACTIVE,EMPLOYEE,PERMANENT,2015-11-30,,M,Operations,Cork,CC-IE-015
HRIS-WKR-004464,WKR-PUB-004464,IE,LE-IE-SYNTH-001,ACTIVE,EMPLOYEE,PERMANENT,2020-04-01,,M,Engineering,Cork,CC-IE-003
HRIS-WKR-004465,WKR-PUB-004465,IE,LE-IE-SYNTH-001,ACTIVE,EMPLOYEE,FIXED_TERM,2023-10-20,,M,Sales,Dublin,CC-IE-031
HRIS-WKR-004466,WKR-PUB-004466,IE,LE-IE-SYNTH-001,ACTIVE,EMPLOYEE,PERMANENT,2020-04-24,,F,Sales,Limerick,CC-IE-017
HRIS-WKR-004467,WKR-PUB-004467,IE,LE-IE-SYNTH-001,ACTIVE,EMPLOYEE,PERMANENT,2025-08-12,,UNDISCLOSED,Engineering,Galway,CC-IE-018
HRIS-WKR-004468,WKR-PUB-004468,IE,LE-IE-SYNTH-001,ACTIVE,EMPLOYEE,PERMANENT,2023-08-14,,F,Operations,Dublin,CC-IE-007
HRIS-WKR-004469,WKR-PUB-004469,IE,LE-IE-SYNTH-001,ACTIVE,EMPLOYEE,PERMANENT,2022-06-22,,M,Engineering,Dublin,CC-IE-016
HRIS-WKR-004470,WKR-PUB-004470,IE,LE-IE-SYNTH-001,ACTIVE,EMPLOYEE,PERMANENT,2019-10-16,,M,Sales,Limerick,CC-IE-029
HRIS-WKR-004471,WKR-PUB-004471,IE,LE-IE-SYNTH-001,ACTIVE,EMPLOYEE,PERMANENT,2020-07-09,,F,Sales,Dublin,CC-IE-015
HRIS-WKR-004472,WKR-PUB-004472,IE,LE-IE-SYNTH-001,ACTIVE,EMPLOYEE,PERMANENT,2018-05-04,,M,Engineering,Dublin,CC-IE-009
HRIS-WKR-004473,WKR-PUB-004473,IE,LE-IE-SYNTH-001,ACTIVE,EMPLOYEE,FIXED_TERM,2016-10-27,,F,Technology,Remote-IE,CC-IE-007
HRIS-WKR-004474,WKR-PUB-004474,IE,LE-IE-SYNTH-001,ACTIVE,EMPLOYEE,FIXED_TERM,2014-11-25,,F,Operations,Galway,CC-IE-009
HRIS-WKR-004475,WKR-PUB-004475,IE,LE-IE-SYNTH-001,ACTIVE,EMPLOYEE,PERMANENT,2015-04-23,,M,Engineering,Cork,CC-IE-022
HRIS-WKR-004476,WKR-PUB-004476,IE,LE-IE-SYNTH-001,ACTIVE,EMPLOYEE,PERMANENT,2020-04-28,,F,Engineering,Galway,CC-IE-022
HRIS-WKR-004477,WKR-PUB-004477,IE,LE-IE-SYNTH-001,ACTIVE,EMPLOYEE,PERMANENT,2020-04-22,,M,Operations,Remote-IE,CC-IE-002
HRIS-WKR-004478,WKR-PUB-004478,IE,LE-IE-SYNTH-001,ACTIVE,EMPLOYEE,PERMANENT,2015-01-28,,M,Engineering,Dublin,CC-IE-022
HRIS-WKR-004479,WKR-PUB-004479,IE,LE-IE-SYNTH-001,ACTIVE,EMPLOYEE,APPRENTICE,2023-07-18,,M,Operations,Limerick,CC-IE-019
HRIS-WKR-004480,WKR-PUB-004480,IE,LE-IE-SYNTH-001,ACTIVE,EMPLOYEE,PERMANENT,2021-02-25,,M,People,Dublin,CC-IE-010
HRIS-WKR-004481,WKR-PUB-004481,IE,LE-IE-SYNTH-001,ACTIVE,EMPLOYEE,PERMANENT,2020-11-20,,F,Sales,Cork,CC-IE-001
HRIS-WKR-004482,WKR-PUB-004482,IE,LE-IE-SYNTH-001,ACTIVE,EMPLOYEE,PERMANENT,2023-02-17,,,Sales,Dublin,CC-IE-037
HRIS-WKR-004483,WKR-PUB-004483,IE,LE-IE-SYNTH-001,ACTIVE,EMPLOYEE,FIXED_TERM,2021-09-24,,F,People,Dublin,CC-IE-030
HRIS-WKR-004484,WKR-PUB-004484,IE,LE-IE-SYNTH-001,ACTIVE,EMPLOYEE,PERMANENT,2025-11-16,,M,Engineering,Dublin,CC-IE-028
HRIS-WKR-004485,WKR-PUB-004485,IE,LE-IE-SYNTH-001,ACTIVE,EMPLOYEE,PERMANENT,2015-12-11,,M,Engineering,Dublin,CC-IE-039
HRIS-WKR-004486,WKR-PUB-004486,IE,LE-IE-SYNTH-001,ACTIVE,EMPLOYEE,PERMANENT,2017-09-02,,F,Operations,Dublin,CC-IE-036
HRIS-WKR-004487,WKR-PUB-004487,IE,LE-IE-SYNTH-001,ACTIVE,EMPLOYEE,PERMANENT,2015-09-22,,M,Operations,Dublin,CC-IE-036
HRIS-WKR-004488,WKR-PUB-004488,IE,LE-IE-SYNTH-001,ACTIVE,EMPLOYEE,PERMANENT,2020-07-09,,F,Operations,Cork,CC-IE-006
HRIS-WKR-004489,WKR-PUB-004489,IE,LE-IE-SYNTH-001,ACTIVE,CONTRACTOR,PERMANENT,2020-11-16,,F,People,Dublin,CC-IE-035
HRIS-WKR-004490,WKR-PUB-004490,IE,LE-IE-SYNTH-001,ACTIVE,EMPLOYEE,PERMANENT,2023-11-13,,M,Engineering,Galway,CC-IE-030
HRIS-WKR-004491,WKR-PUB-004491,IE,LE-IE-SYNTH-001,ACTIVE,EMPLOYEE,PERMANENT,2019-05-17,,M,Engineering,Dublin,CC-IE-013
HRIS-WKR-004492,WKR-PUB-004492,IE,LE-IE-SYNTH-001,ACTIVE,EMPLOYEE,PERMANENT,2025-01-02,,M,People,Dublin,CC-IE-025
HRIS-WKR-004493,WKR-PUB-004493,IE,LE-IE-SYNTH-001,ACTIVE,EMPLOYEE,PERMANENT,2021-06-20,,M,Technology,Dublin,CC-IE-021
HRIS-WKR-004494,WKR-PUB-004494,IE,LE-IE-SYNTH-001,ACTIVE,EMPLOYEE,PERMANENT,2019-01-07,,M,Sales,Remote-IE,CC-IE-014
HRIS-WKR-004495,WKR-PUB-004495,IE,LE-IE-SYNTH-001,ACTIVE,EMPLOYEE,PERMANENT,2019-04-26,,NB,Operations,Remote-IE,CC-IE-024
HRIS-WKR-004496,WKR-PUB-004496,IE,LE-IE-SYNTH-001,ACTIVE,EMPLOYEE,FIXED_TERM,2023-12-24,,M,Technology,Dublin,CC-IE-027
HRIS-WKR-004497,WKR-PUB-004497,IE,LE-IE-SYNTH-001,ACTIVE,EMPLOYEE,PERMANENT,2025-10-28,,M,Sales,Dublin,CC-IE-032
HRIS-WKR-004498,WKR-PUB-004498,IE,LE-IE-SYNTH-001,ACTIVE,EMPLOYEE,PERMANENT,2014-04-12,,M,Operations,Dublin,CC-IE-029
HRIS-WKR-004499,WKR-PUB-004499,IE,LE-IE-SYNTH-001,ACTIVE,EMPLOYEE,FIXED_TERM,2019-03-17,,F,Sales,Dublin,CC-IE-010
HRIS-WKR-004500,WKR-PUB-004500,IE,LE-IE-SYNTH-001,ACTIVE,EMPLOYEE,PERMANENT,2024-12-09,,M,Engineering,Galway,CC-IE-039
HRIS-WKR-004501,WKR-PUB-004501,IE,LE-IE-SYNTH-001,ACTIVE,EMPLOYEE,PERMANENT,2020-03-17,,F,Operations,Dublin,CC-IE-018
HRIS-WKR-004502,WKR-PUB-004502,IE,LE-IE-SYNTH-001,ACTIVE,CONTRACTOR,PERMANENT,2022-02-18,,F,Sales,Dublin,CC-IE-036
HRIS-WKR-004503,WKR-PUB-004503,IE,LE-IE-SYNTH-001,ACTIVE,EMPLOYEE,PERMANENT,2015-10-15,,M,Operations,Dublin,CC-IE-032
HRIS-WKR-004504,WKR-PUB-004504,IE,LE-IE-SYNTH-001,ACTIVE,EMPLOYEE,PERMANENT,2019-03-12,,M,People,Dublin,CC-IE-039
HRIS-WKR-004505,WKR-PUB-004505,IE,LE-IE-SYNTH-001,ACTIVE,EMPLOYEE,PERMANENT,2020-08-09,,M,Engineering,Dublin,CC-IE-038
HRIS-WKR-004506,WKR-PUB-004506,IE,LE-IE-SYNTH-001,TERMINATED,EMPLOYEE,PERMANENT,2019-11-19,2026-11-01,F,People,Dublin,CC-IE-038
HRIS-WKR-004507,WKR-PUB-004507,IE,LE-IE-SYNTH-001,ACTIVE,EMPLOYEE,PERMANENT,2014-10-14,,F,Engineering,Limerick,CC-IE-007
HRIS-WKR-004508,WKR-PUB-004508,IE,LE-IE-SYNTH-001,ACTIVE,EMPLOYEE,PERMANENT,2024-01-26,,M,Engineering,Remote-IE,CC-IE-031
HRIS-WKR-004509,WKR-PUB-004509,IE,LE-IE-SYNTH-001,ACTIVE,EMPLOYEE,PERMANENT,2015-10-23,,F,Finance,Galway,CC-IE-009
HRIS-WKR-004510,WKR-PUB-004510,IE,LE-IE-SYNTH-001,ACTIVE,EMPLOYEE,PERMANENT,2021-02-19,,M,Engineering,Dublin,CC-IE-023
HRIS-WKR-004511,WKR-PUB-004511,IE,LE-IE-SYNTH-001,TERMINATED,EMPLOYEE,FIXED_TERM,2021-09-20,2026-12-07,M,Operations,Dublin,CC-IE-034
HRIS-WKR-004512,WKR-PUB-004512,IE,LE-IE-SYNTH-001,ACTIVE,EMPLOYEE,PERMANENT,2021-01-30,,M,Sales,Dublin,CC-IE-016
HRIS-WKR-004513,WKR-PUB-004513,IE,LE-IE-SYNTH-001,ACTIVE,EMPLOYEE,PERMANENT,2015-09-21,,M,Finance,Galway,CC-IE-013
HRIS-WKR-004514,WKR-PUB-004514,IE,LE-IE-SYNTH-001,ACTIVE,EMPLOYEE,FIXED_TERM,2016-09-01,,F,Operations,Remote-IE,CC-IE-032
HRIS-WKR-004515,WKR-PUB-004515,IE,LE-IE-SYNTH-001,ACTIVE,EMPLOYEE,PERMANENT,2014-07-28,,F,Engineering,Dublin,CC-IE-031
HRIS-WKR-004516,WKR-PUB-004516,IE,LE-IE-SYNTH-001,ACTIVE,EMPLOYEE,PERMANENT,2021-03-19,,F,People,Dublin,CC-IE-001
HRIS-WKR-004517,WKR-PUB-004517,IE,LE-IE-SYNTH-001,ACTIVE,EMPLOYEE,PERMANENT,2018-01-19,,F,Technology,Galway,CC-IE-011
HRIS-WKR-004518,WKR-PUB-004518,IE,LE-IE-SYNTH-001,ACTIVE,EMPLOYEE,FIXED_TERM,2016-09-28,,,Engineering,Dublin,CC-IE-035
HRIS-WKR-004519,WKR-PUB-004519,IE,LE-IE-SYNTH-001,ACTIVE,EMPLOYEE,PERMANENT,2014-03-19,,F,Sales,Dublin,CC-IE-032
HRIS-WKR-004520,WKR-PUB-004520,IE,LE-IE-SYNTH-001,ACTIVE,EMPLOYEE,FIXED_TERM,2015-08-01,,F,Engineering,Cork,CC-IE-029
HRIS-WKR-004521,WKR-PUB-004521,IE,LE-IE-SYNTH-001,ACTIVE,EMPLOYEE,FIXED_TERM,2017-11-29,,F,Sales,Dublin,CC-IE-016
HRIS-WKR-004522,WKR-PUB-004522,IE,LE-IE-SYNTH-001,ACTIVE,EMPLOYEE,FIXED_TERM,2025-07-28,,M,Operations,Galway,CC-IE-026
HRIS-WKR-004523,WKR-PUB-004523,IE,LE-IE-SYNTH-001,ACTIVE,EMPLOYEE,PERMANENT,2019-01-28,,M,Operations,Limerick,CC-IE-039
HRIS-WKR-004524,WKR-PUB-004524,IE,LE-IE-SYNTH-001,ACTIVE,EMPLOYEE,FIXED_TERM,2015-12-30,,M,People,Cork,CC-IE-006
HRIS-WKR-004525,WKR-PUB-004525,IE,LE-IE-SYNTH-001,ACTIVE,EMPLOYEE,PERMANENT,2024-06-03,,M,Operations,Dublin,CC-IE-015
HRIS-WKR-004526,WKR-PUB-004526,IE,LE-IE-SYNTH-001,ACTIVE,EMPLOYEE,PERMANENT,2017-05-28,,M,Sales,Dublin,CC-IE-004
HRIS-WKR-004527,WKR-PUB-004527,IE,LE-IE-SYNTH-001,ACTIVE,EMPLOYEE,PERMANENT,2014-04-01,,F,Finance,Dublin,CC-IE-040
HRIS-WKR-004528,WKR-PUB-004528,IE,LE-IE-SYNTH-001,ACTIVE,EMPLOYEE,PERMANENT,2015-10-15,,F,Finance,Dublin,CC-IE-030
HRIS-WKR-004529,WKR-PUB-004529,IE,LE-IE-SYNTH-001,ACTIVE,EMPLOYEE,PERMANENT,2020-09-28,,F,Engineering,Dublin,CC-IE-039
HRIS-WKR-004530,WKR-PUB-004530,IE,LE-IE-SYNTH-001,ACTIVE,EMPLOYEE,PERMANENT,2016-12-02,,M,Technology,Dublin,CC-IE-031
HRIS-WKR-004531,WKR-PUB-004531,IE,LE-IE-SYNTH-001,ACTIVE,EMPLOYEE,PERMANENT,2024-10-03,,F,Engineering,Dublin,CC-IE-021
HRIS-WKR-004532,WKR-PUB-004532,IE,LE-IE-SYNTH-001,ACTIVE,EMPLOYEE,PERMANENT,2021-02-14,,F,Sales,Cork,CC-IE-009
HRIS-WKR-004533,WKR-PUB-004533,IE,LE-IE-SYNTH-001,ACTIVE,CONTRACTOR,PERMANENT,2015-08-02,,,Finance,Dublin,CC-IE-038
HRIS-WKR-004534,WKR-PUB-004534,IE,LE-IE-SYNTH-001,TERMINATED,EMPLOYEE,PERMANENT,2015-03-31,2026-10-12,M,Engineering,Dublin,CC-IE-014
HRIS-WKR-004535,WKR-PUB-004535,IE,LE-IE-SYNTH-001,ACTIVE,EMPLOYEE,PERMANENT,2023-12-05,,M,Sales,Dublin,CC-IE-003
HRIS-WKR-004536,WKR-PUB-004536,IE,LE-IE-SYNTH-001,ACTIVE,EMPLOYEE,PERMANENT,2017-04-14,,M,Engineering,Cork,CC-IE-012
HRIS-WKR-004537,WKR-PUB-004537,IE,LE-IE-SYNTH-001,ACTIVE,EMPLOYEE,FIXED_TERM,2015-10-26,,M,Engineering,Remote-IE,CC-IE-031
HRIS-WKR-004538,WKR-PUB-004538,IE,LE-IE-SYNTH-001,ACTIVE,EMPLOYEE,PERMANENT,2014-01-29,,NB,Engineering,Dublin,CC-IE-014
HRIS-WKR-004539,WKR-PUB-004539,IE,LE-IE-SYNTH-001,ACTIVE,EMPLOYEE,PERMANENT,2020-02-18,,F,Engineering,Dublin,CC-IE-012
HRIS-WKR-004540,WKR-PUB-004540,IE,LE-IE-SYNTH-001,ACTIVE,EMPLOYEE,PERMANENT,2019-12-22,,F,Technology,Galway,CC-IE-010
HRIS-WKR-004541,WKR-PUB-004541,IE,LE-IE-SYNTH-001,ACTIVE,EMPLOYEE,PERMANENT,2025-03-05,,M,Technology,Dublin,CC-IE-037
HRIS-WKR-004542,WKR-PUB-004542,IE,LE-IE-SYNTH-001,ACTIVE,EMPLOYEE,PERMANENT,2016-04-03,,F,Technology,Dublin,CC-IE-013
HRIS-WKR-004543,WKR-PUB-004543,IE,LE-IE-SYNTH-001,ACTIVE,EMPLOYEE,PERMANENT,2014-01-19,,M,Engineering,Cork,CC-IE-023
HRIS-WKR-004544,WKR-PUB-004544,IE,LE-IE-SYNTH-001,ACTIVE,EMPLOYEE,PERMANENT,2025-12-29,,M,Sales,Dublin,CC-IE-004
HRIS-WKR-004545,WKR-PUB-004545,IE,LE-IE-SYNTH-001,ACTIVE,CONTRACTOR,PERMANENT,2017-10-12,,F,Operations,Dublin,CC-IE-001
HRIS-WKR-004546,WKR-PUB-004546,IE,LE-IE-SYNTH-001,ACTIVE,EMPLOYEE,PERMANENT,2016-09-21,,M,Finance,Dublin,CC-IE-019
HRIS-WKR-004547,WKR-PUB-004547,IE,LE-IE-SYNTH-001,ACTIVE,EMPLOYEE,PERMANENT,2025-08-19,,F,Engineering,Dublin,CC-IE-017
HRIS-WKR-004548,WKR-PUB-004548,IE,LE-IE-SYNTH-001,ACTIVE,EMPLOYEE,APPRENTICE,2021-05-07,,M,Operations,Dublin,CC-IE-032
HRIS-WKR-004549,WKR-PUB-004549,IE,LE-IE-SYNTH-001,ACTIVE,EMPLOYEE,PERMANENT,2021-09-02,,F,Sales,Dublin,CC-IE-014
HRIS-WKR-004550,WKR-PUB-004550,IE,LE-IE-SYNTH-001,ACTIVE,EMPLOYEE,FIXED_TERM,2024-03-04,,UNDISCLOSED,Engineering,Dublin,CC-IE-014
HRIS-WKR-004551,WKR-PUB-004551,IE,LE-IE-SYNTH-001,TERMINATED,EMPLOYEE,PERMANENT,2024-12-29,2026-12-16,,Technology,Dublin,CC-IE-012
HRIS-WKR-004552,WKR-PUB-004552,IE,LE-IE-SYNTH-001,ACTIVE,EMPLOYEE,APPRENTICE,2022-12-22,,F,Technology,Dublin,CC-IE-009
HRIS-WKR-004553,WKR-PUB-004553,IE,LE-IE-SYNTH-001,TERMINATED,EMPLOYEE,PERMANENT,2024-02-23,2026-10-04,M,Engineering,Remote-IE,CC-IE-022
HRIS-WKR-004554,WKR-PUB-004554,IE,LE-IE-SYNTH-001,ACTIVE,EMPLOYEE,PERMANENT,2016-05-08,,M,Operations,Dublin,CC-IE-032
HRIS-WKR-004555,WKR-PUB-004555,IE,LE-IE-SYNTH-001,ACTIVE,EMPLOYEE,PERMANENT,2019-01-05,,M,Operations,Dublin,CC-IE-021
HRIS-WKR-004556,WKR-PUB-004556,IE,LE-IE-SYNTH-001,ACTIVE,EMPLOYEE,PERMANENT,2014-10-17,,F,Sales,Dublin,CC-IE-008
HRIS-WKR-004557,WKR-PUB-004557,IE,LE-IE-SYNTH-001,ACTIVE,EMPLOYEE,PERMANENT,2021-12-07,,M,Sales,Dublin,CC-IE-003
HRIS-WKR-004558,WKR-PUB-004558,IE,LE-IE-SYNTH-001,ACTIVE,EMPLOYEE,APPRENTICE,2014-06-01,,F,Engineering,Cork,CC-IE-015
HRIS-WKR-004559,WKR-PUB-004559,IE,LE-IE-SYNTH-001,ACTIVE,EMPLOYEE,PERMANENT,2014-02-25,,M,Engineering,Dublin,CC-IE-015
HRIS-WKR-004560,WKR-PUB-004560,IE,LE-IE-SYNTH-001,ACTIVE,EMPLOYEE,PERMANENT,2018-12-05,,M,Engineering,Dublin,CC-IE-017
HRIS-WKR-004561,WKR-PUB-004561,IE,LE-IE-SYNTH-001,TERMINATED,EMPLOYEE,FIXED_TERM,2022-09-06,2026-09-22,M,Operations,Galway,CC-IE-025
HRIS-WKR-004562,WKR-PUB-004562,IE,LE-IE-SYNTH-001,ACTIVE,EMPLOYEE,PERMANENT,2016-04-16,,F,People,Remote-IE,CC-IE-017
HRIS-WKR-004563,WKR-PUB-004563,IE,LE-IE-SYNTH-001,ACTIVE,EMPLOYEE,PERMANENT,2024-12-16,,M,Finance,Remote-IE,CC-IE-035
HRIS-WKR-004564,WKR-PUB-004564,IE,LE-IE-SYNTH-001,ACTIVE,EMPLOYEE,PERMANENT,2017-02-06,,F,Engineering,Galway,CC-IE-026
HRIS-WKR-004565,WKR-PUB-004565,IE,LE-IE-SYNTH-001,ACTIVE,EMPLOYEE,FIXED_TERM,2018-07-14,,F,Technology,Dublin,CC-IE-018
HRIS-WKR-004566,WKR-PUB-004566,IE,LE-IE-SYNTH-001,ACTIVE,EMPLOYEE,PERMANENT,2016-02-19,,M,Sales,Cork,CC-IE-019
HRIS-WKR-004567,WKR-PUB-004567,IE,LE-IE-SYNTH-001,ACTIVE,EMPLOYEE,PERMANENT,2022-12-20,,M,Engineering,Limerick,CC-IE-034
HRIS-WKR-004568,WKR-PUB-004568,IE,LE-IE-SYNTH-001,ACTIVE,EMPLOYEE,PERMANENT,2015-04-29,,M,Engineering,Cork,CC-IE-016
HRIS-WKR-004569,WKR-PUB-004569,IE,LE-IE-SYNTH-001,ACTIVE,EMPLOYEE,PERMANENT,2024-11-01,,F,Sales,Cork,CC-IE-023
HRIS-WKR-004570,WKR-PUB-004570,IE,LE-IE-SYNTH-001,ACTIVE,EMPLOYEE,PERMANENT,2019-02-01,,F,Finance,Cork,CC-IE-004
HRIS-WKR-004571,WKR-PUB-004571,IE,LE-IE-SYNTH-001,ACTIVE,EMPLOYEE,APPRENTICE,2024-05-01,,NB,Operations,Dublin,CC-IE-028
HRIS-WKR-004572,WKR-PUB-004572,IE,LE-IE-SYNTH-001,ACTIVE,EMPLOYEE,PERMANENT,2022-04-05,,M,People,Cork,CC-IE-004
HRIS-WKR-004573,WKR-PUB-004573,IE,LE-IE-SYNTH-001,ACTIVE,CONTRACTOR,PERMANENT,2021-12-18,,F,Operations,Dublin,CC-IE-001
HRIS-WKR-004574,WKR-PUB-004574,IE,LE-IE-SYNTH-001,ACTIVE,EMPLOYEE,PERMANENT,2014-11-16,,F,Engineering,Dublin,CC-IE-005
HRIS-WKR-004575,WKR-PUB-004575,IE,LE-IE-SYNTH-001,ACTIVE,EMPLOYEE,PERMANENT,2019-06-02,,M,People,Limerick,CC-IE-032
HRIS-WKR-004576,WKR-PUB-004576,IE,LE-IE-SYNTH-001,ACTIVE,EMPLOYEE,FIXED_TERM,2017-11-09,,M,Sales,Galway,CC-IE-038
HRIS-WKR-004577,WKR-PUB-004577,IE,LE-IE-SYNTH-001,ACTIVE,EMPLOYEE,FIXED_TERM,2019-01-25,,M,Sales,Remote-IE,CC-IE-015
HRIS-WKR-004578,WKR-PUB-004578,IE,LE-IE-SYNTH-001,ACTIVE,EMPLOYEE,PERMANENT,2020-10-16,,F,Sales,Dublin,CC-IE-010
HRIS-WKR-004579,WKR-PUB-004579,IE,LE-IE-SYNTH-001,ACTIVE,EMPLOYEE,PERMANENT,2015-07-09,,M,Operations,Limerick,CC-IE-013
HRIS-WKR-004580,WKR-PUB-004580,IE,LE-IE-SYNTH-001,ACTIVE,EMPLOYEE,FIXED_TERM,2023-02-10,,M,Engineering,Cork,CC-IE-029
HRIS-WKR-004581,WKR-PUB-004581,IE,LE-IE-SYNTH-001,ACTIVE,EMPLOYEE,PERMANENT,2021-06-12,,F,Finance,Dublin,CC-IE-019
HRIS-WKR-004582,WKR-PUB-004582,IE,LE-IE-SYNTH-001,ACTIVE,EMPLOYEE,PERMANENT,2019-05-23,,F,Engineering,Dublin,CC-IE-024
HRIS-WKR-004583,WKR-PUB-004583,IE,LE-IE-SYNTH-001,ACTIVE,EMPLOYEE,PERMANENT,2025-11-22,,F,People,Cork,CC-IE-018
HRIS-WKR-004584,WKR-PUB-004584,IE,LE-IE-SYNTH-001,ACTIVE,EMPLOYEE,PERMANENT,2020-04-18,,F,Finance,Dublin,CC-IE-013
HRIS-WKR-004585,WKR-PUB-004585,IE,LE-IE-SYNTH-001,ACTIVE,EMPLOYEE,PERMANENT,2020-05-15,,M,Operations,Dublin,CC-IE-003
HRIS-WKR-004586,WKR-PUB-004586,IE,LE-IE-SYNTH-001,ACTIVE,EMPLOYEE,PERMANENT,2021-07-07,,F,Operations,Remote-IE,CC-IE-015
HRIS-WKR-004587,WKR-PUB-004587,IE,LE-IE-SYNTH-001,ACTIVE,EMPLOYEE,PERMANENT,2017-05-11,,M,Sales,Dublin,CC-IE-034
HRIS-WKR-004588,WKR-PUB-004588,IE,LE-IE-SYNTH-001,ACTIVE,EMPLOYEE,PERMANENT,2021-03-01,,F,People,Dublin,CC-IE-026
HRIS-WKR-004589,WKR-PUB-004589,IE,LE-IE-SYNTH-001,ACTIVE,EMPLOYEE,PERMANENT,2021-03-30,,F,Engineering,Dublin,CC-IE-011
HRIS-WKR-004590,WKR-PUB-004590,IE,LE-IE-SYNTH-001,ACTIVE,EMPLOYEE,PERMANENT,2024-10-20,,M,Operations,Cork,CC-IE-027
HRIS-WKR-004591,WKR-PUB-004591,IE,LE-IE-SYNTH-001,ACTIVE,EMPLOYEE,FIXED_TERM,2021-11-28,,M,Finance,Limerick,CC-IE-014
HRIS-WKR-004592,WKR-PUB-004592,IE,LE-IE-SYNTH-001,ACTIVE,EMPLOYEE,PERMANENT,2023-09-18,,F,Engineering,Dublin,CC-IE-039
HRIS-WKR-004593,WKR-PUB-004593,IE,LE-IE-SYNTH-001,ACTIVE,EMPLOYEE,PERMANENT,2017-07-12,,M,People,Dublin,CC-IE-033
HRIS-WKR-004594,WKR-PUB-004594,IE,LE-IE-SYNTH-001,TERMINATED,EMPLOYEE,FIXED_TERM,2016-02-12,2026-03-02,M,Engineering,Dublin,CC-IE-026
HRIS-WKR-004595,WKR-PUB-004595,IE,LE-IE-SYNTH-001,TERMINATED,EMPLOYEE,FIXED_TERM,2014-04-03,2026-05-05,M,Engineering,Cork,CC-IE-012
HRIS-WKR-004596,WKR-PUB-004596,IE,LE-IE-SYNTH-001,ACTIVE,EMPLOYEE,PERMANENT,2025-05-02,,M,Operations,Dublin,CC-IE-033
HRIS-WKR-004597,WKR-PUB-004597,IE,LE-IE-SYNTH-001,ACTIVE,EMPLOYEE,PERMANENT,2017-12-02,,F,Finance,Remote-IE,CC-IE-032
HRIS-WKR-004598,WKR-PUB-004598,IE,LE-IE-SYNTH-001,ACTIVE,EMPLOYEE,PERMANENT,2014-06-23,,M,Sales,Galway,CC-IE-011
HRIS-WKR-004599,WKR-PUB-004599,IE,LE-IE-SYNTH-001,ACTIVE,CONTRACTOR,FIXED_TERM,2022-06-07,,NB,Engineering,Limerick,CC-IE-030
HRIS-WKR-004600,WKR-PUB-004600,IE,LE-IE-SYNTH-001,ACTIVE,CONTRACTOR,PERMANENT,2015-10-22,,M,Engineering,Limerick,CC-IE-030
HRIS-WKR-004601,WKR-PUB-004601,IE,LE-IE-SYNTH-001,ACTIVE,EMPLOYEE,APPRENTICE,2024-01-21,,F,People,Limerick,CC-IE-017
HRIS-WKR-004602,WKR-PUB-004602,IE,LE-IE-SYNTH-001,ACTIVE,EMPLOYEE,PERMANENT,2020-04-08,,F,Technology,Limerick,CC-IE-027
HRIS-WKR-004603,WKR-PUB-004603,IE,LE-IE-SYNTH-001,TERMINATED,EMPLOYEE,FIXED_TERM,2024-10-18,2026-07-02,F,Operations,Dublin,CC-IE-033
HRIS-WKR-004604,WKR-PUB-004604,IE,LE-IE-SYNTH-001,ACTIVE,EMPLOYEE,FIXED_TERM,2017-04-21,,F,Operations,Dublin,CC-IE-003
HRIS-WKR-004605,WKR-PUB-004605,IE,LE-IE-SYNTH-001,ACTIVE,EMPLOYEE,FIXED_TERM,2023-08-05,,M,Engineering,Galway,CC-IE-039
HRIS-WKR-004606,WKR-PUB-004606,IE,LE-IE-SYNTH-001,ACTIVE,EMPLOYEE,PERMANENT,2023-12-31,,F,Sales,Limerick,CC-IE-017
HRIS-WKR-004607,WKR-PUB-004607,IE,LE-IE-SYNTH-001,ACTIVE,EMPLOYEE,PERMANENT,2017-02-12,,M,Sales,Dublin,CC-IE-024
HRIS-WKR-004608,WKR-PUB-004608,IE,LE-IE-SYNTH-001,ACTIVE,EMPLOYEE,PERMANENT,2021-03-26,,M,Engineering,Dublin,CC-IE-038
HRIS-WKR-004609,WKR-PUB-004609,IE,LE-IE-SYNTH-001,ACTIVE,EMPLOYEE,PERMANENT,2023-09-06,,M,Sales,Dublin,CC-IE-026
HRIS-WKR-004610,WKR-PUB-004610,IE,LE-IE-SYNTH-001,ACTIVE,EMPLOYEE,PERMANENT,2023-12-05,,F,Operations,Dublin,CC-IE-005
HRIS-WKR-004611,WKR-PUB-004611,IE,LE-IE-SYNTH-001,ACTIVE,EMPLOYEE,PERMANENT,2019-04-25,,F,Engineering,Galway,CC-IE-037
HRIS-WKR-004612,WKR-PUB-004612,IE,LE-IE-SYNTH-001,ACTIVE,EMPLOYEE,PERMANENT,2014-08-25,,F,Engineering,Cork,CC-IE-035
HRIS-WKR-004613,WKR-PUB-004613,IE,LE-IE-SYNTH-001,ACTIVE,EMPLOYEE,PERMANENT,2018-10-11,,F,People,Galway,CC-IE-028
HRIS-WKR-004614,WKR-PUB-004614,IE,LE-IE-SYNTH-001,ACTIVE,EMPLOYEE,PERMANENT,2023-04-01,,F,Sales,Galway,CC-IE-033
HRIS-WKR-004615,WKR-PUB-004615,IE,LE-IE-SYNTH-001,ACTIVE,EMPLOYEE,PERMANENT,2022-08-31,,M,Sales,Remote-IE,CC-IE-007
HRIS-WKR-004616,WKR-PUB-004616,IE,LE-IE-SYNTH-001,ACTIVE,EMPLOYEE,PERMANENT,2021-02-13,,F,Engineering,Dublin,CC-IE-011
HRIS-WKR-004617,WKR-PUB-004617,IE,LE-IE-SYNTH-001,ACTIVE,EMPLOYEE,PERMANENT,2024-06-28,,F,Sales,Cork,CC-IE-023
HRIS-WKR-004618,WKR-PUB-004618,IE,LE-IE-SYNTH-001,ACTIVE,CONTRACTOR,PERMANENT,2023-09-19,,M,Sales,Galway,CC-IE-015
HRIS-WKR-004619,WKR-PUB-004619,IE,LE-IE-SYNTH-001,ACTIVE,CONTRACTOR,PERMANENT,2025-04-01,,F,Finance,Dublin,CC-IE-024
HRIS-WKR-004620,WKR-PUB-004620,IE,LE-IE-SYNTH-001,ACTIVE,EMPLOYEE,PERMANENT,2021-10-22,,F,Engineering,Cork,CC-IE-007
HRIS-WKR-004621,WKR-PUB-004621,IE,LE-IE-SYNTH-001,ACTIVE,CONTRACTOR,PERMANENT,2022-04-25,,F,Engineering,Dublin,CC-IE-030
HRIS-WKR-004622,WKR-PUB-004622,IE,LE-IE-SYNTH-001,ACTIVE,EMPLOYEE,PERMANENT,2015-04-08,,F,Engineering,Dublin,CC-IE-012
HRIS-WKR-004623,WKR-PUB-004623,IE,LE-IE-SYNTH-001,TERMINATED,EMPLOYEE,FIXED_TERM,2017-06-23,2026-11-27,F,Engineering,Remote-IE,CC-IE-005
HRIS-WKR-004624,WKR-PUB-004624,IE,LE-IE-SYNTH-001,ACTIVE,EMPLOYEE,PERMANENT,2020-02-20,,F,Technology,Dublin,CC-IE-029
HRIS-WKR-004625,WKR-PUB-004625,IE,LE-IE-SYNTH-001,ACTIVE,EMPLOYEE,PERMANENT,2016-03-08,,F,Technology,Dublin,CC-IE-029
HRIS-WKR-004626,WKR-PUB-004626,IE,LE-IE-SYNTH-001,ACTIVE,EMPLOYEE,PERMANENT,2024-07-05,,M,Engineering,Dublin,CC-IE-021
HRIS-WKR-004627,WKR-PUB-004627,IE,LE-IE-SYNTH-001,ACTIVE,EMPLOYEE,PERMANENT,2015-07-27,,M,Technology,Dublin,CC-IE-016
HRIS-WKR-004628,WKR-PUB-004628,IE,LE-IE-SYNTH-001,ACTIVE,EMPLOYEE,APPRENTICE,2023-03-21,,F,Sales,Dublin,CC-IE-024
HRIS-WKR-004629,WKR-PUB-004629,IE,LE-IE-SYNTH-001,ACTIVE,EMPLOYEE,PERMANENT,2024-11-03,,M,Engineering,Dublin,CC-IE-017
HRIS-WKR-004630,WKR-PUB-004630,IE,LE-IE-SYNTH-001,ACTIVE,EMPLOYEE,PERMANENT,2016-03-03,,F,Engineering,Dublin,CC-IE-032
HRIS-WKR-004631,WKR-PUB-004631,IE,LE-IE-SYNTH-001,ACTIVE,EMPLOYEE,FIXED_TERM,2019-09-11,,M,People,Remote-IE,CC-IE-024
HRIS-WKR-004632,WKR-PUB-004632,IE,LE-IE-SYNTH-001,ACTIVE,EMPLOYEE,PERMANENT,2016-10-20,,M,People,Dublin,CC-IE-012
HRIS-WKR-004633,WKR-PUB-004633,IE,LE-IE-SYNTH-001,ACTIVE,EMPLOYEE,PERMANENT,2019-05-02,,M,Operations,Dublin,CC-IE-014
HRIS-WKR-004634,WKR-PUB-004634,IE,LE-IE-SYNTH-001,ACTIVE,CONTRACTOR,PERMANENT,2023-07-02,,F,People,Dublin,CC-IE-014
HRIS-WKR-004635,WKR-PUB-004635,IE,LE-IE-SYNTH-001,ACTIVE,EMPLOYEE,FIXED_TERM,2022-09-05,,M,Finance,Dublin,CC-IE-031
HRIS-WKR-004636,WKR-PUB-004636,IE,LE-IE-SYNTH-001,ACTIVE,EMPLOYEE,PERMANENT,2019-10-09,,F,Operations,Cork,CC-IE-005
HRIS-WKR-004637,WKR-PUB-004637,IE,LE-IE-SYNTH-001,ACTIVE,EMPLOYEE,PERMANENT,2016-10-03,,F,Operations,Cork,CC-IE-001
HRIS-WKR-004638,WKR-PUB-004638,IE,LE-IE-SYNTH-001,ACTIVE,EMPLOYEE,PERMANENT,2018-02-19,,F,People,Dublin,CC-IE-033
HRIS-WKR-004639,WKR-PUB-004639,IE,LE-IE-SYNTH-001,ACTIVE,EMPLOYEE,PERMANENT,2015-12-29,,F,Operations,Cork,CC-IE-036
HRIS-WKR-004640,WKR-PUB-004640,IE,LE-IE-SYNTH-001,ACTIVE,EMPLOYEE,FIXED_TERM,2015-11-04,,F,Technology,Limerick,CC-IE-033
HRIS-WKR-004641,WKR-PUB-004641,IE,LE-IE-SYNTH-001,ACTIVE,EMPLOYEE,PERMANENT,2025-06-29,,F,People,Dublin,CC-IE-023
HRIS-WKR-004642,WKR-PUB-004642,IE,LE-IE-SYNTH-001,ACTIVE,EMPLOYEE,PERMANENT,2018-02-20,,M,Technology,Dublin,CC-IE-021
HRIS-WKR-004643,WKR-PUB-004643,IE,LE-IE-SYNTH-001,ACTIVE,EMPLOYEE,FIXED_TERM,2014-12-01,,M,Sales,Cork,CC-IE-017
HRIS-WKR-004644,WKR-PUB-004644,IE,LE-IE-SYNTH-001,ACTIVE,EMPLOYEE,PERMANENT,2025-12-25,,M,People,Dublin,CC-IE-008
HRIS-WKR-004645,WKR-PUB-004645,IE,LE-IE-SYNTH-001,ACTIVE,EMPLOYEE,PERMANENT,2014-06-12,,M,People,Remote-IE,CC-IE-028
HRIS-WKR-004646,WKR-PUB-004646,IE,LE-IE-SYNTH-001,ACTIVE,EMPLOYEE,PERMANENT,2020-03-31,,F,Engineering,Dublin,CC-IE-021
HRIS-WKR-004647,WKR-PUB-004647,IE,LE-IE-SYNTH-001,ACTIVE,EMPLOYEE,PERMANENT,2024-04-10,,UNDISCLOSED,Engineering,Dublin,CC-IE-033
HRIS-WKR-004648,WKR-PUB-004648,IE,LE-IE-SYNTH-001,ACTIVE,CONTRACTOR,PERMANENT,2014-08-27,,F,Operations,Dublin,CC-IE-022
HRIS-WKR-004649,WKR-PUB-004649,IE,LE-IE-SYNTH-001,ACTIVE,EMPLOYEE,PERMANENT,2023-01-11,,F,Technology,Galway,CC-IE-003
HRIS-WKR-004650,WKR-PUB-004650,IE,LE-IE-SYNTH-001,ACTIVE,CONTRACTOR,PERMANENT,2014-01-08,,M,Engineering,Galway,CC-IE-035
HRIS-WKR-004651,WKR-PUB-004651,IE,LE-IE-SYNTH-001,ACTIVE,EMPLOYEE,PERMANENT,2020-04-26,,UNDISCLOSED,Sales,Galway,CC-IE-026
HRIS-WKR-004652,WKR-PUB-004652,IE,LE-IE-SYNTH-001,ACTIVE,EMPLOYEE,FIXED_TERM,2016-07-05,,F,Sales,Dublin,CC-IE-030
HRIS-WKR-004653,WKR-PUB-004653,IE,LE-IE-SYNTH-001,ACTIVE,EMPLOYEE,PERMANENT,2018-07-14,,F,Finance,Dublin,CC-IE-003
HRIS-WKR-004654,WKR-PUB-004654,IE,LE-IE-SYNTH-001,ACTIVE,EMPLOYEE,FIXED_TERM,2019-12-31,,M,Operations,Dublin,CC-IE-039
HRIS-WKR-004655,WKR-PUB-004655,IE,LE-IE-SYNTH-001,ACTIVE,EMPLOYEE,PERMANENT,2018-11-20,,,Finance,Dublin,CC-IE-023
HRIS-WKR-004656,WKR-PUB-004656,IE,LE-IE-SYNTH-001,ACTIVE,EMPLOYEE,PERMANENT,2021-04-18,,M,Finance,Galway,CC-IE-002
HRIS-WKR-004657,WKR-PUB-004657,IE,LE-IE-SYNTH-001,ACTIVE,EMPLOYEE,PERMANENT,2015-08-07,,NB,Engineering,Cork,CC-IE-014
HRIS-WKR-004658,WKR-PUB-004658,IE,LE-IE-SYNTH-001,TERMINATED,EMPLOYEE,PERMANENT,2014-08-15,2026-09-19,F,Engineering,Dublin,CC-IE-017
HRIS-WKR-004659,WKR-PUB-004659,IE,LE-IE-SYNTH-001,ACTIVE,EMPLOYEE,PERMANENT,2015-11-19,,M,Engineering,Dublin,CC-IE-013
HRIS-WKR-004660,WKR-PUB-004660,IE,LE-IE-SYNTH-001,ACTIVE,CONTRACTOR,PERMANENT,2021-06-28,,F,Finance,Cork,CC-IE-014
HRIS-WKR-004661,WKR-PUB-004661,IE,LE-IE-SYNTH-001,ACTIVE,EMPLOYEE,PERMANENT,2015-05-20,,F,Sales,Galway,CC-IE-010
HRIS-WKR-004662,WKR-PUB-004662,IE,LE-IE-SYNTH-001,ACTIVE,EMPLOYEE,PERMANENT,2024-01-08,,F,People,Dublin,CC-IE-033
HRIS-WKR-004663,WKR-PUB-004663,IE,LE-IE-SYNTH-001,ACTIVE,EMPLOYEE,PERMANENT,2017-07-26,,F,People,Dublin,CC-IE-009
HRIS-WKR-004664,WKR-PUB-004664,IE,LE-IE-SYNTH-001,ACTIVE,EMPLOYEE,PERMANENT,2022-02-20,,F,Operations,Remote-IE,CC-IE-019
HRIS-WKR-004665,WKR-PUB-004665,IE,LE-IE-SYNTH-001,ACTIVE,EMPLOYEE,PERMANENT,2018-10-18,,F,Finance,Cork,CC-IE-040
HRIS-WKR-004666,WKR-PUB-004666,IE,LE-IE-SYNTH-001,ACTIVE,EMPLOYEE,PERMANENT,2019-06-09,,M,Engineering,Dublin,CC-IE-032
HRIS-WKR-004667,WKR-PUB-004667,IE,LE-IE-SYNTH-001,ACTIVE,EMPLOYEE,PERMANENT,2024-10-25,,F,Sales,Cork,CC-IE-033
HRIS-WKR-004668,WKR-PUB-004668,IE,LE-IE-SYNTH-001,ACTIVE,EMPLOYEE,PERMANENT,2021-07-05,,F,Engineering,Galway,CC-IE-038
HRIS-WKR-004669,WKR-PUB-004669,IE,LE-IE-SYNTH-001,ACTIVE,EMPLOYEE,PERMANENT,2017-10-02,,M,Operations,Cork,CC-IE-014
HRIS-WKR-004670,WKR-PUB-004670,IE,LE-IE-SYNTH-001,ACTIVE,EMPLOYEE,PERMANENT,2020-05-26,,F,Engineering,Galway,CC-IE-012
HRIS-WKR-004671,WKR-PUB-004671,IE,LE-IE-SYNTH-001,TERMINATED,EMPLOYEE,PERMANENT,2017-05-07,2026-10-11,M,Engineering,Dublin,CC-IE-011
HRIS-WKR-004672,WKR-PUB-004672,IE,LE-IE-SYNTH-001,ACTIVE,EMPLOYEE,PERMANENT,2022-12-04,,NB,Sales,Dublin,CC-IE-012
HRIS-WKR-004673,WKR-PUB-004673,IE,LE-IE-SYNTH-001,ACTIVE,CONTRACTOR,PERMANENT,2015-07-24,,M,Technology,Cork,CC-IE-012
HRIS-WKR-004674,WKR-PUB-004674,IE,LE-IE-SYNTH-001,ACTIVE,CONTRACTOR,PERMANENT,2024-08-10,,M,Engineering,Dublin,CC-IE-002
HRIS-WKR-004675,WKR-PUB-004675,IE,LE-IE-SYNTH-001,ACTIVE,EMPLOYEE,PERMANENT,2022-08-02,,M,Sales,Dublin,CC-IE-038
HRIS-WKR-004676,WKR-PUB-004676,IE,LE-IE-SYNTH-001,ACTIVE,EMPLOYEE,PERMANENT,2015-08-12,,F,Finance,Limerick,CC-IE-029
HRIS-WKR-004677,WKR-PUB-004677,IE,LE-IE-SYNTH-001,ACTIVE,EMPLOYEE,FIXED_TERM,2017-01-06,,F,Operations,Dublin,CC-IE-031
HRIS-WKR-004678,WKR-PUB-004678,IE,LE-IE-SYNTH-001,ACTIVE,EMPLOYEE,FIXED_TERM,2017-07-18,,M,Engineering,Dublin,CC-IE-037
HRIS-WKR-004679,WKR-PUB-004679,IE,LE-IE-SYNTH-001,ACTIVE,EMPLOYEE,PERMANENT,2020-04-13,,F,Engineering,Limerick,CC-IE-040
HRIS-WKR-004680,WKR-PUB-004680,IE,LE-IE-SYNTH-001,ACTIVE,EMPLOYEE,PERMANENT,2020-01-08,,M,Sales,Dublin,CC-IE-036
HRIS-WKR-004681,WKR-PUB-004681,IE,LE-IE-SYNTH-001,ACTIVE,EMPLOYEE,PERMANENT,2021-02-06,,F,Technology,Dublin,CC-IE-002
HRIS-WKR-004682,WKR-PUB-004682,IE,LE-IE-SYNTH-001,ACTIVE,EMPLOYEE,PERMANENT,2025-11-26,,M,Finance,Dublin,CC-IE-039
HRIS-WKR-004683,WKR-PUB-004683,IE,LE-IE-SYNTH-001,ACTIVE,EMPLOYEE,PERMANENT,2023-10-24,,M,Sales,Dublin,CC-IE-031
HRIS-WKR-004684,WKR-PUB-004684,IE,LE-IE-SYNTH-001,ACTIVE,EMPLOYEE,APPRENTICE,2016-02-12,,M,Finance,Dublin,CC-IE-006
HRIS-WKR-004685,WKR-PUB-004685,IE,LE-IE-SYNTH-001,ACTIVE,EMPLOYEE,PERMANENT,2024-02-25,,F,People,Limerick,CC-IE-009
HRIS-WKR-004686,WKR-PUB-004686,IE,LE-IE-SYNTH-001,ACTIVE,EMPLOYEE,PERMANENT,2020-06-04,,F,Engineering,Dublin,CC-IE-004
HRIS-WKR-004687,WKR-PUB-004687,IE,LE-IE-SYNTH-001,ACTIVE,EMPLOYEE,PERMANENT,2017-11-09,,M,People,Dublin,CC-IE-010
HRIS-WKR-004688,WKR-PUB-004688,IE,LE-IE-SYNTH-001,ACTIVE,EMPLOYEE,PERMANENT,2015-06-20,,M,Operations,Dublin,CC-IE-012
HRIS-WKR-004689,WKR-PUB-004689,IE,LE-IE-SYNTH-001,ACTIVE,EMPLOYEE,PERMANENT,2020-08-19,,F,People,Dublin,CC-IE-019
HRIS-WKR-004690,WKR-PUB-004690,IE,LE-IE-SYNTH-001,ACTIVE,EMPLOYEE,FIXED_TERM,2021-05-04,,M,Engineering,Cork,CC-IE-009
HRIS-WKR-004691,WKR-PUB-004691,IE,LE-IE-SYNTH-001,ACTIVE,EMPLOYEE,PERMANENT,2019-06-09,,F,Engineering,Cork,CC-IE-033
HRIS-WKR-004692,WKR-PUB-004692,IE,LE-IE-SYNTH-001,ACTIVE,EMPLOYEE,FIXED_TERM,2014-01-13,,F,Operations,Dublin,CC-IE-015
HRIS-WKR-004693,WKR-PUB-004693,IE,LE-IE-SYNTH-001,ACTIVE,EMPLOYEE,PERMANENT,2020-08-15,,F,Sales,Dublin,CC-IE-008
HRIS-WKR-004694,WKR-PUB-004694,IE,LE-IE-SYNTH-001,ACTIVE,EMPLOYEE,FIXED_TERM,2016-07-16,,M,Operations,Cork,CC-IE-023
HRIS-WKR-004695,WKR-PUB-004695,IE,LE-IE-SYNTH-001,ACTIVE,EMPLOYEE,PERMANENT,2016-10-25,,M,Sales,Remote-IE,CC-IE-028
HRIS-WKR-004696,WKR-PUB-004696,IE,LE-IE-SYNTH-001,ACTIVE,EMPLOYEE,PERMANENT,2016-01-21,,M,Engineering,Dublin,CC-IE-035
HRIS-WKR-004697,WKR-PUB-004697,IE,LE-IE-SYNTH-001,ACTIVE,EMPLOYEE,PERMANENT,2018-10-21,,F,Operations,Cork,CC-IE-003
HRIS-WKR-004698,WKR-PUB-004698,IE,LE-IE-SYNTH-001,ACTIVE,EMPLOYEE,PERMANENT,2021-04-06,,M,Operations,Dublin,CC-IE-005
HRIS-WKR-004699,WKR-PUB-004699,IE,LE-IE-SYNTH-001,ACTIVE,EMPLOYEE,FIXED_TERM,2018-01-08,,F,Engineering,Dublin,CC-IE-033
HRIS-WKR-004700,WKR-PUB-004700,IE,LE-IE-SYNTH-001,ACTIVE,EMPLOYEE,APPRENTICE,2016-08-11,,M,Engineering,Cork,CC-IE-015
HRIS-WKR-004701,WKR-PUB-004701,IE,LE-IE-SYNTH-001,ACTIVE,EMPLOYEE,PERMANENT,2019-07-08,,M,Engineering,Dublin,CC-IE-021
HRIS-WKR-004702,WKR-PUB-004702,IE,LE-IE-SYNTH-001,ACTIVE,EMPLOYEE,PERMANENT,2024-08-18,,M,Technology,Galway,CC-IE-038
HRIS-WKR-004703,WKR-PUB-004703,IE,LE-IE-SYNTH-001,ACTIVE,EMPLOYEE,PERMANENT,2021-02-02,,F,Finance,Limerick,CC-IE-004
HRIS-WKR-004704,WKR-PUB-004704,IE,LE-IE-SYNTH-001,ACTIVE,EMPLOYEE,FIXED_TERM,2023-07-24,,M,Finance,Limerick,CC-IE-016
HRIS-WKR-004705,WKR-PUB-004705,IE,LE-IE-SYNTH-001,ACTIVE,EMPLOYEE,PERMANENT,2018-06-21,,M,Engineering,Limerick,CC-IE-007
HRIS-WKR-004706,WKR-PUB-004706,IE,LE-IE-SYNTH-001,ACTIVE,EMPLOYEE,PERMANENT,2014-02-17,,F,Technology,Limerick,CC-IE-014
HRIS-WKR-004707,WKR-PUB-004707,IE,LE-IE-SYNTH-001,ACTIVE,EMPLOYEE,FIXED_TERM,2022-07-13,,F,People,Cork,CC-IE-034
HRIS-WKR-004708,WKR-PUB-004708,IE,LE-IE-SYNTH-001,ACTIVE,EMPLOYEE,PERMANENT,2024-09-18,,M,People,Cork,CC-IE-034
HRIS-WKR-004709,WKR-PUB-004709,IE,LE-IE-SYNTH-001,ACTIVE,EMPLOYEE,PERMANENT,2014-03-24,,F,Sales,Dublin,CC-IE-024
HRIS-WKR-004710,WKR-PUB-004710,IE,LE-IE-SYNTH-001,ACTIVE,EMPLOYEE,FIXED_TERM,2025-11-24,,M,Sales,Cork,CC-IE-006
HRIS-WKR-004711,WKR-PUB-004711,IE,LE-IE-SYNTH-001,ACTIVE,EMPLOYEE,PERMANENT,2016-02-20,,F,People,Galway,CC-IE-029
HRIS-WKR-004712,WKR-PUB-004712,IE,LE-IE-SYNTH-001,ACTIVE,EMPLOYEE,PERMANENT,2023-10-23,,F,Finance,Dublin,CC-IE-040
HRIS-WKR-004713,WKR-PUB-004713,IE,LE-IE-SYNTH-001,ACTIVE,CONTRACTOR,PERMANENT,2024-03-26,,F,Sales,Dublin,CC-IE-003
HRIS-WKR-004714,WKR-PUB-004714,IE,LE-IE-SYNTH-001,ACTIVE,EMPLOYEE,PERMANENT,2020-11-22,,F,Engineering,Dublin,CC-IE-009
HRIS-WKR-004715,WKR-PUB-004715,IE,LE-IE-SYNTH-001,ACTIVE,EMPLOYEE,FIXED_TERM,2020-04-13,,F,Finance,Dublin,CC-IE-032
HRIS-WKR-004716,WKR-PUB-004716,IE,LE-IE-SYNTH-001,ACTIVE,EMPLOYEE,PERMANENT,2021-06-18,,F,Engineering,Remote-IE,CC-IE-028
HRIS-WKR-004717,WKR-PUB-004717,IE,LE-IE-SYNTH-001,ACTIVE,EMPLOYEE,PERMANENT,2016-02-17,,F,Technology,Dublin,CC-IE-021
HRIS-WKR-004718,WKR-PUB-004718,IE,LE-IE-SYNTH-001,TERMINATED,EMPLOYEE,FIXED_TERM,2014-02-17,2026-04-11,F,Technology,Dublin,CC-IE-007
HRIS-WKR-004719,WKR-PUB-004719,IE,LE-IE-SYNTH-001,ACTIVE,EMPLOYEE,PERMANENT,2020-10-18,,F,Engineering,Dublin,CC-IE-034
HRIS-WKR-004720,WKR-PUB-004720,IE,LE-IE-SYNTH-001,ACTIVE,EMPLOYEE,PERMANENT,2025-03-07,,M,Finance,Dublin,CC-IE-023
HRIS-WKR-004721,WKR-PUB-004721,IE,LE-IE-SYNTH-001,TERMINATED,EMPLOYEE,FIXED_TERM,2023-01-20,2026-02-04,F,Engineering,Cork,CC-IE-029
HRIS-WKR-004722,WKR-PUB-004722,IE,LE-IE-SYNTH-001,ACTIVE,EMPLOYEE,PERMANENT,2015-07-14,,M,Technology,Dublin,CC-IE-012
HRIS-WKR-004723,WKR-PUB-004723,IE,LE-IE-SYNTH-001,ACTIVE,EMPLOYEE,APPRENTICE,2021-06-11,,M,Engineering,Dublin,CC-IE-030
HRIS-WKR-004724,WKR-PUB-004724,IE,LE-IE-SYNTH-001,ACTIVE,EMPLOYEE,PERMANENT,2019-04-26,,F,Operations,Dublin,CC-IE-033
HRIS-WKR-004725,WKR-PUB-004725,IE,LE-IE-SYNTH-001,ACTIVE,EMPLOYEE,PERMANENT,2022-11-15,,F,Engineering,Dublin,CC-IE-022
HRIS-WKR-004726,WKR-PUB-004726,IE,LE-IE-SYNTH-001,ACTIVE,EMPLOYEE,PERMANENT,2014-07-03,,M,Sales,Remote-IE,CC-IE-034
HRIS-WKR-004727,WKR-PUB-004727,IE,LE-IE-SYNTH-001,ACTIVE,EMPLOYEE,PERMANENT,2024-07-28,,F,Finance,Dublin,CC-IE-037
HRIS-WKR-004728,WKR-PUB-004728,IE,LE-IE-SYNTH-001,ACTIVE,CONTRACTOR,PERMANENT,2020-01-03,,F,Finance,Dublin,CC-IE-031
HRIS-WKR-004729,WKR-PUB-004729,IE,LE-IE-SYNTH-001,ACTIVE,EMPLOYEE,FIXED_TERM,2019-04-04,,M,People,Cork,CC-IE-004
HRIS-WKR-004730,WKR-PUB-004730,IE,LE-IE-SYNTH-001,ACTIVE,EMPLOYEE,PERMANENT,2020-12-13,,M,Engineering,Galway,CC-IE-008
HRIS-WKR-004731,WKR-PUB-004731,IE,LE-IE-SYNTH-001,ACTIVE,EMPLOYEE,PERMANENT,2014-08-13,,NB,Engineering,Dublin,CC-IE-014
HRIS-WKR-004732,WKR-PUB-004732,IE,LE-IE-SYNTH-001,ACTIVE,EMPLOYEE,PERMANENT,2018-06-29,,,Engineering,Cork,CC-IE-021
HRIS-WKR-004733,WKR-PUB-004733,IE,LE-IE-SYNTH-001,ACTIVE,CONTRACTOR,PERMANENT,2023-04-09,,M,Sales,Galway,CC-IE-024
HRIS-WKR-004734,WKR-PUB-004734,IE,LE-IE-SYNTH-001,ACTIVE,EMPLOYEE,PERMANENT,2022-09-04,,M,People,Dublin,CC-IE-005
HRIS-WKR-004735,WKR-PUB-004735,IE,LE-IE-SYNTH-001,ACTIVE,EMPLOYEE,FIXED_TERM,2022-11-03,,M,Sales,Limerick,CC-IE-034
HRIS-WKR-004736,WKR-PUB-004736,IE,LE-IE-SYNTH-001,ACTIVE,EMPLOYEE,PERMANENT,2024-01-10,,M,Finance,Dublin,CC-IE-003
HRIS-WKR-004737,WKR-PUB-004737,IE,LE-IE-SYNTH-001,ACTIVE,EMPLOYEE,PERMANENT,2019-11-15,,M,Finance,Dublin,CC-IE-037
HRIS-WKR-004738,WKR-PUB-004738,IE,LE-IE-SYNTH-001,ACTIVE,EMPLOYEE,PERMANENT,2023-06-02,,F,Operations,Galway,CC-IE-003
HRIS-WKR-004739,WKR-PUB-004739,IE,LE-IE-SYNTH-001,ACTIVE,EMPLOYEE,PERMANENT,2018-02-09,,M,Engineering,Cork,CC-IE-011
HRIS-WKR-004740,WKR-PUB-004740,IE,LE-IE-SYNTH-001,ACTIVE,EMPLOYEE,PERMANENT,2023-09-21,,M,Technology,Remote-IE,CC-IE-028
HRIS-WKR-004741,WKR-PUB-004741,IE,LE-IE-SYNTH-001,ACTIVE,EMPLOYEE,PERMANENT,2021-07-24,,M,Operations,Dublin,CC-IE-008
HRIS-WKR-004742,WKR-PUB-004742,IE,LE-IE-SYNTH-001,ACTIVE,EMPLOYEE,PERMANENT,2019-07-01,,F,Technology,Limerick,CC-IE-025
HRIS-WKR-004743,WKR-PUB-004743,IE,LE-IE-SYNTH-001,ACTIVE,EMPLOYEE,PERMANENT,2023-05-04,,M,Engineering,Remote-IE,CC-IE-004
HRIS-WKR-004744,WKR-PUB-004744,IE,LE-IE-SYNTH-001,ACTIVE,EMPLOYEE,PERMANENT,2016-04-18,,F,Engineering,Dublin,CC-IE-008
HRIS-WKR-004745,WKR-PUB-004745,IE,LE-IE-SYNTH-001,TERMINATED,CONTRACTOR,FIXED_TERM,2017-02-04,2026-02-15,F,Finance,Limerick,CC-IE-030
HRIS-WKR-004746,WKR-PUB-004746,IE,LE-IE-SYNTH-001,ACTIVE,EMPLOYEE,FIXED_TERM,2025-12-12,,M,Finance,Cork,CC-IE-008
HRIS-WKR-004747,WKR-PUB-004747,IE,LE-IE-SYNTH-001,ACTIVE,EMPLOYEE,PERMANENT,2018-03-08,,F,Operations,Galway,CC-IE-002
HRIS-WKR-004748,WKR-PUB-004748,IE,LE-IE-SYNTH-001,ACTIVE,EMPLOYEE,APPRENTICE,2018-01-20,,F,Engineering,Cork,CC-IE-012
HRIS-WKR-004749,WKR-PUB-004749,IE,LE-IE-SYNTH-001,ACTIVE,CONTRACTOR,PERMANENT,2020-01-27,,F,Engineering,Galway,CC-IE-003
HRIS-WKR-004750,WKR-PUB-004750,IE,LE-IE-SYNTH-001,ACTIVE,EMPLOYEE,PERMANENT,2023-03-05,,F,Operations,Remote-IE,CC-IE-023
HRIS-WKR-004751,WKR-PUB-004751,IE,LE-IE-SYNTH-001,ACTIVE,EMPLOYEE,PERMANENT,2018-09-01,,M,Engineering,Limerick,CC-IE-005
HRIS-WKR-004752,WKR-PUB-004752,IE,LE-IE-SYNTH-001,ACTIVE,EMPLOYEE,PERMANENT,2020-05-24,,M,Engineering,Cork,CC-IE-040
HRIS-WKR-004753,WKR-PUB-004753,IE,LE-IE-SYNTH-001,ACTIVE,EMPLOYEE,FIXED_TERM,2023-08-02,,F,Operations,Galway,CC-IE-007
HRIS-WKR-004754,WKR-PUB-004754,IE,LE-IE-SYNTH-001,ACTIVE,EMPLOYEE,PERMANENT,2014-08-01,,F,Engineering,Limerick,CC-IE-025
HRIS-WKR-004755,WKR-PUB-004755,IE,LE-IE-SYNTH-001,ACTIVE,EMPLOYEE,PERMANENT,2015-07-06,,F,Engineering,Limerick,CC-IE-016
HRIS-WKR-004756,WKR-PUB-004756,IE,LE-IE-SYNTH-001,ACTIVE,EMPLOYEE,PERMANENT,2022-08-03,,M,Engineering,Galway,CC-IE-008
HRIS-WKR-004757,WKR-PUB-004757,IE,LE-IE-SYNTH-001,ACTIVE,EMPLOYEE,PERMANENT,2021-01-11,,M,Engineering,Dublin,CC-IE-012
HRIS-WKR-004758,WKR-PUB-004758,IE,LE-IE-SYNTH-001,ACTIVE,EMPLOYEE,PERMANENT,2018-03-23,,F,Technology,Remote-IE,CC-IE-024
HRIS-WKR-004759,WKR-PUB-004759,IE,LE-IE-SYNTH-001,ACTIVE,EMPLOYEE,FIXED_TERM,2014-08-12,,M,Sales,Cork,CC-IE-020
HRIS-WKR-004760,WKR-PUB-004760,IE,LE-IE-SYNTH-001,ACTIVE,CONTRACTOR,PERMANENT,2023-09-12,,F,Operations,Cork,CC-IE-012
HRIS-WKR-004761,WKR-PUB-004761,IE,LE-IE-SYNTH-001,ACTIVE,EMPLOYEE,PERMANENT,2016-09-06,,,Sales,Dublin,CC-IE-022
HRIS-WKR-004762,WKR-PUB-004762,IE,LE-IE-SYNTH-001,ACTIVE,EMPLOYEE,FIXED_TERM,2014-10-10,,F,Operations,Dublin,CC-IE-028
HRIS-WKR-004763,WKR-PUB-004763,IE,LE-IE-SYNTH-001,ACTIVE,EMPLOYEE,PERMANENT,2018-05-21,,M,Operations,Galway,CC-IE-009
HRIS-WKR-004764,WKR-PUB-004764,IE,LE-IE-SYNTH-001,ACTIVE,EMPLOYEE,PERMANENT,2025-02-07,,M,Operations,Dublin,CC-IE-012
HRIS-WKR-004765,WKR-PUB-004765,IE,LE-IE-SYNTH-001,ACTIVE,EMPLOYEE,PERMANENT,2021-11-11,,F,Engineering,Dublin,CC-IE-020
HRIS-WKR-004766,WKR-PUB-004766,IE,LE-IE-SYNTH-001,ACTIVE,EMPLOYEE,PERMANENT,2016-05-19,,UNDISCLOSED,Finance,Remote-IE,CC-IE-038
HRIS-WKR-004767,WKR-PUB-004767,IE,LE-IE-SYNTH-001,ACTIVE,EMPLOYEE,PERMANENT,2023-03-29,,F,Engineering,Galway,CC-IE-033
HRIS-WKR-004768,WKR-PUB-004768,IE,LE-IE-SYNTH-001,ACTIVE,EMPLOYEE,PERMANENT,2019-09-20,,F,Technology,Galway,CC-IE-040
HRIS-WKR-004769,WKR-PUB-004769,IE,LE-IE-SYNTH-001,ACTIVE,EMPLOYEE,FIXED_TERM,2021-07-11,,UNDISCLOSED,Finance,Dublin,CC-IE-015
HRIS-WKR-004770,WKR-PUB-004770,IE,LE-IE-SYNTH-001,ACTIVE,EMPLOYEE,PERMANENT,2015-05-22,,M,Sales,Dublin,CC-IE-009
HRIS-WKR-004771,WKR-PUB-004771,IE,LE-IE-SYNTH-001,ACTIVE,EMPLOYEE,PERMANENT,2019-02-15,,M,Operations,Dublin,CC-IE-009
HRIS-WKR-004772,WKR-PUB-004772,IE,LE-IE-SYNTH-001,ACTIVE,EMPLOYEE,FIXED_TERM,2023-06-03,,F,People,Cork,CC-IE-029
HRIS-WKR-004773,WKR-PUB-004773,IE,LE-IE-SYNTH-001,ACTIVE,EMPLOYEE,PERMANENT,2020-06-27,,M,Sales,Dublin,CC-IE-031
HRIS-WKR-004774,WKR-PUB-004774,IE,LE-IE-SYNTH-001,ACTIVE,EMPLOYEE,PERMANENT,2023-12-16,,M,Finance,Cork,CC-IE-035
HRIS-WKR-004775,WKR-PUB-004775,IE,LE-IE-SYNTH-001,ACTIVE,EMPLOYEE,PERMANENT,2017-12-02,,M,Engineering,Dublin,CC-IE-018
HRIS-WKR-004776,WKR-PUB-004776,IE,LE-IE-SYNTH-001,ACTIVE,EMPLOYEE,PERMANENT,2019-11-13,,M,Engineering,Remote-IE,CC-IE-028
HRIS-WKR-004777,WKR-PUB-004777,IE,LE-IE-SYNTH-001,ACTIVE,EMPLOYEE,APPRENTICE,2018-10-10,,M,Engineering,Galway,CC-IE-017
HRIS-WKR-004778,WKR-PUB-004778,IE,LE-IE-SYNTH-001,ACTIVE,EMPLOYEE,PERMANENT,2021-10-04,,F,Engineering,Cork,CC-IE-004
HRIS-WKR-004779,WKR-PUB-004779,IE,LE-IE-SYNTH-001,ACTIVE,EMPLOYEE,FIXED_TERM,2021-11-01,,F,Operations,Limerick,CC-IE-018
HRIS-WKR-004780,WKR-PUB-004780,IE,LE-IE-SYNTH-001,ACTIVE,EMPLOYEE,PERMANENT,2014-09-29,,M,Sales,Dublin,CC-IE-016
HRIS-WKR-004781,WKR-PUB-004781,IE,LE-IE-SYNTH-001,ACTIVE,EMPLOYEE,PERMANENT,2020-10-03,,F,Operations,Dublin,CC-IE-021
HRIS-WKR-004782,WKR-PUB-004782,IE,LE-IE-SYNTH-001,ACTIVE,EMPLOYEE,APPRENTICE,2026-02-06,,F,Engineering,Cork,CC-IE-037
HRIS-WKR-004783,WKR-PUB-004783,IE,LE-IE-SYNTH-001,ACTIVE,EMPLOYEE,PERMANENT,2016-06-24,,M,Engineering,Galway,CC-IE-019
HRIS-WKR-004784,WKR-PUB-004784,IE,LE-IE-SYNTH-001,ACTIVE,EMPLOYEE,PERMANENT,2015-04-19,,M,Finance,Remote-IE,CC-IE-003
HRIS-WKR-004785,WKR-PUB-004785,IE,LE-IE-SYNTH-001,ACTIVE,EMPLOYEE,PERMANENT,2017-06-14,,M,People,Dublin,CC-IE-025
HRIS-WKR-004786,WKR-PUB-004786,IE,LE-IE-SYNTH-001,ACTIVE,EMPLOYEE,FIXED_TERM,2019-01-12,,NB,People,Cork,CC-IE-001
HRIS-WKR-004787,WKR-PUB-004787,IE,LE-IE-SYNTH-001,ACTIVE,EMPLOYEE,PERMANENT,2016-07-28,,F,Finance,Dublin,CC-IE-037
HRIS-WKR-004788,WKR-PUB-004788,IE,LE-IE-SYNTH-001,ACTIVE,EMPLOYEE,PERMANENT,2018-12-06,,F,Sales,Dublin,CC-IE-025
HRIS-WKR-004789,WKR-PUB-004789,IE,LE-IE-SYNTH-001,ACTIVE,EMPLOYEE,PERMANENT,2014-02-15,,F,Finance,Dublin,CC-IE-034
HRIS-WKR-004790,WKR-PUB-004790,IE,LE-IE-SYNTH-001,ACTIVE,EMPLOYEE,PERMANENT,2017-02-21,,F,Operations,Dublin,CC-IE-012
HRIS-WKR-004791,WKR-PUB-004791,IE,LE-IE-SYNTH-001,ACTIVE,EMPLOYEE,FIXED_TERM,2025-08-30,,M,Engineering,Dublin,CC-IE-003
HRIS-WKR-004792,WKR-PUB-004792,IE,LE-IE-SYNTH-001,ACTIVE,EMPLOYEE,PERMANENT,2014-05-25,,F,Engineering,Remote-IE,CC-IE-011
HRIS-WKR-004793,WKR-PUB-004793,IE,LE-IE-SYNTH-001,ACTIVE,EMPLOYEE,PERMANENT,2022-01-13,,F,Technology,Dublin,CC-IE-018
HRIS-WKR-004794,WKR-PUB-004794,IE,LE-IE-SYNTH-001,ACTIVE,EMPLOYEE,PERMANENT,2014-06-11,,F,Engineering,Dublin,CC-IE-011
HRIS-WKR-004795,WKR-PUB-004795,IE,LE-IE-SYNTH-001,ACTIVE,EMPLOYEE,PERMANENT,2022-06-04,,NB,Sales,Dublin,CC-IE-012
HRIS-WKR-004796,WKR-PUB-004796,IE,LE-IE-SYNTH-001,ACTIVE,EMPLOYEE,PERMANENT,2020-11-08,,F,Sales,Dublin,CC-IE-023
HRIS-WKR-004797,WKR-PUB-004797,IE,LE-IE-SYNTH-001,TERMINATED,EMPLOYEE,PERMANENT,2019-11-12,2026-09-15,M,Engineering,Galway,CC-IE-006
HRIS-WKR-004798,WKR-PUB-004798,IE,LE-IE-SYNTH-001,ACTIVE,EMPLOYEE,FIXED_TERM,2025-03-07,,M,Technology,Remote-IE,CC-IE-020
HRIS-WKR-004799,WKR-PUB-004799,IE,LE-IE-SYNTH-001,ACTIVE,EMPLOYEE,PERMANENT,2014-03-28,,M,Sales,Dublin,CC-IE-014
HRIS-WKR-004800,WKR-PUB-004800,IE,LE-IE-SYNTH-001,ACTIVE,EMPLOYEE,FIXED_TERM,2022-11-21,,M,Engineering,Dublin,CC-IE-003
HRIS-WKR-004801,WKR-PUB-004801,IE,LE-IE-SYNTH-001,ACTIVE,EMPLOYEE,PERMANENT,2018-04-27,,F,Sales,Dublin,CC-IE-016
HRIS-WKR-004802,WKR-PUB-004802,IE,LE-IE-SYNTH-001,ACTIVE,EMPLOYEE,PERMANENT,2023-01-16,,M,People,Dublin,CC-IE-015
HRIS-WKR-004803,WKR-PUB-004803,IE,LE-IE-SYNTH-001,ACTIVE,EMPLOYEE,PERMANENT,2014-01-05,,M,Engineering,Cork,CC-IE-030
HRIS-WKR-004804,WKR-PUB-004804,IE,LE-IE-SYNTH-001,ACTIVE,EMPLOYEE,FIXED_TERM,2023-12-15,,F,Sales,Dublin,CC-IE-007
HRIS-WKR-004805,WKR-PUB-004805,IE,LE-IE-SYNTH-001,ACTIVE,EMPLOYEE,FIXED_TERM,2019-04-26,,F,Sales,Dublin,CC-IE-019
HRIS-WKR-004806,WKR-PUB-004806,IE,LE-IE-SYNTH-001,ACTIVE,EMPLOYEE,FIXED_TERM,2020-02-23,,M,Finance,Remote-IE,CC-IE-025
HRIS-WKR-004807,WKR-PUB-004807,IE,LE-IE-SYNTH-001,ACTIVE,CONTRACTOR,APPRENTICE,2018-07-13,,F,Sales,Dublin,CC-IE-010
HRIS-WKR-004808,WKR-PUB-004808,IE,LE-IE-SYNTH-001,ACTIVE,EMPLOYEE,FIXED_TERM,2019-03-25,,F,Finance,Dublin,CC-IE-036
HRIS-WKR-004809,WKR-PUB-004809,IE,LE-IE-SYNTH-001,ACTIVE,EMPLOYEE,PERMANENT,2023-09-14,,F,Sales,Dublin,CC-IE-028
HRIS-WKR-004810,WKR-PUB-004810,IE,LE-IE-SYNTH-001,ACTIVE,EMPLOYEE,PERMANENT,2019-01-22,,F,Operations,Cork,CC-IE-032
HRIS-WKR-004811,WKR-PUB-004811,IE,LE-IE-SYNTH-001,ACTIVE,EMPLOYEE,FIXED_TERM,2018-01-19,,F,Engineering,Cork,CC-IE-008
HRIS-WKR-004812,WKR-PUB-004812,IE,LE-IE-SYNTH-001,ACTIVE,EMPLOYEE,PERMANENT,2014-02-04,,F,Sales,Remote-IE,CC-IE-020
HRIS-WKR-004813,WKR-PUB-004813,IE,LE-IE-SYNTH-001,ACTIVE,EMPLOYEE,PERMANENT,2014-10-16,,NB,Finance,Dublin,CC-IE-009
HRIS-WKR-004814,WKR-PUB-004814,IE,LE-IE-SYNTH-001,ACTIVE,EMPLOYEE,FIXED_TERM,2025-09-10,,M,Finance,Dublin,CC-IE-005
HRIS-WKR-004815,WKR-PUB-004815,IE,LE-IE-SYNTH-001,ACTIVE,EMPLOYEE,FIXED_TERM,2024-11-11,,F,Finance,Dublin,CC-IE-040
HRIS-WKR-004816,WKR-PUB-004816,IE,LE-IE-SYNTH-001,ACTIVE,EMPLOYEE,PERMANENT,2016-06-13,,M,Engineering,Remote-IE,CC-IE-020
HRIS-WKR-004817,WKR-PUB-004817,IE,LE-IE-SYNTH-001,ACTIVE,EMPLOYEE,PERMANENT,2018-07-13,,M,Finance,Cork,CC-IE-030
HRIS-WKR-004818,WKR-PUB-004818,IE,LE-IE-SYNTH-001,ACTIVE,EMPLOYEE,PERMANENT,2016-07-21,,M,Sales,Cork,CC-IE-021
HRIS-WKR-004819,WKR-PUB-004819,IE,LE-IE-SYNTH-001,ACTIVE,EMPLOYEE,FIXED_TERM,2022-10-09,,M,Engineering,Cork,CC-IE-019
HRIS-WKR-004820,WKR-PUB-004820,IE,LE-IE-SYNTH-001,ACTIVE,EMPLOYEE,PERMANENT,2019-01-24,,F,Sales,Dublin,CC-IE-025
HRIS-WKR-004821,WKR-PUB-004821,IE,LE-IE-SYNTH-001,ACTIVE,EMPLOYEE,PERMANENT,2026-02-21,,M,Sales,Cork,CC-IE-004
HRIS-WKR-004822,WKR-PUB-004822,IE,LE-IE-SYNTH-001,ACTIVE,EMPLOYEE,PERMANENT,2022-06-16,,F,Finance,Dublin,CC-IE-013
HRIS-WKR-004823,WKR-PUB-004823,IE,LE-IE-SYNTH-001,ACTIVE,EMPLOYEE,PERMANENT,2018-04-19,,M,Finance,Dublin,CC-IE-010
HRIS-WKR-004824,WKR-PUB-004824,IE,LE-IE-SYNTH-001,ACTIVE,EMPLOYEE,FIXED_TERM,2019-09-12,,F,Sales,Galway,CC-IE-010
HRIS-WKR-004825,WKR-PUB-004825,IE,LE-IE-SYNTH-001,ACTIVE,EMPLOYEE,PERMANENT,2020-07-12,,M,Finance,Cork,CC-IE-020
HRIS-WKR-004826,WKR-PUB-004826,IE,LE-IE-SYNTH-001,ACTIVE,EMPLOYEE,PERMANENT,2020-04-16,,F,Technology,Remote-IE,CC-IE-020
HRIS-WKR-004827,WKR-PUB-004827,IE,LE-IE-SYNTH-001,ACTIVE,CONTRACTOR,PERMANENT,2014-05-31,,M,Engineering,Dublin,CC-IE-022
HRIS-WKR-004828,WKR-PUB-004828,IE,LE-IE-SYNTH-001,ACTIVE,EMPLOYEE,PERMANENT,2014-12-11,,F,People,Dublin,CC-IE-011
HRIS-WKR-004829,WKR-PUB-004829,IE,LE-IE-SYNTH-001,ACTIVE,EMPLOYEE,PERMANENT,2019-08-31,,F,Finance,Dublin,CC-IE-028
HRIS-WKR-004830,WKR-PUB-004830,IE,LE-IE-SYNTH-001,ACTIVE,EMPLOYEE,PERMANENT,2024-05-07,,M,Finance,Dublin,CC-IE-011
HRIS-WKR-004831,WKR-PUB-004831,IE,LE-IE-SYNTH-001,ACTIVE,EMPLOYEE,FIXED_TERM,2018-12-31,,F,Engineering,Dublin,CC-IE-001
HRIS-WKR-004832,WKR-PUB-004832,IE,LE-IE-SYNTH-001,ACTIVE,EMPLOYEE,PERMANENT,2021-07-08,,M,Engineering,Dublin,CC-IE-009
HRIS-WKR-004833,WKR-PUB-004833,IE,LE-IE-SYNTH-001,ACTIVE,EMPLOYEE,PERMANENT,2017-09-20,,,Sales,Dublin,CC-IE-040
HRIS-WKR-004834,WKR-PUB-004834,IE,LE-IE-SYNTH-001,ACTIVE,CONTRACTOR,PERMANENT,2018-08-19,,M,Engineering,Dublin,CC-IE-003
HRIS-WKR-004835,WKR-PUB-004835,IE,LE-IE-SYNTH-001,ACTIVE,EMPLOYEE,PERMANENT,2014-04-09,,M,Engineering,Dublin,CC-IE-034
HRIS-WKR-004836,WKR-PUB-004836,IE,LE-IE-SYNTH-001,ACTIVE,EMPLOYEE,PERMANENT,2017-11-20,,F,Sales,Dublin,CC-IE-019
HRIS-WKR-004837,WKR-PUB-004837,IE,LE-IE-SYNTH-001,ACTIVE,EMPLOYEE,PERMANENT,2025-07-20,,M,Finance,Remote-IE,CC-IE-025
HRIS-WKR-004838,WKR-PUB-004838,IE,LE-IE-SYNTH-001,ACTIVE,CONTRACTOR,PERMANENT,2021-08-31,,F,Operations,Dublin,CC-IE-038
HRIS-WKR-004839,WKR-PUB-004839,IE,LE-IE-SYNTH-001,ACTIVE,EMPLOYEE,PERMANENT,2021-04-28,,M,People,Dublin,CC-IE-036
HRIS-WKR-004840,WKR-PUB-004840,IE,LE-IE-SYNTH-001,ACTIVE,EMPLOYEE,APPRENTICE,2020-09-25,,M,Finance,Dublin,CC-IE-007
HRIS-WKR-004841,WKR-PUB-004841,IE,LE-IE-SYNTH-001,ACTIVE,CONTRACTOR,PERMANENT,2022-03-31,,M,Technology,Cork,CC-IE-024
HRIS-WKR-004842,WKR-PUB-004842,IE,LE-IE-SYNTH-001,ACTIVE,EMPLOYEE,PERMANENT,2020-04-26,,F,Sales,Limerick,CC-IE-033
HRIS-WKR-004843,WKR-PUB-004843,IE,LE-IE-SYNTH-001,ACTIVE,EMPLOYEE,PERMANENT,2023-07-19,,,People,Dublin,CC-IE-005
HRIS-WKR-004844,WKR-PUB-004844,IE,LE-IE-SYNTH-001,ACTIVE,EMPLOYEE,PERMANENT,2025-07-08,,M,Operations,Cork,CC-IE-014
HRIS-WKR-004845,WKR-PUB-004845,IE,LE-IE-SYNTH-001,ACTIVE,EMPLOYEE,PERMANENT,2019-02-14,,M,Finance,Dublin,CC-IE-016
HRIS-WKR-004846,WKR-PUB-004846,IE,LE-IE-SYNTH-001,ACTIVE,EMPLOYEE,PERMANENT,2019-01-29,,M,Technology,Remote-IE,CC-IE-016
HRIS-WKR-004847,WKR-PUB-004847,IE,LE-IE-SYNTH-001,ACTIVE,EMPLOYEE,PERMANENT,2024-07-05,,F,Engineering,Dublin,CC-IE-002
HRIS-WKR-004848,WKR-PUB-004848,IE,LE-IE-SYNTH-001,ACTIVE,EMPLOYEE,PERMANENT,2017-08-17,,UNDISCLOSED,Operations,Dublin,CC-IE-031
HRIS-WKR-004849,WKR-PUB-004849,IE,LE-IE-SYNTH-001,ACTIVE,EMPLOYEE,PERMANENT,2020-12-01,,F,Engineering,Dublin,CC-IE-028
HRIS-WKR-004850,WKR-PUB-004850,IE,LE-IE-SYNTH-001,ACTIVE,EMPLOYEE,PERMANENT,2016-09-17,,M,Sales,Dublin,CC-IE-004
HRIS-WKR-004851,WKR-PUB-004851,IE,LE-IE-SYNTH-001,ACTIVE,EMPLOYEE,FIXED_TERM,2023-09-23,,M,Engineering,Cork,CC-IE-023
HRIS-WKR-004852,WKR-PUB-004852,IE,LE-IE-SYNTH-001,ACTIVE,EMPLOYEE,FIXED_TERM,2020-11-22,,M,Engineering,Cork,CC-IE-020
HRIS-WKR-004853,WKR-PUB-004853,IE,LE-IE-SYNTH-001,TERMINATED,EMPLOYEE,PERMANENT,2023-07-23,2026-12-22,M,Finance,Cork,CC-IE-006
HRIS-WKR-004854,WKR-PUB-004854,IE,LE-IE-SYNTH-001,TERMINATED,EMPLOYEE,PERMANENT,2017-08-15,2026-06-30,M,Finance,Limerick,CC-IE-012
HRIS-WKR-004855,WKR-PUB-004855,IE,LE-IE-SYNTH-001,ACTIVE,EMPLOYEE,PERMANENT,2024-05-02,,M,Sales,Cork,CC-IE-016
HRIS-WKR-004856,WKR-PUB-004856,IE,LE-IE-SYNTH-001,ACTIVE,EMPLOYEE,PERMANENT,2021-02-13,,M,Technology,Dublin,CC-IE-035
HRIS-WKR-004857,WKR-PUB-004857,IE,LE-IE-SYNTH-001,ACTIVE,EMPLOYEE,PERMANENT,2022-10-21,,M,Engineering,Galway,CC-IE-031
HRIS-WKR-004858,WKR-PUB-004858,IE,LE-IE-SYNTH-001,ACTIVE,EMPLOYEE,PERMANENT,2023-05-30,,M,Engineering,Dublin,CC-IE-038
HRIS-WKR-004859,WKR-PUB-004859,IE,LE-IE-SYNTH-001,ACTIVE,EMPLOYEE,PERMANENT,2017-01-20,,F,Engineering,Dublin,CC-IE-017
HRIS-WKR-004860,WKR-PUB-004860,IE,LE-IE-SYNTH-001,TERMINATED,EMPLOYEE,PERMANENT,2017-05-24,2026-12-14,M,Finance,Cork,CC-IE-029
HRIS-WKR-004861,WKR-PUB-004861,IE,LE-IE-SYNTH-001,ACTIVE,EMPLOYEE,PERMANENT,2022-07-20,,F,Operations,Dublin,CC-IE-028
HRIS-WKR-004862,WKR-PUB-004862,IE,LE-IE-SYNTH-001,ACTIVE,EMPLOYEE,PERMANENT,2020-05-09,,UNDISCLOSED,Engineering,Dublin,CC-IE-001
HRIS-WKR-004863,WKR-PUB-004863,IE,LE-IE-SYNTH-001,ACTIVE,EMPLOYEE,PERMANENT,2020-08-16,,F,People,Dublin,CC-IE-023
HRIS-WKR-004864,WKR-PUB-004864,IE,LE-IE-SYNTH-001,ACTIVE,EMPLOYEE,PERMANENT,2021-08-13,,F,People,Remote-IE,CC-IE-017
HRIS-WKR-004865,WKR-PUB-004865,IE,LE-IE-SYNTH-001,TERMINATED,EMPLOYEE,PERMANENT,2021-02-23,2026-08-08,M,Finance,Galway,CC-IE-028
HRIS-WKR-004866,WKR-PUB-004866,IE,LE-IE-SYNTH-001,ACTIVE,EMPLOYEE,PERMANENT,2018-01-19,,M,Engineering,Dublin,CC-IE-033
HRIS-WKR-004867,WKR-PUB-004867,IE,LE-IE-SYNTH-001,TERMINATED,CONTRACTOR,PERMANENT,2022-01-10,2026-06-21,F,Sales,Galway,CC-IE-028
HRIS-WKR-004868,WKR-PUB-004868,IE,LE-IE-SYNTH-001,ACTIVE,EMPLOYEE,PERMANENT,2019-08-30,,M,People,Remote-IE,CC-IE-011
HRIS-WKR-004869,WKR-PUB-004869,IE,LE-IE-SYNTH-001,ACTIVE,EMPLOYEE,PERMANENT,2015-07-31,,M,Finance,Dublin,CC-IE-036
HRIS-WKR-004870,WKR-PUB-004870,IE,LE-IE-SYNTH-001,ACTIVE,EMPLOYEE,PERMANENT,2021-11-16,,F,Operations,Dublin,CC-IE-002
HRIS-WKR-004871,WKR-PUB-004871,IE,LE-IE-SYNTH-001,ACTIVE,EMPLOYEE,PERMANENT,2023-05-06,,F,Sales,Cork,CC-IE-020
HRIS-WKR-004872,WKR-PUB-004872,IE,LE-IE-SYNTH-001,ACTIVE,EMPLOYEE,PERMANENT,2019-06-27,,F,Finance,Cork,CC-IE-012
HRIS-WKR-004873,WKR-PUB-004873,IE,LE-IE-SYNTH-001,ACTIVE,CONTRACTOR,PERMANENT,2015-10-18,,F,Engineering,Cork,CC-IE-021
HRIS-WKR-004874,WKR-PUB-004874,IE,LE-IE-SYNTH-001,ACTIVE,EMPLOYEE,FIXED_TERM,2023-11-20,,F,Engineering,Remote-IE,CC-IE-005
HRIS-WKR-004875,WKR-PUB-004875,IE,LE-IE-SYNTH-001,ACTIVE,EMPLOYEE,PERMANENT,2019-02-09,,F,Engineering,Limerick,CC-IE-027
HRIS-WKR-004876,WKR-PUB-004876,IE,LE-IE-SYNTH-001,ACTIVE,EMPLOYEE,PERMANENT,2016-12-08,,M,Operations,Cork,CC-IE-011
HRIS-WKR-004877,WKR-PUB-004877,IE,LE-IE-SYNTH-001,ACTIVE,EMPLOYEE,PERMANENT,2016-07-14,,M,Finance,Dublin,CC-IE-029
HRIS-WKR-004878,WKR-PUB-004878,IE,LE-IE-SYNTH-001,ACTIVE,EMPLOYEE,PERMANENT,2021-02-19,,M,Finance,Cork,CC-IE-011
HRIS-WKR-004879,WKR-PUB-004879,IE,LE-IE-SYNTH-001,ACTIVE,EMPLOYEE,PERMANENT,2019-12-21,,F,Finance,Dublin,CC-IE-032
HRIS-WKR-004880,WKR-PUB-004880,IE,LE-IE-SYNTH-001,ACTIVE,EMPLOYEE,PERMANENT,2025-12-05,,M,Operations,Galway,CC-IE-009
HRIS-WKR-004881,WKR-PUB-004881,IE,LE-IE-SYNTH-001,ACTIVE,EMPLOYEE,PERMANENT,2016-03-26,,,Sales,Cork,CC-IE-036
HRIS-WKR-004882,WKR-PUB-004882,IE,LE-IE-SYNTH-001,TERMINATED,EMPLOYEE,PERMANENT,2019-04-28,2026-06-01,M,Engineering,Dublin,CC-IE-039
HRIS-WKR-004883,WKR-PUB-004883,IE,LE-IE-SYNTH-001,ACTIVE,EMPLOYEE,PERMANENT,2014-05-18,,F,People,Dublin,CC-IE-036
HRIS-WKR-004884,WKR-PUB-004884,IE,LE-IE-SYNTH-001,ACTIVE,EMPLOYEE,PERMANENT,2025-02-07,,F,Technology,Dublin,CC-IE-027
HRIS-WKR-004885,WKR-PUB-004885,IE,LE-IE-SYNTH-001,TERMINATED,EMPLOYEE,PERMANENT,2015-02-16,2026-07-28,M,Sales,Dublin,CC-IE-021
HRIS-WKR-004886,WKR-PUB-004886,IE,LE-IE-SYNTH-001,ACTIVE,EMPLOYEE,PERMANENT,2018-08-03,,M,Sales,Dublin,CC-IE-032
HRIS-WKR-004887,WKR-PUB-004887,IE,LE-IE-SYNTH-001,ACTIVE,EMPLOYEE,PERMANENT,2020-08-22,,M,Finance,Galway,CC-IE-016
HRIS-WKR-004888,WKR-PUB-004888,IE,LE-IE-SYNTH-001,ACTIVE,EMPLOYEE,PERMANENT,2016-11-06,,F,Engineering,Remote-IE,CC-IE-015
HRIS-WKR-004889,WKR-PUB-004889,IE,LE-IE-SYNTH-001,ACTIVE,CONTRACTOR,PERMANENT,2025-02-07,,M,Finance,Remote-IE,CC-IE-031
HRIS-WKR-004890,WKR-PUB-004890,IE,LE-IE-SYNTH-001,ACTIVE,EMPLOYEE,PERMANENT,2019-06-10,,,Sales,Dublin,CC-IE-029
HRIS-WKR-004891,WKR-PUB-004891,IE,LE-IE-SYNTH-001,ACTIVE,EMPLOYEE,PERMANENT,2015-08-07,,M,Engineering,Dublin,CC-IE-012
HRIS-WKR-004892,WKR-PUB-004892,IE,LE-IE-SYNTH-001,ACTIVE,EMPLOYEE,PERMANENT,2018-06-10,,M,Engineering,Cork,CC-IE-003
HRIS-WKR-004893,WKR-PUB-004893,IE,LE-IE-SYNTH-001,ACTIVE,EMPLOYEE,PERMANENT,2019-01-31,,F,Engineering,Cork,CC-IE-029
HRIS-WKR-004894,WKR-PUB-004894,IE,LE-IE-SYNTH-001,ACTIVE,EMPLOYEE,PERMANENT,2020-03-21,,M,Engineering,Galway,CC-IE-003
HRIS-WKR-004895,WKR-PUB-004895,IE,LE-IE-SYNTH-001,ACTIVE,EMPLOYEE,PERMANENT,2015-12-16,,M,People,Dublin,CC-IE-039
HRIS-WKR-004896,WKR-PUB-004896,IE,LE-IE-SYNTH-001,ACTIVE,EMPLOYEE,PERMANENT,2018-04-08,,F,Technology,Dublin,CC-IE-022
HRIS-WKR-004897,WKR-PUB-004897,IE,LE-IE-SYNTH-001,ACTIVE,EMPLOYEE,PERMANENT,2022-02-07,,F,Operations,Dublin,CC-IE-036
HRIS-WKR-004898,WKR-PUB-004898,IE,LE-IE-SYNTH-001,ACTIVE,EMPLOYEE,PERMANENT,2018-08-06,,,Engineering,Remote-IE,CC-IE-022
HRIS-WKR-004899,WKR-PUB-004899,IE,LE-IE-SYNTH-001,TERMINATED,EMPLOYEE,PERMANENT,2021-06-11,2026-09-26,F,Finance,Limerick,CC-IE-034
HRIS-WKR-004900,WKR-PUB-004900,IE,LE-IE-SYNTH-001,ACTIVE,EMPLOYEE,PERMANENT,2022-03-04,,F,Engineering,Dublin,CC-IE-019
HRIS-WKR-004901,WKR-PUB-004901,IE,LE-IE-SYNTH-001,ACTIVE,EMPLOYEE,PERMANENT,2025-05-12,,M,People,Cork,CC-IE-038
HRIS-WKR-004902,WKR-PUB-004902,IE,LE-IE-SYNTH-001,ACTIVE,EMPLOYEE,PERMANENT,2014-09-29,,F,Engineering,Dublin,CC-IE-038
HRIS-WKR-004903,WKR-PUB-004903,IE,LE-IE-SYNTH-001,ACTIVE,EMPLOYEE,PERMANENT,2025-08-04,,M,Technology,Limerick,CC-IE-026
HRIS-WKR-004904,WKR-PUB-004904,IE,LE-IE-SYNTH-001,ACTIVE,EMPLOYEE,PERMANENT,2023-07-28,,M,Technology,Dublin,CC-IE-005
HRIS-WKR-004905,WKR-PUB-004905,IE,LE-IE-SYNTH-001,ACTIVE,EMPLOYEE,PERMANENT,2019-07-30,,F,Sales,Dublin,CC-IE-007
HRIS-WKR-004906,WKR-PUB-004906,IE,LE-IE-SYNTH-001,ACTIVE,EMPLOYEE,PERMANENT,2023-12-11,,F,People,Dublin,CC-IE-015
HRIS-WKR-004907,WKR-PUB-004907,IE,LE-IE-SYNTH-001,ACTIVE,EMPLOYEE,PERMANENT,2023-08-07,,M,Finance,Dublin,CC-IE-023
HRIS-WKR-004908,WKR-PUB-004908,IE,LE-IE-SYNTH-001,ACTIVE,EMPLOYEE,PERMANENT,2025-05-08,,M,Operations,Dublin,CC-IE-018
HRIS-WKR-004909,WKR-PUB-004909,IE,LE-IE-SYNTH-001,ACTIVE,EMPLOYEE,FIXED_TERM,2025-02-07,,M,Technology,Remote-IE,CC-IE-016
HRIS-WKR-004910,WKR-PUB-004910,IE,LE-IE-SYNTH-001,ACTIVE,EMPLOYEE,PERMANENT,2021-07-01,,M,Engineering,Limerick,CC-IE-026
HRIS-WKR-004911,WKR-PUB-004911,IE,LE-IE-SYNTH-001,ACTIVE,EMPLOYEE,PERMANENT,2017-02-09,,F,Finance,Dublin,CC-IE-019
HRIS-WKR-004912,WKR-PUB-004912,IE,LE-IE-SYNTH-001,ACTIVE,EMPLOYEE,FIXED_TERM,2015-11-16,,M,Finance,Dublin,CC-IE-015
HRIS-WKR-004913,WKR-PUB-004913,IE,LE-IE-SYNTH-001,ACTIVE,EMPLOYEE,PERMANENT,2021-10-24,,F,People,Limerick,CC-IE-035
HRIS-WKR-004914,WKR-PUB-004914,IE,LE-IE-SYNTH-001,ACTIVE,EMPLOYEE,PERMANENT,2020-11-08,,M,Sales,Cork,CC-IE-015
HRIS-WKR-004915,WKR-PUB-004915,IE,LE-IE-SYNTH-001,ACTIVE,EMPLOYEE,PERMANENT,2024-07-22,,M,Technology,Remote-IE,CC-IE-009
HRIS-WKR-004916,WKR-PUB-004916,IE,LE-IE-SYNTH-001,ACTIVE,EMPLOYEE,PERMANENT,2018-11-20,,F,Operations,Remote-IE,CC-IE-034
HRIS-WKR-004917,WKR-PUB-004917,IE,LE-IE-SYNTH-001,TERMINATED,EMPLOYEE,PERMANENT,2017-05-07,2026-05-22,F,Engineering,Dublin,CC-IE-027
HRIS-WKR-004918,WKR-PUB-004918,IE,LE-IE-SYNTH-001,ACTIVE,EMPLOYEE,FIXED_TERM,2021-01-24,,M,Engineering,Dublin,CC-IE-021
HRIS-WKR-004919,WKR-PUB-004919,IE,LE-IE-SYNTH-001,ACTIVE,EMPLOYEE,PERMANENT,2020-05-30,,F,Technology,Cork,CC-IE-014
HRIS-WKR-004920,WKR-PUB-004920,IE,LE-IE-SYNTH-001,ACTIVE,EMPLOYEE,FIXED_TERM,2017-12-29,,F,Finance,Dublin,CC-IE-038
HRIS-WKR-004921,WKR-PUB-004921,IE,LE-IE-SYNTH-001,TERMINATED,EMPLOYEE,PERMANENT,2014-10-12,2026-04-28,NB,Sales,Dublin,CC-IE-040
HRIS-WKR-004922,WKR-PUB-004922,IE,LE-IE-SYNTH-001,ACTIVE,EMPLOYEE,FIXED_TERM,2017-07-21,,M,Finance,Dublin,CC-IE-006
HRIS-WKR-004923,WKR-PUB-004923,IE,LE-IE-SYNTH-001,ACTIVE,EMPLOYEE,FIXED_TERM,2015-02-20,,M,Technology,Dublin,CC-IE-022
HRIS-WKR-004924,WKR-PUB-004924,IE,LE-IE-SYNTH-001,ACTIVE,EMPLOYEE,PERMANENT,2015-11-27,,M,Sales,Dublin,CC-IE-034
HRIS-WKR-004925,WKR-PUB-004925,IE,LE-IE-SYNTH-001,ACTIVE,EMPLOYEE,FIXED_TERM,2014-11-16,,F,Sales,Cork,CC-IE-010
HRIS-WKR-004926,WKR-PUB-004926,IE,LE-IE-SYNTH-001,ACTIVE,EMPLOYEE,FIXED_TERM,2017-07-30,,M,Engineering,Remote-IE,CC-IE-011
HRIS-WKR-004927,WKR-PUB-004927,IE,LE-IE-SYNTH-001,ACTIVE,EMPLOYEE,PERMANENT,2025-05-28,,M,Sales,Dublin,CC-IE-036
HRIS-WKR-004928,WKR-PUB-004928,IE,LE-IE-SYNTH-001,ACTIVE,EMPLOYEE,PERMANENT,2025-07-23,,F,Finance,Dublin,CC-IE-036
HRIS-WKR-004929,WKR-PUB-004929,IE,LE-IE-SYNTH-001,ACTIVE,EMPLOYEE,PERMANENT,2025-03-19,,M,Operations,Limerick,CC-IE-021
HRIS-WKR-004930,WKR-PUB-004930,IE,LE-IE-SYNTH-001,ACTIVE,EMPLOYEE,FIXED_TERM,2018-07-29,,M,Engineering,Cork,CC-IE-039
HRIS-WKR-004931,WKR-PUB-004931,IE,LE-IE-SYNTH-001,ACTIVE,EMPLOYEE,PERMANENT,2023-04-26,,M,Sales,Dublin,CC-IE-015
HRIS-WKR-004932,WKR-PUB-004932,IE,LE-IE-SYNTH-001,ACTIVE,EMPLOYEE,FIXED_TERM,2025-01-05,,M,Operations,Galway,CC-IE-032
HRIS-WKR-004933,WKR-PUB-004933,IE,LE-IE-SYNTH-001,ACTIVE,EMPLOYEE,FIXED_TERM,2022-08-24,,F,Engineering,Dublin,CC-IE-031
HRIS-WKR-004934,WKR-PUB-004934,IE,LE-IE-SYNTH-001,ACTIVE,CONTRACTOR,PERMANENT,2020-11-14,,UNDISCLOSED,Engineering,Dublin,CC-IE-022
HRIS-WKR-004935,WKR-PUB-004935,IE,LE-IE-SYNTH-001,ACTIVE,EMPLOYEE,PERMANENT,2014-07-27,,M,Operations,Cork,CC-IE-012
HRIS-WKR-004936,WKR-PUB-004936,IE,LE-IE-SYNTH-001,ACTIVE,EMPLOYEE,PERMANENT,2015-08-22,,F,Operations,Dublin,CC-IE-026
HRIS-WKR-004937,WKR-PUB-004937,IE,LE-IE-SYNTH-001,ACTIVE,EMPLOYEE,APPRENTICE,2022-01-14,,M,Sales,Limerick,CC-IE-029
HRIS-WKR-004938,WKR-PUB-004938,IE,LE-IE-SYNTH-001,ACTIVE,EMPLOYEE,PERMANENT,2014-11-17,,M,Finance,Limerick,CC-IE-017
HRIS-WKR-004939,WKR-PUB-004939,IE,LE-IE-SYNTH-001,ACTIVE,EMPLOYEE,PERMANENT,2021-09-14,,F,Sales,Galway,CC-IE-015
HRIS-WKR-004940,WKR-PUB-004940,IE,LE-IE-SYNTH-001,ACTIVE,EMPLOYEE,PERMANENT,2024-11-10,,F,Engineering,Dublin,CC-IE-020
HRIS-WKR-004941,WKR-PUB-004941,IE,LE-IE-SYNTH-001,ACTIVE,EMPLOYEE,PERMANENT,2016-01-19,,M,Technology,Dublin,CC-IE-035
HRIS-WKR-004942,WKR-PUB-004942,IE,LE-IE-SYNTH-001,ACTIVE,EMPLOYEE,PERMANENT,2015-03-31,,M,Engineering,Dublin,CC-IE-029
HRIS-WKR-004943,WKR-PUB-004943,IE,LE-IE-SYNTH-001,ACTIVE,EMPLOYEE,PERMANENT,2025-05-31,,M,Finance,Limerick,CC-IE-038
HRIS-WKR-004944,WKR-PUB-004944,IE,LE-IE-SYNTH-001,ACTIVE,EMPLOYEE,PERMANENT,2014-09-02,,F,Sales,Dublin,CC-IE-020
HRIS-WKR-004945,WKR-PUB-004945,IE,LE-IE-SYNTH-001,ACTIVE,CONTRACTOR,PERMANENT,2015-11-19,,F,Engineering,Limerick,CC-IE-014
HRIS-WKR-004946,WKR-PUB-004946,IE,LE-IE-SYNTH-001,ACTIVE,EMPLOYEE,PERMANENT,2021-12-24,,F,Engineering,Limerick,CC-IE-032
HRIS-WKR-004947,WKR-PUB-004947,IE,LE-IE-SYNTH-001,ACTIVE,EMPLOYEE,PERMANENT,2022-01-08,,M,Sales,Cork,CC-IE-022
HRIS-WKR-004948,WKR-PUB-004948,IE,LE-IE-SYNTH-001,ACTIVE,EMPLOYEE,PERMANENT,2023-11-17,,M,Sales,Dublin,CC-IE-003
HRIS-WKR-004949,WKR-PUB-004949,IE,LE-IE-SYNTH-001,ACTIVE,EMPLOYEE,PERMANENT,2020-07-08,,M,Engineering,Galway,CC-IE-032
HRIS-WKR-004950,WKR-PUB-004950,IE,LE-IE-SYNTH-001,ACTIVE,EMPLOYEE,FIXED_TERM,2025-06-27,,F,Engineering,Galway,CC-IE-030
HRIS-WKR-004951,WKR-PUB-004951,IE,LE-IE-SYNTH-001,ACTIVE,CONTRACTOR,PERMANENT,2024-06-24,,M,Operations,Remote-IE,CC-IE-020
HRIS-WKR-004952,WKR-PUB-004952,IE,LE-IE-SYNTH-001,ACTIVE,EMPLOYEE,PERMANENT,2014-06-25,,,Technology,Galway,CC-IE-034
HRIS-WKR-004953,WKR-PUB-004953,IE,LE-IE-SYNTH-001,ACTIVE,EMPLOYEE,PERMANENT,2018-12-01,,F,Engineering,Galway,CC-IE-003
HRIS-WKR-004954,WKR-PUB-004954,IE,LE-IE-SYNTH-001,ACTIVE,EMPLOYEE,PERMANENT,2023-06-16,,F,Engineering,Limerick,CC-IE-016
HRIS-WKR-004955,WKR-PUB-004955,IE,LE-IE-SYNTH-001,ACTIVE,EMPLOYEE,FIXED_TERM,2015-12-25,,F,Sales,Dublin,CC-IE-001
HRIS-WKR-004956,WKR-PUB-004956,IE,LE-IE-SYNTH-001,ACTIVE,EMPLOYEE,PERMANENT,2015-08-13,,F,Finance,Remote-IE,CC-IE-028
HRIS-WKR-004957,WKR-PUB-004957,IE,LE-IE-SYNTH-001,ACTIVE,EMPLOYEE,PERMANENT,2018-10-17,,M,Engineering,Galway,CC-IE-002
HRIS-WKR-004958,WKR-PUB-004958,IE,LE-IE-SYNTH-001,TERMINATED,EMPLOYEE,PERMANENT,2020-01-06,2026-11-10,UNDISCLOSED,Finance,Dublin,CC-IE-001
HRIS-WKR-004959,WKR-PUB-004959,IE,LE-IE-SYNTH-001,ACTIVE,EMPLOYEE,PERMANENT,2015-06-14,,M,Sales,Dublin,CC-IE-032
HRIS-WKR-004960,WKR-PUB-004960,IE,LE-IE-SYNTH-001,ACTIVE,EMPLOYEE,PERMANENT,2015-10-14,,F,Technology,Dublin,CC-IE-015
HRIS-WKR-004961,WKR-PUB-004961,IE,LE-IE-SYNTH-001,ACTIVE,EMPLOYEE,PERMANENT,2018-12-30,,F,Finance,Remote-IE,CC-IE-035
HRIS-WKR-004962,WKR-PUB-004962,IE,LE-IE-SYNTH-001,ACTIVE,EMPLOYEE,APPRENTICE,2021-03-19,,F,Sales,Dublin,CC-IE-014
HRIS-WKR-004963,WKR-PUB-004963,IE,LE-IE-SYNTH-001,ACTIVE,EMPLOYEE,PERMANENT,2019-11-12,,UNDISCLOSED,Engineering,Cork,CC-IE-035
HRIS-WKR-004964,WKR-PUB-004964,IE,LE-IE-SYNTH-001,ACTIVE,EMPLOYEE,PERMANENT,2014-11-02,,F,Operations,Dublin,CC-IE-032
HRIS-WKR-004965,WKR-PUB-004965,IE,LE-IE-SYNTH-001,ACTIVE,EMPLOYEE,FIXED_TERM,2025-04-07,,NB,Finance,Dublin,CC-IE-034
HRIS-WKR-004966,WKR-PUB-004966,IE,LE-IE-SYNTH-001,ACTIVE,EMPLOYEE,FIXED_TERM,2021-08-06,,UNDISCLOSED,Engineering,Dublin,CC-IE-029
HRIS-WKR-004967,WKR-PUB-004967,IE,LE-IE-SYNTH-001,ACTIVE,EMPLOYEE,PERMANENT,2025-10-22,,F,Sales,Limerick,CC-IE-029
HRIS-WKR-004968,WKR-PUB-004968,IE,LE-IE-SYNTH-001,ACTIVE,EMPLOYEE,PERMANENT,2024-11-07,,F,Sales,Dublin,CC-IE-027
HRIS-WKR-004969,WKR-PUB-004969,IE,LE-IE-SYNTH-001,ACTIVE,EMPLOYEE,PERMANENT,2017-05-11,,F,Technology,Cork,CC-IE-023
HRIS-WKR-004970,WKR-PUB-004970,IE,LE-IE-SYNTH-001,ACTIVE,EMPLOYEE,PERMANENT,2019-03-20,,F,Sales,Cork,CC-IE-029
HRIS-WKR-004971,WKR-PUB-004971,IE,LE-IE-SYNTH-001,ACTIVE,EMPLOYEE,PERMANENT,2025-02-12,,M,Operations,Limerick,CC-IE-037
HRIS-WKR-004972,WKR-PUB-004972,IE,LE-IE-SYNTH-001,ACTIVE,EMPLOYEE,FIXED_TERM,2023-11-05,,F,Operations,Dublin,CC-IE-036
HRIS-WKR-004973,WKR-PUB-004973,IE,LE-IE-SYNTH-001,ACTIVE,EMPLOYEE,PERMANENT,2018-10-25,,F,Finance,Remote-IE,CC-IE-007
HRIS-WKR-004974,WKR-PUB-004974,IE,LE-IE-SYNTH-001,ACTIVE,EMPLOYEE,PERMANENT,2019-11-04,,NB,Sales,Galway,CC-IE-020
HRIS-WKR-004975,WKR-PUB-004975,IE,LE-IE-SYNTH-001,ACTIVE,EMPLOYEE,PERMANENT,2017-06-11,,UNDISCLOSED,Sales,Cork,CC-IE-031
HRIS-WKR-004976,WKR-PUB-004976,IE,LE-IE-SYNTH-001,ACTIVE,EMPLOYEE,PERMANENT,2014-11-04,,F,Operations,Remote-IE,CC-IE-031
HRIS-WKR-004977,WKR-PUB-004977,IE,LE-IE-SYNTH-001,ACTIVE,EMPLOYEE,FIXED_TERM,2023-07-05,,M,Engineering,Cork,CC-IE-013
HRIS-WKR-004978,WKR-PUB-004978,IE,LE-IE-SYNTH-001,ACTIVE,EMPLOYEE,PERMANENT,2015-05-30,,M,Sales,Dublin,CC-IE-027
HRIS-WKR-004979,WKR-PUB-004979,IE,LE-IE-SYNTH-001,ACTIVE,EMPLOYEE,FIXED_TERM,2017-10-28,,,Engineering,Galway,CC-IE-036
HRIS-WKR-004980,WKR-PUB-004980,IE,LE-IE-SYNTH-001,ACTIVE,EMPLOYEE,PERMANENT,2014-04-23,,F,Operations,Dublin,CC-IE-038
HRIS-WKR-004981,WKR-PUB-004981,IE,LE-IE-SYNTH-001,ACTIVE,CONTRACTOR,PERMANENT,2019-06-26,,M,Engineering,Dublin,CC-IE-004
HRIS-WKR-004982,WKR-PUB-004982,IE,LE-IE-SYNTH-001,ACTIVE,CONTRACTOR,PERMANENT,2022-07-10,,F,Technology,Dublin,CC-IE-019
HRIS-WKR-004983,WKR-PUB-004983,IE,LE-IE-SYNTH-001,ACTIVE,EMPLOYEE,PERMANENT,2016-09-17,,M,Operations,Cork,CC-IE-014
HRIS-WKR-004984,WKR-PUB-004984,IE,LE-IE-SYNTH-001,ACTIVE,EMPLOYEE,PERMANENT,2016-03-27,,F,Engineering,Remote-IE,CC-IE-007
HRIS-WKR-004985,WKR-PUB-004985,IE,LE-IE-SYNTH-001,ACTIVE,EMPLOYEE,PERMANENT,2025-12-08,,F,Sales,Remote-IE,CC-IE-003
HRIS-WKR-004986,WKR-PUB-004986,IE,LE-IE-SYNTH-001,ACTIVE,EMPLOYEE,FIXED_TERM,2019-07-29,,M,People,Galway,CC-IE-033
HRIS-WKR-004987,WKR-PUB-004987,IE,LE-IE-SYNTH-001,ACTIVE,EMPLOYEE,PERMANENT,2014-07-21,,UNDISCLOSED,Finance,Dublin,CC-IE-036
HRIS-WKR-004988,WKR-PUB-004988,IE,LE-IE-SYNTH-001,ACTIVE,EMPLOYEE,PERMANENT,2014-04-24,,F,People,Dublin,CC-IE-020
HRIS-WKR-004989,WKR-PUB-004989,IE,LE-IE-SYNTH-001,ACTIVE,EMPLOYEE,FIXED_TERM,2021-12-29,,M,Operations,Dublin,CC-IE-002
HRIS-WKR-004990,WKR-PUB-004990,IE,LE-IE-SYNTH-001,ACTIVE,EMPLOYEE,FIXED_TERM,2017-05-30,,F,Engineering,Cork,CC-IE-020
HRIS-WKR-004991,WKR-PUB-004991,IE,LE-IE-SYNTH-001,ACTIVE,EMPLOYEE,FIXED_TERM,2015-08-16,,M,Engineering,Galway,CC-IE-040
HRIS-WKR-004992,WKR-PUB-004992,IE,LE-IE-SYNTH-001,TERMINATED,EMPLOYEE,PERMANENT,2025-09-08,2026-08-06,M,Technology,Cork,CC-IE-021
HRIS-WKR-004993,WKR-PUB-004993,IE,LE-IE-SYNTH-001,ACTIVE,EMPLOYEE,PERMANENT,2019-11-23,,M,Engineering,Dublin,CC-IE-034
HRIS-WKR-004994,WKR-PUB-004994,IE,LE-IE-SYNTH-001,ACTIVE,EMPLOYEE,PERMANENT,2016-11-27,,F,Finance,Dublin,CC-IE-003
HRIS-WKR-004995,WKR-PUB-004995,IE,LE-IE-SYNTH-001,ACTIVE,CONTRACTOR,PERMANENT,2022-04-09,,M,Operations,Dublin,CC-IE-019
HRIS-WKR-004996,WKR-PUB-004996,IE,LE-IE-SYNTH-001,ACTIVE,EMPLOYEE,FIXED_TERM,2016-12-06,,F,Engineering,Remote-IE,CC-IE-038
HRIS-WKR-004997,WKR-PUB-004997,IE,LE-IE-SYNTH-001,ACTIVE,EMPLOYEE,PERMANENT,2014-04-01,,F,Engineering,Dublin,CC-IE-012
HRIS-WKR-004998,WKR-PUB-004998,IE,LE-IE-SYNTH-001,ACTIVE,EMPLOYEE,PERMANENT,2016-04-12,,M,Operations,Remote-IE,CC-IE-007
HRIS-WKR-004999,WKR-PUB-004999,IE,LE-IE-SYNTH-001,ACTIVE,EMPLOYEE,FIXED_TERM,2022-07-14,,M,Sales,Cork,CC-IE-005
HRIS-WKR-005000,WKR-PUB-005000,IE,LE-IE-SYNTH-001,ACTIVE,EMPLOYEE,APPRENTICE,2019-06-21,,M,Technology,Dublin,CC-IE-016
HRIS-WKR-005001,WKR-PUB-005001,IE,LE-IE-SYNTH-001,ACTIVE,EMPLOYEE,PERMANENT,2014-01-31,,M,Technology,Dublin,CC-IE-016
HRIS-WKR-005002,WKR-PUB-005002,IE,LE-IE-SYNTH-001,ACTIVE,EMPLOYEE,FIXED_TERM,2024-01-25,,NB,Engineering,Remote-IE,CC-IE-016
HRIS-WKR-005003,WKR-PUB-005003,IE,LE-IE-SYNTH-001,ACTIVE,EMPLOYEE,APPRENTICE,2021-05-29,,M,Sales,Dublin,CC-IE-001
HRIS-WKR-005004,WKR-PUB-005004,IE,LE-IE-SYNTH-001,ACTIVE,EMPLOYEE,FIXED_TERM,2025-02-16,,M,Operations,Limerick,CC-IE-040
HRIS-WKR-005005,WKR-PUB-005005,IE,LE-IE-SYNTH-001,ACTIVE,EMPLOYEE,APPRENTICE,2016-09-24,,F,Operations,Dublin,CC-IE-036
HRIS-WKR-005006,WKR-PUB-005006,IE,LE-IE-SYNTH-001,ACTIVE,EMPLOYEE,PERMANENT,2019-11-02,,M,Engineering,Dublin,CC-IE-012
HRIS-WKR-005007,WKR-PUB-005007,IE,LE-IE-SYNTH-001,ACTIVE,EMPLOYEE,PERMANENT,2019-05-06,,M,People,Remote-IE,CC-IE-011
HRIS-WKR-005008,WKR-PUB-005008,IE,LE-IE-SYNTH-001,ACTIVE,EMPLOYEE,PERMANENT,2017-05-06,,M,People,Dublin,CC-IE-010
HRIS-WKR-005009,WKR-PUB-005009,IE,LE-IE-SYNTH-001,ACTIVE,EMPLOYEE,PERMANENT,2024-01-07,,F,Technology,Dublin,CC-IE-036
HRIS-WKR-005010,WKR-PUB-005010,IE,LE-IE-SYNTH-001,ACTIVE,EMPLOYEE,PERMANENT,2018-12-06,,F,Engineering,Dublin,CC-IE-023
HRIS-WKR-005011,WKR-PUB-005011,IE,LE-IE-SYNTH-001,ACTIVE,EMPLOYEE,PERMANENT,2022-04-11,,M,Technology,Dublin,CC-IE-029
HRIS-WKR-005012,WKR-PUB-005012,IE,LE-IE-SYNTH-001,ACTIVE,EMPLOYEE,PERMANENT,2023-01-01,,M,Sales,Dublin,CC-IE-026
HRIS-WKR-005013,WKR-PUB-005013,IE,LE-IE-SYNTH-001,ACTIVE,CONTRACTOR,PERMANENT,2025-08-17,,M,Finance,Dublin,CC-IE-003
HRIS-WKR-005014,WKR-PUB-005014,IE,LE-IE-SYNTH-001,ACTIVE,EMPLOYEE,PERMANENT,2018-12-16,,F,Technology,Dublin,CC-IE-008
HRIS-WKR-005015,WKR-PUB-005015,IE,LE-IE-SYNTH-001,ACTIVE,EMPLOYEE,PERMANENT,2021-07-25,,M,Finance,Galway,CC-IE-012
HRIS-WKR-005016,WKR-PUB-005016,IE,LE-IE-SYNTH-001,ACTIVE,EMPLOYEE,PERMANENT,2025-06-21,,M,Operations,Galway,CC-IE-021
HRIS-WKR-005017,WKR-PUB-005017,IE,LE-IE-SYNTH-001,ACTIVE,EMPLOYEE,PERMANENT,2017-10-13,,NB,Finance,Cork,CC-IE-014
HRIS-WKR-005018,WKR-PUB-005018,IE,LE-IE-SYNTH-001,ACTIVE,EMPLOYEE,PERMANENT,2020-06-13,,F,Operations,Cork,CC-IE-030
HRIS-WKR-005019,WKR-PUB-005019,IE,LE-IE-SYNTH-001,ACTIVE,EMPLOYEE,APPRENTICE,2021-05-20,,,Engineering,Galway,CC-IE-023
HRIS-WKR-005020,WKR-PUB-005020,IE,LE-IE-SYNTH-001,TERMINATED,CONTRACTOR,PERMANENT,2019-08-04,2026-12-24,F,Technology,Galway,CC-IE-013
HRIS-WKR-005021,WKR-PUB-005021,IE,LE-IE-SYNTH-001,ACTIVE,EMPLOYEE,APPRENTICE,2026-01-09,,M,Engineering,Dublin,CC-IE-024
HRIS-WKR-005022,WKR-PUB-005022,IE,LE-IE-SYNTH-001,ACTIVE,EMPLOYEE,PERMANENT,2014-12-21,,M,Sales,Remote-IE,CC-IE-036
HRIS-WKR-005023,WKR-PUB-005023,IE,LE-IE-SYNTH-001,ACTIVE,EMPLOYEE,PERMANENT,2020-06-12,,F,Engineering,Cork,CC-IE-027
HRIS-WKR-005024,WKR-PUB-005024,IE,LE-IE-SYNTH-001,ACTIVE,EMPLOYEE,PERMANENT,2022-04-09,,F,Technology,Dublin,CC-IE-009
HRIS-WKR-005025,WKR-PUB-005025,IE,LE-IE-SYNTH-001,ACTIVE,EMPLOYEE,PERMANENT,2021-07-24,,M,People,Limerick,CC-IE-014
HRIS-WKR-005026,WKR-PUB-005026,IE,LE-IE-SYNTH-001,ACTIVE,EMPLOYEE,PERMANENT,2016-07-16,,F,Engineering,Dublin,CC-IE-005
HRIS-WKR-005027,WKR-PUB-005027,IE,LE-IE-SYNTH-001,ACTIVE,EMPLOYEE,FIXED_TERM,2021-01-24,,M,Operations,Galway,CC-IE-033
HRIS-WKR-005028,WKR-PUB-005028,IE,LE-IE-SYNTH-001,ACTIVE,EMPLOYEE,FIXED_TERM,2024-11-22,,F,Finance,Dublin,CC-IE-034
HRIS-WKR-005029,WKR-PUB-005029,IE,LE-IE-SYNTH-001,ACTIVE,EMPLOYEE,PERMANENT,2022-02-23,,M,Operations,Dublin,CC-IE-012
HRIS-WKR-005030,WKR-PUB-005030,IE,LE-IE-SYNTH-001,ACTIVE,EMPLOYEE,PERMANENT,2025-07-15,,M,Sales,Galway,CC-IE-019
HRIS-WKR-005031,WKR-PUB-005031,IE,LE-IE-SYNTH-001,ACTIVE,EMPLOYEE,PERMANENT,2023-12-21,,,Sales,Dublin,CC-IE-004
HRIS-WKR-005032,WKR-PUB-005032,IE,LE-IE-SYNTH-001,ACTIVE,EMPLOYEE,PERMANENT,2022-07-25,,F,Technology,Limerick,CC-IE-003
HRIS-WKR-005033,WKR-PUB-005033,IE,LE-IE-SYNTH-001,ACTIVE,EMPLOYEE,PERMANENT,2024-01-11,,F,People,Dublin,CC-IE-019
HRIS-WKR-005034,WKR-PUB-005034,IE,LE-IE-SYNTH-001,ACTIVE,EMPLOYEE,FIXED_TERM,2025-03-21,,M,Sales,Limerick,CC-IE-019
HRIS-WKR-005035,WKR-PUB-005035,IE,LE-IE-SYNTH-001,ACTIVE,EMPLOYEE,PERMANENT,2016-11-25,,M,Engineering,Dublin,CC-IE-024
HRIS-WKR-005036,WKR-PUB-005036,IE,LE-IE-SYNTH-001,ACTIVE,EMPLOYEE,PERMANENT,2014-04-13,,M,Operations,Dublin,CC-IE-007
HRIS-WKR-005037,WKR-PUB-005037,IE,LE-IE-SYNTH-001,ACTIVE,EMPLOYEE,FIXED_TERM,2019-06-25,,F,Sales,Dublin,CC-IE-037
HRIS-WKR-005038,WKR-PUB-005038,IE,LE-IE-SYNTH-001,ACTIVE,EMPLOYEE,PERMANENT,2020-10-26,,M,Operations,Dublin,CC-IE-007
HRIS-WKR-005039,WKR-PUB-005039,IE,LE-IE-SYNTH-001,ACTIVE,EMPLOYEE,PERMANENT,2021-02-27,,M,Engineering,Dublin,CC-IE-005
HRIS-WKR-005040,WKR-PUB-005040,IE,LE-IE-SYNTH-001,ACTIVE,EMPLOYEE,PERMANENT,2018-08-05,,M,Operations,Dublin,CC-IE-007
HRIS-WKR-005041,WKR-PUB-005041,IE,LE-IE-SYNTH-001,ACTIVE,EMPLOYEE,PERMANENT,2024-11-22,,F,Engineering,Cork,CC-IE-032
HRIS-WKR-005042,WKR-PUB-005042,IE,LE-IE-SYNTH-001,ACTIVE,EMPLOYEE,FIXED_TERM,2018-07-17,,M,People,Dublin,CC-IE-005
HRIS-WKR-005043,WKR-PUB-005043,IE,LE-IE-SYNTH-001,ACTIVE,EMPLOYEE,PERMANENT,2020-03-12,,F,Technology,Galway,CC-IE-033
HRIS-WKR-005044,WKR-PUB-005044,IE,LE-IE-SYNTH-001,ACTIVE,EMPLOYEE,PERMANENT,2023-08-02,,F,Engineering,Dublin,CC-IE-027
HRIS-WKR-005045,WKR-PUB-005045,IE,LE-IE-SYNTH-001,TERMINATED,EMPLOYEE,PERMANENT,2015-02-06,2026-10-10,M,Technology,Dublin,CC-IE-025
HRIS-WKR-005046,WKR-PUB-005046,IE,LE-IE-SYNTH-001,ACTIVE,EMPLOYEE,PERMANENT,2021-11-27,,M,Engineering,Cork,CC-IE-001
HRIS-WKR-005047,WKR-PUB-005047,IE,LE-IE-SYNTH-001,ACTIVE,EMPLOYEE,PERMANENT,2019-08-10,,F,Finance,Dublin,CC-IE-027
HRIS-WKR-005048,WKR-PUB-005048,IE,LE-IE-SYNTH-001,ACTIVE,EMPLOYEE,PERMANENT,2024-05-19,,M,Engineering,Dublin,CC-IE-014
HRIS-WKR-005049,WKR-PUB-005049,IE,LE-IE-SYNTH-001,ACTIVE,EMPLOYEE,PERMANENT,2020-11-13,,M,Operations,Galway,CC-IE-039
HRIS-WKR-005050,WKR-PUB-005050,IE,LE-IE-SYNTH-001,ACTIVE,CONTRACTOR,FIXED_TERM,2023-03-30,,F,Sales,Limerick,CC-IE-006
HRIS-WKR-005051,WKR-PUB-005051,IE,LE-IE-SYNTH-001,ACTIVE,EMPLOYEE,PERMANENT,2025-10-09,,UNDISCLOSED,Finance,Dublin,CC-IE-009
HRIS-WKR-005052,WKR-PUB-005052,IE,LE-IE-SYNTH-001,ACTIVE,EMPLOYEE,PERMANENT,2022-03-01,,F,Finance,Dublin,CC-IE-003
HRIS-WKR-005053,WKR-PUB-005053,IE,LE-IE-SYNTH-001,ACTIVE,EMPLOYEE,PERMANENT,2020-05-08,,F,Sales,Remote-IE,CC-IE-039
HRIS-WKR-005054,WKR-PUB-005054,IE,LE-IE-SYNTH-001,ACTIVE,EMPLOYEE,PERMANENT,2016-04-13,,F,Engineering,Remote-IE,CC-IE-028
HRIS-WKR-005055,WKR-PUB-005055,IE,LE-IE-SYNTH-001,ACTIVE,EMPLOYEE,PERMANENT,2023-03-18,,F,Technology,Limerick,CC-IE-001
HRIS-WKR-005056,WKR-PUB-005056,IE,LE-IE-SYNTH-001,ACTIVE,EMPLOYEE,FIXED_TERM,2021-03-16,,,Operations,Dublin,CC-IE-020
HRIS-WKR-005057,WKR-PUB-005057,IE,LE-IE-SYNTH-001,ACTIVE,EMPLOYEE,PERMANENT,2018-10-11,,F,Sales,Remote-IE,CC-IE-021
HRIS-WKR-005058,WKR-PUB-005058,IE,LE-IE-SYNTH-001,ACTIVE,EMPLOYEE,PERMANENT,2017-01-10,,M,Sales,Dublin,CC-IE-040
HRIS-WKR-005059,WKR-PUB-005059,IE,LE-IE-SYNTH-001,ACTIVE,EMPLOYEE,PERMANENT,2021-10-23,,M,Engineering,Dublin,CC-IE-024
HRIS-WKR-005060,WKR-PUB-005060,IE,LE-IE-SYNTH-001,ACTIVE,EMPLOYEE,FIXED_TERM,2018-10-26,,M,Finance,Dublin,CC-IE-007
HRIS-WKR-005061,WKR-PUB-005061,IE,LE-IE-SYNTH-001,ACTIVE,EMPLOYEE,APPRENTICE,2014-09-15,,F,Finance,Remote-IE,CC-IE-003
HRIS-WKR-005062,WKR-PUB-005062,IE,LE-IE-SYNTH-001,ACTIVE,EMPLOYEE,APPRENTICE,2016-02-25,,F,Engineering,Dublin,CC-IE-034
HRIS-WKR-005063,WKR-PUB-005063,IE,LE-IE-SYNTH-001,ACTIVE,EMPLOYEE,PERMANENT,2018-05-20,,M,Finance,Dublin,CC-IE-034
HRIS-WKR-005064,WKR-PUB-005064,IE,LE-IE-SYNTH-001,ACTIVE,EMPLOYEE,PERMANENT,2022-04-18,,M,Engineering,Remote-IE,CC-IE-017
HRIS-WKR-005065,WKR-PUB-005065,IE,LE-IE-SYNTH-001,ACTIVE,EMPLOYEE,PERMANENT,2018-05-06,,M,Operations,Dublin,CC-IE-037
HRIS-WKR-005066,WKR-PUB-005066,IE,LE-IE-SYNTH-001,TERMINATED,CONTRACTOR,PERMANENT,2020-08-08,2026-12-30,F,Sales,Dublin,CC-IE-006
HRIS-WKR-005067,WKR-PUB-005067,IE,LE-IE-SYNTH-001,ACTIVE,EMPLOYEE,PERMANENT,2023-09-07,,F,Finance,Dublin,CC-IE-009
HRIS-WKR-005068,WKR-PUB-005068,IE,LE-IE-SYNTH-001,ACTIVE,EMPLOYEE,PERMANENT,2016-11-03,,M,Operations,Dublin,CC-IE-005
HRIS-WKR-005069,WKR-PUB-005069,IE,LE-IE-SYNTH-001,ACTIVE,EMPLOYEE,PERMANENT,2019-04-04,,M,Operations,Dublin,CC-IE-028
HRIS-WKR-005070,WKR-PUB-005070,IE,LE-IE-SYNTH-001,ACTIVE,EMPLOYEE,FIXED_TERM,2023-08-07,,F,Engineering,Dublin,CC-IE-005
HRIS-WKR-005071,WKR-PUB-005071,IE,LE-IE-SYNTH-001,ACTIVE,EMPLOYEE,PERMANENT,2020-12-30,,M,Sales,Dublin,CC-IE-037
HRIS-WKR-005072,WKR-PUB-005072,IE,LE-IE-SYNTH-001,ACTIVE,CONTRACTOR,PERMANENT,2018-06-09,,F,People,Cork,CC-IE-009
HRIS-WKR-005073,WKR-PUB-005073,IE,LE-IE-SYNTH-001,ACTIVE,EMPLOYEE,PERMANENT,2018-03-29,,,Operations,Cork,CC-IE-013
HRIS-WKR-005074,WKR-PUB-005074,IE,LE-IE-SYNTH-001,ACTIVE,EMPLOYEE,PERMANENT,2016-04-17,,M,Engineering,Remote-IE,CC-IE-006
HRIS-WKR-005075,WKR-PUB-005075,IE,LE-IE-SYNTH-001,ACTIVE,EMPLOYEE,FIXED_TERM,2014-10-03,,M,Finance,Limerick,CC-IE-005
HRIS-WKR-005076,WKR-PUB-005076,IE,LE-IE-SYNTH-001,ACTIVE,EMPLOYEE,PERMANENT,2018-04-24,,F,People,Dublin,CC-IE-019
HRIS-WKR-005077,WKR-PUB-005077,IE,LE-IE-SYNTH-001,ACTIVE,EMPLOYEE,PERMANENT,2016-06-01,,F,Sales,Dublin,CC-IE-015
HRIS-WKR-005078,WKR-PUB-005078,IE,LE-IE-SYNTH-001,ACTIVE,EMPLOYEE,FIXED_TERM,2024-03-02,,F,Engineering,Remote-IE,CC-IE-032
HRIS-WKR-005079,WKR-PUB-005079,IE,LE-IE-SYNTH-001,ACTIVE,EMPLOYEE,PERMANENT,2014-05-14,,M,Sales,Remote-IE,CC-IE-025
HRIS-WKR-005080,WKR-PUB-005080,IE,LE-IE-SYNTH-001,ACTIVE,EMPLOYEE,PERMANENT,2024-11-10,,M,Operations,Dublin,CC-IE-024
HRIS-WKR-005081,WKR-PUB-005081,IE,LE-IE-SYNTH-001,ACTIVE,EMPLOYEE,PERMANENT,2016-10-19,,M,Sales,Dublin,CC-IE-037
HRIS-WKR-005082,WKR-PUB-005082,IE,LE-IE-SYNTH-001,ACTIVE,EMPLOYEE,PERMANENT,2022-11-03,,F,Sales,Remote-IE,CC-IE-024
HRIS-WKR-005083,WKR-PUB-005083,IE,LE-IE-SYNTH-001,ACTIVE,EMPLOYEE,PERMANENT,2019-05-01,,F,Sales,Dublin,CC-IE-022
HRIS-WKR-005084,WKR-PUB-005084,IE,LE-IE-SYNTH-001,ACTIVE,EMPLOYEE,PERMANENT,2024-07-31,,F,Engineering,Dublin,CC-IE-032
HRIS-WKR-005085,WKR-PUB-005085,IE,LE-IE-SYNTH-001,ACTIVE,EMPLOYEE,PERMANENT,2022-01-23,,F,Engineering,Remote-IE,CC-IE-006
HRIS-WKR-005086,WKR-PUB-005086,IE,LE-IE-SYNTH-001,ACTIVE,EMPLOYEE,PERMANENT,2016-06-26,,UNDISCLOSED,Engineering,Dublin,CC-IE-030
HRIS-WKR-005087,WKR-PUB-005087,IE,LE-IE-SYNTH-001,ACTIVE,EMPLOYEE,PERMANENT,2014-06-28,,M,Operations,Dublin,CC-IE-013
HRIS-WKR-005088,WKR-PUB-005088,IE,LE-IE-SYNTH-001,ACTIVE,EMPLOYEE,PERMANENT,2021-10-14,,F,Engineering,Cork,CC-IE-013
HRIS-WKR-005089,WKR-PUB-005089,IE,LE-IE-SYNTH-001,ACTIVE,EMPLOYEE,PERMANENT,2016-06-16,,F,Finance,Dublin,CC-IE-014
HRIS-WKR-005090,WKR-PUB-005090,IE,LE-IE-SYNTH-001,ACTIVE,EMPLOYEE,PERMANENT,2022-03-28,,F,Sales,Remote-IE,CC-IE-021
HRIS-WKR-005091,WKR-PUB-005091,IE,LE-IE-SYNTH-001,ACTIVE,EMPLOYEE,PERMANENT,2017-01-02,,M,Finance,Dublin,CC-IE-001
HRIS-WKR-005092,WKR-PUB-005092,IE,LE-IE-SYNTH-001,ACTIVE,CONTRACTOR,FIXED_TERM,2020-12-12,,M,Technology,Cork,CC-IE-021
HRIS-WKR-005093,WKR-PUB-005093,IE,LE-IE-SYNTH-001,ACTIVE,EMPLOYEE,PERMANENT,2024-05-13,,M,Sales,Cork,CC-IE-034
HRIS-WKR-005094,WKR-PUB-005094,IE,LE-IE-SYNTH-001,ACTIVE,EMPLOYEE,PERMANENT,2016-12-11,,F,Engineering,Dublin,CC-IE-036
HRIS-WKR-005095,WKR-PUB-005095,IE,LE-IE-SYNTH-001,ACTIVE,EMPLOYEE,PERMANENT,2022-07-18,,M,Finance,Dublin,CC-IE-010
HRIS-WKR-005096,WKR-PUB-005096,IE,LE-IE-SYNTH-001,ACTIVE,EMPLOYEE,FIXED_TERM,2021-04-03,,M,Engineering,Limerick,CC-IE-003
HRIS-WKR-005097,WKR-PUB-005097,IE,LE-IE-SYNTH-001,ACTIVE,EMPLOYEE,PERMANENT,2015-03-03,,F,Operations,Dublin,CC-IE-019
HRIS-WKR-005098,WKR-PUB-005098,IE,LE-IE-SYNTH-001,ACTIVE,EMPLOYEE,PERMANENT,2022-06-14,,F,Operations,Dublin,CC-IE-021
HRIS-WKR-005099,WKR-PUB-005099,IE,LE-IE-SYNTH-001,ACTIVE,CONTRACTOR,PERMANENT,2015-08-07,,M,Operations,Dublin,CC-IE-007
HRIS-WKR-005100,WKR-PUB-005100,IE,LE-IE-SYNTH-001,ACTIVE,EMPLOYEE,PERMANENT,2024-10-04,,M,Engineering,Dublin,CC-IE-027
HRIS-WKR-005101,WKR-PUB-005101,IE,LE-IE-SYNTH-001,ACTIVE,EMPLOYEE,PERMANENT,2024-07-26,,M,Technology,Dublin,CC-IE-031
HRIS-WKR-005102,WKR-PUB-005102,IE,LE-IE-SYNTH-001,ACTIVE,EMPLOYEE,PERMANENT,2024-05-05,,F,Operations,Dublin,CC-IE-037
HRIS-WKR-005103,WKR-PUB-005103,IE,LE-IE-SYNTH-001,ACTIVE,EMPLOYEE,FIXED_TERM,2020-10-22,,M,Sales,Limerick,CC-IE-032
HRIS-WKR-005104,WKR-PUB-005104,IE,LE-IE-SYNTH-001,ACTIVE,EMPLOYEE,PERMANENT,2014-02-02,,M,Engineering,Galway,CC-IE-024
HRIS-WKR-005105,WKR-PUB-005105,IE,LE-IE-SYNTH-001,ACTIVE,EMPLOYEE,PERMANENT,2019-12-25,,F,People,Limerick,CC-IE-008
HRIS-WKR-005106,WKR-PUB-005106,IE,LE-IE-SYNTH-001,ACTIVE,EMPLOYEE,PERMANENT,2024-03-11,,M,Operations,Dublin,CC-IE-029
HRIS-WKR-005107,WKR-PUB-005107,IE,LE-IE-SYNTH-001,ACTIVE,EMPLOYEE,PERMANENT,2017-06-03,,F,Engineering,Dublin,CC-IE-031
HRIS-WKR-005108,WKR-PUB-005108,IE,LE-IE-SYNTH-001,ACTIVE,CONTRACTOR,PERMANENT,2024-01-17,,M,Sales,Dublin,CC-IE-027
HRIS-WKR-005109,WKR-PUB-005109,IE,LE-IE-SYNTH-001,ACTIVE,EMPLOYEE,PERMANENT,2025-04-28,,F,Finance,Dublin,CC-IE-016
HRIS-WKR-005110,WKR-PUB-005110,IE,LE-IE-SYNTH-001,ACTIVE,EMPLOYEE,PERMANENT,2019-09-30,,M,Sales,Cork,CC-IE-025
HRIS-WKR-005111,WKR-PUB-005111,IE,LE-IE-SYNTH-001,ACTIVE,EMPLOYEE,PERMANENT,2019-11-25,,M,Sales,Dublin,CC-IE-004
HRIS-WKR-005112,WKR-PUB-005112,IE,LE-IE-SYNTH-001,ACTIVE,EMPLOYEE,PERMANENT,2024-12-30,,M,Technology,Dublin,CC-IE-037
HRIS-WKR-005113,WKR-PUB-005113,IE,LE-IE-SYNTH-001,ACTIVE,EMPLOYEE,PERMANENT,2023-08-06,,M,Finance,Cork,CC-IE-010
HRIS-WKR-005114,WKR-PUB-005114,IE,LE-IE-SYNTH-001,ACTIVE,EMPLOYEE,FIXED_TERM,2020-12-03,,M,Finance,Dublin,CC-IE-025
HRIS-WKR-005115,WKR-PUB-005115,IE,LE-IE-SYNTH-001,ACTIVE,EMPLOYEE,PERMANENT,2025-01-26,,M,Engineering,Remote-IE,CC-IE-039
HRIS-WKR-005116,WKR-PUB-005116,IE,LE-IE-SYNTH-001,ACTIVE,EMPLOYEE,PERMANENT,2021-07-01,,F,People,Dublin,CC-IE-003
HRIS-WKR-005117,WKR-PUB-005117,IE,LE-IE-SYNTH-001,ACTIVE,EMPLOYEE,PERMANENT,2022-08-27,,M,Operations,Dublin,CC-IE-031
HRIS-WKR-005118,WKR-PUB-005118,IE,LE-IE-SYNTH-001,ACTIVE,EMPLOYEE,PERMANENT,2019-09-20,,M,Technology,Limerick,CC-IE-021
HRIS-WKR-005119,WKR-PUB-005119,IE,LE-IE-SYNTH-001,ACTIVE,EMPLOYEE,FIXED_TERM,2023-01-13,,M,Sales,Dublin,CC-IE-010
HRIS-WKR-005120,WKR-PUB-005120,IE,LE-IE-SYNTH-001,ACTIVE,EMPLOYEE,PERMANENT,2022-10-01,,F,Finance,Dublin,CC-IE-007
HRIS-WKR-005121,WKR-PUB-005121,IE,LE-IE-SYNTH-001,ACTIVE,EMPLOYEE,PERMANENT,2015-05-12,,M,People,Dublin,CC-IE-037
HRIS-WKR-005122,WKR-PUB-005122,IE,LE-IE-SYNTH-001,ACTIVE,EMPLOYEE,PERMANENT,2025-07-24,,M,People,Galway,CC-IE-022
HRIS-WKR-005123,WKR-PUB-005123,IE,LE-IE-SYNTH-001,ACTIVE,EMPLOYEE,PERMANENT,2020-12-12,,M,Finance,Galway,CC-IE-028
HRIS-WKR-005124,WKR-PUB-005124,IE,LE-IE-SYNTH-001,ACTIVE,EMPLOYEE,PERMANENT,2014-06-04,,F,Finance,Dublin,CC-IE-028
HRIS-WKR-005125,WKR-PUB-005125,IE,LE-IE-SYNTH-001,ACTIVE,EMPLOYEE,PERMANENT,2019-04-29,,F,Operations,Dublin,CC-IE-026
HRIS-WKR-005126,WKR-PUB-005126,IE,LE-IE-SYNTH-001,ACTIVE,EMPLOYEE,PERMANENT,2015-08-07,,F,Operations,Cork,CC-IE-022
HRIS-WKR-005127,WKR-PUB-005127,IE,LE-IE-SYNTH-001,ACTIVE,EMPLOYEE,APPRENTICE,2019-03-15,,F,Finance,Dublin,CC-IE-027
HRIS-WKR-005128,WKR-PUB-005128,IE,LE-IE-SYNTH-001,ACTIVE,CONTRACTOR,PERMANENT,2019-03-26,,F,Operations,Galway,CC-IE-039
HRIS-WKR-005129,WKR-PUB-005129,IE,LE-IE-SYNTH-001,ACTIVE,EMPLOYEE,PERMANENT,2014-09-25,,M,Sales,Limerick,CC-IE-028
HRIS-WKR-005130,WKR-PUB-005130,IE,LE-IE-SYNTH-001,ACTIVE,EMPLOYEE,PERMANENT,2021-11-20,,F,Sales,Dublin,CC-IE-039
HRIS-WKR-005131,WKR-PUB-005131,IE,LE-IE-SYNTH-001,ACTIVE,EMPLOYEE,PERMANENT,2022-08-11,,F,Engineering,Cork,CC-IE-003
HRIS-WKR-005132,WKR-PUB-005132,IE,LE-IE-SYNTH-001,ACTIVE,EMPLOYEE,PERMANENT,2014-07-15,,M,Technology,Dublin,CC-IE-012
HRIS-WKR-005133,WKR-PUB-005133,IE,LE-IE-SYNTH-001,ACTIVE,EMPLOYEE,PERMANENT,2017-01-16,,M,Finance,Dublin,CC-IE-025
HRIS-WKR-005134,WKR-PUB-005134,IE,LE-IE-SYNTH-001,ACTIVE,EMPLOYEE,PERMANENT,2015-09-03,,M,People,Cork,CC-IE-039
HRIS-WKR-005135,WKR-PUB-005135,IE,LE-IE-SYNTH-001,ACTIVE,EMPLOYEE,PERMANENT,2014-01-09,,F,Sales,Limerick,CC-IE-014
HRIS-WKR-005136,WKR-PUB-005136,IE,LE-IE-SYNTH-001,ACTIVE,EMPLOYEE,PERMANENT,2022-10-07,,M,Engineering,Cork,CC-IE-002
HRIS-WKR-005137,WKR-PUB-005137,IE,LE-IE-SYNTH-001,ACTIVE,EMPLOYEE,PERMANENT,2019-06-05,,M,Engineering,Galway,CC-IE-002
HRIS-WKR-005138,WKR-PUB-005138,IE,LE-IE-SYNTH-001,ACTIVE,EMPLOYEE,FIXED_TERM,2019-05-06,,F,Operations,Dublin,CC-IE-022
HRIS-WKR-005139,WKR-PUB-005139,IE,LE-IE-SYNTH-001,ACTIVE,CONTRACTOR,PERMANENT,2025-02-02,,F,Sales,Dublin,CC-IE-026
HRIS-WKR-005140,WKR-PUB-005140,IE,LE-IE-SYNTH-001,TERMINATED,EMPLOYEE,PERMANENT,2023-11-28,2026-07-22,UNDISCLOSED,Sales,Dublin,CC-IE-009
HRIS-WKR-005141,WKR-PUB-005141,IE,LE-IE-SYNTH-001,ACTIVE,EMPLOYEE,FIXED_TERM,2014-06-18,,M,Operations,Dublin,CC-IE-026
HRIS-WKR-005142,WKR-PUB-005142,IE,LE-IE-SYNTH-001,ACTIVE,EMPLOYEE,FIXED_TERM,2024-03-02,,F,Sales,Remote-IE,CC-IE-016
HRIS-WKR-005143,WKR-PUB-005143,IE,LE-IE-SYNTH-001,ACTIVE,EMPLOYEE,PERMANENT,2025-06-05,,M,Engineering,Remote-IE,CC-IE-035
HRIS-WKR-005144,WKR-PUB-005144,IE,LE-IE-SYNTH-001,ACTIVE,EMPLOYEE,PERMANENT,2020-10-16,,F,Engineering,Limerick,CC-IE-023
HRIS-WKR-005145,WKR-PUB-005145,IE,LE-IE-SYNTH-001,ACTIVE,EMPLOYEE,PERMANENT,2025-12-09,,M,Sales,Dublin,CC-IE-028
HRIS-WKR-005146,WKR-PUB-005146,IE,LE-IE-SYNTH-001,ACTIVE,EMPLOYEE,PERMANENT,2017-08-22,,M,Operations,Galway,CC-IE-025
HRIS-WKR-005147,WKR-PUB-005147,IE,LE-IE-SYNTH-001,ACTIVE,EMPLOYEE,PERMANENT,2025-10-20,,M,Engineering,Cork,CC-IE-013
HRIS-WKR-005148,WKR-PUB-005148,IE,LE-IE-SYNTH-001,ACTIVE,EMPLOYEE,PERMANENT,2024-05-16,,,Technology,Dublin,CC-IE-016
HRIS-WKR-005149,WKR-PUB-005149,IE,LE-IE-SYNTH-001,ACTIVE,EMPLOYEE,PERMANENT,2025-08-31,,F,People,Remote-IE,CC-IE-013
HRIS-WKR-005150,WKR-PUB-005150,IE,LE-IE-SYNTH-001,ACTIVE,EMPLOYEE,FIXED_TERM,2019-04-08,,F,Engineering,Dublin,CC-IE-003
HRIS-WKR-005151,WKR-PUB-005151,IE,LE-IE-SYNTH-001,ACTIVE,EMPLOYEE,PERMANENT,2025-06-08,,F,Finance,Cork,CC-IE-007
HRIS-WKR-005152,WKR-PUB-005152,IE,LE-IE-SYNTH-001,ACTIVE,EMPLOYEE,FIXED_TERM,2026-01-04,,F,Sales,Dublin,CC-IE-013
HRIS-WKR-005153,WKR-PUB-005153,IE,LE-IE-SYNTH-001,ACTIVE,EMPLOYEE,PERMANENT,2016-01-21,,F,Operations,Dublin,CC-IE-009
HRIS-WKR-005154,WKR-PUB-005154,IE,LE-IE-SYNTH-001,ACTIVE,EMPLOYEE,PERMANENT,2019-01-26,,F,Engineering,Dublin,CC-IE-035
HRIS-WKR-005155,WKR-PUB-005155,IE,LE-IE-SYNTH-001,ACTIVE,CONTRACTOR,PERMANENT,2016-07-28,,M,Sales,Remote-IE,CC-IE-007
HRIS-WKR-005156,WKR-PUB-005156,IE,LE-IE-SYNTH-001,ACTIVE,EMPLOYEE,PERMANENT,2022-08-11,,F,Operations,Remote-IE,CC-IE-031
HRIS-WKR-005157,WKR-PUB-005157,IE,LE-IE-SYNTH-001,ACTIVE,EMPLOYEE,PERMANENT,2025-09-02,,F,Operations,Limerick,CC-IE-008
HRIS-WKR-005158,WKR-PUB-005158,IE,LE-IE-SYNTH-001,ACTIVE,EMPLOYEE,PERMANENT,2025-04-13,,M,Technology,Galway,CC-IE-011
HRIS-WKR-005159,WKR-PUB-005159,IE,LE-IE-SYNTH-001,ACTIVE,EMPLOYEE,PERMANENT,2017-10-25,,M,Finance,Dublin,CC-IE-006
HRIS-WKR-005160,WKR-PUB-005160,IE,LE-IE-SYNTH-001,ACTIVE,EMPLOYEE,PERMANENT,2023-01-17,,M,Operations,Cork,CC-IE-017
HRIS-WKR-005161,WKR-PUB-005161,IE,LE-IE-SYNTH-001,ACTIVE,EMPLOYEE,FIXED_TERM,2016-09-05,,UNDISCLOSED,Sales,Dublin,CC-IE-019
HRIS-WKR-005162,WKR-PUB-005162,IE,LE-IE-SYNTH-001,ACTIVE,EMPLOYEE,FIXED_TERM,2024-05-09,,F,Engineering,Limerick,CC-IE-018
HRIS-WKR-005163,WKR-PUB-005163,IE,LE-IE-SYNTH-001,ACTIVE,EMPLOYEE,PERMANENT,2020-01-05,,UNDISCLOSED,Sales,Limerick,CC-IE-029
HRIS-WKR-005164,WKR-PUB-005164,IE,LE-IE-SYNTH-001,ACTIVE,EMPLOYEE,FIXED_TERM,2022-01-20,,M,Engineering,Cork,CC-IE-018
HRIS-WKR-005165,WKR-PUB-005165,IE,LE-IE-SYNTH-001,ACTIVE,EMPLOYEE,PERMANENT,2020-08-12,,F,Finance,Dublin,CC-IE-032
HRIS-WKR-005166,WKR-PUB-005166,IE,LE-IE-SYNTH-001,ACTIVE,CONTRACTOR,PERMANENT,2020-04-29,,M,Engineering,Dublin,CC-IE-019
HRIS-WKR-005167,WKR-PUB-005167,IE,LE-IE-SYNTH-001,ACTIVE,EMPLOYEE,APPRENTICE,2019-10-04,,M,Technology,Remote-IE,CC-IE-030
HRIS-WKR-005168,WKR-PUB-005168,IE,LE-IE-SYNTH-001,ACTIVE,EMPLOYEE,PERMANENT,2023-07-13,,F,Engineering,Galway,CC-IE-017
HRIS-WKR-005169,WKR-PUB-005169,IE,LE-IE-SYNTH-001,ACTIVE,EMPLOYEE,PERMANENT,2025-04-10,,M,Sales,Dublin,CC-IE-038
HRIS-WKR-005170,WKR-PUB-005170,IE,LE-IE-SYNTH-001,TERMINATED,CONTRACTOR,PERMANENT,2021-09-26,2026-10-20,F,Operations,Dublin,CC-IE-009
HRIS-WKR-005171,WKR-PUB-005171,IE,LE-IE-SYNTH-001,ACTIVE,EMPLOYEE,PERMANENT,2023-01-06,,F,Finance,Limerick,CC-IE-026
HRIS-WKR-005172,WKR-PUB-005172,IE,LE-IE-SYNTH-001,ACTIVE,EMPLOYEE,FIXED_TERM,2017-12-05,,F,Sales,Remote-IE,CC-IE-039
HRIS-WKR-005173,WKR-PUB-005173,IE,LE-IE-SYNTH-001,ACTIVE,EMPLOYEE,PERMANENT,2023-06-08,,F,Operations,Limerick,CC-IE-014
HRIS-WKR-005174,WKR-PUB-005174,IE,LE-IE-SYNTH-001,ACTIVE,EMPLOYEE,PERMANENT,2014-11-09,,M,Operations,Dublin,CC-IE-032
HRIS-WKR-005175,WKR-PUB-005175,IE,LE-IE-SYNTH-001,ACTIVE,CONTRACTOR,PERMANENT,2022-04-28,,M,Finance,Dublin,CC-IE-034
HRIS-WKR-005176,WKR-PUB-005176,IE,LE-IE-SYNTH-001,ACTIVE,EMPLOYEE,PERMANENT,2019-05-01,,M,Sales,Dublin,CC-IE-003
HRIS-WKR-005177,WKR-PUB-005177,IE,LE-IE-SYNTH-001,ACTIVE,EMPLOYEE,PERMANENT,2019-06-09,,M,Sales,Dublin,CC-IE-032
HRIS-WKR-005178,WKR-PUB-005178,IE,LE-IE-SYNTH-001,ACTIVE,EMPLOYEE,PERMANENT,2019-03-26,,F,Sales,Dublin,CC-IE-020
HRIS-WKR-005179,WKR-PUB-005179,IE,LE-IE-SYNTH-001,ACTIVE,EMPLOYEE,PERMANENT,2022-02-04,,M,Engineering,Remote-IE,CC-IE-002
HRIS-WKR-005180,WKR-PUB-005180,IE,LE-IE-SYNTH-001,ACTIVE,EMPLOYEE,PERMANENT,2014-02-28,,F,People,Dublin,CC-IE-021
HRIS-WKR-005181,WKR-PUB-005181,IE,LE-IE-SYNTH-001,ACTIVE,EMPLOYEE,FIXED_TERM,2022-11-13,,NB,Operations,Dublin,CC-IE-017
HRIS-WKR-005182,WKR-PUB-005182,IE,LE-IE-SYNTH-001,ACTIVE,EMPLOYEE,PERMANENT,2014-05-17,,F,Operations,Dublin,CC-IE-015
HRIS-WKR-005183,WKR-PUB-005183,IE,LE-IE-SYNTH-001,ACTIVE,EMPLOYEE,APPRENTICE,2019-09-15,,M,Sales,Dublin,CC-IE-015
HRIS-WKR-005184,WKR-PUB-005184,IE,LE-IE-SYNTH-001,ACTIVE,CONTRACTOR,PERMANENT,2024-08-25,,F,Operations,Dublin,CC-IE-029
HRIS-WKR-005185,WKR-PUB-005185,IE,LE-IE-SYNTH-001,ACTIVE,EMPLOYEE,PERMANENT,2016-09-12,,M,Sales,Cork,CC-IE-006
HRIS-WKR-005186,WKR-PUB-005186,IE,LE-IE-SYNTH-001,TERMINATED,EMPLOYEE,PERMANENT,2024-06-14,2026-04-19,F,Sales,Cork,CC-IE-010
HRIS-WKR-005187,WKR-PUB-005187,IE,LE-IE-SYNTH-001,ACTIVE,CONTRACTOR,PERMANENT,2024-02-09,,F,Sales,Remote-IE,CC-IE-002
HRIS-WKR-005188,WKR-PUB-005188,IE,LE-IE-SYNTH-001,ACTIVE,CONTRACTOR,PERMANENT,2025-07-24,,F,People,Dublin,CC-IE-004
HRIS-WKR-005189,WKR-PUB-005189,IE,LE-IE-SYNTH-001,ACTIVE,EMPLOYEE,PERMANENT,2020-08-16,,M,Sales,Dublin,CC-IE-001
HRIS-WKR-005190,WKR-PUB-005190,IE,LE-IE-SYNTH-001,ACTIVE,EMPLOYEE,PERMANENT,2022-04-24,,F,People,Dublin,CC-IE-011
HRIS-WKR-005191,WKR-PUB-005191,IE,LE-IE-SYNTH-001,TERMINATED,EMPLOYEE,PERMANENT,2015-08-07,2026-05-06,F,Engineering,Dublin,CC-IE-006
HRIS-WKR-005192,WKR-PUB-005192,IE,LE-IE-SYNTH-001,TERMINATED,EMPLOYEE,PERMANENT,2015-03-10,2026-04-06,F,Finance,Dublin,CC-IE-012
HRIS-WKR-005193,WKR-PUB-005193,IE,LE-IE-SYNTH-001,ACTIVE,EMPLOYEE,PERMANENT,2023-10-23,,F,Sales,Dublin,CC-IE-036
HRIS-WKR-005194,WKR-PUB-005194,IE,LE-IE-SYNTH-001,ACTIVE,EMPLOYEE,FIXED_TERM,2018-08-09,,M,Finance,Dublin,CC-IE-020
HRIS-WKR-005195,WKR-PUB-005195,IE,LE-IE-SYNTH-001,ACTIVE,EMPLOYEE,PERMANENT,2022-05-30,,M,Engineering,Galway,CC-IE-015
HRIS-WKR-005196,WKR-PUB-005196,IE,LE-IE-SYNTH-001,ACTIVE,EMPLOYEE,PERMANENT,2016-08-22,,M,Sales,Dublin,CC-IE-018
HRIS-WKR-005197,WKR-PUB-005197,IE,LE-IE-SYNTH-001,ACTIVE,EMPLOYEE,PERMANENT,2020-05-06,,M,Sales,Dublin,CC-IE-010
HRIS-WKR-005198,WKR-PUB-005198,IE,LE-IE-SYNTH-001,ACTIVE,EMPLOYEE,PERMANENT,2020-06-21,,F,People,Limerick,CC-IE-034
HRIS-WKR-005199,WKR-PUB-005199,IE,LE-IE-SYNTH-001,ACTIVE,EMPLOYEE,PERMANENT,2016-09-07,,F,Operations,Remote-IE,CC-IE-037
HRIS-WKR-005200,WKR-PUB-005200,IE,LE-IE-SYNTH-001,ACTIVE,EMPLOYEE,APPRENTICE,2019-05-26,,,Finance,Cork,CC-IE-013
HRIS-WKR-005201,WKR-PUB-005201,IE,LE-IE-SYNTH-001,ACTIVE,EMPLOYEE,PERMANENT,2017-04-21,,M,Operations,Dublin,CC-IE-018
HRIS-WKR-005202,WKR-PUB-005202,IE,LE-IE-SYNTH-001,ACTIVE,EMPLOYEE,FIXED_TERM,2020-04-27,,F,Sales,Dublin,CC-IE-029
HRIS-WKR-005203,WKR-PUB-005203,IE,LE-IE-SYNTH-001,ACTIVE,EMPLOYEE,PERMANENT,2020-11-08,,M,Operations,Cork,CC-IE-034
HRIS-WKR-005204,WKR-PUB-005204,IE,LE-IE-SYNTH-001,ACTIVE,EMPLOYEE,PERMANENT,2022-07-20,,M,Engineering,Galway,CC-IE-010
HRIS-WKR-005205,WKR-PUB-005205,IE,LE-IE-SYNTH-001,ACTIVE,EMPLOYEE,PERMANENT,2019-11-12,,M,Finance,Cork,CC-IE-003
HRIS-WKR-005206,WKR-PUB-005206,IE,LE-IE-SYNTH-001,ACTIVE,EMPLOYEE,PERMANENT,2023-05-28,,M,Engineering,Dublin,CC-IE-013
HRIS-WKR-005207,WKR-PUB-005207,IE,LE-IE-SYNTH-001,ACTIVE,EMPLOYEE,FIXED_TERM,2018-02-13,,M,Engineering,Cork,CC-IE-020
HRIS-WKR-005208,WKR-PUB-005208,IE,LE-IE-SYNTH-001,ACTIVE,CONTRACTOR,PERMANENT,2024-06-03,,M,Operations,Dublin,CC-IE-005
HRIS-WKR-005209,WKR-PUB-005209,IE,LE-IE-SYNTH-001,ACTIVE,EMPLOYEE,FIXED_TERM,2016-04-09,,UNDISCLOSED,Operations,Cork,CC-IE-028
HRIS-WKR-005210,WKR-PUB-005210,IE,LE-IE-SYNTH-001,ACTIVE,EMPLOYEE,FIXED_TERM,2016-12-26,,F,Engineering,Dublin,CC-IE-034
HRIS-WKR-005211,WKR-PUB-005211,IE,LE-IE-SYNTH-001,ACTIVE,EMPLOYEE,FIXED_TERM,2015-03-31,,M,Finance,Cork,CC-IE-035
HRIS-WKR-005212,WKR-PUB-005212,IE,LE-IE-SYNTH-001,ACTIVE,EMPLOYEE,APPRENTICE,2017-12-21,,,Sales,Cork,CC-IE-022
HRIS-WKR-005213,WKR-PUB-005213,IE,LE-IE-SYNTH-001,ACTIVE,EMPLOYEE,PERMANENT,2024-05-21,,M,Engineering,Remote-IE,CC-IE-031
HRIS-WKR-005214,WKR-PUB-005214,IE,LE-IE-SYNTH-001,ACTIVE,EMPLOYEE,FIXED_TERM,2018-03-16,,F,Engineering,Dublin,CC-IE-025
HRIS-WKR-005215,WKR-PUB-005215,IE,LE-IE-SYNTH-001,ACTIVE,EMPLOYEE,PERMANENT,2025-08-16,,F,Finance,Limerick,CC-IE-038
HRIS-WKR-005216,WKR-PUB-005216,IE,LE-IE-SYNTH-001,ACTIVE,EMPLOYEE,PERMANENT,2018-10-20,,M,People,Dublin,CC-IE-028
HRIS-WKR-005217,WKR-PUB-005217,IE,LE-IE-SYNTH-001,ACTIVE,CONTRACTOR,FIXED_TERM,2015-08-08,,M,Engineering,Dublin,CC-IE-037
HRIS-WKR-005218,WKR-PUB-005218,IE,LE-IE-SYNTH-001,ACTIVE,EMPLOYEE,FIXED_TERM,2018-08-11,,M,Technology,Dublin,CC-IE-010
HRIS-WKR-005219,WKR-PUB-005219,IE,LE-IE-SYNTH-001,ACTIVE,EMPLOYEE,PERMANENT,2020-12-31,,M,Engineering,Dublin,CC-IE-031
HRIS-WKR-005220,WKR-PUB-005220,IE,LE-IE-SYNTH-001,ACTIVE,EMPLOYEE,PERMANENT,2019-03-12,,M,Technology,Dublin,CC-IE-032
HRIS-WKR-005221,WKR-PUB-005221,IE,LE-IE-SYNTH-001,ACTIVE,EMPLOYEE,PERMANENT,2022-11-30,,M,Engineering,Dublin,CC-IE-001
HRIS-WKR-005222,WKR-PUB-005222,IE,LE-IE-SYNTH-001,ACTIVE,EMPLOYEE,FIXED_TERM,2017-01-09,,,People,Dublin,CC-IE-015
HRIS-WKR-005223,WKR-PUB-005223,IE,LE-IE-SYNTH-001,ACTIVE,EMPLOYEE,FIXED_TERM,2021-06-06,,M,Operations,Dublin,CC-IE-009
HRIS-WKR-005224,WKR-PUB-005224,IE,LE-IE-SYNTH-001,ACTIVE,EMPLOYEE,PERMANENT,2022-09-08,,M,Engineering,Dublin,CC-IE-028
HRIS-WKR-005225,WKR-PUB-005225,IE,LE-IE-SYNTH-001,ACTIVE,EMPLOYEE,PERMANENT,2018-01-31,,M,Operations,Dublin,CC-IE-023
HRIS-WKR-005226,WKR-PUB-005226,IE,LE-IE-SYNTH-001,ACTIVE,EMPLOYEE,PERMANENT,2016-06-12,,M,Engineering,Dublin,CC-IE-036
HRIS-WKR-005227,WKR-PUB-005227,IE,LE-IE-SYNTH-001,ACTIVE,EMPLOYEE,PERMANENT,2023-12-19,,F,Sales,Dublin,CC-IE-040
HRIS-WKR-005228,WKR-PUB-005228,IE,LE-IE-SYNTH-001,TERMINATED,EMPLOYEE,PERMANENT,2024-02-19,2026-09-06,F,Finance,Remote-IE,CC-IE-021
HRIS-WKR-005229,WKR-PUB-005229,IE,LE-IE-SYNTH-001,ACTIVE,EMPLOYEE,FIXED_TERM,2022-05-25,,M,People,Dublin,CC-IE-009
HRIS-WKR-005230,WKR-PUB-005230,IE,LE-IE-SYNTH-001,ACTIVE,EMPLOYEE,PERMANENT,2020-05-12,,M,Engineering,Dublin,CC-IE-039
HRIS-WKR-005231,WKR-PUB-005231,IE,LE-IE-SYNTH-001,ACTIVE,EMPLOYEE,FIXED_TERM,2016-04-04,,M,Engineering,Remote-IE,CC-IE-036
HRIS-WKR-005232,WKR-PUB-005232,IE,LE-IE-SYNTH-001,ACTIVE,EMPLOYEE,PERMANENT,2024-02-13,,F,Technology,Galway,CC-IE-023
HRIS-WKR-005233,WKR-PUB-005233,IE,LE-IE-SYNTH-001,ACTIVE,EMPLOYEE,PERMANENT,2020-08-20,,F,Operations,Dublin,CC-IE-006
HRIS-WKR-005234,WKR-PUB-005234,IE,LE-IE-SYNTH-001,ACTIVE,EMPLOYEE,PERMANENT,2024-04-17,,F,Operations,Dublin,CC-IE-022
HRIS-WKR-005235,WKR-PUB-005235,IE,LE-IE-SYNTH-001,ACTIVE,EMPLOYEE,PERMANENT,2014-03-09,,M,Operations,Dublin,CC-IE-001
HRIS-WKR-005236,WKR-PUB-005236,IE,LE-IE-SYNTH-001,ACTIVE,EMPLOYEE,PERMANENT,2025-05-19,,M,Sales,Dublin,CC-IE-035
HRIS-WKR-005237,WKR-PUB-005237,IE,LE-IE-SYNTH-001,ACTIVE,EMPLOYEE,FIXED_TERM,2018-01-06,,F,Engineering,Dublin,CC-IE-004
HRIS-WKR-005238,WKR-PUB-005238,IE,LE-IE-SYNTH-001,ACTIVE,EMPLOYEE,PERMANENT,2019-11-10,,M,People,Dublin,CC-IE-002
HRIS-WKR-005239,WKR-PUB-005239,IE,LE-IE-SYNTH-001,ACTIVE,EMPLOYEE,PERMANENT,2021-10-02,,F,Engineering,Dublin,CC-IE-007
HRIS-WKR-005240,WKR-PUB-005240,IE,LE-IE-SYNTH-001,ACTIVE,EMPLOYEE,PERMANENT,2024-02-29,,M,Engineering,Cork,CC-IE-029
HRIS-WKR-005241,WKR-PUB-005241,IE,LE-IE-SYNTH-001,ACTIVE,EMPLOYEE,PERMANENT,2020-03-11,,M,Finance,Dublin,CC-IE-018
HRIS-WKR-005242,WKR-PUB-005242,IE,LE-IE-SYNTH-001,ACTIVE,EMPLOYEE,PERMANENT,2023-01-24,,F,Operations,Cork,CC-IE-032
HRIS-WKR-005243,WKR-PUB-005243,IE,LE-IE-SYNTH-001,ACTIVE,EMPLOYEE,PERMANENT,2024-10-30,,F,Operations,Dublin,CC-IE-001
HRIS-WKR-005244,WKR-PUB-005244,IE,LE-IE-SYNTH-001,ACTIVE,EMPLOYEE,PERMANENT,2017-08-05,,F,Finance,Galway,CC-IE-034
HRIS-WKR-005245,WKR-PUB-005245,IE,LE-IE-SYNTH-001,ACTIVE,EMPLOYEE,PERMANENT,2023-12-12,,M,Engineering,Cork,CC-IE-035
HRIS-WKR-005246,WKR-PUB-005246,IE,LE-IE-SYNTH-001,ACTIVE,EMPLOYEE,PERMANENT,2015-01-10,,UNDISCLOSED,Sales,Remote-IE,CC-IE-025
HRIS-WKR-005247,WKR-PUB-005247,IE,LE-IE-SYNTH-001,TERMINATED,EMPLOYEE,PERMANENT,2014-01-14,2026-04-23,F,Finance,Dublin,CC-IE-035
HRIS-WKR-005248,WKR-PUB-005248,IE,LE-IE-SYNTH-001,ACTIVE,EMPLOYEE,FIXED_TERM,2020-08-28,,M,Finance,Remote-IE,CC-IE-015
HRIS-WKR-005249,WKR-PUB-005249,IE,LE-IE-SYNTH-001,ACTIVE,EMPLOYEE,PERMANENT,2022-11-02,,F,Engineering,Dublin,CC-IE-036
HRIS-WKR-005250,WKR-PUB-005250,IE,LE-IE-SYNTH-001,ACTIVE,EMPLOYEE,PERMANENT,2025-09-09,,F,Operations,Dublin,CC-IE-038
HRIS-WKR-005251,WKR-PUB-005251,IE,LE-IE-SYNTH-001,ACTIVE,EMPLOYEE,PERMANENT,2022-12-28,,F,Operations,Dublin,CC-IE-005
HRIS-WKR-005252,WKR-PUB-005252,IE,LE-IE-SYNTH-001,ACTIVE,EMPLOYEE,PERMANENT,2014-05-16,,F,Technology,Limerick,CC-IE-028
HRIS-WKR-005253,WKR-PUB-005253,IE,LE-IE-SYNTH-001,ACTIVE,EMPLOYEE,PERMANENT,2020-01-14,,M,Sales,Dublin,CC-IE-018
HRIS-WKR-005254,WKR-PUB-005254,IE,LE-IE-SYNTH-001,ACTIVE,EMPLOYEE,PERMANENT,2022-09-16,,F,Operations,Remote-IE,CC-IE-035
HRIS-WKR-005255,WKR-PUB-005255,IE,LE-IE-SYNTH-001,ACTIVE,EMPLOYEE,APPRENTICE,2021-01-02,,UNDISCLOSED,Finance,Cork,CC-IE-009
HRIS-WKR-005256,WKR-PUB-005256,IE,LE-IE-SYNTH-001,ACTIVE,EMPLOYEE,PERMANENT,2022-11-27,,F,Operations,Remote-IE,CC-IE-020
HRIS-WKR-005257,WKR-PUB-005257,IE,LE-IE-SYNTH-001,ACTIVE,EMPLOYEE,PERMANENT,2018-10-12,,M,Sales,Dublin,CC-IE-020
HRIS-WKR-005258,WKR-PUB-005258,IE,LE-IE-SYNTH-001,ACTIVE,EMPLOYEE,PERMANENT,2025-07-17,,,Sales,Galway,CC-IE-040
HRIS-WKR-005259,WKR-PUB-005259,IE,LE-IE-SYNTH-001,ACTIVE,EMPLOYEE,APPRENTICE,2023-08-22,,F,Operations,Dublin,CC-IE-019
HRIS-WKR-005260,WKR-PUB-005260,IE,LE-IE-SYNTH-001,ACTIVE,EMPLOYEE,APPRENTICE,2025-02-28,,M,Engineering,Cork,CC-IE-016
HRIS-WKR-005261,WKR-PUB-005261,IE,LE-IE-SYNTH-001,ACTIVE,EMPLOYEE,PERMANENT,2020-02-06,,F,Sales,Dublin,CC-IE-028
HRIS-WKR-005262,WKR-PUB-005262,IE,LE-IE-SYNTH-001,ACTIVE,EMPLOYEE,PERMANENT,2015-03-11,,F,People,Dublin,CC-IE-026
HRIS-WKR-005263,WKR-PUB-005263,IE,LE-IE-SYNTH-001,ACTIVE,EMPLOYEE,PERMANENT,2019-05-16,,F,Technology,Dublin,CC-IE-008
HRIS-WKR-005264,WKR-PUB-005264,IE,LE-IE-SYNTH-001,ACTIVE,EMPLOYEE,PERMANENT,2020-12-25,,M,Engineering,Galway,CC-IE-007
HRIS-WKR-005265,WKR-PUB-005265,IE,LE-IE-SYNTH-001,ACTIVE,EMPLOYEE,PERMANENT,2023-10-20,,M,Engineering,Dublin,CC-IE-016
HRIS-WKR-005266,WKR-PUB-005266,IE,LE-IE-SYNTH-001,ACTIVE,EMPLOYEE,PERMANENT,2019-09-04,,M,Sales,Remote-IE,CC-IE-032
HRIS-WKR-005267,WKR-PUB-005267,IE,LE-IE-SYNTH-001,TERMINATED,EMPLOYEE,PERMANENT,2016-09-24,2026-06-02,M,Technology,Dublin,CC-IE-033
HRIS-WKR-005268,WKR-PUB-005268,IE,LE-IE-SYNTH-001,TERMINATED,EMPLOYEE,FIXED_TERM,2024-04-10,2026-02-12,F,Finance,Limerick,CC-IE-012
HRIS-WKR-005269,WKR-PUB-005269,IE,LE-IE-SYNTH-001,ACTIVE,EMPLOYEE,FIXED_TERM,2025-10-05,,F,Technology,Remote-IE,CC-IE-031
HRIS-WKR-005270,WKR-PUB-005270,IE,LE-IE-SYNTH-001,ACTIVE,EMPLOYEE,PERMANENT,2020-07-17,,M,Sales,Dublin,CC-IE-036
HRIS-WKR-005271,WKR-PUB-005271,IE,LE-IE-SYNTH-001,ACTIVE,EMPLOYEE,PERMANENT,2023-07-05,,F,Operations,Dublin,CC-IE-017
HRIS-WKR-005272,WKR-PUB-005272,IE,LE-IE-SYNTH-001,ACTIVE,EMPLOYEE,PERMANENT,2025-06-23,,M,Technology,Dublin,CC-IE-020
HRIS-WKR-005273,WKR-PUB-005273,IE,LE-IE-SYNTH-001,ACTIVE,EMPLOYEE,PERMANENT,2016-03-23,,M,Finance,Dublin,CC-IE-031
HRIS-WKR-005274,WKR-PUB-005274,IE,LE-IE-SYNTH-001,ACTIVE,EMPLOYEE,PERMANENT,2015-12-12,,F,Engineering,Dublin,CC-IE-006
HRIS-WKR-005275,WKR-PUB-005275,IE,LE-IE-SYNTH-001,ACTIVE,EMPLOYEE,PERMANENT,2019-09-04,,M,Operations,Dublin,CC-IE-004
HRIS-WKR-005276,WKR-PUB-005276,IE,LE-IE-SYNTH-001,ACTIVE,EMPLOYEE,FIXED_TERM,2023-11-17,,F,Sales,Dublin,CC-IE-029
HRIS-WKR-005277,WKR-PUB-005277,IE,LE-IE-SYNTH-001,ACTIVE,EMPLOYEE,PERMANENT,2022-12-23,,F,Sales,Remote-IE,CC-IE-002
HRIS-WKR-005278,WKR-PUB-005278,IE,LE-IE-SYNTH-001,ACTIVE,CONTRACTOR,FIXED_TERM,2022-03-04,,F,Sales,Cork,CC-IE-002
HRIS-WKR-005279,WKR-PUB-005279,IE,LE-IE-SYNTH-001,ACTIVE,EMPLOYEE,PERMANENT,2016-05-31,,M,Sales,Galway,CC-IE-020
HRIS-WKR-005280,WKR-PUB-005280,IE,LE-IE-SYNTH-001,TERMINATED,EMPLOYEE,PERMANENT,2022-09-28,2026-06-07,M,Engineering,Dublin,CC-IE-037
HRIS-WKR-005281,WKR-PUB-005281,IE,LE-IE-SYNTH-001,ACTIVE,EMPLOYEE,PERMANENT,2019-03-11,,M,Operations,Cork,CC-IE-029
HRIS-WKR-005282,WKR-PUB-005282,IE,LE-IE-SYNTH-001,ACTIVE,CONTRACTOR,PERMANENT,2019-10-31,,M,Engineering,Dublin,CC-IE-019
HRIS-WKR-005283,WKR-PUB-005283,IE,LE-IE-SYNTH-001,ACTIVE,EMPLOYEE,PERMANENT,2020-11-13,,M,Engineering,Dublin,CC-IE-039
HRIS-WKR-005284,WKR-PUB-005284,IE,LE-IE-SYNTH-001,ACTIVE,EMPLOYEE,PERMANENT,2016-02-24,,M,People,Cork,CC-IE-013
HRIS-WKR-005285,WKR-PUB-005285,IE,LE-IE-SYNTH-001,ACTIVE,EMPLOYEE,PERMANENT,2016-08-24,,F,Operations,Cork,CC-IE-039
HRIS-WKR-005286,WKR-PUB-005286,IE,LE-IE-SYNTH-001,ACTIVE,CONTRACTOR,FIXED_TERM,2022-10-11,,,Sales,Limerick,CC-IE-011
HRIS-WKR-005287,WKR-PUB-005287,IE,LE-IE-SYNTH-001,ACTIVE,EMPLOYEE,PERMANENT,2017-09-04,,F,Technology,Limerick,CC-IE-037
HRIS-WKR-005288,WKR-PUB-005288,IE,LE-IE-SYNTH-001,ACTIVE,EMPLOYEE,APPRENTICE,2017-04-12,,F,Sales,Limerick,CC-IE-011
HRIS-WKR-005289,WKR-PUB-005289,IE,LE-IE-SYNTH-001,ACTIVE,EMPLOYEE,PERMANENT,2019-06-14,,M,Sales,Dublin,CC-IE-003
HRIS-WKR-005290,WKR-PUB-005290,IE,LE-IE-SYNTH-001,ACTIVE,EMPLOYEE,PERMANENT,2021-03-26,,,Operations,Dublin,CC-IE-017
HRIS-WKR-005291,WKR-PUB-005291,IE,LE-IE-SYNTH-001,ACTIVE,EMPLOYEE,PERMANENT,2024-12-31,,M,Operations,Cork,CC-IE-016
HRIS-WKR-005292,WKR-PUB-005292,IE,LE-IE-SYNTH-001,ACTIVE,EMPLOYEE,APPRENTICE,2017-10-13,,F,Engineering,Dublin,CC-IE-003
HRIS-WKR-005293,WKR-PUB-005293,IE,LE-IE-SYNTH-001,ACTIVE,EMPLOYEE,PERMANENT,2014-08-18,,M,Finance,Remote-IE,CC-IE-004
HRIS-WKR-005294,WKR-PUB-005294,IE,LE-IE-SYNTH-001,ACTIVE,EMPLOYEE,PERMANENT,2026-01-02,,M,Engineering,Remote-IE,CC-IE-040
HRIS-WKR-005295,WKR-PUB-005295,IE,LE-IE-SYNTH-001,ACTIVE,EMPLOYEE,PERMANENT,2016-08-12,,F,Engineering,Dublin,CC-IE-039
HRIS-WKR-005296,WKR-PUB-005296,IE,LE-IE-SYNTH-001,ACTIVE,EMPLOYEE,PERMANENT,2022-12-19,,F,Finance,Limerick,CC-IE-003
HRIS-WKR-005297,WKR-PUB-005297,IE,LE-IE-SYNTH-001,ACTIVE,CONTRACTOR,PERMANENT,2020-01-09,,M,Operations,Dublin,CC-IE-019
HRIS-WKR-005298,WKR-PUB-005298,IE,LE-IE-SYNTH-001,ACTIVE,EMPLOYEE,PERMANENT,2019-12-13,,M,Engineering,Dublin,CC-IE-010
HRIS-WKR-005299,WKR-PUB-005299,IE,LE-IE-SYNTH-001,ACTIVE,EMPLOYEE,PERMANENT,2023-10-22,,F,Operations,Cork,CC-IE-035
HRIS-WKR-005300,WKR-PUB-005300,IE,LE-IE-SYNTH-001,ACTIVE,EMPLOYEE,FIXED_TERM,2021-01-04,,M,People,Dublin,CC-IE-018
HRIS-WKR-005301,WKR-PUB-005301,IE,LE-IE-SYNTH-001,ACTIVE,EMPLOYEE,PERMANENT,2025-06-22,,M,Technology,Limerick,CC-IE-009
HRIS-WKR-005302,WKR-PUB-005302,IE,LE-IE-SYNTH-001,ACTIVE,EMPLOYEE,PERMANENT,2017-01-19,,M,Finance,Dublin,CC-IE-033
HRIS-WKR-005303,WKR-PUB-005303,IE,LE-IE-SYNTH-001,ACTIVE,EMPLOYEE,PERMANENT,2017-03-09,,M,Operations,Dublin,CC-IE-015
HRIS-WKR-005304,WKR-PUB-005304,IE,LE-IE-SYNTH-001,ACTIVE,EMPLOYEE,PERMANENT,2023-01-14,,F,Engineering,Dublin,CC-IE-012
HRIS-WKR-005305,WKR-PUB-005305,IE,LE-IE-SYNTH-001,ACTIVE,EMPLOYEE,FIXED_TERM,2016-12-12,,F,Sales,Limerick,CC-IE-033
HRIS-WKR-005306,WKR-PUB-005306,IE,LE-IE-SYNTH-001,TERMINATED,EMPLOYEE,PERMANENT,2022-05-03,2026-06-22,M,Engineering,Dublin,CC-IE-039
HRIS-WKR-005307,WKR-PUB-005307,IE,LE-IE-SYNTH-001,ACTIVE,EMPLOYEE,PERMANENT,2021-09-07,,M,Operations,Galway,CC-IE-003
HRIS-WKR-005308,WKR-PUB-005308,IE,LE-IE-SYNTH-001,ACTIVE,EMPLOYEE,PERMANENT,2021-09-04,,F,Sales,Dublin,CC-IE-033
HRIS-WKR-005309,WKR-PUB-005309,IE,LE-IE-SYNTH-001,ACTIVE,CONTRACTOR,PERMANENT,2014-04-01,,M,Sales,Dublin,CC-IE-009
HRIS-WKR-005310,WKR-PUB-005310,IE,LE-IE-SYNTH-001,ACTIVE,EMPLOYEE,PERMANENT,2019-01-16,,M,People,Galway,CC-IE-006
HRIS-WKR-005311,WKR-PUB-005311,IE,LE-IE-SYNTH-001,ACTIVE,EMPLOYEE,PERMANENT,2020-02-28,,M,Sales,Dublin,CC-IE-032
HRIS-WKR-005312,WKR-PUB-005312,IE,LE-IE-SYNTH-001,ACTIVE,EMPLOYEE,PERMANENT,2018-01-18,,M,People,Dublin,CC-IE-006
HRIS-WKR-005313,WKR-PUB-005313,IE,LE-IE-SYNTH-001,ACTIVE,EMPLOYEE,PERMANENT,2015-12-11,,F,Technology,Dublin,CC-IE-008
HRIS-WKR-005314,WKR-PUB-005314,IE,LE-IE-SYNTH-001,ACTIVE,EMPLOYEE,PERMANENT,2023-09-23,,F,Finance,Remote-IE,CC-IE-023
HRIS-WKR-005315,WKR-PUB-005315,IE,LE-IE-SYNTH-001,ACTIVE,EMPLOYEE,PERMANENT,2018-09-20,,M,Engineering,Dublin,CC-IE-018
HRIS-WKR-005316,WKR-PUB-005316,IE,LE-IE-SYNTH-001,ACTIVE,EMPLOYEE,PERMANENT,2020-11-16,,M,Engineering,Dublin,CC-IE-005
HRIS-WKR-005317,WKR-PUB-005317,IE,LE-IE-SYNTH-001,ACTIVE,EMPLOYEE,PERMANENT,2014-10-28,,UNDISCLOSED,Operations,Dublin,CC-IE-022
HRIS-WKR-005318,WKR-PUB-005318,IE,LE-IE-SYNTH-001,ACTIVE,EMPLOYEE,PERMANENT,2023-01-20,,M,Technology,Galway,CC-IE-002
HRIS-WKR-005319,WKR-PUB-005319,IE,LE-IE-SYNTH-001,ACTIVE,EMPLOYEE,PERMANENT,2023-06-20,,F,Engineering,Galway,CC-IE-026
HRIS-WKR-005320,WKR-PUB-005320,IE,LE-IE-SYNTH-001,ACTIVE,EMPLOYEE,PERMANENT,2020-04-20,,UNDISCLOSED,Engineering,Dublin,CC-IE-006
HRIS-WKR-005321,WKR-PUB-005321,IE,LE-IE-SYNTH-001,ACTIVE,EMPLOYEE,PERMANENT,2015-08-06,,M,Engineering,Dublin,CC-IE-011
HRIS-WKR-005322,WKR-PUB-005322,IE,LE-IE-SYNTH-001,ACTIVE,EMPLOYEE,FIXED_TERM,2022-03-31,,M,Operations,Dublin,CC-IE-017
HRIS-WKR-005323,WKR-PUB-005323,IE,LE-IE-SYNTH-001,ACTIVE,EMPLOYEE,PERMANENT,2014-02-16,,UNDISCLOSED,Technology,Galway,CC-IE-008
HRIS-WKR-005324,WKR-PUB-005324,IE,LE-IE-SYNTH-001,ACTIVE,EMPLOYEE,PERMANENT,2022-08-20,,M,Sales,Dublin,CC-IE-001
HRIS-WKR-005325,WKR-PUB-005325,IE,LE-IE-SYNTH-001,ACTIVE,EMPLOYEE,FIXED_TERM,2019-06-08,,F,Engineering,Dublin,CC-IE-040
HRIS-WKR-005326,WKR-PUB-005326,IE,LE-IE-SYNTH-001,ACTIVE,EMPLOYEE,FIXED_TERM,2020-04-10,,M,Engineering,Dublin,CC-IE-019
HRIS-WKR-005327,WKR-PUB-005327,IE,LE-IE-SYNTH-001,ACTIVE,EMPLOYEE,PERMANENT,2017-02-07,,M,Sales,Remote-IE,CC-IE-033
HRIS-WKR-005328,WKR-PUB-005328,IE,LE-IE-SYNTH-001,ACTIVE,EMPLOYEE,PERMANENT,2015-04-29,,F,Operations,Dublin,CC-IE-014
HRIS-WKR-005329,WKR-PUB-005329,IE,LE-IE-SYNTH-001,ACTIVE,EMPLOYEE,APPRENTICE,2021-01-18,,M,Engineering,Cork,CC-IE-004
HRIS-WKR-005330,WKR-PUB-005330,IE,LE-IE-SYNTH-001,TERMINATED,EMPLOYEE,PERMANENT,2019-07-05,2026-03-30,M,Engineering,Dublin,CC-IE-040
HRIS-WKR-005331,WKR-PUB-005331,IE,LE-IE-SYNTH-001,ACTIVE,CONTRACTOR,PERMANENT,2024-10-20,,M,Technology,Limerick,CC-IE-002
HRIS-WKR-005332,WKR-PUB-005332,IE,LE-IE-SYNTH-001,ACTIVE,EMPLOYEE,FIXED_TERM,2017-03-26,,M,Technology,Dublin,CC-IE-025
HRIS-WKR-005333,WKR-PUB-005333,IE,LE-IE-SYNTH-001,ACTIVE,EMPLOYEE,PERMANENT,2022-07-27,,M,Engineering,Dublin,CC-IE-001
HRIS-WKR-005334,WKR-PUB-005334,IE,LE-IE-SYNTH-001,ACTIVE,EMPLOYEE,PERMANENT,2018-10-14,,M,Sales,Dublin,CC-IE-013
HRIS-WKR-005335,WKR-PUB-005335,IE,LE-IE-SYNTH-001,ACTIVE,EMPLOYEE,PERMANENT,2020-11-26,,M,Sales,Dublin,CC-IE-037
HRIS-WKR-005336,WKR-PUB-005336,IE,LE-IE-SYNTH-001,ACTIVE,EMPLOYEE,PERMANENT,2018-10-02,,M,Sales,Galway,CC-IE-014
HRIS-WKR-005337,WKR-PUB-005337,IE,LE-IE-SYNTH-001,ACTIVE,EMPLOYEE,PERMANENT,2016-12-18,,F,People,Dublin,CC-IE-002
HRIS-WKR-005338,WKR-PUB-005338,IE,LE-IE-SYNTH-001,ACTIVE,EMPLOYEE,PERMANENT,2016-12-12,,M,Engineering,Dublin,CC-IE-037
HRIS-WKR-005339,WKR-PUB-005339,IE,LE-IE-SYNTH-001,ACTIVE,EMPLOYEE,PERMANENT,2017-10-30,,M,Sales,Dublin,CC-IE-032
HRIS-WKR-005340,WKR-PUB-005340,IE,LE-IE-SYNTH-001,ACTIVE,EMPLOYEE,PERMANENT,2024-04-13,,F,Operations,Dublin,CC-IE-031
HRIS-WKR-005341,WKR-PUB-005341,IE,LE-IE-SYNTH-001,ACTIVE,EMPLOYEE,FIXED_TERM,2020-09-24,,M,Operations,Dublin,CC-IE-025
HRIS-WKR-005342,WKR-PUB-005342,IE,LE-IE-SYNTH-001,ACTIVE,EMPLOYEE,FIXED_TERM,2015-12-07,,M,Operations,Dublin,CC-IE-012
HRIS-WKR-005343,WKR-PUB-005343,IE,LE-IE-SYNTH-001,ACTIVE,EMPLOYEE,FIXED_TERM,2024-07-20,,M,People,Dublin,CC-IE-028
HRIS-WKR-005344,WKR-PUB-005344,IE,LE-IE-SYNTH-001,ACTIVE,EMPLOYEE,PERMANENT,2020-04-10,,F,Operations,Cork,CC-IE-029
HRIS-WKR-005345,WKR-PUB-005345,IE,LE-IE-SYNTH-001,ACTIVE,EMPLOYEE,PERMANENT,2021-06-30,,F,Finance,Remote-IE,CC-IE-008
HRIS-WKR-005346,WKR-PUB-005346,IE,LE-IE-SYNTH-001,ACTIVE,CONTRACTOR,PERMANENT,2020-08-30,,M,Sales,Cork,CC-IE-032
HRIS-WKR-005347,WKR-PUB-005347,IE,LE-IE-SYNTH-001,ACTIVE,EMPLOYEE,FIXED_TERM,2014-02-11,,F,Operations,Dublin,CC-IE-010
HRIS-WKR-005348,WKR-PUB-005348,IE,LE-IE-SYNTH-001,ACTIVE,EMPLOYEE,FIXED_TERM,2019-07-11,,F,Sales,Limerick,CC-IE-028
HRIS-WKR-005349,WKR-PUB-005349,IE,LE-IE-SYNTH-001,ACTIVE,EMPLOYEE,PERMANENT,2024-01-15,,,Technology,Galway,CC-IE-010
HRIS-WKR-005350,WKR-PUB-005350,IE,LE-IE-SYNTH-001,ACTIVE,EMPLOYEE,PERMANENT,2018-06-22,,F,Engineering,Cork,CC-IE-038
HRIS-WKR-005351,WKR-PUB-005351,IE,LE-IE-SYNTH-001,ACTIVE,EMPLOYEE,FIXED_TERM,2021-10-07,,M,Sales,Cork,CC-IE-020
HRIS-WKR-005352,WKR-PUB-005352,IE,LE-IE-SYNTH-001,TERMINATED,EMPLOYEE,PERMANENT,2022-01-08,2026-05-14,F,Finance,Limerick,CC-IE-036
HRIS-WKR-005353,WKR-PUB-005353,IE,LE-IE-SYNTH-001,ACTIVE,EMPLOYEE,PERMANENT,2016-11-10,,M,Finance,Dublin,CC-IE-019
HRIS-WKR-005354,WKR-PUB-005354,IE,LE-IE-SYNTH-001,TERMINATED,EMPLOYEE,PERMANENT,2014-04-17,2026-11-15,F,Engineering,Dublin,CC-IE-019
HRIS-WKR-005355,WKR-PUB-005355,IE,LE-IE-SYNTH-001,ACTIVE,EMPLOYEE,APPRENTICE,2014-11-15,,M,Operations,Dublin,CC-IE-015
HRIS-WKR-005356,WKR-PUB-005356,IE,LE-IE-SYNTH-001,ACTIVE,EMPLOYEE,PERMANENT,2020-07-14,,M,Operations,Dublin,CC-IE-018
HRIS-WKR-005357,WKR-PUB-005357,IE,LE-IE-SYNTH-001,ACTIVE,CONTRACTOR,PERMANENT,2017-05-20,,F,Operations,Dublin,CC-IE-014
HRIS-WKR-005358,WKR-PUB-005358,IE,LE-IE-SYNTH-001,ACTIVE,EMPLOYEE,PERMANENT,2021-05-23,,M,Technology,Dublin,CC-IE-017
HRIS-WKR-005359,WKR-PUB-005359,IE,LE-IE-SYNTH-001,ACTIVE,EMPLOYEE,PERMANENT,2015-08-31,,M,Sales,Dublin,CC-IE-031
HRIS-WKR-005360,WKR-PUB-005360,IE,LE-IE-SYNTH-001,ACTIVE,EMPLOYEE,APPRENTICE,2015-06-19,,F,Operations,Dublin,CC-IE-023
HRIS-WKR-005361,WKR-PUB-005361,IE,LE-IE-SYNTH-001,ACTIVE,EMPLOYEE,PERMANENT,2015-07-28,,NB,Engineering,Dublin,CC-IE-040
HRIS-WKR-005362,WKR-PUB-005362,IE,LE-IE-SYNTH-001,ACTIVE,EMPLOYEE,PERMANENT,2019-08-17,,F,Technology,Dublin,CC-IE-023
HRIS-WKR-005363,WKR-PUB-005363,IE,LE-IE-SYNTH-001,ACTIVE,EMPLOYEE,PERMANENT,2014-04-28,,F,Engineering,Galway,CC-IE-013
HRIS-WKR-005364,WKR-PUB-005364,IE,LE-IE-SYNTH-001,ACTIVE,EMPLOYEE,APPRENTICE,2020-03-26,,M,Operations,Dublin,CC-IE-039
HRIS-WKR-005365,WKR-PUB-005365,IE,LE-IE-SYNTH-001,ACTIVE,EMPLOYEE,PERMANENT,2022-05-01,,F,Operations,Dublin,CC-IE-003
HRIS-WKR-005366,WKR-PUB-005366,IE,LE-IE-SYNTH-001,ACTIVE,EMPLOYEE,PERMANENT,2019-08-19,,F,Sales,Dublin,CC-IE-006
HRIS-WKR-005367,WKR-PUB-005367,IE,LE-IE-SYNTH-001,ACTIVE,EMPLOYEE,PERMANENT,2017-08-29,,F,Operations,Limerick,CC-IE-020
HRIS-WKR-005368,WKR-PUB-005368,IE,LE-IE-SYNTH-001,ACTIVE,EMPLOYEE,PERMANENT,2018-03-29,,M,Technology,Cork,CC-IE-040
HRIS-WKR-005369,WKR-PUB-005369,IE,LE-IE-SYNTH-001,ACTIVE,EMPLOYEE,PERMANENT,2019-04-17,,F,Sales,Dublin,CC-IE-037
HRIS-WKR-005370,WKR-PUB-005370,IE,LE-IE-SYNTH-001,ACTIVE,EMPLOYEE,PERMANENT,2017-10-06,,,Finance,Dublin,CC-IE-016
HRIS-WKR-005371,WKR-PUB-005371,IE,LE-IE-SYNTH-001,ACTIVE,EMPLOYEE,PERMANENT,2025-12-09,,M,Finance,Dublin,CC-IE-033
HRIS-WKR-005372,WKR-PUB-005372,IE,LE-IE-SYNTH-001,ACTIVE,EMPLOYEE,APPRENTICE,2017-03-18,,M,Sales,Galway,CC-IE-015
HRIS-WKR-005373,WKR-PUB-005373,IE,LE-IE-SYNTH-001,ACTIVE,EMPLOYEE,PERMANENT,2014-10-21,,M,Engineering,Dublin,CC-IE-033
HRIS-WKR-005374,WKR-PUB-005374,IE,LE-IE-SYNTH-001,ACTIVE,EMPLOYEE,FIXED_TERM,2025-04-08,,F,Technology,Dublin,CC-IE-017
HRIS-WKR-005375,WKR-PUB-005375,IE,LE-IE-SYNTH-001,ACTIVE,EMPLOYEE,FIXED_TERM,2024-03-09,,,Engineering,Remote-IE,CC-IE-018
HRIS-WKR-005376,WKR-PUB-005376,IE,LE-IE-SYNTH-001,ACTIVE,EMPLOYEE,PERMANENT,2023-10-19,,F,Technology,Galway,CC-IE-020
HRIS-WKR-005377,WKR-PUB-005377,IE,LE-IE-SYNTH-001,ACTIVE,EMPLOYEE,PERMANENT,2014-09-28,,F,Engineering,Remote-IE,CC-IE-029
HRIS-WKR-005378,WKR-PUB-005378,IE,LE-IE-SYNTH-001,ACTIVE,EMPLOYEE,PERMANENT,2018-01-23,,M,Operations,Dublin,CC-IE-020
HRIS-WKR-005379,WKR-PUB-005379,IE,LE-IE-SYNTH-001,ACTIVE,EMPLOYEE,FIXED_TERM,2023-09-15,,F,Operations,Cork,CC-IE-034
HRIS-WKR-005380,WKR-PUB-005380,IE,LE-IE-SYNTH-001,ACTIVE,CONTRACTOR,PERMANENT,2024-11-12,,F,Engineering,Limerick,CC-IE-025
HRIS-WKR-005381,WKR-PUB-005381,IE,LE-IE-SYNTH-001,TERMINATED,EMPLOYEE,PERMANENT,2022-11-27,2026-02-22,F,Operations,Dublin,CC-IE-020
HRIS-WKR-005382,WKR-PUB-005382,IE,LE-IE-SYNTH-001,ACTIVE,EMPLOYEE,PERMANENT,2018-03-30,,M,Operations,Dublin,CC-IE-027
HRIS-WKR-005383,WKR-PUB-005383,IE,LE-IE-SYNTH-001,ACTIVE,EMPLOYEE,PERMANENT,2016-02-15,,M,Finance,Galway,CC-IE-014
HRIS-WKR-005384,WKR-PUB-005384,IE,LE-IE-SYNTH-001,ACTIVE,EMPLOYEE,PERMANENT,2022-06-17,,M,Technology,Dublin,CC-IE-037
HRIS-WKR-005385,WKR-PUB-005385,IE,LE-IE-SYNTH-001,ACTIVE,EMPLOYEE,PERMANENT,2022-10-19,,M,People,Dublin,CC-IE-020
HRIS-WKR-005386,WKR-PUB-005386,IE,LE-IE-SYNTH-001,ACTIVE,CONTRACTOR,PERMANENT,2019-08-28,,M,Engineering,Dublin,CC-IE-017
HRIS-WKR-005387,WKR-PUB-005387,IE,LE-IE-SYNTH-001,ACTIVE,CONTRACTOR,PERMANENT,2019-08-20,,F,Sales,Dublin,CC-IE-031
HRIS-WKR-005388,WKR-PUB-005388,IE,LE-IE-SYNTH-001,ACTIVE,EMPLOYEE,PERMANENT,2023-06-03,,M,Operations,Dublin,CC-IE-025
HRIS-WKR-005389,WKR-PUB-005389,IE,LE-IE-SYNTH-001,ACTIVE,EMPLOYEE,FIXED_TERM,2018-01-06,,M,Engineering,Cork,CC-IE-009
HRIS-WKR-005390,WKR-PUB-005390,IE,LE-IE-SYNTH-001,TERMINATED,EMPLOYEE,PERMANENT,2019-11-24,2026-07-25,F,Engineering,Dublin,CC-IE-039
HRIS-WKR-005391,WKR-PUB-005391,IE,LE-IE-SYNTH-001,ACTIVE,EMPLOYEE,FIXED_TERM,2024-07-12,,F,Technology,Dublin,CC-IE-027
HRIS-WKR-005392,WKR-PUB-005392,IE,LE-IE-SYNTH-001,ACTIVE,EMPLOYEE,PERMANENT,2019-05-06,,F,Sales,Cork,CC-IE-003
HRIS-WKR-005393,WKR-PUB-005393,IE,LE-IE-SYNTH-001,ACTIVE,EMPLOYEE,PERMANENT,2018-08-07,,M,Engineering,Remote-IE,CC-IE-036
HRIS-WKR-005394,WKR-PUB-005394,IE,LE-IE-SYNTH-001,ACTIVE,EMPLOYEE,PERMANENT,2020-07-22,,M,Engineering,Dublin,CC-IE-017
HRIS-WKR-005395,WKR-PUB-005395,IE,LE-IE-SYNTH-001,ACTIVE,EMPLOYEE,PERMANENT,2021-01-14,,M,Operations,Dublin,CC-IE-028
HRIS-WKR-005396,WKR-PUB-005396,IE,LE-IE-SYNTH-001,ACTIVE,EMPLOYEE,PERMANENT,2018-11-27,,M,Engineering,Dublin,CC-IE-017
HRIS-WKR-005397,WKR-PUB-005397,IE,LE-IE-SYNTH-001,ACTIVE,EMPLOYEE,PERMANENT,2020-11-02,,M,People,Dublin,CC-IE-014
HRIS-WKR-005398,WKR-PUB-005398,IE,LE-IE-SYNTH-001,ACTIVE,EMPLOYEE,PERMANENT,2015-10-20,,F,Engineering,Dublin,CC-IE-005
HRIS-WKR-005399,WKR-PUB-005399,IE,LE-IE-SYNTH-001,ACTIVE,EMPLOYEE,PERMANENT,2016-07-27,,F,Technology,Remote-IE,CC-IE-038
HRIS-WKR-005400,WKR-PUB-005400,IE,LE-IE-SYNTH-001,ACTIVE,EMPLOYEE,PERMANENT,2020-04-28,,NB,Engineering,Cork,CC-IE-026
HRIS-WKR-005401,WKR-PUB-005401,IE,LE-IE-SYNTH-001,ACTIVE,CONTRACTOR,FIXED_TERM,2022-12-22,,M,Technology,Dublin,CC-IE-040
HRIS-WKR-005402,WKR-PUB-005402,IE,LE-IE-SYNTH-001,ACTIVE,EMPLOYEE,PERMANENT,2023-10-14,,F,Operations,Cork,CC-IE-032
HRIS-WKR-005403,WKR-PUB-005403,IE,LE-IE-SYNTH-001,ACTIVE,EMPLOYEE,PERMANENT,2022-06-25,,M,Engineering,Dublin,CC-IE-005
HRIS-WKR-005404,WKR-PUB-005404,IE,LE-IE-SYNTH-001,ACTIVE,EMPLOYEE,PERMANENT,2020-12-03,,M,Operations,Remote-IE,CC-IE-011
HRIS-WKR-005405,WKR-PUB-005405,IE,LE-IE-SYNTH-001,ACTIVE,CONTRACTOR,FIXED_TERM,2015-09-28,,M,Technology,Dublin,CC-IE-029
HRIS-WKR-005406,WKR-PUB-005406,IE,LE-IE-SYNTH-001,ACTIVE,EMPLOYEE,PERMANENT,2014-11-02,,M,People,Limerick,CC-IE-018
HRIS-WKR-005407,WKR-PUB-005407,IE,LE-IE-SYNTH-001,ACTIVE,EMPLOYEE,FIXED_TERM,2023-12-19,,M,Operations,Dublin,CC-IE-004
HRIS-WKR-005408,WKR-PUB-005408,IE,LE-IE-SYNTH-001,ACTIVE,EMPLOYEE,FIXED_TERM,2021-12-22,,F,People,Dublin,CC-IE-013
HRIS-WKR-005409,WKR-PUB-005409,IE,LE-IE-SYNTH-001,ACTIVE,EMPLOYEE,PERMANENT,2015-02-22,,M,Engineering,Cork,CC-IE-025
HRIS-WKR-005410,WKR-PUB-005410,IE,LE-IE-SYNTH-001,ACTIVE,EMPLOYEE,PERMANENT,2018-06-14,,F,Engineering,Dublin,CC-IE-024
HRIS-WKR-005411,WKR-PUB-005411,IE,LE-IE-SYNTH-001,ACTIVE,EMPLOYEE,PERMANENT,2017-02-08,,NB,Finance,Remote-IE,CC-IE-029
HRIS-WKR-005412,WKR-PUB-005412,IE,LE-IE-SYNTH-001,ACTIVE,EMPLOYEE,PERMANENT,2025-08-26,,F,People,Dublin,CC-IE-031
HRIS-WKR-005413,WKR-PUB-005413,IE,LE-IE-SYNTH-001,ACTIVE,EMPLOYEE,PERMANENT,2025-04-01,,M,Operations,Limerick,CC-IE-035
HRIS-WKR-005414,WKR-PUB-005414,IE,LE-IE-SYNTH-001,ACTIVE,EMPLOYEE,PERMANENT,2022-02-07,,F,Sales,Remote-IE,CC-IE-023
HRIS-WKR-005415,WKR-PUB-005415,IE,LE-IE-SYNTH-001,ACTIVE,EMPLOYEE,PERMANENT,2024-10-20,,F,Sales,Dublin,CC-IE-037
HRIS-WKR-005416,WKR-PUB-005416,IE,LE-IE-SYNTH-001,ACTIVE,EMPLOYEE,PERMANENT,2022-04-20,,F,Sales,Dublin,CC-IE-026
HRIS-WKR-005417,WKR-PUB-005417,IE,LE-IE-SYNTH-001,ACTIVE,EMPLOYEE,PERMANENT,2014-01-11,,M,People,Dublin,CC-IE-012
HRIS-WKR-005418,WKR-PUB-005418,IE,LE-IE-SYNTH-001,TERMINATED,EMPLOYEE,PERMANENT,2020-12-17,2026-02-20,F,Engineering,Dublin,CC-IE-002
HRIS-WKR-005419,WKR-PUB-005419,IE,LE-IE-SYNTH-001,ACTIVE,EMPLOYEE,PERMANENT,2018-04-07,,M,Operations,Dublin,CC-IE-005
HRIS-WKR-005420,WKR-PUB-005420,IE,LE-IE-SYNTH-001,ACTIVE,EMPLOYEE,PERMANENT,2026-01-17,,M,Engineering,Cork,CC-IE-020
HRIS-WKR-005421,WKR-PUB-005421,IE,LE-IE-SYNTH-001,ACTIVE,EMPLOYEE,PERMANENT,2020-01-29,,M,Engineering,Dublin,CC-IE-019
HRIS-WKR-005422,WKR-PUB-005422,IE,LE-IE-SYNTH-001,ACTIVE,EMPLOYEE,FIXED_TERM,2022-08-02,,NB,Finance,Dublin,CC-IE-036
HRIS-WKR-005423,WKR-PUB-005423,IE,LE-IE-SYNTH-001,ACTIVE,EMPLOYEE,PERMANENT,2024-11-05,,F,Operations,Dublin,CC-IE-016
HRIS-WKR-005424,WKR-PUB-005424,IE,LE-IE-SYNTH-001,ACTIVE,EMPLOYEE,PERMANENT,2015-09-11,,M,Sales,Cork,CC-IE-039
HRIS-WKR-005425,WKR-PUB-005425,IE,LE-IE-SYNTH-001,ACTIVE,EMPLOYEE,FIXED_TERM,2026-02-10,,M,Engineering,Dublin,CC-IE-033
HRIS-WKR-005426,WKR-PUB-005426,IE,LE-IE-SYNTH-001,ACTIVE,EMPLOYEE,PERMANENT,2021-10-09,,UNDISCLOSED,Technology,Dublin,CC-IE-025
HRIS-WKR-005427,WKR-PUB-005427,IE,LE-IE-SYNTH-001,ACTIVE,EMPLOYEE,PERMANENT,2023-06-03,,F,Engineering,Limerick,CC-IE-016
HRIS-WKR-005428,WKR-PUB-005428,IE,LE-IE-SYNTH-001,ACTIVE,EMPLOYEE,PERMANENT,2019-06-26,,F,Operations,Remote-IE,CC-IE-039
HRIS-WKR-005429,WKR-PUB-005429,IE,LE-IE-SYNTH-001,ACTIVE,EMPLOYEE,FIXED_TERM,2021-03-11,,F,Engineering,Cork,CC-IE-009
HRIS-WKR-005430,WKR-PUB-005430,IE,LE-IE-SYNTH-001,ACTIVE,EMPLOYEE,FIXED_TERM,2018-03-19,,F,People,Limerick,CC-IE-036
HRIS-WKR-005431,WKR-PUB-005431,IE,LE-IE-SYNTH-001,ACTIVE,EMPLOYEE,PERMANENT,2022-04-28,,M,Engineering,Cork,CC-IE-002
HRIS-WKR-005432,WKR-PUB-005432,IE,LE-IE-SYNTH-001,ACTIVE,EMPLOYEE,PERMANENT,2019-10-29,,M,Finance,Dublin,CC-IE-031
HRIS-WKR-005433,WKR-PUB-005433,IE,LE-IE-SYNTH-001,ACTIVE,EMPLOYEE,PERMANENT,2014-10-25,,M,Finance,Cork,CC-IE-017
HRIS-WKR-005434,WKR-PUB-005434,IE,LE-IE-SYNTH-001,ACTIVE,EMPLOYEE,PERMANENT,2016-01-08,,M,Sales,Dublin,CC-IE-033
HRIS-WKR-005435,WKR-PUB-005435,IE,LE-IE-SYNTH-001,ACTIVE,EMPLOYEE,PERMANENT,2018-03-14,,M,Operations,Cork,CC-IE-034
HRIS-WKR-005436,WKR-PUB-005436,IE,LE-IE-SYNTH-001,ACTIVE,EMPLOYEE,PERMANENT,2018-08-29,,F,Operations,Dublin,CC-IE-040
HRIS-WKR-005437,WKR-PUB-005437,IE,LE-IE-SYNTH-001,ACTIVE,EMPLOYEE,PERMANENT,2016-05-13,,M,Engineering,Dublin,CC-IE-028
HRIS-WKR-005438,WKR-PUB-005438,IE,LE-IE-SYNTH-001,ACTIVE,EMPLOYEE,FIXED_TERM,2014-04-24,,M,Finance,Remote-IE,CC-IE-033
HRIS-WKR-005439,WKR-PUB-005439,IE,LE-IE-SYNTH-001,ACTIVE,CONTRACTOR,PERMANENT,2015-04-16,,F,Technology,Galway,CC-IE-013
HRIS-WKR-005440,WKR-PUB-005440,IE,LE-IE-SYNTH-001,ACTIVE,EMPLOYEE,FIXED_TERM,2025-01-25,,M,Operations,Limerick,CC-IE-016
HRIS-WKR-005441,WKR-PUB-005441,IE,LE-IE-SYNTH-001,ACTIVE,EMPLOYEE,PERMANENT,2020-09-14,,F,Engineering,Dublin,CC-IE-039
HRIS-WKR-005442,WKR-PUB-005442,IE,LE-IE-SYNTH-001,ACTIVE,EMPLOYEE,PERMANENT,2022-06-04,,M,People,Dublin,CC-IE-028
HRIS-WKR-005443,WKR-PUB-005443,IE,LE-IE-SYNTH-001,ACTIVE,EMPLOYEE,PERMANENT,2023-07-27,,M,Engineering,Cork,CC-IE-006
HRIS-WKR-005444,WKR-PUB-005444,IE,LE-IE-SYNTH-001,ACTIVE,EMPLOYEE,PERMANENT,2015-05-30,,M,Finance,Limerick,CC-IE-030
HRIS-WKR-005445,WKR-PUB-005445,IE,LE-IE-SYNTH-001,ACTIVE,EMPLOYEE,PERMANENT,2024-03-01,,F,Operations,Dublin,CC-IE-001
HRIS-WKR-005446,WKR-PUB-005446,IE,LE-IE-SYNTH-001,ACTIVE,EMPLOYEE,FIXED_TERM,2022-07-05,,F,People,Galway,CC-IE-033
HRIS-WKR-005447,WKR-PUB-005447,IE,LE-IE-SYNTH-001,ACTIVE,EMPLOYEE,PERMANENT,2019-10-20,,M,Operations,Dublin,CC-IE-002
HRIS-WKR-005448,WKR-PUB-005448,IE,LE-IE-SYNTH-001,ACTIVE,EMPLOYEE,PERMANENT,2018-02-12,,M,Finance,Dublin,CC-IE-019
HRIS-WKR-005449,WKR-PUB-005449,IE,LE-IE-SYNTH-001,ACTIVE,EMPLOYEE,PERMANENT,2018-11-20,,F,Operations,Remote-IE,CC-IE-011
HRIS-WKR-005450,WKR-PUB-005450,IE,LE-IE-SYNTH-001,ACTIVE,EMPLOYEE,PERMANENT,2015-08-31,,M,Sales,Dublin,CC-IE-014
HRIS-WKR-005451,WKR-PUB-005451,IE,LE-IE-SYNTH-001,ACTIVE,EMPLOYEE,PERMANENT,2025-01-17,,M,Sales,Dublin,CC-IE-036
HRIS-WKR-005452,WKR-PUB-005452,IE,LE-IE-SYNTH-001,ACTIVE,EMPLOYEE,PERMANENT,2021-02-10,,M,Technology,Remote-IE,CC-IE-029
HRIS-WKR-005453,WKR-PUB-005453,IE,LE-IE-SYNTH-001,ACTIVE,EMPLOYEE,FIXED_TERM,2025-10-01,,NB,Finance,Galway,CC-IE-020
HRIS-WKR-005454,WKR-PUB-005454,IE,LE-IE-SYNTH-001,ACTIVE,EMPLOYEE,PERMANENT,2015-12-19,,F,Sales,Galway,CC-IE-001
HRIS-WKR-005455,WKR-PUB-005455,IE,LE-IE-SYNTH-001,ACTIVE,EMPLOYEE,PERMANENT,2021-02-14,,F,Engineering,Remote-IE,CC-IE-040
HRIS-WKR-005456,WKR-PUB-005456,IE,LE-IE-SYNTH-001,ACTIVE,EMPLOYEE,PERMANENT,2025-03-12,,M,Engineering,Dublin,CC-IE-040
HRIS-WKR-005457,WKR-PUB-005457,IE,LE-IE-SYNTH-001,ACTIVE,EMPLOYEE,PERMANENT,2025-01-28,,M,Sales,Dublin,CC-IE-008
HRIS-WKR-005458,WKR-PUB-005458,IE,LE-IE-SYNTH-001,ACTIVE,EMPLOYEE,PERMANENT,2022-07-30,,F,Engineering,Limerick,CC-IE-023
HRIS-WKR-005459,WKR-PUB-005459,IE,LE-IE-SYNTH-001,ACTIVE,EMPLOYEE,FIXED_TERM,2018-06-12,,F,Operations,Dublin,CC-IE-004
HRIS-WKR-005460,WKR-PUB-005460,IE,LE-IE-SYNTH-001,ACTIVE,EMPLOYEE,FIXED_TERM,2015-05-07,,F,Operations,Remote-IE,CC-IE-005
HRIS-WKR-005461,WKR-PUB-005461,IE,LE-IE-SYNTH-001,ACTIVE,EMPLOYEE,PERMANENT,2019-03-31,,M,Operations,Dublin,CC-IE-009
HRIS-WKR-005462,WKR-PUB-005462,IE,LE-IE-SYNTH-001,ACTIVE,EMPLOYEE,PERMANENT,2017-04-27,,M,Engineering,Cork,CC-IE-011
HRIS-WKR-005463,WKR-PUB-005463,IE,LE-IE-SYNTH-001,ACTIVE,EMPLOYEE,PERMANENT,2023-04-01,,F,Technology,Cork,CC-IE-012
HRIS-WKR-005464,WKR-PUB-005464,IE,LE-IE-SYNTH-001,ACTIVE,EMPLOYEE,PERMANENT,2018-07-07,,M,Sales,Galway,CC-IE-007
HRIS-WKR-005465,WKR-PUB-005465,IE,LE-IE-SYNTH-001,ACTIVE,EMPLOYEE,PERMANENT,2018-05-27,,M,Operations,Dublin,CC-IE-011
HRIS-WKR-005466,WKR-PUB-005466,IE,LE-IE-SYNTH-001,ACTIVE,EMPLOYEE,APPRENTICE,2020-07-09,,M,Engineering,Dublin,CC-IE-011
HRIS-WKR-005467,WKR-PUB-005467,IE,LE-IE-SYNTH-001,ACTIVE,EMPLOYEE,PERMANENT,2019-01-22,,M,Technology,Dublin,CC-IE-018
HRIS-WKR-005468,WKR-PUB-005468,IE,LE-IE-SYNTH-001,ACTIVE,CONTRACTOR,PERMANENT,2022-12-11,,F,Sales,Dublin,CC-IE-004
HRIS-WKR-005469,WKR-PUB-005469,IE,LE-IE-SYNTH-001,ACTIVE,EMPLOYEE,PERMANENT,2026-02-01,,M,Finance,Cork,CC-IE-024
HRIS-WKR-005470,WKR-PUB-005470,IE,LE-IE-SYNTH-001,ACTIVE,EMPLOYEE,PERMANENT,2021-04-03,,M,Engineering,Cork,CC-IE-013
HRIS-WKR-005471,WKR-PUB-005471,IE,LE-IE-SYNTH-001,ACTIVE,EMPLOYEE,PERMANENT,2020-08-09,,M,Engineering,Dublin,CC-IE-006
HRIS-WKR-005472,WKR-PUB-005472,IE,LE-IE-SYNTH-001,ACTIVE,EMPLOYEE,PERMANENT,2025-03-24,,F,Engineering,Remote-IE,CC-IE-019
HRIS-WKR-005473,WKR-PUB-005473,IE,LE-IE-SYNTH-001,TERMINATED,EMPLOYEE,PERMANENT,2021-02-04,2026-05-16,M,Operations,Remote-IE,CC-IE-033
HRIS-WKR-005474,WKR-PUB-005474,IE,LE-IE-SYNTH-001,ACTIVE,EMPLOYEE,PERMANENT,2017-07-28,,F,Operations,Dublin,CC-IE-016
HRIS-WKR-005475,WKR-PUB-005475,IE,LE-IE-SYNTH-001,ACTIVE,EMPLOYEE,PERMANENT,2019-08-20,,M,Operations,Dublin,CC-IE-010
HRIS-WKR-005476,WKR-PUB-005476,IE,LE-IE-SYNTH-001,ACTIVE,EMPLOYEE,PERMANENT,2024-10-06,,M,Sales,Dublin,CC-IE-011
HRIS-WKR-005477,WKR-PUB-005477,IE,LE-IE-SYNTH-001,ACTIVE,EMPLOYEE,FIXED_TERM,2019-06-26,,,Engineering,Cork,CC-IE-016
HRIS-WKR-005478,WKR-PUB-005478,IE,LE-IE-SYNTH-001,ACTIVE,EMPLOYEE,FIXED_TERM,2016-11-23,,F,Finance,Dublin,CC-IE-037
HRIS-WKR-005479,WKR-PUB-005479,IE,LE-IE-SYNTH-001,ACTIVE,EMPLOYEE,PERMANENT,2025-09-07,,M,People,Limerick,CC-IE-011
HRIS-WKR-005480,WKR-PUB-005480,IE,LE-IE-SYNTH-001,ACTIVE,EMPLOYEE,FIXED_TERM,2018-02-03,,M,Finance,Dublin,CC-IE-001
HRIS-WKR-005481,WKR-PUB-005481,IE,LE-IE-SYNTH-001,ACTIVE,EMPLOYEE,PERMANENT,2023-12-15,,F,Engineering,Galway,CC-IE-024
HRIS-WKR-005482,WKR-PUB-005482,IE,LE-IE-SYNTH-001,ACTIVE,EMPLOYEE,PERMANENT,2016-07-12,,M,Engineering,Limerick,CC-IE-018
HRIS-WKR-005483,WKR-PUB-005483,IE,LE-IE-SYNTH-001,ACTIVE,EMPLOYEE,FIXED_TERM,2018-10-01,,M,Sales,Cork,CC-IE-039
HRIS-WKR-005484,WKR-PUB-005484,IE,LE-IE-SYNTH-001,ACTIVE,EMPLOYEE,PERMANENT,2020-08-13,,F,Operations,Dublin,CC-IE-010
HRIS-WKR-005485,WKR-PUB-005485,IE,LE-IE-SYNTH-001,ACTIVE,EMPLOYEE,PERMANENT,2023-10-03,,F,Sales,Dublin,CC-IE-017
HRIS-WKR-005486,WKR-PUB-005486,IE,LE-IE-SYNTH-001,ACTIVE,EMPLOYEE,PERMANENT,2017-11-22,,F,Engineering,Limerick,CC-IE-017
HRIS-WKR-005487,WKR-PUB-005487,IE,LE-IE-SYNTH-001,ACTIVE,EMPLOYEE,PERMANENT,2020-12-10,,F,Sales,Dublin,CC-IE-007
HRIS-WKR-005488,WKR-PUB-005488,IE,LE-IE-SYNTH-001,ACTIVE,EMPLOYEE,FIXED_TERM,2025-07-20,,M,Technology,Dublin,CC-IE-023
HRIS-WKR-005489,WKR-PUB-005489,IE,LE-IE-SYNTH-001,TERMINATED,EMPLOYEE,PERMANENT,2022-11-18,2026-12-06,M,Sales,Remote-IE,CC-IE-030
HRIS-WKR-005490,WKR-PUB-005490,IE,LE-IE-SYNTH-001,ACTIVE,EMPLOYEE,PERMANENT,2018-07-10,,M,Operations,Dublin,CC-IE-039
HRIS-WKR-005491,WKR-PUB-005491,IE,LE-IE-SYNTH-001,ACTIVE,CONTRACTOR,PERMANENT,2020-07-01,,M,Sales,Galway,CC-IE-031
HRIS-WKR-005492,WKR-PUB-005492,IE,LE-IE-SYNTH-001,ACTIVE,EMPLOYEE,PERMANENT,2025-12-22,,F,Engineering,Limerick,CC-IE-031
HRIS-WKR-005493,WKR-PUB-005493,IE,LE-IE-SYNTH-001,ACTIVE,EMPLOYEE,FIXED_TERM,2015-05-25,,M,Engineering,Dublin,CC-IE-033
HRIS-WKR-005494,WKR-PUB-005494,IE,LE-IE-SYNTH-001,ACTIVE,EMPLOYEE,FIXED_TERM,2025-12-06,,NB,Sales,Dublin,CC-IE-006
HRIS-WKR-005495,WKR-PUB-005495,IE,LE-IE-SYNTH-001,ACTIVE,EMPLOYEE,PERMANENT,2024-10-11,,,Operations,Cork,CC-IE-014
HRIS-WKR-005496,WKR-PUB-005496,IE,LE-IE-SYNTH-001,ACTIVE,EMPLOYEE,PERMANENT,2018-08-31,,F,Finance,Dublin,CC-IE-020
HRIS-WKR-005497,WKR-PUB-005497,IE,LE-IE-SYNTH-001,ACTIVE,EMPLOYEE,PERMANENT,2018-07-23,,M,Sales,Cork,CC-IE-035
HRIS-WKR-005498,WKR-PUB-005498,IE,LE-IE-SYNTH-001,ACTIVE,EMPLOYEE,FIXED_TERM,2025-02-16,,M,Operations,Galway,CC-IE-010
HRIS-WKR-005499,WKR-PUB-005499,IE,LE-IE-SYNTH-001,ACTIVE,EMPLOYEE,PERMANENT,2021-11-02,,F,Operations,Dublin,CC-IE-039
HRIS-WKR-005500,WKR-PUB-005500,IE,LE-IE-SYNTH-001,ACTIVE,EMPLOYEE,PERMANENT,2023-07-16,,M,Operations,Remote-IE,CC-IE-009
HRIS-WKR-005501,WKR-PUB-005501,IE,LE-IE-SYNTH-001,ACTIVE,EMPLOYEE,PERMANENT,2015-12-13,,M,Engineering,Dublin,CC-IE-023
HRIS-WKR-005502,WKR-PUB-005502,IE,LE-IE-SYNTH-001,ACTIVE,EMPLOYEE,PERMANENT,2018-03-27,,M,Operations,Galway,CC-IE-005
HRIS-WKR-005503,WKR-PUB-005503,IE,LE-IE-SYNTH-001,ACTIVE,EMPLOYEE,PERMANENT,2022-05-05,,M,Engineering,Dublin,CC-IE-004
HRIS-WKR-005504,WKR-PUB-005504,IE,LE-IE-SYNTH-001,ACTIVE,EMPLOYEE,FIXED_TERM,2015-03-21,,F,Engineering,Cork,CC-IE-008
HRIS-WKR-005505,WKR-PUB-005505,IE,LE-IE-SYNTH-001,ACTIVE,EMPLOYEE,PERMANENT,2018-11-11,,F,Engineering,Galway,CC-IE-003
HRIS-WKR-005506,WKR-PUB-005506,IE,LE-IE-SYNTH-001,TERMINATED,EMPLOYEE,PERMANENT,2019-02-13,2026-04-29,M,Technology,Remote-IE,CC-IE-040
HRIS-WKR-005507,WKR-PUB-005507,IE,LE-IE-SYNTH-001,ACTIVE,EMPLOYEE,PERMANENT,2016-11-27,,UNDISCLOSED,Engineering,Dublin,CC-IE-004
HRIS-WKR-005508,WKR-PUB-005508,IE,LE-IE-SYNTH-001,ACTIVE,EMPLOYEE,PERMANENT,2015-08-06,,M,Sales,Limerick,CC-IE-036
HRIS-WKR-005509,WKR-PUB-005509,IE,LE-IE-SYNTH-001,ACTIVE,EMPLOYEE,PERMANENT,2017-01-01,,F,Sales,Dublin,CC-IE-026
HRIS-WKR-005510,WKR-PUB-005510,IE,LE-IE-SYNTH-001,ACTIVE,EMPLOYEE,PERMANENT,2023-10-24,,F,Operations,Remote-IE,CC-IE-040
HRIS-WKR-005511,WKR-PUB-005511,IE,LE-IE-SYNTH-001,ACTIVE,EMPLOYEE,APPRENTICE,2019-01-30,,M,Operations,Dublin,CC-IE-001
HRIS-WKR-005512,WKR-PUB-005512,IE,LE-IE-SYNTH-001,ACTIVE,EMPLOYEE,PERMANENT,2025-11-02,,,Finance,Dublin,CC-IE-005
HRIS-WKR-005513,WKR-PUB-005513,IE,LE-IE-SYNTH-001,ACTIVE,EMPLOYEE,PERMANENT,2018-08-23,,M,Operations,Dublin,CC-IE-009
HRIS-WKR-005514,WKR-PUB-005514,IE,LE-IE-SYNTH-001,ACTIVE,EMPLOYEE,PERMANENT,2014-01-21,,M,Finance,Dublin,CC-IE-023
HRIS-WKR-005515,WKR-PUB-005515,IE,LE-IE-SYNTH-001,ACTIVE,EMPLOYEE,PERMANENT,2019-12-27,,M,Sales,Remote-IE,CC-IE-032
HRIS-WKR-005516,WKR-PUB-005516,IE,LE-IE-SYNTH-001,ACTIVE,EMPLOYEE,FIXED_TERM,2015-10-06,,F,Technology,Dublin,CC-IE-015
HRIS-WKR-005517,WKR-PUB-005517,IE,LE-IE-SYNTH-001,ACTIVE,EMPLOYEE,PERMANENT,2014-04-17,,M,Finance,Cork,CC-IE-040
HRIS-WKR-005518,WKR-PUB-005518,IE,LE-IE-SYNTH-001,ACTIVE,EMPLOYEE,PERMANENT,2024-07-12,,F,Finance,Dublin,CC-IE-005
HRIS-WKR-005519,WKR-PUB-005519,IE,LE-IE-SYNTH-001,ACTIVE,EMPLOYEE,PERMANENT,2021-01-18,,F,Sales,Dublin,CC-IE-040
HRIS-WKR-005520,WKR-PUB-005520,IE,LE-IE-SYNTH-001,ACTIVE,EMPLOYEE,FIXED_TERM,2026-01-30,,M,People,Cork,CC-IE-010
HRIS-WKR-005521,WKR-PUB-005521,IE,LE-IE-SYNTH-001,ACTIVE,EMPLOYEE,PERMANENT,2026-01-21,,F,Operations,Dublin,CC-IE-040
HRIS-WKR-005522,WKR-PUB-005522,IE,LE-IE-SYNTH-001,ACTIVE,EMPLOYEE,PERMANENT,2023-06-14,,UNDISCLOSED,People,Dublin,CC-IE-015
HRIS-WKR-005523,WKR-PUB-005523,IE,LE-IE-SYNTH-001,ACTIVE,EMPLOYEE,APPRENTICE,2019-04-01,,F,Sales,Dublin,CC-IE-012
HRIS-WKR-005524,WKR-PUB-005524,IE,LE-IE-SYNTH-001,ACTIVE,EMPLOYEE,PERMANENT,2022-11-05,,M,Technology,Limerick,CC-IE-005
HRIS-WKR-005525,WKR-PUB-005525,IE,LE-IE-SYNTH-001,ACTIVE,EMPLOYEE,PERMANENT,2021-07-04,,M,Engineering,Dublin,CC-IE-018
HRIS-WKR-005526,WKR-PUB-005526,IE,LE-IE-SYNTH-001,ACTIVE,EMPLOYEE,PERMANENT,2023-01-30,,M,Engineering,Dublin,CC-IE-035
HRIS-WKR-005527,WKR-PUB-005527,IE,LE-IE-SYNTH-001,ACTIVE,EMPLOYEE,PERMANENT,2024-08-14,,M,Engineering,Remote-IE,CC-IE-037
HRIS-WKR-005528,WKR-PUB-005528,IE,LE-IE-SYNTH-001,ACTIVE,EMPLOYEE,PERMANENT,2016-05-01,,M,People,Dublin,CC-IE-014
HRIS-WKR-005529,WKR-PUB-005529,IE,LE-IE-SYNTH-001,ACTIVE,EMPLOYEE,PERMANENT,2023-01-14,,M,Engineering,Dublin,CC-IE-012
HRIS-WKR-005530,WKR-PUB-005530,IE,LE-IE-SYNTH-001,ACTIVE,EMPLOYEE,PERMANENT,2020-11-01,,F,Operations,Dublin,CC-IE-038
HRIS-WKR-005531,WKR-PUB-005531,IE,LE-IE-SYNTH-001,ACTIVE,EMPLOYEE,PERMANENT,2016-11-29,,M,Sales,Dublin,CC-IE-035
HRIS-WKR-005532,WKR-PUB-005532,IE,LE-IE-SYNTH-001,ACTIVE,EMPLOYEE,FIXED_TERM,2018-09-26,,F,Engineering,Cork,CC-IE-029
HRIS-WKR-005533,WKR-PUB-005533,IE,LE-IE-SYNTH-001,ACTIVE,CONTRACTOR,PERMANENT,2022-03-18,,M,Technology,Galway,CC-IE-036
HRIS-WKR-005534,WKR-PUB-005534,IE,LE-IE-SYNTH-001,ACTIVE,EMPLOYEE,FIXED_TERM,2016-10-28,,F,Operations,Remote-IE,CC-IE-003
HRIS-WKR-005535,WKR-PUB-005535,IE,LE-IE-SYNTH-001,ACTIVE,EMPLOYEE,PERMANENT,2014-11-22,,M,Engineering,Dublin,CC-IE-027
HRIS-WKR-005536,WKR-PUB-005536,IE,LE-IE-SYNTH-001,ACTIVE,EMPLOYEE,PERMANENT,2019-05-09,,F,Operations,Dublin,CC-IE-016
HRIS-WKR-005537,WKR-PUB-005537,IE,LE-IE-SYNTH-001,ACTIVE,EMPLOYEE,PERMANENT,2014-07-07,,F,Operations,Dublin,CC-IE-035
HRIS-WKR-005538,WKR-PUB-005538,IE,LE-IE-SYNTH-001,ACTIVE,EMPLOYEE,PERMANENT,2022-05-01,,F,Operations,Cork,CC-IE-023
HRIS-WKR-005539,WKR-PUB-005539,IE,LE-IE-SYNTH-001,ACTIVE,EMPLOYEE,PERMANENT,2019-11-24,,M,Engineering,Limerick,CC-IE-011
HRIS-WKR-005540,WKR-PUB-005540,IE,LE-IE-SYNTH-001,ACTIVE,EMPLOYEE,FIXED_TERM,2016-02-15,,F,Operations,Remote-IE,CC-IE-027
HRIS-WKR-005541,WKR-PUB-005541,IE,LE-IE-SYNTH-001,ACTIVE,EMPLOYEE,PERMANENT,2017-04-11,,F,Finance,Galway,CC-IE-011
HRIS-WKR-005542,WKR-PUB-005542,IE,LE-IE-SYNTH-001,ACTIVE,EMPLOYEE,FIXED_TERM,2023-12-08,,M,Operations,Dublin,CC-IE-040
HRIS-WKR-005543,WKR-PUB-005543,IE,LE-IE-SYNTH-001,ACTIVE,EMPLOYEE,PERMANENT,2022-04-14,,M,Finance,Limerick,CC-IE-036
HRIS-WKR-005544,WKR-PUB-005544,IE,LE-IE-SYNTH-001,ACTIVE,EMPLOYEE,PERMANENT,2017-10-30,,M,Sales,Dublin,CC-IE-039
HRIS-WKR-005545,WKR-PUB-005545,IE,LE-IE-SYNTH-001,ACTIVE,EMPLOYEE,PERMANENT,2017-10-12,,M,Sales,Remote-IE,CC-IE-016
HRIS-WKR-005546,WKR-PUB-005546,IE,LE-IE-SYNTH-001,ACTIVE,EMPLOYEE,PERMANENT,2024-11-12,,M,Engineering,Dublin,CC-IE-040
HRIS-WKR-005547,WKR-PUB-005547,IE,LE-IE-SYNTH-001,ACTIVE,EMPLOYEE,PERMANENT,2021-05-29,,M,Operations,Dublin,CC-IE-017
HRIS-WKR-005548,WKR-PUB-005548,IE,LE-IE-SYNTH-001,ACTIVE,EMPLOYEE,PERMANENT,2019-11-20,,NB,Finance,Dublin,CC-IE-032
HRIS-WKR-005549,WKR-PUB-005549,IE,LE-IE-SYNTH-001,ACTIVE,EMPLOYEE,FIXED_TERM,2023-03-29,,F,Operations,Remote-IE,CC-IE-012
HRIS-WKR-005550,WKR-PUB-005550,IE,LE-IE-SYNTH-001,ACTIVE,EMPLOYEE,PERMANENT,2018-05-25,,M,People,Cork,CC-IE-034
HRIS-WKR-005551,WKR-PUB-005551,IE,LE-IE-SYNTH-001,ACTIVE,EMPLOYEE,PERMANENT,2025-06-15,,M,Engineering,Dublin,CC-IE-006
HRIS-WKR-005552,WKR-PUB-005552,IE,LE-IE-SYNTH-001,ACTIVE,EMPLOYEE,PERMANENT,2022-12-08,,F,Engineering,Limerick,CC-IE-025
HRIS-WKR-005553,WKR-PUB-005553,IE,LE-IE-SYNTH-001,ACTIVE,EMPLOYEE,PERMANENT,2020-04-30,,F,Sales,Dublin,CC-IE-018
HRIS-WKR-005554,WKR-PUB-005554,IE,LE-IE-SYNTH-001,ACTIVE,EMPLOYEE,PERMANENT,2023-09-30,,M,People,Dublin,CC-IE-006
HRIS-WKR-005555,WKR-PUB-005555,IE,LE-IE-SYNTH-001,ACTIVE,CONTRACTOR,PERMANENT,2019-01-11,,F,Sales,Dublin,CC-IE-038
HRIS-WKR-005556,WKR-PUB-005556,IE,LE-IE-SYNTH-001,ACTIVE,EMPLOYEE,FIXED_TERM,2023-09-24,,F,Engineering,Dublin,CC-IE-020
HRIS-WKR-005557,WKR-PUB-005557,IE,LE-IE-SYNTH-001,ACTIVE,EMPLOYEE,PERMANENT,2015-08-05,,M,Technology,Cork,CC-IE-013
HRIS-WKR-005558,WKR-PUB-005558,IE,LE-IE-SYNTH-001,ACTIVE,EMPLOYEE,PERMANENT,2017-07-13,,F,People,Dublin,CC-IE-020
HRIS-WKR-005559,WKR-PUB-005559,IE,LE-IE-SYNTH-001,ACTIVE,EMPLOYEE,PERMANENT,2024-02-26,,M,Operations,Dublin,CC-IE-013
HRIS-WKR-005560,WKR-PUB-005560,IE,LE-IE-SYNTH-001,ACTIVE,EMPLOYEE,PERMANENT,2019-10-26,,F,Sales,Galway,CC-IE-033
HRIS-WKR-005561,WKR-PUB-005561,IE,LE-IE-SYNTH-001,ACTIVE,EMPLOYEE,PERMANENT,2022-03-09,,F,Engineering,Dublin,CC-IE-001
HRIS-WKR-005562,WKR-PUB-005562,IE,LE-IE-SYNTH-001,ACTIVE,EMPLOYEE,PERMANENT,2015-02-17,,M,Operations,Remote-IE,CC-IE-035
HRIS-WKR-005563,WKR-PUB-005563,IE,LE-IE-SYNTH-001,ACTIVE,EMPLOYEE,PERMANENT,2018-02-02,,F,People,Dublin,CC-IE-020
HRIS-WKR-005564,WKR-PUB-005564,IE,LE-IE-SYNTH-001,ACTIVE,EMPLOYEE,FIXED_TERM,2019-09-08,,M,Sales,Dublin,CC-IE-007
HRIS-WKR-005565,WKR-PUB-005565,IE,LE-IE-SYNTH-001,ACTIVE,EMPLOYEE,PERMANENT,2021-12-20,,F,Finance,Dublin,CC-IE-034
HRIS-WKR-005566,WKR-PUB-005566,IE,LE-IE-SYNTH-001,ACTIVE,CONTRACTOR,PERMANENT,2025-03-06,,M,Operations,Dublin,CC-IE-011
HRIS-WKR-005567,WKR-PUB-005567,IE,LE-IE-SYNTH-001,ACTIVE,EMPLOYEE,PERMANENT,2023-04-12,,M,Engineering,Limerick,CC-IE-025
HRIS-WKR-005568,WKR-PUB-005568,IE,LE-IE-SYNTH-001,ACTIVE,EMPLOYEE,PERMANENT,2023-02-07,,M,Sales,Dublin,CC-IE-040
HRIS-WKR-005569,WKR-PUB-005569,IE,LE-IE-SYNTH-001,ACTIVE,EMPLOYEE,PERMANENT,2015-01-19,,F,Sales,Remote-IE,CC-IE-040
HRIS-WKR-005570,WKR-PUB-005570,IE,LE-IE-SYNTH-001,ACTIVE,EMPLOYEE,PERMANENT,2025-02-18,,M,Technology,Dublin,CC-IE-016
HRIS-WKR-005571,WKR-PUB-005571,IE,LE-IE-SYNTH-001,ACTIVE,EMPLOYEE,PERMANENT,2016-12-08,,NB,Operations,Dublin,CC-IE-040
HRIS-WKR-005572,WKR-PUB-005572,IE,LE-IE-SYNTH-001,ACTIVE,EMPLOYEE,PERMANENT,2021-10-02,,M,Operations,Remote-IE,CC-IE-019
HRIS-WKR-005573,WKR-PUB-005573,IE,LE-IE-SYNTH-001,ACTIVE,EMPLOYEE,PERMANENT,2019-09-29,,F,Operations,Dublin,CC-IE-032
HRIS-WKR-005574,WKR-PUB-005574,IE,LE-IE-SYNTH-001,ACTIVE,EMPLOYEE,PERMANENT,2025-11-11,,F,Technology,Cork,CC-IE-008
HRIS-WKR-005575,WKR-PUB-005575,IE,LE-IE-SYNTH-001,ACTIVE,EMPLOYEE,FIXED_TERM,2016-02-28,,F,People,Dublin,CC-IE-016
HRIS-WKR-005576,WKR-PUB-005576,IE,LE-IE-SYNTH-001,ACTIVE,EMPLOYEE,PERMANENT,2016-01-15,,F,Engineering,Dublin,CC-IE-028
HRIS-WKR-005577,WKR-PUB-005577,IE,LE-IE-SYNTH-001,ACTIVE,EMPLOYEE,PERMANENT,2018-09-24,,F,Engineering,Limerick,CC-IE-017
HRIS-WKR-005578,WKR-PUB-005578,IE,LE-IE-SYNTH-001,ACTIVE,EMPLOYEE,PERMANENT,2014-04-02,,M,Sales,Cork,CC-IE-010
HRIS-WKR-005579,WKR-PUB-005579,IE,LE-IE-SYNTH-001,ACTIVE,EMPLOYEE,PERMANENT,2025-05-26,,M,Technology,Dublin,CC-IE-028
HRIS-WKR-005580,WKR-PUB-005580,IE,LE-IE-SYNTH-001,ACTIVE,EMPLOYEE,PERMANENT,2018-11-01,,M,Engineering,Cork,CC-IE-020
HRIS-WKR-005581,WKR-PUB-005581,IE,LE-IE-SYNTH-001,ACTIVE,EMPLOYEE,PERMANENT,2022-02-19,,M,Technology,Dublin,CC-IE-020
HRIS-WKR-005582,WKR-PUB-005582,IE,LE-IE-SYNTH-001,ACTIVE,EMPLOYEE,PERMANENT,2015-06-23,,M,Sales,Galway,CC-IE-034
HRIS-WKR-005583,WKR-PUB-005583,IE,LE-IE-SYNTH-001,ACTIVE,EMPLOYEE,PERMANENT,2018-08-22,,M,People,Dublin,CC-IE-020
HRIS-WKR-005584,WKR-PUB-005584,IE,LE-IE-SYNTH-001,ACTIVE,EMPLOYEE,PERMANENT,2020-03-03,,UNDISCLOSED,Engineering,Dublin,CC-IE-035
HRIS-WKR-005585,WKR-PUB-005585,IE,LE-IE-SYNTH-001,ACTIVE,EMPLOYEE,PERMANENT,2015-05-12,,F,Technology,Dublin,CC-IE-027
HRIS-WKR-005586,WKR-PUB-005586,IE,LE-IE-SYNTH-001,ACTIVE,EMPLOYEE,PERMANENT,2016-02-17,,UNDISCLOSED,Engineering,Limerick,CC-IE-017
HRIS-WKR-005587,WKR-PUB-005587,IE,LE-IE-SYNTH-001,ACTIVE,EMPLOYEE,PERMANENT,2016-10-16,,F,Operations,Remote-IE,CC-IE-008
HRIS-WKR-005588,WKR-PUB-005588,IE,LE-IE-SYNTH-001,ACTIVE,EMPLOYEE,PERMANENT,2017-05-10,,,Finance,Dublin,CC-IE-010
HRIS-WKR-005589,WKR-PUB-005589,IE,LE-IE-SYNTH-001,ACTIVE,CONTRACTOR,PERMANENT,2020-05-01,,M,People,Cork,CC-IE-018
HRIS-WKR-005590,WKR-PUB-005590,IE,LE-IE-SYNTH-001,ACTIVE,EMPLOYEE,PERMANENT,2014-09-28,,F,Sales,Dublin,CC-IE-025
HRIS-WKR-005591,WKR-PUB-005591,IE,LE-IE-SYNTH-001,ACTIVE,EMPLOYEE,PERMANENT,2014-04-10,,F,Finance,Dublin,CC-IE-005
HRIS-WKR-005592,WKR-PUB-005592,IE,LE-IE-SYNTH-001,ACTIVE,EMPLOYEE,PERMANENT,2017-02-16,,F,People,Dublin,CC-IE-005
HRIS-WKR-005593,WKR-PUB-005593,IE,LE-IE-SYNTH-001,ACTIVE,EMPLOYEE,PERMANENT,2015-07-20,,F,Sales,Dublin,CC-IE-009
HRIS-WKR-005594,WKR-PUB-005594,IE,LE-IE-SYNTH-001,ACTIVE,EMPLOYEE,PERMANENT,2017-04-21,,M,Sales,Dublin,CC-IE-013
HRIS-WKR-005595,WKR-PUB-005595,IE,LE-IE-SYNTH-001,ACTIVE,EMPLOYEE,FIXED_TERM,2023-11-14,,M,People,Cork,CC-IE-039
HRIS-WKR-005596,WKR-PUB-005596,IE,LE-IE-SYNTH-001,ACTIVE,EMPLOYEE,APPRENTICE,2019-12-13,,M,Operations,Cork,CC-IE-032
HRIS-WKR-005597,WKR-PUB-005597,IE,LE-IE-SYNTH-001,ACTIVE,EMPLOYEE,FIXED_TERM,2016-06-07,,F,Operations,Limerick,CC-IE-030
HRIS-WKR-005598,WKR-PUB-005598,IE,LE-IE-SYNTH-001,ACTIVE,EMPLOYEE,PERMANENT,2025-03-30,,M,Engineering,Remote-IE,CC-IE-024
HRIS-WKR-005599,WKR-PUB-005599,IE,LE-IE-SYNTH-001,ACTIVE,EMPLOYEE,PERMANENT,2023-04-27,,M,People,Dublin,CC-IE-014
HRIS-WKR-005600,WKR-PUB-005600,IE,LE-IE-SYNTH-001,ACTIVE,EMPLOYEE,FIXED_TERM,2018-02-09,,F,Sales,Galway,CC-IE-018
HRIS-WKR-005601,WKR-PUB-005601,IE,LE-IE-SYNTH-001,ACTIVE,EMPLOYEE,PERMANENT,2021-05-16,,M,Engineering,Cork,CC-IE-039
HRIS-WKR-005602,WKR-PUB-005602,IE,LE-IE-SYNTH-001,ACTIVE,EMPLOYEE,FIXED_TERM,2024-04-24,,F,Operations,Dublin,CC-IE-016
HRIS-WKR-005603,WKR-PUB-005603,IE,LE-IE-SYNTH-001,ACTIVE,EMPLOYEE,PERMANENT,2022-03-26,,M,Engineering,Dublin,CC-IE-024
HRIS-WKR-005604,WKR-PUB-005604,IE,LE-IE-SYNTH-001,ACTIVE,EMPLOYEE,PERMANENT,2019-10-14,,F,People,Dublin,CC-IE-017
HRIS-WKR-005605,WKR-PUB-005605,IE,LE-IE-SYNTH-001,ACTIVE,EMPLOYEE,PERMANENT,2014-07-03,,F,Engineering,Dublin,CC-IE-028
HRIS-WKR-005606,WKR-PUB-005606,IE,LE-IE-SYNTH-001,ACTIVE,EMPLOYEE,PERMANENT,2016-09-07,,M,Sales,Galway,CC-IE-018
HRIS-WKR-005607,WKR-PUB-005607,IE,LE-IE-SYNTH-001,ACTIVE,CONTRACTOR,PERMANENT,2019-03-10,,M,Finance,Galway,CC-IE-031
HRIS-WKR-005608,WKR-PUB-005608,IE,LE-IE-SYNTH-001,ACTIVE,EMPLOYEE,APPRENTICE,2014-04-06,,F,Finance,Limerick,CC-IE-008
HRIS-WKR-005609,WKR-PUB-005609,IE,LE-IE-SYNTH-001,ACTIVE,CONTRACTOR,PERMANENT,2020-06-08,,F,Finance,Dublin,CC-IE-003
HRIS-WKR-005610,WKR-PUB-005610,IE,LE-IE-SYNTH-001,ACTIVE,EMPLOYEE,PERMANENT,2016-11-22,,M,Engineering,Dublin,CC-IE-014
HRIS-WKR-005611,WKR-PUB-005611,IE,LE-IE-SYNTH-001,ACTIVE,EMPLOYEE,PERMANENT,2022-02-13,,M,Sales,Galway,CC-IE-038
HRIS-WKR-005612,WKR-PUB-005612,IE,LE-IE-SYNTH-001,ACTIVE,EMPLOYEE,PERMANENT,2025-09-02,,M,Sales,Cork,CC-IE-005
HRIS-WKR-005613,WKR-PUB-005613,IE,LE-IE-SYNTH-001,ACTIVE,EMPLOYEE,PERMANENT,2024-03-07,,,People,Cork,CC-IE-008
HRIS-WKR-005614,WKR-PUB-005614,IE,LE-IE-SYNTH-001,ACTIVE,EMPLOYEE,FIXED_TERM,2022-08-27,,F,People,Galway,CC-IE-003
HRIS-WKR-005615,WKR-PUB-005615,IE,LE-IE-SYNTH-001,ACTIVE,EMPLOYEE,PERMANENT,2019-07-11,,M,Technology,Dublin,CC-IE-017
HRIS-WKR-005616,WKR-PUB-005616,IE,LE-IE-SYNTH-001,ACTIVE,EMPLOYEE,PERMANENT,2026-02-04,,,Engineering,Dublin,CC-IE-010
HRIS-WKR-005617,WKR-PUB-005617,IE,LE-IE-SYNTH-001,ACTIVE,EMPLOYEE,PERMANENT,2024-12-03,,F,Engineering,Limerick,CC-IE-016
HRIS-WKR-005618,WKR-PUB-005618,IE,LE-IE-SYNTH-001,ACTIVE,EMPLOYEE,PERMANENT,2021-02-08,,F,Operations,Limerick,CC-IE-038
HRIS-WKR-005619,WKR-PUB-005619,IE,LE-IE-SYNTH-001,ACTIVE,EMPLOYEE,PERMANENT,2016-06-02,,M,Finance,Dublin,CC-IE-020
HRIS-WKR-005620,WKR-PUB-005620,IE,LE-IE-SYNTH-001,ACTIVE,EMPLOYEE,PERMANENT,2024-01-08,,F,Engineering,Remote-IE,CC-IE-018
HRIS-WKR-005621,WKR-PUB-005621,IE,LE-IE-SYNTH-001,ACTIVE,EMPLOYEE,PERMANENT,2015-02-10,,UNDISCLOSED,Engineering,Remote-IE,CC-IE-015
HRIS-WKR-005622,WKR-PUB-005622,IE,LE-IE-SYNTH-001,ACTIVE,EMPLOYEE,PERMANENT,2017-10-11,,M,Engineering,Dublin,CC-IE-018
HRIS-WKR-005623,WKR-PUB-005623,IE,LE-IE-SYNTH-001,ACTIVE,EMPLOYEE,PERMANENT,2025-10-02,,M,Operations,Remote-IE,CC-IE-006
HRIS-WKR-005624,WKR-PUB-005624,IE,LE-IE-SYNTH-001,ACTIVE,CONTRACTOR,PERMANENT,2016-04-15,,M,Sales,Galway,CC-IE-008
HRIS-WKR-005625,WKR-PUB-005625,IE,LE-IE-SYNTH-001,ACTIVE,EMPLOYEE,PERMANENT,2024-05-28,,M,Operations,Dublin,CC-IE-024
HRIS-WKR-005626,WKR-PUB-005626,IE,LE-IE-SYNTH-001,ACTIVE,EMPLOYEE,PERMANENT,2024-11-11,,M,Sales,Dublin,CC-IE-007
HRIS-WKR-005627,WKR-PUB-005627,IE,LE-IE-SYNTH-001,ACTIVE,EMPLOYEE,PERMANENT,2022-05-04,,M,Finance,Cork,CC-IE-014
HRIS-WKR-005628,WKR-PUB-005628,IE,LE-IE-SYNTH-001,ACTIVE,EMPLOYEE,PERMANENT,2018-10-06,,M,People,Dublin,CC-IE-023
HRIS-WKR-005629,WKR-PUB-005629,IE,LE-IE-SYNTH-001,ACTIVE,EMPLOYEE,PERMANENT,2014-06-10,,F,Finance,Remote-IE,CC-IE-015
HRIS-WKR-005630,WKR-PUB-005630,IE,LE-IE-SYNTH-001,ACTIVE,EMPLOYEE,PERMANENT,2017-06-03,,F,Operations,Dublin,CC-IE-004
HRIS-WKR-005631,WKR-PUB-005631,IE,LE-IE-SYNTH-001,ACTIVE,CONTRACTOR,PERMANENT,2020-07-08,,F,Finance,Cork,CC-IE-033
HRIS-WKR-005632,WKR-PUB-005632,IE,LE-IE-SYNTH-001,ACTIVE,EMPLOYEE,PERMANENT,2023-07-06,,F,Sales,Galway,CC-IE-025
HRIS-WKR-005633,WKR-PUB-005633,IE,LE-IE-SYNTH-001,TERMINATED,EMPLOYEE,PERMANENT,2016-09-29,2026-07-13,M,People,Limerick,CC-IE-002
HRIS-WKR-005634,WKR-PUB-005634,IE,LE-IE-SYNTH-001,ACTIVE,EMPLOYEE,APPRENTICE,2018-07-22,,M,Engineering,Remote-IE,CC-IE-016
HRIS-WKR-005635,WKR-PUB-005635,IE,LE-IE-SYNTH-001,ACTIVE,EMPLOYEE,PERMANENT,2014-09-21,,M,Engineering,Dublin,CC-IE-003
HRIS-WKR-005636,WKR-PUB-005636,IE,LE-IE-SYNTH-001,ACTIVE,CONTRACTOR,PERMANENT,2022-11-20,,F,Sales,Dublin,CC-IE-015
HRIS-WKR-005637,WKR-PUB-005637,IE,LE-IE-SYNTH-001,ACTIVE,EMPLOYEE,PERMANENT,2015-09-02,,M,Engineering,Limerick,CC-IE-016
HRIS-WKR-005638,WKR-PUB-005638,IE,LE-IE-SYNTH-001,ACTIVE,EMPLOYEE,PERMANENT,2022-08-30,,M,Sales,Remote-IE,CC-IE-010
HRIS-WKR-005639,WKR-PUB-005639,IE,LE-IE-SYNTH-001,ACTIVE,EMPLOYEE,PERMANENT,2015-10-05,,M,Sales,Galway,CC-IE-005
HRIS-WKR-005640,WKR-PUB-005640,IE,LE-IE-SYNTH-001,ACTIVE,EMPLOYEE,PERMANENT,2021-10-22,,M,Engineering,Dublin,CC-IE-006
HRIS-WKR-005641,WKR-PUB-005641,IE,LE-IE-SYNTH-001,TERMINATED,EMPLOYEE,FIXED_TERM,2016-07-09,2026-12-24,F,Engineering,Dublin,CC-IE-038
HRIS-WKR-005642,WKR-PUB-005642,IE,LE-IE-SYNTH-001,ACTIVE,EMPLOYEE,PERMANENT,2021-11-20,,M,People,Remote-IE,CC-IE-017
HRIS-WKR-005643,WKR-PUB-005643,IE,LE-IE-SYNTH-001,ACTIVE,EMPLOYEE,PERMANENT,2017-11-21,,F,Operations,Dublin,CC-IE-015
HRIS-WKR-005644,WKR-PUB-005644,IE,LE-IE-SYNTH-001,ACTIVE,EMPLOYEE,PERMANENT,2020-07-10,,M,Sales,Dublin,CC-IE-037
HRIS-WKR-005645,WKR-PUB-005645,IE,LE-IE-SYNTH-001,ACTIVE,EMPLOYEE,PERMANENT,2021-01-28,,M,Technology,Dublin,CC-IE-031
HRIS-WKR-005646,WKR-PUB-005646,IE,LE-IE-SYNTH-001,ACTIVE,CONTRACTOR,FIXED_TERM,2025-03-12,,F,Sales,Limerick,CC-IE-030
HRIS-WKR-005647,WKR-PUB-005647,IE,LE-IE-SYNTH-001,TERMINATED,CONTRACTOR,APPRENTICE,2025-10-04,2026-09-04,F,Sales,Galway,CC-IE-013
HRIS-WKR-005648,WKR-PUB-005648,IE,LE-IE-SYNTH-001,ACTIVE,EMPLOYEE,PERMANENT,2022-10-13,,F,Engineering,Dublin,CC-IE-003
HRIS-WKR-005649,WKR-PUB-005649,IE,LE-IE-SYNTH-001,ACTIVE,EMPLOYEE,PERMANENT,2020-06-05,,F,Operations,Dublin,CC-IE-025
HRIS-WKR-005650,WKR-PUB-005650,IE,LE-IE-SYNTH-001,ACTIVE,EMPLOYEE,PERMANENT,2019-10-23,,M,Finance,Dublin,CC-IE-014
HRIS-WKR-005651,WKR-PUB-005651,IE,LE-IE-SYNTH-001,ACTIVE,CONTRACTOR,PERMANENT,2021-05-27,,F,Finance,Remote-IE,CC-IE-024
HRIS-WKR-005652,WKR-PUB-005652,IE,LE-IE-SYNTH-001,ACTIVE,EMPLOYEE,PERMANENT,2022-10-15,,F,Engineering,Dublin,CC-IE-009
HRIS-WKR-005653,WKR-PUB-005653,IE,LE-IE-SYNTH-001,ACTIVE,EMPLOYEE,FIXED_TERM,2017-05-25,,F,Technology,Cork,CC-IE-002
HRIS-WKR-005654,WKR-PUB-005654,IE,LE-IE-SYNTH-001,ACTIVE,EMPLOYEE,APPRENTICE,2023-08-15,,F,Operations,Remote-IE,CC-IE-033
HRIS-WKR-005655,WKR-PUB-005655,IE,LE-IE-SYNTH-001,ACTIVE,EMPLOYEE,FIXED_TERM,2024-03-22,,F,People,Dublin,CC-IE-035
HRIS-WKR-005656,WKR-PUB-005656,IE,LE-IE-SYNTH-001,ACTIVE,EMPLOYEE,PERMANENT,2020-05-03,,M,Operations,Dublin,CC-IE-004
HRIS-WKR-005657,WKR-PUB-005657,IE,LE-IE-SYNTH-001,ACTIVE,EMPLOYEE,PERMANENT,2024-10-13,,F,Operations,Dublin,CC-IE-022
HRIS-WKR-005658,WKR-PUB-005658,IE,LE-IE-SYNTH-001,ACTIVE,EMPLOYEE,PERMANENT,2019-08-26,,F,Engineering,Dublin,CC-IE-039
HRIS-WKR-005659,WKR-PUB-005659,IE,LE-IE-SYNTH-001,ACTIVE,EMPLOYEE,PERMANENT,2018-03-25,,M,Technology,Galway,CC-IE-007
HRIS-WKR-005660,WKR-PUB-005660,IE,LE-IE-SYNTH-001,ACTIVE,EMPLOYEE,FIXED_TERM,2021-12-20,,M,Operations,Cork,CC-IE-016
HRIS-WKR-005661,WKR-PUB-005661,IE,LE-IE-SYNTH-001,ACTIVE,EMPLOYEE,PERMANENT,2025-01-10,,M,Technology,Dublin,CC-IE-015
HRIS-WKR-005662,WKR-PUB-005662,IE,LE-IE-SYNTH-001,ACTIVE,EMPLOYEE,PERMANENT,2022-08-01,,M,Operations,Dublin,CC-IE-039
HRIS-WKR-005663,WKR-PUB-005663,IE,LE-IE-SYNTH-001,ACTIVE,EMPLOYEE,PERMANENT,2020-01-13,,F,Operations,Dublin,CC-IE-003
HRIS-WKR-005664,WKR-PUB-005664,IE,LE-IE-SYNTH-001,ACTIVE,EMPLOYEE,FIXED_TERM,2018-08-22,,F,Engineering,Galway,CC-IE-037
HRIS-WKR-005665,WKR-PUB-005665,IE,LE-IE-SYNTH-001,ACTIVE,EMPLOYEE,PERMANENT,2015-03-08,,F,Engineering,Dublin,CC-IE-002
HRIS-WKR-005666,WKR-PUB-005666,IE,LE-IE-SYNTH-001,ACTIVE,EMPLOYEE,PERMANENT,2016-08-10,,M,Finance,Limerick,CC-IE-014
HRIS-WKR-005667,WKR-PUB-005667,IE,LE-IE-SYNTH-001,ACTIVE,EMPLOYEE,PERMANENT,2016-03-27,,M,Operations,Dublin,CC-IE-035
HRIS-WKR-005668,WKR-PUB-005668,IE,LE-IE-SYNTH-001,ACTIVE,EMPLOYEE,PERMANENT,2018-09-02,,F,Engineering,Dublin,CC-IE-032
HRIS-WKR-005669,WKR-PUB-005669,IE,LE-IE-SYNTH-001,TERMINATED,EMPLOYEE,PERMANENT,2024-02-22,2026-06-01,F,Operations,Dublin,CC-IE-034
HRIS-WKR-005670,WKR-PUB-005670,IE,LE-IE-SYNTH-001,ACTIVE,EMPLOYEE,PERMANENT,2026-02-14,,,Technology,Dublin,CC-IE-040
HRIS-WKR-005671,WKR-PUB-005671,IE,LE-IE-SYNTH-001,ACTIVE,EMPLOYEE,PERMANENT,2016-01-15,,F,Engineering,Dublin,CC-IE-005
HRIS-WKR-005672,WKR-PUB-005672,IE,LE-IE-SYNTH-001,ACTIVE,CONTRACTOR,PERMANENT,2022-03-03,,M,Operations,Remote-IE,CC-IE-036
HRIS-WKR-005673,WKR-PUB-005673,IE,LE-IE-SYNTH-001,ACTIVE,EMPLOYEE,FIXED_TERM,2016-12-20,,F,Sales,Dublin,CC-IE-014
HRIS-WKR-005674,WKR-PUB-005674,IE,LE-IE-SYNTH-001,ACTIVE,EMPLOYEE,FIXED_TERM,2022-01-24,,F,Operations,Dublin,CC-IE-018
HRIS-WKR-005675,WKR-PUB-005675,IE,LE-IE-SYNTH-001,ACTIVE,EMPLOYEE,PERMANENT,2019-04-22,,M,Engineering,Remote-IE,CC-IE-028
HRIS-WKR-005676,WKR-PUB-005676,IE,LE-IE-SYNTH-001,ACTIVE,EMPLOYEE,PERMANENT,2016-02-09,,M,People,Remote-IE,CC-IE-026
HRIS-WKR-005677,WKR-PUB-005677,IE,LE-IE-SYNTH-001,ACTIVE,EMPLOYEE,PERMANENT,2020-05-12,,F,Engineering,Dublin,CC-IE-025
HRIS-WKR-005678,WKR-PUB-005678,IE,LE-IE-SYNTH-001,ACTIVE,EMPLOYEE,PERMANENT,2017-05-12,,M,Operations,Dublin,CC-IE-037
HRIS-WKR-005679,WKR-PUB-005679,IE,LE-IE-SYNTH-001,ACTIVE,EMPLOYEE,PERMANENT,2017-09-07,,M,Engineering,Dublin,CC-IE-037
HRIS-WKR-005680,WKR-PUB-005680,IE,LE-IE-SYNTH-001,ACTIVE,EMPLOYEE,PERMANENT,2022-09-25,,M,Sales,Dublin,CC-IE-037
HRIS-WKR-005681,WKR-PUB-005681,IE,LE-IE-SYNTH-001,ACTIVE,EMPLOYEE,FIXED_TERM,2024-09-19,,M,Engineering,Dublin,CC-IE-016
HRIS-WKR-005682,WKR-PUB-005682,IE,LE-IE-SYNTH-001,ACTIVE,EMPLOYEE,FIXED_TERM,2019-11-06,,M,Technology,Galway,CC-IE-018
HRIS-WKR-005683,WKR-PUB-005683,IE,LE-IE-SYNTH-001,ACTIVE,EMPLOYEE,PERMANENT,2021-03-04,,M,Sales,Dublin,CC-IE-009
HRIS-WKR-005684,WKR-PUB-005684,IE,LE-IE-SYNTH-001,ACTIVE,EMPLOYEE,PERMANENT,2023-05-28,,F,Technology,Cork,CC-IE-028
HRIS-WKR-005685,WKR-PUB-005685,IE,LE-IE-SYNTH-001,ACTIVE,EMPLOYEE,PERMANENT,2014-09-22,,F,People,Galway,CC-IE-039
HRIS-WKR-005686,WKR-PUB-005686,IE,LE-IE-SYNTH-001,ACTIVE,EMPLOYEE,FIXED_TERM,2014-02-18,,F,Operations,Remote-IE,CC-IE-031
HRIS-WKR-005687,WKR-PUB-005687,IE,LE-IE-SYNTH-001,ACTIVE,CONTRACTOR,APPRENTICE,2017-07-10,,F,People,Dublin,CC-IE-012
HRIS-WKR-005688,WKR-PUB-005688,IE,LE-IE-SYNTH-001,ACTIVE,EMPLOYEE,FIXED_TERM,2017-10-19,,M,Finance,Cork,CC-IE-039
HRIS-WKR-005689,WKR-PUB-005689,IE,LE-IE-SYNTH-001,ACTIVE,EMPLOYEE,FIXED_TERM,2025-10-16,,F,Engineering,Dublin,CC-IE-019
HRIS-WKR-005690,WKR-PUB-005690,IE,LE-IE-SYNTH-001,ACTIVE,EMPLOYEE,FIXED_TERM,2016-11-07,,F,Engineering,Dublin,CC-IE-011
HRIS-WKR-005691,WKR-PUB-005691,IE,LE-IE-SYNTH-001,ACTIVE,EMPLOYEE,FIXED_TERM,2021-02-05,,F,Engineering,Dublin,CC-IE-004
HRIS-WKR-005692,WKR-PUB-005692,IE,LE-IE-SYNTH-001,ACTIVE,EMPLOYEE,PERMANENT,2014-08-14,,F,Finance,Dublin,CC-IE-028
HRIS-WKR-005693,WKR-PUB-005693,IE,LE-IE-SYNTH-001,ACTIVE,EMPLOYEE,PERMANENT,2019-06-08,,F,Operations,Dublin,CC-IE-004
HRIS-WKR-005694,WKR-PUB-005694,IE,LE-IE-SYNTH-001,ACTIVE,EMPLOYEE,FIXED_TERM,2023-01-06,,F,Operations,Cork,CC-IE-014
HRIS-WKR-005695,WKR-PUB-005695,IE,LE-IE-SYNTH-001,ACTIVE,EMPLOYEE,PERMANENT,2017-04-26,,M,Operations,Galway,CC-IE-013
HRIS-WKR-005696,WKR-PUB-005696,IE,LE-IE-SYNTH-001,ACTIVE,EMPLOYEE,PERMANENT,2018-06-05,,M,Engineering,Dublin,CC-IE-020
HRIS-WKR-005697,WKR-PUB-005697,IE,LE-IE-SYNTH-001,ACTIVE,EMPLOYEE,FIXED_TERM,2025-07-24,,M,Sales,Galway,CC-IE-029
HRIS-WKR-005698,WKR-PUB-005698,IE,LE-IE-SYNTH-001,ACTIVE,EMPLOYEE,PERMANENT,2019-07-01,,F,Finance,Dublin,CC-IE-030
HRIS-WKR-005699,WKR-PUB-005699,IE,LE-IE-SYNTH-001,ACTIVE,EMPLOYEE,PERMANENT,2014-06-25,,F,Engineering,Remote-IE,CC-IE-031
HRIS-WKR-005700,WKR-PUB-005700,IE,LE-IE-SYNTH-001,ACTIVE,EMPLOYEE,PERMANENT,2018-04-29,,F,Technology,Dublin,CC-IE-003
HRIS-WKR-005701,WKR-PUB-005701,IE,LE-IE-SYNTH-001,ACTIVE,EMPLOYEE,PERMANENT,2017-05-21,,M,Operations,Cork,CC-IE-026
HRIS-WKR-005702,WKR-PUB-005702,IE,LE-IE-SYNTH-001,ACTIVE,EMPLOYEE,FIXED_TERM,2020-10-20,,M,Sales,Limerick,CC-IE-010
HRIS-WKR-005703,WKR-PUB-005703,IE,LE-IE-SYNTH-001,ACTIVE,EMPLOYEE,PERMANENT,2018-05-18,,M,People,Dublin,CC-IE-008
HRIS-WKR-005704,WKR-PUB-005704,IE,LE-IE-SYNTH-001,ACTIVE,EMPLOYEE,PERMANENT,2023-03-03,,M,Sales,Dublin,CC-IE-034
HRIS-WKR-005705,WKR-PUB-005705,IE,LE-IE-SYNTH-001,TERMINATED,CONTRACTOR,PERMANENT,2017-05-29,2026-06-27,NB,Finance,Galway,CC-IE-015
HRIS-WKR-005706,WKR-PUB-005706,IE,LE-IE-SYNTH-001,ACTIVE,EMPLOYEE,PERMANENT,2015-05-04,,F,Operations,Dublin,CC-IE-023
HRIS-WKR-005707,WKR-PUB-005707,IE,LE-IE-SYNTH-001,ACTIVE,EMPLOYEE,PERMANENT,2026-01-05,,F,Technology,Dublin,CC-IE-034
HRIS-WKR-005708,WKR-PUB-005708,IE,LE-IE-SYNTH-001,ACTIVE,EMPLOYEE,PERMANENT,2014-08-16,,M,People,Cork,CC-IE-004
HRIS-WKR-005709,WKR-PUB-005709,IE,LE-IE-SYNTH-001,ACTIVE,EMPLOYEE,PERMANENT,2021-07-31,,F,Operations,Galway,CC-IE-033
HRIS-WKR-005710,WKR-PUB-005710,IE,LE-IE-SYNTH-001,ACTIVE,EMPLOYEE,PERMANENT,2014-07-11,,F,Sales,Galway,CC-IE-040
HRIS-WKR-005711,WKR-PUB-005711,IE,LE-IE-SYNTH-001,ACTIVE,EMPLOYEE,PERMANENT,2016-08-06,,M,Finance,Dublin,CC-IE-016
HRIS-WKR-005712,WKR-PUB-005712,IE,LE-IE-SYNTH-001,TERMINATED,EMPLOYEE,PERMANENT,2017-03-02,2026-05-24,F,Technology,Cork,CC-IE-040
HRIS-WKR-005713,WKR-PUB-005713,IE,LE-IE-SYNTH-001,ACTIVE,EMPLOYEE,PERMANENT,2021-06-15,,M,Operations,Remote-IE,CC-IE-031
HRIS-WKR-005714,WKR-PUB-005714,IE,LE-IE-SYNTH-001,ACTIVE,EMPLOYEE,PERMANENT,2021-10-06,,F,Engineering,Dublin,CC-IE-009
HRIS-WKR-005715,WKR-PUB-005715,IE,LE-IE-SYNTH-001,ACTIVE,EMPLOYEE,PERMANENT,2017-08-17,,F,Engineering,Dublin,CC-IE-022
HRIS-WKR-005716,WKR-PUB-005716,IE,LE-IE-SYNTH-001,ACTIVE,EMPLOYEE,PERMANENT,2018-04-18,,M,Operations,Dublin,CC-IE-038
HRIS-WKR-005717,WKR-PUB-005717,IE,LE-IE-SYNTH-001,ACTIVE,EMPLOYEE,FIXED_TERM,2021-10-07,,F,People,Cork,CC-IE-003
HRIS-WKR-005718,WKR-PUB-005718,IE,LE-IE-SYNTH-001,ACTIVE,EMPLOYEE,PERMANENT,2025-08-20,,F,Sales,Dublin,CC-IE-035
HRIS-WKR-005719,WKR-PUB-005719,IE,LE-IE-SYNTH-001,ACTIVE,EMPLOYEE,FIXED_TERM,2014-09-22,,M,Technology,Dublin,CC-IE-019
HRIS-WKR-005720,WKR-PUB-005720,IE,LE-IE-SYNTH-001,ACTIVE,EMPLOYEE,FIXED_TERM,2025-12-16,,F,Operations,Remote-IE,CC-IE-029
HRIS-WKR-005721,WKR-PUB-005721,IE,LE-IE-SYNTH-001,ACTIVE,EMPLOYEE,PERMANENT,2021-12-24,,F,Engineering,Dublin,CC-IE-019
HRIS-WKR-005722,WKR-PUB-005722,IE,LE-IE-SYNTH-001,ACTIVE,EMPLOYEE,PERMANENT,2021-05-06,,M,Sales,Cork,CC-IE-024
HRIS-WKR-005723,WKR-PUB-005723,IE,LE-IE-SYNTH-001,ACTIVE,EMPLOYEE,PERMANENT,2015-05-05,,NB,Engineering,Cork,CC-IE-009
HRIS-WKR-005724,WKR-PUB-005724,IE,LE-IE-SYNTH-001,ACTIVE,EMPLOYEE,PERMANENT,2014-11-28,,M,Sales,Remote-IE,CC-IE-007
HRIS-WKR-005725,WKR-PUB-005725,IE,LE-IE-SYNTH-001,ACTIVE,EMPLOYEE,PERMANENT,2023-12-06,,M,Sales,Galway,CC-IE-027
HRIS-WKR-005726,WKR-PUB-005726,IE,LE-IE-SYNTH-001,ACTIVE,EMPLOYEE,PERMANENT,2025-01-21,,M,Sales,Cork,CC-IE-035
HRIS-WKR-005727,WKR-PUB-005727,IE,LE-IE-SYNTH-001,ACTIVE,EMPLOYEE,FIXED_TERM,2021-07-31,,F,Operations,Remote-IE,CC-IE-023
HRIS-WKR-005728,WKR-PUB-005728,IE,LE-IE-SYNTH-001,ACTIVE,EMPLOYEE,FIXED_TERM,2020-03-19,,F,Engineering,Cork,CC-IE-014
HRIS-WKR-005729,WKR-PUB-005729,IE,LE-IE-SYNTH-001,ACTIVE,EMPLOYEE,PERMANENT,2022-03-18,,F,Sales,Dublin,CC-IE-005
HRIS-WKR-005730,WKR-PUB-005730,IE,LE-IE-SYNTH-001,ACTIVE,EMPLOYEE,PERMANENT,2017-10-28,,F,Engineering,Dublin,CC-IE-028
HRIS-WKR-005731,WKR-PUB-005731,IE,LE-IE-SYNTH-001,ACTIVE,EMPLOYEE,PERMANENT,2017-12-04,,M,Operations,Dublin,CC-IE-040
HRIS-WKR-005732,WKR-PUB-005732,IE,LE-IE-SYNTH-001,ACTIVE,EMPLOYEE,APPRENTICE,2015-04-15,,M,People,Dublin,CC-IE-039
HRIS-WKR-005733,WKR-PUB-005733,IE,LE-IE-SYNTH-001,ACTIVE,EMPLOYEE,PERMANENT,2014-09-25,,F,Engineering,Remote-IE,CC-IE-019
HRIS-WKR-005734,WKR-PUB-005734,IE,LE-IE-SYNTH-001,ACTIVE,EMPLOYEE,PERMANENT,2022-09-01,,M,Engineering,Dublin,CC-IE-029
HRIS-WKR-005735,WKR-PUB-005735,IE,LE-IE-SYNTH-001,ACTIVE,EMPLOYEE,PERMANENT,2024-08-17,,M,People,Cork,CC-IE-010
HRIS-WKR-005736,WKR-PUB-005736,IE,LE-IE-SYNTH-001,ACTIVE,EMPLOYEE,PERMANENT,2019-01-14,,M,People,Dublin,CC-IE-031
HRIS-WKR-005737,WKR-PUB-005737,IE,LE-IE-SYNTH-001,ACTIVE,EMPLOYEE,FIXED_TERM,2025-09-03,,M,People,Dublin,CC-IE-017
HRIS-WKR-005738,WKR-PUB-005738,IE,LE-IE-SYNTH-001,ACTIVE,EMPLOYEE,PERMANENT,2019-07-17,,F,Technology,Cork,CC-IE-009
HRIS-WKR-005739,WKR-PUB-005739,IE,LE-IE-SYNTH-001,ACTIVE,EMPLOYEE,PERMANENT,2025-08-27,,M,Finance,Cork,CC-IE-021
HRIS-WKR-005740,WKR-PUB-005740,IE,LE-IE-SYNTH-001,ACTIVE,EMPLOYEE,APPRENTICE,2021-07-07,,M,Finance,Limerick,CC-IE-021
HRIS-WKR-005741,WKR-PUB-005741,IE,LE-IE-SYNTH-001,ACTIVE,EMPLOYEE,PERMANENT,2021-01-06,,M,Engineering,Dublin,CC-IE-006
HRIS-WKR-005742,WKR-PUB-005742,IE,LE-IE-SYNTH-001,ACTIVE,EMPLOYEE,FIXED_TERM,2017-04-05,,UNDISCLOSED,Operations,Remote-IE,CC-IE-026
HRIS-WKR-005743,WKR-PUB-005743,IE,LE-IE-SYNTH-001,ACTIVE,EMPLOYEE,PERMANENT,2019-05-07,,NB,Finance,Galway,CC-IE-032
HRIS-WKR-005744,WKR-PUB-005744,IE,LE-IE-SYNTH-001,ACTIVE,EMPLOYEE,FIXED_TERM,2017-03-08,,M,Finance,Limerick,CC-IE-007
HRIS-WKR-005745,WKR-PUB-005745,IE,LE-IE-SYNTH-001,ACTIVE,EMPLOYEE,PERMANENT,2025-02-26,,M,Finance,Dublin,CC-IE-018
HRIS-WKR-005746,WKR-PUB-005746,IE,LE-IE-SYNTH-001,ACTIVE,EMPLOYEE,PERMANENT,2019-03-22,,M,Finance,Dublin,CC-IE-007
HRIS-WKR-005747,WKR-PUB-005747,IE,LE-IE-SYNTH-001,ACTIVE,EMPLOYEE,FIXED_TERM,2016-05-04,,F,Sales,Dublin,CC-IE-010
HRIS-WKR-005748,WKR-PUB-005748,IE,LE-IE-SYNTH-001,ACTIVE,EMPLOYEE,FIXED_TERM,2022-09-01,,F,Finance,Dublin,CC-IE-012
HRIS-WKR-005749,WKR-PUB-005749,IE,LE-IE-SYNTH-001,TERMINATED,EMPLOYEE,PERMANENT,2023-03-11,2026-08-31,M,Engineering,Dublin,CC-IE-019
HRIS-WKR-005750,WKR-PUB-005750,IE,LE-IE-SYNTH-001,ACTIVE,EMPLOYEE,PERMANENT,2023-08-07,,F,Engineering,Dublin,CC-IE-008
HRIS-WKR-005751,WKR-PUB-005751,IE,LE-IE-SYNTH-001,ACTIVE,EMPLOYEE,FIXED_TERM,2024-02-03,,M,Operations,Dublin,CC-IE-031
HRIS-WKR-005752,WKR-PUB-005752,IE,LE-IE-SYNTH-001,ACTIVE,EMPLOYEE,PERMANENT,2020-02-15,,M,Operations,Limerick,CC-IE-004
HRIS-WKR-005753,WKR-PUB-005753,IE,LE-IE-SYNTH-001,ACTIVE,EMPLOYEE,PERMANENT,2020-08-27,,M,Finance,Dublin,CC-IE-029
HRIS-WKR-005754,WKR-PUB-005754,IE,LE-IE-SYNTH-001,ACTIVE,EMPLOYEE,APPRENTICE,2018-08-30,,F,Engineering,Limerick,CC-IE-015
HRIS-WKR-005755,WKR-PUB-005755,IE,LE-IE-SYNTH-001,ACTIVE,EMPLOYEE,PERMANENT,2018-05-16,,M,Engineering,Dublin,CC-IE-038
HRIS-WKR-005756,WKR-PUB-005756,IE,LE-IE-SYNTH-001,ACTIVE,CONTRACTOR,PERMANENT,2016-12-27,,F,Engineering,Dublin,CC-IE-021
HRIS-WKR-005757,WKR-PUB-005757,IE,LE-IE-SYNTH-001,ACTIVE,EMPLOYEE,PERMANENT,2019-01-14,,M,Engineering,Dublin,CC-IE-014
HRIS-WKR-005758,WKR-PUB-005758,IE,LE-IE-SYNTH-001,ACTIVE,EMPLOYEE,PERMANENT,2019-11-23,,M,Engineering,Dublin,CC-IE-031
HRIS-WKR-005759,WKR-PUB-005759,IE,LE-IE-SYNTH-001,ACTIVE,EMPLOYEE,APPRENTICE,2017-11-14,,M,Finance,Cork,CC-IE-010
HRIS-WKR-005760,WKR-PUB-005760,IE,LE-IE-SYNTH-001,TERMINATED,EMPLOYEE,PERMANENT,2024-01-25,2026-02-11,F,Engineering,Dublin,CC-IE-002
HRIS-WKR-005761,WKR-PUB-005761,IE,LE-IE-SYNTH-001,ACTIVE,EMPLOYEE,PERMANENT,2022-11-02,,F,Technology,Dublin,CC-IE-034
HRIS-WKR-005762,WKR-PUB-005762,IE,LE-IE-SYNTH-001,ACTIVE,EMPLOYEE,PERMANENT,2020-10-12,,M,People,Dublin,CC-IE-008
HRIS-WKR-005763,WKR-PUB-005763,IE,LE-IE-SYNTH-001,ACTIVE,CONTRACTOR,FIXED_TERM,2026-02-19,,F,Engineering,Dublin,CC-IE-025
HRIS-WKR-005764,WKR-PUB-005764,IE,LE-IE-SYNTH-001,ACTIVE,EMPLOYEE,PERMANENT,2017-05-26,,UNDISCLOSED,Engineering,Dublin,CC-IE-017
HRIS-WKR-005765,WKR-PUB-005765,IE,LE-IE-SYNTH-001,ACTIVE,EMPLOYEE,FIXED_TERM,2020-07-24,,M,Sales,Dublin,CC-IE-023
HRIS-WKR-005766,WKR-PUB-005766,IE,LE-IE-SYNTH-001,ACTIVE,EMPLOYEE,PERMANENT,2022-11-09,,M,Engineering,Dublin,CC-IE-023
HRIS-WKR-005767,WKR-PUB-005767,IE,LE-IE-SYNTH-001,ACTIVE,EMPLOYEE,FIXED_TERM,2025-02-04,,M,People,Dublin,CC-IE-011
HRIS-WKR-005768,WKR-PUB-005768,IE,LE-IE-SYNTH-001,ACTIVE,EMPLOYEE,FIXED_TERM,2019-03-21,,M,Sales,Cork,CC-IE-030
HRIS-WKR-005769,WKR-PUB-005769,IE,LE-IE-SYNTH-001,ACTIVE,EMPLOYEE,PERMANENT,2025-11-21,,F,Engineering,Remote-IE,CC-IE-036
HRIS-WKR-005770,WKR-PUB-005770,IE,LE-IE-SYNTH-001,ACTIVE,EMPLOYEE,PERMANENT,2015-01-07,,M,Engineering,Dublin,CC-IE-030
HRIS-WKR-005771,WKR-PUB-005771,IE,LE-IE-SYNTH-001,ACTIVE,EMPLOYEE,FIXED_TERM,2022-06-14,,M,Engineering,Limerick,CC-IE-026
HRIS-WKR-005772,WKR-PUB-005772,IE,LE-IE-SYNTH-001,ACTIVE,EMPLOYEE,PERMANENT,2018-06-21,,M,Technology,Dublin,CC-IE-031
HRIS-WKR-005773,WKR-PUB-005773,IE,LE-IE-SYNTH-001,ACTIVE,EMPLOYEE,PERMANENT,2024-12-11,,M,Sales,Remote-IE,CC-IE-038
HRIS-WKR-005774,WKR-PUB-005774,IE,LE-IE-SYNTH-001,ACTIVE,EMPLOYEE,PERMANENT,2022-08-27,,M,Sales,Remote-IE,CC-IE-029
HRIS-WKR-005775,WKR-PUB-005775,IE,LE-IE-SYNTH-001,ACTIVE,EMPLOYEE,PERMANENT,2020-12-29,,F,People,Cork,CC-IE-007
HRIS-WKR-005776,WKR-PUB-005776,IE,LE-IE-SYNTH-001,TERMINATED,EMPLOYEE,PERMANENT,2022-10-17,2026-07-10,F,Operations,Dublin,CC-IE-035
HRIS-WKR-005777,WKR-PUB-005777,IE,LE-IE-SYNTH-001,ACTIVE,EMPLOYEE,PERMANENT,2017-02-20,,F,Engineering,Limerick,CC-IE-005
HRIS-WKR-005778,WKR-PUB-005778,IE,LE-IE-SYNTH-001,ACTIVE,EMPLOYEE,PERMANENT,2019-09-25,,M,Engineering,Dublin,CC-IE-002
HRIS-WKR-005779,WKR-PUB-005779,IE,LE-IE-SYNTH-001,ACTIVE,EMPLOYEE,PERMANENT,2017-04-22,,M,People,Dublin,CC-IE-007
HRIS-WKR-005780,WKR-PUB-005780,IE,LE-IE-SYNTH-001,TERMINATED,EMPLOYEE,PERMANENT,2023-03-20,2026-10-14,M,Operations,Galway,CC-IE-031
HRIS-WKR-005781,WKR-PUB-005781,IE,LE-IE-SYNTH-001,ACTIVE,EMPLOYEE,PERMANENT,2018-05-04,,F,Sales,Cork,CC-IE-010
HRIS-WKR-005782,WKR-PUB-005782,IE,LE-IE-SYNTH-001,ACTIVE,EMPLOYEE,PERMANENT,2014-03-26,,F,Sales,Dublin,CC-IE-005
HRIS-WKR-005783,WKR-PUB-005783,IE,LE-IE-SYNTH-001,ACTIVE,EMPLOYEE,PERMANENT,2018-01-17,,M,Operations,Remote-IE,CC-IE-036
HRIS-WKR-005784,WKR-PUB-005784,IE,LE-IE-SYNTH-001,ACTIVE,EMPLOYEE,PERMANENT,2019-11-11,,F,Sales,Dublin,CC-IE-025
HRIS-WKR-005785,WKR-PUB-005785,IE,LE-IE-SYNTH-001,ACTIVE,EMPLOYEE,FIXED_TERM,2022-05-14,,F,Engineering,Dublin,CC-IE-036
HRIS-WKR-005786,WKR-PUB-005786,IE,LE-IE-SYNTH-001,ACTIVE,CONTRACTOR,PERMANENT,2022-10-14,,F,Engineering,Dublin,CC-IE-034
HRIS-WKR-005787,WKR-PUB-005787,IE,LE-IE-SYNTH-001,ACTIVE,EMPLOYEE,FIXED_TERM,2024-07-09,,F,Finance,Dublin,CC-IE-016
HRIS-WKR-005788,WKR-PUB-005788,IE,LE-IE-SYNTH-001,ACTIVE,EMPLOYEE,PERMANENT,2021-09-27,,F,Operations,Dublin,CC-IE-036
HRIS-WKR-005789,WKR-PUB-005789,IE,LE-IE-SYNTH-001,ACTIVE,EMPLOYEE,PERMANENT,2019-09-04,,F,Sales,Dublin,CC-IE-018
HRIS-WKR-005790,WKR-PUB-005790,IE,LE-IE-SYNTH-001,ACTIVE,EMPLOYEE,PERMANENT,2016-12-21,,M,Sales,Cork,CC-IE-005
HRIS-WKR-005791,WKR-PUB-005791,IE,LE-IE-SYNTH-001,ACTIVE,EMPLOYEE,PERMANENT,2016-11-22,,NB,Engineering,Dublin,CC-IE-011
HRIS-WKR-005792,WKR-PUB-005792,IE,LE-IE-SYNTH-001,ACTIVE,EMPLOYEE,PERMANENT,2017-09-04,,F,Engineering,Dublin,CC-IE-023
HRIS-WKR-005793,WKR-PUB-005793,IE,LE-IE-SYNTH-001,ACTIVE,CONTRACTOR,PERMANENT,2019-04-14,,F,Finance,Dublin,CC-IE-032
HRIS-WKR-005794,WKR-PUB-005794,IE,LE-IE-SYNTH-001,ACTIVE,EMPLOYEE,PERMANENT,2022-09-16,,M,Technology,Galway,CC-IE-020
HRIS-WKR-005795,WKR-PUB-005795,IE,LE-IE-SYNTH-001,ACTIVE,EMPLOYEE,PERMANENT,2025-12-24,,F,Sales,Limerick,CC-IE-033
HRIS-WKR-005796,WKR-PUB-005796,IE,LE-IE-SYNTH-001,ACTIVE,EMPLOYEE,PERMANENT,2021-11-02,,F,Operations,Dublin,CC-IE-003
HRIS-WKR-005797,WKR-PUB-005797,IE,LE-IE-SYNTH-001,ACTIVE,EMPLOYEE,PERMANENT,2025-01-20,,F,Engineering,Cork,CC-IE-019
HRIS-WKR-005798,WKR-PUB-005798,IE,LE-IE-SYNTH-001,ACTIVE,EMPLOYEE,PERMANENT,2015-11-30,,M,Engineering,Limerick,CC-IE-023
HRIS-WKR-005799,WKR-PUB-005799,IE,LE-IE-SYNTH-001,ACTIVE,EMPLOYEE,PERMANENT,2024-04-09,,F,Operations,Remote-IE,CC-IE-002
HRIS-WKR-005800,WKR-PUB-005800,IE,LE-IE-SYNTH-001,ACTIVE,EMPLOYEE,PERMANENT,2021-12-25,,M,Engineering,Dublin,CC-IE-009
HRIS-WKR-005801,WKR-PUB-005801,IE,LE-IE-SYNTH-001,ACTIVE,EMPLOYEE,PERMANENT,2021-02-14,,M,Operations,Galway,CC-IE-016
HRIS-WKR-005802,WKR-PUB-005802,IE,LE-IE-SYNTH-001,ACTIVE,EMPLOYEE,FIXED_TERM,2021-01-03,,M,Finance,Dublin,CC-IE-025
HRIS-WKR-005803,WKR-PUB-005803,IE,LE-IE-SYNTH-001,ACTIVE,EMPLOYEE,PERMANENT,2018-02-22,,F,Operations,Dublin,CC-IE-021
HRIS-WKR-005804,WKR-PUB-005804,IE,LE-IE-SYNTH-001,ACTIVE,EMPLOYEE,PERMANENT,2019-11-27,,F,Engineering,Dublin,CC-IE-003
HRIS-WKR-005805,WKR-PUB-005805,IE,LE-IE-SYNTH-001,ACTIVE,EMPLOYEE,PERMANENT,2023-12-27,,M,Operations,Limerick,CC-IE-030
HRIS-WKR-005806,WKR-PUB-005806,IE,LE-IE-SYNTH-001,ACTIVE,EMPLOYEE,PERMANENT,2024-02-02,,F,Technology,Dublin,CC-IE-010
HRIS-WKR-005807,WKR-PUB-005807,IE,LE-IE-SYNTH-001,TERMINATED,EMPLOYEE,PERMANENT,2015-05-29,2026-11-07,F,Sales,Galway,CC-IE-031
HRIS-WKR-005808,WKR-PUB-005808,IE,LE-IE-SYNTH-001,ACTIVE,CONTRACTOR,APPRENTICE,2016-04-06,,F,Technology,Dublin,CC-IE-014
HRIS-WKR-005809,WKR-PUB-005809,IE,LE-IE-SYNTH-001,ACTIVE,EMPLOYEE,PERMANENT,2019-05-23,,F,Engineering,Dublin,CC-IE-003
HRIS-WKR-005810,WKR-PUB-005810,IE,LE-IE-SYNTH-001,ACTIVE,EMPLOYEE,PERMANENT,2023-05-22,,F,Finance,Dublin,CC-IE-040
HRIS-WKR-005811,WKR-PUB-005811,IE,LE-IE-SYNTH-001,ACTIVE,EMPLOYEE,PERMANENT,2019-01-22,,F,Finance,Dublin,CC-IE-029
HRIS-WKR-005812,WKR-PUB-005812,IE,LE-IE-SYNTH-001,ACTIVE,EMPLOYEE,PERMANENT,2022-06-12,,F,Sales,Cork,CC-IE-023
HRIS-WKR-005813,WKR-PUB-005813,IE,LE-IE-SYNTH-001,ACTIVE,CONTRACTOR,PERMANENT,2023-01-13,,F,Sales,Dublin,CC-IE-004
HRIS-WKR-005814,WKR-PUB-005814,IE,LE-IE-SYNTH-001,ACTIVE,EMPLOYEE,PERMANENT,2021-10-01,,M,Engineering,Cork,CC-IE-007
HRIS-WKR-005815,WKR-PUB-005815,IE,LE-IE-SYNTH-001,ACTIVE,EMPLOYEE,FIXED_TERM,2017-01-07,,M,Engineering,Dublin,CC-IE-028
HRIS-WKR-005816,WKR-PUB-005816,IE,LE-IE-SYNTH-001,ACTIVE,EMPLOYEE,APPRENTICE,2018-01-12,,M,Technology,Cork,CC-IE-008
HRIS-WKR-005817,WKR-PUB-005817,IE,LE-IE-SYNTH-001,TERMINATED,EMPLOYEE,PERMANENT,2014-11-19,2026-11-09,F,Engineering,Dublin,CC-IE-003
HRIS-WKR-005818,WKR-PUB-005818,IE,LE-IE-SYNTH-001,ACTIVE,EMPLOYEE,PERMANENT,2023-09-22,,M,Engineering,Dublin,CC-IE-019
HRIS-WKR-005819,WKR-PUB-005819,IE,LE-IE-SYNTH-001,ACTIVE,EMPLOYEE,PERMANENT,2020-04-19,,M,Engineering,Remote-IE,CC-IE-005
HRIS-WKR-005820,WKR-PUB-005820,IE,LE-IE-SYNTH-001,ACTIVE,EMPLOYEE,PERMANENT,2025-08-02,,M,Technology,Galway,CC-IE-004
HRIS-WKR-005821,WKR-PUB-005821,IE,LE-IE-SYNTH-001,ACTIVE,EMPLOYEE,PERMANENT,2021-04-20,,F,Engineering,Dublin,CC-IE-025
HRIS-WKR-005822,WKR-PUB-005822,IE,LE-IE-SYNTH-001,ACTIVE,EMPLOYEE,PERMANENT,2022-04-08,,F,People,Dublin,CC-IE-002
HRIS-WKR-005823,WKR-PUB-005823,IE,LE-IE-SYNTH-001,ACTIVE,EMPLOYEE,PERMANENT,2017-01-24,,M,Technology,Remote-IE,CC-IE-002
HRIS-WKR-005824,WKR-PUB-005824,IE,LE-IE-SYNTH-001,ACTIVE,EMPLOYEE,PERMANENT,2023-02-17,,M,Operations,Dublin,CC-IE-039
HRIS-WKR-005825,WKR-PUB-005825,IE,LE-IE-SYNTH-001,ACTIVE,EMPLOYEE,PERMANENT,2023-07-01,,F,People,Dublin,CC-IE-025
HRIS-WKR-005826,WKR-PUB-005826,IE,LE-IE-SYNTH-001,ACTIVE,EMPLOYEE,PERMANENT,2025-02-18,,M,Engineering,Dublin,CC-IE-033
HRIS-WKR-005827,WKR-PUB-005827,IE,LE-IE-SYNTH-001,TERMINATED,EMPLOYEE,PERMANENT,2024-08-02,2026-08-03,M,Engineering,Dublin,CC-IE-024
HRIS-WKR-005828,WKR-PUB-005828,IE,LE-IE-SYNTH-001,ACTIVE,EMPLOYEE,PERMANENT,2025-07-28,,F,Operations,Remote-IE,CC-IE-018
HRIS-WKR-005829,WKR-PUB-005829,IE,LE-IE-SYNTH-001,ACTIVE,EMPLOYEE,PERMANENT,2018-03-14,,M,Technology,Dublin,CC-IE-009
HRIS-WKR-005830,WKR-PUB-005830,IE,LE-IE-SYNTH-001,ACTIVE,EMPLOYEE,PERMANENT,2014-09-06,,M,Finance,Dublin,CC-IE-025
HRIS-WKR-005831,WKR-PUB-005831,IE,LE-IE-SYNTH-001,ACTIVE,EMPLOYEE,PERMANENT,2025-03-27,,F,Engineering,Dublin,CC-IE-027
HRIS-WKR-005832,WKR-PUB-005832,IE,LE-IE-SYNTH-001,TERMINATED,EMPLOYEE,PERMANENT,2021-01-15,2026-07-13,M,Finance,Dublin,CC-IE-007
HRIS-WKR-005833,WKR-PUB-005833,IE,LE-IE-SYNTH-001,ACTIVE,EMPLOYEE,PERMANENT,2022-04-15,,UNDISCLOSED,Engineering,Dublin,CC-IE-018
HRIS-WKR-005834,WKR-PUB-005834,IE,LE-IE-SYNTH-001,ACTIVE,EMPLOYEE,FIXED_TERM,2020-03-13,,F,Operations,Remote-IE,CC-IE-005
HRIS-WKR-005835,WKR-PUB-005835,IE,LE-IE-SYNTH-001,ACTIVE,EMPLOYEE,FIXED_TERM,2023-10-20,,F,Finance,Galway,CC-IE-039
HRIS-WKR-005836,WKR-PUB-005836,IE,LE-IE-SYNTH-001,ACTIVE,EMPLOYEE,PERMANENT,2019-01-15,,M,Engineering,Dublin,CC-IE-025
HRIS-WKR-005837,WKR-PUB-005837,IE,LE-IE-SYNTH-001,ACTIVE,EMPLOYEE,PERMANENT,2025-07-28,,,Operations,Dublin,CC-IE-018
HRIS-WKR-005838,WKR-PUB-005838,IE,LE-IE-SYNTH-001,ACTIVE,EMPLOYEE,PERMANENT,2016-01-16,,M,Operations,Dublin,CC-IE-037
HRIS-WKR-005839,WKR-PUB-005839,IE,LE-IE-SYNTH-001,ACTIVE,EMPLOYEE,PERMANENT,2022-12-06,,M,Technology,Dublin,CC-IE-008
HRIS-WKR-005840,WKR-PUB-005840,IE,LE-IE-SYNTH-001,ACTIVE,EMPLOYEE,PERMANENT,2022-09-23,,F,Engineering,Dublin,CC-IE-015
HRIS-WKR-005841,WKR-PUB-005841,IE,LE-IE-SYNTH-001,ACTIVE,CONTRACTOR,FIXED_TERM,2022-05-08,,F,Operations,Limerick,CC-IE-034
HRIS-WKR-005842,WKR-PUB-005842,IE,LE-IE-SYNTH-001,ACTIVE,EMPLOYEE,PERMANENT,2019-08-28,,M,Engineering,Dublin,CC-IE-022
HRIS-WKR-005843,WKR-PUB-005843,IE,LE-IE-SYNTH-001,ACTIVE,EMPLOYEE,PERMANENT,2022-10-02,,F,Operations,Dublin,CC-IE-020
HRIS-WKR-005844,WKR-PUB-005844,IE,LE-IE-SYNTH-001,ACTIVE,EMPLOYEE,PERMANENT,2023-11-04,,M,Operations,Remote-IE,CC-IE-009
HRIS-WKR-005845,WKR-PUB-005845,IE,LE-IE-SYNTH-001,ACTIVE,EMPLOYEE,FIXED_TERM,2022-01-25,,M,Engineering,Limerick,CC-IE-037
HRIS-WKR-005846,WKR-PUB-005846,IE,LE-IE-SYNTH-001,ACTIVE,EMPLOYEE,PERMANENT,2018-02-24,,M,Operations,Cork,CC-IE-035
HRIS-WKR-005847,WKR-PUB-005847,IE,LE-IE-SYNTH-001,ACTIVE,EMPLOYEE,FIXED_TERM,2025-12-23,,NB,Operations,Dublin,CC-IE-004
HRIS-WKR-005848,WKR-PUB-005848,IE,LE-IE-SYNTH-001,ACTIVE,EMPLOYEE,FIXED_TERM,2015-04-13,,F,Finance,Dublin,CC-IE-032
HRIS-WKR-005849,WKR-PUB-005849,IE,LE-IE-SYNTH-001,ACTIVE,EMPLOYEE,PERMANENT,2023-11-10,,F,Engineering,Cork,CC-IE-007
HRIS-WKR-005850,WKR-PUB-005850,IE,LE-IE-SYNTH-001,ACTIVE,EMPLOYEE,PERMANENT,2023-05-19,,M,Engineering,Remote-IE,CC-IE-033
HRIS-WKR-005851,WKR-PUB-005851,IE,LE-IE-SYNTH-001,ACTIVE,EMPLOYEE,FIXED_TERM,2016-08-05,,M,Engineering,Dublin,CC-IE-016
HRIS-WKR-005852,WKR-PUB-005852,IE,LE-IE-SYNTH-001,ACTIVE,EMPLOYEE,PERMANENT,2018-06-25,,M,Technology,Remote-IE,CC-IE-015
HRIS-WKR-005853,WKR-PUB-005853,IE,LE-IE-SYNTH-001,ACTIVE,EMPLOYEE,PERMANENT,2014-11-10,,M,Finance,Galway,CC-IE-025
HRIS-WKR-005854,WKR-PUB-005854,IE,LE-IE-SYNTH-001,ACTIVE,EMPLOYEE,PERMANENT,2024-01-29,,F,Sales,Dublin,CC-IE-001
HRIS-WKR-005855,WKR-PUB-005855,IE,LE-IE-SYNTH-001,ACTIVE,EMPLOYEE,PERMANENT,2019-09-05,,F,Finance,Cork,CC-IE-017
HRIS-WKR-005856,WKR-PUB-005856,IE,LE-IE-SYNTH-001,ACTIVE,EMPLOYEE,PERMANENT,2015-01-28,,F,Operations,Dublin,CC-IE-038
HRIS-WKR-005857,WKR-PUB-005857,IE,LE-IE-SYNTH-001,TERMINATED,EMPLOYEE,PERMANENT,2016-05-11,2026-08-14,F,Sales,Dublin,CC-IE-025
HRIS-WKR-005858,WKR-PUB-005858,IE,LE-IE-SYNTH-001,ACTIVE,EMPLOYEE,FIXED_TERM,2017-02-14,,,Finance,Dublin,CC-IE-013
HRIS-WKR-005859,WKR-PUB-005859,IE,LE-IE-SYNTH-001,ACTIVE,EMPLOYEE,PERMANENT,2016-05-17,,M,Engineering,Dublin,CC-IE-027
HRIS-WKR-005860,WKR-PUB-005860,IE,LE-IE-SYNTH-001,ACTIVE,EMPLOYEE,FIXED_TERM,2021-02-06,,F,Sales,Dublin,CC-IE-037
HRIS-WKR-005861,WKR-PUB-005861,IE,LE-IE-SYNTH-001,ACTIVE,CONTRACTOR,PERMANENT,2018-04-16,,F,Operations,Cork,CC-IE-003
HRIS-WKR-005862,WKR-PUB-005862,IE,LE-IE-SYNTH-001,ACTIVE,EMPLOYEE,PERMANENT,2016-09-29,,F,Engineering,Dublin,CC-IE-015
HRIS-WKR-005863,WKR-PUB-005863,IE,LE-IE-SYNTH-001,ACTIVE,EMPLOYEE,PERMANENT,2016-11-26,,M,Engineering,Dublin,CC-IE-030
HRIS-WKR-005864,WKR-PUB-005864,IE,LE-IE-SYNTH-001,ACTIVE,EMPLOYEE,PERMANENT,2023-01-17,,M,Sales,Dublin,CC-IE-010
HRIS-WKR-005865,WKR-PUB-005865,IE,LE-IE-SYNTH-001,ACTIVE,EMPLOYEE,PERMANENT,2019-07-05,,F,Engineering,Dublin,CC-IE-014
HRIS-WKR-005866,WKR-PUB-005866,IE,LE-IE-SYNTH-001,ACTIVE,EMPLOYEE,FIXED_TERM,2014-12-13,,F,Engineering,Cork,CC-IE-031
HRIS-WKR-005867,WKR-PUB-005867,IE,LE-IE-SYNTH-001,ACTIVE,EMPLOYEE,FIXED_TERM,2018-11-28,,F,Operations,Remote-IE,CC-IE-040
HRIS-WKR-005868,WKR-PUB-005868,IE,LE-IE-SYNTH-001,ACTIVE,EMPLOYEE,PERMANENT,2016-05-26,,M,Engineering,Dublin,CC-IE-026
HRIS-WKR-005869,WKR-PUB-005869,IE,LE-IE-SYNTH-001,ACTIVE,EMPLOYEE,FIXED_TERM,2017-01-19,,M,Engineering,Dublin,CC-IE-036
HRIS-WKR-005870,WKR-PUB-005870,IE,LE-IE-SYNTH-001,ACTIVE,EMPLOYEE,PERMANENT,2023-10-07,,M,Finance,Dublin,CC-IE-018
HRIS-WKR-005871,WKR-PUB-005871,IE,LE-IE-SYNTH-001,ACTIVE,EMPLOYEE,PERMANENT,2024-10-21,,F,Sales,Galway,CC-IE-030
HRIS-WKR-005872,WKR-PUB-005872,IE,LE-IE-SYNTH-001,ACTIVE,EMPLOYEE,PERMANENT,2025-09-12,,M,Sales,Cork,CC-IE-002
HRIS-WKR-005873,WKR-PUB-005873,IE,LE-IE-SYNTH-001,ACTIVE,EMPLOYEE,FIXED_TERM,2022-09-16,,M,Finance,Galway,CC-IE-036
HRIS-WKR-005874,WKR-PUB-005874,IE,LE-IE-SYNTH-001,ACTIVE,EMPLOYEE,FIXED_TERM,2025-11-15,,F,Engineering,Dublin,CC-IE-036
HRIS-WKR-005875,WKR-PUB-005875,IE,LE-IE-SYNTH-001,ACTIVE,EMPLOYEE,PERMANENT,2023-02-26,,F,Finance,Dublin,CC-IE-036
HRIS-WKR-005876,WKR-PUB-005876,IE,LE-IE-SYNTH-001,ACTIVE,CONTRACTOR,PERMANENT,2023-04-14,,M,Sales,Limerick,CC-IE-015
HRIS-WKR-005877,WKR-PUB-005877,IE,LE-IE-SYNTH-001,ACTIVE,EMPLOYEE,PERMANENT,2024-03-06,,F,Sales,Remote-IE,CC-IE-001
HRIS-WKR-005878,WKR-PUB-005878,IE,LE-IE-SYNTH-001,ACTIVE,EMPLOYEE,FIXED_TERM,2015-09-06,,F,Engineering,Remote-IE,CC-IE-031
HRIS-WKR-005879,WKR-PUB-005879,IE,LE-IE-SYNTH-001,ACTIVE,EMPLOYEE,PERMANENT,2018-01-13,,F,Engineering,Limerick,CC-IE-019
HRIS-WKR-005880,WKR-PUB-005880,IE,LE-IE-SYNTH-001,ACTIVE,EMPLOYEE,PERMANENT,2017-04-19,,M,Sales,Remote-IE,CC-IE-017
HRIS-WKR-005881,WKR-PUB-005881,IE,LE-IE-SYNTH-001,ACTIVE,EMPLOYEE,PERMANENT,2021-07-21,,M,Operations,Dublin,CC-IE-015
HRIS-WKR-005882,WKR-PUB-005882,IE,LE-IE-SYNTH-001,ACTIVE,EMPLOYEE,PERMANENT,2025-01-16,,F,Sales,Dublin,CC-IE-028
HRIS-WKR-005883,WKR-PUB-005883,IE,LE-IE-SYNTH-001,ACTIVE,EMPLOYEE,PERMANENT,2016-06-16,,F,Engineering,Cork,CC-IE-023
HRIS-WKR-005884,WKR-PUB-005884,IE,LE-IE-SYNTH-001,ACTIVE,EMPLOYEE,PERMANENT,2015-10-14,,M,Engineering,Dublin,CC-IE-006
HRIS-WKR-005885,WKR-PUB-005885,IE,LE-IE-SYNTH-001,ACTIVE,EMPLOYEE,PERMANENT,2016-11-29,,NB,Engineering,Dublin,CC-IE-020
HRIS-WKR-005886,WKR-PUB-005886,IE,LE-IE-SYNTH-001,ACTIVE,EMPLOYEE,PERMANENT,2023-02-12,,F,Engineering,Dublin,CC-IE-010
HRIS-WKR-005887,WKR-PUB-005887,IE,LE-IE-SYNTH-001,TERMINATED,EMPLOYEE,PERMANENT,2015-10-06,2026-12-15,M,Operations,Cork,CC-IE-005
HRIS-WKR-005888,WKR-PUB-005888,IE,LE-IE-SYNTH-001,ACTIVE,EMPLOYEE,FIXED_TERM,2016-08-16,,UNDISCLOSED,Operations,Galway,CC-IE-018
HRIS-WKR-005889,WKR-PUB-005889,IE,LE-IE-SYNTH-001,ACTIVE,EMPLOYEE,FIXED_TERM,2019-02-14,,M,Engineering,Dublin,CC-IE-031
HRIS-WKR-005890,WKR-PUB-005890,IE,LE-IE-SYNTH-001,ACTIVE,EMPLOYEE,PERMANENT,2019-11-12,,M,Operations,Dublin,CC-IE-010
HRIS-WKR-005891,WKR-PUB-005891,IE,LE-IE-SYNTH-001,ACTIVE,EMPLOYEE,PERMANENT,2023-12-30,,M,Operations,Dublin,CC-IE-029
HRIS-WKR-005892,WKR-PUB-005892,IE,LE-IE-SYNTH-001,ACTIVE,EMPLOYEE,FIXED_TERM,2017-03-28,,M,Engineering,Remote-IE,CC-IE-014
HRIS-WKR-005893,WKR-PUB-005893,IE,LE-IE-SYNTH-001,ACTIVE,EMPLOYEE,PERMANENT,2018-09-05,,M,Engineering,Limerick,CC-IE-013
HRIS-WKR-005894,WKR-PUB-005894,IE,LE-IE-SYNTH-001,ACTIVE,EMPLOYEE,PERMANENT,2025-10-28,,M,Engineering,Remote-IE,CC-IE-026
HRIS-WKR-005895,WKR-PUB-005895,IE,LE-IE-SYNTH-001,ACTIVE,EMPLOYEE,PERMANENT,2023-03-16,,M,Operations,Remote-IE,CC-IE-024
HRIS-WKR-005896,WKR-PUB-005896,IE,LE-IE-SYNTH-001,ACTIVE,EMPLOYEE,PERMANENT,2024-07-16,,M,Operations,Dublin,CC-IE-024
HRIS-WKR-005897,WKR-PUB-005897,IE,LE-IE-SYNTH-001,TERMINATED,EMPLOYEE,PERMANENT,2018-01-30,2026-08-25,F,Operations,Dublin,CC-IE-031
HRIS-WKR-005898,WKR-PUB-005898,IE,LE-IE-SYNTH-001,ACTIVE,EMPLOYEE,FIXED_TERM,2023-08-01,,F,Engineering,Galway,CC-IE-038
HRIS-WKR-005899,WKR-PUB-005899,IE,LE-IE-SYNTH-001,ACTIVE,EMPLOYEE,FIXED_TERM,2015-09-11,,F,Engineering,Dublin,CC-IE-031
HRIS-WKR-005900,WKR-PUB-005900,IE,LE-IE-SYNTH-001,ACTIVE,EMPLOYEE,PERMANENT,2024-10-12,,M,Sales,Dublin,CC-IE-021
HRIS-WKR-005901,WKR-PUB-005901,IE,LE-IE-SYNTH-001,ACTIVE,EMPLOYEE,PERMANENT,2018-06-24,,F,Sales,Cork,CC-IE-023
HRIS-WKR-005902,WKR-PUB-005902,IE,LE-IE-SYNTH-001,TERMINATED,EMPLOYEE,FIXED_TERM,2019-01-06,2026-05-13,F,Operations,Cork,CC-IE-002
HRIS-WKR-005903,WKR-PUB-005903,IE,LE-IE-SYNTH-001,ACTIVE,CONTRACTOR,PERMANENT,2015-12-28,,M,Sales,Cork,CC-IE-010
HRIS-WKR-005904,WKR-PUB-005904,IE,LE-IE-SYNTH-001,ACTIVE,EMPLOYEE,FIXED_TERM,2014-11-20,,M,Sales,Galway,CC-IE-027
HRIS-WKR-005905,WKR-PUB-005905,IE,LE-IE-SYNTH-001,TERMINATED,EMPLOYEE,APPRENTICE,2025-03-15,2026-08-01,F,People,Limerick,CC-IE-025
HRIS-WKR-005906,WKR-PUB-005906,IE,LE-IE-SYNTH-001,ACTIVE,EMPLOYEE,PERMANENT,2015-08-24,,F,Finance,Dublin,CC-IE-005
HRIS-WKR-005907,WKR-PUB-005907,IE,LE-IE-SYNTH-001,ACTIVE,EMPLOYEE,PERMANENT,2016-04-10,,M,Sales,Dublin,CC-IE-022
HRIS-WKR-005908,WKR-PUB-005908,IE,LE-IE-SYNTH-001,ACTIVE,EMPLOYEE,FIXED_TERM,2024-03-26,,M,Finance,Remote-IE,CC-IE-031
HRIS-WKR-005909,WKR-PUB-005909,IE,LE-IE-SYNTH-001,ACTIVE,EMPLOYEE,FIXED_TERM,2022-07-27,,M,People,Dublin,CC-IE-004
HRIS-WKR-005910,WKR-PUB-005910,IE,LE-IE-SYNTH-001,ACTIVE,EMPLOYEE,PERMANENT,2026-02-05,,M,Operations,Dublin,CC-IE-004
HRIS-WKR-005911,WKR-PUB-005911,IE,LE-IE-SYNTH-001,ACTIVE,EMPLOYEE,PERMANENT,2017-08-10,,F,Engineering,Dublin,CC-IE-022
HRIS-WKR-005912,WKR-PUB-005912,IE,LE-IE-SYNTH-001,ACTIVE,EMPLOYEE,PERMANENT,2020-11-12,,M,People,Dublin,CC-IE-014
HRIS-WKR-005913,WKR-PUB-005913,IE,LE-IE-SYNTH-001,ACTIVE,EMPLOYEE,PERMANENT,2017-08-17,,M,Engineering,Dublin,CC-IE-015
HRIS-WKR-005914,WKR-PUB-005914,IE,LE-IE-SYNTH-001,ACTIVE,EMPLOYEE,PERMANENT,2023-06-22,,F,Engineering,Galway,CC-IE-007
HRIS-WKR-005915,WKR-PUB-005915,IE,LE-IE-SYNTH-001,ACTIVE,EMPLOYEE,FIXED_TERM,2025-12-12,,F,Engineering,Galway,CC-IE-001
HRIS-WKR-005916,WKR-PUB-005916,IE,LE-IE-SYNTH-001,ACTIVE,EMPLOYEE,FIXED_TERM,2024-04-25,,M,Finance,Dublin,CC-IE-001
HRIS-WKR-005917,WKR-PUB-005917,IE,LE-IE-SYNTH-001,ACTIVE,EMPLOYEE,PERMANENT,2017-11-18,,F,Technology,Dublin,CC-IE-027
HRIS-WKR-005918,WKR-PUB-005918,IE,LE-IE-SYNTH-001,ACTIVE,EMPLOYEE,PERMANENT,2021-11-14,,M,Technology,Limerick,CC-IE-025
HRIS-WKR-005919,WKR-PUB-005919,IE,LE-IE-SYNTH-001,ACTIVE,EMPLOYEE,PERMANENT,2024-06-14,,UNDISCLOSED,Engineering,Galway,CC-IE-033
HRIS-WKR-005920,WKR-PUB-005920,IE,LE-IE-SYNTH-001,ACTIVE,EMPLOYEE,PERMANENT,2019-12-12,,M,Engineering,Cork,CC-IE-022
HRIS-WKR-005921,WKR-PUB-005921,IE,LE-IE-SYNTH-001,ACTIVE,EMPLOYEE,PERMANENT,2019-07-22,,M,Operations,Dublin,CC-IE-040
HRIS-WKR-005922,WKR-PUB-005922,IE,LE-IE-SYNTH-001,ACTIVE,EMPLOYEE,PERMANENT,2022-02-28,,F,Engineering,Dublin,CC-IE-016
HRIS-WKR-005923,WKR-PUB-005923,IE,LE-IE-SYNTH-001,ACTIVE,EMPLOYEE,PERMANENT,2016-06-22,,F,Finance,Dublin,CC-IE-028
HRIS-WKR-005924,WKR-PUB-005924,IE,LE-IE-SYNTH-001,ACTIVE,EMPLOYEE,PERMANENT,2017-01-17,,M,Finance,Galway,CC-IE-024
HRIS-WKR-005925,WKR-PUB-005925,IE,LE-IE-SYNTH-001,ACTIVE,EMPLOYEE,PERMANENT,2022-10-02,,F,Finance,Limerick,CC-IE-020
HRIS-WKR-005926,WKR-PUB-005926,IE,LE-IE-SYNTH-001,ACTIVE,EMPLOYEE,PERMANENT,2018-04-24,,F,Sales,Cork,CC-IE-039
HRIS-WKR-005927,WKR-PUB-005927,IE,LE-IE-SYNTH-001,ACTIVE,EMPLOYEE,PERMANENT,2025-04-27,,NB,Technology,Dublin,CC-IE-021
HRIS-WKR-005928,WKR-PUB-005928,IE,LE-IE-SYNTH-001,ACTIVE,EMPLOYEE,PERMANENT,2021-07-23,,M,People,Limerick,CC-IE-009
HRIS-WKR-005929,WKR-PUB-005929,IE,LE-IE-SYNTH-001,ACTIVE,EMPLOYEE,PERMANENT,2017-06-12,,M,People,Cork,CC-IE-009
HRIS-WKR-005930,WKR-PUB-005930,IE,LE-IE-SYNTH-001,ACTIVE,EMPLOYEE,PERMANENT,2016-03-19,,M,Engineering,Cork,CC-IE-015
HRIS-WKR-005931,WKR-PUB-005931,IE,LE-IE-SYNTH-001,ACTIVE,EMPLOYEE,PERMANENT,2020-07-23,,F,Engineering,Dublin,CC-IE-024
HRIS-WKR-005932,WKR-PUB-005932,IE,LE-IE-SYNTH-001,ACTIVE,EMPLOYEE,PERMANENT,2014-10-21,,F,Operations,Galway,CC-IE-021
HRIS-WKR-005933,WKR-PUB-005933,IE,LE-IE-SYNTH-001,ACTIVE,EMPLOYEE,PERMANENT,2017-01-07,,F,Finance,Remote-IE,CC-IE-020
HRIS-WKR-005934,WKR-PUB-005934,IE,LE-IE-SYNTH-001,ACTIVE,EMPLOYEE,PERMANENT,2021-10-27,,F,Operations,Remote-IE,CC-IE-001
HRIS-WKR-005935,WKR-PUB-005935,IE,LE-IE-SYNTH-001,ACTIVE,EMPLOYEE,PERMANENT,2025-04-30,,F,Finance,Galway,CC-IE-011
HRIS-WKR-005936,WKR-PUB-005936,IE,LE-IE-SYNTH-001,TERMINATED,EMPLOYEE,PERMANENT,2022-10-07,2026-07-19,M,Operations,Dublin,CC-IE-038
HRIS-WKR-005937,WKR-PUB-005937,IE,LE-IE-SYNTH-001,ACTIVE,CONTRACTOR,PERMANENT,2014-11-13,,F,Technology,Limerick,CC-IE-040
HRIS-WKR-005938,WKR-PUB-005938,IE,LE-IE-SYNTH-001,ACTIVE,EMPLOYEE,PERMANENT,2026-02-21,,M,Sales,Dublin,CC-IE-040
HRIS-WKR-005939,WKR-PUB-005939,IE,LE-IE-SYNTH-001,ACTIVE,EMPLOYEE,PERMANENT,2015-01-30,,M,Finance,Dublin,CC-IE-003
HRIS-WKR-005940,WKR-PUB-005940,IE,LE-IE-SYNTH-001,TERMINATED,EMPLOYEE,PERMANENT,2016-02-25,2026-10-11,M,Engineering,Dublin,CC-IE-019
HRIS-WKR-005941,WKR-PUB-005941,IE,LE-IE-SYNTH-001,ACTIVE,EMPLOYEE,FIXED_TERM,2020-02-23,,F,Sales,Dublin,CC-IE-027
HRIS-WKR-005942,WKR-PUB-005942,IE,LE-IE-SYNTH-001,ACTIVE,EMPLOYEE,PERMANENT,2019-03-15,,M,Engineering,Dublin,CC-IE-036
HRIS-WKR-005943,WKR-PUB-005943,IE,LE-IE-SYNTH-001,ACTIVE,EMPLOYEE,FIXED_TERM,2017-02-14,,F,Sales,Dublin,CC-IE-032
HRIS-WKR-005944,WKR-PUB-005944,IE,LE-IE-SYNTH-001,ACTIVE,EMPLOYEE,PERMANENT,2014-07-02,,F,Engineering,Limerick,CC-IE-024
HRIS-WKR-005945,WKR-PUB-005945,IE,LE-IE-SYNTH-001,ACTIVE,EMPLOYEE,PERMANENT,2015-05-18,,F,Finance,Dublin,CC-IE-035
HRIS-WKR-005946,WKR-PUB-005946,IE,LE-IE-SYNTH-001,ACTIVE,CONTRACTOR,PERMANENT,2015-04-30,,M,Engineering,Dublin,CC-IE-036
HRIS-WKR-005947,WKR-PUB-005947,IE,LE-IE-SYNTH-001,ACTIVE,EMPLOYEE,PERMANENT,2021-02-25,,NB,Operations,Limerick,CC-IE-032
HRIS-WKR-005948,WKR-PUB-005948,IE,LE-IE-SYNTH-001,ACTIVE,CONTRACTOR,PERMANENT,2017-06-18,,M,Technology,Cork,CC-IE-039
HRIS-WKR-005949,WKR-PUB-005949,IE,LE-IE-SYNTH-001,ACTIVE,EMPLOYEE,PERMANENT,2024-01-14,,F,Operations,Dublin,CC-IE-022
HRIS-WKR-005950,WKR-PUB-005950,IE,LE-IE-SYNTH-001,ACTIVE,EMPLOYEE,PERMANENT,2020-10-02,,F,Operations,Cork,CC-IE-028
HRIS-WKR-005951,WKR-PUB-005951,IE,LE-IE-SYNTH-001,ACTIVE,EMPLOYEE,PERMANENT,2016-10-21,,F,Finance,Limerick,CC-IE-023
HRIS-WKR-005952,WKR-PUB-005952,IE,LE-IE-SYNTH-001,ACTIVE,EMPLOYEE,FIXED_TERM,2015-07-17,,M,Operations,Dublin,CC-IE-009
HRIS-WKR-005953,WKR-PUB-005953,IE,LE-IE-SYNTH-001,ACTIVE,EMPLOYEE,PERMANENT,2014-01-19,,F,Sales,Cork,CC-IE-012
HRIS-WKR-005954,WKR-PUB-005954,IE,LE-IE-SYNTH-001,ACTIVE,EMPLOYEE,FIXED_TERM,2016-11-14,,F,Technology,Dublin,CC-IE-037
HRIS-WKR-005955,WKR-PUB-005955,IE,LE-IE-SYNTH-001,ACTIVE,EMPLOYEE,PERMANENT,2019-01-23,,M,Engineering,Cork,CC-IE-037
HRIS-WKR-005956,WKR-PUB-005956,IE,LE-IE-SYNTH-001,ACTIVE,EMPLOYEE,APPRENTICE,2020-06-22,,M,Technology,Dublin,CC-IE-024
HRIS-WKR-005957,WKR-PUB-005957,IE,LE-IE-SYNTH-001,ACTIVE,EMPLOYEE,PERMANENT,2015-09-10,,F,Engineering,Dublin,CC-IE-034
HRIS-WKR-005958,WKR-PUB-005958,IE,LE-IE-SYNTH-001,ACTIVE,EMPLOYEE,PERMANENT,2022-09-20,,F,Operations,Dublin,CC-IE-015
HRIS-WKR-005959,WKR-PUB-005959,IE,LE-IE-SYNTH-001,ACTIVE,EMPLOYEE,PERMANENT,2016-03-06,,F,Sales,Dublin,CC-IE-030
HRIS-WKR-005960,WKR-PUB-005960,IE,LE-IE-SYNTH-001,ACTIVE,CONTRACTOR,PERMANENT,2026-01-22,,M,Finance,Dublin,CC-IE-026
HRIS-WKR-005961,WKR-PUB-005961,IE,LE-IE-SYNTH-001,ACTIVE,EMPLOYEE,PERMANENT,2023-03-16,,F,Sales,Dublin,CC-IE-010
HRIS-WKR-005962,WKR-PUB-005962,IE,LE-IE-SYNTH-001,TERMINATED,EMPLOYEE,PERMANENT,2018-08-30,2026-07-05,F,Operations,Remote-IE,CC-IE-004
HRIS-WKR-005963,WKR-PUB-005963,IE,LE-IE-SYNTH-001,ACTIVE,EMPLOYEE,PERMANENT,2025-12-14,,M,Sales,Galway,CC-IE-014
HRIS-WKR-005964,WKR-PUB-005964,IE,LE-IE-SYNTH-001,ACTIVE,EMPLOYEE,PERMANENT,2014-07-22,,F,People,Cork,CC-IE-023
HRIS-WKR-005965,WKR-PUB-005965,IE,LE-IE-SYNTH-001,ACTIVE,EMPLOYEE,PERMANENT,2017-09-18,,F,Operations,Dublin,CC-IE-015
HRIS-WKR-005966,WKR-PUB-005966,IE,LE-IE-SYNTH-001,ACTIVE,EMPLOYEE,PERMANENT,2017-08-05,,F,Engineering,Dublin,CC-IE-028
HRIS-WKR-005967,WKR-PUB-005967,IE,LE-IE-SYNTH-001,ACTIVE,EMPLOYEE,PERMANENT,2017-11-20,,M,Technology,Dublin,CC-IE-035
HRIS-WKR-005968,WKR-PUB-005968,IE,LE-IE-SYNTH-001,ACTIVE,EMPLOYEE,PERMANENT,2015-10-24,,M,Technology,Galway,CC-IE-008
HRIS-WKR-005969,WKR-PUB-005969,IE,LE-IE-SYNTH-001,ACTIVE,EMPLOYEE,APPRENTICE,2024-10-20,,M,Finance,Dublin,CC-IE-010
HRIS-WKR-005970,WKR-PUB-005970,IE,LE-IE-SYNTH-001,ACTIVE,EMPLOYEE,PERMANENT,2022-05-29,,F,People,Galway,CC-IE-021
HRIS-WKR-005971,WKR-PUB-005971,IE,LE-IE-SYNTH-001,ACTIVE,CONTRACTOR,PERMANENT,2014-04-09,,M,Finance,Dublin,CC-IE-031
HRIS-WKR-005972,WKR-PUB-005972,IE,LE-IE-SYNTH-001,ACTIVE,CONTRACTOR,PERMANENT,2025-11-08,,M,Operations,Remote-IE,CC-IE-009
HRIS-WKR-005973,WKR-PUB-005973,IE,LE-IE-SYNTH-001,TERMINATED,EMPLOYEE,PERMANENT,2017-11-30,2026-09-13,M,People,Remote-IE,CC-IE-003
HRIS-WKR-005974,WKR-PUB-005974,IE,LE-IE-SYNTH-001,ACTIVE,EMPLOYEE,PERMANENT,2020-12-29,,F,People,Limerick,CC-IE-028
HRIS-WKR-005975,WKR-PUB-005975,IE,LE-IE-SYNTH-001,TERMINATED,EMPLOYEE,PERMANENT,2018-02-15,2026-08-01,F,Engineering,Dublin,CC-IE-008
HRIS-WKR-005976,WKR-PUB-005976,IE,LE-IE-SYNTH-001,ACTIVE,EMPLOYEE,PERMANENT,2014-03-08,,F,Technology,Cork,CC-IE-013
HRIS-WKR-005977,WKR-PUB-005977,IE,LE-IE-SYNTH-001,ACTIVE,EMPLOYEE,PERMANENT,2024-07-21,,F,Operations,Dublin,CC-IE-032
HRIS-WKR-005978,WKR-PUB-005978,IE,LE-IE-SYNTH-001,ACTIVE,EMPLOYEE,PERMANENT,2014-06-17,,M,Engineering,Remote-IE,CC-IE-039
HRIS-WKR-005979,WKR-PUB-005979,IE,LE-IE-SYNTH-001,ACTIVE,EMPLOYEE,PERMANENT,2016-06-11,,F,Operations,Remote-IE,CC-IE-013
HRIS-WKR-005980,WKR-PUB-005980,IE,LE-IE-SYNTH-001,ACTIVE,EMPLOYEE,PERMANENT,2025-04-14,,UNDISCLOSED,Engineering,Dublin,CC-IE-026
HRIS-WKR-005981,WKR-PUB-005981,IE,LE-IE-SYNTH-001,ACTIVE,EMPLOYEE,FIXED_TERM,2016-10-06,,F,Sales,Dublin,CC-IE-032
HRIS-WKR-005982,WKR-PUB-005982,IE,LE-IE-SYNTH-001,ACTIVE,EMPLOYEE,PERMANENT,2014-12-03,,M,Engineering,Dublin,CC-IE-020
HRIS-WKR-005983,WKR-PUB-005983,IE,LE-IE-SYNTH-001,ACTIVE,EMPLOYEE,PERMANENT,2020-07-11,,M,Finance,Remote-IE,CC-IE-013
HRIS-WKR-005984,WKR-PUB-005984,IE,LE-IE-SYNTH-001,ACTIVE,EMPLOYEE,PERMANENT,2024-02-19,,F,Finance,Dublin,CC-IE-012
HRIS-WKR-005985,WKR-PUB-005985,IE,LE-IE-SYNTH-001,ACTIVE,EMPLOYEE,FIXED_TERM,2017-09-15,,M,Sales,Limerick,CC-IE-007
HRIS-WKR-005986,WKR-PUB-005986,IE,LE-IE-SYNTH-001,ACTIVE,CONTRACTOR,PERMANENT,2015-09-02,,F,Engineering,Dublin,CC-IE-022
HRIS-WKR-005987,WKR-PUB-005987,IE,LE-IE-SYNTH-001,TERMINATED,EMPLOYEE,PERMANENT,2020-09-03,2026-12-02,,Engineering,Dublin,CC-IE-003
HRIS-WKR-005988,WKR-PUB-005988,IE,LE-IE-SYNTH-001,ACTIVE,EMPLOYEE,PERMANENT,2015-03-24,,F,Operations,Galway,CC-IE-027
HRIS-WKR-005989,WKR-PUB-005989,IE,LE-IE-SYNTH-001,ACTIVE,EMPLOYEE,FIXED_TERM,2016-12-24,,F,Operations,Dublin,CC-IE-032
HRIS-WKR-005990,WKR-PUB-005990,IE,LE-IE-SYNTH-001,ACTIVE,EMPLOYEE,PERMANENT,2017-10-28,,F,Sales,Remote-IE,CC-IE-032
HRIS-WKR-005991,WKR-PUB-005991,IE,LE-IE-SYNTH-001,ACTIVE,EMPLOYEE,PERMANENT,2017-08-04,,F,Technology,Dublin,CC-IE-029
HRIS-WKR-005992,WKR-PUB-005992,IE,LE-IE-SYNTH-001,ACTIVE,EMPLOYEE,PERMANENT,2016-08-16,,F,Operations,Dublin,CC-IE-011
HRIS-WKR-005993,WKR-PUB-005993,IE,LE-IE-SYNTH-001,ACTIVE,EMPLOYEE,PERMANENT,2019-07-07,,F,Sales,Cork,CC-IE-036
HRIS-WKR-005994,WKR-PUB-005994,IE,LE-IE-SYNTH-001,ACTIVE,EMPLOYEE,PERMANENT,2025-11-17,,M,Technology,Dublin,CC-IE-008
HRIS-WKR-005995,WKR-PUB-005995,IE,LE-IE-SYNTH-001,ACTIVE,CONTRACTOR,PERMANENT,2017-01-11,,M,People,Limerick,CC-IE-023
HRIS-WKR-005996,WKR-PUB-005996,IE,LE-IE-SYNTH-001,ACTIVE,EMPLOYEE,FIXED_TERM,2022-06-11,,M,Sales,Cork,CC-IE-018
HRIS-WKR-005997,WKR-PUB-005997,IE,LE-IE-SYNTH-001,ACTIVE,EMPLOYEE,FIXED_TERM,2022-06-05,,M,Engineering,Dublin,CC-IE-028
HRIS-WKR-005998,WKR-PUB-005998,IE,LE-IE-SYNTH-001,ACTIVE,EMPLOYEE,PERMANENT,2024-04-05,,F,Finance,Dublin,CC-IE-019
HRIS-WKR-005999,WKR-PUB-005999,IE,LE-IE-SYNTH-001,ACTIVE,EMPLOYEE,PERMANENT,2016-03-05,,M,Engineering,Cork,CC-IE-021
HRIS-WKR-006000,WKR-PUB-006000,IE,LE-IE-SYNTH-001,ACTIVE,EMPLOYEE,PERMANENT,2021-08-26,,M,Sales,Dublin,CC-IE-015
HRIS-WKR-006001,WKR-PUB-006001,IE,LE-IE-SYNTH-001,ACTIVE,EMPLOYEE,PERMANENT,2021-01-29,,M,People,Limerick,CC-IE-028
HRIS-WKR-006002,WKR-PUB-006002,IE,LE-IE-SYNTH-001,ACTIVE,EMPLOYEE,PERMANENT,2020-12-12,,M,Engineering,Limerick,CC-IE-035
HRIS-WKR-006003,WKR-PUB-006003,IE,LE-IE-SYNTH-001,ACTIVE,EMPLOYEE,FIXED_TERM,2016-12-01,,F,Engineering,Dublin,CC-IE-040
HRIS-WKR-006004,WKR-PUB-006004,IE,LE-IE-SYNTH-001,ACTIVE,EMPLOYEE,APPRENTICE,2019-02-22,,F,People,Remote-IE,CC-IE-013
HRIS-WKR-006005,WKR-PUB-006005,IE,LE-IE-SYNTH-001,ACTIVE,EMPLOYEE,PERMANENT,2019-08-30,,M,Finance,Galway,CC-IE-006
HRIS-WKR-006006,WKR-PUB-006006,IE,LE-IE-SYNTH-001,ACTIVE,EMPLOYEE,PERMANENT,2017-11-18,,M,Sales,Dublin,CC-IE-031
HRIS-WKR-006007,WKR-PUB-006007,IE,LE-IE-SYNTH-001,ACTIVE,EMPLOYEE,PERMANENT,2026-01-12,,M,Finance,Galway,CC-IE-035
HRIS-WKR-006008,WKR-PUB-006008,IE,LE-IE-SYNTH-001,ACTIVE,EMPLOYEE,PERMANENT,2025-05-12,,F,People,Dublin,CC-IE-028
HRIS-WKR-006009,WKR-PUB-006009,IE,LE-IE-SYNTH-001,ACTIVE,EMPLOYEE,PERMANENT,2016-07-26,,F,Engineering,Cork,CC-IE-026
HRIS-WKR-006010,WKR-PUB-006010,IE,LE-IE-SYNTH-001,ACTIVE,EMPLOYEE,APPRENTICE,2023-05-15,,M,People,Remote-IE,CC-IE-023
HRIS-WKR-006011,WKR-PUB-006011,IE,LE-IE-SYNTH-001,ACTIVE,EMPLOYEE,PERMANENT,2018-03-25,,M,Technology,Cork,CC-IE-002
HRIS-WKR-006012,WKR-PUB-006012,IE,LE-IE-SYNTH-001,ACTIVE,EMPLOYEE,PERMANENT,2018-08-01,,F,Technology,Galway,CC-IE-015
HRIS-WKR-006013,WKR-PUB-006013,IE,LE-IE-SYNTH-001,TERMINATED,EMPLOYEE,PERMANENT,2018-12-11,2026-10-18,M,Sales,Remote-IE,CC-IE-031
HRIS-WKR-006014,WKR-PUB-006014,IE,LE-IE-SYNTH-001,ACTIVE,EMPLOYEE,PERMANENT,2024-07-15,,M,Operations,Remote-IE,CC-IE-008
HRIS-WKR-006015,WKR-PUB-006015,IE,LE-IE-SYNTH-001,ACTIVE,EMPLOYEE,PERMANENT,2024-12-29,,M,Finance,Dublin,CC-IE-029
HRIS-WKR-006016,WKR-PUB-006016,IE,LE-IE-SYNTH-001,ACTIVE,EMPLOYEE,PERMANENT,2023-05-22,,F,Operations,Dublin,CC-IE-035
HRIS-WKR-006017,WKR-PUB-006017,IE,LE-IE-SYNTH-001,ACTIVE,EMPLOYEE,PERMANENT,2015-07-03,,M,Technology,Dublin,CC-IE-004
HRIS-WKR-006018,WKR-PUB-006018,IE,LE-IE-SYNTH-001,ACTIVE,EMPLOYEE,PERMANENT,2014-04-05,,M,Engineering,Galway,CC-IE-006
HRIS-WKR-006019,WKR-PUB-006019,IE,LE-IE-SYNTH-001,ACTIVE,EMPLOYEE,PERMANENT,2014-01-17,,M,People,Dublin,CC-IE-013
HRIS-WKR-006020,WKR-PUB-006020,IE,LE-IE-SYNTH-001,ACTIVE,EMPLOYEE,APPRENTICE,2022-09-17,,F,Engineering,Dublin,CC-IE-031
HRIS-WKR-006021,WKR-PUB-006021,IE,LE-IE-SYNTH-001,ACTIVE,EMPLOYEE,PERMANENT,2014-06-07,,F,Engineering,Dublin,CC-IE-016
HRIS-WKR-006022,WKR-PUB-006022,IE,LE-IE-SYNTH-001,ACTIVE,EMPLOYEE,PERMANENT,2022-06-30,,M,Engineering,Dublin,CC-IE-012
HRIS-WKR-006023,WKR-PUB-006023,IE,LE-IE-SYNTH-001,ACTIVE,EMPLOYEE,PERMANENT,2015-01-23,,F,Operations,Dublin,CC-IE-035
HRIS-WKR-006024,WKR-PUB-006024,IE,LE-IE-SYNTH-001,ACTIVE,EMPLOYEE,PERMANENT,2015-02-21,,F,Engineering,Dublin,CC-IE-005
HRIS-WKR-006025,WKR-PUB-006025,IE,LE-IE-SYNTH-001,ACTIVE,EMPLOYEE,PERMANENT,2021-01-04,,F,Finance,Galway,CC-IE-009
HRIS-WKR-006026,WKR-PUB-006026,IE,LE-IE-SYNTH-001,ACTIVE,EMPLOYEE,PERMANENT,2021-05-02,,F,Finance,Cork,CC-IE-038
HRIS-WKR-006027,WKR-PUB-006027,IE,LE-IE-SYNTH-001,ACTIVE,EMPLOYEE,PERMANENT,2025-02-15,,F,Operations,Galway,CC-IE-032
HRIS-WKR-006028,WKR-PUB-006028,IE,LE-IE-SYNTH-001,ACTIVE,EMPLOYEE,PERMANENT,2016-12-03,,M,Engineering,Limerick,CC-IE-016
HRIS-WKR-006029,WKR-PUB-006029,IE,LE-IE-SYNTH-001,ACTIVE,EMPLOYEE,PERMANENT,2015-11-02,,M,Sales,Dublin,CC-IE-020
HRIS-WKR-006030,WKR-PUB-006030,IE,LE-IE-SYNTH-001,ACTIVE,EMPLOYEE,APPRENTICE,2024-11-03,,M,People,Dublin,CC-IE-039
HRIS-WKR-006031,WKR-PUB-006031,IE,LE-IE-SYNTH-001,ACTIVE,EMPLOYEE,PERMANENT,2017-06-17,,M,Operations,Dublin,CC-IE-028
HRIS-WKR-006032,WKR-PUB-006032,IE,LE-IE-SYNTH-001,ACTIVE,EMPLOYEE,PERMANENT,2019-01-21,,F,Operations,Dublin,CC-IE-040
HRIS-WKR-006033,WKR-PUB-006033,IE,LE-IE-SYNTH-001,ACTIVE,EMPLOYEE,PERMANENT,2023-08-03,,F,Operations,Remote-IE,CC-IE-004
HRIS-WKR-006034,WKR-PUB-006034,IE,LE-IE-SYNTH-001,ACTIVE,EMPLOYEE,PERMANENT,2023-10-12,,NB,Engineering,Dublin,CC-IE-040
HRIS-WKR-006035,WKR-PUB-006035,IE,LE-IE-SYNTH-001,ACTIVE,EMPLOYEE,PERMANENT,2023-05-23,,F,Sales,Dublin,CC-IE-017
HRIS-WKR-006036,WKR-PUB-006036,IE,LE-IE-SYNTH-001,ACTIVE,EMPLOYEE,PERMANENT,2023-03-05,,F,Technology,Limerick,CC-IE-019
HRIS-WKR-006037,WKR-PUB-006037,IE,LE-IE-SYNTH-001,ACTIVE,EMPLOYEE,FIXED_TERM,2021-11-03,,M,Operations,Cork,CC-IE-026
HRIS-WKR-006038,WKR-PUB-006038,IE,LE-IE-SYNTH-001,ACTIVE,EMPLOYEE,PERMANENT,2019-09-03,,M,Sales,Dublin,CC-IE-005
HRIS-WKR-006039,WKR-PUB-006039,IE,LE-IE-SYNTH-001,ACTIVE,EMPLOYEE,PERMANENT,2024-01-02,,F,Engineering,Dublin,CC-IE-017
HRIS-WKR-006040,WKR-PUB-006040,IE,LE-IE-SYNTH-001,ACTIVE,CONTRACTOR,PERMANENT,2017-08-29,,F,Sales,Limerick,CC-IE-005
HRIS-WKR-006041,WKR-PUB-006041,IE,LE-IE-SYNTH-001,ACTIVE,EMPLOYEE,PERMANENT,2025-01-19,,F,Sales,Remote-IE,CC-IE-040
HRIS-WKR-006042,WKR-PUB-006042,IE,LE-IE-SYNTH-001,ACTIVE,CONTRACTOR,FIXED_TERM,2015-05-09,,M,Engineering,Cork,CC-IE-012
HRIS-WKR-006043,WKR-PUB-006043,IE,LE-IE-SYNTH-001,ACTIVE,EMPLOYEE,PERMANENT,2024-03-13,,M,Engineering,Limerick,CC-IE-003
HRIS-WKR-006044,WKR-PUB-006044,IE,LE-IE-SYNTH-001,ACTIVE,CONTRACTOR,PERMANENT,2025-11-27,,NB,Operations,Dublin,CC-IE-002
HRIS-WKR-006045,WKR-PUB-006045,IE,LE-IE-SYNTH-001,ACTIVE,CONTRACTOR,PERMANENT,2018-09-08,,M,Engineering,Dublin,CC-IE-030
HRIS-WKR-006046,WKR-PUB-006046,IE,LE-IE-SYNTH-001,ACTIVE,EMPLOYEE,FIXED_TERM,2025-01-07,,F,People,Dublin,CC-IE-007
HRIS-WKR-006047,WKR-PUB-006047,IE,LE-IE-SYNTH-001,ACTIVE,EMPLOYEE,PERMANENT,2019-04-21,,M,Operations,Dublin,CC-IE-022
HRIS-WKR-006048,WKR-PUB-006048,IE,LE-IE-SYNTH-001,ACTIVE,EMPLOYEE,PERMANENT,2017-01-18,,F,Sales,Dublin,CC-IE-004
HRIS-WKR-006049,WKR-PUB-006049,IE,LE-IE-SYNTH-001,ACTIVE,EMPLOYEE,PERMANENT,2025-11-01,,F,Engineering,Galway,CC-IE-010
HRIS-WKR-006050,WKR-PUB-006050,IE,LE-IE-SYNTH-001,ACTIVE,EMPLOYEE,PERMANENT,2017-12-14,,M,Engineering,Dublin,CC-IE-022
HRIS-WKR-006051,WKR-PUB-006051,IE,LE-IE-SYNTH-001,ACTIVE,EMPLOYEE,PERMANENT,2022-08-17,,M,Engineering,Galway,CC-IE-028
HRIS-WKR-006052,WKR-PUB-006052,IE,LE-IE-SYNTH-001,ACTIVE,CONTRACTOR,PERMANENT,2025-05-20,,M,Sales,Dublin,CC-IE-023
HRIS-WKR-006053,WKR-PUB-006053,IE,LE-IE-SYNTH-001,ACTIVE,EMPLOYEE,PERMANENT,2014-12-07,,F,Finance,Dublin,CC-IE-037
HRIS-WKR-006054,WKR-PUB-006054,IE,LE-IE-SYNTH-001,ACTIVE,EMPLOYEE,PERMANENT,2017-10-22,,M,Sales,Cork,CC-IE-021
HRIS-WKR-006055,WKR-PUB-006055,IE,LE-IE-SYNTH-001,ACTIVE,EMPLOYEE,PERMANENT,2024-01-11,,F,People,Limerick,CC-IE-003
HRIS-WKR-006056,WKR-PUB-006056,IE,LE-IE-SYNTH-001,ACTIVE,EMPLOYEE,PERMANENT,2023-08-25,,F,Finance,Dublin,CC-IE-012
HRIS-WKR-006057,WKR-PUB-006057,IE,LE-IE-SYNTH-001,ACTIVE,EMPLOYEE,FIXED_TERM,2018-07-25,,F,Technology,Limerick,CC-IE-036
HRIS-WKR-006058,WKR-PUB-006058,IE,LE-IE-SYNTH-001,ACTIVE,EMPLOYEE,APPRENTICE,2025-08-09,,F,Engineering,Dublin,CC-IE-036
HRIS-WKR-006059,WKR-PUB-006059,IE,LE-IE-SYNTH-001,ACTIVE,EMPLOYEE,PERMANENT,2016-09-23,,F,Technology,Limerick,CC-IE-020
HRIS-WKR-006060,WKR-PUB-006060,IE,LE-IE-SYNTH-001,ACTIVE,EMPLOYEE,FIXED_TERM,2020-05-01,,F,Engineering,Remote-IE,CC-IE-017
HRIS-WKR-006061,WKR-PUB-006061,IE,LE-IE-SYNTH-001,ACTIVE,EMPLOYEE,PERMANENT,2021-07-07,,M,Technology,Galway,CC-IE-002
HRIS-WKR-006062,WKR-PUB-006062,IE,LE-IE-SYNTH-001,ACTIVE,EMPLOYEE,PERMANENT,2014-03-18,,M,Engineering,Cork,CC-IE-025
HRIS-WKR-006063,WKR-PUB-006063,IE,LE-IE-SYNTH-001,ACTIVE,EMPLOYEE,PERMANENT,2017-08-09,,M,Sales,Cork,CC-IE-003
HRIS-WKR-006064,WKR-PUB-006064,IE,LE-IE-SYNTH-001,ACTIVE,EMPLOYEE,PERMANENT,2019-03-31,,F,Engineering,Dublin,CC-IE-024
HRIS-WKR-006065,WKR-PUB-006065,IE,LE-IE-SYNTH-001,ACTIVE,EMPLOYEE,FIXED_TERM,2024-12-05,,M,Operations,Limerick,CC-IE-025
HRIS-WKR-006066,WKR-PUB-006066,IE,LE-IE-SYNTH-001,ACTIVE,EMPLOYEE,PERMANENT,2020-09-02,,F,People,Cork,CC-IE-028
HRIS-WKR-006067,WKR-PUB-006067,IE,LE-IE-SYNTH-001,ACTIVE,EMPLOYEE,PERMANENT,2026-02-16,,M,Engineering,Dublin,CC-IE-015
HRIS-WKR-006068,WKR-PUB-006068,IE,LE-IE-SYNTH-001,ACTIVE,EMPLOYEE,APPRENTICE,2015-09-15,,F,Finance,Dublin,CC-IE-030
HRIS-WKR-006069,WKR-PUB-006069,IE,LE-IE-SYNTH-001,ACTIVE,EMPLOYEE,FIXED_TERM,2024-06-15,,M,Operations,Cork,CC-IE-031
HRIS-WKR-006070,WKR-PUB-006070,IE,LE-IE-SYNTH-001,ACTIVE,EMPLOYEE,PERMANENT,2026-02-11,,F,People,Remote-IE,CC-IE-015
HRIS-WKR-006071,WKR-PUB-006071,IE,LE-IE-SYNTH-001,ACTIVE,EMPLOYEE,FIXED_TERM,2022-12-03,,M,Finance,Remote-IE,CC-IE-003
HRIS-WKR-006072,WKR-PUB-006072,IE,LE-IE-SYNTH-001,ACTIVE,EMPLOYEE,PERMANENT,2020-06-22,,F,Sales,Remote-IE,CC-IE-018
HRIS-WKR-006073,WKR-PUB-006073,IE,LE-IE-SYNTH-001,ACTIVE,EMPLOYEE,PERMANENT,2016-08-26,,F,Engineering,Dublin,CC-IE-018
HRIS-WKR-006074,WKR-PUB-006074,IE,LE-IE-SYNTH-001,ACTIVE,EMPLOYEE,FIXED_TERM,2014-07-21,,M,Engineering,Remote-IE,CC-IE-013
HRIS-WKR-006075,WKR-PUB-006075,IE,LE-IE-SYNTH-001,ACTIVE,EMPLOYEE,PERMANENT,2019-01-09,,M,Engineering,Dublin,CC-IE-012
HRIS-WKR-006076,WKR-PUB-006076,IE,LE-IE-SYNTH-001,ACTIVE,EMPLOYEE,PERMANENT,2015-10-24,,M,Finance,Dublin,CC-IE-020
HRIS-WKR-006077,WKR-PUB-006077,IE,LE-IE-SYNTH-001,ACTIVE,EMPLOYEE,PERMANENT,2016-04-02,,F,Engineering,Remote-IE,CC-IE-040
HRIS-WKR-006078,WKR-PUB-006078,IE,LE-IE-SYNTH-001,ACTIVE,EMPLOYEE,FIXED_TERM,2019-10-09,,F,Operations,Remote-IE,CC-IE-008
HRIS-WKR-006079,WKR-PUB-006079,IE,LE-IE-SYNTH-001,ACTIVE,EMPLOYEE,PERMANENT,2025-01-03,,F,Engineering,Dublin,CC-IE-034
HRIS-WKR-006080,WKR-PUB-006080,IE,LE-IE-SYNTH-001,TERMINATED,EMPLOYEE,PERMANENT,2017-02-23,2026-12-10,M,Engineering,Dublin,CC-IE-022
HRIS-WKR-006081,WKR-PUB-006081,IE,LE-IE-SYNTH-001,ACTIVE,EMPLOYEE,PERMANENT,2018-02-15,,M,Operations,Remote-IE,CC-IE-035
HRIS-WKR-006082,WKR-PUB-006082,IE,LE-IE-SYNTH-001,ACTIVE,EMPLOYEE,PERMANENT,2015-05-12,,F,Operations,Cork,CC-IE-015
HRIS-WKR-006083,WKR-PUB-006083,IE,LE-IE-SYNTH-001,ACTIVE,EMPLOYEE,PERMANENT,2018-09-08,,F,Technology,Galway,CC-IE-038
HRIS-WKR-006084,WKR-PUB-006084,IE,LE-IE-SYNTH-001,ACTIVE,EMPLOYEE,PERMANENT,2016-08-18,,F,Engineering,Dublin,CC-IE-020
HRIS-WKR-006085,WKR-PUB-006085,IE,LE-IE-SYNTH-001,ACTIVE,EMPLOYEE,FIXED_TERM,2019-10-19,,F,Engineering,Dublin,CC-IE-029
HRIS-WKR-006086,WKR-PUB-006086,IE,LE-IE-SYNTH-001,ACTIVE,EMPLOYEE,PERMANENT,2021-06-24,,M,Operations,Dublin,CC-IE-013
HRIS-WKR-006087,WKR-PUB-006087,IE,LE-IE-SYNTH-001,ACTIVE,EMPLOYEE,PERMANENT,2016-02-07,,M,Sales,Dublin,CC-IE-020
HRIS-WKR-006088,WKR-PUB-006088,IE,LE-IE-SYNTH-001,ACTIVE,EMPLOYEE,PERMANENT,2017-02-15,,M,Engineering,Remote-IE,CC-IE-030
HRIS-WKR-006089,WKR-PUB-006089,IE,LE-IE-SYNTH-001,ACTIVE,EMPLOYEE,PERMANENT,2014-01-16,,M,Sales,Dublin,CC-IE-039
HRIS-WKR-006090,WKR-PUB-006090,IE,LE-IE-SYNTH-001,ACTIVE,CONTRACTOR,PERMANENT,2015-08-07,,F,Operations,Dublin,CC-IE-034
HRIS-WKR-006091,WKR-PUB-006091,IE,LE-IE-SYNTH-001,ACTIVE,EMPLOYEE,PERMANENT,2017-02-12,,F,Technology,Limerick,CC-IE-024
HRIS-WKR-006092,WKR-PUB-006092,IE,LE-IE-SYNTH-001,ACTIVE,EMPLOYEE,PERMANENT,2019-05-30,,M,Technology,Galway,CC-IE-006
HRIS-WKR-006093,WKR-PUB-006093,IE,LE-IE-SYNTH-001,ACTIVE,EMPLOYEE,PERMANENT,2017-07-20,,M,People,Dublin,CC-IE-013
HRIS-WKR-006094,WKR-PUB-006094,IE,LE-IE-SYNTH-001,ACTIVE,EMPLOYEE,PERMANENT,2019-11-17,,M,Technology,Cork,CC-IE-020
HRIS-WKR-006095,WKR-PUB-006095,IE,LE-IE-SYNTH-001,ACTIVE,EMPLOYEE,FIXED_TERM,2016-01-25,,M,Engineering,Dublin,CC-IE-036
HRIS-WKR-006096,WKR-PUB-006096,IE,LE-IE-SYNTH-001,ACTIVE,EMPLOYEE,PERMANENT,2021-02-13,,F,People,Dublin,CC-IE-036
HRIS-WKR-006097,WKR-PUB-006097,IE,LE-IE-SYNTH-001,ACTIVE,EMPLOYEE,PERMANENT,2023-07-16,,,Engineering,Galway,CC-IE-028
HRIS-WKR-006098,WKR-PUB-006098,IE,LE-IE-SYNTH-001,ACTIVE,EMPLOYEE,PERMANENT,2019-09-24,,UNDISCLOSED,Technology,Dublin,CC-IE-015
HRIS-WKR-006099,WKR-PUB-006099,IE,LE-IE-SYNTH-001,ACTIVE,CONTRACTOR,PERMANENT,2019-08-18,,M,Operations,Remote-IE,CC-IE-002
HRIS-WKR-006100,WKR-PUB-006100,IE,LE-IE-SYNTH-001,ACTIVE,EMPLOYEE,PERMANENT,2017-02-22,,M,Operations,Dublin,CC-IE-038
HRIS-WKR-006101,WKR-PUB-006101,IE,LE-IE-SYNTH-001,ACTIVE,EMPLOYEE,PERMANENT,2023-04-22,,F,Engineering,Dublin,CC-IE-032
HRIS-WKR-006102,WKR-PUB-006102,IE,LE-IE-SYNTH-001,ACTIVE,EMPLOYEE,PERMANENT,2024-06-21,,M,Operations,Remote-IE,CC-IE-039
HRIS-WKR-006103,WKR-PUB-006103,IE,LE-IE-SYNTH-001,ACTIVE,EMPLOYEE,FIXED_TERM,2025-05-12,,M,Engineering,Cork,CC-IE-034
HRIS-WKR-006104,WKR-PUB-006104,IE,LE-IE-SYNTH-001,ACTIVE,EMPLOYEE,PERMANENT,2014-03-11,,M,Sales,Remote-IE,CC-IE-037
HRIS-WKR-006105,WKR-PUB-006105,IE,LE-IE-SYNTH-001,ACTIVE,EMPLOYEE,PERMANENT,2022-02-06,,F,Engineering,Dublin,CC-IE-027
HRIS-WKR-006106,WKR-PUB-006106,IE,LE-IE-SYNTH-001,ACTIVE,EMPLOYEE,PERMANENT,2019-03-23,,M,Engineering,Remote-IE,CC-IE-021
HRIS-WKR-006107,WKR-PUB-006107,IE,LE-IE-SYNTH-001,ACTIVE,EMPLOYEE,PERMANENT,2015-01-16,,M,Engineering,Dublin,CC-IE-034
HRIS-WKR-006108,WKR-PUB-006108,IE,LE-IE-SYNTH-001,ACTIVE,EMPLOYEE,PERMANENT,2018-06-18,,F,Engineering,Remote-IE,CC-IE-021
HRIS-WKR-006109,WKR-PUB-006109,IE,LE-IE-SYNTH-001,ACTIVE,EMPLOYEE,PERMANENT,2024-03-24,,M,Finance,Remote-IE,CC-IE-016
HRIS-WKR-006110,WKR-PUB-006110,IE,LE-IE-SYNTH-001,ACTIVE,EMPLOYEE,PERMANENT,2014-08-08,,F,Finance,Cork,CC-IE-031
HRIS-WKR-006111,WKR-PUB-006111,IE,LE-IE-SYNTH-001,ACTIVE,EMPLOYEE,PERMANENT,2019-05-24,,M,Sales,Remote-IE,CC-IE-019
HRIS-WKR-006112,WKR-PUB-006112,IE,LE-IE-SYNTH-001,ACTIVE,EMPLOYEE,PERMANENT,2018-01-15,,M,Technology,Dublin,CC-IE-035
HRIS-WKR-006113,WKR-PUB-006113,IE,LE-IE-SYNTH-001,ACTIVE,EMPLOYEE,PERMANENT,2020-03-26,,M,Finance,Dublin,CC-IE-025
HRIS-WKR-006114,WKR-PUB-006114,IE,LE-IE-SYNTH-001,ACTIVE,EMPLOYEE,FIXED_TERM,2014-06-25,,F,Finance,Dublin,CC-IE-020
HRIS-WKR-006115,WKR-PUB-006115,IE,LE-IE-SYNTH-001,ACTIVE,EMPLOYEE,PERMANENT,2021-09-05,,F,People,Cork,CC-IE-022
HRIS-WKR-006116,WKR-PUB-006116,IE,LE-IE-SYNTH-001,ACTIVE,EMPLOYEE,PERMANENT,2025-02-23,,,People,Dublin,CC-IE-021
HRIS-WKR-006117,WKR-PUB-006117,IE,LE-IE-SYNTH-001,ACTIVE,EMPLOYEE,PERMANENT,2015-12-24,,M,Engineering,Dublin,CC-IE-010
HRIS-WKR-006118,WKR-PUB-006118,IE,LE-IE-SYNTH-001,TERMINATED,EMPLOYEE,PERMANENT,2025-01-09,2026-05-16,M,Sales,Dublin,CC-IE-031
HRIS-WKR-006119,WKR-PUB-006119,IE,LE-IE-SYNTH-001,ACTIVE,CONTRACTOR,PERMANENT,2019-07-05,,F,Engineering,Galway,CC-IE-011
HRIS-WKR-006120,WKR-PUB-006120,IE,LE-IE-SYNTH-001,ACTIVE,EMPLOYEE,PERMANENT,2014-03-26,,M,Sales,Limerick,CC-IE-031
HRIS-WKR-006121,WKR-PUB-006121,IE,LE-IE-SYNTH-001,ACTIVE,EMPLOYEE,PERMANENT,2017-07-10,,M,Engineering,Dublin,CC-IE-035
HRIS-WKR-006122,WKR-PUB-006122,IE,LE-IE-SYNTH-001,ACTIVE,EMPLOYEE,PERMANENT,2020-09-27,,M,Sales,Cork,CC-IE-003
HRIS-WKR-006123,WKR-PUB-006123,IE,LE-IE-SYNTH-001,ACTIVE,EMPLOYEE,PERMANENT,2016-07-18,,F,Finance,Dublin,CC-IE-003
HRIS-WKR-006124,WKR-PUB-006124,IE,LE-IE-SYNTH-001,ACTIVE,EMPLOYEE,PERMANENT,2025-03-23,,F,Engineering,Cork,CC-IE-024
HRIS-WKR-006125,WKR-PUB-006125,IE,LE-IE-SYNTH-001,ACTIVE,EMPLOYEE,APPRENTICE,2015-10-28,,F,Sales,Dublin,CC-IE-032
HRIS-WKR-006126,WKR-PUB-006126,IE,LE-IE-SYNTH-001,ACTIVE,EMPLOYEE,PERMANENT,2019-11-11,,F,Engineering,Cork,CC-IE-029
HRIS-WKR-006127,WKR-PUB-006127,IE,LE-IE-SYNTH-001,ACTIVE,EMPLOYEE,PERMANENT,2024-04-08,,M,Engineering,Dublin,CC-IE-024
HRIS-WKR-006128,WKR-PUB-006128,IE,LE-IE-SYNTH-001,ACTIVE,CONTRACTOR,APPRENTICE,2022-03-28,,M,Sales,Dublin,CC-IE-013
HRIS-WKR-006129,WKR-PUB-006129,IE,LE-IE-SYNTH-001,ACTIVE,EMPLOYEE,PERMANENT,2018-07-19,,F,People,Cork,CC-IE-006
HRIS-WKR-006130,WKR-PUB-006130,IE,LE-IE-SYNTH-001,ACTIVE,EMPLOYEE,PERMANENT,2017-07-06,,M,Sales,Dublin,CC-IE-022
HRIS-WKR-006131,WKR-PUB-006131,IE,LE-IE-SYNTH-001,ACTIVE,EMPLOYEE,PERMANENT,2017-02-20,,F,Engineering,Dublin,CC-IE-012
HRIS-WKR-006132,WKR-PUB-006132,IE,LE-IE-SYNTH-001,ACTIVE,EMPLOYEE,PERMANENT,2023-03-13,,M,Sales,Remote-IE,CC-IE-035
HRIS-WKR-006133,WKR-PUB-006133,IE,LE-IE-SYNTH-001,ACTIVE,EMPLOYEE,PERMANENT,2024-07-24,,F,Operations,Dublin,CC-IE-027
HRIS-WKR-006134,WKR-PUB-006134,IE,LE-IE-SYNTH-001,TERMINATED,EMPLOYEE,FIXED_TERM,2020-08-30,2026-10-25,F,People,Cork,CC-IE-012
HRIS-WKR-006135,WKR-PUB-006135,IE,LE-IE-SYNTH-001,ACTIVE,EMPLOYEE,PERMANENT,2021-05-10,,M,Finance,Remote-IE,CC-IE-006
HRIS-WKR-006136,WKR-PUB-006136,IE,LE-IE-SYNTH-001,ACTIVE,EMPLOYEE,PERMANENT,2017-12-31,,M,Operations,Dublin,CC-IE-032
HRIS-WKR-006137,WKR-PUB-006137,IE,LE-IE-SYNTH-001,ACTIVE,EMPLOYEE,PERMANENT,2017-10-05,,F,Operations,Galway,CC-IE-027
HRIS-WKR-006138,WKR-PUB-006138,IE,LE-IE-SYNTH-001,ACTIVE,EMPLOYEE,PERMANENT,2025-10-27,,F,Technology,Galway,CC-IE-026
HRIS-WKR-006139,WKR-PUB-006139,IE,LE-IE-SYNTH-001,ACTIVE,EMPLOYEE,PERMANENT,2014-10-19,,M,Engineering,Dublin,CC-IE-022
HRIS-WKR-006140,WKR-PUB-006140,IE,LE-IE-SYNTH-001,ACTIVE,EMPLOYEE,FIXED_TERM,2014-01-25,,NB,Engineering,Limerick,CC-IE-013
HRIS-WKR-006141,WKR-PUB-006141,IE,LE-IE-SYNTH-001,ACTIVE,EMPLOYEE,FIXED_TERM,2017-10-29,,F,People,Dublin,CC-IE-033
HRIS-WKR-006142,WKR-PUB-006142,IE,LE-IE-SYNTH-001,ACTIVE,EMPLOYEE,PERMANENT,2024-01-13,,F,Finance,Cork,CC-IE-020
HRIS-WKR-006143,WKR-PUB-006143,IE,LE-IE-SYNTH-001,ACTIVE,EMPLOYEE,PERMANENT,2025-12-05,,M,Sales,Dublin,CC-IE-011
HRIS-WKR-006144,WKR-PUB-006144,IE,LE-IE-SYNTH-001,ACTIVE,EMPLOYEE,PERMANENT,2017-04-14,,M,Sales,Dublin,CC-IE-024
HRIS-WKR-006145,WKR-PUB-006145,IE,LE-IE-SYNTH-001,ACTIVE,EMPLOYEE,PERMANENT,2018-07-29,,F,Sales,Dublin,CC-IE-027
HRIS-WKR-006146,WKR-PUB-006146,IE,LE-IE-SYNTH-001,TERMINATED,EMPLOYEE,PERMANENT,2020-03-14,2026-08-31,F,Engineering,Dublin,CC-IE-020
HRIS-WKR-006147,WKR-PUB-006147,IE,LE-IE-SYNTH-001,ACTIVE,CONTRACTOR,PERMANENT,2020-06-23,,M,Operations,Dublin,CC-IE-021
HRIS-WKR-006148,WKR-PUB-006148,IE,LE-IE-SYNTH-001,ACTIVE,EMPLOYEE,PERMANENT,2016-09-06,,F,Finance,Dublin,CC-IE-034
HRIS-WKR-006149,WKR-PUB-006149,IE,LE-IE-SYNTH-001,ACTIVE,EMPLOYEE,PERMANENT,2023-10-09,,M,Technology,Galway,CC-IE-017
HRIS-WKR-006150,WKR-PUB-006150,IE,LE-IE-SYNTH-001,ACTIVE,EMPLOYEE,PERMANENT,2014-10-04,,M,Engineering,Dublin,CC-IE-022
HRIS-WKR-006151,WKR-PUB-006151,IE,LE-IE-SYNTH-001,ACTIVE,EMPLOYEE,PERMANENT,2016-04-01,,M,Sales,Galway,CC-IE-004
HRIS-WKR-006152,WKR-PUB-006152,IE,LE-IE-SYNTH-001,ACTIVE,EMPLOYEE,PERMANENT,2018-04-03,,M,Finance,Dublin,CC-IE-012
HRIS-WKR-006153,WKR-PUB-006153,IE,LE-IE-SYNTH-001,ACTIVE,EMPLOYEE,PERMANENT,2023-08-05,,UNDISCLOSED,Sales,Cork,CC-IE-007
HRIS-WKR-006154,WKR-PUB-006154,IE,LE-IE-SYNTH-001,ACTIVE,EMPLOYEE,PERMANENT,2015-12-31,,F,Sales,Galway,CC-IE-017
HRIS-WKR-006155,WKR-PUB-006155,IE,LE-IE-SYNTH-001,ACTIVE,EMPLOYEE,PERMANENT,2016-09-07,,M,Operations,Cork,CC-IE-019
HRIS-WKR-006156,WKR-PUB-006156,IE,LE-IE-SYNTH-001,ACTIVE,EMPLOYEE,FIXED_TERM,2014-01-08,,F,Engineering,Dublin,CC-IE-028
HRIS-WKR-006157,WKR-PUB-006157,IE,LE-IE-SYNTH-001,ACTIVE,EMPLOYEE,PERMANENT,2017-03-29,,M,Operations,Dublin,CC-IE-019
HRIS-WKR-006158,WKR-PUB-006158,IE,LE-IE-SYNTH-001,ACTIVE,EMPLOYEE,APPRENTICE,2014-04-10,,M,Technology,Cork,CC-IE-032
HRIS-WKR-006159,WKR-PUB-006159,IE,LE-IE-SYNTH-001,ACTIVE,EMPLOYEE,PERMANENT,2025-03-28,,F,Operations,Dublin,CC-IE-010
HRIS-WKR-006160,WKR-PUB-006160,IE,LE-IE-SYNTH-001,ACTIVE,EMPLOYEE,PERMANENT,2016-06-29,,F,Operations,Cork,CC-IE-003
HRIS-WKR-006161,WKR-PUB-006161,IE,LE-IE-SYNTH-001,ACTIVE,EMPLOYEE,PERMANENT,2014-10-14,,F,Sales,Remote-IE,CC-IE-005
HRIS-WKR-006162,WKR-PUB-006162,IE,LE-IE-SYNTH-001,ACTIVE,EMPLOYEE,PERMANENT,2024-08-10,,M,Engineering,Dublin,CC-IE-011
HRIS-WKR-006163,WKR-PUB-006163,IE,LE-IE-SYNTH-001,TERMINATED,EMPLOYEE,PERMANENT,2023-11-08,2026-12-31,M,Finance,Dublin,CC-IE-017
HRIS-WKR-006164,WKR-PUB-006164,IE,LE-IE-SYNTH-001,ACTIVE,EMPLOYEE,PERMANENT,2024-08-14,,F,Operations,Dublin,CC-IE-007
HRIS-WKR-006165,WKR-PUB-006165,IE,LE-IE-SYNTH-001,ACTIVE,CONTRACTOR,FIXED_TERM,2016-05-04,,M,Finance,Dublin,CC-IE-032
HRIS-WKR-006166,WKR-PUB-006166,IE,LE-IE-SYNTH-001,ACTIVE,EMPLOYEE,PERMANENT,2025-10-09,,M,Engineering,Dublin,CC-IE-017
HRIS-WKR-006167,WKR-PUB-006167,IE,LE-IE-SYNTH-001,ACTIVE,EMPLOYEE,FIXED_TERM,2019-02-15,,F,People,Limerick,CC-IE-017
HRIS-WKR-006168,WKR-PUB-006168,IE,LE-IE-SYNTH-001,ACTIVE,EMPLOYEE,PERMANENT,2014-05-26,,M,Operations,Cork,CC-IE-028
HRIS-WKR-006169,WKR-PUB-006169,IE,LE-IE-SYNTH-001,ACTIVE,EMPLOYEE,PERMANENT,2016-05-17,,M,Engineering,Remote-IE,CC-IE-031
HRIS-WKR-006170,WKR-PUB-006170,IE,LE-IE-SYNTH-001,ACTIVE,EMPLOYEE,PERMANENT,2019-10-27,,F,Engineering,Cork,CC-IE-026
HRIS-WKR-006171,WKR-PUB-006171,IE,LE-IE-SYNTH-001,ACTIVE,EMPLOYEE,PERMANENT,2017-12-18,,M,Sales,Dublin,CC-IE-036
HRIS-WKR-006172,WKR-PUB-006172,IE,LE-IE-SYNTH-001,ACTIVE,EMPLOYEE,PERMANENT,2015-09-08,,F,Sales,Limerick,CC-IE-003
HRIS-WKR-006173,WKR-PUB-006173,IE,LE-IE-SYNTH-001,ACTIVE,EMPLOYEE,APPRENTICE,2020-03-18,,M,Sales,Dublin,CC-IE-006
HRIS-WKR-006174,WKR-PUB-006174,IE,LE-IE-SYNTH-001,ACTIVE,EMPLOYEE,PERMANENT,2024-10-19,,F,People,Dublin,CC-IE-030
HRIS-WKR-006175,WKR-PUB-006175,IE,LE-IE-SYNTH-001,ACTIVE,EMPLOYEE,PERMANENT,2020-09-27,,F,Operations,Dublin,CC-IE-025
HRIS-WKR-006176,WKR-PUB-006176,IE,LE-IE-SYNTH-001,ACTIVE,CONTRACTOR,PERMANENT,2020-02-28,,F,Sales,Dublin,CC-IE-018
HRIS-WKR-006177,WKR-PUB-006177,IE,LE-IE-SYNTH-001,ACTIVE,EMPLOYEE,PERMANENT,2019-10-22,,F,Engineering,Dublin,CC-IE-004
HRIS-WKR-006178,WKR-PUB-006178,IE,LE-IE-SYNTH-001,ACTIVE,EMPLOYEE,PERMANENT,2017-06-14,,M,Sales,Dublin,CC-IE-040
HRIS-WKR-006179,WKR-PUB-006179,IE,LE-IE-SYNTH-001,ACTIVE,EMPLOYEE,PERMANENT,2018-03-05,,M,Sales,Cork,CC-IE-033
HRIS-WKR-006180,WKR-PUB-006180,IE,LE-IE-SYNTH-001,ACTIVE,EMPLOYEE,FIXED_TERM,2014-05-24,,F,Finance,Dublin,CC-IE-015
HRIS-WKR-006181,WKR-PUB-006181,IE,LE-IE-SYNTH-001,ACTIVE,CONTRACTOR,PERMANENT,2019-08-23,,F,People,Dublin,CC-IE-005
HRIS-WKR-006182,WKR-PUB-006182,IE,LE-IE-SYNTH-001,ACTIVE,CONTRACTOR,PERMANENT,2017-06-02,,F,Sales,Dublin,CC-IE-039
HRIS-WKR-006183,WKR-PUB-006183,IE,LE-IE-SYNTH-001,ACTIVE,EMPLOYEE,PERMANENT,2024-03-22,,M,Operations,Dublin,CC-IE-015
HRIS-WKR-006184,WKR-PUB-006184,IE,LE-IE-SYNTH-001,ACTIVE,EMPLOYEE,PERMANENT,2022-10-27,,F,Sales,Dublin,CC-IE-034
HRIS-WKR-006185,WKR-PUB-006185,IE,LE-IE-SYNTH-001,ACTIVE,EMPLOYEE,PERMANENT,2018-07-28,,M,People,Cork,CC-IE-031
HRIS-WKR-006186,WKR-PUB-006186,IE,LE-IE-SYNTH-001,ACTIVE,EMPLOYEE,PERMANENT,2018-07-29,,F,Engineering,Dublin,CC-IE-016
HRIS-WKR-006187,WKR-PUB-006187,IE,LE-IE-SYNTH-001,ACTIVE,EMPLOYEE,PERMANENT,2020-05-17,,M,Operations,Dublin,CC-IE-024
HRIS-WKR-006188,WKR-PUB-006188,IE,LE-IE-SYNTH-001,ACTIVE,EMPLOYEE,PERMANENT,2019-01-08,,F,Sales,Dublin,CC-IE-013
HRIS-WKR-006189,WKR-PUB-006189,IE,LE-IE-SYNTH-001,ACTIVE,EMPLOYEE,FIXED_TERM,2016-01-12,,F,Operations,Remote-IE,CC-IE-028
HRIS-WKR-006190,WKR-PUB-006190,IE,LE-IE-SYNTH-001,ACTIVE,EMPLOYEE,PERMANENT,2024-08-29,,M,Engineering,Cork,CC-IE-028
HRIS-WKR-006191,WKR-PUB-006191,IE,LE-IE-SYNTH-001,ACTIVE,EMPLOYEE,PERMANENT,2021-01-22,,UNDISCLOSED,Sales,Dublin,CC-IE-034
HRIS-WKR-006192,WKR-PUB-006192,IE,LE-IE-SYNTH-001,ACTIVE,EMPLOYEE,PERMANENT,2025-01-10,,M,Engineering,Dublin,CC-IE-012
HRIS-WKR-006193,WKR-PUB-006193,IE,LE-IE-SYNTH-001,ACTIVE,EMPLOYEE,PERMANENT,2017-09-07,,F,Technology,Limerick,CC-IE-011
HRIS-WKR-006194,WKR-PUB-006194,IE,LE-IE-SYNTH-001,ACTIVE,EMPLOYEE,PERMANENT,2021-04-29,,M,People,Dublin,CC-IE-036
HRIS-WKR-006195,WKR-PUB-006195,IE,LE-IE-SYNTH-001,ACTIVE,EMPLOYEE,PERMANENT,2021-07-20,,F,Operations,Galway,CC-IE-025
HRIS-WKR-006196,WKR-PUB-006196,IE,LE-IE-SYNTH-001,ACTIVE,EMPLOYEE,PERMANENT,2024-06-08,,M,Technology,Cork,CC-IE-011
HRIS-WKR-006197,WKR-PUB-006197,IE,LE-IE-SYNTH-001,ACTIVE,EMPLOYEE,PERMANENT,2019-04-19,,F,Sales,Dublin,CC-IE-015
HRIS-WKR-006198,WKR-PUB-006198,IE,LE-IE-SYNTH-001,ACTIVE,EMPLOYEE,PERMANENT,2020-07-11,,M,Finance,Dublin,CC-IE-005
HRIS-WKR-006199,WKR-PUB-006199,IE,LE-IE-SYNTH-001,ACTIVE,EMPLOYEE,PERMANENT,2018-11-23,,M,Technology,Dublin,CC-IE-033
HRIS-WKR-006200,WKR-PUB-006200,IE,LE-IE-SYNTH-001,ACTIVE,EMPLOYEE,PERMANENT,2018-03-11,,M,Engineering,Cork,CC-IE-025
HRIS-WKR-006201,WKR-PUB-006201,IE,LE-IE-SYNTH-001,ACTIVE,EMPLOYEE,PERMANENT,2019-09-26,,M,Finance,Dublin,CC-IE-037
HRIS-WKR-006202,WKR-PUB-006202,IE,LE-IE-SYNTH-001,ACTIVE,EMPLOYEE,PERMANENT,2023-11-06,,M,Technology,Limerick,CC-IE-022
HRIS-WKR-006203,WKR-PUB-006203,IE,LE-IE-SYNTH-001,ACTIVE,EMPLOYEE,PERMANENT,2024-03-10,,F,Engineering,Dublin,CC-IE-010
HRIS-WKR-006204,WKR-PUB-006204,IE,LE-IE-SYNTH-001,ACTIVE,EMPLOYEE,PERMANENT,2014-03-16,,M,Engineering,Limerick,CC-IE-027
HRIS-WKR-006205,WKR-PUB-006205,IE,LE-IE-SYNTH-001,ACTIVE,EMPLOYEE,PERMANENT,2015-06-01,,NB,Engineering,Dublin,CC-IE-007
HRIS-WKR-006206,WKR-PUB-006206,IE,LE-IE-SYNTH-001,ACTIVE,EMPLOYEE,PERMANENT,2024-08-04,,M,Sales,Galway,CC-IE-036
HRIS-WKR-006207,WKR-PUB-006207,IE,LE-IE-SYNTH-001,ACTIVE,EMPLOYEE,PERMANENT,2018-07-16,,M,Operations,Dublin,CC-IE-031
HRIS-WKR-006208,WKR-PUB-006208,IE,LE-IE-SYNTH-001,ACTIVE,EMPLOYEE,PERMANENT,2016-11-14,,NB,Engineering,Galway,CC-IE-022
HRIS-WKR-006209,WKR-PUB-006209,IE,LE-IE-SYNTH-001,ACTIVE,EMPLOYEE,PERMANENT,2024-10-11,,F,Engineering,Galway,CC-IE-023
HRIS-WKR-006210,WKR-PUB-006210,IE,LE-IE-SYNTH-001,ACTIVE,EMPLOYEE,PERMANENT,2016-06-02,,M,Operations,Remote-IE,CC-IE-009
HRIS-WKR-006211,WKR-PUB-006211,IE,LE-IE-SYNTH-001,ACTIVE,EMPLOYEE,FIXED_TERM,2015-10-29,,M,Sales,Limerick,CC-IE-031
HRIS-WKR-006212,WKR-PUB-006212,IE,LE-IE-SYNTH-001,ACTIVE,EMPLOYEE,PERMANENT,2026-01-13,,M,Operations,Cork,CC-IE-024
HRIS-WKR-006213,WKR-PUB-006213,IE,LE-IE-SYNTH-001,ACTIVE,EMPLOYEE,PERMANENT,2020-11-13,,M,Finance,Dublin,CC-IE-033
HRIS-WKR-006214,WKR-PUB-006214,IE,LE-IE-SYNTH-001,ACTIVE,EMPLOYEE,PERMANENT,2022-06-08,,UNDISCLOSED,Operations,Dublin,CC-IE-004
HRIS-WKR-006215,WKR-PUB-006215,IE,LE-IE-SYNTH-001,ACTIVE,EMPLOYEE,PERMANENT,2020-04-14,,F,Engineering,Dublin,CC-IE-011
HRIS-WKR-006216,WKR-PUB-006216,IE,LE-IE-SYNTH-001,ACTIVE,EMPLOYEE,PERMANENT,2024-06-25,,F,Sales,Galway,CC-IE-017
HRIS-WKR-006217,WKR-PUB-006217,IE,LE-IE-SYNTH-001,ACTIVE,CONTRACTOR,PERMANENT,2016-03-05,,M,Engineering,Remote-IE,CC-IE-025
HRIS-WKR-006218,WKR-PUB-006218,IE,LE-IE-SYNTH-001,ACTIVE,EMPLOYEE,PERMANENT,2018-11-19,,F,Engineering,Dublin,CC-IE-030
HRIS-WKR-006219,WKR-PUB-006219,IE,LE-IE-SYNTH-001,ACTIVE,EMPLOYEE,PERMANENT,2023-01-22,,M,Sales,Dublin,CC-IE-012
HRIS-WKR-006220,WKR-PUB-006220,IE,LE-IE-SYNTH-001,ACTIVE,EMPLOYEE,PERMANENT,2016-08-12,,UNDISCLOSED,Sales,Limerick,CC-IE-010
HRIS-WKR-006221,WKR-PUB-006221,IE,LE-IE-SYNTH-001,ACTIVE,EMPLOYEE,FIXED_TERM,2016-11-02,,M,Sales,Dublin,CC-IE-035
HRIS-WKR-006222,WKR-PUB-006222,IE,LE-IE-SYNTH-001,ACTIVE,EMPLOYEE,FIXED_TERM,2021-01-27,,M,Operations,Dublin,CC-IE-021
HRIS-WKR-006223,WKR-PUB-006223,IE,LE-IE-SYNTH-001,ACTIVE,EMPLOYEE,PERMANENT,2018-08-24,,F,Engineering,Dublin,CC-IE-033
HRIS-WKR-006224,WKR-PUB-006224,IE,LE-IE-SYNTH-001,ACTIVE,EMPLOYEE,FIXED_TERM,2018-05-22,,M,Technology,Cork,CC-IE-018
HRIS-WKR-006225,WKR-PUB-006225,IE,LE-IE-SYNTH-001,ACTIVE,EMPLOYEE,APPRENTICE,2014-11-16,,M,Operations,Remote-IE,CC-IE-011
HRIS-WKR-006226,WKR-PUB-006226,IE,LE-IE-SYNTH-001,ACTIVE,EMPLOYEE,PERMANENT,2025-09-15,,M,Engineering,Galway,CC-IE-001
HRIS-WKR-006227,WKR-PUB-006227,IE,LE-IE-SYNTH-001,ACTIVE,EMPLOYEE,FIXED_TERM,2016-08-22,,NB,Sales,Dublin,CC-IE-029
HRIS-WKR-006228,WKR-PUB-006228,IE,LE-IE-SYNTH-001,ACTIVE,EMPLOYEE,PERMANENT,2020-03-08,,M,Finance,Dublin,CC-IE-038
HRIS-WKR-006229,WKR-PUB-006229,IE,LE-IE-SYNTH-001,ACTIVE,EMPLOYEE,PERMANENT,2021-08-07,,F,Engineering,Dublin,CC-IE-025
HRIS-WKR-006230,WKR-PUB-006230,IE,LE-IE-SYNTH-001,ACTIVE,EMPLOYEE,PERMANENT,2016-03-14,,M,Operations,Dublin,CC-IE-028
HRIS-WKR-006231,WKR-PUB-006231,IE,LE-IE-SYNTH-001,ACTIVE,EMPLOYEE,PERMANENT,2017-09-22,,M,Engineering,Dublin,CC-IE-005
HRIS-WKR-006232,WKR-PUB-006232,IE,LE-IE-SYNTH-001,ACTIVE,EMPLOYEE,PERMANENT,2018-08-06,,M,Engineering,Dublin,CC-IE-018
HRIS-WKR-006233,WKR-PUB-006233,IE,LE-IE-SYNTH-001,ACTIVE,EMPLOYEE,FIXED_TERM,2017-04-25,,M,Engineering,Dublin,CC-IE-024
HRIS-WKR-006234,WKR-PUB-006234,IE,LE-IE-SYNTH-001,ACTIVE,EMPLOYEE,PERMANENT,2019-06-12,,M,Operations,Limerick,CC-IE-009
HRIS-WKR-006235,WKR-PUB-006235,IE,LE-IE-SYNTH-001,ACTIVE,EMPLOYEE,PERMANENT,2017-03-27,,M,Technology,Cork,CC-IE-005
HRIS-WKR-006236,WKR-PUB-006236,IE,LE-IE-SYNTH-001,ACTIVE,EMPLOYEE,PERMANENT,2014-10-19,,M,Engineering,Galway,CC-IE-009
HRIS-WKR-006237,WKR-PUB-006237,IE,LE-IE-SYNTH-001,ACTIVE,EMPLOYEE,PERMANENT,2018-09-23,,M,Sales,Cork,CC-IE-003
HRIS-WKR-006238,WKR-PUB-006238,IE,LE-IE-SYNTH-001,ACTIVE,EMPLOYEE,PERMANENT,2024-06-14,,F,Sales,Limerick,CC-IE-012
HRIS-WKR-006239,WKR-PUB-006239,IE,LE-IE-SYNTH-001,ACTIVE,CONTRACTOR,PERMANENT,2014-04-22,,F,Sales,Remote-IE,CC-IE-007
HRIS-WKR-006240,WKR-PUB-006240,IE,LE-IE-SYNTH-001,ACTIVE,EMPLOYEE,PERMANENT,2014-11-26,,,Sales,Dublin,CC-IE-005
HRIS-WKR-006241,WKR-PUB-006241,IE,LE-IE-SYNTH-001,ACTIVE,EMPLOYEE,PERMANENT,2020-01-21,,F,Technology,Dublin,CC-IE-019
HRIS-WKR-006242,WKR-PUB-006242,IE,LE-IE-SYNTH-001,ACTIVE,EMPLOYEE,PERMANENT,2024-01-29,,F,Engineering,Galway,CC-IE-020
HRIS-WKR-006243,WKR-PUB-006243,IE,LE-IE-SYNTH-001,ACTIVE,EMPLOYEE,PERMANENT,2021-06-13,,F,Engineering,Cork,CC-IE-020
HRIS-WKR-006244,WKR-PUB-006244,IE,LE-IE-SYNTH-001,ACTIVE,EMPLOYEE,PERMANENT,2024-10-10,,M,Sales,Dublin,CC-IE-007
HRIS-WKR-006245,WKR-PUB-006245,IE,LE-IE-SYNTH-001,ACTIVE,EMPLOYEE,PERMANENT,2020-11-25,,F,Sales,Dublin,CC-IE-006
HRIS-WKR-006246,WKR-PUB-006246,IE,LE-IE-SYNTH-001,ACTIVE,EMPLOYEE,PERMANENT,2019-07-24,,F,Engineering,Dublin,CC-IE-040
HRIS-WKR-006247,WKR-PUB-006247,IE,LE-IE-SYNTH-001,ACTIVE,EMPLOYEE,PERMANENT,2022-03-26,,M,Engineering,Limerick,CC-IE-009
HRIS-WKR-006248,WKR-PUB-006248,IE,LE-IE-SYNTH-001,ACTIVE,EMPLOYEE,PERMANENT,2024-05-02,,F,Sales,Galway,CC-IE-016
HRIS-WKR-006249,WKR-PUB-006249,IE,LE-IE-SYNTH-001,ACTIVE,EMPLOYEE,PERMANENT,2019-05-29,,M,Engineering,Dublin,CC-IE-019
HRIS-WKR-006250,WKR-PUB-006250,IE,LE-IE-SYNTH-001,ACTIVE,EMPLOYEE,PERMANENT,2014-10-08,,F,Engineering,Dublin,CC-IE-010
HRIS-WKR-006251,WKR-PUB-006251,IE,LE-IE-SYNTH-001,ACTIVE,EMPLOYEE,FIXED_TERM,2018-08-16,,M,Engineering,Dublin,CC-IE-014
HRIS-WKR-006252,WKR-PUB-006252,IE,LE-IE-SYNTH-001,ACTIVE,CONTRACTOR,PERMANENT,2023-12-21,,F,Engineering,Remote-IE,CC-IE-038
HRIS-WKR-006253,WKR-PUB-006253,IE,LE-IE-SYNTH-001,ACTIVE,EMPLOYEE,PERMANENT,2018-03-13,,F,People,Dublin,CC-IE-038
HRIS-WKR-006254,WKR-PUB-006254,IE,LE-IE-SYNTH-001,ACTIVE,EMPLOYEE,PERMANENT,2015-02-01,,F,Operations,Dublin,CC-IE-005
HRIS-WKR-006255,WKR-PUB-006255,IE,LE-IE-SYNTH-001,TERMINATED,EMPLOYEE,PERMANENT,2014-02-01,2026-03-19,M,Engineering,Cork,CC-IE-036
HRIS-WKR-006256,WKR-PUB-006256,IE,LE-IE-SYNTH-001,ACTIVE,EMPLOYEE,PERMANENT,2023-04-02,,M,Finance,Cork,CC-IE-002
HRIS-WKR-006257,WKR-PUB-006257,IE,LE-IE-SYNTH-001,ACTIVE,CONTRACTOR,PERMANENT,2023-03-08,,F,People,Dublin,CC-IE-001
HRIS-WKR-006258,WKR-PUB-006258,IE,LE-IE-SYNTH-001,ACTIVE,EMPLOYEE,PERMANENT,2014-12-15,,M,Technology,Dublin,CC-IE-038
HRIS-WKR-006259,WKR-PUB-006259,IE,LE-IE-SYNTH-001,ACTIVE,EMPLOYEE,FIXED_TERM,2019-02-23,,M,Engineering,Dublin,CC-IE-013
HRIS-WKR-006260,WKR-PUB-006260,IE,LE-IE-SYNTH-001,ACTIVE,EMPLOYEE,PERMANENT,2022-01-10,,M,Sales,Dublin,CC-IE-019
HRIS-WKR-006261,WKR-PUB-006261,IE,LE-IE-SYNTH-001,ACTIVE,EMPLOYEE,PERMANENT,2021-08-31,,,Finance,Dublin,CC-IE-011
HRIS-WKR-006262,WKR-PUB-006262,IE,LE-IE-SYNTH-001,ACTIVE,EMPLOYEE,PERMANENT,2020-07-12,,UNDISCLOSED,Technology,Remote-IE,CC-IE-022
HRIS-WKR-006263,WKR-PUB-006263,IE,LE-IE-SYNTH-001,ACTIVE,CONTRACTOR,APPRENTICE,2022-10-06,,M,Technology,Dublin,CC-IE-024
HRIS-WKR-006264,WKR-PUB-006264,IE,LE-IE-SYNTH-001,ACTIVE,EMPLOYEE,PERMANENT,2015-03-19,,M,Operations,Galway,CC-IE-032
HRIS-WKR-006265,WKR-PUB-006265,IE,LE-IE-SYNTH-001,ACTIVE,EMPLOYEE,PERMANENT,2017-04-27,,F,Sales,Remote-IE,CC-IE-020
HRIS-WKR-006266,WKR-PUB-006266,IE,LE-IE-SYNTH-001,ACTIVE,EMPLOYEE,PERMANENT,2017-02-09,,M,Finance,Limerick,CC-IE-007
HRIS-WKR-006267,WKR-PUB-006267,IE,LE-IE-SYNTH-001,ACTIVE,EMPLOYEE,PERMANENT,2024-11-13,,M,Operations,Dublin,CC-IE-005
HRIS-WKR-006268,WKR-PUB-006268,IE,LE-IE-SYNTH-001,ACTIVE,EMPLOYEE,PERMANENT,2016-02-23,,M,Engineering,Dublin,CC-IE-029
HRIS-WKR-006269,WKR-PUB-006269,IE,LE-IE-SYNTH-001,ACTIVE,EMPLOYEE,FIXED_TERM,2022-10-16,,F,Sales,Dublin,CC-IE-039
HRIS-WKR-006270,WKR-PUB-006270,IE,LE-IE-SYNTH-001,ACTIVE,EMPLOYEE,PERMANENT,2020-12-14,,UNDISCLOSED,Engineering,Cork,CC-IE-030
HRIS-WKR-006271,WKR-PUB-006271,IE,LE-IE-SYNTH-001,ACTIVE,EMPLOYEE,FIXED_TERM,2020-06-21,,F,Operations,Dublin,CC-IE-003
HRIS-WKR-006272,WKR-PUB-006272,IE,LE-IE-SYNTH-001,ACTIVE,EMPLOYEE,PERMANENT,2024-03-17,,F,Engineering,Remote-IE,CC-IE-016
HRIS-WKR-006273,WKR-PUB-006273,IE,LE-IE-SYNTH-001,ACTIVE,EMPLOYEE,PERMANENT,2020-01-17,,M,Sales,Dublin,CC-IE-036
HRIS-WKR-006274,WKR-PUB-006274,IE,LE-IE-SYNTH-001,ACTIVE,EMPLOYEE,FIXED_TERM,2025-02-08,,M,Technology,Remote-IE,CC-IE-020
HRIS-WKR-006275,WKR-PUB-006275,IE,LE-IE-SYNTH-001,ACTIVE,EMPLOYEE,PERMANENT,2020-09-29,,M,Sales,Limerick,CC-IE-027
HRIS-WKR-006276,WKR-PUB-006276,IE,LE-IE-SYNTH-001,ACTIVE,EMPLOYEE,PERMANENT,2018-04-04,,M,Operations,Dublin,CC-IE-034
HRIS-WKR-006277,WKR-PUB-006277,IE,LE-IE-SYNTH-001,ACTIVE,EMPLOYEE,PERMANENT,2017-10-24,,F,Engineering,Dublin,CC-IE-040
HRIS-WKR-006278,WKR-PUB-006278,IE,LE-IE-SYNTH-001,ACTIVE,EMPLOYEE,PERMANENT,2026-02-04,,M,Finance,Dublin,CC-IE-012
HRIS-WKR-006279,WKR-PUB-006279,IE,LE-IE-SYNTH-001,ACTIVE,EMPLOYEE,PERMANENT,2018-03-23,,M,Technology,Limerick,CC-IE-023
HRIS-WKR-006280,WKR-PUB-006280,IE,LE-IE-SYNTH-001,ACTIVE,EMPLOYEE,PERMANENT,2014-07-01,,M,Engineering,Dublin,CC-IE-033
HRIS-WKR-006281,WKR-PUB-006281,IE,LE-IE-SYNTH-001,ACTIVE,EMPLOYEE,APPRENTICE,2024-10-10,,M,Engineering,Remote-IE,CC-IE-005
HRIS-WKR-006282,WKR-PUB-006282,IE,LE-IE-SYNTH-001,ACTIVE,EMPLOYEE,PERMANENT,2014-05-02,,F,Technology,Cork,CC-IE-036
HRIS-WKR-006283,WKR-PUB-006283,IE,LE-IE-SYNTH-001,ACTIVE,EMPLOYEE,PERMANENT,2018-01-23,,F,Operations,Dublin,CC-IE-023
HRIS-WKR-006284,WKR-PUB-006284,IE,LE-IE-SYNTH-001,ACTIVE,EMPLOYEE,PERMANENT,2024-05-31,,M,Finance,Dublin,CC-IE-025
HRIS-WKR-006285,WKR-PUB-006285,IE,LE-IE-SYNTH-001,ACTIVE,EMPLOYEE,APPRENTICE,2023-02-17,,F,Technology,Galway,CC-IE-038
HRIS-WKR-006286,WKR-PUB-006286,IE,LE-IE-SYNTH-001,ACTIVE,EMPLOYEE,PERMANENT,2019-07-02,,M,Sales,Dublin,CC-IE-031
HRIS-WKR-006287,WKR-PUB-006287,IE,LE-IE-SYNTH-001,ACTIVE,EMPLOYEE,PERMANENT,2023-03-23,,M,Finance,Cork,CC-IE-022
HRIS-WKR-006288,WKR-PUB-006288,IE,LE-IE-SYNTH-001,ACTIVE,EMPLOYEE,FIXED_TERM,2018-10-09,,M,Operations,Galway,CC-IE-024
HRIS-WKR-006289,WKR-PUB-006289,IE,LE-IE-SYNTH-001,ACTIVE,EMPLOYEE,PERMANENT,2024-07-13,,M,Operations,Cork,CC-IE-030
HRIS-WKR-006290,WKR-PUB-006290,IE,LE-IE-SYNTH-001,ACTIVE,EMPLOYEE,PERMANENT,2018-10-25,,M,Engineering,Dublin,CC-IE-018
HRIS-WKR-006291,WKR-PUB-006291,IE,LE-IE-SYNTH-001,ACTIVE,EMPLOYEE,PERMANENT,2018-02-04,,UNDISCLOSED,Technology,Limerick,CC-IE-036
HRIS-WKR-006292,WKR-PUB-006292,IE,LE-IE-SYNTH-001,ACTIVE,EMPLOYEE,PERMANENT,2023-08-19,,F,People,Limerick,CC-IE-039
HRIS-WKR-006293,WKR-PUB-006293,IE,LE-IE-SYNTH-001,ACTIVE,EMPLOYEE,PERMANENT,2017-06-30,,F,Finance,Cork,CC-IE-008
HRIS-WKR-006294,WKR-PUB-006294,IE,LE-IE-SYNTH-001,ACTIVE,EMPLOYEE,FIXED_TERM,2024-07-15,,F,Operations,Dublin,CC-IE-011
HRIS-WKR-006295,WKR-PUB-006295,IE,LE-IE-SYNTH-001,ACTIVE,EMPLOYEE,PERMANENT,2017-09-20,,F,Finance,Dublin,CC-IE-022
HRIS-WKR-006296,WKR-PUB-006296,IE,LE-IE-SYNTH-001,ACTIVE,EMPLOYEE,PERMANENT,2014-03-28,,M,People,Cork,CC-IE-002
HRIS-WKR-006297,WKR-PUB-006297,IE,LE-IE-SYNTH-001,ACTIVE,EMPLOYEE,PERMANENT,2021-01-19,,M,Engineering,Dublin,CC-IE-030
HRIS-WKR-006298,WKR-PUB-006298,IE,LE-IE-SYNTH-001,TERMINATED,EMPLOYEE,PERMANENT,2019-10-14,2026-09-27,F,Technology,Remote-IE,CC-IE-003
HRIS-WKR-006299,WKR-PUB-006299,IE,LE-IE-SYNTH-001,ACTIVE,EMPLOYEE,PERMANENT,2018-11-04,,M,Engineering,Dublin,CC-IE-025
HRIS-WKR-006300,WKR-PUB-006300,IE,LE-IE-SYNTH-001,ACTIVE,EMPLOYEE,PERMANENT,2022-12-28,,F,Sales,Galway,CC-IE-012
HRIS-WKR-006301,WKR-PUB-006301,IE,LE-IE-SYNTH-001,ACTIVE,EMPLOYEE,PERMANENT,2018-07-07,,UNDISCLOSED,Operations,Limerick,CC-IE-030
HRIS-WKR-006302,WKR-PUB-006302,IE,LE-IE-SYNTH-001,ACTIVE,EMPLOYEE,PERMANENT,2014-03-28,,M,Technology,Dublin,CC-IE-024
HRIS-WKR-006303,WKR-PUB-006303,IE,LE-IE-SYNTH-001,ACTIVE,EMPLOYEE,PERMANENT,2018-02-14,,M,Technology,Galway,CC-IE-007
HRIS-WKR-006304,WKR-PUB-006304,IE,LE-IE-SYNTH-001,ACTIVE,EMPLOYEE,PERMANENT,2019-08-11,,F,People,Remote-IE,CC-IE-008
HRIS-WKR-006305,WKR-PUB-006305,IE,LE-IE-SYNTH-001,ACTIVE,EMPLOYEE,PERMANENT,2025-05-12,,M,Engineering,Dublin,CC-IE-021
HRIS-WKR-006306,WKR-PUB-006306,IE,LE-IE-SYNTH-001,ACTIVE,EMPLOYEE,PERMANENT,2014-04-27,,F,Engineering,Remote-IE,CC-IE-001
HRIS-WKR-006307,WKR-PUB-006307,IE,LE-IE-SYNTH-001,ACTIVE,EMPLOYEE,PERMANENT,2025-10-10,,F,Sales,Dublin,CC-IE-017
HRIS-WKR-006308,WKR-PUB-006308,IE,LE-IE-SYNTH-001,ACTIVE,EMPLOYEE,PERMANENT,2015-07-18,,M,Sales,Galway,CC-IE-028
HRIS-WKR-006309,WKR-PUB-006309,IE,LE-IE-SYNTH-001,ACTIVE,EMPLOYEE,FIXED_TERM,2019-03-10,,F,Sales,Dublin,CC-IE-015
HRIS-WKR-006310,WKR-PUB-006310,IE,LE-IE-SYNTH-001,ACTIVE,EMPLOYEE,PERMANENT,2016-06-03,,F,Engineering,Dublin,CC-IE-022
HRIS-WKR-006311,WKR-PUB-006311,IE,LE-IE-SYNTH-001,ACTIVE,EMPLOYEE,FIXED_TERM,2016-01-10,,M,Engineering,Remote-IE,CC-IE-003
HRIS-WKR-006312,WKR-PUB-006312,IE,LE-IE-SYNTH-001,ACTIVE,EMPLOYEE,PERMANENT,2021-03-29,,F,Finance,Galway,CC-IE-007
HRIS-WKR-006313,WKR-PUB-006313,IE,LE-IE-SYNTH-001,ACTIVE,EMPLOYEE,PERMANENT,2024-09-26,,M,Engineering,Dublin,CC-IE-022
HRIS-WKR-006314,WKR-PUB-006314,IE,LE-IE-SYNTH-001,ACTIVE,EMPLOYEE,PERMANENT,2014-08-09,,F,Finance,Dublin,CC-IE-029
HRIS-WKR-006315,WKR-PUB-006315,IE,LE-IE-SYNTH-001,ACTIVE,CONTRACTOR,PERMANENT,2023-07-02,,F,Operations,Dublin,CC-IE-027
HRIS-WKR-006316,WKR-PUB-006316,IE,LE-IE-SYNTH-001,ACTIVE,CONTRACTOR,PERMANENT,2018-05-27,,M,Engineering,Dublin,CC-IE-011
HRIS-WKR-006317,WKR-PUB-006317,IE,LE-IE-SYNTH-001,ACTIVE,EMPLOYEE,PERMANENT,2017-05-19,,M,Sales,Remote-IE,CC-IE-008
HRIS-WKR-006318,WKR-PUB-006318,IE,LE-IE-SYNTH-001,ACTIVE,EMPLOYEE,PERMANENT,2015-01-26,,F,Technology,Limerick,CC-IE-029
HRIS-WKR-006319,WKR-PUB-006319,IE,LE-IE-SYNTH-001,ACTIVE,CONTRACTOR,PERMANENT,2017-06-15,,M,Finance,Dublin,CC-IE-036
HRIS-WKR-006320,WKR-PUB-006320,IE,LE-IE-SYNTH-001,ACTIVE,EMPLOYEE,PERMANENT,2018-04-14,,F,People,Cork,CC-IE-020
HRIS-WKR-006321,WKR-PUB-006321,IE,LE-IE-SYNTH-001,ACTIVE,EMPLOYEE,PERMANENT,2020-06-20,,M,Sales,Limerick,CC-IE-039
HRIS-WKR-006322,WKR-PUB-006322,IE,LE-IE-SYNTH-001,ACTIVE,EMPLOYEE,PERMANENT,2015-12-26,,UNDISCLOSED,Operations,Galway,CC-IE-031
HRIS-WKR-006323,WKR-PUB-006323,IE,LE-IE-SYNTH-001,ACTIVE,EMPLOYEE,PERMANENT,2014-04-29,,M,Engineering,Dublin,CC-IE-002
HRIS-WKR-006324,WKR-PUB-006324,IE,LE-IE-SYNTH-001,ACTIVE,EMPLOYEE,PERMANENT,2020-11-07,,F,Sales,Dublin,CC-IE-011
HRIS-WKR-006325,WKR-PUB-006325,IE,LE-IE-SYNTH-001,ACTIVE,EMPLOYEE,FIXED_TERM,2019-07-14,,M,Technology,Dublin,CC-IE-007
HRIS-WKR-006326,WKR-PUB-006326,IE,LE-IE-SYNTH-001,ACTIVE,EMPLOYEE,PERMANENT,2022-01-15,,F,Technology,Limerick,CC-IE-022
HRIS-WKR-006327,WKR-PUB-006327,IE,LE-IE-SYNTH-001,ACTIVE,EMPLOYEE,PERMANENT,2024-09-29,,F,Engineering,Galway,CC-IE-004
HRIS-WKR-006328,WKR-PUB-006328,IE,LE-IE-SYNTH-001,ACTIVE,EMPLOYEE,PERMANENT,2019-10-29,,F,Operations,Dublin,CC-IE-021
HRIS-WKR-006329,WKR-PUB-006329,IE,LE-IE-SYNTH-001,ACTIVE,EMPLOYEE,PERMANENT,2017-06-24,,F,Finance,Dublin,CC-IE-018
HRIS-WKR-006330,WKR-PUB-006330,IE,LE-IE-SYNTH-001,ACTIVE,EMPLOYEE,PERMANENT,2019-03-17,,M,Finance,Dublin,CC-IE-024
HRIS-WKR-006331,WKR-PUB-006331,IE,LE-IE-SYNTH-001,ACTIVE,CONTRACTOR,PERMANENT,2016-07-19,,F,People,Dublin,CC-IE-010
HRIS-WKR-006332,WKR-PUB-006332,IE,LE-IE-SYNTH-001,ACTIVE,EMPLOYEE,PERMANENT,2022-10-18,,M,Engineering,Remote-IE,CC-IE-027
HRIS-WKR-006333,WKR-PUB-006333,IE,LE-IE-SYNTH-001,ACTIVE,EMPLOYEE,PERMANENT,2014-11-22,,M,Finance,Limerick,CC-IE-022
HRIS-WKR-006334,WKR-PUB-006334,IE,LE-IE-SYNTH-001,ACTIVE,EMPLOYEE,PERMANENT,2020-07-02,,M,Sales,Dublin,CC-IE-032
HRIS-WKR-006335,WKR-PUB-006335,IE,LE-IE-SYNTH-001,TERMINATED,EMPLOYEE,PERMANENT,2025-12-09,2026-12-27,F,Technology,Dublin,CC-IE-009
HRIS-WKR-006336,WKR-PUB-006336,IE,LE-IE-SYNTH-001,ACTIVE,EMPLOYEE,PERMANENT,2014-02-23,,F,Operations,Cork,CC-IE-028
HRIS-WKR-006337,WKR-PUB-006337,IE,LE-IE-SYNTH-001,ACTIVE,EMPLOYEE,PERMANENT,2022-10-29,,M,Sales,Dublin,CC-IE-005
HRIS-WKR-006338,WKR-PUB-006338,IE,LE-IE-SYNTH-001,ACTIVE,EMPLOYEE,PERMANENT,2021-06-18,,F,Sales,Limerick,CC-IE-021
HRIS-WKR-006339,WKR-PUB-006339,IE,LE-IE-SYNTH-001,ACTIVE,EMPLOYEE,PERMANENT,2020-01-22,,F,Engineering,Dublin,CC-IE-025
HRIS-WKR-006340,WKR-PUB-006340,IE,LE-IE-SYNTH-001,ACTIVE,EMPLOYEE,PERMANENT,2026-01-21,,F,Sales,Dublin,CC-IE-005
HRIS-WKR-006341,WKR-PUB-006341,IE,LE-IE-SYNTH-001,ACTIVE,EMPLOYEE,FIXED_TERM,2025-03-02,,M,Engineering,Dublin,CC-IE-029
HRIS-WKR-006342,WKR-PUB-006342,IE,LE-IE-SYNTH-001,ACTIVE,EMPLOYEE,PERMANENT,2019-08-23,,F,Engineering,Cork,CC-IE-016
HRIS-WKR-006343,WKR-PUB-006343,IE,LE-IE-SYNTH-001,ACTIVE,EMPLOYEE,APPRENTICE,2020-07-02,,F,Finance,Dublin,CC-IE-028
HRIS-WKR-006344,WKR-PUB-006344,IE,LE-IE-SYNTH-001,ACTIVE,EMPLOYEE,PERMANENT,2016-11-02,,NB,Operations,Cork,CC-IE-029
HRIS-WKR-006345,WKR-PUB-006345,IE,LE-IE-SYNTH-001,ACTIVE,EMPLOYEE,PERMANENT,2024-09-17,,M,Sales,Limerick,CC-IE-029
HRIS-WKR-006346,WKR-PUB-006346,IE,LE-IE-SYNTH-001,ACTIVE,EMPLOYEE,PERMANENT,2022-07-13,,F,Engineering,Dublin,CC-IE-023
HRIS-WKR-006347,WKR-PUB-006347,IE,LE-IE-SYNTH-001,TERMINATED,EMPLOYEE,PERMANENT,2016-06-16,2026-05-28,UNDISCLOSED,Sales,Galway,CC-IE-020
HRIS-WKR-006348,WKR-PUB-006348,IE,LE-IE-SYNTH-001,TERMINATED,CONTRACTOR,PERMANENT,2017-08-03,2026-04-29,M,Sales,Dublin,CC-IE-030
HRIS-WKR-006349,WKR-PUB-006349,IE,LE-IE-SYNTH-001,ACTIVE,EMPLOYEE,PERMANENT,2024-03-10,,F,Finance,Remote-IE,CC-IE-036
HRIS-WKR-006350,WKR-PUB-006350,IE,LE-IE-SYNTH-001,ACTIVE,CONTRACTOR,PERMANENT,2025-10-21,,M,Sales,Dublin,CC-IE-001
HRIS-WKR-006351,WKR-PUB-006351,IE,LE-IE-SYNTH-001,ACTIVE,EMPLOYEE,PERMANENT,2020-03-25,,M,Operations,Dublin,CC-IE-006
HRIS-WKR-006352,WKR-PUB-006352,IE,LE-IE-SYNTH-001,ACTIVE,EMPLOYEE,FIXED_TERM,2020-10-28,,M,Technology,Dublin,CC-IE-034
HRIS-WKR-006353,WKR-PUB-006353,IE,LE-IE-SYNTH-001,ACTIVE,EMPLOYEE,FIXED_TERM,2017-12-23,,F,Engineering,Galway,CC-IE-012
HRIS-WKR-006354,WKR-PUB-006354,IE,LE-IE-SYNTH-001,ACTIVE,EMPLOYEE,PERMANENT,2015-02-24,,F,Engineering,Dublin,CC-IE-035
HRIS-WKR-006355,WKR-PUB-006355,IE,LE-IE-SYNTH-001,ACTIVE,EMPLOYEE,PERMANENT,2019-10-19,,M,People,Dublin,CC-IE-007
HRIS-WKR-006356,WKR-PUB-006356,IE,LE-IE-SYNTH-001,ACTIVE,EMPLOYEE,FIXED_TERM,2022-04-08,,F,Sales,Cork,CC-IE-026
HRIS-WKR-006357,WKR-PUB-006357,IE,LE-IE-SYNTH-001,ACTIVE,EMPLOYEE,PERMANENT,2018-05-22,,M,Finance,Limerick,CC-IE-019
HRIS-WKR-006358,WKR-PUB-006358,IE,LE-IE-SYNTH-001,ACTIVE,EMPLOYEE,FIXED_TERM,2016-05-23,,M,People,Dublin,CC-IE-017
HRIS-WKR-006359,WKR-PUB-006359,IE,LE-IE-SYNTH-001,TERMINATED,CONTRACTOR,PERMANENT,2015-08-28,2026-04-01,M,Engineering,Dublin,CC-IE-029
HRIS-WKR-006360,WKR-PUB-006360,IE,LE-IE-SYNTH-001,ACTIVE,CONTRACTOR,FIXED_TERM,2022-08-21,,F,Finance,Galway,CC-IE-002
HRIS-WKR-006361,WKR-PUB-006361,IE,LE-IE-SYNTH-001,ACTIVE,EMPLOYEE,PERMANENT,2025-02-19,,M,Finance,Cork,CC-IE-027
HRIS-WKR-006362,WKR-PUB-006362,IE,LE-IE-SYNTH-001,ACTIVE,EMPLOYEE,PERMANENT,2021-09-19,,F,Finance,Dublin,CC-IE-038
HRIS-WKR-006363,WKR-PUB-006363,IE,LE-IE-SYNTH-001,ACTIVE,EMPLOYEE,PERMANENT,2015-04-17,,F,People,Dublin,CC-IE-011
HRIS-WKR-006364,WKR-PUB-006364,IE,LE-IE-SYNTH-001,ACTIVE,EMPLOYEE,PERMANENT,2024-03-05,,M,Engineering,Dublin,CC-IE-008
HRIS-WKR-006365,WKR-PUB-006365,IE,LE-IE-SYNTH-001,ACTIVE,EMPLOYEE,FIXED_TERM,2014-03-04,,M,Sales,Galway,CC-IE-005
HRIS-WKR-006366,WKR-PUB-006366,IE,LE-IE-SYNTH-001,ACTIVE,CONTRACTOR,PERMANENT,2023-10-26,,F,Engineering,Dublin,CC-IE-035
HRIS-WKR-006367,WKR-PUB-006367,IE,LE-IE-SYNTH-001,ACTIVE,EMPLOYEE,PERMANENT,2019-03-21,,F,Operations,Dublin,CC-IE-001
HRIS-WKR-006368,WKR-PUB-006368,IE,LE-IE-SYNTH-001,ACTIVE,EMPLOYEE,PERMANENT,2016-05-04,,M,Sales,Limerick,CC-IE-030
HRIS-WKR-006369,WKR-PUB-006369,IE,LE-IE-SYNTH-001,ACTIVE,EMPLOYEE,PERMANENT,2019-06-15,,M,Technology,Dublin,CC-IE-023
HRIS-WKR-006370,WKR-PUB-006370,IE,LE-IE-SYNTH-001,ACTIVE,EMPLOYEE,PERMANENT,2015-10-18,,M,Operations,Remote-IE,CC-IE-037
HRIS-WKR-006371,WKR-PUB-006371,IE,LE-IE-SYNTH-001,ACTIVE,EMPLOYEE,APPRENTICE,2017-11-02,,,Engineering,Galway,CC-IE-006
HRIS-WKR-006372,WKR-PUB-006372,IE,LE-IE-SYNTH-001,ACTIVE,CONTRACTOR,PERMANENT,2019-07-31,,M,Engineering,Galway,CC-IE-006
HRIS-WKR-006373,WKR-PUB-006373,IE,LE-IE-SYNTH-001,TERMINATED,CONTRACTOR,FIXED_TERM,2017-06-09,2026-10-15,M,Engineering,Galway,CC-IE-019
HRIS-WKR-006374,WKR-PUB-006374,IE,LE-IE-SYNTH-001,ACTIVE,EMPLOYEE,PERMANENT,2015-06-01,,UNDISCLOSED,Sales,Dublin,CC-IE-010
HRIS-WKR-006375,WKR-PUB-006375,IE,LE-IE-SYNTH-001,ACTIVE,CONTRACTOR,FIXED_TERM,2014-07-24,,NB,Operations,Dublin,CC-IE-011
HRIS-WKR-006376,WKR-PUB-006376,IE,LE-IE-SYNTH-001,ACTIVE,CONTRACTOR,PERMANENT,2017-05-26,,M,Sales,Dublin,CC-IE-033
HRIS-WKR-006377,WKR-PUB-006377,IE,LE-IE-SYNTH-001,ACTIVE,EMPLOYEE,PERMANENT,2019-12-18,,F,People,Dublin,CC-IE-005
HRIS-WKR-006378,WKR-PUB-006378,IE,LE-IE-SYNTH-001,ACTIVE,EMPLOYEE,PERMANENT,2019-04-28,,,Operations,Remote-IE,CC-IE-028
HRIS-WKR-006379,WKR-PUB-006379,IE,LE-IE-SYNTH-001,ACTIVE,EMPLOYEE,PERMANENT,2018-07-01,,UNDISCLOSED,Sales,Galway,CC-IE-011
HRIS-WKR-006380,WKR-PUB-006380,IE,LE-IE-SYNTH-001,ACTIVE,EMPLOYEE,PERMANENT,2017-04-28,,F,Engineering,Galway,CC-IE-006
HRIS-WKR-006381,WKR-PUB-006381,IE,LE-IE-SYNTH-001,ACTIVE,EMPLOYEE,PERMANENT,2014-12-14,,F,Engineering,Dublin,CC-IE-009
HRIS-WKR-006382,WKR-PUB-006382,IE,LE-IE-SYNTH-001,ACTIVE,EMPLOYEE,PERMANENT,2018-07-29,,M,Engineering,Limerick,CC-IE-038
HRIS-WKR-006383,WKR-PUB-006383,IE,LE-IE-SYNTH-001,ACTIVE,EMPLOYEE,FIXED_TERM,2014-05-11,,F,Finance,Dublin,CC-IE-009
HRIS-WKR-006384,WKR-PUB-006384,IE,LE-IE-SYNTH-001,ACTIVE,EMPLOYEE,PERMANENT,2022-05-20,,F,Engineering,Dublin,CC-IE-008
HRIS-WKR-006385,WKR-PUB-006385,IE,LE-IE-SYNTH-001,ACTIVE,EMPLOYEE,PERMANENT,2024-09-24,,M,Engineering,Dublin,CC-IE-010
HRIS-WKR-006386,WKR-PUB-006386,IE,LE-IE-SYNTH-001,ACTIVE,EMPLOYEE,PERMANENT,2019-02-26,,M,People,Dublin,CC-IE-026
HRIS-WKR-006387,WKR-PUB-006387,IE,LE-IE-SYNTH-001,ACTIVE,EMPLOYEE,PERMANENT,2025-06-13,,,Engineering,Galway,CC-IE-032
HRIS-WKR-006388,WKR-PUB-006388,IE,LE-IE-SYNTH-001,ACTIVE,EMPLOYEE,FIXED_TERM,2023-03-30,,F,Engineering,Dublin,CC-IE-030
HRIS-WKR-006389,WKR-PUB-006389,IE,LE-IE-SYNTH-001,ACTIVE,EMPLOYEE,APPRENTICE,2014-02-18,,F,Finance,Dublin,CC-IE-009
HRIS-WKR-006390,WKR-PUB-006390,IE,LE-IE-SYNTH-001,ACTIVE,EMPLOYEE,PERMANENT,2024-12-23,,M,People,Remote-IE,CC-IE-032
HRIS-WKR-006391,WKR-PUB-006391,IE,LE-IE-SYNTH-001,ACTIVE,EMPLOYEE,FIXED_TERM,2024-10-26,,M,Engineering,Cork,CC-IE-035
HRIS-WKR-006392,WKR-PUB-006392,IE,LE-IE-SYNTH-001,ACTIVE,EMPLOYEE,PERMANENT,2024-06-13,,UNDISCLOSED,Sales,Limerick,CC-IE-015
HRIS-WKR-006393,WKR-PUB-006393,IE,LE-IE-SYNTH-001,ACTIVE,EMPLOYEE,PERMANENT,2024-01-14,,UNDISCLOSED,Finance,Dublin,CC-IE-038
HRIS-WKR-006394,WKR-PUB-006394,IE,LE-IE-SYNTH-001,ACTIVE,EMPLOYEE,FIXED_TERM,2025-12-03,,F,People,Remote-IE,CC-IE-005
HRIS-WKR-006395,WKR-PUB-006395,IE,LE-IE-SYNTH-001,ACTIVE,EMPLOYEE,PERMANENT,2025-12-05,,NB,Technology,Dublin,CC-IE-037
HRIS-WKR-006396,WKR-PUB-006396,IE,LE-IE-SYNTH-001,ACTIVE,EMPLOYEE,PERMANENT,2021-07-09,,M,Engineering,Galway,CC-IE-028
HRIS-WKR-006397,WKR-PUB-006397,IE,LE-IE-SYNTH-001,ACTIVE,CONTRACTOR,PERMANENT,2022-05-20,,M,Finance,Dublin,CC-IE-012
HRIS-WKR-006398,WKR-PUB-006398,IE,LE-IE-SYNTH-001,ACTIVE,EMPLOYEE,PERMANENT,2020-07-15,,F,Finance,Dublin,CC-IE-019
HRIS-WKR-006399,WKR-PUB-006399,IE,LE-IE-SYNTH-001,ACTIVE,EMPLOYEE,PERMANENT,2019-11-04,,F,Finance,Remote-IE,CC-IE-030
HRIS-WKR-006400,WKR-PUB-006400,IE,LE-IE-SYNTH-001,ACTIVE,EMPLOYEE,PERMANENT,2021-10-07,,M,Sales,Cork,CC-IE-031
HRIS-WKR-006401,WKR-PUB-006401,IE,LE-IE-SYNTH-001,ACTIVE,EMPLOYEE,PERMANENT,2020-01-17,,F,People,Cork,CC-IE-017
HRIS-WKR-006402,WKR-PUB-006402,IE,LE-IE-SYNTH-001,ACTIVE,EMPLOYEE,PERMANENT,2019-09-02,,F,Engineering,Dublin,CC-IE-018
HRIS-WKR-006403,WKR-PUB-006403,IE,LE-IE-SYNTH-001,ACTIVE,EMPLOYEE,PERMANENT,2019-01-13,,F,Sales,Dublin,CC-IE-037
HRIS-WKR-006404,WKR-PUB-006404,IE,LE-IE-SYNTH-001,ACTIVE,EMPLOYEE,PERMANENT,2026-02-12,,F,Sales,Limerick,CC-IE-036
HRIS-WKR-006405,WKR-PUB-006405,IE,LE-IE-SYNTH-001,ACTIVE,EMPLOYEE,PERMANENT,2020-08-30,,M,Operations,Dublin,CC-IE-027
HRIS-WKR-006406,WKR-PUB-006406,IE,LE-IE-SYNTH-001,ACTIVE,EMPLOYEE,PERMANENT,2021-08-28,,M,People,Remote-IE,CC-IE-005
HRIS-WKR-006407,WKR-PUB-006407,IE,LE-IE-SYNTH-001,ACTIVE,CONTRACTOR,PERMANENT,2020-12-27,,F,Engineering,Cork,CC-IE-018
HRIS-WKR-006408,WKR-PUB-006408,IE,LE-IE-SYNTH-001,ACTIVE,EMPLOYEE,PERMANENT,2018-03-16,,M,Engineering,Dublin,CC-IE-040
HRIS-WKR-006409,WKR-PUB-006409,IE,LE-IE-SYNTH-001,ACTIVE,EMPLOYEE,FIXED_TERM,2026-02-17,,M,Finance,Dublin,CC-IE-024
HRIS-WKR-006410,WKR-PUB-006410,IE,LE-IE-SYNTH-001,ACTIVE,EMPLOYEE,PERMANENT,2025-04-18,,M,Sales,Dublin,CC-IE-026
HRIS-WKR-006411,WKR-PUB-006411,IE,LE-IE-SYNTH-001,ACTIVE,EMPLOYEE,PERMANENT,2023-03-25,,M,Engineering,Galway,CC-IE-032
HRIS-WKR-006412,WKR-PUB-006412,IE,LE-IE-SYNTH-001,ACTIVE,EMPLOYEE,APPRENTICE,2023-02-17,,M,People,Dublin,CC-IE-022
HRIS-WKR-006413,WKR-PUB-006413,IE,LE-IE-SYNTH-001,ACTIVE,EMPLOYEE,FIXED_TERM,2014-12-13,,M,People,Remote-IE,CC-IE-016
HRIS-WKR-006414,WKR-PUB-006414,IE,LE-IE-SYNTH-001,ACTIVE,EMPLOYEE,PERMANENT,2019-01-22,,M,Engineering,Dublin,CC-IE-019
HRIS-WKR-006415,WKR-PUB-006415,IE,LE-IE-SYNTH-001,ACTIVE,EMPLOYEE,APPRENTICE,2014-07-05,,M,Engineering,Dublin,CC-IE-039
HRIS-WKR-006416,WKR-PUB-006416,IE,LE-IE-SYNTH-001,ACTIVE,EMPLOYEE,PERMANENT,2023-09-09,,M,Technology,Dublin,CC-IE-040
HRIS-WKR-006417,WKR-PUB-006417,IE,LE-IE-SYNTH-001,ACTIVE,EMPLOYEE,PERMANENT,2017-10-16,,NB,Operations,Galway,CC-IE-001
HRIS-WKR-006418,WKR-PUB-006418,IE,LE-IE-SYNTH-001,ACTIVE,EMPLOYEE,APPRENTICE,2025-08-31,,M,Sales,Remote-IE,CC-IE-006
HRIS-WKR-006419,WKR-PUB-006419,IE,LE-IE-SYNTH-001,ACTIVE,EMPLOYEE,PERMANENT,2023-06-21,,M,Engineering,Dublin,CC-IE-016
HRIS-WKR-006420,WKR-PUB-006420,IE,LE-IE-SYNTH-001,ACTIVE,EMPLOYEE,PERMANENT,2018-02-16,,M,Engineering,Dublin,CC-IE-037
HRIS-WKR-006421,WKR-PUB-006421,IE,LE-IE-SYNTH-001,ACTIVE,EMPLOYEE,FIXED_TERM,2015-12-16,,M,Engineering,Dublin,CC-IE-025
HRIS-WKR-006422,WKR-PUB-006422,IE,LE-IE-SYNTH-001,ACTIVE,EMPLOYEE,APPRENTICE,2025-11-01,,F,Engineering,Limerick,CC-IE-037
HRIS-WKR-006423,WKR-PUB-006423,IE,LE-IE-SYNTH-001,ACTIVE,EMPLOYEE,PERMANENT,2016-05-14,,M,Engineering,Dublin,CC-IE-034
HRIS-WKR-006424,WKR-PUB-006424,IE,LE-IE-SYNTH-001,ACTIVE,EMPLOYEE,PERMANENT,2026-01-04,,M,Operations,Cork,CC-IE-040
HRIS-WKR-006425,WKR-PUB-006425,IE,LE-IE-SYNTH-001,ACTIVE,EMPLOYEE,APPRENTICE,2021-01-28,,M,Technology,Dublin,CC-IE-026
HRIS-WKR-006426,WKR-PUB-006426,IE,LE-IE-SYNTH-001,ACTIVE,EMPLOYEE,PERMANENT,2014-06-09,,F,Operations,Dublin,CC-IE-003
HRIS-WKR-006427,WKR-PUB-006427,IE,LE-IE-SYNTH-001,ACTIVE,EMPLOYEE,PERMANENT,2022-11-27,,F,Operations,Dublin,CC-IE-023
HRIS-WKR-006428,WKR-PUB-006428,IE,LE-IE-SYNTH-001,ACTIVE,EMPLOYEE,PERMANENT,2025-01-26,,M,Finance,Cork,CC-IE-030
HRIS-WKR-006429,WKR-PUB-006429,IE,LE-IE-SYNTH-001,ACTIVE,EMPLOYEE,PERMANENT,2015-02-28,,F,Engineering,Limerick,CC-IE-008
HRIS-WKR-006430,WKR-PUB-006430,IE,LE-IE-SYNTH-001,ACTIVE,CONTRACTOR,PERMANENT,2023-05-05,,F,Operations,Remote-IE,CC-IE-011
HRIS-WKR-006431,WKR-PUB-006431,IE,LE-IE-SYNTH-001,ACTIVE,EMPLOYEE,PERMANENT,2023-09-27,,F,Sales,Limerick,CC-IE-030
HRIS-WKR-006432,WKR-PUB-006432,IE,LE-IE-SYNTH-001,ACTIVE,EMPLOYEE,PERMANENT,2015-06-11,,F,Sales,Dublin,CC-IE-023
HRIS-WKR-006433,WKR-PUB-006433,IE,LE-IE-SYNTH-001,ACTIVE,EMPLOYEE,APPRENTICE,2021-11-24,,M,Sales,Cork,CC-IE-011
HRIS-WKR-006434,WKR-PUB-006434,IE,LE-IE-SYNTH-001,ACTIVE,EMPLOYEE,PERMANENT,2026-02-10,,F,People,Galway,CC-IE-030
HRIS-WKR-006435,WKR-PUB-006435,IE,LE-IE-SYNTH-001,ACTIVE,EMPLOYEE,PERMANENT,2022-01-01,,F,Technology,Dublin,CC-IE-014
HRIS-WKR-006436,WKR-PUB-006436,IE,LE-IE-SYNTH-001,ACTIVE,EMPLOYEE,FIXED_TERM,2015-05-12,,M,Technology,Cork,CC-IE-029
HRIS-WKR-006437,WKR-PUB-006437,IE,LE-IE-SYNTH-001,ACTIVE,EMPLOYEE,PERMANENT,2018-12-26,,F,Sales,Galway,CC-IE-020
HRIS-WKR-006438,WKR-PUB-006438,IE,LE-IE-SYNTH-001,ACTIVE,EMPLOYEE,PERMANENT,2025-01-18,,M,Finance,Dublin,CC-IE-012
HRIS-WKR-006439,WKR-PUB-006439,IE,LE-IE-SYNTH-001,ACTIVE,EMPLOYEE,FIXED_TERM,2018-03-14,,,Engineering,Dublin,CC-IE-037
HRIS-WKR-006440,WKR-PUB-006440,IE,LE-IE-SYNTH-001,ACTIVE,EMPLOYEE,FIXED_TERM,2020-03-21,,M,Finance,Dublin,CC-IE-035
HRIS-WKR-006441,WKR-PUB-006441,IE,LE-IE-SYNTH-001,ACTIVE,CONTRACTOR,APPRENTICE,2017-09-16,,F,Operations,Dublin,CC-IE-023
HRIS-WKR-006442,WKR-PUB-006442,IE,LE-IE-SYNTH-001,ACTIVE,CONTRACTOR,PERMANENT,2017-03-26,,,Engineering,Galway,CC-IE-035
HRIS-WKR-006443,WKR-PUB-006443,IE,LE-IE-SYNTH-001,ACTIVE,EMPLOYEE,PERMANENT,2021-06-15,,F,Engineering,Limerick,CC-IE-023
HRIS-WKR-006444,WKR-PUB-006444,IE,LE-IE-SYNTH-001,ACTIVE,EMPLOYEE,PERMANENT,2025-09-25,,M,Sales,Galway,CC-IE-010
HRIS-WKR-006445,WKR-PUB-006445,IE,LE-IE-SYNTH-001,ACTIVE,EMPLOYEE,PERMANENT,2024-01-20,,F,Technology,Dublin,CC-IE-010
HRIS-WKR-006446,WKR-PUB-006446,IE,LE-IE-SYNTH-001,ACTIVE,EMPLOYEE,FIXED_TERM,2021-09-20,,M,Operations,Dublin,CC-IE-022
HRIS-WKR-006447,WKR-PUB-006447,IE,LE-IE-SYNTH-001,ACTIVE,EMPLOYEE,PERMANENT,2017-02-21,,M,Sales,Limerick,CC-IE-038
HRIS-WKR-006448,WKR-PUB-006448,IE,LE-IE-SYNTH-001,ACTIVE,EMPLOYEE,PERMANENT,2021-11-30,,M,Sales,Dublin,CC-IE-013
HRIS-WKR-006449,WKR-PUB-006449,IE,LE-IE-SYNTH-001,TERMINATED,EMPLOYEE,PERMANENT,2017-05-30,2026-07-20,M,Engineering,Remote-IE,CC-IE-002
HRIS-WKR-006450,WKR-PUB-006450,IE,LE-IE-SYNTH-001,ACTIVE,EMPLOYEE,PERMANENT,2025-09-14,,F,Technology,Cork,CC-IE-011
HRIS-WKR-006451,WKR-PUB-006451,IE,LE-IE-SYNTH-001,ACTIVE,EMPLOYEE,PERMANENT,2015-02-22,,,Technology,Dublin,CC-IE-013
HRIS-WKR-006452,WKR-PUB-006452,IE,LE-IE-SYNTH-001,TERMINATED,EMPLOYEE,PERMANENT,2014-12-19,2026-03-11,M,People,Dublin,CC-IE-002
HRIS-WKR-006453,WKR-PUB-006453,IE,LE-IE-SYNTH-001,ACTIVE,EMPLOYEE,PERMANENT,2023-01-06,,M,Engineering,Cork,CC-IE-022
HRIS-WKR-006454,WKR-PUB-006454,IE,LE-IE-SYNTH-001,ACTIVE,EMPLOYEE,PERMANENT,2016-03-27,,M,Sales,Dublin,CC-IE-014
HRIS-WKR-006455,WKR-PUB-006455,IE,LE-IE-SYNTH-001,ACTIVE,EMPLOYEE,PERMANENT,2018-04-05,,NB,Sales,Remote-IE,CC-IE-014
HRIS-WKR-006456,WKR-PUB-006456,IE,LE-IE-SYNTH-001,ACTIVE,EMPLOYEE,PERMANENT,2018-02-13,,F,Operations,Remote-IE,CC-IE-004
HRIS-WKR-006457,WKR-PUB-006457,IE,LE-IE-SYNTH-001,ACTIVE,EMPLOYEE,PERMANENT,2017-02-06,,UNDISCLOSED,Engineering,Cork,CC-IE-029
HRIS-WKR-006458,WKR-PUB-006458,IE,LE-IE-SYNTH-001,ACTIVE,EMPLOYEE,FIXED_TERM,2018-04-27,,F,Operations,Galway,CC-IE-014
HRIS-WKR-006459,WKR-PUB-006459,IE,LE-IE-SYNTH-001,ACTIVE,EMPLOYEE,PERMANENT,2017-06-02,,F,Engineering,Dublin,CC-IE-031
HRIS-WKR-006460,WKR-PUB-006460,IE,LE-IE-SYNTH-001,ACTIVE,EMPLOYEE,PERMANENT,2023-05-02,,F,Sales,Galway,CC-IE-015
HRIS-WKR-006461,WKR-PUB-006461,IE,LE-IE-SYNTH-001,ACTIVE,EMPLOYEE,PERMANENT,2022-09-10,,M,Finance,Dublin,CC-IE-023
HRIS-WKR-006462,WKR-PUB-006462,IE,LE-IE-SYNTH-001,ACTIVE,EMPLOYEE,PERMANENT,2021-06-22,,M,People,Remote-IE,CC-IE-040
HRIS-WKR-006463,WKR-PUB-006463,IE,LE-IE-SYNTH-001,ACTIVE,EMPLOYEE,PERMANENT,2016-10-06,,M,People,Dublin,CC-IE-037
HRIS-WKR-006464,WKR-PUB-006464,IE,LE-IE-SYNTH-001,ACTIVE,EMPLOYEE,PERMANENT,2021-07-19,,M,Operations,Remote-IE,CC-IE-029
HRIS-WKR-006465,WKR-PUB-006465,IE,LE-IE-SYNTH-001,ACTIVE,EMPLOYEE,FIXED_TERM,2020-10-30,,F,Operations,Dublin,CC-IE-003
HRIS-WKR-006466,WKR-PUB-006466,IE,LE-IE-SYNTH-001,ACTIVE,EMPLOYEE,PERMANENT,2016-03-23,,M,Engineering,Remote-IE,CC-IE-003
HRIS-WKR-006467,WKR-PUB-006467,IE,LE-IE-SYNTH-001,ACTIVE,EMPLOYEE,FIXED_TERM,2025-03-24,,F,Finance,Dublin,CC-IE-007
HRIS-WKR-006468,WKR-PUB-006468,IE,LE-IE-SYNTH-001,ACTIVE,EMPLOYEE,PERMANENT,2023-07-27,,F,Sales,Dublin,CC-IE-003
HRIS-WKR-006469,WKR-PUB-006469,IE,LE-IE-SYNTH-001,ACTIVE,EMPLOYEE,PERMANENT,2022-11-17,,F,People,Galway,CC-IE-027
HRIS-WKR-006470,WKR-PUB-006470,IE,LE-IE-SYNTH-001,ACTIVE,EMPLOYEE,FIXED_TERM,2018-12-05,,M,Engineering,Dublin,CC-IE-031
HRIS-WKR-006471,WKR-PUB-006471,IE,LE-IE-SYNTH-001,TERMINATED,EMPLOYEE,PERMANENT,2016-05-07,2026-11-02,M,Engineering,Remote-IE,CC-IE-038
HRIS-WKR-006472,WKR-PUB-006472,IE,LE-IE-SYNTH-001,ACTIVE,EMPLOYEE,PERMANENT,2021-02-18,,M,Technology,Limerick,CC-IE-031
HRIS-WKR-006473,WKR-PUB-006473,IE,LE-IE-SYNTH-001,ACTIVE,EMPLOYEE,PERMANENT,2017-11-07,,F,Engineering,Cork,CC-IE-026
HRIS-WKR-006474,WKR-PUB-006474,IE,LE-IE-SYNTH-001,ACTIVE,EMPLOYEE,PERMANENT,2023-11-12,,M,Technology,Dublin,CC-IE-008
HRIS-WKR-006475,WKR-PUB-006475,IE,LE-IE-SYNTH-001,ACTIVE,EMPLOYEE,PERMANENT,2016-05-02,,F,Operations,Galway,CC-IE-028
HRIS-WKR-006476,WKR-PUB-006476,IE,LE-IE-SYNTH-001,ACTIVE,EMPLOYEE,PERMANENT,2024-09-17,,M,Operations,Dublin,CC-IE-003
HRIS-WKR-006477,WKR-PUB-006477,IE,LE-IE-SYNTH-001,ACTIVE,EMPLOYEE,APPRENTICE,2018-02-14,,F,Technology,Dublin,CC-IE-038
HRIS-WKR-006478,WKR-PUB-006478,IE,LE-IE-SYNTH-001,ACTIVE,EMPLOYEE,PERMANENT,2022-06-19,,F,Engineering,Dublin,CC-IE-032
HRIS-WKR-006479,WKR-PUB-006479,IE,LE-IE-SYNTH-001,ACTIVE,EMPLOYEE,PERMANENT,2019-11-27,,M,Engineering,Cork,CC-IE-030
HRIS-WKR-006480,WKR-PUB-006480,IE,LE-IE-SYNTH-001,ACTIVE,EMPLOYEE,APPRENTICE,2024-04-25,,F,Technology,Cork,CC-IE-022
HRIS-WKR-006481,WKR-PUB-006481,IE,LE-IE-SYNTH-001,ACTIVE,EMPLOYEE,PERMANENT,2024-01-21,,M,People,Cork,CC-IE-025
HRIS-WKR-006482,WKR-PUB-006482,IE,LE-IE-SYNTH-001,ACTIVE,EMPLOYEE,PERMANENT,2015-03-28,,M,Engineering,Galway,CC-IE-019
HRIS-WKR-006483,WKR-PUB-006483,IE,LE-IE-SYNTH-001,ACTIVE,EMPLOYEE,PERMANENT,2015-07-10,,F,Engineering,Cork,CC-IE-007
HRIS-WKR-006484,WKR-PUB-006484,IE,LE-IE-SYNTH-001,ACTIVE,EMPLOYEE,PERMANENT,2020-01-17,,F,Operations,Dublin,CC-IE-029
HRIS-WKR-006485,WKR-PUB-006485,IE,LE-IE-SYNTH-001,ACTIVE,EMPLOYEE,FIXED_TERM,2019-05-30,,F,Engineering,Dublin,CC-IE-007
HRIS-WKR-006486,WKR-PUB-006486,IE,LE-IE-SYNTH-001,ACTIVE,EMPLOYEE,PERMANENT,2017-06-14,,F,Operations,Remote-IE,CC-IE-035
HRIS-WKR-006487,WKR-PUB-006487,IE,LE-IE-SYNTH-001,ACTIVE,EMPLOYEE,PERMANENT,2024-08-05,,M,Finance,Limerick,CC-IE-035
HRIS-WKR-006488,WKR-PUB-006488,IE,LE-IE-SYNTH-001,ACTIVE,EMPLOYEE,FIXED_TERM,2023-04-26,,M,Sales,Dublin,CC-IE-036
HRIS-WKR-006489,WKR-PUB-006489,IE,LE-IE-SYNTH-001,ACTIVE,EMPLOYEE,PERMANENT,2025-06-02,,M,People,Dublin,CC-IE-039
HRIS-WKR-006490,WKR-PUB-006490,IE,LE-IE-SYNTH-001,ACTIVE,EMPLOYEE,PERMANENT,2018-09-24,,M,Finance,Dublin,CC-IE-037
HRIS-WKR-006491,WKR-PUB-006491,IE,LE-IE-SYNTH-001,ACTIVE,EMPLOYEE,PERMANENT,2018-02-04,,M,Finance,Dublin,CC-IE-025
HRIS-WKR-006492,WKR-PUB-006492,IE,LE-IE-SYNTH-001,ACTIVE,EMPLOYEE,PERMANENT,2023-05-31,,F,Finance,Remote-IE,CC-IE-017
HRIS-WKR-006493,WKR-PUB-006493,IE,LE-IE-SYNTH-001,ACTIVE,EMPLOYEE,PERMANENT,2017-06-29,,F,Engineering,Dublin,CC-IE-016
HRIS-WKR-006494,WKR-PUB-006494,IE,LE-IE-SYNTH-001,ACTIVE,EMPLOYEE,PERMANENT,2024-11-22,,M,Engineering,Limerick,CC-IE-017
HRIS-WKR-006495,WKR-PUB-006495,IE,LE-IE-SYNTH-001,ACTIVE,EMPLOYEE,PERMANENT,2021-12-25,,NB,Operations,Cork,CC-IE-002
HRIS-WKR-006496,WKR-PUB-006496,IE,LE-IE-SYNTH-001,ACTIVE,EMPLOYEE,PERMANENT,2014-05-03,,UNDISCLOSED,Engineering,Remote-IE,CC-IE-010
HRIS-WKR-006497,WKR-PUB-006497,IE,LE-IE-SYNTH-001,ACTIVE,EMPLOYEE,PERMANENT,2022-08-01,,M,Operations,Dublin,CC-IE-023
HRIS-WKR-006498,WKR-PUB-006498,IE,LE-IE-SYNTH-001,ACTIVE,EMPLOYEE,PERMANENT,2015-07-09,,F,Sales,Limerick,CC-IE-008
HRIS-WKR-006499,WKR-PUB-006499,IE,LE-IE-SYNTH-001,ACTIVE,EMPLOYEE,PERMANENT,2025-09-24,,M,Operations,Dublin,CC-IE-036
HRIS-WKR-006500,WKR-PUB-006500,IE,LE-IE-SYNTH-001,ACTIVE,EMPLOYEE,PERMANENT,2023-02-21,,M,Sales,Cork,CC-IE-012
HRIS-WKR-006501,WKR-PUB-006501,IE,LE-IE-SYNTH-001,ACTIVE,EMPLOYEE,PERMANENT,2015-04-10,,F,Technology,Dublin,CC-IE-009
HRIS-WKR-006502,WKR-PUB-006502,IE,LE-IE-SYNTH-001,ACTIVE,EMPLOYEE,FIXED_TERM,2022-12-24,,F,Operations,Remote-IE,CC-IE-017
HRIS-WKR-006503,WKR-PUB-006503,IE,LE-IE-SYNTH-001,ACTIVE,EMPLOYEE,PERMANENT,2024-12-25,,M,People,Dublin,CC-IE-024
HRIS-WKR-006504,WKR-PUB-006504,IE,LE-IE-SYNTH-001,ACTIVE,EMPLOYEE,PERMANENT,2023-10-04,,F,Technology,Dublin,CC-IE-001
HRIS-WKR-006505,WKR-PUB-006505,IE,LE-IE-SYNTH-001,ACTIVE,EMPLOYEE,PERMANENT,2026-02-03,,UNDISCLOSED,People,Dublin,CC-IE-018
HRIS-WKR-006506,WKR-PUB-006506,IE,LE-IE-SYNTH-001,ACTIVE,EMPLOYEE,PERMANENT,2019-03-24,,M,People,Cork,CC-IE-023
HRIS-WKR-006507,WKR-PUB-006507,IE,LE-IE-SYNTH-001,ACTIVE,EMPLOYEE,PERMANENT,2022-05-29,,F,Finance,Dublin,CC-IE-035
HRIS-WKR-006508,WKR-PUB-006508,IE,LE-IE-SYNTH-001,ACTIVE,EMPLOYEE,PERMANENT,2015-03-28,,F,Operations,Galway,CC-IE-021
HRIS-WKR-006509,WKR-PUB-006509,IE,LE-IE-SYNTH-001,ACTIVE,EMPLOYEE,PERMANENT,2019-05-10,,M,Operations,Galway,CC-IE-003
HRIS-WKR-006510,WKR-PUB-006510,IE,LE-IE-SYNTH-001,ACTIVE,EMPLOYEE,PERMANENT,2022-07-12,,F,People,Dublin,CC-IE-010
HRIS-WKR-006511,WKR-PUB-006511,IE,LE-IE-SYNTH-001,ACTIVE,EMPLOYEE,PERMANENT,2023-07-02,,,Sales,Dublin,CC-IE-010
HRIS-WKR-006512,WKR-PUB-006512,IE,LE-IE-SYNTH-001,ACTIVE,EMPLOYEE,PERMANENT,2018-09-17,,F,People,Cork,CC-IE-014
HRIS-WKR-006513,WKR-PUB-006513,IE,LE-IE-SYNTH-001,ACTIVE,EMPLOYEE,PERMANENT,2022-06-18,,F,People,Dublin,CC-IE-032
HRIS-WKR-006514,WKR-PUB-006514,IE,LE-IE-SYNTH-001,ACTIVE,EMPLOYEE,PERMANENT,2023-02-11,,M,Sales,Dublin,CC-IE-036
HRIS-WKR-006515,WKR-PUB-006515,IE,LE-IE-SYNTH-001,ACTIVE,EMPLOYEE,PERMANENT,2024-11-23,,M,Sales,Galway,CC-IE-014
HRIS-WKR-006516,WKR-PUB-006516,IE,LE-IE-SYNTH-001,ACTIVE,EMPLOYEE,PERMANENT,2014-10-07,,F,Engineering,Remote-IE,CC-IE-019
HRIS-WKR-006517,WKR-PUB-006517,IE,LE-IE-SYNTH-001,ACTIVE,EMPLOYEE,PERMANENT,2019-12-09,,M,Engineering,Limerick,CC-IE-039
HRIS-WKR-006518,WKR-PUB-006518,IE,LE-IE-SYNTH-001,ACTIVE,CONTRACTOR,PERMANENT,2016-12-11,,F,People,Dublin,CC-IE-026
HRIS-WKR-006519,WKR-PUB-006519,IE,LE-IE-SYNTH-001,ACTIVE,EMPLOYEE,PERMANENT,2022-01-31,,M,Technology,Dublin,CC-IE-031
HRIS-WKR-006520,WKR-PUB-006520,IE,LE-IE-SYNTH-001,ACTIVE,EMPLOYEE,PERMANENT,2023-03-28,,UNDISCLOSED,Technology,Dublin,CC-IE-009
HRIS-WKR-006521,WKR-PUB-006521,IE,LE-IE-SYNTH-001,TERMINATED,EMPLOYEE,PERMANENT,2022-06-07,2026-08-11,M,Sales,Cork,CC-IE-004
HRIS-WKR-006522,WKR-PUB-006522,IE,LE-IE-SYNTH-001,ACTIVE,EMPLOYEE,PERMANENT,2015-08-12,,F,Sales,Cork,CC-IE-030
HRIS-WKR-006523,WKR-PUB-006523,IE,LE-IE-SYNTH-001,ACTIVE,EMPLOYEE,PERMANENT,2021-08-06,,M,Finance,Dublin,CC-IE-031
HRIS-WKR-006524,WKR-PUB-006524,IE,LE-IE-SYNTH-001,ACTIVE,EMPLOYEE,PERMANENT,2015-04-09,,M,Technology,Galway,CC-IE-011
HRIS-WKR-006525,WKR-PUB-006525,IE,LE-IE-SYNTH-001,ACTIVE,EMPLOYEE,FIXED_TERM,2021-06-28,,M,Sales,Galway,CC-IE-004
HRIS-WKR-006526,WKR-PUB-006526,IE,LE-IE-SYNTH-001,ACTIVE,EMPLOYEE,FIXED_TERM,2019-08-07,,F,Engineering,Limerick,CC-IE-016
HRIS-WKR-006527,WKR-PUB-006527,IE,LE-IE-SYNTH-001,ACTIVE,EMPLOYEE,PERMANENT,2014-11-25,,M,Engineering,Remote-IE,CC-IE-033
HRIS-WKR-006528,WKR-PUB-006528,IE,LE-IE-SYNTH-001,ACTIVE,EMPLOYEE,PERMANENT,2021-10-30,,F,People,Dublin,CC-IE-016
HRIS-WKR-006529,WKR-PUB-006529,IE,LE-IE-SYNTH-001,ACTIVE,EMPLOYEE,PERMANENT,2024-12-08,,M,Engineering,Dublin,CC-IE-039
HRIS-WKR-006530,WKR-PUB-006530,IE,LE-IE-SYNTH-001,ACTIVE,EMPLOYEE,PERMANENT,2018-12-31,,F,Engineering,Dublin,CC-IE-002
HRIS-WKR-006531,WKR-PUB-006531,IE,LE-IE-SYNTH-001,ACTIVE,EMPLOYEE,PERMANENT,2018-12-14,,NB,Operations,Galway,CC-IE-013
HRIS-WKR-006532,WKR-PUB-006532,IE,LE-IE-SYNTH-001,ACTIVE,EMPLOYEE,PERMANENT,2025-09-03,,F,Operations,Dublin,CC-IE-024
HRIS-WKR-006533,WKR-PUB-006533,IE,LE-IE-SYNTH-001,ACTIVE,EMPLOYEE,PERMANENT,2019-10-05,,F,Engineering,Galway,CC-IE-035
HRIS-WKR-006534,WKR-PUB-006534,IE,LE-IE-SYNTH-001,ACTIVE,EMPLOYEE,APPRENTICE,2023-09-12,,F,Sales,Dublin,CC-IE-014
HRIS-WKR-006535,WKR-PUB-006535,IE,LE-IE-SYNTH-001,ACTIVE,EMPLOYEE,PERMANENT,2017-07-08,,M,Finance,Remote-IE,CC-IE-029
HRIS-WKR-006536,WKR-PUB-006536,IE,LE-IE-SYNTH-001,ACTIVE,CONTRACTOR,FIXED_TERM,2016-09-12,,F,Finance,Dublin,CC-IE-021
HRIS-WKR-006537,WKR-PUB-006537,IE,LE-IE-SYNTH-001,ACTIVE,EMPLOYEE,PERMANENT,2024-09-12,,M,Operations,Cork,CC-IE-026
HRIS-WKR-006538,WKR-PUB-006538,IE,LE-IE-SYNTH-001,ACTIVE,EMPLOYEE,PERMANENT,2017-01-07,,F,Sales,Cork,CC-IE-010
HRIS-WKR-006539,WKR-PUB-006539,IE,LE-IE-SYNTH-001,ACTIVE,EMPLOYEE,PERMANENT,2018-07-05,,F,Engineering,Dublin,CC-IE-037
HRIS-WKR-006540,WKR-PUB-006540,IE,LE-IE-SYNTH-001,ACTIVE,EMPLOYEE,PERMANENT,2018-05-15,,F,Engineering,Dublin,CC-IE-008
HRIS-WKR-006541,WKR-PUB-006541,IE,LE-IE-SYNTH-001,ACTIVE,EMPLOYEE,PERMANENT,2024-01-25,,F,Engineering,Limerick,CC-IE-035
HRIS-WKR-006542,WKR-PUB-006542,IE,LE-IE-SYNTH-001,ACTIVE,EMPLOYEE,PERMANENT,2022-01-29,,M,Engineering,Dublin,CC-IE-038
HRIS-WKR-006543,WKR-PUB-006543,IE,LE-IE-SYNTH-001,ACTIVE,EMPLOYEE,PERMANENT,2014-02-02,,M,Engineering,Cork,CC-IE-031
HRIS-WKR-006544,WKR-PUB-006544,IE,LE-IE-SYNTH-001,ACTIVE,CONTRACTOR,PERMANENT,2023-08-25,,M,Engineering,Dublin,CC-IE-023
HRIS-WKR-006545,WKR-PUB-006545,IE,LE-IE-SYNTH-001,ACTIVE,EMPLOYEE,PERMANENT,2017-02-12,,F,Sales,Limerick,CC-IE-036
HRIS-WKR-006546,WKR-PUB-006546,IE,LE-IE-SYNTH-001,ACTIVE,EMPLOYEE,APPRENTICE,2024-01-27,,F,Technology,Dublin,CC-IE-027
HRIS-WKR-006547,WKR-PUB-006547,IE,LE-IE-SYNTH-001,TERMINATED,EMPLOYEE,PERMANENT,2016-01-28,2026-06-14,F,Engineering,Remote-IE,CC-IE-040
HRIS-WKR-006548,WKR-PUB-006548,IE,LE-IE-SYNTH-001,ACTIVE,EMPLOYEE,PERMANENT,2020-11-15,,F,Technology,Galway,CC-IE-019
HRIS-WKR-006549,WKR-PUB-006549,IE,LE-IE-SYNTH-001,ACTIVE,EMPLOYEE,PERMANENT,2014-05-25,,F,Engineering,Dublin,CC-IE-017
HRIS-WKR-006550,WKR-PUB-006550,IE,LE-IE-SYNTH-001,ACTIVE,EMPLOYEE,PERMANENT,2020-10-01,,F,People,Dublin,CC-IE-011
HRIS-WKR-006551,WKR-PUB-006551,IE,LE-IE-SYNTH-001,ACTIVE,EMPLOYEE,FIXED_TERM,2024-10-05,,M,Engineering,Dublin,CC-IE-006
HRIS-WKR-006552,WKR-PUB-006552,IE,LE-IE-SYNTH-001,ACTIVE,EMPLOYEE,PERMANENT,2016-07-05,,F,Finance,Cork,CC-IE-032
HRIS-WKR-006553,WKR-PUB-006553,IE,LE-IE-SYNTH-001,ACTIVE,EMPLOYEE,PERMANENT,2018-04-15,,F,Engineering,Remote-IE,CC-IE-033
HRIS-WKR-006554,WKR-PUB-006554,IE,LE-IE-SYNTH-001,ACTIVE,EMPLOYEE,PERMANENT,2016-09-27,,M,Engineering,Galway,CC-IE-014
HRIS-WKR-006555,WKR-PUB-006555,IE,LE-IE-SYNTH-001,TERMINATED,EMPLOYEE,PERMANENT,2015-03-31,2026-08-29,M,Sales,Dublin,CC-IE-020
HRIS-WKR-006556,WKR-PUB-006556,IE,LE-IE-SYNTH-001,ACTIVE,EMPLOYEE,PERMANENT,2017-06-21,,M,Operations,Dublin,CC-IE-035
HRIS-WKR-006557,WKR-PUB-006557,IE,LE-IE-SYNTH-001,ACTIVE,EMPLOYEE,PERMANENT,2022-09-15,,M,Engineering,Limerick,CC-IE-001
HRIS-WKR-006558,WKR-PUB-006558,IE,LE-IE-SYNTH-001,ACTIVE,EMPLOYEE,PERMANENT,2020-02-01,,F,Operations,Dublin,CC-IE-032
HRIS-WKR-006559,WKR-PUB-006559,IE,LE-IE-SYNTH-001,ACTIVE,EMPLOYEE,PERMANENT,2024-12-15,,M,Engineering,Remote-IE,CC-IE-001
HRIS-WKR-006560,WKR-PUB-006560,IE,LE-IE-SYNTH-001,ACTIVE,EMPLOYEE,PERMANENT,2023-09-28,,,Engineering,Dublin,CC-IE-024
HRIS-WKR-006561,WKR-PUB-006561,IE,LE-IE-SYNTH-001,ACTIVE,EMPLOYEE,PERMANENT,2022-10-19,,M,Engineering,Cork,CC-IE-001
HRIS-WKR-006562,WKR-PUB-006562,IE,LE-IE-SYNTH-001,ACTIVE,EMPLOYEE,PERMANENT,2014-04-20,,M,Operations,Remote-IE,CC-IE-037
HRIS-WKR-006563,WKR-PUB-006563,IE,LE-IE-SYNTH-001,TERMINATED,EMPLOYEE,FIXED_TERM,2016-05-11,2026-11-18,F,Engineering,Limerick,CC-IE-020
HRIS-WKR-006564,WKR-PUB-006564,IE,LE-IE-SYNTH-001,ACTIVE,EMPLOYEE,APPRENTICE,2024-05-21,,F,Engineering,Dublin,CC-IE-020
HRIS-WKR-006565,WKR-PUB-006565,IE,LE-IE-SYNTH-001,ACTIVE,EMPLOYEE,PERMANENT,2023-06-15,,F,Sales,Remote-IE,CC-IE-031
HRIS-WKR-006566,WKR-PUB-006566,IE,LE-IE-SYNTH-001,ACTIVE,EMPLOYEE,PERMANENT,2021-08-04,,M,People,Dublin,CC-IE-030
HRIS-WKR-006567,WKR-PUB-006567,IE,LE-IE-SYNTH-001,ACTIVE,EMPLOYEE,PERMANENT,2016-03-23,,M,Engineering,Cork,CC-IE-022
HRIS-WKR-006568,WKR-PUB-006568,IE,LE-IE-SYNTH-001,ACTIVE,EMPLOYEE,PERMANENT,2015-09-07,,M,Engineering,Dublin,CC-IE-019
HRIS-WKR-006569,WKR-PUB-006569,IE,LE-IE-SYNTH-001,ACTIVE,EMPLOYEE,FIXED_TERM,2022-04-28,,M,Sales,Dublin,CC-IE-017
HRIS-WKR-006570,WKR-PUB-006570,IE,LE-IE-SYNTH-001,ACTIVE,EMPLOYEE,PERMANENT,2018-08-14,,M,Sales,Galway,CC-IE-037
HRIS-WKR-006571,WKR-PUB-006571,IE,LE-IE-SYNTH-001,ACTIVE,EMPLOYEE,PERMANENT,2025-10-11,,M,Engineering,Dublin,CC-IE-004
HRIS-WKR-006572,WKR-PUB-006572,IE,LE-IE-SYNTH-001,ACTIVE,EMPLOYEE,PERMANENT,2021-05-04,,F,Operations,Galway,CC-IE-032
HRIS-WKR-006573,WKR-PUB-006573,IE,LE-IE-SYNTH-001,ACTIVE,EMPLOYEE,PERMANENT,2015-07-07,,F,Engineering,Cork,CC-IE-002
HRIS-WKR-006574,WKR-PUB-006574,IE,LE-IE-SYNTH-001,ACTIVE,EMPLOYEE,FIXED_TERM,2024-02-07,,M,Engineering,Limerick,CC-IE-006
HRIS-WKR-006575,WKR-PUB-006575,IE,LE-IE-SYNTH-001,ACTIVE,EMPLOYEE,PERMANENT,2019-05-25,,F,Sales,Limerick,CC-IE-002
HRIS-WKR-006576,WKR-PUB-006576,IE,LE-IE-SYNTH-001,ACTIVE,EMPLOYEE,PERMANENT,2016-05-02,,F,Operations,Galway,CC-IE-030
HRIS-WKR-006577,WKR-PUB-006577,IE,LE-IE-SYNTH-001,ACTIVE,EMPLOYEE,FIXED_TERM,2022-11-20,,M,Operations,Cork,CC-IE-022
HRIS-WKR-006578,WKR-PUB-006578,IE,LE-IE-SYNTH-001,ACTIVE,EMPLOYEE,FIXED_TERM,2025-02-05,,F,Operations,Dublin,CC-IE-003
HRIS-WKR-006579,WKR-PUB-006579,IE,LE-IE-SYNTH-001,ACTIVE,EMPLOYEE,FIXED_TERM,2022-11-20,,F,Engineering,Cork,CC-IE-015
HRIS-WKR-006580,WKR-PUB-006580,IE,LE-IE-SYNTH-001,ACTIVE,EMPLOYEE,FIXED_TERM,2014-02-17,,M,Engineering,Limerick,CC-IE-009
HRIS-WKR-006581,WKR-PUB-006581,IE,LE-IE-SYNTH-001,ACTIVE,EMPLOYEE,PERMANENT,2023-04-16,,M,Operations,Remote-IE,CC-IE-011
HRIS-WKR-006582,WKR-PUB-006582,IE,LE-IE-SYNTH-001,ACTIVE,EMPLOYEE,FIXED_TERM,2019-02-26,,F,Sales,Dublin,CC-IE-039
HRIS-WKR-006583,WKR-PUB-006583,IE,LE-IE-SYNTH-001,ACTIVE,EMPLOYEE,FIXED_TERM,2016-09-01,,M,Engineering,Dublin,CC-IE-036
HRIS-WKR-006584,WKR-PUB-006584,IE,LE-IE-SYNTH-001,ACTIVE,EMPLOYEE,PERMANENT,2024-07-09,,M,Sales,Cork,CC-IE-008
HRIS-WKR-006585,WKR-PUB-006585,IE,LE-IE-SYNTH-001,ACTIVE,EMPLOYEE,PERMANENT,2017-09-20,,F,Operations,Dublin,CC-IE-032
HRIS-WKR-006586,WKR-PUB-006586,IE,LE-IE-SYNTH-001,ACTIVE,EMPLOYEE,PERMANENT,2020-05-14,,M,Finance,Dublin,CC-IE-007
HRIS-WKR-006587,WKR-PUB-006587,IE,LE-IE-SYNTH-001,TERMINATED,CONTRACTOR,PERMANENT,2015-02-15,2026-03-03,M,Operations,Dublin,CC-IE-003
HRIS-WKR-006588,WKR-PUB-006588,IE,LE-IE-SYNTH-001,ACTIVE,EMPLOYEE,PERMANENT,2021-04-02,,M,Engineering,Dublin,CC-IE-032
HRIS-WKR-006589,WKR-PUB-006589,IE,LE-IE-SYNTH-001,ACTIVE,EMPLOYEE,PERMANENT,2015-12-23,,F,Sales,Galway,CC-IE-003
HRIS-WKR-006590,WKR-PUB-006590,IE,LE-IE-SYNTH-001,ACTIVE,EMPLOYEE,PERMANENT,2020-06-04,,M,Operations,Galway,CC-IE-015
HRIS-WKR-006591,WKR-PUB-006591,IE,LE-IE-SYNTH-001,ACTIVE,CONTRACTOR,PERMANENT,2017-08-16,,M,Operations,Limerick,CC-IE-037
HRIS-WKR-006592,WKR-PUB-006592,IE,LE-IE-SYNTH-001,ACTIVE,EMPLOYEE,PERMANENT,2020-03-17,,F,Operations,Dublin,CC-IE-011
HRIS-WKR-006593,WKR-PUB-006593,IE,LE-IE-SYNTH-001,ACTIVE,CONTRACTOR,PERMANENT,2018-04-07,,F,People,Galway,CC-IE-006
HRIS-WKR-006594,WKR-PUB-006594,IE,LE-IE-SYNTH-001,ACTIVE,EMPLOYEE,PERMANENT,2017-09-27,,M,Engineering,Dublin,CC-IE-024
HRIS-WKR-006595,WKR-PUB-006595,IE,LE-IE-SYNTH-001,ACTIVE,CONTRACTOR,PERMANENT,2023-09-08,,M,Operations,Dublin,CC-IE-003
HRIS-WKR-006596,WKR-PUB-006596,IE,LE-IE-SYNTH-001,ACTIVE,EMPLOYEE,PERMANENT,2024-02-12,,F,People,Galway,CC-IE-034
HRIS-WKR-006597,WKR-PUB-006597,IE,LE-IE-SYNTH-001,ACTIVE,EMPLOYEE,PERMANENT,2017-04-07,,M,Operations,Dublin,CC-IE-025
HRIS-WKR-006598,WKR-PUB-006598,IE,LE-IE-SYNTH-001,ACTIVE,EMPLOYEE,FIXED_TERM,2016-08-05,,M,People,Dublin,CC-IE-024
HRIS-WKR-006599,WKR-PUB-006599,IE,LE-IE-SYNTH-001,ACTIVE,EMPLOYEE,PERMANENT,2017-12-26,,F,Engineering,Cork,CC-IE-019
HRIS-WKR-006600,WKR-PUB-006600,IE,LE-IE-SYNTH-001,ACTIVE,EMPLOYEE,PERMANENT,2018-08-26,,M,Operations,Dublin,CC-IE-029
HRIS-WKR-006601,WKR-PUB-006601,IE,LE-IE-SYNTH-001,ACTIVE,EMPLOYEE,PERMANENT,2023-03-13,,F,Engineering,Dublin,CC-IE-021
HRIS-WKR-006602,WKR-PUB-006602,IE,LE-IE-SYNTH-001,ACTIVE,EMPLOYEE,PERMANENT,2019-10-30,,M,Operations,Dublin,CC-IE-026
HRIS-WKR-006603,WKR-PUB-006603,IE,LE-IE-SYNTH-001,ACTIVE,EMPLOYEE,PERMANENT,2024-10-02,,M,Engineering,Dublin,CC-IE-034
HRIS-WKR-006604,WKR-PUB-006604,IE,LE-IE-SYNTH-001,ACTIVE,EMPLOYEE,PERMANENT,2015-02-16,,F,Operations,Dublin,CC-IE-006
HRIS-WKR-006605,WKR-PUB-006605,IE,LE-IE-SYNTH-001,ACTIVE,EMPLOYEE,PERMANENT,2025-03-17,,F,Engineering,Dublin,CC-IE-012
HRIS-WKR-006606,WKR-PUB-006606,IE,LE-IE-SYNTH-001,ACTIVE,EMPLOYEE,PERMANENT,2023-05-12,,M,Sales,Cork,CC-IE-022
HRIS-WKR-006607,WKR-PUB-006607,IE,LE-IE-SYNTH-001,ACTIVE,CONTRACTOR,PERMANENT,2021-07-17,,M,Engineering,Cork,CC-IE-031
HRIS-WKR-006608,WKR-PUB-006608,IE,LE-IE-SYNTH-001,ACTIVE,EMPLOYEE,PERMANENT,2025-06-28,,F,Engineering,Dublin,CC-IE-017
HRIS-WKR-006609,WKR-PUB-006609,IE,LE-IE-SYNTH-001,ACTIVE,EMPLOYEE,FIXED_TERM,2014-11-12,,,Sales,Dublin,CC-IE-038
HRIS-WKR-006610,WKR-PUB-006610,IE,LE-IE-SYNTH-001,ACTIVE,CONTRACTOR,PERMANENT,2019-09-05,,F,Engineering,Dublin,CC-IE-030
HRIS-WKR-006611,WKR-PUB-006611,IE,LE-IE-SYNTH-001,ACTIVE,EMPLOYEE,PERMANENT,2017-11-05,,F,Engineering,Dublin,CC-IE-021
HRIS-WKR-006612,WKR-PUB-006612,IE,LE-IE-SYNTH-001,ACTIVE,EMPLOYEE,PERMANENT,2024-09-11,,M,Technology,Dublin,CC-IE-009
HRIS-WKR-006613,WKR-PUB-006613,IE,LE-IE-SYNTH-001,ACTIVE,EMPLOYEE,PERMANENT,2025-07-09,,M,Engineering,Cork,CC-IE-026
HRIS-WKR-006614,WKR-PUB-006614,IE,LE-IE-SYNTH-001,ACTIVE,EMPLOYEE,PERMANENT,2022-07-12,,M,Technology,Remote-IE,CC-IE-039
HRIS-WKR-006615,WKR-PUB-006615,IE,LE-IE-SYNTH-001,TERMINATED,EMPLOYEE,PERMANENT,2022-06-09,2026-06-13,M,Engineering,Remote-IE,CC-IE-007
HRIS-WKR-006616,WKR-PUB-006616,IE,LE-IE-SYNTH-001,ACTIVE,EMPLOYEE,PERMANENT,2014-04-19,,F,Finance,Limerick,CC-IE-028
HRIS-WKR-006617,WKR-PUB-006617,IE,LE-IE-SYNTH-001,TERMINATED,EMPLOYEE,PERMANENT,2025-07-01,2026-05-22,M,Operations,Remote-IE,CC-IE-038
HRIS-WKR-006618,WKR-PUB-006618,IE,LE-IE-SYNTH-001,ACTIVE,EMPLOYEE,PERMANENT,2018-03-23,,M,Finance,Dublin,CC-IE-026
HRIS-WKR-006619,WKR-PUB-006619,IE,LE-IE-SYNTH-001,ACTIVE,EMPLOYEE,FIXED_TERM,2018-10-30,,F,Technology,Remote-IE,CC-IE-038
HRIS-WKR-006620,WKR-PUB-006620,IE,LE-IE-SYNTH-001,ACTIVE,EMPLOYEE,PERMANENT,2019-06-22,,M,Technology,Dublin,CC-IE-033
HRIS-WKR-006621,WKR-PUB-006621,IE,LE-IE-SYNTH-001,ACTIVE,EMPLOYEE,PERMANENT,2021-03-18,,M,Operations,Remote-IE,CC-IE-017
HRIS-WKR-006622,WKR-PUB-006622,IE,LE-IE-SYNTH-001,ACTIVE,EMPLOYEE,PERMANENT,2021-08-26,,F,Engineering,Dublin,CC-IE-022
HRIS-WKR-006623,WKR-PUB-006623,IE,LE-IE-SYNTH-001,ACTIVE,EMPLOYEE,FIXED_TERM,2017-04-15,,F,Finance,Dublin,CC-IE-033
HRIS-WKR-006624,WKR-PUB-006624,IE,LE-IE-SYNTH-001,ACTIVE,EMPLOYEE,PERMANENT,2021-09-20,,F,Sales,Galway,CC-IE-020
HRIS-WKR-006625,WKR-PUB-006625,IE,LE-IE-SYNTH-001,ACTIVE,CONTRACTOR,PERMANENT,2019-10-18,,M,Engineering,Dublin,CC-IE-017
HRIS-WKR-006626,WKR-PUB-006626,IE,LE-IE-SYNTH-001,ACTIVE,EMPLOYEE,PERMANENT,2019-06-24,,M,Finance,Cork,CC-IE-006
HRIS-WKR-006627,WKR-PUB-006627,IE,LE-IE-SYNTH-001,ACTIVE,EMPLOYEE,PERMANENT,2023-10-17,,M,Engineering,Galway,CC-IE-035
HRIS-WKR-006628,WKR-PUB-006628,IE,LE-IE-SYNTH-001,ACTIVE,EMPLOYEE,PERMANENT,2023-08-19,,M,Engineering,Dublin,CC-IE-013
HRIS-WKR-006629,WKR-PUB-006629,IE,LE-IE-SYNTH-001,ACTIVE,CONTRACTOR,FIXED_TERM,2020-05-20,,F,Operations,Cork,CC-IE-040
HRIS-WKR-006630,WKR-PUB-006630,IE,LE-IE-SYNTH-001,ACTIVE,EMPLOYEE,PERMANENT,2019-12-03,,F,Sales,Cork,CC-IE-023
HRIS-WKR-006631,WKR-PUB-006631,IE,LE-IE-SYNTH-001,ACTIVE,EMPLOYEE,PERMANENT,2017-02-05,,F,Sales,Galway,CC-IE-005
HRIS-WKR-006632,WKR-PUB-006632,IE,LE-IE-SYNTH-001,ACTIVE,EMPLOYEE,PERMANENT,2023-07-04,,M,Technology,Dublin,CC-IE-025
HRIS-WKR-006633,WKR-PUB-006633,IE,LE-IE-SYNTH-001,ACTIVE,EMPLOYEE,PERMANENT,2018-10-24,,F,Finance,Dublin,CC-IE-040
HRIS-WKR-006634,WKR-PUB-006634,IE,LE-IE-SYNTH-001,ACTIVE,EMPLOYEE,PERMANENT,2025-01-24,,M,Operations,Dublin,CC-IE-035
HRIS-WKR-006635,WKR-PUB-006635,IE,LE-IE-SYNTH-001,ACTIVE,EMPLOYEE,PERMANENT,2019-03-02,,M,Operations,Cork,CC-IE-031
HRIS-WKR-006636,WKR-PUB-006636,IE,LE-IE-SYNTH-001,ACTIVE,EMPLOYEE,FIXED_TERM,2025-12-28,,M,Operations,Dublin,CC-IE-027
HRIS-WKR-006637,WKR-PUB-006637,IE,LE-IE-SYNTH-001,ACTIVE,EMPLOYEE,PERMANENT,2022-10-26,,M,Technology,Dublin,CC-IE-039
HRIS-WKR-006638,WKR-PUB-006638,IE,LE-IE-SYNTH-001,ACTIVE,EMPLOYEE,PERMANENT,2021-04-22,,M,Sales,Dublin,CC-IE-032
HRIS-WKR-006639,WKR-PUB-006639,IE,LE-IE-SYNTH-001,ACTIVE,EMPLOYEE,PERMANENT,2019-09-19,,F,Engineering,Dublin,CC-IE-019
HRIS-WKR-006640,WKR-PUB-006640,IE,LE-IE-SYNTH-001,ACTIVE,EMPLOYEE,PERMANENT,2024-10-21,,F,Operations,Remote-IE,CC-IE-007
HRIS-WKR-006641,WKR-PUB-006641,IE,LE-IE-SYNTH-001,ACTIVE,EMPLOYEE,FIXED_TERM,2014-06-25,,F,Engineering,Dublin,CC-IE-001
HRIS-WKR-006642,WKR-PUB-006642,IE,LE-IE-SYNTH-001,ACTIVE,EMPLOYEE,PERMANENT,2025-05-19,,M,Sales,Cork,CC-IE-005
HRIS-WKR-006643,WKR-PUB-006643,IE,LE-IE-SYNTH-001,ACTIVE,EMPLOYEE,PERMANENT,2023-03-15,,M,Engineering,Galway,CC-IE-037
HRIS-WKR-006644,WKR-PUB-006644,IE,LE-IE-SYNTH-001,ACTIVE,EMPLOYEE,PERMANENT,2022-03-28,,M,Finance,Remote-IE,CC-IE-036
HRIS-WKR-006645,WKR-PUB-006645,IE,LE-IE-SYNTH-001,ACTIVE,EMPLOYEE,FIXED_TERM,2017-08-19,,M,People,Dublin,CC-IE-013
HRIS-WKR-006646,WKR-PUB-006646,IE,LE-IE-SYNTH-001,ACTIVE,EMPLOYEE,FIXED_TERM,2019-02-01,,F,Engineering,Dublin,CC-IE-032
HRIS-WKR-006647,WKR-PUB-006647,IE,LE-IE-SYNTH-001,ACTIVE,EMPLOYEE,PERMANENT,2020-06-23,,M,Engineering,Remote-IE,CC-IE-006
HRIS-WKR-006648,WKR-PUB-006648,IE,LE-IE-SYNTH-001,TERMINATED,EMPLOYEE,FIXED_TERM,2021-11-26,2026-10-10,M,Engineering,Dublin,CC-IE-015
HRIS-WKR-006649,WKR-PUB-006649,IE,LE-IE-SYNTH-001,ACTIVE,CONTRACTOR,FIXED_TERM,2025-09-06,,F,Engineering,Cork,CC-IE-040
HRIS-WKR-006650,WKR-PUB-006650,IE,LE-IE-SYNTH-001,ACTIVE,EMPLOYEE,FIXED_TERM,2016-06-28,,F,Operations,Dublin,CC-IE-002
HRIS-WKR-006651,WKR-PUB-006651,IE,LE-IE-SYNTH-001,ACTIVE,EMPLOYEE,PERMANENT,2018-05-05,,F,Technology,Cork,CC-IE-016
HRIS-WKR-006652,WKR-PUB-006652,IE,LE-IE-SYNTH-001,ACTIVE,EMPLOYEE,PERMANENT,2017-10-31,,F,Engineering,Dublin,CC-IE-026
HRIS-WKR-006653,WKR-PUB-006653,IE,LE-IE-SYNTH-001,ACTIVE,EMPLOYEE,PERMANENT,2016-01-07,,M,Sales,Dublin,CC-IE-029
HRIS-WKR-006654,WKR-PUB-006654,IE,LE-IE-SYNTH-001,ACTIVE,EMPLOYEE,PERMANENT,2020-12-29,,M,Operations,Limerick,CC-IE-024
HRIS-WKR-006655,WKR-PUB-006655,IE,LE-IE-SYNTH-001,ACTIVE,EMPLOYEE,PERMANENT,2016-07-30,,M,Engineering,Cork,CC-IE-035
HRIS-WKR-006656,WKR-PUB-006656,IE,LE-IE-SYNTH-001,ACTIVE,EMPLOYEE,PERMANENT,2014-07-03,,F,Sales,Limerick,CC-IE-032
HRIS-WKR-006657,WKR-PUB-006657,IE,LE-IE-SYNTH-001,ACTIVE,EMPLOYEE,PERMANENT,2022-10-10,,M,Operations,Dublin,CC-IE-035
HRIS-WKR-006658,WKR-PUB-006658,IE,LE-IE-SYNTH-001,ACTIVE,EMPLOYEE,APPRENTICE,2022-11-04,,M,Finance,Dublin,CC-IE-034
HRIS-WKR-006659,WKR-PUB-006659,IE,LE-IE-SYNTH-001,ACTIVE,EMPLOYEE,PERMANENT,2016-08-03,,M,Sales,Dublin,CC-IE-040
HRIS-WKR-006660,WKR-PUB-006660,IE,LE-IE-SYNTH-001,ACTIVE,EMPLOYEE,PERMANENT,2016-06-10,,M,Technology,Dublin,CC-IE-012
HRIS-WKR-006661,WKR-PUB-006661,IE,LE-IE-SYNTH-001,ACTIVE,EMPLOYEE,PERMANENT,2022-05-02,,F,Finance,Dublin,CC-IE-027
HRIS-WKR-006662,WKR-PUB-006662,IE,LE-IE-SYNTH-001,ACTIVE,EMPLOYEE,FIXED_TERM,2015-03-22,,M,People,Remote-IE,CC-IE-040
HRIS-WKR-006663,WKR-PUB-006663,IE,LE-IE-SYNTH-001,ACTIVE,EMPLOYEE,PERMANENT,2025-05-25,,M,Sales,Galway,CC-IE-013
HRIS-WKR-006664,WKR-PUB-006664,IE,LE-IE-SYNTH-001,ACTIVE,EMPLOYEE,PERMANENT,2025-12-21,,M,Sales,Cork,CC-IE-020
HRIS-WKR-006665,WKR-PUB-006665,IE,LE-IE-SYNTH-001,ACTIVE,EMPLOYEE,FIXED_TERM,2020-09-21,,M,Engineering,Dublin,CC-IE-003
HRIS-WKR-006666,WKR-PUB-006666,IE,LE-IE-SYNTH-001,ACTIVE,EMPLOYEE,FIXED_TERM,2021-06-19,,M,Engineering,Cork,CC-IE-004
HRIS-WKR-006667,WKR-PUB-006667,IE,LE-IE-SYNTH-001,ACTIVE,EMPLOYEE,PERMANENT,2016-06-02,,F,Sales,Remote-IE,CC-IE-007
HRIS-WKR-006668,WKR-PUB-006668,IE,LE-IE-SYNTH-001,ACTIVE,EMPLOYEE,PERMANENT,2018-12-11,,M,Technology,Dublin,CC-IE-032
HRIS-WKR-006669,WKR-PUB-006669,IE,LE-IE-SYNTH-001,ACTIVE,EMPLOYEE,PERMANENT,2023-04-02,,M,Engineering,Galway,CC-IE-008
HRIS-WKR-006670,WKR-PUB-006670,IE,LE-IE-SYNTH-001,ACTIVE,EMPLOYEE,PERMANENT,2014-08-25,,F,Technology,Dublin,CC-IE-021
HRIS-WKR-006671,WKR-PUB-006671,IE,LE-IE-SYNTH-001,ACTIVE,EMPLOYEE,PERMANENT,2024-09-12,,M,Operations,Dublin,CC-IE-016
HRIS-WKR-006672,WKR-PUB-006672,IE,LE-IE-SYNTH-001,ACTIVE,EMPLOYEE,FIXED_TERM,2024-12-26,,M,Engineering,Limerick,CC-IE-005
HRIS-WKR-006673,WKR-PUB-006673,IE,LE-IE-SYNTH-001,ACTIVE,EMPLOYEE,FIXED_TERM,2014-04-01,,F,Finance,Cork,CC-IE-033
HRIS-WKR-006674,WKR-PUB-006674,IE,LE-IE-SYNTH-001,ACTIVE,EMPLOYEE,PERMANENT,2019-04-05,,M,Engineering,Dublin,CC-IE-010
HRIS-WKR-006675,WKR-PUB-006675,IE,LE-IE-SYNTH-001,ACTIVE,EMPLOYEE,PERMANENT,2020-10-25,,F,Engineering,Dublin,CC-IE-026
HRIS-WKR-006676,WKR-PUB-006676,IE,LE-IE-SYNTH-001,ACTIVE,EMPLOYEE,PERMANENT,2022-11-04,,F,Engineering,Cork,CC-IE-036
HRIS-WKR-006677,WKR-PUB-006677,IE,LE-IE-SYNTH-001,ACTIVE,EMPLOYEE,PERMANENT,2018-10-01,,F,Engineering,Limerick,CC-IE-038
HRIS-WKR-006678,WKR-PUB-006678,IE,LE-IE-SYNTH-001,ACTIVE,EMPLOYEE,PERMANENT,2021-05-26,,F,Finance,Dublin,CC-IE-039
HRIS-WKR-006679,WKR-PUB-006679,IE,LE-IE-SYNTH-001,ACTIVE,EMPLOYEE,PERMANENT,2014-05-02,,F,Engineering,Dublin,CC-IE-014
HRIS-WKR-006680,WKR-PUB-006680,IE,LE-IE-SYNTH-001,ACTIVE,EMPLOYEE,PERMANENT,2014-12-13,,M,Technology,Cork,CC-IE-010
HRIS-WKR-006681,WKR-PUB-006681,IE,LE-IE-SYNTH-001,ACTIVE,EMPLOYEE,PERMANENT,2020-09-01,,F,Sales,Galway,CC-IE-034
HRIS-WKR-006682,WKR-PUB-006682,IE,LE-IE-SYNTH-001,ACTIVE,EMPLOYEE,PERMANENT,2019-05-04,,F,Engineering,Galway,CC-IE-032
HRIS-WKR-006683,WKR-PUB-006683,IE,LE-IE-SYNTH-001,ACTIVE,EMPLOYEE,PERMANENT,2014-06-26,,F,People,Dublin,CC-IE-033
HRIS-WKR-006684,WKR-PUB-006684,IE,LE-IE-SYNTH-001,ACTIVE,EMPLOYEE,PERMANENT,2017-06-25,,F,Engineering,Cork,CC-IE-031
HRIS-WKR-006685,WKR-PUB-006685,IE,LE-IE-SYNTH-001,ACTIVE,CONTRACTOR,FIXED_TERM,2018-05-20,,M,People,Remote-IE,CC-IE-036
HRIS-WKR-006686,WKR-PUB-006686,IE,LE-IE-SYNTH-001,ACTIVE,EMPLOYEE,PERMANENT,2025-04-06,,F,Engineering,Cork,CC-IE-006
HRIS-WKR-006687,WKR-PUB-006687,IE,LE-IE-SYNTH-001,ACTIVE,EMPLOYEE,PERMANENT,2014-03-31,,M,Operations,Dublin,CC-IE-003
HRIS-WKR-006688,WKR-PUB-006688,IE,LE-IE-SYNTH-001,ACTIVE,EMPLOYEE,PERMANENT,2019-01-27,,F,Engineering,Galway,CC-IE-017
HRIS-WKR-006689,WKR-PUB-006689,IE,LE-IE-SYNTH-001,ACTIVE,EMPLOYEE,PERMANENT,2014-10-15,,F,Operations,Dublin,CC-IE-023
HRIS-WKR-006690,WKR-PUB-006690,IE,LE-IE-SYNTH-001,ACTIVE,EMPLOYEE,PERMANENT,2025-11-28,,M,People,Dublin,CC-IE-022
HRIS-WKR-006691,WKR-PUB-006691,IE,LE-IE-SYNTH-001,ACTIVE,EMPLOYEE,PERMANENT,2025-10-23,,M,Technology,Dublin,CC-IE-021
HRIS-WKR-006692,WKR-PUB-006692,IE,LE-IE-SYNTH-001,ACTIVE,EMPLOYEE,PERMANENT,2015-12-17,,F,Sales,Cork,CC-IE-031
HRIS-WKR-006693,WKR-PUB-006693,IE,LE-IE-SYNTH-001,ACTIVE,EMPLOYEE,PERMANENT,2025-03-28,,F,Engineering,Dublin,CC-IE-017
HRIS-WKR-006694,WKR-PUB-006694,IE,LE-IE-SYNTH-001,ACTIVE,CONTRACTOR,PERMANENT,2014-09-01,,F,Sales,Dublin,CC-IE-016
HRIS-WKR-006695,WKR-PUB-006695,IE,LE-IE-SYNTH-001,ACTIVE,CONTRACTOR,PERMANENT,2022-03-21,,M,Engineering,Cork,CC-IE-014
HRIS-WKR-006696,WKR-PUB-006696,IE,LE-IE-SYNTH-001,ACTIVE,EMPLOYEE,PERMANENT,2024-03-13,,NB,Engineering,Cork,CC-IE-002
HRIS-WKR-006697,WKR-PUB-006697,IE,LE-IE-SYNTH-001,ACTIVE,EMPLOYEE,PERMANENT,2024-04-06,,M,Operations,Limerick,CC-IE-016
HRIS-WKR-006698,WKR-PUB-006698,IE,LE-IE-SYNTH-001,ACTIVE,EMPLOYEE,PERMANENT,2016-03-12,,F,Finance,Dublin,CC-IE-034
HRIS-WKR-006699,WKR-PUB-006699,IE,LE-IE-SYNTH-001,ACTIVE,EMPLOYEE,PERMANENT,2014-07-26,,M,Technology,Limerick,CC-IE-033
HRIS-WKR-006700,WKR-PUB-006700,IE,LE-IE-SYNTH-001,TERMINATED,EMPLOYEE,PERMANENT,2016-03-13,2026-12-09,M,Engineering,Cork,CC-IE-005
HRIS-WKR-006701,WKR-PUB-006701,IE,LE-IE-SYNTH-001,ACTIVE,EMPLOYEE,PERMANENT,2024-04-09,,M,Sales,Dublin,CC-IE-012
HRIS-WKR-006702,WKR-PUB-006702,IE,LE-IE-SYNTH-001,ACTIVE,EMPLOYEE,FIXED_TERM,2019-02-17,,M,Sales,Dublin,CC-IE-014
HRIS-WKR-006703,WKR-PUB-006703,IE,LE-IE-SYNTH-001,TERMINATED,EMPLOYEE,PERMANENT,2017-11-14,2026-08-12,F,Engineering,Galway,CC-IE-015
HRIS-WKR-006704,WKR-PUB-006704,IE,LE-IE-SYNTH-001,ACTIVE,EMPLOYEE,PERMANENT,2024-10-19,,F,Engineering,Dublin,CC-IE-001
HRIS-WKR-006705,WKR-PUB-006705,IE,LE-IE-SYNTH-001,ACTIVE,CONTRACTOR,PERMANENT,2025-02-05,,M,People,Cork,CC-IE-025
HRIS-WKR-006706,WKR-PUB-006706,IE,LE-IE-SYNTH-001,ACTIVE,EMPLOYEE,FIXED_TERM,2019-09-10,,M,Engineering,Dublin,CC-IE-003
HRIS-WKR-006707,WKR-PUB-006707,IE,LE-IE-SYNTH-001,ACTIVE,EMPLOYEE,FIXED_TERM,2019-03-10,,M,Finance,Dublin,CC-IE-035
HRIS-WKR-006708,WKR-PUB-006708,IE,LE-IE-SYNTH-001,ACTIVE,EMPLOYEE,PERMANENT,2025-10-11,,M,Engineering,Galway,CC-IE-013
HRIS-WKR-006709,WKR-PUB-006709,IE,LE-IE-SYNTH-001,ACTIVE,EMPLOYEE,PERMANENT,2017-12-25,,M,Engineering,Dublin,CC-IE-020
HRIS-WKR-006710,WKR-PUB-006710,IE,LE-IE-SYNTH-001,ACTIVE,EMPLOYEE,FIXED_TERM,2022-05-29,,F,Technology,Cork,CC-IE-028
HRIS-WKR-006711,WKR-PUB-006711,IE,LE-IE-SYNTH-001,ACTIVE,EMPLOYEE,PERMANENT,2026-01-18,,M,Technology,Cork,CC-IE-002
HRIS-WKR-006712,WKR-PUB-006712,IE,LE-IE-SYNTH-001,ACTIVE,EMPLOYEE,PERMANENT,2017-06-05,,UNDISCLOSED,Operations,Galway,CC-IE-006
HRIS-WKR-006713,WKR-PUB-006713,IE,LE-IE-SYNTH-001,ACTIVE,EMPLOYEE,PERMANENT,2015-04-29,,F,Sales,Remote-IE,CC-IE-004
HRIS-WKR-006714,WKR-PUB-006714,IE,LE-IE-SYNTH-001,ACTIVE,CONTRACTOR,FIXED_TERM,2015-10-11,,F,Engineering,Dublin,CC-IE-006
HRIS-WKR-006715,WKR-PUB-006715,IE,LE-IE-SYNTH-001,ACTIVE,EMPLOYEE,PERMANENT,2014-09-21,,F,Sales,Galway,CC-IE-018
HRIS-WKR-006716,WKR-PUB-006716,IE,LE-IE-SYNTH-001,ACTIVE,EMPLOYEE,APPRENTICE,2018-05-29,,M,Operations,Remote-IE,CC-IE-039
HRIS-WKR-006717,WKR-PUB-006717,IE,LE-IE-SYNTH-001,ACTIVE,EMPLOYEE,PERMANENT,2019-05-24,,M,Sales,Dublin,CC-IE-023
HRIS-WKR-006718,WKR-PUB-006718,IE,LE-IE-SYNTH-001,ACTIVE,EMPLOYEE,PERMANENT,2014-07-05,,F,Finance,Dublin,CC-IE-015
HRIS-WKR-006719,WKR-PUB-006719,IE,LE-IE-SYNTH-001,ACTIVE,CONTRACTOR,FIXED_TERM,2018-06-04,,F,Engineering,Remote-IE,CC-IE-024
HRIS-WKR-006720,WKR-PUB-006720,IE,LE-IE-SYNTH-001,ACTIVE,EMPLOYEE,PERMANENT,2019-10-07,,M,Technology,Cork,CC-IE-007
HRIS-WKR-006721,WKR-PUB-006721,IE,LE-IE-SYNTH-001,ACTIVE,EMPLOYEE,PERMANENT,2024-06-07,,M,Technology,Remote-IE,CC-IE-024
HRIS-WKR-006722,WKR-PUB-006722,IE,LE-IE-SYNTH-001,ACTIVE,EMPLOYEE,PERMANENT,2023-05-09,,F,Engineering,Cork,CC-IE-028
HRIS-WKR-006723,WKR-PUB-006723,IE,LE-IE-SYNTH-001,TERMINATED,EMPLOYEE,PERMANENT,2014-06-22,2026-11-18,M,Technology,Remote-IE,CC-IE-015
HRIS-WKR-006724,WKR-PUB-006724,IE,LE-IE-SYNTH-001,ACTIVE,EMPLOYEE,PERMANENT,2021-12-28,,F,Finance,Limerick,CC-IE-025
HRIS-WKR-006725,WKR-PUB-006725,IE,LE-IE-SYNTH-001,ACTIVE,EMPLOYEE,FIXED_TERM,2021-12-10,,F,Technology,Dublin,CC-IE-020
HRIS-WKR-006726,WKR-PUB-006726,IE,LE-IE-SYNTH-001,ACTIVE,CONTRACTOR,PERMANENT,2016-04-04,,F,Sales,Galway,CC-IE-009
HRIS-WKR-006727,WKR-PUB-006727,IE,LE-IE-SYNTH-001,ACTIVE,EMPLOYEE,PERMANENT,2018-06-10,,F,Engineering,Cork,CC-IE-026
HRIS-WKR-006728,WKR-PUB-006728,IE,LE-IE-SYNTH-001,ACTIVE,EMPLOYEE,PERMANENT,2014-05-27,,M,Engineering,Dublin,CC-IE-030
HRIS-WKR-006729,WKR-PUB-006729,IE,LE-IE-SYNTH-001,ACTIVE,EMPLOYEE,PERMANENT,2020-01-08,,M,Operations,Dublin,CC-IE-010
HRIS-WKR-006730,WKR-PUB-006730,IE,LE-IE-SYNTH-001,ACTIVE,CONTRACTOR,PERMANENT,2014-06-17,,F,Engineering,Remote-IE,CC-IE-023
HRIS-WKR-006731,WKR-PUB-006731,IE,LE-IE-SYNTH-001,ACTIVE,EMPLOYEE,PERMANENT,2025-11-19,,F,Sales,Galway,CC-IE-007
HRIS-WKR-006732,WKR-PUB-006732,IE,LE-IE-SYNTH-001,ACTIVE,EMPLOYEE,PERMANENT,2019-09-17,,F,Finance,Cork,CC-IE-029
HRIS-WKR-006733,WKR-PUB-006733,IE,LE-IE-SYNTH-001,ACTIVE,EMPLOYEE,PERMANENT,2024-04-27,,M,Sales,Limerick,CC-IE-013
HRIS-WKR-006734,WKR-PUB-006734,IE,LE-IE-SYNTH-001,ACTIVE,EMPLOYEE,PERMANENT,2022-10-27,,F,Sales,Dublin,CC-IE-015
HRIS-WKR-006735,WKR-PUB-006735,IE,LE-IE-SYNTH-001,ACTIVE,EMPLOYEE,FIXED_TERM,2015-07-07,,M,Sales,Remote-IE,CC-IE-023
HRIS-WKR-006736,WKR-PUB-006736,IE,LE-IE-SYNTH-001,ACTIVE,EMPLOYEE,PERMANENT,2025-09-30,,M,People,Limerick,CC-IE-012
HRIS-WKR-006737,WKR-PUB-006737,IE,LE-IE-SYNTH-001,ACTIVE,EMPLOYEE,PERMANENT,2018-10-08,,M,Engineering,Dublin,CC-IE-005
HRIS-WKR-006738,WKR-PUB-006738,IE,LE-IE-SYNTH-001,ACTIVE,EMPLOYEE,PERMANENT,2023-12-06,,F,Engineering,Limerick,CC-IE-006
HRIS-WKR-006739,WKR-PUB-006739,IE,LE-IE-SYNTH-001,ACTIVE,EMPLOYEE,PERMANENT,2023-05-29,,F,Sales,Dublin,CC-IE-032
HRIS-WKR-006740,WKR-PUB-006740,IE,LE-IE-SYNTH-001,ACTIVE,EMPLOYEE,PERMANENT,2024-01-13,,UNDISCLOSED,Sales,Dublin,CC-IE-033
HRIS-WKR-006741,WKR-PUB-006741,IE,LE-IE-SYNTH-001,ACTIVE,EMPLOYEE,PERMANENT,2025-10-05,,M,Engineering,Galway,CC-IE-032
HRIS-WKR-006742,WKR-PUB-006742,IE,LE-IE-SYNTH-001,ACTIVE,EMPLOYEE,FIXED_TERM,2022-07-09,,F,Operations,Dublin,CC-IE-029
HRIS-WKR-006743,WKR-PUB-006743,IE,LE-IE-SYNTH-001,ACTIVE,EMPLOYEE,FIXED_TERM,2022-07-11,,F,Engineering,Dublin,CC-IE-034
HRIS-WKR-006744,WKR-PUB-006744,IE,LE-IE-SYNTH-001,ACTIVE,EMPLOYEE,PERMANENT,2021-08-20,,M,Operations,Dublin,CC-IE-017
HRIS-WKR-006745,WKR-PUB-006745,IE,LE-IE-SYNTH-001,ACTIVE,EMPLOYEE,FIXED_TERM,2025-05-16,,UNDISCLOSED,Operations,Dublin,CC-IE-003
HRIS-WKR-006746,WKR-PUB-006746,IE,LE-IE-SYNTH-001,ACTIVE,EMPLOYEE,PERMANENT,2025-02-11,,F,Operations,Dublin,CC-IE-022
HRIS-WKR-006747,WKR-PUB-006747,IE,LE-IE-SYNTH-001,ACTIVE,EMPLOYEE,PERMANENT,2018-11-04,,M,Finance,Cork,CC-IE-031
HRIS-WKR-006748,WKR-PUB-006748,IE,LE-IE-SYNTH-001,ACTIVE,EMPLOYEE,PERMANENT,2014-06-23,,F,Engineering,Dublin,CC-IE-005
HRIS-WKR-006749,WKR-PUB-006749,IE,LE-IE-SYNTH-001,ACTIVE,EMPLOYEE,PERMANENT,2018-12-18,,M,Engineering,Cork,CC-IE-031
HRIS-WKR-006750,WKR-PUB-006750,IE,LE-IE-SYNTH-001,ACTIVE,EMPLOYEE,PERMANENT,2021-02-17,,F,People,Dublin,CC-IE-035
HRIS-WKR-006751,WKR-PUB-006751,IE,LE-IE-SYNTH-001,ACTIVE,EMPLOYEE,PERMANENT,2026-01-05,,M,Sales,Dublin,CC-IE-024
HRIS-WKR-006752,WKR-PUB-006752,IE,LE-IE-SYNTH-001,ACTIVE,EMPLOYEE,PERMANENT,2023-09-18,,M,Sales,Limerick,CC-IE-013
HRIS-WKR-006753,WKR-PUB-006753,IE,LE-IE-SYNTH-001,ACTIVE,EMPLOYEE,PERMANENT,2017-08-27,,F,Sales,Dublin,CC-IE-030
HRIS-WKR-006754,WKR-PUB-006754,IE,LE-IE-SYNTH-001,ACTIVE,EMPLOYEE,PERMANENT,2021-09-18,,M,Operations,Dublin,CC-IE-036
HRIS-WKR-006755,WKR-PUB-006755,IE,LE-IE-SYNTH-001,ACTIVE,EMPLOYEE,PERMANENT,2016-07-11,,F,Technology,Dublin,CC-IE-031
HRIS-WKR-006756,WKR-PUB-006756,IE,LE-IE-SYNTH-001,ACTIVE,EMPLOYEE,APPRENTICE,2016-09-20,,F,Sales,Cork,CC-IE-028
HRIS-WKR-006757,WKR-PUB-006757,IE,LE-IE-SYNTH-001,ACTIVE,EMPLOYEE,FIXED_TERM,2023-06-23,,UNDISCLOSED,Finance,Remote-IE,CC-IE-014
HRIS-WKR-006758,WKR-PUB-006758,IE,LE-IE-SYNTH-001,ACTIVE,EMPLOYEE,PERMANENT,2017-02-05,,M,Finance,Dublin,CC-IE-025
HRIS-WKR-006759,WKR-PUB-006759,IE,LE-IE-SYNTH-001,ACTIVE,EMPLOYEE,APPRENTICE,2025-06-11,,,Sales,Limerick,CC-IE-034
HRIS-WKR-006760,WKR-PUB-006760,IE,LE-IE-SYNTH-001,ACTIVE,CONTRACTOR,PERMANENT,2014-01-20,,F,Sales,Dublin,CC-IE-014
HRIS-WKR-006761,WKR-PUB-006761,IE,LE-IE-SYNTH-001,ACTIVE,EMPLOYEE,PERMANENT,2024-07-13,,,Engineering,Dublin,CC-IE-014
HRIS-WKR-006762,WKR-PUB-006762,IE,LE-IE-SYNTH-001,ACTIVE,EMPLOYEE,FIXED_TERM,2019-02-15,,F,Finance,Limerick,CC-IE-005
HRIS-WKR-006763,WKR-PUB-006763,IE,LE-IE-SYNTH-001,ACTIVE,EMPLOYEE,PERMANENT,2019-08-09,,F,Engineering,Galway,CC-IE-024
HRIS-WKR-006764,WKR-PUB-006764,IE,LE-IE-SYNTH-001,ACTIVE,EMPLOYEE,PERMANENT,2025-05-12,,M,Finance,Dublin,CC-IE-017
HRIS-WKR-006765,WKR-PUB-006765,IE,LE-IE-SYNTH-001,ACTIVE,EMPLOYEE,FIXED_TERM,2024-04-11,,F,Operations,Remote-IE,CC-IE-010
HRIS-WKR-006766,WKR-PUB-006766,IE,LE-IE-SYNTH-001,ACTIVE,EMPLOYEE,FIXED_TERM,2026-01-17,,M,Operations,Cork,CC-IE-025
HRIS-WKR-006767,WKR-PUB-006767,IE,LE-IE-SYNTH-001,ACTIVE,EMPLOYEE,PERMANENT,2015-06-04,,F,Technology,Dublin,CC-IE-008
HRIS-WKR-006768,WKR-PUB-006768,IE,LE-IE-SYNTH-001,ACTIVE,CONTRACTOR,PERMANENT,2020-10-20,,F,People,Dublin,CC-IE-028
HRIS-WKR-006769,WKR-PUB-006769,IE,LE-IE-SYNTH-001,ACTIVE,EMPLOYEE,PERMANENT,2024-02-01,,M,Finance,Dublin,CC-IE-024
HRIS-WKR-006770,WKR-PUB-006770,IE,LE-IE-SYNTH-001,ACTIVE,EMPLOYEE,PERMANENT,2022-10-20,,M,Engineering,Cork,CC-IE-037
HRIS-WKR-006771,WKR-PUB-006771,IE,LE-IE-SYNTH-001,ACTIVE,EMPLOYEE,PERMANENT,2018-08-25,,M,Sales,Galway,CC-IE-013
HRIS-WKR-006772,WKR-PUB-006772,IE,LE-IE-SYNTH-001,ACTIVE,EMPLOYEE,PERMANENT,2021-12-27,,F,Sales,Limerick,CC-IE-022
HRIS-WKR-006773,WKR-PUB-006773,IE,LE-IE-SYNTH-001,ACTIVE,EMPLOYEE,PERMANENT,2019-06-11,,F,People,Cork,CC-IE-002
HRIS-WKR-006774,WKR-PUB-006774,IE,LE-IE-SYNTH-001,ACTIVE,EMPLOYEE,PERMANENT,2016-06-17,,M,People,Cork,CC-IE-033
HRIS-WKR-006775,WKR-PUB-006775,IE,LE-IE-SYNTH-001,ACTIVE,EMPLOYEE,PERMANENT,2021-05-10,,M,Sales,Dublin,CC-IE-032
HRIS-WKR-006776,WKR-PUB-006776,IE,LE-IE-SYNTH-001,ACTIVE,EMPLOYEE,FIXED_TERM,2021-04-20,,M,Engineering,Galway,CC-IE-008
HRIS-WKR-006777,WKR-PUB-006777,IE,LE-IE-SYNTH-001,ACTIVE,EMPLOYEE,PERMANENT,2015-05-25,,F,Finance,Remote-IE,CC-IE-021
HRIS-WKR-006778,WKR-PUB-006778,IE,LE-IE-SYNTH-001,ACTIVE,EMPLOYEE,FIXED_TERM,2020-04-08,,M,Engineering,Galway,CC-IE-029
HRIS-WKR-006779,WKR-PUB-006779,IE,LE-IE-SYNTH-001,ACTIVE,EMPLOYEE,PERMANENT,2022-08-21,,M,Engineering,Dublin,CC-IE-010
HRIS-WKR-006780,WKR-PUB-006780,IE,LE-IE-SYNTH-001,TERMINATED,EMPLOYEE,PERMANENT,2015-02-16,2026-04-18,F,Operations,Cork,CC-IE-005
HRIS-WKR-006781,WKR-PUB-006781,IE,LE-IE-SYNTH-001,ACTIVE,EMPLOYEE,PERMANENT,2025-08-04,,M,Sales,Cork,CC-IE-010
HRIS-WKR-006782,WKR-PUB-006782,IE,LE-IE-SYNTH-001,ACTIVE,EMPLOYEE,PERMANENT,2014-10-02,,M,Operations,Dublin,CC-IE-009
HRIS-WKR-006783,WKR-PUB-006783,IE,LE-IE-SYNTH-001,ACTIVE,EMPLOYEE,PERMANENT,2019-05-23,,F,Finance,Remote-IE,CC-IE-005
HRIS-WKR-006784,WKR-PUB-006784,IE,LE-IE-SYNTH-001,ACTIVE,EMPLOYEE,PERMANENT,2022-12-28,,F,Engineering,Dublin,CC-IE-037
HRIS-WKR-006785,WKR-PUB-006785,IE,LE-IE-SYNTH-001,ACTIVE,EMPLOYEE,PERMANENT,2016-10-30,,F,Operations,Cork,CC-IE-033
HRIS-WKR-006786,WKR-PUB-006786,IE,LE-IE-SYNTH-001,ACTIVE,EMPLOYEE,PERMANENT,2017-11-15,,M,Operations,Cork,CC-IE-012
HRIS-WKR-006787,WKR-PUB-006787,IE,LE-IE-SYNTH-001,ACTIVE,CONTRACTOR,PERMANENT,2020-02-08,,F,Engineering,Galway,CC-IE-013
HRIS-WKR-006788,WKR-PUB-006788,IE,LE-IE-SYNTH-001,ACTIVE,EMPLOYEE,PERMANENT,2023-12-29,,M,Engineering,Limerick,CC-IE-033
HRIS-WKR-006789,WKR-PUB-006789,IE,LE-IE-SYNTH-001,ACTIVE,EMPLOYEE,PERMANENT,2017-12-19,,F,Sales,Dublin,CC-IE-009
HRIS-WKR-006790,WKR-PUB-006790,IE,LE-IE-SYNTH-001,ACTIVE,EMPLOYEE,PERMANENT,2022-03-06,,F,Engineering,Dublin,CC-IE-005
HRIS-WKR-006791,WKR-PUB-006791,IE,LE-IE-SYNTH-001,TERMINATED,EMPLOYEE,PERMANENT,2018-08-16,2026-04-30,M,Operations,Cork,CC-IE-021
HRIS-WKR-006792,WKR-PUB-006792,IE,LE-IE-SYNTH-001,ACTIVE,EMPLOYEE,FIXED_TERM,2023-07-08,,F,Operations,Cork,CC-IE-027
HRIS-WKR-006793,WKR-PUB-006793,IE,LE-IE-SYNTH-001,ACTIVE,EMPLOYEE,APPRENTICE,2019-08-16,,M,Engineering,Cork,CC-IE-021
HRIS-WKR-006794,WKR-PUB-006794,IE,LE-IE-SYNTH-001,ACTIVE,EMPLOYEE,PERMANENT,2017-06-24,,F,People,Dublin,CC-IE-015
HRIS-WKR-006795,WKR-PUB-006795,IE,LE-IE-SYNTH-001,ACTIVE,EMPLOYEE,PERMANENT,2021-04-03,,M,Engineering,Cork,CC-IE-018
HRIS-WKR-006796,WKR-PUB-006796,IE,LE-IE-SYNTH-001,TERMINATED,EMPLOYEE,PERMANENT,2014-11-29,2026-05-10,M,Operations,Dublin,CC-IE-028
HRIS-WKR-006797,WKR-PUB-006797,IE,LE-IE-SYNTH-001,ACTIVE,EMPLOYEE,PERMANENT,2021-04-07,,F,Engineering,Dublin,CC-IE-014
HRIS-WKR-006798,WKR-PUB-006798,IE,LE-IE-SYNTH-001,ACTIVE,EMPLOYEE,PERMANENT,2017-05-25,,F,Operations,Limerick,CC-IE-013
HRIS-WKR-006799,WKR-PUB-006799,IE,LE-IE-SYNTH-001,ACTIVE,EMPLOYEE,PERMANENT,2022-09-10,,F,People,Dublin,CC-IE-014
HRIS-WKR-006800,WKR-PUB-006800,IE,LE-IE-SYNTH-001,ACTIVE,EMPLOYEE,PERMANENT,2015-05-28,,F,Engineering,Limerick,CC-IE-031
HRIS-WKR-006801,WKR-PUB-006801,IE,LE-IE-SYNTH-001,ACTIVE,EMPLOYEE,PERMANENT,2015-10-03,,M,Technology,Remote-IE,CC-IE-008
HRIS-WKR-006802,WKR-PUB-006802,IE,LE-IE-SYNTH-001,ACTIVE,EMPLOYEE,PERMANENT,2021-03-05,,NB,People,Cork,CC-IE-040
HRIS-WKR-006803,WKR-PUB-006803,IE,LE-IE-SYNTH-001,ACTIVE,EMPLOYEE,PERMANENT,2020-07-22,,F,Sales,Dublin,CC-IE-037
HRIS-WKR-006804,WKR-PUB-006804,IE,LE-IE-SYNTH-001,ACTIVE,EMPLOYEE,PERMANENT,2015-07-13,,M,Engineering,Remote-IE,CC-IE-011
HRIS-WKR-006805,WKR-PUB-006805,IE,LE-IE-SYNTH-001,ACTIVE,EMPLOYEE,PERMANENT,2014-09-12,,M,Finance,Dublin,CC-IE-039
HRIS-WKR-006806,WKR-PUB-006806,IE,LE-IE-SYNTH-001,ACTIVE,EMPLOYEE,PERMANENT,2016-04-20,,M,Operations,Dublin,CC-IE-017
HRIS-WKR-006807,WKR-PUB-006807,IE,LE-IE-SYNTH-001,ACTIVE,EMPLOYEE,PERMANENT,2016-04-25,,M,Sales,Remote-IE,CC-IE-013
HRIS-WKR-006808,WKR-PUB-006808,IE,LE-IE-SYNTH-001,ACTIVE,EMPLOYEE,PERMANENT,2022-05-12,,F,Sales,Cork,CC-IE-040
HRIS-WKR-006809,WKR-PUB-006809,IE,LE-IE-SYNTH-001,ACTIVE,EMPLOYEE,PERMANENT,2016-08-01,,F,Operations,Dublin,CC-IE-027
HRIS-WKR-006810,WKR-PUB-006810,IE,LE-IE-SYNTH-001,ACTIVE,EMPLOYEE,APPRENTICE,2016-02-03,,F,Sales,Dublin,CC-IE-040
HRIS-WKR-006811,WKR-PUB-006811,IE,LE-IE-SYNTH-001,ACTIVE,EMPLOYEE,FIXED_TERM,2020-06-04,,M,Finance,Dublin,CC-IE-009
HRIS-WKR-006812,WKR-PUB-006812,IE,LE-IE-SYNTH-001,ACTIVE,EMPLOYEE,PERMANENT,2022-03-11,,M,Sales,Galway,CC-IE-005
HRIS-WKR-006813,WKR-PUB-006813,IE,LE-IE-SYNTH-001,ACTIVE,EMPLOYEE,PERMANENT,2024-08-15,,M,Technology,Dublin,CC-IE-027
HRIS-WKR-006814,WKR-PUB-006814,IE,LE-IE-SYNTH-001,ACTIVE,EMPLOYEE,PERMANENT,2017-05-10,,M,Technology,Dublin,CC-IE-018
HRIS-WKR-006815,WKR-PUB-006815,IE,LE-IE-SYNTH-001,TERMINATED,EMPLOYEE,APPRENTICE,2022-02-27,2026-05-03,M,Operations,Dublin,CC-IE-029
HRIS-WKR-006816,WKR-PUB-006816,IE,LE-IE-SYNTH-001,ACTIVE,EMPLOYEE,FIXED_TERM,2021-04-10,,F,Sales,Dublin,CC-IE-010
HRIS-WKR-006817,WKR-PUB-006817,IE,LE-IE-SYNTH-001,ACTIVE,EMPLOYEE,FIXED_TERM,2023-04-01,,M,Operations,Dublin,CC-IE-016
HRIS-WKR-006818,WKR-PUB-006818,IE,LE-IE-SYNTH-001,ACTIVE,EMPLOYEE,PERMANENT,2015-05-15,,M,Finance,Remote-IE,CC-IE-022
HRIS-WKR-006819,WKR-PUB-006819,IE,LE-IE-SYNTH-001,ACTIVE,EMPLOYEE,PERMANENT,2021-07-16,,F,Operations,Limerick,CC-IE-008
HRIS-WKR-006820,WKR-PUB-006820,IE,LE-IE-SYNTH-001,ACTIVE,EMPLOYEE,PERMANENT,2015-10-09,,F,Operations,Dublin,CC-IE-034
HRIS-WKR-006821,WKR-PUB-006821,IE,LE-IE-SYNTH-001,ACTIVE,CONTRACTOR,FIXED_TERM,2018-12-31,,,People,Dublin,CC-IE-014
HRIS-WKR-006822,WKR-PUB-006822,IE,LE-IE-SYNTH-001,ACTIVE,EMPLOYEE,PERMANENT,2018-12-12,,M,Engineering,Cork,CC-IE-023
HRIS-WKR-006823,WKR-PUB-006823,IE,LE-IE-SYNTH-001,ACTIVE,EMPLOYEE,PERMANENT,2016-03-14,,F,Operations,Dublin,CC-IE-003
HRIS-WKR-006824,WKR-PUB-006824,IE,LE-IE-SYNTH-001,ACTIVE,EMPLOYEE,PERMANENT,2020-05-12,,M,Engineering,Dublin,CC-IE-038
HRIS-WKR-006825,WKR-PUB-006825,IE,LE-IE-SYNTH-001,ACTIVE,EMPLOYEE,PERMANENT,2023-10-19,,F,Operations,Dublin,CC-IE-002
HRIS-WKR-006826,WKR-PUB-006826,IE,LE-IE-SYNTH-001,ACTIVE,EMPLOYEE,PERMANENT,2025-07-10,,M,Sales,Dublin,CC-IE-024
HRIS-WKR-006827,WKR-PUB-006827,IE,LE-IE-SYNTH-001,ACTIVE,EMPLOYEE,PERMANENT,2025-11-15,,M,Engineering,Dublin,CC-IE-017
HRIS-WKR-006828,WKR-PUB-006828,IE,LE-IE-SYNTH-001,ACTIVE,EMPLOYEE,APPRENTICE,2017-09-24,,M,Finance,Dublin,CC-IE-031
HRIS-WKR-006829,WKR-PUB-006829,IE,LE-IE-SYNTH-001,ACTIVE,CONTRACTOR,PERMANENT,2021-09-14,,M,Sales,Cork,CC-IE-003
HRIS-WKR-006830,WKR-PUB-006830,IE,LE-IE-SYNTH-001,ACTIVE,EMPLOYEE,PERMANENT,2021-02-15,,M,Operations,Dublin,CC-IE-018
HRIS-WKR-006831,WKR-PUB-006831,IE,LE-IE-SYNTH-001,ACTIVE,EMPLOYEE,FIXED_TERM,2014-11-23,,M,Engineering,Dublin,CC-IE-011
HRIS-WKR-006832,WKR-PUB-006832,IE,LE-IE-SYNTH-001,TERMINATED,EMPLOYEE,PERMANENT,2017-07-02,2026-03-07,M,Operations,Dublin,CC-IE-023
HRIS-WKR-006833,WKR-PUB-006833,IE,LE-IE-SYNTH-001,ACTIVE,EMPLOYEE,PERMANENT,2025-06-23,,F,People,Dublin,CC-IE-020
HRIS-WKR-006834,WKR-PUB-006834,IE,LE-IE-SYNTH-001,ACTIVE,EMPLOYEE,PERMANENT,2015-09-11,,,Operations,Galway,CC-IE-010
HRIS-WKR-006835,WKR-PUB-006835,IE,LE-IE-SYNTH-001,TERMINATED,EMPLOYEE,FIXED_TERM,2024-04-18,2026-09-14,M,Engineering,Dublin,CC-IE-018
HRIS-WKR-006836,WKR-PUB-006836,IE,LE-IE-SYNTH-001,ACTIVE,EMPLOYEE,PERMANENT,2022-12-15,,F,Sales,Dublin,CC-IE-035
HRIS-WKR-006837,WKR-PUB-006837,IE,LE-IE-SYNTH-001,ACTIVE,EMPLOYEE,PERMANENT,2019-08-14,,F,Sales,Dublin,CC-IE-015
HRIS-WKR-006838,WKR-PUB-006838,IE,LE-IE-SYNTH-001,ACTIVE,EMPLOYEE,PERMANENT,2017-12-27,,F,Sales,Dublin,CC-IE-038
HRIS-WKR-006839,WKR-PUB-006839,IE,LE-IE-SYNTH-001,ACTIVE,CONTRACTOR,PERMANENT,2024-02-03,,M,Engineering,Remote-IE,CC-IE-030
HRIS-WKR-006840,WKR-PUB-006840,IE,LE-IE-SYNTH-001,ACTIVE,EMPLOYEE,PERMANENT,2014-03-31,,M,Engineering,Dublin,CC-IE-036
HRIS-WKR-006841,WKR-PUB-006841,IE,LE-IE-SYNTH-001,ACTIVE,EMPLOYEE,FIXED_TERM,2017-04-11,,F,Technology,Cork,CC-IE-029
HRIS-WKR-006842,WKR-PUB-006842,IE,LE-IE-SYNTH-001,ACTIVE,EMPLOYEE,FIXED_TERM,2024-06-25,,F,Sales,Cork,CC-IE-040
HRIS-WKR-006843,WKR-PUB-006843,IE,LE-IE-SYNTH-001,ACTIVE,EMPLOYEE,PERMANENT,2022-07-29,,M,Technology,Dublin,CC-IE-011
HRIS-WKR-006844,WKR-PUB-006844,IE,LE-IE-SYNTH-001,ACTIVE,EMPLOYEE,FIXED_TERM,2022-10-27,,F,Operations,Remote-IE,CC-IE-040
HRIS-WKR-006845,WKR-PUB-006845,IE,LE-IE-SYNTH-001,ACTIVE,EMPLOYEE,PERMANENT,2023-10-09,,M,Engineering,Cork,CC-IE-033
HRIS-WKR-006846,WKR-PUB-006846,IE,LE-IE-SYNTH-001,ACTIVE,CONTRACTOR,PERMANENT,2023-11-05,,NB,Sales,Dublin,CC-IE-021
HRIS-WKR-006847,WKR-PUB-006847,IE,LE-IE-SYNTH-001,ACTIVE,EMPLOYEE,PERMANENT,2016-01-28,,M,People,Remote-IE,CC-IE-007
HRIS-WKR-006848,WKR-PUB-006848,IE,LE-IE-SYNTH-001,ACTIVE,EMPLOYEE,PERMANENT,2019-11-28,,M,Sales,Dublin,CC-IE-033
HRIS-WKR-006849,WKR-PUB-006849,IE,LE-IE-SYNTH-001,ACTIVE,EMPLOYEE,FIXED_TERM,2018-10-21,,M,People,Dublin,CC-IE-006
HRIS-WKR-006850,WKR-PUB-006850,IE,LE-IE-SYNTH-001,ACTIVE,EMPLOYEE,APPRENTICE,2023-04-07,,F,Engineering,Dublin,CC-IE-009
HRIS-WKR-006851,WKR-PUB-006851,IE,LE-IE-SYNTH-001,ACTIVE,EMPLOYEE,APPRENTICE,2015-07-17,,M,Finance,Cork,CC-IE-020
HRIS-WKR-006852,WKR-PUB-006852,IE,LE-IE-SYNTH-001,ACTIVE,EMPLOYEE,PERMANENT,2025-08-31,,F,Sales,Galway,CC-IE-005
HRIS-WKR-006853,WKR-PUB-006853,IE,LE-IE-SYNTH-001,ACTIVE,EMPLOYEE,PERMANENT,2022-02-15,,F,Engineering,Dublin,CC-IE-035
HRIS-WKR-006854,WKR-PUB-006854,IE,LE-IE-SYNTH-001,ACTIVE,EMPLOYEE,PERMANENT,2023-08-07,,F,Operations,Dublin,CC-IE-015
HRIS-WKR-006855,WKR-PUB-006855,IE,LE-IE-SYNTH-001,ACTIVE,EMPLOYEE,PERMANENT,2022-04-16,,M,Sales,Remote-IE,CC-IE-037
HRIS-WKR-006856,WKR-PUB-006856,IE,LE-IE-SYNTH-001,ACTIVE,CONTRACTOR,FIXED_TERM,2023-06-08,,F,Engineering,Dublin,CC-IE-008
HRIS-WKR-006857,WKR-PUB-006857,IE,LE-IE-SYNTH-001,ACTIVE,CONTRACTOR,APPRENTICE,2015-05-29,,M,People,Dublin,CC-IE-034
HRIS-WKR-006858,WKR-PUB-006858,IE,LE-IE-SYNTH-001,ACTIVE,EMPLOYEE,PERMANENT,2014-05-28,,F,Sales,Dublin,CC-IE-038
HRIS-WKR-006859,WKR-PUB-006859,IE,LE-IE-SYNTH-001,ACTIVE,EMPLOYEE,PERMANENT,2022-12-02,,M,People,Dublin,CC-IE-031
HRIS-WKR-006860,WKR-PUB-006860,IE,LE-IE-SYNTH-001,TERMINATED,EMPLOYEE,APPRENTICE,2023-06-30,2026-10-10,M,Operations,Dublin,CC-IE-015
HRIS-WKR-006861,WKR-PUB-006861,IE,LE-IE-SYNTH-001,ACTIVE,EMPLOYEE,PERMANENT,2014-07-11,,M,Operations,Remote-IE,CC-IE-001
HRIS-WKR-006862,WKR-PUB-006862,IE,LE-IE-SYNTH-001,ACTIVE,EMPLOYEE,FIXED_TERM,2023-09-05,,F,Sales,Cork,CC-IE-020
HRIS-WKR-006863,WKR-PUB-006863,IE,LE-IE-SYNTH-001,ACTIVE,EMPLOYEE,PERMANENT,2018-08-04,,M,Sales,Remote-IE,CC-IE-022
HRIS-WKR-006864,WKR-PUB-006864,IE,LE-IE-SYNTH-001,ACTIVE,EMPLOYEE,PERMANENT,2020-09-08,,F,Sales,Galway,CC-IE-031
HRIS-WKR-006865,WKR-PUB-006865,IE,LE-IE-SYNTH-001,ACTIVE,EMPLOYEE,PERMANENT,2015-02-09,,F,Finance,Dublin,CC-IE-021
HRIS-WKR-006866,WKR-PUB-006866,IE,LE-IE-SYNTH-001,ACTIVE,EMPLOYEE,FIXED_TERM,2019-09-19,,,Engineering,Remote-IE,CC-IE-006
HRIS-WKR-006867,WKR-PUB-006867,IE,LE-IE-SYNTH-001,ACTIVE,EMPLOYEE,PERMANENT,2024-03-01,,F,People,Dublin,CC-IE-007
HRIS-WKR-006868,WKR-PUB-006868,IE,LE-IE-SYNTH-001,ACTIVE,EMPLOYEE,PERMANENT,2024-05-03,,,Engineering,Cork,CC-IE-015
HRIS-WKR-006869,WKR-PUB-006869,IE,LE-IE-SYNTH-001,ACTIVE,EMPLOYEE,PERMANENT,2017-07-18,,F,Technology,Galway,CC-IE-016
HRIS-WKR-006870,WKR-PUB-006870,IE,LE-IE-SYNTH-001,ACTIVE,EMPLOYEE,PERMANENT,2019-05-13,,M,Engineering,Dublin,CC-IE-028
HRIS-WKR-006871,WKR-PUB-006871,IE,LE-IE-SYNTH-001,ACTIVE,EMPLOYEE,PERMANENT,2024-06-08,,M,Sales,Dublin,CC-IE-038
HRIS-WKR-006872,WKR-PUB-006872,IE,LE-IE-SYNTH-001,ACTIVE,EMPLOYEE,PERMANENT,2020-11-11,,M,Engineering,Dublin,CC-IE-034
HRIS-WKR-006873,WKR-PUB-006873,IE,LE-IE-SYNTH-001,ACTIVE,EMPLOYEE,PERMANENT,2018-01-01,,F,Sales,Cork,CC-IE-035
HRIS-WKR-006874,WKR-PUB-006874,IE,LE-IE-SYNTH-001,ACTIVE,EMPLOYEE,PERMANENT,2018-12-06,,M,Finance,Remote-IE,CC-IE-021
HRIS-WKR-006875,WKR-PUB-006875,IE,LE-IE-SYNTH-001,ACTIVE,EMPLOYEE,PERMANENT,2014-04-20,,M,People,Remote-IE,CC-IE-029
HRIS-WKR-006876,WKR-PUB-006876,IE,LE-IE-SYNTH-001,ACTIVE,CONTRACTOR,APPRENTICE,2021-10-21,,F,Engineering,Cork,CC-IE-004
HRIS-WKR-006877,WKR-PUB-006877,IE,LE-IE-SYNTH-001,ACTIVE,EMPLOYEE,PERMANENT,2017-12-23,,F,People,Dublin,CC-IE-012
HRIS-WKR-006878,WKR-PUB-006878,IE,LE-IE-SYNTH-001,ACTIVE,EMPLOYEE,PERMANENT,2018-06-18,,F,Engineering,Galway,CC-IE-036
HRIS-WKR-006879,WKR-PUB-006879,IE,LE-IE-SYNTH-001,ACTIVE,EMPLOYEE,FIXED_TERM,2018-01-28,,,Operations,Dublin,CC-IE-006
HRIS-WKR-006880,WKR-PUB-006880,IE,LE-IE-SYNTH-001,ACTIVE,EMPLOYEE,PERMANENT,2018-07-07,,F,Operations,Cork,CC-IE-040
HRIS-WKR-006881,WKR-PUB-006881,IE,LE-IE-SYNTH-001,ACTIVE,EMPLOYEE,PERMANENT,2022-11-01,,M,Sales,Dublin,CC-IE-017
HRIS-WKR-006882,WKR-PUB-006882,IE,LE-IE-SYNTH-001,ACTIVE,EMPLOYEE,PERMANENT,2018-03-30,,M,Finance,Dublin,CC-IE-022
HRIS-WKR-006883,WKR-PUB-006883,IE,LE-IE-SYNTH-001,TERMINATED,EMPLOYEE,PERMANENT,2016-05-07,2026-10-17,M,Engineering,Remote-IE,CC-IE-009
HRIS-WKR-006884,WKR-PUB-006884,IE,LE-IE-SYNTH-001,ACTIVE,EMPLOYEE,PERMANENT,2018-10-15,,M,Engineering,Cork,CC-IE-004
HRIS-WKR-006885,WKR-PUB-006885,IE,LE-IE-SYNTH-001,ACTIVE,EMPLOYEE,FIXED_TERM,2023-05-09,,M,Engineering,Dublin,CC-IE-004
HRIS-WKR-006886,WKR-PUB-006886,IE,LE-IE-SYNTH-001,ACTIVE,EMPLOYEE,FIXED_TERM,2026-02-18,,M,Engineering,Dublin,CC-IE-020
HRIS-WKR-006887,WKR-PUB-006887,IE,LE-IE-SYNTH-001,ACTIVE,EMPLOYEE,PERMANENT,2014-01-22,,M,Engineering,Dublin,CC-IE-015
HRIS-WKR-006888,WKR-PUB-006888,IE,LE-IE-SYNTH-001,ACTIVE,EMPLOYEE,PERMANENT,2016-09-16,,UNDISCLOSED,Finance,Remote-IE,CC-IE-034
HRIS-WKR-006889,WKR-PUB-006889,IE,LE-IE-SYNTH-001,ACTIVE,EMPLOYEE,FIXED_TERM,2024-11-25,,M,Operations,Dublin,CC-IE-014
HRIS-WKR-006890,WKR-PUB-006890,IE,LE-IE-SYNTH-001,ACTIVE,EMPLOYEE,FIXED_TERM,2024-11-15,,F,People,Dublin,CC-IE-031
HRIS-WKR-006891,WKR-PUB-006891,IE,LE-IE-SYNTH-001,ACTIVE,EMPLOYEE,PERMANENT,2015-11-11,,F,Engineering,Dublin,CC-IE-023
HRIS-WKR-006892,WKR-PUB-006892,IE,LE-IE-SYNTH-001,ACTIVE,EMPLOYEE,PERMANENT,2018-07-05,,NB,Engineering,Dublin,CC-IE-017
HRIS-WKR-006893,WKR-PUB-006893,IE,LE-IE-SYNTH-001,ACTIVE,EMPLOYEE,PERMANENT,2023-08-24,,F,Engineering,Dublin,CC-IE-021
HRIS-WKR-006894,WKR-PUB-006894,IE,LE-IE-SYNTH-001,ACTIVE,EMPLOYEE,PERMANENT,2019-12-20,,F,Technology,Dublin,CC-IE-002
HRIS-WKR-006895,WKR-PUB-006895,IE,LE-IE-SYNTH-001,ACTIVE,EMPLOYEE,PERMANENT,2022-10-17,,M,Engineering,Dublin,CC-IE-031
HRIS-WKR-006896,WKR-PUB-006896,IE,LE-IE-SYNTH-001,ACTIVE,EMPLOYEE,PERMANENT,2015-12-24,,M,Engineering,Dublin,CC-IE-032
HRIS-WKR-006897,WKR-PUB-006897,IE,LE-IE-SYNTH-001,ACTIVE,EMPLOYEE,PERMANENT,2025-09-21,,F,Engineering,Dublin,CC-IE-001
HRIS-WKR-006898,WKR-PUB-006898,IE,LE-IE-SYNTH-001,ACTIVE,EMPLOYEE,PERMANENT,2024-10-30,,M,Sales,Dublin,CC-IE-034
HRIS-WKR-006899,WKR-PUB-006899,IE,LE-IE-SYNTH-001,ACTIVE,EMPLOYEE,FIXED_TERM,2019-03-31,,M,Operations,Dublin,CC-IE-040
HRIS-WKR-006900,WKR-PUB-006900,IE,LE-IE-SYNTH-001,ACTIVE,CONTRACTOR,PERMANENT,2015-01-19,,F,Finance,Dublin,CC-IE-009
HRIS-WKR-006901,WKR-PUB-006901,IE,LE-IE-SYNTH-001,ACTIVE,EMPLOYEE,PERMANENT,2021-12-09,,F,People,Remote-IE,CC-IE-001
HRIS-WKR-006902,WKR-PUB-006902,IE,LE-IE-SYNTH-001,ACTIVE,EMPLOYEE,FIXED_TERM,2023-05-07,,F,Sales,Dublin,CC-IE-040
HRIS-WKR-006903,WKR-PUB-006903,IE,LE-IE-SYNTH-001,ACTIVE,EMPLOYEE,PERMANENT,2020-10-13,,M,Engineering,Dublin,CC-IE-010
HRIS-WKR-006904,WKR-PUB-006904,IE,LE-IE-SYNTH-001,ACTIVE,EMPLOYEE,PERMANENT,2023-01-12,,M,Technology,Remote-IE,CC-IE-029
HRIS-WKR-006905,WKR-PUB-006905,IE,LE-IE-SYNTH-001,ACTIVE,EMPLOYEE,PERMANENT,2016-09-21,,F,Sales,Dublin,CC-IE-037
HRIS-WKR-006906,WKR-PUB-006906,IE,LE-IE-SYNTH-001,ACTIVE,CONTRACTOR,PERMANENT,2020-04-02,,F,Sales,Dublin,CC-IE-006
HRIS-WKR-006907,WKR-PUB-006907,IE,LE-IE-SYNTH-001,ACTIVE,EMPLOYEE,PERMANENT,2024-09-20,,M,Operations,Dublin,CC-IE-012
HRIS-WKR-006908,WKR-PUB-006908,IE,LE-IE-SYNTH-001,ACTIVE,EMPLOYEE,PERMANENT,2016-09-02,,F,Sales,Remote-IE,CC-IE-035
HRIS-WKR-006909,WKR-PUB-006909,IE,LE-IE-SYNTH-001,ACTIVE,EMPLOYEE,PERMANENT,2015-07-31,,F,Sales,Dublin,CC-IE-025
HRIS-WKR-006910,WKR-PUB-006910,IE,LE-IE-SYNTH-001,ACTIVE,EMPLOYEE,PERMANENT,2022-03-13,,M,Technology,Dublin,CC-IE-031
HRIS-WKR-006911,WKR-PUB-006911,IE,LE-IE-SYNTH-001,ACTIVE,EMPLOYEE,PERMANENT,2017-08-02,,M,Technology,Remote-IE,CC-IE-025
HRIS-WKR-006912,WKR-PUB-006912,IE,LE-IE-SYNTH-001,ACTIVE,EMPLOYEE,PERMANENT,2022-07-17,,M,Engineering,Dublin,CC-IE-030
HRIS-WKR-006913,WKR-PUB-006913,IE,LE-IE-SYNTH-001,TERMINATED,EMPLOYEE,FIXED_TERM,2021-10-31,2026-05-04,M,Engineering,Limerick,CC-IE-006
HRIS-WKR-006914,WKR-PUB-006914,IE,LE-IE-SYNTH-001,ACTIVE,EMPLOYEE,PERMANENT,2015-12-01,,M,Sales,Galway,CC-IE-026
HRIS-WKR-006915,WKR-PUB-006915,IE,LE-IE-SYNTH-001,TERMINATED,EMPLOYEE,APPRENTICE,2017-04-28,2026-07-18,M,Engineering,Cork,CC-IE-020
HRIS-WKR-006916,WKR-PUB-006916,IE,LE-IE-SYNTH-001,ACTIVE,EMPLOYEE,PERMANENT,2024-08-26,,M,Operations,Cork,CC-IE-035
HRIS-WKR-006917,WKR-PUB-006917,IE,LE-IE-SYNTH-001,ACTIVE,EMPLOYEE,PERMANENT,2020-06-16,,,Technology,Galway,CC-IE-013
HRIS-WKR-006918,WKR-PUB-006918,IE,LE-IE-SYNTH-001,ACTIVE,EMPLOYEE,PERMANENT,2019-01-15,,F,Finance,Dublin,CC-IE-040
HRIS-WKR-006919,WKR-PUB-006919,IE,LE-IE-SYNTH-001,ACTIVE,EMPLOYEE,PERMANENT,2017-03-08,,F,Engineering,Dublin,CC-IE-029
HRIS-WKR-006920,WKR-PUB-006920,IE,LE-IE-SYNTH-001,ACTIVE,EMPLOYEE,PERMANENT,2014-08-21,,M,Finance,Limerick,CC-IE-024
HRIS-WKR-006921,WKR-PUB-006921,IE,LE-IE-SYNTH-001,ACTIVE,EMPLOYEE,FIXED_TERM,2020-04-11,,M,Technology,Dublin,CC-IE-001
HRIS-WKR-006922,WKR-PUB-006922,IE,LE-IE-SYNTH-001,ACTIVE,EMPLOYEE,FIXED_TERM,2016-06-03,,F,Finance,Remote-IE,CC-IE-037
HRIS-WKR-006923,WKR-PUB-006923,IE,LE-IE-SYNTH-001,ACTIVE,EMPLOYEE,PERMANENT,2014-04-08,,F,Finance,Dublin,CC-IE-027
HRIS-WKR-006924,WKR-PUB-006924,IE,LE-IE-SYNTH-001,ACTIVE,EMPLOYEE,PERMANENT,2018-05-26,,F,Sales,Dublin,CC-IE-016
HRIS-WKR-006925,WKR-PUB-006925,IE,LE-IE-SYNTH-001,ACTIVE,EMPLOYEE,PERMANENT,2014-04-10,,M,People,Dublin,CC-IE-038
HRIS-WKR-006926,WKR-PUB-006926,IE,LE-IE-SYNTH-001,ACTIVE,EMPLOYEE,FIXED_TERM,2021-03-03,,F,Sales,Dublin,CC-IE-014
HRIS-WKR-006927,WKR-PUB-006927,IE,LE-IE-SYNTH-001,ACTIVE,EMPLOYEE,PERMANENT,2023-09-03,,F,Engineering,Galway,CC-IE-009
HRIS-WKR-006928,WKR-PUB-006928,IE,LE-IE-SYNTH-001,ACTIVE,EMPLOYEE,FIXED_TERM,2016-02-17,,M,Sales,Dublin,CC-IE-039
HRIS-WKR-006929,WKR-PUB-006929,IE,LE-IE-SYNTH-001,TERMINATED,EMPLOYEE,FIXED_TERM,2016-07-19,2026-09-07,,Engineering,Dublin,CC-IE-004
HRIS-WKR-006930,WKR-PUB-006930,IE,LE-IE-SYNTH-001,ACTIVE,EMPLOYEE,FIXED_TERM,2020-12-13,,F,Sales,Dublin,CC-IE-007
HRIS-WKR-006931,WKR-PUB-006931,IE,LE-IE-SYNTH-001,ACTIVE,EMPLOYEE,PERMANENT,2024-01-14,,F,Technology,Dublin,CC-IE-013
HRIS-WKR-006932,WKR-PUB-006932,IE,LE-IE-SYNTH-001,ACTIVE,EMPLOYEE,PERMANENT,2018-10-05,,F,Technology,Dublin,CC-IE-011
HRIS-WKR-006933,WKR-PUB-006933,IE,LE-IE-SYNTH-001,ACTIVE,EMPLOYEE,PERMANENT,2020-03-03,,M,Technology,Remote-IE,CC-IE-033
HRIS-WKR-006934,WKR-PUB-006934,IE,LE-IE-SYNTH-001,ACTIVE,EMPLOYEE,PERMANENT,2024-02-03,,,Engineering,Dublin,CC-IE-029
HRIS-WKR-006935,WKR-PUB-006935,IE,LE-IE-SYNTH-001,ACTIVE,EMPLOYEE,PERMANENT,2018-06-29,,M,Operations,Dublin,CC-IE-022
HRIS-WKR-006936,WKR-PUB-006936,IE,LE-IE-SYNTH-001,ACTIVE,EMPLOYEE,FIXED_TERM,2015-12-12,,F,Technology,Cork,CC-IE-002
HRIS-WKR-006937,WKR-PUB-006937,IE,LE-IE-SYNTH-001,ACTIVE,EMPLOYEE,PERMANENT,2015-03-15,,M,Engineering,Dublin,CC-IE-031
HRIS-WKR-006938,WKR-PUB-006938,IE,LE-IE-SYNTH-001,ACTIVE,EMPLOYEE,PERMANENT,2016-07-08,,F,Operations,Dublin,CC-IE-030
HRIS-WKR-006939,WKR-PUB-006939,IE,LE-IE-SYNTH-001,ACTIVE,EMPLOYEE,PERMANENT,2025-07-20,,F,Engineering,Dublin,CC-IE-027
HRIS-WKR-006940,WKR-PUB-006940,IE,LE-IE-SYNTH-001,ACTIVE,EMPLOYEE,PERMANENT,2020-07-21,,M,Sales,Dublin,CC-IE-040
HRIS-WKR-006941,WKR-PUB-006941,IE,LE-IE-SYNTH-001,ACTIVE,EMPLOYEE,PERMANENT,2014-05-21,,F,Engineering,Cork,CC-IE-011
HRIS-WKR-006942,WKR-PUB-006942,IE,LE-IE-SYNTH-001,ACTIVE,EMPLOYEE,PERMANENT,2020-05-21,,M,Technology,Cork,CC-IE-015
HRIS-WKR-006943,WKR-PUB-006943,IE,LE-IE-SYNTH-001,ACTIVE,EMPLOYEE,PERMANENT,2018-03-02,,M,Sales,Dublin,CC-IE-023
HRIS-WKR-006944,WKR-PUB-006944,IE,LE-IE-SYNTH-001,ACTIVE,EMPLOYEE,PERMANENT,2017-06-16,,F,Operations,Dublin,CC-IE-002
HRIS-WKR-006945,WKR-PUB-006945,IE,LE-IE-SYNTH-001,ACTIVE,EMPLOYEE,APPRENTICE,2014-11-17,,M,Sales,Galway,CC-IE-002
HRIS-WKR-006946,WKR-PUB-006946,IE,LE-IE-SYNTH-001,ACTIVE,EMPLOYEE,PERMANENT,2025-01-27,,M,Engineering,Dublin,CC-IE-017
HRIS-WKR-006947,WKR-PUB-006947,IE,LE-IE-SYNTH-001,ACTIVE,EMPLOYEE,PERMANENT,2023-04-25,,F,Engineering,Dublin,CC-IE-024
HRIS-WKR-006948,WKR-PUB-006948,IE,LE-IE-SYNTH-001,ACTIVE,EMPLOYEE,FIXED_TERM,2016-08-31,,F,People,Remote-IE,CC-IE-031
HRIS-WKR-006949,WKR-PUB-006949,IE,LE-IE-SYNTH-001,ACTIVE,EMPLOYEE,APPRENTICE,2019-03-30,,M,Operations,Limerick,CC-IE-026
HRIS-WKR-006950,WKR-PUB-006950,IE,LE-IE-SYNTH-001,ACTIVE,EMPLOYEE,PERMANENT,2022-06-14,,M,People,Dublin,CC-IE-031
HRIS-WKR-006951,WKR-PUB-006951,IE,LE-IE-SYNTH-001,ACTIVE,EMPLOYEE,PERMANENT,2020-07-28,,M,Engineering,Dublin,CC-IE-025
HRIS-WKR-006952,WKR-PUB-006952,IE,LE-IE-SYNTH-001,ACTIVE,EMPLOYEE,PERMANENT,2023-10-17,,F,Technology,Cork,CC-IE-040
HRIS-WKR-006953,WKR-PUB-006953,IE,LE-IE-SYNTH-001,ACTIVE,EMPLOYEE,PERMANENT,2024-07-28,,F,People,Dublin,CC-IE-022
HRIS-WKR-006954,WKR-PUB-006954,IE,LE-IE-SYNTH-001,ACTIVE,EMPLOYEE,PERMANENT,2018-12-24,,,Engineering,Dublin,CC-IE-028
HRIS-WKR-006955,WKR-PUB-006955,IE,LE-IE-SYNTH-001,ACTIVE,EMPLOYEE,PERMANENT,2018-09-23,,M,Engineering,Dublin,CC-IE-030
HRIS-WKR-006956,WKR-PUB-006956,IE,LE-IE-SYNTH-001,TERMINATED,EMPLOYEE,FIXED_TERM,2024-06-21,2026-12-05,M,Operations,Dublin,CC-IE-037
HRIS-WKR-006957,WKR-PUB-006957,IE,LE-IE-SYNTH-001,ACTIVE,EMPLOYEE,PERMANENT,2024-01-27,,F,Operations,Dublin,CC-IE-009
HRIS-WKR-006958,WKR-PUB-006958,IE,LE-IE-SYNTH-001,ACTIVE,EMPLOYEE,PERMANENT,2018-08-28,,F,Finance,Dublin,CC-IE-028
HRIS-WKR-006959,WKR-PUB-006959,IE,LE-IE-SYNTH-001,ACTIVE,EMPLOYEE,PERMANENT,2015-10-26,,F,Operations,Limerick,CC-IE-009
HRIS-WKR-006960,WKR-PUB-006960,IE,LE-IE-SYNTH-001,ACTIVE,EMPLOYEE,PERMANENT,2018-08-22,,M,Sales,Remote-IE,CC-IE-026
HRIS-WKR-006961,WKR-PUB-006961,IE,LE-IE-SYNTH-001,ACTIVE,CONTRACTOR,APPRENTICE,2019-07-30,,M,Operations,Dublin,CC-IE-013
HRIS-WKR-006962,WKR-PUB-006962,IE,LE-IE-SYNTH-001,ACTIVE,EMPLOYEE,PERMANENT,2015-03-02,,F,Engineering,Limerick,CC-IE-001
HRIS-WKR-006963,WKR-PUB-006963,IE,LE-IE-SYNTH-001,ACTIVE,EMPLOYEE,PERMANENT,2016-12-03,,F,Operations,Remote-IE,CC-IE-033
HRIS-WKR-006964,WKR-PUB-006964,IE,LE-IE-SYNTH-001,ACTIVE,EMPLOYEE,PERMANENT,2019-04-13,,M,Engineering,Dublin,CC-IE-039
HRIS-WKR-006965,WKR-PUB-006965,IE,LE-IE-SYNTH-001,ACTIVE,EMPLOYEE,PERMANENT,2018-01-11,,,Engineering,Dublin,CC-IE-035
HRIS-WKR-006966,WKR-PUB-006966,IE,LE-IE-SYNTH-001,ACTIVE,EMPLOYEE,PERMANENT,2021-04-09,,F,Finance,Dublin,CC-IE-030
HRIS-WKR-006967,WKR-PUB-006967,IE,LE-IE-SYNTH-001,ACTIVE,EMPLOYEE,PERMANENT,2015-11-01,,M,Engineering,Dublin,CC-IE-028
HRIS-WKR-006968,WKR-PUB-006968,IE,LE-IE-SYNTH-001,ACTIVE,EMPLOYEE,FIXED_TERM,2018-06-03,,M,Sales,Dublin,CC-IE-010
HRIS-WKR-006969,WKR-PUB-006969,IE,LE-IE-SYNTH-001,ACTIVE,EMPLOYEE,PERMANENT,2021-09-22,,M,Operations,Dublin,CC-IE-019
HRIS-WKR-006970,WKR-PUB-006970,IE,LE-IE-SYNTH-001,ACTIVE,EMPLOYEE,FIXED_TERM,2022-02-02,,F,Sales,Galway,CC-IE-006
HRIS-WKR-006971,WKR-PUB-006971,IE,LE-IE-SYNTH-001,ACTIVE,EMPLOYEE,APPRENTICE,2015-02-14,,M,Operations,Dublin,CC-IE-016
HRIS-WKR-006972,WKR-PUB-006972,IE,LE-IE-SYNTH-001,ACTIVE,EMPLOYEE,PERMANENT,2016-08-05,,F,Engineering,Dublin,CC-IE-010
HRIS-WKR-006973,WKR-PUB-006973,IE,LE-IE-SYNTH-001,ACTIVE,EMPLOYEE,PERMANENT,2015-09-23,,M,Engineering,Dublin,CC-IE-015
HRIS-WKR-006974,WKR-PUB-006974,IE,LE-IE-SYNTH-001,ACTIVE,EMPLOYEE,PERMANENT,2023-11-08,,M,Engineering,Dublin,CC-IE-019
HRIS-WKR-006975,WKR-PUB-006975,IE,LE-IE-SYNTH-001,ACTIVE,EMPLOYEE,PERMANENT,2025-07-01,,F,Finance,Cork,CC-IE-002
HRIS-WKR-006976,WKR-PUB-006976,IE,LE-IE-SYNTH-001,ACTIVE,EMPLOYEE,FIXED_TERM,2023-05-03,,M,Sales,Dublin,CC-IE-018
HRIS-WKR-006977,WKR-PUB-006977,IE,LE-IE-SYNTH-001,ACTIVE,EMPLOYEE,PERMANENT,2014-03-05,,F,Engineering,Galway,CC-IE-032
HRIS-WKR-006978,WKR-PUB-006978,IE,LE-IE-SYNTH-001,ACTIVE,EMPLOYEE,FIXED_TERM,2026-02-17,,M,Operations,Cork,CC-IE-034
HRIS-WKR-006979,WKR-PUB-006979,IE,LE-IE-SYNTH-001,TERMINATED,CONTRACTOR,PERMANENT,2020-10-10,2026-03-01,F,Sales,Dublin,CC-IE-034
HRIS-WKR-006980,WKR-PUB-006980,IE,LE-IE-SYNTH-001,ACTIVE,EMPLOYEE,PERMANENT,2018-10-03,,F,Sales,Galway,CC-IE-030
HRIS-WKR-006981,WKR-PUB-006981,IE,LE-IE-SYNTH-001,ACTIVE,EMPLOYEE,FIXED_TERM,2023-10-07,,F,Finance,Dublin,CC-IE-027
HRIS-WKR-006982,WKR-PUB-006982,IE,LE-IE-SYNTH-001,ACTIVE,EMPLOYEE,PERMANENT,2025-12-08,,M,Engineering,Dublin,CC-IE-004
HRIS-WKR-006983,WKR-PUB-006983,IE,LE-IE-SYNTH-001,ACTIVE,EMPLOYEE,FIXED_TERM,2016-02-10,,F,Technology,Remote-IE,CC-IE-025
HRIS-WKR-006984,WKR-PUB-006984,IE,LE-IE-SYNTH-001,ACTIVE,EMPLOYEE,PERMANENT,2025-06-26,,M,Engineering,Dublin,CC-IE-012
HRIS-WKR-006985,WKR-PUB-006985,IE,LE-IE-SYNTH-001,ACTIVE,EMPLOYEE,FIXED_TERM,2021-01-24,,F,Sales,Remote-IE,CC-IE-029
HRIS-WKR-006986,WKR-PUB-006986,IE,LE-IE-SYNTH-001,ACTIVE,EMPLOYEE,PERMANENT,2014-07-29,,UNDISCLOSED,Finance,Dublin,CC-IE-030
HRIS-WKR-006987,WKR-PUB-006987,IE,LE-IE-SYNTH-001,ACTIVE,EMPLOYEE,PERMANENT,2020-06-29,,M,Operations,Remote-IE,CC-IE-036
HRIS-WKR-006988,WKR-PUB-006988,IE,LE-IE-SYNTH-001,ACTIVE,EMPLOYEE,FIXED_TERM,2023-11-09,,F,Finance,Galway,CC-IE-008
HRIS-WKR-006989,WKR-PUB-006989,IE,LE-IE-SYNTH-001,ACTIVE,EMPLOYEE,PERMANENT,2025-03-01,,F,Engineering,Remote-IE,CC-IE-027
HRIS-WKR-006990,WKR-PUB-006990,IE,LE-IE-SYNTH-001,ACTIVE,EMPLOYEE,FIXED_TERM,2017-05-31,,M,Engineering,Remote-IE,CC-IE-026
HRIS-WKR-006991,WKR-PUB-006991,IE,LE-IE-SYNTH-001,ACTIVE,EMPLOYEE,PERMANENT,2016-10-20,,,Engineering,Dublin,CC-IE-014
HRIS-WKR-006992,WKR-PUB-006992,IE,LE-IE-SYNTH-001,ACTIVE,EMPLOYEE,PERMANENT,2014-02-13,,F,Engineering,Cork,CC-IE-028
HRIS-WKR-006993,WKR-PUB-006993,IE,LE-IE-SYNTH-001,ACTIVE,EMPLOYEE,FIXED_TERM,2016-06-09,,M,Engineering,Galway,CC-IE-031
HRIS-WKR-006994,WKR-PUB-006994,IE,LE-IE-SYNTH-001,ACTIVE,EMPLOYEE,PERMANENT,2015-05-14,,F,Sales,Galway,CC-IE-040
HRIS-WKR-006995,WKR-PUB-006995,IE,LE-IE-SYNTH-001,ACTIVE,EMPLOYEE,PERMANENT,2015-10-03,,M,Technology,Remote-IE,CC-IE-029
HRIS-WKR-006996,WKR-PUB-006996,IE,LE-IE-SYNTH-001,ACTIVE,EMPLOYEE,PERMANENT,2022-10-25,,M,Operations,Dublin,CC-IE-028
HRIS-WKR-006997,WKR-PUB-006997,IE,LE-IE-SYNTH-001,ACTIVE,EMPLOYEE,PERMANENT,2018-11-03,,F,Sales,Remote-IE,CC-IE-002
HRIS-WKR-006998,WKR-PUB-006998,IE,LE-IE-SYNTH-001,ACTIVE,EMPLOYEE,PERMANENT,2014-11-16,,F,Sales,Dublin,CC-IE-024
HRIS-WKR-006999,WKR-PUB-006999,IE,LE-IE-SYNTH-001,ACTIVE,EMPLOYEE,PERMANENT,2026-02-17,,M,Operations,Limerick,CC-IE-037
HRIS-WKR-007000,WKR-PUB-007000,IE,LE-IE-SYNTH-001,ACTIVE,EMPLOYEE,PERMANENT,2014-04-05,,M,Technology,Dublin,CC-IE-014
HRIS-WKR-007001,WKR-PUB-007001,IE,LE-IE-SYNTH-001,ACTIVE,EMPLOYEE,PERMANENT,2015-07-27,,F,Operations,Dublin,CC-IE-031
HRIS-WKR-007002,WKR-PUB-007002,IE,LE-IE-SYNTH-001,ACTIVE,CONTRACTOR,PERMANENT,2021-07-05,,M,Operations,Dublin,CC-IE-026
HRIS-WKR-007003,WKR-PUB-007003,IE,LE-IE-SYNTH-001,ACTIVE,EMPLOYEE,PERMANENT,2019-07-24,,NB,Engineering,Remote-IE,CC-IE-027
HRIS-WKR-007004,WKR-PUB-007004,IE,LE-IE-SYNTH-001,ACTIVE,EMPLOYEE,PERMANENT,2015-11-11,,M,Sales,Dublin,CC-IE-001
HRIS-WKR-007005,WKR-PUB-007005,IE,LE-IE-SYNTH-001,ACTIVE,EMPLOYEE,PERMANENT,2016-09-14,,M,Finance,Dublin,CC-IE-023
HRIS-WKR-007006,WKR-PUB-007006,IE,LE-IE-SYNTH-001,ACTIVE,EMPLOYEE,PERMANENT,2024-10-31,,M,Operations,Dublin,CC-IE-019
HRIS-WKR-007007,WKR-PUB-007007,IE,LE-IE-SYNTH-001,ACTIVE,EMPLOYEE,PERMANENT,2016-10-29,,F,Technology,Remote-IE,CC-IE-017
HRIS-WKR-007008,WKR-PUB-007008,IE,LE-IE-SYNTH-001,ACTIVE,EMPLOYEE,PERMANENT,2023-07-21,,UNDISCLOSED,Sales,Dublin,CC-IE-030
HRIS-WKR-007009,WKR-PUB-007009,IE,LE-IE-SYNTH-001,ACTIVE,EMPLOYEE,PERMANENT,2018-09-15,,M,Technology,Dublin,CC-IE-023
HRIS-WKR-007010,WKR-PUB-007010,IE,LE-IE-SYNTH-001,ACTIVE,EMPLOYEE,PERMANENT,2024-04-19,,M,Operations,Cork,CC-IE-011
HRIS-WKR-007011,WKR-PUB-007011,IE,LE-IE-SYNTH-001,ACTIVE,EMPLOYEE,APPRENTICE,2015-06-22,,M,Sales,Dublin,CC-IE-012
HRIS-WKR-007012,WKR-PUB-007012,IE,LE-IE-SYNTH-001,ACTIVE,EMPLOYEE,PERMANENT,2024-10-30,,M,Sales,Cork,CC-IE-039
HRIS-WKR-007013,WKR-PUB-007013,IE,LE-IE-SYNTH-001,ACTIVE,EMPLOYEE,APPRENTICE,2016-12-15,,M,Engineering,Limerick,CC-IE-007
HRIS-WKR-007014,WKR-PUB-007014,IE,LE-IE-SYNTH-001,ACTIVE,CONTRACTOR,PERMANENT,2014-03-16,,F,Finance,Dublin,CC-IE-040
HRIS-WKR-007015,WKR-PUB-007015,IE,LE-IE-SYNTH-001,TERMINATED,EMPLOYEE,PERMANENT,2015-10-21,2026-11-26,M,Sales,Dublin,CC-IE-004
HRIS-WKR-007016,WKR-PUB-007016,IE,LE-IE-SYNTH-001,ACTIVE,EMPLOYEE,PERMANENT,2018-04-14,,M,Engineering,Dublin,CC-IE-003
HRIS-WKR-007017,WKR-PUB-007017,IE,LE-IE-SYNTH-001,ACTIVE,EMPLOYEE,APPRENTICE,2015-01-28,,M,Sales,Remote-IE,CC-IE-017
HRIS-WKR-007018,WKR-PUB-007018,IE,LE-IE-SYNTH-001,ACTIVE,EMPLOYEE,PERMANENT,2022-09-05,,,Engineering,Cork,CC-IE-035
HRIS-WKR-007019,WKR-PUB-007019,IE,LE-IE-SYNTH-001,ACTIVE,EMPLOYEE,PERMANENT,2015-02-12,,,Operations,Dublin,CC-IE-024
HRIS-WKR-007020,WKR-PUB-007020,IE,LE-IE-SYNTH-001,ACTIVE,EMPLOYEE,FIXED_TERM,2025-06-15,,M,Sales,Dublin,CC-IE-030
HRIS-WKR-007021,WKR-PUB-007021,IE,LE-IE-SYNTH-001,ACTIVE,EMPLOYEE,PERMANENT,2020-04-13,,M,Sales,Dublin,CC-IE-027
HRIS-WKR-007022,WKR-PUB-007022,IE,LE-IE-SYNTH-001,ACTIVE,EMPLOYEE,PERMANENT,2022-03-28,,UNDISCLOSED,Sales,Dublin,CC-IE-033
HRIS-WKR-007023,WKR-PUB-007023,IE,LE-IE-SYNTH-001,ACTIVE,EMPLOYEE,PERMANENT,2025-11-07,,F,Operations,Limerick,CC-IE-014
HRIS-WKR-007024,WKR-PUB-007024,IE,LE-IE-SYNTH-001,ACTIVE,EMPLOYEE,PERMANENT,2019-09-22,,F,Engineering,Dublin,CC-IE-038
HRIS-WKR-007025,WKR-PUB-007025,IE,LE-IE-SYNTH-001,ACTIVE,EMPLOYEE,PERMANENT,2016-01-31,,M,Finance,Dublin,CC-IE-029
HRIS-WKR-007026,WKR-PUB-007026,IE,LE-IE-SYNTH-001,ACTIVE,EMPLOYEE,PERMANENT,2023-09-21,,F,Engineering,Galway,CC-IE-018
HRIS-WKR-007027,WKR-PUB-007027,IE,LE-IE-SYNTH-001,ACTIVE,EMPLOYEE,PERMANENT,2017-09-25,,M,Operations,Dublin,CC-IE-022
HRIS-WKR-007028,WKR-PUB-007028,IE,LE-IE-SYNTH-001,ACTIVE,EMPLOYEE,PERMANENT,2015-07-06,,F,Operations,Remote-IE,CC-IE-028
HRIS-WKR-007029,WKR-PUB-007029,IE,LE-IE-SYNTH-001,ACTIVE,CONTRACTOR,APPRENTICE,2025-02-10,,M,Engineering,Dublin,CC-IE-033
HRIS-WKR-007030,WKR-PUB-007030,IE,LE-IE-SYNTH-001,ACTIVE,EMPLOYEE,PERMANENT,2025-02-12,,M,People,Cork,CC-IE-019
HRIS-WKR-007031,WKR-PUB-007031,IE,LE-IE-SYNTH-001,ACTIVE,EMPLOYEE,PERMANENT,2024-08-17,,M,Operations,Remote-IE,CC-IE-040
HRIS-WKR-007032,WKR-PUB-007032,IE,LE-IE-SYNTH-001,ACTIVE,EMPLOYEE,PERMANENT,2016-12-16,,F,Sales,Dublin,CC-IE-012
HRIS-WKR-007033,WKR-PUB-007033,IE,LE-IE-SYNTH-001,ACTIVE,EMPLOYEE,PERMANENT,2023-06-29,,M,People,Dublin,CC-IE-029
HRIS-WKR-007034,WKR-PUB-007034,IE,LE-IE-SYNTH-001,TERMINATED,EMPLOYEE,FIXED_TERM,2021-07-25,2026-12-30,F,Engineering,Galway,CC-IE-003
HRIS-WKR-007035,WKR-PUB-007035,IE,LE-IE-SYNTH-001,ACTIVE,EMPLOYEE,PERMANENT,2024-04-28,,F,Sales,Dublin,CC-IE-010
HRIS-WKR-007036,WKR-PUB-007036,IE,LE-IE-SYNTH-001,ACTIVE,EMPLOYEE,PERMANENT,2016-01-13,,F,Finance,Dublin,CC-IE-012
HRIS-WKR-007037,WKR-PUB-007037,IE,LE-IE-SYNTH-001,ACTIVE,EMPLOYEE,PERMANENT,2020-05-31,,F,Engineering,Dublin,CC-IE-036
HRIS-WKR-007038,WKR-PUB-007038,IE,LE-IE-SYNTH-001,ACTIVE,EMPLOYEE,PERMANENT,2015-11-21,,F,Engineering,Limerick,CC-IE-011
HRIS-WKR-007039,WKR-PUB-007039,IE,LE-IE-SYNTH-001,ACTIVE,EMPLOYEE,PERMANENT,2015-04-27,,M,Operations,Cork,CC-IE-027
HRIS-WKR-007040,WKR-PUB-007040,IE,LE-IE-SYNTH-001,ACTIVE,EMPLOYEE,PERMANENT,2015-04-10,,M,Finance,Limerick,CC-IE-021
HRIS-WKR-007041,WKR-PUB-007041,IE,LE-IE-SYNTH-001,ACTIVE,EMPLOYEE,APPRENTICE,2017-07-03,,M,Sales,Dublin,CC-IE-029
HRIS-WKR-007042,WKR-PUB-007042,IE,LE-IE-SYNTH-001,ACTIVE,EMPLOYEE,PERMANENT,2023-06-06,,NB,Operations,Dublin,CC-IE-005
HRIS-WKR-007043,WKR-PUB-007043,IE,LE-IE-SYNTH-001,ACTIVE,EMPLOYEE,PERMANENT,2022-01-24,,F,Technology,Dublin,CC-IE-034
HRIS-WKR-007044,WKR-PUB-007044,IE,LE-IE-SYNTH-001,ACTIVE,EMPLOYEE,APPRENTICE,2016-09-12,,M,Finance,Galway,CC-IE-016
HRIS-WKR-007045,WKR-PUB-007045,IE,LE-IE-SYNTH-001,ACTIVE,EMPLOYEE,PERMANENT,2024-09-21,,F,Engineering,Galway,CC-IE-039
HRIS-WKR-007046,WKR-PUB-007046,IE,LE-IE-SYNTH-001,ACTIVE,EMPLOYEE,PERMANENT,2016-11-23,,M,Sales,Dublin,CC-IE-014
HRIS-WKR-007047,WKR-PUB-007047,IE,LE-IE-SYNTH-001,ACTIVE,EMPLOYEE,PERMANENT,2022-07-27,,M,Operations,Cork,CC-IE-021
HRIS-WKR-007048,WKR-PUB-007048,IE,LE-IE-SYNTH-001,ACTIVE,EMPLOYEE,PERMANENT,2024-02-17,,M,Engineering,Dublin,CC-IE-007
HRIS-WKR-007049,WKR-PUB-007049,IE,LE-IE-SYNTH-001,ACTIVE,EMPLOYEE,PERMANENT,2014-12-22,,M,Finance,Cork,CC-IE-017
HRIS-WKR-007050,WKR-PUB-007050,IE,LE-IE-SYNTH-001,ACTIVE,EMPLOYEE,PERMANENT,2019-07-11,,M,Engineering,Dublin,CC-IE-029
HRIS-WKR-007051,WKR-PUB-007051,IE,LE-IE-SYNTH-001,ACTIVE,EMPLOYEE,PERMANENT,2020-10-25,,NB,Finance,Dublin,CC-IE-031
HRIS-WKR-007052,WKR-PUB-007052,IE,LE-IE-SYNTH-001,ACTIVE,EMPLOYEE,PERMANENT,2019-04-11,,M,Sales,Limerick,CC-IE-025
HRIS-WKR-007053,WKR-PUB-007053,IE,LE-IE-SYNTH-001,ACTIVE,EMPLOYEE,FIXED_TERM,2023-07-28,,F,Technology,Remote-IE,CC-IE-029
HRIS-WKR-007054,WKR-PUB-007054,IE,LE-IE-SYNTH-001,ACTIVE,EMPLOYEE,PERMANENT,2021-03-03,,F,Finance,Cork,CC-IE-010
HRIS-WKR-007055,WKR-PUB-007055,IE,LE-IE-SYNTH-001,ACTIVE,EMPLOYEE,PERMANENT,2017-10-04,,F,Engineering,Limerick,CC-IE-026
HRIS-WKR-007056,WKR-PUB-007056,IE,LE-IE-SYNTH-001,ACTIVE,EMPLOYEE,PERMANENT,2016-07-10,,F,Finance,Dublin,CC-IE-010
HRIS-WKR-007057,WKR-PUB-007057,IE,LE-IE-SYNTH-001,ACTIVE,EMPLOYEE,PERMANENT,2015-03-24,,M,Sales,Dublin,CC-IE-037
HRIS-WKR-007058,WKR-PUB-007058,IE,LE-IE-SYNTH-001,ACTIVE,EMPLOYEE,FIXED_TERM,2025-02-27,,M,Sales,Dublin,CC-IE-032
HRIS-WKR-007059,WKR-PUB-007059,IE,LE-IE-SYNTH-001,ACTIVE,EMPLOYEE,PERMANENT,2020-11-17,,F,Engineering,Remote-IE,CC-IE-019
HRIS-WKR-007060,WKR-PUB-007060,IE,LE-IE-SYNTH-001,ACTIVE,EMPLOYEE,PERMANENT,2023-12-28,,M,Operations,Limerick,CC-IE-029
HRIS-WKR-007061,WKR-PUB-007061,IE,LE-IE-SYNTH-001,ACTIVE,EMPLOYEE,PERMANENT,2014-07-13,,M,Engineering,Limerick,CC-IE-002
HRIS-WKR-007062,WKR-PUB-007062,IE,LE-IE-SYNTH-001,ACTIVE,EMPLOYEE,FIXED_TERM,2014-08-05,,M,People,Galway,CC-IE-023
HRIS-WKR-007063,WKR-PUB-007063,IE,LE-IE-SYNTH-001,ACTIVE,EMPLOYEE,PERMANENT,2016-11-24,,M,Sales,Dublin,CC-IE-001
HRIS-WKR-007064,WKR-PUB-007064,IE,LE-IE-SYNTH-001,ACTIVE,EMPLOYEE,PERMANENT,2015-06-12,,F,Operations,Dublin,CC-IE-002
HRIS-WKR-007065,WKR-PUB-007065,IE,LE-IE-SYNTH-001,ACTIVE,EMPLOYEE,PERMANENT,2021-06-25,,F,Engineering,Limerick,CC-IE-017
HRIS-WKR-007066,WKR-PUB-007066,IE,LE-IE-SYNTH-001,ACTIVE,EMPLOYEE,PERMANENT,2015-05-05,,M,Technology,Dublin,CC-IE-026
HRIS-WKR-007067,WKR-PUB-007067,IE,LE-IE-SYNTH-001,ACTIVE,EMPLOYEE,PERMANENT,2023-10-23,,F,Operations,Galway,CC-IE-002
HRIS-WKR-007068,WKR-PUB-007068,IE,LE-IE-SYNTH-001,ACTIVE,EMPLOYEE,FIXED_TERM,2015-09-17,,M,Operations,Dublin,CC-IE-015
HRIS-WKR-007069,WKR-PUB-007069,IE,LE-IE-SYNTH-001,ACTIVE,EMPLOYEE,PERMANENT,2022-09-07,,,People,Remote-IE,CC-IE-017
HRIS-WKR-007070,WKR-PUB-007070,IE,LE-IE-SYNTH-001,ACTIVE,CONTRACTOR,FIXED_TERM,2018-04-04,,F,People,Dublin,CC-IE-024
HRIS-WKR-007071,WKR-PUB-007071,IE,LE-IE-SYNTH-001,ACTIVE,EMPLOYEE,PERMANENT,2017-08-27,,M,Engineering,Galway,CC-IE-040
HRIS-WKR-007072,WKR-PUB-007072,IE,LE-IE-SYNTH-001,ACTIVE,EMPLOYEE,PERMANENT,2020-04-06,,M,Sales,Dublin,CC-IE-032
HRIS-WKR-007073,WKR-PUB-007073,IE,LE-IE-SYNTH-001,ACTIVE,EMPLOYEE,PERMANENT,2023-07-07,,F,Engineering,Galway,CC-IE-024
HRIS-WKR-007074,WKR-PUB-007074,IE,LE-IE-SYNTH-001,ACTIVE,EMPLOYEE,FIXED_TERM,2026-01-09,,F,Engineering,Remote-IE,CC-IE-039
HRIS-WKR-007075,WKR-PUB-007075,IE,LE-IE-SYNTH-001,TERMINATED,EMPLOYEE,PERMANENT,2023-03-14,2026-09-01,M,Operations,Dublin,CC-IE-039
HRIS-WKR-007076,WKR-PUB-007076,IE,LE-IE-SYNTH-001,ACTIVE,EMPLOYEE,PERMANENT,2025-03-04,,M,Sales,Remote-IE,CC-IE-033
HRIS-WKR-007077,WKR-PUB-007077,IE,LE-IE-SYNTH-001,ACTIVE,CONTRACTOR,PERMANENT,2022-07-18,,M,Sales,Dublin,CC-IE-009
HRIS-WKR-007078,WKR-PUB-007078,IE,LE-IE-SYNTH-001,ACTIVE,EMPLOYEE,PERMANENT,2019-03-25,,F,Engineering,Dublin,CC-IE-003
HRIS-WKR-007079,WKR-PUB-007079,IE,LE-IE-SYNTH-001,ACTIVE,EMPLOYEE,PERMANENT,2014-01-01,,M,Engineering,Remote-IE,CC-IE-004
HRIS-WKR-007080,WKR-PUB-007080,IE,LE-IE-SYNTH-001,ACTIVE,EMPLOYEE,PERMANENT,2014-03-14,,F,Sales,Dublin,CC-IE-035
HRIS-WKR-007081,WKR-PUB-007081,IE,LE-IE-SYNTH-001,ACTIVE,EMPLOYEE,PERMANENT,2020-08-22,,F,Engineering,Remote-IE,CC-IE-012
HRIS-WKR-007082,WKR-PUB-007082,IE,LE-IE-SYNTH-001,ACTIVE,EMPLOYEE,FIXED_TERM,2015-02-05,,F,Sales,Dublin,CC-IE-030
HRIS-WKR-007083,WKR-PUB-007083,IE,LE-IE-SYNTH-001,ACTIVE,EMPLOYEE,PERMANENT,2020-07-16,,M,Sales,Cork,CC-IE-035
HRIS-WKR-007084,WKR-PUB-007084,IE,LE-IE-SYNTH-001,ACTIVE,EMPLOYEE,FIXED_TERM,2017-11-25,,F,Engineering,Dublin,CC-IE-008
HRIS-WKR-007085,WKR-PUB-007085,IE,LE-IE-SYNTH-001,TERMINATED,EMPLOYEE,PERMANENT,2024-07-26,2026-02-12,M,Sales,Dublin,CC-IE-008
HRIS-WKR-007086,WKR-PUB-007086,IE,LE-IE-SYNTH-001,ACTIVE,EMPLOYEE,PERMANENT,2014-02-25,,F,Sales,Limerick,CC-IE-019
HRIS-WKR-007087,WKR-PUB-007087,IE,LE-IE-SYNTH-001,TERMINATED,EMPLOYEE,FIXED_TERM,2017-09-02,2026-10-26,F,Finance,Dublin,CC-IE-038
HRIS-WKR-007088,WKR-PUB-007088,IE,LE-IE-SYNTH-001,ACTIVE,EMPLOYEE,PERMANENT,2019-01-03,,F,Technology,Dublin,CC-IE-001
HRIS-WKR-007089,WKR-PUB-007089,IE,LE-IE-SYNTH-001,ACTIVE,EMPLOYEE,PERMANENT,2014-05-04,,F,Engineering,Dublin,CC-IE-006
HRIS-WKR-007090,WKR-PUB-007090,IE,LE-IE-SYNTH-001,ACTIVE,EMPLOYEE,PERMANENT,2024-02-24,,F,Engineering,Dublin,CC-IE-019
HRIS-WKR-007091,WKR-PUB-007091,IE,LE-IE-SYNTH-001,ACTIVE,CONTRACTOR,PERMANENT,2015-11-04,,F,Finance,Dublin,CC-IE-025
HRIS-WKR-007092,WKR-PUB-007092,IE,LE-IE-SYNTH-001,ACTIVE,EMPLOYEE,PERMANENT,2015-10-03,,M,Finance,Dublin,CC-IE-040
HRIS-WKR-007093,WKR-PUB-007093,IE,LE-IE-SYNTH-001,ACTIVE,EMPLOYEE,FIXED_TERM,2017-08-29,,F,Engineering,Cork,CC-IE-008
HRIS-WKR-007094,WKR-PUB-007094,IE,LE-IE-SYNTH-001,ACTIVE,EMPLOYEE,PERMANENT,2021-12-05,,F,Finance,Dublin,CC-IE-013
HRIS-WKR-007095,WKR-PUB-007095,IE,LE-IE-SYNTH-001,ACTIVE,EMPLOYEE,PERMANENT,2021-04-04,,F,Operations,Galway,CC-IE-034
HRIS-WKR-007096,WKR-PUB-007096,IE,LE-IE-SYNTH-001,ACTIVE,EMPLOYEE,PERMANENT,2017-03-16,,F,Sales,Cork,CC-IE-018
HRIS-WKR-007097,WKR-PUB-007097,IE,LE-IE-SYNTH-001,ACTIVE,EMPLOYEE,FIXED_TERM,2017-03-29,,M,Finance,Cork,CC-IE-030
HRIS-WKR-007098,WKR-PUB-007098,IE,LE-IE-SYNTH-001,TERMINATED,CONTRACTOR,PERMANENT,2018-12-01,2026-05-09,F,Technology,Dublin,CC-IE-027
HRIS-WKR-007099,WKR-PUB-007099,IE,LE-IE-SYNTH-001,ACTIVE,EMPLOYEE,PERMANENT,2023-06-21,,M,Engineering,Limerick,CC-IE-036
HRIS-WKR-007100,WKR-PUB-007100,IE,LE-IE-SYNTH-001,ACTIVE,EMPLOYEE,PERMANENT,2025-01-08,,M,Engineering,Limerick,CC-IE-022
HRIS-WKR-007101,WKR-PUB-007101,IE,LE-IE-SYNTH-001,ACTIVE,EMPLOYEE,APPRENTICE,2023-09-23,,M,Engineering,Dublin,CC-IE-005
HRIS-WKR-007102,WKR-PUB-007102,IE,LE-IE-SYNTH-001,TERMINATED,EMPLOYEE,PERMANENT,2024-09-17,2026-04-02,F,Engineering,Limerick,CC-IE-017
HRIS-WKR-007103,WKR-PUB-007103,IE,LE-IE-SYNTH-001,ACTIVE,EMPLOYEE,PERMANENT,2022-07-29,,M,Engineering,Dublin,CC-IE-012
HRIS-WKR-007104,WKR-PUB-007104,IE,LE-IE-SYNTH-001,ACTIVE,EMPLOYEE,PERMANENT,2020-07-04,,M,Operations,Dublin,CC-IE-024
HRIS-WKR-007105,WKR-PUB-007105,IE,LE-IE-SYNTH-001,ACTIVE,EMPLOYEE,FIXED_TERM,2025-05-11,,F,Sales,Dublin,CC-IE-025
HRIS-WKR-007106,WKR-PUB-007106,IE,LE-IE-SYNTH-001,ACTIVE,EMPLOYEE,FIXED_TERM,2019-05-16,,M,People,Dublin,CC-IE-028
HRIS-WKR-007107,WKR-PUB-007107,IE,LE-IE-SYNTH-001,ACTIVE,EMPLOYEE,PERMANENT,2016-12-18,,M,People,Remote-IE,CC-IE-039
HRIS-WKR-007108,WKR-PUB-007108,IE,LE-IE-SYNTH-001,ACTIVE,EMPLOYEE,PERMANENT,2026-02-16,,M,Sales,Dublin,CC-IE-040
HRIS-WKR-007109,WKR-PUB-007109,IE,LE-IE-SYNTH-001,ACTIVE,EMPLOYEE,FIXED_TERM,2025-01-05,,F,Sales,Limerick,CC-IE-030
HRIS-WKR-007110,WKR-PUB-007110,IE,LE-IE-SYNTH-001,ACTIVE,EMPLOYEE,PERMANENT,2024-09-21,,M,Operations,Dublin,CC-IE-014
HRIS-WKR-007111,WKR-PUB-007111,IE,LE-IE-SYNTH-001,ACTIVE,EMPLOYEE,PERMANENT,2018-03-22,,F,Sales,Limerick,CC-IE-001
HRIS-WKR-007112,WKR-PUB-007112,IE,LE-IE-SYNTH-001,ACTIVE,EMPLOYEE,PERMANENT,2025-09-08,,F,Sales,Dublin,CC-IE-021
HRIS-WKR-007113,WKR-PUB-007113,IE,LE-IE-SYNTH-001,ACTIVE,EMPLOYEE,FIXED_TERM,2023-04-18,,M,Technology,Remote-IE,CC-IE-015
HRIS-WKR-007114,WKR-PUB-007114,IE,LE-IE-SYNTH-001,ACTIVE,EMPLOYEE,PERMANENT,2023-07-24,,F,Technology,Dublin,CC-IE-022
HRIS-WKR-007115,WKR-PUB-007115,IE,LE-IE-SYNTH-001,ACTIVE,EMPLOYEE,PERMANENT,2020-10-24,,M,Operations,Limerick,CC-IE-027
HRIS-WKR-007116,WKR-PUB-007116,IE,LE-IE-SYNTH-001,ACTIVE,EMPLOYEE,PERMANENT,2015-06-07,,F,Operations,Dublin,CC-IE-014
HRIS-WKR-007117,WKR-PUB-007117,IE,LE-IE-SYNTH-001,ACTIVE,EMPLOYEE,PERMANENT,2020-08-17,,F,Sales,Dublin,CC-IE-003
HRIS-WKR-007118,WKR-PUB-007118,IE,LE-IE-SYNTH-001,ACTIVE,EMPLOYEE,FIXED_TERM,2017-01-26,,M,People,Dublin,CC-IE-023
HRIS-WKR-007119,WKR-PUB-007119,IE,LE-IE-SYNTH-001,ACTIVE,EMPLOYEE,PERMANENT,2019-06-28,,M,Operations,Dublin,CC-IE-009
HRIS-WKR-007120,WKR-PUB-007120,IE,LE-IE-SYNTH-001,ACTIVE,EMPLOYEE,PERMANENT,2017-02-05,,M,Operations,Remote-IE,CC-IE-007
HRIS-WKR-007121,WKR-PUB-007121,IE,LE-IE-SYNTH-001,ACTIVE,EMPLOYEE,APPRENTICE,2023-11-01,,F,People,Dublin,CC-IE-007
HRIS-WKR-007122,WKR-PUB-007122,IE,LE-IE-SYNTH-001,ACTIVE,EMPLOYEE,PERMANENT,2021-03-18,,F,Finance,Cork,CC-IE-021
HRIS-WKR-007123,WKR-PUB-007123,IE,LE-IE-SYNTH-001,ACTIVE,EMPLOYEE,PERMANENT,2021-09-24,,F,Finance,Dublin,CC-IE-004
HRIS-WKR-007124,WKR-PUB-007124,IE,LE-IE-SYNTH-001,ACTIVE,EMPLOYEE,PERMANENT,2017-05-18,,M,Technology,Cork,CC-IE-013
HRIS-WKR-007125,WKR-PUB-007125,IE,LE-IE-SYNTH-001,ACTIVE,EMPLOYEE,PERMANENT,2021-03-18,,M,Sales,Cork,CC-IE-017
HRIS-WKR-007126,WKR-PUB-007126,IE,LE-IE-SYNTH-001,ACTIVE,EMPLOYEE,PERMANENT,2014-09-23,,F,Sales,Dublin,CC-IE-003
HRIS-WKR-007127,WKR-PUB-007127,IE,LE-IE-SYNTH-001,ACTIVE,EMPLOYEE,FIXED_TERM,2015-07-09,,M,Finance,Remote-IE,CC-IE-016
HRIS-WKR-007128,WKR-PUB-007128,IE,LE-IE-SYNTH-001,ACTIVE,EMPLOYEE,PERMANENT,2020-05-03,,F,Operations,Dublin,CC-IE-025
HRIS-WKR-007129,WKR-PUB-007129,IE,LE-IE-SYNTH-001,ACTIVE,EMPLOYEE,PERMANENT,2014-08-07,,F,Operations,Limerick,CC-IE-002
HRIS-WKR-007130,WKR-PUB-007130,IE,LE-IE-SYNTH-001,ACTIVE,EMPLOYEE,PERMANENT,2025-08-11,,M,Sales,Dublin,CC-IE-024
HRIS-WKR-007131,WKR-PUB-007131,IE,LE-IE-SYNTH-001,ACTIVE,EMPLOYEE,PERMANENT,2023-08-31,,M,Sales,Dublin,CC-IE-013
HRIS-WKR-007132,WKR-PUB-007132,IE,LE-IE-SYNTH-001,ACTIVE,EMPLOYEE,FIXED_TERM,2015-07-28,,M,People,Dublin,CC-IE-040
HRIS-WKR-007133,WKR-PUB-007133,IE,LE-IE-SYNTH-001,ACTIVE,EMPLOYEE,PERMANENT,2019-07-31,,M,Finance,Remote-IE,CC-IE-005
HRIS-WKR-007134,WKR-PUB-007134,IE,LE-IE-SYNTH-001,ACTIVE,EMPLOYEE,PERMANENT,2026-01-28,,M,People,Dublin,CC-IE-024
HRIS-WKR-007135,WKR-PUB-007135,IE,LE-IE-SYNTH-001,ACTIVE,EMPLOYEE,PERMANENT,2018-04-07,,UNDISCLOSED,Sales,Galway,CC-IE-024
HRIS-WKR-007136,WKR-PUB-007136,IE,LE-IE-SYNTH-001,ACTIVE,CONTRACTOR,FIXED_TERM,2018-06-18,,F,Engineering,Dublin,CC-IE-011
HRIS-WKR-007137,WKR-PUB-007137,IE,LE-IE-SYNTH-001,ACTIVE,EMPLOYEE,PERMANENT,2026-02-18,,M,Technology,Dublin,CC-IE-002
HRIS-WKR-007138,WKR-PUB-007138,IE,LE-IE-SYNTH-001,ACTIVE,EMPLOYEE,PERMANENT,2017-06-26,,M,Sales,Limerick,CC-IE-001
HRIS-WKR-007139,WKR-PUB-007139,IE,LE-IE-SYNTH-001,ACTIVE,EMPLOYEE,APPRENTICE,2015-06-27,,M,Operations,Dublin,CC-IE-036
HRIS-WKR-007140,WKR-PUB-007140,IE,LE-IE-SYNTH-001,ACTIVE,EMPLOYEE,PERMANENT,2016-07-13,,M,Sales,Galway,CC-IE-032
HRIS-WKR-007141,WKR-PUB-007141,IE,LE-IE-SYNTH-001,ACTIVE,EMPLOYEE,PERMANENT,2019-06-16,,F,Operations,Dublin,CC-IE-007
HRIS-WKR-007142,WKR-PUB-007142,IE,LE-IE-SYNTH-001,ACTIVE,EMPLOYEE,PERMANENT,2014-01-02,,F,People,Dublin,CC-IE-006
HRIS-WKR-007143,WKR-PUB-007143,IE,LE-IE-SYNTH-001,ACTIVE,EMPLOYEE,FIXED_TERM,2017-03-29,,M,Engineering,Cork,CC-IE-037
HRIS-WKR-007144,WKR-PUB-007144,IE,LE-IE-SYNTH-001,ACTIVE,EMPLOYEE,PERMANENT,2022-09-15,,,Sales,Limerick,CC-IE-026
HRIS-WKR-007145,WKR-PUB-007145,IE,LE-IE-SYNTH-001,ACTIVE,CONTRACTOR,FIXED_TERM,2015-09-15,,F,Operations,Dublin,CC-IE-027
HRIS-WKR-007146,WKR-PUB-007146,IE,LE-IE-SYNTH-001,ACTIVE,EMPLOYEE,PERMANENT,2025-03-20,,M,Technology,Dublin,CC-IE-027
HRIS-WKR-007147,WKR-PUB-007147,IE,LE-IE-SYNTH-001,ACTIVE,EMPLOYEE,PERMANENT,2014-12-12,,M,Operations,Cork,CC-IE-033
HRIS-WKR-007148,WKR-PUB-007148,IE,LE-IE-SYNTH-001,ACTIVE,EMPLOYEE,PERMANENT,2016-12-11,,F,Engineering,Dublin,CC-IE-032
HRIS-WKR-007149,WKR-PUB-007149,IE,LE-IE-SYNTH-001,ACTIVE,EMPLOYEE,FIXED_TERM,2025-09-15,,M,Engineering,Dublin,CC-IE-022
HRIS-WKR-007150,WKR-PUB-007150,IE,LE-IE-SYNTH-001,ACTIVE,EMPLOYEE,PERMANENT,2021-11-01,,M,Technology,Cork,CC-IE-037
HRIS-WKR-007151,WKR-PUB-007151,IE,LE-IE-SYNTH-001,ACTIVE,EMPLOYEE,FIXED_TERM,2023-07-15,,M,Operations,Dublin,CC-IE-029
HRIS-WKR-007152,WKR-PUB-007152,IE,LE-IE-SYNTH-001,ACTIVE,EMPLOYEE,PERMANENT,2023-07-16,,NB,Operations,Cork,CC-IE-016
HRIS-WKR-007153,WKR-PUB-007153,IE,LE-IE-SYNTH-001,ACTIVE,EMPLOYEE,PERMANENT,2017-07-17,,F,Sales,Dublin,CC-IE-030
HRIS-WKR-007154,WKR-PUB-007154,IE,LE-IE-SYNTH-001,ACTIVE,CONTRACTOR,PERMANENT,2020-11-09,,M,Operations,Dublin,CC-IE-004
HRIS-WKR-007155,WKR-PUB-007155,IE,LE-IE-SYNTH-001,ACTIVE,EMPLOYEE,PERMANENT,2022-10-18,,F,Engineering,Cork,CC-IE-033
HRIS-WKR-007156,WKR-PUB-007156,IE,LE-IE-SYNTH-001,ACTIVE,CONTRACTOR,PERMANENT,2023-11-18,,F,Engineering,Galway,CC-IE-009
HRIS-WKR-007157,WKR-PUB-007157,IE,LE-IE-SYNTH-001,ACTIVE,EMPLOYEE,FIXED_TERM,2019-03-14,,F,Operations,Dublin,CC-IE-028
HRIS-WKR-007158,WKR-PUB-007158,IE,LE-IE-SYNTH-001,ACTIVE,EMPLOYEE,PERMANENT,2020-08-21,,M,Sales,Dublin,CC-IE-011
HRIS-WKR-007159,WKR-PUB-007159,IE,LE-IE-SYNTH-001,ACTIVE,EMPLOYEE,PERMANENT,2018-10-06,,F,Operations,Remote-IE,CC-IE-040
HRIS-WKR-007160,WKR-PUB-007160,IE,LE-IE-SYNTH-001,ACTIVE,EMPLOYEE,FIXED_TERM,2025-11-15,,F,Sales,Limerick,CC-IE-009
HRIS-WKR-007161,WKR-PUB-007161,IE,LE-IE-SYNTH-001,ACTIVE,EMPLOYEE,PERMANENT,2014-06-22,,M,Engineering,Cork,CC-IE-001
HRIS-WKR-007162,WKR-PUB-007162,IE,LE-IE-SYNTH-001,ACTIVE,EMPLOYEE,PERMANENT,2016-05-14,,M,Sales,Dublin,CC-IE-005
HRIS-WKR-007163,WKR-PUB-007163,IE,LE-IE-SYNTH-001,ACTIVE,EMPLOYEE,FIXED_TERM,2014-02-23,,M,Engineering,Remote-IE,CC-IE-022
HRIS-WKR-007164,WKR-PUB-007164,IE,LE-IE-SYNTH-001,ACTIVE,EMPLOYEE,PERMANENT,2017-09-22,,F,Sales,Dublin,CC-IE-032
HRIS-WKR-007165,WKR-PUB-007165,IE,LE-IE-SYNTH-001,ACTIVE,EMPLOYEE,PERMANENT,2023-10-25,,,Engineering,Dublin,CC-IE-011
HRIS-WKR-007166,WKR-PUB-007166,IE,LE-IE-SYNTH-001,ACTIVE,CONTRACTOR,PERMANENT,2023-09-17,,M,Engineering,Dublin,CC-IE-008
HRIS-WKR-007167,WKR-PUB-007167,IE,LE-IE-SYNTH-001,ACTIVE,EMPLOYEE,APPRENTICE,2022-09-12,,F,Operations,Dublin,CC-IE-023
HRIS-WKR-007168,WKR-PUB-007168,IE,LE-IE-SYNTH-001,ACTIVE,EMPLOYEE,PERMANENT,2016-05-21,,F,Sales,Dublin,CC-IE-040
HRIS-WKR-007169,WKR-PUB-007169,IE,LE-IE-SYNTH-001,ACTIVE,EMPLOYEE,PERMANENT,2022-07-07,,F,Finance,Galway,CC-IE-020
HRIS-WKR-007170,WKR-PUB-007170,IE,LE-IE-SYNTH-001,ACTIVE,EMPLOYEE,PERMANENT,2022-11-30,,M,People,Dublin,CC-IE-020
HRIS-WKR-007171,WKR-PUB-007171,IE,LE-IE-SYNTH-001,TERMINATED,CONTRACTOR,PERMANENT,2015-01-22,2026-03-20,M,Technology,Dublin,CC-IE-008
HRIS-WKR-007172,WKR-PUB-007172,IE,LE-IE-SYNTH-001,ACTIVE,EMPLOYEE,PERMANENT,2021-11-05,,F,Sales,Galway,CC-IE-009
HRIS-WKR-007173,WKR-PUB-007173,IE,LE-IE-SYNTH-001,ACTIVE,EMPLOYEE,PERMANENT,2014-07-11,,F,Operations,Cork,CC-IE-033
HRIS-WKR-007174,WKR-PUB-007174,IE,LE-IE-SYNTH-001,TERMINATED,EMPLOYEE,PERMANENT,2022-11-15,2026-05-18,M,Operations,Dublin,CC-IE-033
HRIS-WKR-007175,WKR-PUB-007175,IE,LE-IE-SYNTH-001,ACTIVE,EMPLOYEE,FIXED_TERM,2018-04-20,,F,Finance,Remote-IE,CC-IE-007
HRIS-WKR-007176,WKR-PUB-007176,IE,LE-IE-SYNTH-001,ACTIVE,EMPLOYEE,PERMANENT,2015-04-29,,F,Operations,Dublin,CC-IE-005
HRIS-WKR-007177,WKR-PUB-007177,IE,LE-IE-SYNTH-001,ACTIVE,EMPLOYEE,PERMANENT,2021-11-03,,F,Operations,Dublin,CC-IE-027
HRIS-WKR-007178,WKR-PUB-007178,IE,LE-IE-SYNTH-001,ACTIVE,EMPLOYEE,PERMANENT,2018-03-26,,M,Sales,Remote-IE,CC-IE-019
HRIS-WKR-007179,WKR-PUB-007179,IE,LE-IE-SYNTH-001,ACTIVE,EMPLOYEE,PERMANENT,2021-07-09,,F,Sales,Cork,CC-IE-008
HRIS-WKR-007180,WKR-PUB-007180,IE,LE-IE-SYNTH-001,ACTIVE,EMPLOYEE,PERMANENT,2023-05-15,,F,Sales,Dublin,CC-IE-023
HRIS-WKR-007181,WKR-PUB-007181,IE,LE-IE-SYNTH-001,ACTIVE,EMPLOYEE,PERMANENT,2015-10-01,,F,People,Dublin,CC-IE-034
HRIS-WKR-007182,WKR-PUB-007182,IE,LE-IE-SYNTH-001,ACTIVE,EMPLOYEE,PERMANENT,2023-02-02,,M,Finance,Dublin,CC-IE-005
HRIS-WKR-007183,WKR-PUB-007183,IE,LE-IE-SYNTH-001,ACTIVE,EMPLOYEE,PERMANENT,2018-04-13,,M,Operations,Cork,CC-IE-037
HRIS-WKR-007184,WKR-PUB-007184,IE,LE-IE-SYNTH-001,ACTIVE,EMPLOYEE,PERMANENT,2015-05-16,,F,Operations,Limerick,CC-IE-010
HRIS-WKR-007185,WKR-PUB-007185,IE,LE-IE-SYNTH-001,ACTIVE,EMPLOYEE,PERMANENT,2020-11-17,,M,Finance,Limerick,CC-IE-006
HRIS-WKR-007186,WKR-PUB-007186,IE,LE-IE-SYNTH-001,ACTIVE,EMPLOYEE,PERMANENT,2023-10-26,,M,Finance,Galway,CC-IE-022
HRIS-WKR-007187,WKR-PUB-007187,IE,LE-IE-SYNTH-001,TERMINATED,EMPLOYEE,PERMANENT,2018-09-16,2026-02-18,F,People,Dublin,CC-IE-027
HRIS-WKR-007188,WKR-PUB-007188,IE,LE-IE-SYNTH-001,TERMINATED,EMPLOYEE,FIXED_TERM,2019-06-03,2026-03-23,M,Operations,Galway,CC-IE-002
HRIS-WKR-007189,WKR-PUB-007189,IE,LE-IE-SYNTH-001,TERMINATED,EMPLOYEE,FIXED_TERM,2021-02-01,2026-05-28,M,Engineering,Cork,CC-IE-022
HRIS-WKR-007190,WKR-PUB-007190,IE,LE-IE-SYNTH-001,ACTIVE,EMPLOYEE,APPRENTICE,2018-01-20,,F,Sales,Dublin,CC-IE-035
HRIS-WKR-007191,WKR-PUB-007191,IE,LE-IE-SYNTH-001,ACTIVE,EMPLOYEE,PERMANENT,2014-12-16,,F,People,Cork,CC-IE-035
HRIS-WKR-007192,WKR-PUB-007192,IE,LE-IE-SYNTH-001,ACTIVE,EMPLOYEE,PERMANENT,2025-03-29,,M,Sales,Dublin,CC-IE-022
HRIS-WKR-007193,WKR-PUB-007193,IE,LE-IE-SYNTH-001,ACTIVE,EMPLOYEE,PERMANENT,2015-05-10,,M,Sales,Dublin,CC-IE-019
HRIS-WKR-007194,WKR-PUB-007194,IE,LE-IE-SYNTH-001,ACTIVE,EMPLOYEE,PERMANENT,2020-11-25,,F,Engineering,Cork,CC-IE-006
HRIS-WKR-007195,WKR-PUB-007195,IE,LE-IE-SYNTH-001,ACTIVE,EMPLOYEE,PERMANENT,2022-12-31,,F,Sales,Cork,CC-IE-020
HRIS-WKR-007196,WKR-PUB-007196,IE,LE-IE-SYNTH-001,ACTIVE,EMPLOYEE,PERMANENT,2019-11-01,,F,Sales,Dublin,CC-IE-030
HRIS-WKR-007197,WKR-PUB-007197,IE,LE-IE-SYNTH-001,ACTIVE,EMPLOYEE,FIXED_TERM,2020-06-21,,UNDISCLOSED,Engineering,Dublin,CC-IE-029
HRIS-WKR-007198,WKR-PUB-007198,IE,LE-IE-SYNTH-001,ACTIVE,EMPLOYEE,FIXED_TERM,2024-02-06,,M,Engineering,Dublin,CC-IE-006
HRIS-WKR-007199,WKR-PUB-007199,IE,LE-IE-SYNTH-001,ACTIVE,EMPLOYEE,PERMANENT,2025-12-22,,F,People,Dublin,CC-IE-032
HRIS-WKR-007200,WKR-PUB-007200,IE,LE-IE-SYNTH-001,ACTIVE,EMPLOYEE,PERMANENT,2021-07-24,,F,Operations,Dublin,CC-IE-033
HRIS-WKR-007201,WKR-PUB-007201,IE,LE-IE-SYNTH-001,ACTIVE,EMPLOYEE,FIXED_TERM,2018-06-14,,NB,Engineering,Dublin,CC-IE-002
HRIS-WKR-007202,WKR-PUB-007202,IE,LE-IE-SYNTH-001,ACTIVE,EMPLOYEE,PERMANENT,2024-07-14,,M,Engineering,Dublin,CC-IE-004
HRIS-WKR-007203,WKR-PUB-007203,IE,LE-IE-SYNTH-001,ACTIVE,EMPLOYEE,PERMANENT,2015-06-04,,F,Engineering,Dublin,CC-IE-006
HRIS-WKR-007204,WKR-PUB-007204,IE,LE-IE-SYNTH-001,ACTIVE,EMPLOYEE,PERMANENT,2015-08-12,,F,Operations,Remote-IE,CC-IE-033
HRIS-WKR-007205,WKR-PUB-007205,IE,LE-IE-SYNTH-001,ACTIVE,EMPLOYEE,PERMANENT,2022-10-10,,F,Finance,Dublin,CC-IE-007
HRIS-WKR-007206,WKR-PUB-007206,IE,LE-IE-SYNTH-001,ACTIVE,EMPLOYEE,PERMANENT,2014-02-01,,,Finance,Dublin,CC-IE-004
HRIS-WKR-007207,WKR-PUB-007207,IE,LE-IE-SYNTH-001,ACTIVE,EMPLOYEE,PERMANENT,2019-07-08,,,People,Dublin,CC-IE-009
HRIS-WKR-007208,WKR-PUB-007208,IE,LE-IE-SYNTH-001,ACTIVE,EMPLOYEE,PERMANENT,2019-06-04,,F,People,Dublin,CC-IE-037
HRIS-WKR-007209,WKR-PUB-007209,IE,LE-IE-SYNTH-001,ACTIVE,EMPLOYEE,PERMANENT,2017-07-15,,F,Sales,Dublin,CC-IE-006
HRIS-WKR-007210,WKR-PUB-007210,IE,LE-IE-SYNTH-001,ACTIVE,EMPLOYEE,PERMANENT,2021-01-02,,F,Engineering,Remote-IE,CC-IE-015
HRIS-WKR-007211,WKR-PUB-007211,IE,LE-IE-SYNTH-001,ACTIVE,EMPLOYEE,FIXED_TERM,2025-02-09,,F,Operations,Dublin,CC-IE-030
HRIS-WKR-007212,WKR-PUB-007212,IE,LE-IE-SYNTH-001,ACTIVE,EMPLOYEE,PERMANENT,2017-03-22,,M,Engineering,Dublin,CC-IE-017
HRIS-WKR-007213,WKR-PUB-007213,IE,LE-IE-SYNTH-001,ACTIVE,EMPLOYEE,PERMANENT,2022-01-11,,M,Operations,Dublin,CC-IE-016
HRIS-WKR-007214,WKR-PUB-007214,IE,LE-IE-SYNTH-001,ACTIVE,CONTRACTOR,PERMANENT,2015-07-26,,M,Operations,Limerick,CC-IE-031
HRIS-WKR-007215,WKR-PUB-007215,IE,LE-IE-SYNTH-001,TERMINATED,EMPLOYEE,PERMANENT,2018-03-05,2026-06-18,M,Finance,Dublin,CC-IE-035
HRIS-WKR-007216,WKR-PUB-007216,IE,LE-IE-SYNTH-001,TERMINATED,EMPLOYEE,FIXED_TERM,2015-05-26,2026-07-09,F,Engineering,Galway,CC-IE-036
HRIS-WKR-007217,WKR-PUB-007217,IE,LE-IE-SYNTH-001,ACTIVE,CONTRACTOR,PERMANENT,2015-04-01,,M,Technology,Dublin,CC-IE-027
HRIS-WKR-007218,WKR-PUB-007218,IE,LE-IE-SYNTH-001,ACTIVE,EMPLOYEE,FIXED_TERM,2018-11-26,,F,Sales,Dublin,CC-IE-011
HRIS-WKR-007219,WKR-PUB-007219,IE,LE-IE-SYNTH-001,ACTIVE,CONTRACTOR,PERMANENT,2016-12-26,,F,Finance,Cork,CC-IE-032
HRIS-WKR-007220,WKR-PUB-007220,IE,LE-IE-SYNTH-001,ACTIVE,EMPLOYEE,PERMANENT,2020-11-06,,M,Engineering,Galway,CC-IE-016
HRIS-WKR-007221,WKR-PUB-007221,IE,LE-IE-SYNTH-001,ACTIVE,EMPLOYEE,PERMANENT,2025-11-05,,M,Finance,Galway,CC-IE-001
HRIS-WKR-007222,WKR-PUB-007222,IE,LE-IE-SYNTH-001,TERMINATED,EMPLOYEE,PERMANENT,2024-05-25,2026-08-05,M,Engineering,Limerick,CC-IE-024
HRIS-WKR-007223,WKR-PUB-007223,IE,LE-IE-SYNTH-001,ACTIVE,EMPLOYEE,PERMANENT,2014-01-02,,,People,Cork,CC-IE-013
HRIS-WKR-007224,WKR-PUB-007224,IE,LE-IE-SYNTH-001,ACTIVE,EMPLOYEE,PERMANENT,2020-04-15,,M,Engineering,Limerick,CC-IE-030
HRIS-WKR-007225,WKR-PUB-007225,IE,LE-IE-SYNTH-001,ACTIVE,CONTRACTOR,FIXED_TERM,2024-08-19,,M,Operations,Cork,CC-IE-033
HRIS-WKR-007226,WKR-PUB-007226,IE,LE-IE-SYNTH-001,ACTIVE,EMPLOYEE,PERMANENT,2014-01-16,,M,Sales,Limerick,CC-IE-012
HRIS-WKR-007227,WKR-PUB-007227,IE,LE-IE-SYNTH-001,ACTIVE,EMPLOYEE,PERMANENT,2018-04-16,,M,Engineering,Remote-IE,CC-IE-012
HRIS-WKR-007228,WKR-PUB-007228,IE,LE-IE-SYNTH-001,ACTIVE,EMPLOYEE,PERMANENT,2025-11-16,,M,Engineering,Galway,CC-IE-011
HRIS-WKR-007229,WKR-PUB-007229,IE,LE-IE-SYNTH-001,ACTIVE,EMPLOYEE,PERMANENT,2021-08-16,,F,Finance,Remote-IE,CC-IE-016
HRIS-WKR-007230,WKR-PUB-007230,IE,LE-IE-SYNTH-001,ACTIVE,EMPLOYEE,PERMANENT,2018-04-25,,M,People,Galway,CC-IE-008
HRIS-WKR-007231,WKR-PUB-007231,IE,LE-IE-SYNTH-001,ACTIVE,EMPLOYEE,PERMANENT,2023-12-12,,NB,Engineering,Dublin,CC-IE-023
HRIS-WKR-007232,WKR-PUB-007232,IE,LE-IE-SYNTH-001,ACTIVE,EMPLOYEE,PERMANENT,2025-10-08,,M,People,Galway,CC-IE-036
HRIS-WKR-007233,WKR-PUB-007233,IE,LE-IE-SYNTH-001,ACTIVE,EMPLOYEE,APPRENTICE,2022-06-07,,M,Operations,Limerick,CC-IE-016
HRIS-WKR-007234,WKR-PUB-007234,IE,LE-IE-SYNTH-001,TERMINATED,EMPLOYEE,PERMANENT,2015-05-29,2026-10-31,M,Sales,Cork,CC-IE-036
HRIS-WKR-007235,WKR-PUB-007235,IE,LE-IE-SYNTH-001,ACTIVE,EMPLOYEE,PERMANENT,2023-08-15,,M,Operations,Dublin,CC-IE-017
HRIS-WKR-007236,WKR-PUB-007236,IE,LE-IE-SYNTH-001,ACTIVE,EMPLOYEE,PERMANENT,2018-05-10,,UNDISCLOSED,Engineering,Dublin,CC-IE-037
HRIS-WKR-007237,WKR-PUB-007237,IE,LE-IE-SYNTH-001,ACTIVE,EMPLOYEE,PERMANENT,2025-05-16,,F,Technology,Dublin,CC-IE-022
HRIS-WKR-007238,WKR-PUB-007238,IE,LE-IE-SYNTH-001,ACTIVE,EMPLOYEE,PERMANENT,2026-01-31,,M,Sales,Dublin,CC-IE-020
HRIS-WKR-007239,WKR-PUB-007239,IE,LE-IE-SYNTH-001,ACTIVE,EMPLOYEE,PERMANENT,2022-09-14,,M,Technology,Cork,CC-IE-023
HRIS-WKR-007240,WKR-PUB-007240,IE,LE-IE-SYNTH-001,ACTIVE,EMPLOYEE,PERMANENT,2021-06-03,,F,People,Dublin,CC-IE-026
HRIS-WKR-007241,WKR-PUB-007241,IE,LE-IE-SYNTH-001,ACTIVE,EMPLOYEE,FIXED_TERM,2018-01-19,,F,Engineering,Cork,CC-IE-023
HRIS-WKR-007242,WKR-PUB-007242,IE,LE-IE-SYNTH-001,ACTIVE,EMPLOYEE,PERMANENT,2019-05-14,,F,Operations,Dublin,CC-IE-012
HRIS-WKR-007243,WKR-PUB-007243,IE,LE-IE-SYNTH-001,ACTIVE,EMPLOYEE,PERMANENT,2024-05-19,,M,Sales,Dublin,CC-IE-009
HRIS-WKR-007244,WKR-PUB-007244,IE,LE-IE-SYNTH-001,ACTIVE,EMPLOYEE,PERMANENT,2023-10-17,,F,Sales,Dublin,CC-IE-002
HRIS-WKR-007245,WKR-PUB-007245,IE,LE-IE-SYNTH-001,ACTIVE,EMPLOYEE,PERMANENT,2021-02-14,,M,Engineering,Dublin,CC-IE-030
HRIS-WKR-007246,WKR-PUB-007246,IE,LE-IE-SYNTH-001,ACTIVE,EMPLOYEE,PERMANENT,2014-01-08,,F,Operations,Remote-IE,CC-IE-034
HRIS-WKR-007247,WKR-PUB-007247,IE,LE-IE-SYNTH-001,ACTIVE,EMPLOYEE,PERMANENT,2024-01-12,,F,Technology,Dublin,CC-IE-034
HRIS-WKR-007248,WKR-PUB-007248,IE,LE-IE-SYNTH-001,ACTIVE,EMPLOYEE,PERMANENT,2020-05-12,,M,Engineering,Dublin,CC-IE-030
HRIS-WKR-007249,WKR-PUB-007249,IE,LE-IE-SYNTH-001,ACTIVE,EMPLOYEE,PERMANENT,2018-11-06,,M,Technology,Dublin,CC-IE-004
HRIS-WKR-007250,WKR-PUB-007250,IE,LE-IE-SYNTH-001,ACTIVE,EMPLOYEE,PERMANENT,2024-12-20,,UNDISCLOSED,Operations,Dublin,CC-IE-017
HRIS-WKR-007251,WKR-PUB-007251,IE,LE-IE-SYNTH-001,ACTIVE,EMPLOYEE,PERMANENT,2017-07-29,,M,People,Galway,CC-IE-003
HRIS-WKR-007252,WKR-PUB-007252,IE,LE-IE-SYNTH-001,ACTIVE,EMPLOYEE,FIXED_TERM,2021-07-12,,M,Engineering,Remote-IE,CC-IE-005
HRIS-WKR-007253,WKR-PUB-007253,IE,LE-IE-SYNTH-001,ACTIVE,EMPLOYEE,FIXED_TERM,2015-03-16,,F,People,Dublin,CC-IE-022
HRIS-WKR-007254,WKR-PUB-007254,IE,LE-IE-SYNTH-001,ACTIVE,EMPLOYEE,PERMANENT,2020-03-24,,UNDISCLOSED,Operations,Dublin,CC-IE-030
HRIS-WKR-007255,WKR-PUB-007255,IE,LE-IE-SYNTH-001,ACTIVE,EMPLOYEE,FIXED_TERM,2023-09-20,,M,Sales,Cork,CC-IE-014
HRIS-WKR-007256,WKR-PUB-007256,IE,LE-IE-SYNTH-001,ACTIVE,EMPLOYEE,FIXED_TERM,2024-08-21,,F,Technology,Dublin,CC-IE-010
HRIS-WKR-007257,WKR-PUB-007257,IE,LE-IE-SYNTH-001,ACTIVE,EMPLOYEE,PERMANENT,2015-08-12,,M,Technology,Remote-IE,CC-IE-003
HRIS-WKR-007258,WKR-PUB-007258,IE,LE-IE-SYNTH-001,TERMINATED,EMPLOYEE,PERMANENT,2022-02-16,2026-06-20,M,Sales,Cork,CC-IE-032
HRIS-WKR-007259,WKR-PUB-007259,IE,LE-IE-SYNTH-001,ACTIVE,EMPLOYEE,PERMANENT,2019-08-16,,F,Technology,Remote-IE,CC-IE-022
HRIS-WKR-007260,WKR-PUB-007260,IE,LE-IE-SYNTH-001,ACTIVE,EMPLOYEE,PERMANENT,2017-02-09,,M,Technology,Dublin,CC-IE-025
HRIS-WKR-007261,WKR-PUB-007261,IE,LE-IE-SYNTH-001,ACTIVE,EMPLOYEE,FIXED_TERM,2014-02-24,,F,Sales,Dublin,CC-IE-013
HRIS-WKR-007262,WKR-PUB-007262,IE,LE-IE-SYNTH-001,ACTIVE,EMPLOYEE,PERMANENT,2018-12-25,,M,Finance,Dublin,CC-IE-026
HRIS-WKR-007263,WKR-PUB-007263,IE,LE-IE-SYNTH-001,TERMINATED,EMPLOYEE,FIXED_TERM,2023-07-22,2026-02-24,M,Engineering,Dublin,CC-IE-013
HRIS-WKR-007264,WKR-PUB-007264,IE,LE-IE-SYNTH-001,ACTIVE,CONTRACTOR,PERMANENT,2020-07-13,,M,Engineering,Dublin,CC-IE-023
HRIS-WKR-007265,WKR-PUB-007265,IE,LE-IE-SYNTH-001,TERMINATED,EMPLOYEE,FIXED_TERM,2024-08-13,2026-04-11,M,Operations,Dublin,CC-IE-003
HRIS-WKR-007266,WKR-PUB-007266,IE,LE-IE-SYNTH-001,ACTIVE,EMPLOYEE,PERMANENT,2022-04-02,,M,Sales,Remote-IE,CC-IE-022
HRIS-WKR-007267,WKR-PUB-007267,IE,LE-IE-SYNTH-001,ACTIVE,EMPLOYEE,PERMANENT,2016-04-08,,M,Operations,Cork,CC-IE-007
HRIS-WKR-007268,WKR-PUB-007268,IE,LE-IE-SYNTH-001,TERMINATED,EMPLOYEE,PERMANENT,2017-05-08,2026-06-08,M,Technology,Dublin,CC-IE-018
HRIS-WKR-007269,WKR-PUB-007269,IE,LE-IE-SYNTH-001,ACTIVE,EMPLOYEE,PERMANENT,2015-08-28,,M,Finance,Dublin,CC-IE-027
HRIS-WKR-007270,WKR-PUB-007270,IE,LE-IE-SYNTH-001,ACTIVE,EMPLOYEE,PERMANENT,2014-09-27,,F,Engineering,Remote-IE,CC-IE-025
HRIS-WKR-007271,WKR-PUB-007271,IE,LE-IE-SYNTH-001,ACTIVE,EMPLOYEE,FIXED_TERM,2014-03-06,,,Engineering,Cork,CC-IE-031
HRIS-WKR-007272,WKR-PUB-007272,IE,LE-IE-SYNTH-001,ACTIVE,EMPLOYEE,PERMANENT,2014-12-13,,M,Engineering,Limerick,CC-IE-031
HRIS-WKR-007273,WKR-PUB-007273,IE,LE-IE-SYNTH-001,TERMINATED,EMPLOYEE,PERMANENT,2015-12-30,2026-10-03,M,Sales,Galway,CC-IE-004
HRIS-WKR-007274,WKR-PUB-007274,IE,LE-IE-SYNTH-001,ACTIVE,EMPLOYEE,PERMANENT,2021-11-20,,M,Engineering,Dublin,CC-IE-008
HRIS-WKR-007275,WKR-PUB-007275,IE,LE-IE-SYNTH-001,ACTIVE,EMPLOYEE,PERMANENT,2022-04-08,,F,Sales,Remote-IE,CC-IE-005
HRIS-WKR-007276,WKR-PUB-007276,IE,LE-IE-SYNTH-001,ACTIVE,EMPLOYEE,FIXED_TERM,2019-05-09,,,Technology,Dublin,CC-IE-003
HRIS-WKR-007277,WKR-PUB-007277,IE,LE-IE-SYNTH-001,ACTIVE,EMPLOYEE,PERMANENT,2024-05-10,,NB,Engineering,Remote-IE,CC-IE-010
HRIS-WKR-007278,WKR-PUB-007278,IE,LE-IE-SYNTH-001,ACTIVE,EMPLOYEE,PERMANENT,2025-07-07,,M,Finance,Galway,CC-IE-020
HRIS-WKR-007279,WKR-PUB-007279,IE,LE-IE-SYNTH-001,ACTIVE,EMPLOYEE,PERMANENT,2020-03-01,,F,Finance,Limerick,CC-IE-035
HRIS-WKR-007280,WKR-PUB-007280,IE,LE-IE-SYNTH-001,ACTIVE,EMPLOYEE,PERMANENT,2023-03-26,,F,Operations,Galway,CC-IE-006
HRIS-WKR-007281,WKR-PUB-007281,IE,LE-IE-SYNTH-001,ACTIVE,CONTRACTOR,PERMANENT,2016-03-07,,M,Operations,Dublin,CC-IE-040
HRIS-WKR-007282,WKR-PUB-007282,IE,LE-IE-SYNTH-001,ACTIVE,EMPLOYEE,PERMANENT,2025-10-12,,F,People,Cork,CC-IE-009
HRIS-WKR-007283,WKR-PUB-007283,IE,LE-IE-SYNTH-001,ACTIVE,EMPLOYEE,PERMANENT,2015-06-07,,M,People,Galway,CC-IE-027
HRIS-WKR-007284,WKR-PUB-007284,IE,LE-IE-SYNTH-001,ACTIVE,EMPLOYEE,PERMANENT,2020-02-21,,M,Sales,Dublin,CC-IE-001
HRIS-WKR-007285,WKR-PUB-007285,IE,LE-IE-SYNTH-001,ACTIVE,EMPLOYEE,PERMANENT,2019-06-26,,M,Engineering,Dublin,CC-IE-028
HRIS-WKR-007286,WKR-PUB-007286,IE,LE-IE-SYNTH-001,ACTIVE,EMPLOYEE,PERMANENT,2018-11-06,,F,Finance,Galway,CC-IE-015
HRIS-WKR-007287,WKR-PUB-007287,IE,LE-IE-SYNTH-001,ACTIVE,EMPLOYEE,FIXED_TERM,2024-05-14,,M,Finance,Galway,CC-IE-038
HRIS-WKR-007288,WKR-PUB-007288,IE,LE-IE-SYNTH-001,ACTIVE,EMPLOYEE,PERMANENT,2018-08-13,,F,Sales,Dublin,CC-IE-015
HRIS-WKR-007289,WKR-PUB-007289,IE,LE-IE-SYNTH-001,ACTIVE,EMPLOYEE,PERMANENT,2024-03-28,,M,Technology,Remote-IE,CC-IE-023
HRIS-WKR-007290,WKR-PUB-007290,IE,LE-IE-SYNTH-001,ACTIVE,EMPLOYEE,PERMANENT,2023-08-23,,M,Finance,Galway,CC-IE-028
HRIS-WKR-007291,WKR-PUB-007291,IE,LE-IE-SYNTH-001,ACTIVE,EMPLOYEE,APPRENTICE,2019-09-18,,M,Sales,Dublin,CC-IE-040
HRIS-WKR-007292,WKR-PUB-007292,IE,LE-IE-SYNTH-001,ACTIVE,EMPLOYEE,PERMANENT,2018-12-03,,M,Operations,Limerick,CC-IE-026
HRIS-WKR-007293,WKR-PUB-007293,IE,LE-IE-SYNTH-001,ACTIVE,EMPLOYEE,PERMANENT,2022-03-14,,,Technology,Remote-IE,CC-IE-005
HRIS-WKR-007294,WKR-PUB-007294,IE,LE-IE-SYNTH-001,ACTIVE,EMPLOYEE,FIXED_TERM,2024-05-29,,M,Engineering,Cork,CC-IE-016
HRIS-WKR-007295,WKR-PUB-007295,IE,LE-IE-SYNTH-001,ACTIVE,CONTRACTOR,PERMANENT,2021-04-14,,M,Sales,Dublin,CC-IE-023
HRIS-WKR-007296,WKR-PUB-007296,IE,LE-IE-SYNTH-001,TERMINATED,EMPLOYEE,PERMANENT,2021-11-01,2026-07-17,M,Sales,Dublin,CC-IE-031
HRIS-WKR-007297,WKR-PUB-007297,IE,LE-IE-SYNTH-001,ACTIVE,CONTRACTOR,PERMANENT,2021-09-14,,F,Technology,Dublin,CC-IE-012
HRIS-WKR-007298,WKR-PUB-007298,IE,LE-IE-SYNTH-001,ACTIVE,EMPLOYEE,PERMANENT,2017-11-27,,M,Engineering,Dublin,CC-IE-009
HRIS-WKR-007299,WKR-PUB-007299,IE,LE-IE-SYNTH-001,ACTIVE,EMPLOYEE,PERMANENT,2022-12-24,,F,Sales,Dublin,CC-IE-013
HRIS-WKR-007300,WKR-PUB-007300,IE,LE-IE-SYNTH-001,ACTIVE,EMPLOYEE,PERMANENT,2020-07-12,,NB,Operations,Galway,CC-IE-016
HRIS-WKR-007301,WKR-PUB-007301,IE,LE-IE-SYNTH-001,ACTIVE,EMPLOYEE,PERMANENT,2022-07-04,,F,Operations,Limerick,CC-IE-034
HRIS-WKR-007302,WKR-PUB-007302,IE,LE-IE-SYNTH-001,ACTIVE,EMPLOYEE,PERMANENT,2020-11-26,,M,Finance,Dublin,CC-IE-038
HRIS-WKR-007303,WKR-PUB-007303,IE,LE-IE-SYNTH-001,ACTIVE,EMPLOYEE,PERMANENT,2017-08-09,,F,Technology,Cork,CC-IE-005
HRIS-WKR-007304,WKR-PUB-007304,IE,LE-IE-SYNTH-001,ACTIVE,EMPLOYEE,PERMANENT,2022-02-28,,F,People,Dublin,CC-IE-038
HRIS-WKR-007305,WKR-PUB-007305,IE,LE-IE-SYNTH-001,ACTIVE,EMPLOYEE,APPRENTICE,2017-07-05,,F,Operations,Remote-IE,CC-IE-009
HRIS-WKR-007306,WKR-PUB-007306,IE,LE-IE-SYNTH-001,ACTIVE,EMPLOYEE,PERMANENT,2021-01-06,,F,Technology,Dublin,CC-IE-037
HRIS-WKR-007307,WKR-PUB-007307,IE,LE-IE-SYNTH-001,ACTIVE,EMPLOYEE,PERMANENT,2021-06-09,,F,Finance,Cork,CC-IE-008
HRIS-WKR-007308,WKR-PUB-007308,IE,LE-IE-SYNTH-001,ACTIVE,EMPLOYEE,PERMANENT,2014-08-27,,M,Sales,Cork,CC-IE-015
HRIS-WKR-007309,WKR-PUB-007309,IE,LE-IE-SYNTH-001,ACTIVE,EMPLOYEE,FIXED_TERM,2024-02-25,,M,Sales,Limerick,CC-IE-031
HRIS-WKR-007310,WKR-PUB-007310,IE,LE-IE-SYNTH-001,ACTIVE,EMPLOYEE,PERMANENT,2014-05-26,,M,Sales,Dublin,CC-IE-005
HRIS-WKR-007311,WKR-PUB-007311,IE,LE-IE-SYNTH-001,ACTIVE,CONTRACTOR,PERMANENT,2019-06-12,,M,Technology,Cork,CC-IE-031
HRIS-WKR-007312,WKR-PUB-007312,IE,LE-IE-SYNTH-001,ACTIVE,EMPLOYEE,PERMANENT,2025-10-21,,M,Technology,Limerick,CC-IE-029
HRIS-WKR-007313,WKR-PUB-007313,IE,LE-IE-SYNTH-001,TERMINATED,EMPLOYEE,PERMANENT,2017-06-18,2026-11-28,F,Engineering,Dublin,CC-IE-010
HRIS-WKR-007314,WKR-PUB-007314,IE,LE-IE-SYNTH-001,ACTIVE,EMPLOYEE,PERMANENT,2024-07-13,,,Operations,Dublin,CC-IE-036
HRIS-WKR-007315,WKR-PUB-007315,IE,LE-IE-SYNTH-001,ACTIVE,EMPLOYEE,PERMANENT,2015-02-18,,M,Engineering,Galway,CC-IE-005
HRIS-WKR-007316,WKR-PUB-007316,IE,LE-IE-SYNTH-001,ACTIVE,EMPLOYEE,FIXED_TERM,2024-08-10,,M,Engineering,Dublin,CC-IE-006
HRIS-WKR-007317,WKR-PUB-007317,IE,LE-IE-SYNTH-001,ACTIVE,EMPLOYEE,PERMANENT,2025-11-12,,F,Technology,Dublin,CC-IE-006
HRIS-WKR-007318,WKR-PUB-007318,IE,LE-IE-SYNTH-001,ACTIVE,EMPLOYEE,PERMANENT,2018-10-19,,F,Sales,Limerick,CC-IE-020
HRIS-WKR-007319,WKR-PUB-007319,IE,LE-IE-SYNTH-001,ACTIVE,EMPLOYEE,PERMANENT,2014-05-11,,F,Engineering,Dublin,CC-IE-035
HRIS-WKR-007320,WKR-PUB-007320,IE,LE-IE-SYNTH-001,ACTIVE,EMPLOYEE,PERMANENT,2020-10-29,,M,Sales,Cork,CC-IE-036
HRIS-WKR-007321,WKR-PUB-007321,IE,LE-IE-SYNTH-001,ACTIVE,EMPLOYEE,PERMANENT,2024-12-12,,M,Engineering,Dublin,CC-IE-024
HRIS-WKR-007322,WKR-PUB-007322,IE,LE-IE-SYNTH-001,TERMINATED,EMPLOYEE,PERMANENT,2014-04-19,2026-04-08,F,Sales,Remote-IE,CC-IE-038
HRIS-WKR-007323,WKR-PUB-007323,IE,LE-IE-SYNTH-001,ACTIVE,EMPLOYEE,PERMANENT,2024-06-07,,M,Engineering,Dublin,CC-IE-038
HRIS-WKR-007324,WKR-PUB-007324,IE,LE-IE-SYNTH-001,ACTIVE,EMPLOYEE,PERMANENT,2022-06-30,,,Engineering,Dublin,CC-IE-020
HRIS-WKR-007325,WKR-PUB-007325,IE,LE-IE-SYNTH-001,ACTIVE,EMPLOYEE,PERMANENT,2016-01-17,,F,Engineering,Limerick,CC-IE-025
HRIS-WKR-007326,WKR-PUB-007326,IE,LE-IE-SYNTH-001,ACTIVE,EMPLOYEE,PERMANENT,2017-02-09,,M,Technology,Dublin,CC-IE-012
HRIS-WKR-007327,WKR-PUB-007327,IE,LE-IE-SYNTH-001,ACTIVE,EMPLOYEE,FIXED_TERM,2025-11-20,,,Engineering,Dublin,CC-IE-027
HRIS-WKR-007328,WKR-PUB-007328,IE,LE-IE-SYNTH-001,ACTIVE,EMPLOYEE,PERMANENT,2017-09-22,,F,Engineering,Dublin,CC-IE-024
HRIS-WKR-007329,WKR-PUB-007329,IE,LE-IE-SYNTH-001,ACTIVE,EMPLOYEE,PERMANENT,2019-06-18,,NB,Finance,Remote-IE,CC-IE-002
HRIS-WKR-007330,WKR-PUB-007330,IE,LE-IE-SYNTH-001,ACTIVE,EMPLOYEE,FIXED_TERM,2015-10-26,,M,Sales,Dublin,CC-IE-033
HRIS-WKR-007331,WKR-PUB-007331,IE,LE-IE-SYNTH-001,ACTIVE,CONTRACTOR,FIXED_TERM,2020-11-18,,M,Engineering,Limerick,CC-IE-019
HRIS-WKR-007332,WKR-PUB-007332,IE,LE-IE-SYNTH-001,ACTIVE,EMPLOYEE,PERMANENT,2025-12-19,,F,Finance,Dublin,CC-IE-011
HRIS-WKR-007333,WKR-PUB-007333,IE,LE-IE-SYNTH-001,ACTIVE,EMPLOYEE,PERMANENT,2016-01-26,,M,Operations,Dublin,CC-IE-033
HRIS-WKR-007334,WKR-PUB-007334,IE,LE-IE-SYNTH-001,ACTIVE,EMPLOYEE,PERMANENT,2024-06-28,,F,Engineering,Dublin,CC-IE-036
HRIS-WKR-007335,WKR-PUB-007335,IE,LE-IE-SYNTH-001,ACTIVE,EMPLOYEE,APPRENTICE,2024-06-01,,F,Engineering,Dublin,CC-IE-015
HRIS-WKR-007336,WKR-PUB-007336,IE,LE-IE-SYNTH-001,ACTIVE,EMPLOYEE,PERMANENT,2021-01-21,,F,Sales,Dublin,CC-IE-025
HRIS-WKR-007337,WKR-PUB-007337,IE,LE-IE-SYNTH-001,ACTIVE,EMPLOYEE,PERMANENT,2019-10-19,,M,Engineering,Galway,CC-IE-003
HRIS-WKR-007338,WKR-PUB-007338,IE,LE-IE-SYNTH-001,ACTIVE,EMPLOYEE,PERMANENT,2015-04-27,,M,People,Dublin,CC-IE-019
HRIS-WKR-007339,WKR-PUB-007339,IE,LE-IE-SYNTH-001,ACTIVE,EMPLOYEE,PERMANENT,2015-07-02,,M,Engineering,Galway,CC-IE-034
HRIS-WKR-007340,WKR-PUB-007340,IE,LE-IE-SYNTH-001,ACTIVE,EMPLOYEE,PERMANENT,2017-07-30,,M,Engineering,Dublin,CC-IE-008
HRIS-WKR-007341,WKR-PUB-007341,IE,LE-IE-SYNTH-001,ACTIVE,EMPLOYEE,PERMANENT,2014-08-04,,M,Finance,Dublin,CC-IE-026
HRIS-WKR-007342,WKR-PUB-007342,IE,LE-IE-SYNTH-001,ACTIVE,EMPLOYEE,PERMANENT,2020-02-01,,M,Operations,Dublin,CC-IE-014
HRIS-WKR-007343,WKR-PUB-007343,IE,LE-IE-SYNTH-001,ACTIVE,EMPLOYEE,PERMANENT,2021-09-09,,F,Engineering,Dublin,CC-IE-023
HRIS-WKR-007344,WKR-PUB-007344,IE,LE-IE-SYNTH-001,ACTIVE,EMPLOYEE,PERMANENT,2017-10-01,,M,Finance,Remote-IE,CC-IE-020
HRIS-WKR-007345,WKR-PUB-007345,IE,LE-IE-SYNTH-001,ACTIVE,EMPLOYEE,PERMANENT,2021-04-08,,M,Operations,Dublin,CC-IE-003
HRIS-WKR-007346,WKR-PUB-007346,IE,LE-IE-SYNTH-001,ACTIVE,EMPLOYEE,PERMANENT,2023-01-25,,F,Sales,Dublin,CC-IE-008
HRIS-WKR-007347,WKR-PUB-007347,IE,LE-IE-SYNTH-001,ACTIVE,EMPLOYEE,PERMANENT,2024-01-19,,F,Engineering,Dublin,CC-IE-032
HRIS-WKR-007348,WKR-PUB-007348,IE,LE-IE-SYNTH-001,ACTIVE,EMPLOYEE,PERMANENT,2021-07-24,,M,Finance,Dublin,CC-IE-031
HRIS-WKR-007349,WKR-PUB-007349,IE,LE-IE-SYNTH-001,ACTIVE,EMPLOYEE,FIXED_TERM,2025-02-28,,F,Operations,Remote-IE,CC-IE-029
HRIS-WKR-007350,WKR-PUB-007350,IE,LE-IE-SYNTH-001,ACTIVE,EMPLOYEE,FIXED_TERM,2014-01-11,,F,Engineering,Dublin,CC-IE-025
HRIS-WKR-007351,WKR-PUB-007351,IE,LE-IE-SYNTH-001,ACTIVE,EMPLOYEE,PERMANENT,2015-03-04,,F,People,Cork,CC-IE-002
HRIS-WKR-007352,WKR-PUB-007352,IE,LE-IE-SYNTH-001,ACTIVE,EMPLOYEE,PERMANENT,2018-06-17,,UNDISCLOSED,Operations,Limerick,CC-IE-024
HRIS-WKR-007353,WKR-PUB-007353,IE,LE-IE-SYNTH-001,ACTIVE,EMPLOYEE,PERMANENT,2022-06-08,,F,Engineering,Galway,CC-IE-001
HRIS-WKR-007354,WKR-PUB-007354,IE,LE-IE-SYNTH-001,ACTIVE,EMPLOYEE,FIXED_TERM,2025-08-10,,M,Finance,Dublin,CC-IE-025
HRIS-WKR-007355,WKR-PUB-007355,IE,LE-IE-SYNTH-001,ACTIVE,EMPLOYEE,FIXED_TERM,2023-07-15,,,Finance,Cork,CC-IE-027
HRIS-WKR-007356,WKR-PUB-007356,IE,LE-IE-SYNTH-001,ACTIVE,EMPLOYEE,PERMANENT,2025-09-29,,F,Engineering,Dublin,CC-IE-031
HRIS-WKR-007357,WKR-PUB-007357,IE,LE-IE-SYNTH-001,TERMINATED,EMPLOYEE,PERMANENT,2019-09-23,2026-03-16,F,Engineering,Remote-IE,CC-IE-029
HRIS-WKR-007358,WKR-PUB-007358,IE,LE-IE-SYNTH-001,ACTIVE,EMPLOYEE,PERMANENT,2021-05-28,,,Engineering,Dublin,CC-IE-029
HRIS-WKR-007359,WKR-PUB-007359,IE,LE-IE-SYNTH-001,ACTIVE,EMPLOYEE,PERMANENT,2023-08-01,,,Operations,Dublin,CC-IE-003
HRIS-WKR-007360,WKR-PUB-007360,IE,LE-IE-SYNTH-001,ACTIVE,CONTRACTOR,PERMANENT,2018-09-04,,F,People,Limerick,CC-IE-020
HRIS-WKR-007361,WKR-PUB-007361,IE,LE-IE-SYNTH-001,ACTIVE,EMPLOYEE,PERMANENT,2018-01-11,,M,Sales,Dublin,CC-IE-024
HRIS-WKR-007362,WKR-PUB-007362,IE,LE-IE-SYNTH-001,ACTIVE,EMPLOYEE,PERMANENT,2019-05-14,,F,Engineering,Dublin,CC-IE-037
HRIS-WKR-007363,WKR-PUB-007363,IE,LE-IE-SYNTH-001,ACTIVE,EMPLOYEE,PERMANENT,2024-02-10,,M,Operations,Dublin,CC-IE-029
HRIS-WKR-007364,WKR-PUB-007364,IE,LE-IE-SYNTH-001,ACTIVE,EMPLOYEE,PERMANENT,2019-12-07,,M,Operations,Cork,CC-IE-010
HRIS-WKR-007365,WKR-PUB-007365,IE,LE-IE-SYNTH-001,ACTIVE,EMPLOYEE,PERMANENT,2015-06-02,,M,Finance,Galway,CC-IE-027
HRIS-WKR-007366,WKR-PUB-007366,IE,LE-IE-SYNTH-001,ACTIVE,EMPLOYEE,PERMANENT,2017-04-30,,F,Engineering,Dublin,CC-IE-040
HRIS-WKR-007367,WKR-PUB-007367,IE,LE-IE-SYNTH-001,ACTIVE,EMPLOYEE,PERMANENT,2020-04-08,,F,Sales,Galway,CC-IE-023
HRIS-WKR-007368,WKR-PUB-007368,IE,LE-IE-SYNTH-001,ACTIVE,EMPLOYEE,PERMANENT,2024-12-06,,F,Sales,Dublin,CC-IE-006
HRIS-WKR-007369,WKR-PUB-007369,IE,LE-IE-SYNTH-001,ACTIVE,EMPLOYEE,PERMANENT,2018-05-17,,F,Finance,Dublin,CC-IE-003
HRIS-WKR-007370,WKR-PUB-007370,IE,LE-IE-SYNTH-001,ACTIVE,CONTRACTOR,PERMANENT,2017-12-28,,M,Engineering,Limerick,CC-IE-013
HRIS-WKR-007371,WKR-PUB-007371,IE,LE-IE-SYNTH-001,ACTIVE,EMPLOYEE,PERMANENT,2016-06-04,,M,Finance,Dublin,CC-IE-037
HRIS-WKR-007372,WKR-PUB-007372,IE,LE-IE-SYNTH-001,ACTIVE,EMPLOYEE,FIXED_TERM,2015-09-13,,F,Operations,Dublin,CC-IE-015
HRIS-WKR-007373,WKR-PUB-007373,IE,LE-IE-SYNTH-001,ACTIVE,EMPLOYEE,PERMANENT,2024-05-27,,M,Technology,Limerick,CC-IE-019
HRIS-WKR-007374,WKR-PUB-007374,IE,LE-IE-SYNTH-001,TERMINATED,EMPLOYEE,PERMANENT,2025-06-06,2026-10-08,F,Engineering,Cork,CC-IE-016
HRIS-WKR-007375,WKR-PUB-007375,IE,LE-IE-SYNTH-001,ACTIVE,EMPLOYEE,PERMANENT,2020-11-17,,M,People,Dublin,CC-IE-006
HRIS-WKR-007376,WKR-PUB-007376,IE,LE-IE-SYNTH-001,ACTIVE,EMPLOYEE,PERMANENT,2020-09-01,,M,Finance,Cork,CC-IE-030
HRIS-WKR-007377,WKR-PUB-007377,IE,LE-IE-SYNTH-001,ACTIVE,EMPLOYEE,PERMANENT,2019-05-28,,F,Technology,Remote-IE,CC-IE-001
HRIS-WKR-007378,WKR-PUB-007378,IE,LE-IE-SYNTH-001,ACTIVE,EMPLOYEE,PERMANENT,2015-07-05,,F,Finance,Remote-IE,CC-IE-034
HRIS-WKR-007379,WKR-PUB-007379,IE,LE-IE-SYNTH-001,ACTIVE,EMPLOYEE,PERMANENT,2025-06-05,,F,Finance,Galway,CC-IE-030
HRIS-WKR-007380,WKR-PUB-007380,IE,LE-IE-SYNTH-001,ACTIVE,EMPLOYEE,PERMANENT,2021-07-03,,M,Engineering,Remote-IE,CC-IE-037
HRIS-WKR-007381,WKR-PUB-007381,IE,LE-IE-SYNTH-001,ACTIVE,EMPLOYEE,FIXED_TERM,2020-07-20,,F,Engineering,Cork,CC-IE-001
HRIS-WKR-007382,WKR-PUB-007382,IE,LE-IE-SYNTH-001,ACTIVE,CONTRACTOR,FIXED_TERM,2014-12-31,,M,Sales,Cork,CC-IE-030
HRIS-WKR-007383,WKR-PUB-007383,IE,LE-IE-SYNTH-001,ACTIVE,EMPLOYEE,PERMANENT,2023-04-23,,M,Technology,Cork,CC-IE-014
HRIS-WKR-007384,WKR-PUB-007384,IE,LE-IE-SYNTH-001,ACTIVE,EMPLOYEE,PERMANENT,2015-04-26,,F,People,Dublin,CC-IE-020
HRIS-WKR-007385,WKR-PUB-007385,IE,LE-IE-SYNTH-001,ACTIVE,EMPLOYEE,PERMANENT,2017-04-22,,F,Sales,Dublin,CC-IE-040
HRIS-WKR-007386,WKR-PUB-007386,IE,LE-IE-SYNTH-001,ACTIVE,EMPLOYEE,FIXED_TERM,2023-04-15,,M,Engineering,Cork,CC-IE-003
HRIS-WKR-007387,WKR-PUB-007387,IE,LE-IE-SYNTH-001,ACTIVE,EMPLOYEE,PERMANENT,2023-07-07,,M,Sales,Cork,CC-IE-040
HRIS-WKR-007388,WKR-PUB-007388,IE,LE-IE-SYNTH-001,ACTIVE,EMPLOYEE,PERMANENT,2014-04-11,,UNDISCLOSED,Operations,Dublin,CC-IE-039
HRIS-WKR-007389,WKR-PUB-007389,IE,LE-IE-SYNTH-001,ACTIVE,EMPLOYEE,PERMANENT,2023-06-19,,M,Engineering,Cork,CC-IE-021
HRIS-WKR-007390,WKR-PUB-007390,IE,LE-IE-SYNTH-001,ACTIVE,EMPLOYEE,PERMANENT,2016-01-11,,,Operations,Limerick,CC-IE-023
HRIS-WKR-007391,WKR-PUB-007391,IE,LE-IE-SYNTH-001,ACTIVE,EMPLOYEE,PERMANENT,2024-03-06,,,Operations,Remote-IE,CC-IE-021
HRIS-WKR-007392,WKR-PUB-007392,IE,LE-IE-SYNTH-001,ACTIVE,EMPLOYEE,PERMANENT,2024-12-27,,UNDISCLOSED,Sales,Dublin,CC-IE-008
HRIS-WKR-007393,WKR-PUB-007393,IE,LE-IE-SYNTH-001,ACTIVE,EMPLOYEE,FIXED_TERM,2024-03-31,,M,Sales,Cork,CC-IE-033
HRIS-WKR-007394,WKR-PUB-007394,IE,LE-IE-SYNTH-001,ACTIVE,EMPLOYEE,PERMANENT,2020-08-24,,F,Sales,Cork,CC-IE-040
HRIS-WKR-007395,WKR-PUB-007395,IE,LE-IE-SYNTH-001,ACTIVE,EMPLOYEE,PERMANENT,2014-09-23,,M,Operations,Dublin,CC-IE-025
HRIS-WKR-007396,WKR-PUB-007396,IE,LE-IE-SYNTH-001,ACTIVE,EMPLOYEE,FIXED_TERM,2015-10-17,,M,Engineering,Remote-IE,CC-IE-040
HRIS-WKR-007397,WKR-PUB-007397,IE,LE-IE-SYNTH-001,TERMINATED,EMPLOYEE,FIXED_TERM,2018-10-08,2026-08-05,M,Operations,Remote-IE,CC-IE-025
HRIS-WKR-007398,WKR-PUB-007398,IE,LE-IE-SYNTH-001,ACTIVE,EMPLOYEE,PERMANENT,2016-02-23,,F,Sales,Dublin,CC-IE-035
HRIS-WKR-007399,WKR-PUB-007399,IE,LE-IE-SYNTH-001,ACTIVE,EMPLOYEE,FIXED_TERM,2018-12-06,,F,Engineering,Dublin,CC-IE-026
HRIS-WKR-007400,WKR-PUB-007400,IE,LE-IE-SYNTH-001,ACTIVE,EMPLOYEE,FIXED_TERM,2022-06-14,,M,Operations,Dublin,CC-IE-013
HRIS-WKR-007401,WKR-PUB-007401,IE,LE-IE-SYNTH-001,ACTIVE,EMPLOYEE,FIXED_TERM,2023-03-17,,F,Sales,Dublin,CC-IE-011
HRIS-WKR-007402,WKR-PUB-007402,IE,LE-IE-SYNTH-001,ACTIVE,EMPLOYEE,PERMANENT,2015-03-30,,F,Sales,Cork,CC-IE-003
HRIS-WKR-007403,WKR-PUB-007403,IE,LE-IE-SYNTH-001,ACTIVE,EMPLOYEE,PERMANENT,2025-12-23,,M,Technology,Dublin,CC-IE-008
HRIS-WKR-007404,WKR-PUB-007404,IE,LE-IE-SYNTH-001,ACTIVE,EMPLOYEE,PERMANENT,2019-11-14,,F,Engineering,Dublin,CC-IE-022
HRIS-WKR-007405,WKR-PUB-007405,IE,LE-IE-SYNTH-001,ACTIVE,EMPLOYEE,PERMANENT,2019-10-10,,M,Engineering,Dublin,CC-IE-018
HRIS-WKR-007406,WKR-PUB-007406,IE,LE-IE-SYNTH-001,ACTIVE,EMPLOYEE,FIXED_TERM,2016-10-29,,M,Engineering,Dublin,CC-IE-007
HRIS-WKR-007407,WKR-PUB-007407,IE,LE-IE-SYNTH-001,TERMINATED,EMPLOYEE,PERMANENT,2022-07-09,2026-11-05,F,Engineering,Dublin,CC-IE-026
HRIS-WKR-007408,WKR-PUB-007408,IE,LE-IE-SYNTH-001,ACTIVE,EMPLOYEE,PERMANENT,2025-08-19,,UNDISCLOSED,People,Dublin,CC-IE-034
HRIS-WKR-007409,WKR-PUB-007409,IE,LE-IE-SYNTH-001,ACTIVE,EMPLOYEE,PERMANENT,2016-07-13,,M,Finance,Remote-IE,CC-IE-030
HRIS-WKR-007410,WKR-PUB-007410,IE,LE-IE-SYNTH-001,ACTIVE,EMPLOYEE,PERMANENT,2024-03-05,,F,Engineering,Limerick,CC-IE-006
HRIS-WKR-007411,WKR-PUB-007411,IE,LE-IE-SYNTH-001,ACTIVE,EMPLOYEE,PERMANENT,2017-02-03,,M,Technology,Dublin,CC-IE-037
HRIS-WKR-007412,WKR-PUB-007412,IE,LE-IE-SYNTH-001,ACTIVE,EMPLOYEE,PERMANENT,2024-11-25,,M,Sales,Remote-IE,CC-IE-025
HRIS-WKR-007413,WKR-PUB-007413,IE,LE-IE-SYNTH-001,TERMINATED,EMPLOYEE,PERMANENT,2024-05-11,2026-12-18,M,Sales,Dublin,CC-IE-005
HRIS-WKR-007414,WKR-PUB-007414,IE,LE-IE-SYNTH-001,ACTIVE,EMPLOYEE,PERMANENT,2018-04-11,,F,Sales,Remote-IE,CC-IE-004
HRIS-WKR-007415,WKR-PUB-007415,IE,LE-IE-SYNTH-001,ACTIVE,CONTRACTOR,PERMANENT,2025-10-02,,F,People,Cork,CC-IE-029
HRIS-WKR-007416,WKR-PUB-007416,IE,LE-IE-SYNTH-001,ACTIVE,EMPLOYEE,FIXED_TERM,2019-02-24,,M,Operations,Dublin,CC-IE-040
HRIS-WKR-007417,WKR-PUB-007417,IE,LE-IE-SYNTH-001,ACTIVE,EMPLOYEE,PERMANENT,2025-05-24,,F,Sales,Dublin,CC-IE-005
HRIS-WKR-007418,WKR-PUB-007418,IE,LE-IE-SYNTH-001,ACTIVE,EMPLOYEE,PERMANENT,2017-11-19,,F,Operations,Cork,CC-IE-020
HRIS-WKR-007419,WKR-PUB-007419,IE,LE-IE-SYNTH-001,ACTIVE,EMPLOYEE,PERMANENT,2014-06-30,,M,Technology,Dublin,CC-IE-026
HRIS-WKR-007420,WKR-PUB-007420,IE,LE-IE-SYNTH-001,ACTIVE,EMPLOYEE,FIXED_TERM,2017-08-26,,M,Sales,Dublin,CC-IE-031
HRIS-WKR-007421,WKR-PUB-007421,IE,LE-IE-SYNTH-001,ACTIVE,EMPLOYEE,PERMANENT,2022-10-03,,M,Sales,Limerick,CC-IE-034
HRIS-WKR-007422,WKR-PUB-007422,IE,LE-IE-SYNTH-001,ACTIVE,EMPLOYEE,PERMANENT,2020-11-18,,,Finance,Dublin,CC-IE-015
HRIS-WKR-007423,WKR-PUB-007423,IE,LE-IE-SYNTH-001,ACTIVE,EMPLOYEE,FIXED_TERM,2017-04-04,,M,Operations,Dublin,CC-IE-020
HRIS-WKR-007424,WKR-PUB-007424,IE,LE-IE-SYNTH-001,ACTIVE,EMPLOYEE,PERMANENT,2016-09-01,,F,Finance,Dublin,CC-IE-012
HRIS-WKR-007425,WKR-PUB-007425,IE,LE-IE-SYNTH-001,ACTIVE,EMPLOYEE,APPRENTICE,2020-02-12,,M,Engineering,Limerick,CC-IE-032
HRIS-WKR-007426,WKR-PUB-007426,IE,LE-IE-SYNTH-001,ACTIVE,EMPLOYEE,PERMANENT,2021-01-05,,M,Finance,Dublin,CC-IE-025
HRIS-WKR-007427,WKR-PUB-007427,IE,LE-IE-SYNTH-001,ACTIVE,EMPLOYEE,PERMANENT,2016-07-16,,F,Technology,Remote-IE,CC-IE-034
HRIS-WKR-007428,WKR-PUB-007428,IE,LE-IE-SYNTH-001,ACTIVE,EMPLOYEE,PERMANENT,2019-09-22,,M,Operations,Dublin,CC-IE-031
HRIS-WKR-007429,WKR-PUB-007429,IE,LE-IE-SYNTH-001,ACTIVE,EMPLOYEE,PERMANENT,2024-01-06,,M,Engineering,Limerick,CC-IE-023
HRIS-WKR-007430,WKR-PUB-007430,IE,LE-IE-SYNTH-001,ACTIVE,EMPLOYEE,FIXED_TERM,2025-11-25,,M,Operations,Dublin,CC-IE-032
HRIS-WKR-007431,WKR-PUB-007431,IE,LE-IE-SYNTH-001,ACTIVE,EMPLOYEE,PERMANENT,2016-02-23,,F,Engineering,Cork,CC-IE-007
HRIS-WKR-007432,WKR-PUB-007432,IE,LE-IE-SYNTH-001,ACTIVE,EMPLOYEE,PERMANENT,2020-06-29,,F,Engineering,Dublin,CC-IE-025
HRIS-WKR-007433,WKR-PUB-007433,IE,LE-IE-SYNTH-001,ACTIVE,EMPLOYEE,APPRENTICE,2023-12-08,,F,Operations,Dublin,CC-IE-017
HRIS-WKR-007434,WKR-PUB-007434,IE,LE-IE-SYNTH-001,ACTIVE,EMPLOYEE,PERMANENT,2020-09-12,,F,Finance,Dublin,CC-IE-038
HRIS-WKR-007435,WKR-PUB-007435,IE,LE-IE-SYNTH-001,ACTIVE,EMPLOYEE,PERMANENT,2022-12-04,,M,Technology,Dublin,CC-IE-040
HRIS-WKR-007436,WKR-PUB-007436,IE,LE-IE-SYNTH-001,TERMINATED,EMPLOYEE,FIXED_TERM,2018-01-04,2026-10-22,F,Engineering,Remote-IE,CC-IE-012
HRIS-WKR-007437,WKR-PUB-007437,IE,LE-IE-SYNTH-001,ACTIVE,EMPLOYEE,PERMANENT,2014-10-11,,F,Engineering,Limerick,CC-IE-014
HRIS-WKR-007438,WKR-PUB-007438,IE,LE-IE-SYNTH-001,ACTIVE,EMPLOYEE,PERMANENT,2019-10-09,,M,People,Dublin,CC-IE-002
HRIS-WKR-007439,WKR-PUB-007439,IE,LE-IE-SYNTH-001,ACTIVE,EMPLOYEE,PERMANENT,2014-12-16,,F,Engineering,Dublin,CC-IE-040
HRIS-WKR-007440,WKR-PUB-007440,IE,LE-IE-SYNTH-001,ACTIVE,EMPLOYEE,FIXED_TERM,2018-03-02,,M,Technology,Dublin,CC-IE-040
HRIS-WKR-007441,WKR-PUB-007441,IE,LE-IE-SYNTH-001,ACTIVE,EMPLOYEE,PERMANENT,2016-11-08,,M,Engineering,Dublin,CC-IE-009
HRIS-WKR-007442,WKR-PUB-007442,IE,LE-IE-SYNTH-001,ACTIVE,EMPLOYEE,PERMANENT,2025-09-24,,F,Engineering,Cork,CC-IE-039
HRIS-WKR-007443,WKR-PUB-007443,IE,LE-IE-SYNTH-001,ACTIVE,EMPLOYEE,PERMANENT,2016-02-10,,F,Sales,Cork,CC-IE-006
HRIS-WKR-007444,WKR-PUB-007444,IE,LE-IE-SYNTH-001,ACTIVE,CONTRACTOR,PERMANENT,2023-06-29,,M,Operations,Dublin,CC-IE-039
HRIS-WKR-007445,WKR-PUB-007445,IE,LE-IE-SYNTH-001,ACTIVE,EMPLOYEE,FIXED_TERM,2024-05-18,,F,Engineering,Galway,CC-IE-025
HRIS-WKR-007446,WKR-PUB-007446,IE,LE-IE-SYNTH-001,ACTIVE,EMPLOYEE,PERMANENT,2025-09-28,,M,Engineering,Dublin,CC-IE-034
HRIS-WKR-007447,WKR-PUB-007447,IE,LE-IE-SYNTH-001,ACTIVE,EMPLOYEE,PERMANENT,2015-06-14,,M,Engineering,Dublin,CC-IE-010
HRIS-WKR-007448,WKR-PUB-007448,IE,LE-IE-SYNTH-001,ACTIVE,EMPLOYEE,PERMANENT,2016-02-06,,F,Sales,Cork,CC-IE-015
HRIS-WKR-007449,WKR-PUB-007449,IE,LE-IE-SYNTH-001,ACTIVE,EMPLOYEE,PERMANENT,2025-09-04,,M,Sales,Cork,CC-IE-023
HRIS-WKR-007450,WKR-PUB-007450,IE,LE-IE-SYNTH-001,TERMINATED,EMPLOYEE,PERMANENT,2025-11-27,2026-04-18,F,Finance,Cork,CC-IE-023
HRIS-WKR-007451,WKR-PUB-007451,IE,LE-IE-SYNTH-001,ACTIVE,EMPLOYEE,PERMANENT,2020-10-04,,F,Engineering,Dublin,CC-IE-023
HRIS-WKR-007452,WKR-PUB-007452,IE,LE-IE-SYNTH-001,TERMINATED,EMPLOYEE,FIXED_TERM,2023-04-24,2026-05-27,NB,Technology,Cork,CC-IE-018
HRIS-WKR-007453,WKR-PUB-007453,IE,LE-IE-SYNTH-001,ACTIVE,EMPLOYEE,PERMANENT,2024-10-05,,M,Sales,Dublin,CC-IE-025
HRIS-WKR-007454,WKR-PUB-007454,IE,LE-IE-SYNTH-001,ACTIVE,EMPLOYEE,PERMANENT,2022-06-29,,M,Engineering,Dublin,CC-IE-004
HRIS-WKR-007455,WKR-PUB-007455,IE,LE-IE-SYNTH-001,ACTIVE,EMPLOYEE,PERMANENT,2025-01-09,,M,Engineering,Remote-IE,CC-IE-007
HRIS-WKR-007456,WKR-PUB-007456,IE,LE-IE-SYNTH-001,ACTIVE,EMPLOYEE,FIXED_TERM,2014-07-22,,,Operations,Dublin,CC-IE-016
HRIS-WKR-007457,WKR-PUB-007457,IE,LE-IE-SYNTH-001,ACTIVE,EMPLOYEE,PERMANENT,2024-11-28,,F,Engineering,Cork,CC-IE-010
HRIS-WKR-007458,WKR-PUB-007458,IE,LE-IE-SYNTH-001,ACTIVE,EMPLOYEE,PERMANENT,2022-11-24,,F,Operations,Dublin,CC-IE-033
HRIS-WKR-007459,WKR-PUB-007459,IE,LE-IE-SYNTH-001,ACTIVE,CONTRACTOR,PERMANENT,2022-05-24,,F,People,Dublin,CC-IE-022
HRIS-WKR-007460,WKR-PUB-007460,IE,LE-IE-SYNTH-001,ACTIVE,EMPLOYEE,PERMANENT,2022-09-21,,F,Sales,Dublin,CC-IE-020
HRIS-WKR-007461,WKR-PUB-007461,IE,LE-IE-SYNTH-001,ACTIVE,CONTRACTOR,PERMANENT,2025-05-27,,M,People,Dublin,CC-IE-023
HRIS-WKR-007462,WKR-PUB-007462,IE,LE-IE-SYNTH-001,ACTIVE,EMPLOYEE,FIXED_TERM,2016-09-27,,M,Operations,Dublin,CC-IE-036
HRIS-WKR-007463,WKR-PUB-007463,IE,LE-IE-SYNTH-001,TERMINATED,EMPLOYEE,FIXED_TERM,2016-07-19,2026-05-19,M,Finance,Cork,CC-IE-029
HRIS-WKR-007464,WKR-PUB-007464,IE,LE-IE-SYNTH-001,ACTIVE,EMPLOYEE,PERMANENT,2022-10-01,,M,Operations,Galway,CC-IE-003
HRIS-WKR-007465,WKR-PUB-007465,IE,LE-IE-SYNTH-001,ACTIVE,EMPLOYEE,PERMANENT,2015-09-01,,M,Finance,Galway,CC-IE-026
HRIS-WKR-007466,WKR-PUB-007466,IE,LE-IE-SYNTH-001,ACTIVE,EMPLOYEE,PERMANENT,2020-09-06,,M,Sales,Galway,CC-IE-038
HRIS-WKR-007467,WKR-PUB-007467,IE,LE-IE-SYNTH-001,ACTIVE,EMPLOYEE,PERMANENT,2018-10-30,,,Operations,Dublin,CC-IE-035
HRIS-WKR-007468,WKR-PUB-007468,IE,LE-IE-SYNTH-001,ACTIVE,CONTRACTOR,PERMANENT,2025-05-07,,M,Sales,Limerick,CC-IE-005
HRIS-WKR-007469,WKR-PUB-007469,IE,LE-IE-SYNTH-001,ACTIVE,EMPLOYEE,PERMANENT,2024-09-18,,M,Engineering,Dublin,CC-IE-009
HRIS-WKR-007470,WKR-PUB-007470,IE,LE-IE-SYNTH-001,ACTIVE,CONTRACTOR,FIXED_TERM,2020-08-27,,F,Sales,Galway,CC-IE-016
HRIS-WKR-007471,WKR-PUB-007471,IE,LE-IE-SYNTH-001,ACTIVE,EMPLOYEE,FIXED_TERM,2024-11-05,,F,Engineering,Dublin,CC-IE-018
HRIS-WKR-007472,WKR-PUB-007472,IE,LE-IE-SYNTH-001,ACTIVE,EMPLOYEE,APPRENTICE,2025-04-10,,M,Engineering,Dublin,CC-IE-002
HRIS-WKR-007473,WKR-PUB-007473,IE,LE-IE-SYNTH-001,ACTIVE,EMPLOYEE,PERMANENT,2023-08-10,,M,Operations,Dublin,CC-IE-019
HRIS-WKR-007474,WKR-PUB-007474,IE,LE-IE-SYNTH-001,ACTIVE,EMPLOYEE,PERMANENT,2014-02-07,,F,Operations,Remote-IE,CC-IE-036
HRIS-WKR-007475,WKR-PUB-007475,IE,LE-IE-SYNTH-001,ACTIVE,EMPLOYEE,PERMANENT,2018-05-06,,F,Sales,Dublin,CC-IE-010
HRIS-WKR-007476,WKR-PUB-007476,IE,LE-IE-SYNTH-001,ACTIVE,EMPLOYEE,FIXED_TERM,2017-10-28,,M,Engineering,Dublin,CC-IE-016
HRIS-WKR-007477,WKR-PUB-007477,IE,LE-IE-SYNTH-001,ACTIVE,CONTRACTOR,PERMANENT,2018-08-23,,F,Engineering,Dublin,CC-IE-005
HRIS-WKR-007478,WKR-PUB-007478,IE,LE-IE-SYNTH-001,ACTIVE,EMPLOYEE,PERMANENT,2016-12-23,,M,Finance,Cork,CC-IE-022
HRIS-WKR-007479,WKR-PUB-007479,IE,LE-IE-SYNTH-001,TERMINATED,EMPLOYEE,PERMANENT,2024-11-19,2026-04-30,M,Engineering,Dublin,CC-IE-016
HRIS-WKR-007480,WKR-PUB-007480,IE,LE-IE-SYNTH-001,ACTIVE,EMPLOYEE,PERMANENT,2020-05-26,,F,Engineering,Remote-IE,CC-IE-025
HRIS-WKR-007481,WKR-PUB-007481,IE,LE-IE-SYNTH-001,ACTIVE,EMPLOYEE,PERMANENT,2016-10-25,,M,Operations,Cork,CC-IE-015
HRIS-WKR-007482,WKR-PUB-007482,IE,LE-IE-SYNTH-001,ACTIVE,EMPLOYEE,PERMANENT,2014-01-21,,M,Technology,Dublin,CC-IE-040
HRIS-WKR-007483,WKR-PUB-007483,IE,LE-IE-SYNTH-001,ACTIVE,EMPLOYEE,PERMANENT,2025-01-29,,F,Sales,Dublin,CC-IE-024
HRIS-WKR-007484,WKR-PUB-007484,IE,LE-IE-SYNTH-001,ACTIVE,EMPLOYEE,PERMANENT,2018-09-02,,M,Finance,Limerick,CC-IE-003
HRIS-WKR-007485,WKR-PUB-007485,IE,LE-IE-SYNTH-001,ACTIVE,EMPLOYEE,PERMANENT,2019-07-21,,M,People,Galway,CC-IE-001
HRIS-WKR-007486,WKR-PUB-007486,IE,LE-IE-SYNTH-001,ACTIVE,EMPLOYEE,PERMANENT,2016-10-04,,M,Operations,Galway,CC-IE-026
HRIS-WKR-007487,WKR-PUB-007487,IE,LE-IE-SYNTH-001,ACTIVE,EMPLOYEE,PERMANENT,2019-07-10,,M,Sales,Remote-IE,CC-IE-008
HRIS-WKR-007488,WKR-PUB-007488,IE,LE-IE-SYNTH-001,ACTIVE,EMPLOYEE,PERMANENT,2018-12-08,,M,Sales,Limerick,CC-IE-021
HRIS-WKR-007489,WKR-PUB-007489,IE,LE-IE-SYNTH-001,ACTIVE,EMPLOYEE,PERMANENT,2025-10-31,,F,Engineering,Dublin,CC-IE-008
HRIS-WKR-007490,WKR-PUB-007490,IE,LE-IE-SYNTH-001,ACTIVE,EMPLOYEE,PERMANENT,2018-08-15,,F,Sales,Dublin,CC-IE-018
HRIS-WKR-007491,WKR-PUB-007491,IE,LE-IE-SYNTH-001,ACTIVE,EMPLOYEE,PERMANENT,2020-03-10,,UNDISCLOSED,Operations,Dublin,CC-IE-030
HRIS-WKR-007492,WKR-PUB-007492,IE,LE-IE-SYNTH-001,ACTIVE,EMPLOYEE,FIXED_TERM,2021-03-24,,F,Finance,Cork,CC-IE-008
HRIS-WKR-007493,WKR-PUB-007493,IE,LE-IE-SYNTH-001,ACTIVE,EMPLOYEE,PERMANENT,2018-09-30,,,Operations,Galway,CC-IE-033
HRIS-WKR-007494,WKR-PUB-007494,IE,LE-IE-SYNTH-001,ACTIVE,EMPLOYEE,PERMANENT,2015-01-21,,M,Technology,Galway,CC-IE-040
HRIS-WKR-007495,WKR-PUB-007495,IE,LE-IE-SYNTH-001,ACTIVE,EMPLOYEE,PERMANENT,2022-11-05,,F,Operations,Dublin,CC-IE-016
HRIS-WKR-007496,WKR-PUB-007496,IE,LE-IE-SYNTH-001,ACTIVE,EMPLOYEE,PERMANENT,2020-09-14,,F,Sales,Dublin,CC-IE-019
HRIS-WKR-007497,WKR-PUB-007497,IE,LE-IE-SYNTH-001,ACTIVE,EMPLOYEE,PERMANENT,2019-05-10,,F,People,Limerick,CC-IE-030
HRIS-WKR-007498,WKR-PUB-007498,IE,LE-IE-SYNTH-001,ACTIVE,CONTRACTOR,PERMANENT,2023-02-26,,F,Operations,Dublin,CC-IE-003
HRIS-WKR-007499,WKR-PUB-007499,IE,LE-IE-SYNTH-001,ACTIVE,EMPLOYEE,PERMANENT,2017-02-04,,M,Sales,Dublin,CC-IE-003
HRIS-WKR-007500,WKR-PUB-007500,IE,LE-IE-SYNTH-001,ACTIVE,EMPLOYEE,PERMANENT,2020-05-20,,F,Sales,Dublin,CC-IE-001
HRIS-WKR-007501,WKR-PUB-007501,IE,LE-IE-SYNTH-001,ACTIVE,EMPLOYEE,FIXED_TERM,2018-03-14,,M,Sales,Dublin,CC-IE-001
HRIS-WKR-007502,WKR-PUB-007502,IE,LE-IE-SYNTH-001,ACTIVE,EMPLOYEE,PERMANENT,2016-01-05,,F,Technology,Dublin,CC-IE-040
HRIS-WKR-007503,WKR-PUB-007503,IE,LE-IE-SYNTH-001,ACTIVE,EMPLOYEE,PERMANENT,2024-06-30,,M,Technology,Remote-IE,CC-IE-033
HRIS-WKR-007504,WKR-PUB-007504,IE,LE-IE-SYNTH-001,ACTIVE,EMPLOYEE,PERMANENT,2026-01-27,,M,Operations,Cork,CC-IE-009
HRIS-WKR-007505,WKR-PUB-007505,IE,LE-IE-SYNTH-001,ACTIVE,EMPLOYEE,PERMANENT,2019-09-23,,F,Engineering,Dublin,CC-IE-020
HRIS-WKR-007506,WKR-PUB-007506,IE,LE-IE-SYNTH-001,ACTIVE,EMPLOYEE,PERMANENT,2023-07-22,,F,Operations,Galway,CC-IE-027
HRIS-WKR-007507,WKR-PUB-007507,IE,LE-IE-SYNTH-001,ACTIVE,EMPLOYEE,FIXED_TERM,2015-03-08,,F,Sales,Galway,CC-IE-024
HRIS-WKR-007508,WKR-PUB-007508,IE,LE-IE-SYNTH-001,ACTIVE,EMPLOYEE,PERMANENT,2014-02-21,,,Engineering,Limerick,CC-IE-027
HRIS-WKR-007509,WKR-PUB-007509,IE,LE-IE-SYNTH-001,ACTIVE,EMPLOYEE,FIXED_TERM,2017-09-29,,M,Finance,Dublin,CC-IE-019
HRIS-WKR-007510,WKR-PUB-007510,IE,LE-IE-SYNTH-001,ACTIVE,EMPLOYEE,PERMANENT,2017-08-03,,M,Operations,Dublin,CC-IE-018
HRIS-WKR-007511,WKR-PUB-007511,IE,LE-IE-SYNTH-001,ACTIVE,EMPLOYEE,FIXED_TERM,2016-07-11,,F,People,Dublin,CC-IE-018
HRIS-WKR-007512,WKR-PUB-007512,IE,LE-IE-SYNTH-001,ACTIVE,EMPLOYEE,PERMANENT,2023-09-11,,M,Engineering,Limerick,CC-IE-033
HRIS-WKR-007513,WKR-PUB-007513,IE,LE-IE-SYNTH-001,ACTIVE,EMPLOYEE,PERMANENT,2020-10-27,,F,Engineering,Dublin,CC-IE-018
HRIS-WKR-007514,WKR-PUB-007514,IE,LE-IE-SYNTH-001,ACTIVE,EMPLOYEE,PERMANENT,2016-12-05,,M,Engineering,Limerick,CC-IE-026
HRIS-WKR-007515,WKR-PUB-007515,IE,LE-IE-SYNTH-001,ACTIVE,EMPLOYEE,FIXED_TERM,2022-11-06,,M,Operations,Dublin,CC-IE-022
HRIS-WKR-007516,WKR-PUB-007516,IE,LE-IE-SYNTH-001,ACTIVE,EMPLOYEE,PERMANENT,2017-12-14,,M,Operations,Remote-IE,CC-IE-037
HRIS-WKR-007517,WKR-PUB-007517,IE,LE-IE-SYNTH-001,ACTIVE,EMPLOYEE,APPRENTICE,2024-12-02,,F,Engineering,Dublin,CC-IE-024
HRIS-WKR-007518,WKR-PUB-007518,IE,LE-IE-SYNTH-001,ACTIVE,EMPLOYEE,PERMANENT,2018-02-24,,M,Engineering,Dublin,CC-IE-018
HRIS-WKR-007519,WKR-PUB-007519,IE,LE-IE-SYNTH-001,ACTIVE,EMPLOYEE,FIXED_TERM,2022-07-22,,M,Sales,Remote-IE,CC-IE-026
HRIS-WKR-007520,WKR-PUB-007520,IE,LE-IE-SYNTH-001,ACTIVE,EMPLOYEE,PERMANENT,2020-07-05,,M,Technology,Dublin,CC-IE-023
HRIS-WKR-007521,WKR-PUB-007521,IE,LE-IE-SYNTH-001,ACTIVE,EMPLOYEE,PERMANENT,2018-01-03,,F,Finance,Dublin,CC-IE-013
HRIS-WKR-007522,WKR-PUB-007522,IE,LE-IE-SYNTH-001,ACTIVE,EMPLOYEE,PERMANENT,2015-10-27,,M,Sales,Dublin,CC-IE-037
HRIS-WKR-007523,WKR-PUB-007523,IE,LE-IE-SYNTH-001,ACTIVE,EMPLOYEE,PERMANENT,2025-05-30,,F,Operations,Galway,CC-IE-002
HRIS-WKR-007524,WKR-PUB-007524,IE,LE-IE-SYNTH-001,ACTIVE,EMPLOYEE,PERMANENT,2014-08-23,,,Engineering,Dublin,CC-IE-007
HRIS-WKR-007525,WKR-PUB-007525,IE,LE-IE-SYNTH-001,TERMINATED,EMPLOYEE,PERMANENT,2022-06-11,2026-10-13,M,Finance,Remote-IE,CC-IE-034
HRIS-WKR-007526,WKR-PUB-007526,IE,LE-IE-SYNTH-001,ACTIVE,EMPLOYEE,PERMANENT,2022-05-12,,F,Finance,Dublin,CC-IE-020
HRIS-WKR-007527,WKR-PUB-007527,IE,LE-IE-SYNTH-001,ACTIVE,EMPLOYEE,FIXED_TERM,2022-08-10,,M,Engineering,Cork,CC-IE-029
HRIS-WKR-007528,WKR-PUB-007528,IE,LE-IE-SYNTH-001,ACTIVE,EMPLOYEE,PERMANENT,2021-04-04,,F,Operations,Cork,CC-IE-003
HRIS-WKR-007529,WKR-PUB-007529,IE,LE-IE-SYNTH-001,ACTIVE,EMPLOYEE,FIXED_TERM,2020-05-04,,M,People,Dublin,CC-IE-035
HRIS-WKR-007530,WKR-PUB-007530,IE,LE-IE-SYNTH-001,ACTIVE,EMPLOYEE,PERMANENT,2023-03-05,,F,Engineering,Limerick,CC-IE-006
HRIS-WKR-007531,WKR-PUB-007531,IE,LE-IE-SYNTH-001,ACTIVE,CONTRACTOR,PERMANENT,2023-07-17,,M,Engineering,Remote-IE,CC-IE-002
HRIS-WKR-007532,WKR-PUB-007532,IE,LE-IE-SYNTH-001,ACTIVE,EMPLOYEE,PERMANENT,2015-12-29,,M,Sales,Dublin,CC-IE-030
HRIS-WKR-007533,WKR-PUB-007533,IE,LE-IE-SYNTH-001,ACTIVE,EMPLOYEE,PERMANENT,2026-01-30,,NB,Engineering,Dublin,CC-IE-001
HRIS-WKR-007534,WKR-PUB-007534,IE,LE-IE-SYNTH-001,ACTIVE,EMPLOYEE,PERMANENT,2018-12-10,,F,People,Dublin,CC-IE-030
HRIS-WKR-007535,WKR-PUB-007535,IE,LE-IE-SYNTH-001,ACTIVE,EMPLOYEE,PERMANENT,2024-12-18,,M,Engineering,Dublin,CC-IE-022
HRIS-WKR-007536,WKR-PUB-007536,IE,LE-IE-SYNTH-001,ACTIVE,EMPLOYEE,PERMANENT,2021-01-29,,M,Engineering,Dublin,CC-IE-030
HRIS-WKR-007537,WKR-PUB-007537,IE,LE-IE-SYNTH-001,ACTIVE,EMPLOYEE,FIXED_TERM,2016-05-03,,NB,People,Remote-IE,CC-IE-007
HRIS-WKR-007538,WKR-PUB-007538,IE,LE-IE-SYNTH-001,ACTIVE,EMPLOYEE,FIXED_TERM,2020-01-12,,M,Sales,Remote-IE,CC-IE-024
HRIS-WKR-007539,WKR-PUB-007539,IE,LE-IE-SYNTH-001,ACTIVE,EMPLOYEE,PERMANENT,2019-05-13,,F,Finance,Remote-IE,CC-IE-040
HRIS-WKR-007540,WKR-PUB-007540,IE,LE-IE-SYNTH-001,ACTIVE,EMPLOYEE,PERMANENT,2025-11-03,,M,Engineering,Dublin,CC-IE-038
HRIS-WKR-007541,WKR-PUB-007541,IE,LE-IE-SYNTH-001,ACTIVE,EMPLOYEE,PERMANENT,2025-11-03,,M,Sales,Limerick,CC-IE-029
HRIS-WKR-007542,WKR-PUB-007542,IE,LE-IE-SYNTH-001,ACTIVE,CONTRACTOR,PERMANENT,2019-01-12,,M,Sales,Dublin,CC-IE-030
HRIS-WKR-007543,WKR-PUB-007543,IE,LE-IE-SYNTH-001,ACTIVE,EMPLOYEE,FIXED_TERM,2014-06-17,,M,Operations,Cork,CC-IE-024
HRIS-WKR-007544,WKR-PUB-007544,IE,LE-IE-SYNTH-001,ACTIVE,CONTRACTOR,PERMANENT,2014-08-06,,M,People,Dublin,CC-IE-032
HRIS-WKR-007545,WKR-PUB-007545,IE,LE-IE-SYNTH-001,ACTIVE,EMPLOYEE,PERMANENT,2019-11-17,,F,Engineering,Dublin,CC-IE-010
HRIS-WKR-007546,WKR-PUB-007546,IE,LE-IE-SYNTH-001,ACTIVE,EMPLOYEE,PERMANENT,2020-10-09,,F,Finance,Cork,CC-IE-037
HRIS-WKR-007547,WKR-PUB-007547,IE,LE-IE-SYNTH-001,ACTIVE,EMPLOYEE,PERMANENT,2014-06-10,,M,Engineering,Cork,CC-IE-012
HRIS-WKR-007548,WKR-PUB-007548,IE,LE-IE-SYNTH-001,ACTIVE,CONTRACTOR,PERMANENT,2020-05-19,,M,Engineering,Remote-IE,CC-IE-020
HRIS-WKR-007549,WKR-PUB-007549,IE,LE-IE-SYNTH-001,ACTIVE,EMPLOYEE,PERMANENT,2016-02-01,,M,Sales,Dublin,CC-IE-005
HRIS-WKR-007550,WKR-PUB-007550,IE,LE-IE-SYNTH-001,ACTIVE,EMPLOYEE,PERMANENT,2014-06-07,,M,Engineering,Dublin,CC-IE-016
HRIS-WKR-007551,WKR-PUB-007551,IE,LE-IE-SYNTH-001,ACTIVE,EMPLOYEE,PERMANENT,2023-07-06,,M,Finance,Dublin,CC-IE-037
HRIS-WKR-007552,WKR-PUB-007552,IE,LE-IE-SYNTH-001,ACTIVE,EMPLOYEE,PERMANENT,2021-07-13,,M,Finance,Limerick,CC-IE-034
HRIS-WKR-007553,WKR-PUB-007553,IE,LE-IE-SYNTH-001,ACTIVE,EMPLOYEE,PERMANENT,2022-03-30,,M,Operations,Remote-IE,CC-IE-014
HRIS-WKR-007554,WKR-PUB-007554,IE,LE-IE-SYNTH-001,ACTIVE,EMPLOYEE,FIXED_TERM,2024-10-10,,M,Operations,Dublin,CC-IE-021
HRIS-WKR-007555,WKR-PUB-007555,IE,LE-IE-SYNTH-001,ACTIVE,EMPLOYEE,PERMANENT,2024-09-03,,M,Engineering,Limerick,CC-IE-020
HRIS-WKR-007556,WKR-PUB-007556,IE,LE-IE-SYNTH-001,ACTIVE,EMPLOYEE,FIXED_TERM,2014-12-22,,F,Engineering,Cork,CC-IE-015
HRIS-WKR-007557,WKR-PUB-007557,IE,LE-IE-SYNTH-001,TERMINATED,EMPLOYEE,PERMANENT,2025-09-28,2026-09-08,M,Technology,Dublin,CC-IE-010
HRIS-WKR-007558,WKR-PUB-007558,IE,LE-IE-SYNTH-001,TERMINATED,EMPLOYEE,PERMANENT,2017-06-11,2026-04-02,F,Finance,Dublin,CC-IE-026
HRIS-WKR-007559,WKR-PUB-007559,IE,LE-IE-SYNTH-001,ACTIVE,EMPLOYEE,FIXED_TERM,2019-03-06,,M,Technology,Dublin,CC-IE-032
HRIS-WKR-007560,WKR-PUB-007560,IE,LE-IE-SYNTH-001,ACTIVE,EMPLOYEE,PERMANENT,2018-05-13,,M,Sales,Dublin,CC-IE-011
HRIS-WKR-007561,WKR-PUB-007561,IE,LE-IE-SYNTH-001,ACTIVE,EMPLOYEE,FIXED_TERM,2015-06-18,,F,Sales,Limerick,CC-IE-006
HRIS-WKR-007562,WKR-PUB-007562,IE,LE-IE-SYNTH-001,ACTIVE,EMPLOYEE,PERMANENT,2022-02-25,,M,Finance,Remote-IE,CC-IE-015
HRIS-WKR-007563,WKR-PUB-007563,IE,LE-IE-SYNTH-001,ACTIVE,EMPLOYEE,APPRENTICE,2016-11-28,,M,Engineering,Dublin,CC-IE-008
HRIS-WKR-007564,WKR-PUB-007564,IE,LE-IE-SYNTH-001,ACTIVE,EMPLOYEE,PERMANENT,2019-07-01,,F,Technology,Dublin,CC-IE-007
HRIS-WKR-007565,WKR-PUB-007565,IE,LE-IE-SYNTH-001,ACTIVE,EMPLOYEE,PERMANENT,2017-01-19,,F,Technology,Limerick,CC-IE-027
HRIS-WKR-007566,WKR-PUB-007566,IE,LE-IE-SYNTH-001,ACTIVE,EMPLOYEE,FIXED_TERM,2014-11-18,,M,Sales,Dublin,CC-IE-032
HRIS-WKR-007567,WKR-PUB-007567,IE,LE-IE-SYNTH-001,ACTIVE,EMPLOYEE,FIXED_TERM,2020-04-25,,F,Engineering,Dublin,CC-IE-001
HRIS-WKR-007568,WKR-PUB-007568,IE,LE-IE-SYNTH-001,ACTIVE,EMPLOYEE,PERMANENT,2024-06-13,,M,People,Cork,CC-IE-031
HRIS-WKR-007569,WKR-PUB-007569,IE,LE-IE-SYNTH-001,ACTIVE,EMPLOYEE,PERMANENT,2025-09-02,,F,Technology,Dublin,CC-IE-013
HRIS-WKR-007570,WKR-PUB-007570,IE,LE-IE-SYNTH-001,ACTIVE,EMPLOYEE,FIXED_TERM,2019-08-07,,M,Sales,Limerick,CC-IE-003
HRIS-WKR-007571,WKR-PUB-007571,IE,LE-IE-SYNTH-001,ACTIVE,EMPLOYEE,FIXED_TERM,2024-09-16,,M,Operations,Dublin,CC-IE-007
HRIS-WKR-007572,WKR-PUB-007572,IE,LE-IE-SYNTH-001,ACTIVE,EMPLOYEE,PERMANENT,2020-01-25,,F,People,Dublin,CC-IE-004
HRIS-WKR-007573,WKR-PUB-007573,IE,LE-IE-SYNTH-001,ACTIVE,EMPLOYEE,PERMANENT,2021-04-11,,M,Operations,Galway,CC-IE-015
HRIS-WKR-007574,WKR-PUB-007574,IE,LE-IE-SYNTH-001,ACTIVE,EMPLOYEE,PERMANENT,2020-10-30,,M,Engineering,Limerick,CC-IE-014
HRIS-WKR-007575,WKR-PUB-007575,IE,LE-IE-SYNTH-001,ACTIVE,EMPLOYEE,PERMANENT,2015-03-12,,M,Engineering,Dublin,CC-IE-024
HRIS-WKR-007576,WKR-PUB-007576,IE,LE-IE-SYNTH-001,ACTIVE,EMPLOYEE,PERMANENT,2023-11-14,,F,Sales,Remote-IE,CC-IE-006
HRIS-WKR-007577,WKR-PUB-007577,IE,LE-IE-SYNTH-001,ACTIVE,EMPLOYEE,APPRENTICE,2019-10-16,,M,Operations,Dublin,CC-IE-030
HRIS-WKR-007578,WKR-PUB-007578,IE,LE-IE-SYNTH-001,ACTIVE,EMPLOYEE,PERMANENT,2023-03-15,,M,Operations,Dublin,CC-IE-009
HRIS-WKR-007579,WKR-PUB-007579,IE,LE-IE-SYNTH-001,ACTIVE,EMPLOYEE,PERMANENT,2015-06-20,,F,Technology,Dublin,CC-IE-031
HRIS-WKR-007580,WKR-PUB-007580,IE,LE-IE-SYNTH-001,ACTIVE,EMPLOYEE,PERMANENT,2024-11-25,,F,Engineering,Dublin,CC-IE-001
HRIS-WKR-007581,WKR-PUB-007581,IE,LE-IE-SYNTH-001,ACTIVE,EMPLOYEE,PERMANENT,2025-08-03,,F,Operations,Cork,CC-IE-007
HRIS-WKR-007582,WKR-PUB-007582,IE,LE-IE-SYNTH-001,ACTIVE,EMPLOYEE,FIXED_TERM,2017-11-12,,F,Sales,Dublin,CC-IE-020
HRIS-WKR-007583,WKR-PUB-007583,IE,LE-IE-SYNTH-001,ACTIVE,EMPLOYEE,PERMANENT,2023-03-04,,M,Finance,Remote-IE,CC-IE-037
HRIS-WKR-007584,WKR-PUB-007584,IE,LE-IE-SYNTH-001,ACTIVE,EMPLOYEE,PERMANENT,2023-06-24,,F,Sales,Galway,CC-IE-020
HRIS-WKR-007585,WKR-PUB-007585,IE,LE-IE-SYNTH-001,ACTIVE,EMPLOYEE,PERMANENT,2014-10-25,,M,Finance,Galway,CC-IE-020
HRIS-WKR-007586,WKR-PUB-007586,IE,LE-IE-SYNTH-001,ACTIVE,CONTRACTOR,PERMANENT,2023-05-30,,M,Operations,Dublin,CC-IE-025
HRIS-WKR-007587,WKR-PUB-007587,IE,LE-IE-SYNTH-001,ACTIVE,EMPLOYEE,PERMANENT,2025-06-02,,F,Sales,Dublin,CC-IE-027
HRIS-WKR-007588,WKR-PUB-007588,IE,LE-IE-SYNTH-001,ACTIVE,EMPLOYEE,PERMANENT,2022-11-02,,F,Engineering,Dublin,CC-IE-031
HRIS-WKR-007589,WKR-PUB-007589,IE,LE-IE-SYNTH-001,ACTIVE,EMPLOYEE,PERMANENT,2025-05-28,,M,Sales,Cork,CC-IE-024
HRIS-WKR-007590,WKR-PUB-007590,IE,LE-IE-SYNTH-001,ACTIVE,CONTRACTOR,PERMANENT,2020-01-31,,M,Operations,Dublin,CC-IE-025
HRIS-WKR-007591,WKR-PUB-007591,IE,LE-IE-SYNTH-001,ACTIVE,EMPLOYEE,FIXED_TERM,2017-07-05,,,Engineering,Dublin,CC-IE-038
HRIS-WKR-007592,WKR-PUB-007592,IE,LE-IE-SYNTH-001,ACTIVE,EMPLOYEE,PERMANENT,2024-07-13,,F,Operations,Cork,CC-IE-022
HRIS-WKR-007593,WKR-PUB-007593,IE,LE-IE-SYNTH-001,ACTIVE,EMPLOYEE,PERMANENT,2017-10-12,,M,Operations,Galway,CC-IE-006
HRIS-WKR-007594,WKR-PUB-007594,IE,LE-IE-SYNTH-001,ACTIVE,EMPLOYEE,FIXED_TERM,2024-12-08,,F,Engineering,Dublin,CC-IE-031
HRIS-WKR-007595,WKR-PUB-007595,IE,LE-IE-SYNTH-001,ACTIVE,EMPLOYEE,PERMANENT,2016-08-10,,M,Engineering,Remote-IE,CC-IE-009
HRIS-WKR-007596,WKR-PUB-007596,IE,LE-IE-SYNTH-001,ACTIVE,EMPLOYEE,PERMANENT,2015-07-27,,F,Technology,Remote-IE,CC-IE-006
HRIS-WKR-007597,WKR-PUB-007597,IE,LE-IE-SYNTH-001,ACTIVE,EMPLOYEE,FIXED_TERM,2014-02-12,,F,Engineering,Dublin,CC-IE-009
HRIS-WKR-007598,WKR-PUB-007598,IE,LE-IE-SYNTH-001,ACTIVE,EMPLOYEE,APPRENTICE,2025-11-06,,F,Engineering,Galway,CC-IE-009
HRIS-WKR-007599,WKR-PUB-007599,IE,LE-IE-SYNTH-001,ACTIVE,EMPLOYEE,PERMANENT,2023-09-11,,F,Operations,Dublin,CC-IE-008
HRIS-WKR-007600,WKR-PUB-007600,IE,LE-IE-SYNTH-001,ACTIVE,EMPLOYEE,PERMANENT,2022-03-26,,M,Engineering,Dublin,CC-IE-024
HRIS-WKR-007601,WKR-PUB-007601,IE,LE-IE-SYNTH-001,ACTIVE,EMPLOYEE,PERMANENT,2015-12-02,,UNDISCLOSED,People,Limerick,CC-IE-011
HRIS-WKR-007602,WKR-PUB-007602,IE,LE-IE-SYNTH-001,ACTIVE,EMPLOYEE,PERMANENT,2014-03-25,,M,Engineering,Dublin,CC-IE-036
HRIS-WKR-007603,WKR-PUB-007603,IE,LE-IE-SYNTH-001,ACTIVE,EMPLOYEE,FIXED_TERM,2017-06-03,,M,Finance,Cork,CC-IE-029
HRIS-WKR-007604,WKR-PUB-007604,IE,LE-IE-SYNTH-001,ACTIVE,EMPLOYEE,PERMANENT,2019-12-07,,F,Engineering,Dublin,CC-IE-014
HRIS-WKR-007605,WKR-PUB-007605,IE,LE-IE-SYNTH-001,TERMINATED,EMPLOYEE,PERMANENT,2015-11-01,2026-06-26,F,Sales,Cork,CC-IE-039
HRIS-WKR-007606,WKR-PUB-007606,IE,LE-IE-SYNTH-001,ACTIVE,EMPLOYEE,PERMANENT,2018-05-04,,F,Sales,Dublin,CC-IE-020
HRIS-WKR-007607,WKR-PUB-007607,IE,LE-IE-SYNTH-001,ACTIVE,EMPLOYEE,PERMANENT,2020-06-12,,F,Operations,Dublin,CC-IE-002
HRIS-WKR-007608,WKR-PUB-007608,IE,LE-IE-SYNTH-001,ACTIVE,EMPLOYEE,PERMANENT,2025-01-21,,F,Operations,Dublin,CC-IE-036
HRIS-WKR-007609,WKR-PUB-007609,IE,LE-IE-SYNTH-001,ACTIVE,EMPLOYEE,PERMANENT,2025-04-01,,M,Technology,Cork,CC-IE-023
HRIS-WKR-007610,WKR-PUB-007610,IE,LE-IE-SYNTH-001,ACTIVE,EMPLOYEE,PERMANENT,2016-01-06,,F,Operations,Remote-IE,CC-IE-014
HRIS-WKR-007611,WKR-PUB-007611,IE,LE-IE-SYNTH-001,ACTIVE,EMPLOYEE,FIXED_TERM,2023-02-13,,M,Engineering,Remote-IE,CC-IE-022
HRIS-WKR-007612,WKR-PUB-007612,IE,LE-IE-SYNTH-001,ACTIVE,EMPLOYEE,PERMANENT,2025-03-24,,M,Finance,Limerick,CC-IE-030
HRIS-WKR-007613,WKR-PUB-007613,IE,LE-IE-SYNTH-001,ACTIVE,CONTRACTOR,PERMANENT,2014-06-13,,M,Technology,Dublin,CC-IE-028
HRIS-WKR-007614,WKR-PUB-007614,IE,LE-IE-SYNTH-001,ACTIVE,EMPLOYEE,PERMANENT,2022-06-01,,F,Engineering,Limerick,CC-IE-018
HRIS-WKR-007615,WKR-PUB-007615,IE,LE-IE-SYNTH-001,ACTIVE,EMPLOYEE,PERMANENT,2023-09-28,,M,People,Dublin,CC-IE-040
HRIS-WKR-007616,WKR-PUB-007616,IE,LE-IE-SYNTH-001,ACTIVE,EMPLOYEE,PERMANENT,2016-07-24,,M,Sales,Galway,CC-IE-014
HRIS-WKR-007617,WKR-PUB-007617,IE,LE-IE-SYNTH-001,ACTIVE,CONTRACTOR,PERMANENT,2025-10-15,,F,Engineering,Galway,CC-IE-034
HRIS-WKR-007618,WKR-PUB-007618,IE,LE-IE-SYNTH-001,ACTIVE,EMPLOYEE,PERMANENT,2024-05-31,,M,Technology,Dublin,CC-IE-040
HRIS-WKR-007619,WKR-PUB-007619,IE,LE-IE-SYNTH-001,ACTIVE,CONTRACTOR,PERMANENT,2025-03-17,,F,Sales,Dublin,CC-IE-034
HRIS-WKR-007620,WKR-PUB-007620,IE,LE-IE-SYNTH-001,ACTIVE,EMPLOYEE,PERMANENT,2023-10-13,,F,Finance,Dublin,CC-IE-021
HRIS-WKR-007621,WKR-PUB-007621,IE,LE-IE-SYNTH-001,ACTIVE,EMPLOYEE,PERMANENT,2017-11-18,,F,Operations,Remote-IE,CC-IE-012
HRIS-WKR-007622,WKR-PUB-007622,IE,LE-IE-SYNTH-001,ACTIVE,EMPLOYEE,FIXED_TERM,2021-09-02,,M,Technology,Limerick,CC-IE-033
HRIS-WKR-007623,WKR-PUB-007623,IE,LE-IE-SYNTH-001,ACTIVE,EMPLOYEE,PERMANENT,2025-07-19,,M,Engineering,Dublin,CC-IE-029
HRIS-WKR-007624,WKR-PUB-007624,IE,LE-IE-SYNTH-001,ACTIVE,EMPLOYEE,PERMANENT,2020-07-05,,NB,Technology,Dublin,CC-IE-013
HRIS-WKR-007625,WKR-PUB-007625,IE,LE-IE-SYNTH-001,ACTIVE,EMPLOYEE,PERMANENT,2018-03-31,,F,Sales,Dublin,CC-IE-038
HRIS-WKR-007626,WKR-PUB-007626,IE,LE-IE-SYNTH-001,ACTIVE,EMPLOYEE,PERMANENT,2024-04-06,,F,Engineering,Limerick,CC-IE-037
HRIS-WKR-007627,WKR-PUB-007627,IE,LE-IE-SYNTH-001,ACTIVE,CONTRACTOR,FIXED_TERM,2018-06-28,,M,Engineering,Dublin,CC-IE-020
HRIS-WKR-007628,WKR-PUB-007628,IE,LE-IE-SYNTH-001,ACTIVE,EMPLOYEE,PERMANENT,2018-10-09,,F,Operations,Galway,CC-IE-037
HRIS-WKR-007629,WKR-PUB-007629,IE,LE-IE-SYNTH-001,ACTIVE,EMPLOYEE,PERMANENT,2019-11-06,,M,Sales,Remote-IE,CC-IE-023
HRIS-WKR-007630,WKR-PUB-007630,IE,LE-IE-SYNTH-001,ACTIVE,EMPLOYEE,PERMANENT,2019-05-13,,M,People,Galway,CC-IE-039
HRIS-WKR-007631,WKR-PUB-007631,IE,LE-IE-SYNTH-001,ACTIVE,EMPLOYEE,FIXED_TERM,2023-10-30,,M,Sales,Limerick,CC-IE-017
HRIS-WKR-007632,WKR-PUB-007632,IE,LE-IE-SYNTH-001,ACTIVE,EMPLOYEE,PERMANENT,2021-09-21,,M,People,Cork,CC-IE-014
HRIS-WKR-007633,WKR-PUB-007633,IE,LE-IE-SYNTH-001,ACTIVE,EMPLOYEE,PERMANENT,2019-01-05,,F,Operations,Dublin,CC-IE-036
HRIS-WKR-007634,WKR-PUB-007634,IE,LE-IE-SYNTH-001,TERMINATED,EMPLOYEE,PERMANENT,2021-05-21,2026-02-19,M,Engineering,Dublin,CC-IE-013
HRIS-WKR-007635,WKR-PUB-007635,IE,LE-IE-SYNTH-001,ACTIVE,EMPLOYEE,PERMANENT,2016-10-07,,F,Sales,Limerick,CC-IE-016
HRIS-WKR-007636,WKR-PUB-007636,IE,LE-IE-SYNTH-001,ACTIVE,EMPLOYEE,PERMANENT,2020-07-17,,M,Engineering,Remote-IE,CC-IE-005
HRIS-WKR-007637,WKR-PUB-007637,IE,LE-IE-SYNTH-001,ACTIVE,EMPLOYEE,PERMANENT,2019-08-13,,M,Operations,Remote-IE,CC-IE-009
HRIS-WKR-007638,WKR-PUB-007638,IE,LE-IE-SYNTH-001,ACTIVE,EMPLOYEE,PERMANENT,2023-02-23,,F,Technology,Dublin,CC-IE-009
HRIS-WKR-007639,WKR-PUB-007639,IE,LE-IE-SYNTH-001,ACTIVE,EMPLOYEE,PERMANENT,2014-03-03,,F,Finance,Limerick,CC-IE-010
HRIS-WKR-007640,WKR-PUB-007640,IE,LE-IE-SYNTH-001,ACTIVE,EMPLOYEE,PERMANENT,2015-04-02,,F,Operations,Dublin,CC-IE-027
HRIS-WKR-007641,WKR-PUB-007641,IE,LE-IE-SYNTH-001,ACTIVE,EMPLOYEE,PERMANENT,2018-07-16,,M,Sales,Dublin,CC-IE-032
HRIS-WKR-007642,WKR-PUB-007642,IE,LE-IE-SYNTH-001,ACTIVE,CONTRACTOR,FIXED_TERM,2021-07-11,,M,Sales,Remote-IE,CC-IE-029
HRIS-WKR-007643,WKR-PUB-007643,IE,LE-IE-SYNTH-001,ACTIVE,EMPLOYEE,PERMANENT,2024-06-10,,M,Engineering,Cork,CC-IE-002
HRIS-WKR-007644,WKR-PUB-007644,IE,LE-IE-SYNTH-001,ACTIVE,EMPLOYEE,FIXED_TERM,2023-10-20,,M,Technology,Dublin,CC-IE-023
HRIS-WKR-007645,WKR-PUB-007645,IE,LE-IE-SYNTH-001,ACTIVE,EMPLOYEE,PERMANENT,2022-08-02,,,Engineering,Limerick,CC-IE-040
HRIS-WKR-007646,WKR-PUB-007646,IE,LE-IE-SYNTH-001,ACTIVE,EMPLOYEE,PERMANENT,2022-05-01,,F,Engineering,Limerick,CC-IE-001
HRIS-WKR-007647,WKR-PUB-007647,IE,LE-IE-SYNTH-001,ACTIVE,EMPLOYEE,FIXED_TERM,2021-06-22,,F,Engineering,Cork,CC-IE-027
HRIS-WKR-007648,WKR-PUB-007648,IE,LE-IE-SYNTH-001,ACTIVE,EMPLOYEE,FIXED_TERM,2018-09-11,,F,Engineering,Cork,CC-IE-004
HRIS-WKR-007649,WKR-PUB-007649,IE,LE-IE-SYNTH-001,ACTIVE,EMPLOYEE,FIXED_TERM,2023-05-27,,F,Engineering,Dublin,CC-IE-014
HRIS-WKR-007650,WKR-PUB-007650,IE,LE-IE-SYNTH-001,ACTIVE,EMPLOYEE,PERMANENT,2019-07-05,,NB,Operations,Galway,CC-IE-024
HRIS-WKR-007651,WKR-PUB-007651,IE,LE-IE-SYNTH-001,ACTIVE,EMPLOYEE,PERMANENT,2020-09-17,,M,Engineering,Dublin,CC-IE-013
HRIS-WKR-007652,WKR-PUB-007652,IE,LE-IE-SYNTH-001,ACTIVE,EMPLOYEE,PERMANENT,2019-10-02,,M,Technology,Dublin,CC-IE-038
HRIS-WKR-007653,WKR-PUB-007653,IE,LE-IE-SYNTH-001,ACTIVE,EMPLOYEE,PERMANENT,2023-06-14,,F,Operations,Remote-IE,CC-IE-039
HRIS-WKR-007654,WKR-PUB-007654,IE,LE-IE-SYNTH-001,ACTIVE,EMPLOYEE,PERMANENT,2015-12-29,,M,Engineering,Dublin,CC-IE-039
HRIS-WKR-007655,WKR-PUB-007655,IE,LE-IE-SYNTH-001,ACTIVE,EMPLOYEE,PERMANENT,2014-09-12,,F,Sales,Dublin,CC-IE-037
HRIS-WKR-007656,WKR-PUB-007656,IE,LE-IE-SYNTH-001,ACTIVE,EMPLOYEE,FIXED_TERM,2026-01-12,,M,Finance,Dublin,CC-IE-017
HRIS-WKR-007657,WKR-PUB-007657,IE,LE-IE-SYNTH-001,ACTIVE,EMPLOYEE,PERMANENT,2016-01-07,,M,Technology,Remote-IE,CC-IE-013
HRIS-WKR-007658,WKR-PUB-007658,IE,LE-IE-SYNTH-001,TERMINATED,CONTRACTOR,PERMANENT,2015-04-21,2026-10-01,F,Operations,Cork,CC-IE-015
HRIS-WKR-007659,WKR-PUB-007659,IE,LE-IE-SYNTH-001,ACTIVE,CONTRACTOR,FIXED_TERM,2024-07-24,,M,People,Limerick,CC-IE-005
HRIS-WKR-007660,WKR-PUB-007660,IE,LE-IE-SYNTH-001,ACTIVE,EMPLOYEE,FIXED_TERM,2022-03-09,,M,Engineering,Cork,CC-IE-011
HRIS-WKR-007661,WKR-PUB-007661,IE,LE-IE-SYNTH-001,ACTIVE,CONTRACTOR,PERMANENT,2017-03-14,,M,Engineering,Galway,CC-IE-029
HRIS-WKR-007662,WKR-PUB-007662,IE,LE-IE-SYNTH-001,ACTIVE,CONTRACTOR,PERMANENT,2024-07-16,,F,Finance,Dublin,CC-IE-015
HRIS-WKR-007663,WKR-PUB-007663,IE,LE-IE-SYNTH-001,ACTIVE,EMPLOYEE,PERMANENT,2021-04-14,,M,Sales,Dublin,CC-IE-015
HRIS-WKR-007664,WKR-PUB-007664,IE,LE-IE-SYNTH-001,ACTIVE,EMPLOYEE,FIXED_TERM,2023-12-15,,M,Sales,Dublin,CC-IE-016
HRIS-WKR-007665,WKR-PUB-007665,IE,LE-IE-SYNTH-001,ACTIVE,EMPLOYEE,PERMANENT,2022-09-10,,M,Operations,Dublin,CC-IE-036
HRIS-WKR-007666,WKR-PUB-007666,IE,LE-IE-SYNTH-001,ACTIVE,EMPLOYEE,FIXED_TERM,2022-10-20,,M,Sales,Galway,CC-IE-021
HRIS-WKR-007667,WKR-PUB-007667,IE,LE-IE-SYNTH-001,ACTIVE,EMPLOYEE,PERMANENT,2020-02-22,,F,Sales,Dublin,CC-IE-009
HRIS-WKR-007668,WKR-PUB-007668,IE,LE-IE-SYNTH-001,ACTIVE,EMPLOYEE,PERMANENT,2019-03-07,,M,Engineering,Galway,CC-IE-038
HRIS-WKR-007669,WKR-PUB-007669,IE,LE-IE-SYNTH-001,ACTIVE,EMPLOYEE,PERMANENT,2016-04-04,,M,Engineering,Limerick,CC-IE-021
HRIS-WKR-007670,WKR-PUB-007670,IE,LE-IE-SYNTH-001,ACTIVE,EMPLOYEE,FIXED_TERM,2021-10-04,,M,Sales,Dublin,CC-IE-038
HRIS-WKR-007671,WKR-PUB-007671,IE,LE-IE-SYNTH-001,ACTIVE,EMPLOYEE,APPRENTICE,2024-02-12,,M,Engineering,Cork,CC-IE-031
HRIS-WKR-007672,WKR-PUB-007672,IE,LE-IE-SYNTH-001,ACTIVE,EMPLOYEE,PERMANENT,2017-09-02,,M,Finance,Cork,CC-IE-010
HRIS-WKR-007673,WKR-PUB-007673,IE,LE-IE-SYNTH-001,TERMINATED,EMPLOYEE,PERMANENT,2014-12-03,2026-05-04,F,Sales,Dublin,CC-IE-002
HRIS-WKR-007674,WKR-PUB-007674,IE,LE-IE-SYNTH-001,ACTIVE,EMPLOYEE,PERMANENT,2016-01-07,,F,Operations,Dublin,CC-IE-030
HRIS-WKR-007675,WKR-PUB-007675,IE,LE-IE-SYNTH-001,ACTIVE,EMPLOYEE,FIXED_TERM,2014-11-30,,M,Sales,Dublin,CC-IE-027
HRIS-WKR-007676,WKR-PUB-007676,IE,LE-IE-SYNTH-001,ACTIVE,EMPLOYEE,PERMANENT,2024-10-24,,M,People,Dublin,CC-IE-010
HRIS-WKR-007677,WKR-PUB-007677,IE,LE-IE-SYNTH-001,TERMINATED,EMPLOYEE,PERMANENT,2023-06-15,2026-08-02,F,Technology,Dublin,CC-IE-003
HRIS-WKR-007678,WKR-PUB-007678,IE,LE-IE-SYNTH-001,ACTIVE,EMPLOYEE,PERMANENT,2023-01-25,,F,Sales,Remote-IE,CC-IE-011
HRIS-WKR-007679,WKR-PUB-007679,IE,LE-IE-SYNTH-001,ACTIVE,EMPLOYEE,PERMANENT,2014-01-02,,F,Engineering,Limerick,CC-IE-030
HRIS-WKR-007680,WKR-PUB-007680,IE,LE-IE-SYNTH-001,ACTIVE,EMPLOYEE,PERMANENT,2016-09-27,,M,Technology,Dublin,CC-IE-022
HRIS-WKR-007681,WKR-PUB-007681,IE,LE-IE-SYNTH-001,ACTIVE,EMPLOYEE,PERMANENT,2020-02-15,,F,Engineering,Limerick,CC-IE-002
HRIS-WKR-007682,WKR-PUB-007682,IE,LE-IE-SYNTH-001,ACTIVE,EMPLOYEE,PERMANENT,2023-11-20,,F,Engineering,Galway,CC-IE-037
HRIS-WKR-007683,WKR-PUB-007683,IE,LE-IE-SYNTH-001,ACTIVE,EMPLOYEE,PERMANENT,2022-11-14,,F,Technology,Remote-IE,CC-IE-001
HRIS-WKR-007684,WKR-PUB-007684,IE,LE-IE-SYNTH-001,ACTIVE,EMPLOYEE,PERMANENT,2016-03-10,,F,Sales,Galway,CC-IE-001
HRIS-WKR-007685,WKR-PUB-007685,IE,LE-IE-SYNTH-001,ACTIVE,EMPLOYEE,PERMANENT,2026-02-03,,M,Finance,Dublin,CC-IE-013
HRIS-WKR-007686,WKR-PUB-007686,IE,LE-IE-SYNTH-001,ACTIVE,EMPLOYEE,PERMANENT,2017-03-08,,M,Operations,Dublin,CC-IE-033
HRIS-WKR-007687,WKR-PUB-007687,IE,LE-IE-SYNTH-001,ACTIVE,EMPLOYEE,PERMANENT,2017-02-17,,F,Engineering,Limerick,CC-IE-001
HRIS-WKR-007688,WKR-PUB-007688,IE,LE-IE-SYNTH-001,ACTIVE,EMPLOYEE,PERMANENT,2022-09-04,,F,Operations,Dublin,CC-IE-011
HRIS-WKR-007689,WKR-PUB-007689,IE,LE-IE-SYNTH-001,ACTIVE,EMPLOYEE,PERMANENT,2015-03-18,,M,Technology,Cork,CC-IE-016
HRIS-WKR-007690,WKR-PUB-007690,IE,LE-IE-SYNTH-001,ACTIVE,EMPLOYEE,PERMANENT,2016-01-31,,M,Engineering,Dublin,CC-IE-033
HRIS-WKR-007691,WKR-PUB-007691,IE,LE-IE-SYNTH-001,ACTIVE,EMPLOYEE,PERMANENT,2014-11-15,,,Operations,Dublin,CC-IE-039
HRIS-WKR-007692,WKR-PUB-007692,IE,LE-IE-SYNTH-001,ACTIVE,EMPLOYEE,PERMANENT,2025-03-31,,F,Engineering,Dublin,CC-IE-018
HRIS-WKR-007693,WKR-PUB-007693,IE,LE-IE-SYNTH-001,ACTIVE,EMPLOYEE,APPRENTICE,2023-02-26,,F,Sales,Dublin,CC-IE-038
HRIS-WKR-007694,WKR-PUB-007694,IE,LE-IE-SYNTH-001,ACTIVE,EMPLOYEE,FIXED_TERM,2025-05-29,,F,Operations,Dublin,CC-IE-019
HRIS-WKR-007695,WKR-PUB-007695,IE,LE-IE-SYNTH-001,ACTIVE,EMPLOYEE,PERMANENT,2019-01-01,,M,Operations,Cork,CC-IE-014
HRIS-WKR-007696,WKR-PUB-007696,IE,LE-IE-SYNTH-001,ACTIVE,EMPLOYEE,FIXED_TERM,2022-05-31,,M,Sales,Cork,CC-IE-036
HRIS-WKR-007697,WKR-PUB-007697,IE,LE-IE-SYNTH-001,TERMINATED,EMPLOYEE,PERMANENT,2014-01-04,2026-09-07,M,Engineering,Dublin,CC-IE-006
HRIS-WKR-007698,WKR-PUB-007698,IE,LE-IE-SYNTH-001,ACTIVE,EMPLOYEE,PERMANENT,2020-01-01,,M,Sales,Dublin,CC-IE-007
HRIS-WKR-007699,WKR-PUB-007699,IE,LE-IE-SYNTH-001,ACTIVE,CONTRACTOR,PERMANENT,2019-03-30,,M,Operations,Dublin,CC-IE-040
HRIS-WKR-007700,WKR-PUB-007700,IE,LE-IE-SYNTH-001,ACTIVE,EMPLOYEE,PERMANENT,2014-09-30,,M,Operations,Dublin,CC-IE-015
HRIS-WKR-007701,WKR-PUB-007701,IE,LE-IE-SYNTH-001,ACTIVE,EMPLOYEE,PERMANENT,2018-07-15,,F,People,Dublin,CC-IE-033
HRIS-WKR-007702,WKR-PUB-007702,IE,LE-IE-SYNTH-001,ACTIVE,EMPLOYEE,PERMANENT,2025-08-10,,M,Sales,Limerick,CC-IE-022
HRIS-WKR-007703,WKR-PUB-007703,IE,LE-IE-SYNTH-001,ACTIVE,CONTRACTOR,PERMANENT,2020-01-20,,F,Engineering,Galway,CC-IE-014
HRIS-WKR-007704,WKR-PUB-007704,IE,LE-IE-SYNTH-001,ACTIVE,EMPLOYEE,PERMANENT,2024-08-01,,M,Engineering,Dublin,CC-IE-036
HRIS-WKR-007705,WKR-PUB-007705,IE,LE-IE-SYNTH-001,ACTIVE,EMPLOYEE,PERMANENT,2022-09-29,,F,Finance,Dublin,CC-IE-009
HRIS-WKR-007706,WKR-PUB-007706,IE,LE-IE-SYNTH-001,ACTIVE,EMPLOYEE,PERMANENT,2014-03-25,,M,Sales,Dublin,CC-IE-033
HRIS-WKR-007707,WKR-PUB-007707,IE,LE-IE-SYNTH-001,ACTIVE,EMPLOYEE,PERMANENT,2016-09-19,,F,Sales,Dublin,CC-IE-039
HRIS-WKR-007708,WKR-PUB-007708,IE,LE-IE-SYNTH-001,ACTIVE,EMPLOYEE,PERMANENT,2021-04-18,,F,Technology,Dublin,CC-IE-004
HRIS-WKR-007709,WKR-PUB-007709,IE,LE-IE-SYNTH-001,TERMINATED,EMPLOYEE,PERMANENT,2023-02-06,2026-02-05,M,Engineering,Cork,CC-IE-015
HRIS-WKR-007710,WKR-PUB-007710,IE,LE-IE-SYNTH-001,ACTIVE,EMPLOYEE,PERMANENT,2018-07-24,,F,Finance,Dublin,CC-IE-017
HRIS-WKR-007711,WKR-PUB-007711,IE,LE-IE-SYNTH-001,ACTIVE,CONTRACTOR,FIXED_TERM,2025-07-16,,M,Finance,Cork,CC-IE-032
HRIS-WKR-007712,WKR-PUB-007712,IE,LE-IE-SYNTH-001,ACTIVE,EMPLOYEE,PERMANENT,2017-06-10,,M,People,Dublin,CC-IE-020
HRIS-WKR-007713,WKR-PUB-007713,IE,LE-IE-SYNTH-001,ACTIVE,EMPLOYEE,PERMANENT,2020-11-13,,M,Operations,Dublin,CC-IE-029
HRIS-WKR-007714,WKR-PUB-007714,IE,LE-IE-SYNTH-001,ACTIVE,EMPLOYEE,FIXED_TERM,2024-08-27,,UNDISCLOSED,Technology,Dublin,CC-IE-031
HRIS-WKR-007715,WKR-PUB-007715,IE,LE-IE-SYNTH-001,ACTIVE,EMPLOYEE,PERMANENT,2023-04-04,,M,Engineering,Dublin,CC-IE-029
HRIS-WKR-007716,WKR-PUB-007716,IE,LE-IE-SYNTH-001,ACTIVE,EMPLOYEE,PERMANENT,2026-01-24,,M,Sales,Galway,CC-IE-027
HRIS-WKR-007717,WKR-PUB-007717,IE,LE-IE-SYNTH-001,ACTIVE,EMPLOYEE,PERMANENT,2015-01-27,,F,Operations,Remote-IE,CC-IE-015
HRIS-WKR-007718,WKR-PUB-007718,IE,LE-IE-SYNTH-001,ACTIVE,EMPLOYEE,PERMANENT,2021-07-04,,M,Operations,Limerick,CC-IE-011
HRIS-WKR-007719,WKR-PUB-007719,IE,LE-IE-SYNTH-001,TERMINATED,EMPLOYEE,PERMANENT,2016-12-11,2026-08-02,M,Engineering,Dublin,CC-IE-034
HRIS-WKR-007720,WKR-PUB-007720,IE,LE-IE-SYNTH-001,ACTIVE,EMPLOYEE,PERMANENT,2019-11-05,,M,Sales,Limerick,CC-IE-037
HRIS-WKR-007721,WKR-PUB-007721,IE,LE-IE-SYNTH-001,ACTIVE,EMPLOYEE,FIXED_TERM,2020-04-24,,M,People,Cork,CC-IE-040
HRIS-WKR-007722,WKR-PUB-007722,IE,LE-IE-SYNTH-001,ACTIVE,EMPLOYEE,PERMANENT,2019-04-30,,M,People,Remote-IE,CC-IE-015
HRIS-WKR-007723,WKR-PUB-007723,IE,LE-IE-SYNTH-001,ACTIVE,EMPLOYEE,PERMANENT,2015-07-23,,M,Operations,Dublin,CC-IE-002
HRIS-WKR-007724,WKR-PUB-007724,IE,LE-IE-SYNTH-001,ACTIVE,EMPLOYEE,FIXED_TERM,2023-07-12,,F,Sales,Galway,CC-IE-022
HRIS-WKR-007725,WKR-PUB-007725,IE,LE-IE-SYNTH-001,ACTIVE,EMPLOYEE,PERMANENT,2022-11-25,,,Sales,Galway,CC-IE-019
HRIS-WKR-007726,WKR-PUB-007726,IE,LE-IE-SYNTH-001,ACTIVE,EMPLOYEE,PERMANENT,2015-11-20,,F,Sales,Dublin,CC-IE-037
HRIS-WKR-007727,WKR-PUB-007727,IE,LE-IE-SYNTH-001,ACTIVE,EMPLOYEE,PERMANENT,2016-10-09,,M,Finance,Limerick,CC-IE-017
HRIS-WKR-007728,WKR-PUB-007728,IE,LE-IE-SYNTH-001,ACTIVE,EMPLOYEE,PERMANENT,2022-02-18,,F,Sales,Dublin,CC-IE-039
HRIS-WKR-007729,WKR-PUB-007729,IE,LE-IE-SYNTH-001,ACTIVE,EMPLOYEE,FIXED_TERM,2019-07-22,,M,Finance,Dublin,CC-IE-028
HRIS-WKR-007730,WKR-PUB-007730,IE,LE-IE-SYNTH-001,ACTIVE,EMPLOYEE,PERMANENT,2021-07-27,,F,People,Dublin,CC-IE-010
HRIS-WKR-007731,WKR-PUB-007731,IE,LE-IE-SYNTH-001,ACTIVE,EMPLOYEE,PERMANENT,2024-09-04,,,Technology,Dublin,CC-IE-022
HRIS-WKR-007732,WKR-PUB-007732,IE,LE-IE-SYNTH-001,ACTIVE,EMPLOYEE,PERMANENT,2021-10-24,,M,People,Cork,CC-IE-033
HRIS-WKR-007733,WKR-PUB-007733,IE,LE-IE-SYNTH-001,ACTIVE,EMPLOYEE,PERMANENT,2021-12-11,,M,Sales,Galway,CC-IE-025
HRIS-WKR-007734,WKR-PUB-007734,IE,LE-IE-SYNTH-001,ACTIVE,EMPLOYEE,FIXED_TERM,2014-09-29,,,Finance,Dublin,CC-IE-003
HRIS-WKR-007735,WKR-PUB-007735,IE,LE-IE-SYNTH-001,ACTIVE,EMPLOYEE,PERMANENT,2022-02-04,,F,People,Dublin,CC-IE-015
HRIS-WKR-007736,WKR-PUB-007736,IE,LE-IE-SYNTH-001,ACTIVE,EMPLOYEE,PERMANENT,2014-10-30,,F,Engineering,Dublin,CC-IE-038
HRIS-WKR-007737,WKR-PUB-007737,IE,LE-IE-SYNTH-001,ACTIVE,EMPLOYEE,PERMANENT,2023-12-23,,NB,Engineering,Limerick,CC-IE-038
HRIS-WKR-007738,WKR-PUB-007738,IE,LE-IE-SYNTH-001,ACTIVE,EMPLOYEE,FIXED_TERM,2019-03-11,,M,Sales,Galway,CC-IE-017
HRIS-WKR-007739,WKR-PUB-007739,IE,LE-IE-SYNTH-001,ACTIVE,EMPLOYEE,PERMANENT,2018-05-02,,M,Sales,Remote-IE,CC-IE-012
HRIS-WKR-007740,WKR-PUB-007740,IE,LE-IE-SYNTH-001,ACTIVE,EMPLOYEE,PERMANENT,2015-08-02,,M,Operations,Dublin,CC-IE-019
HRIS-WKR-007741,WKR-PUB-007741,IE,LE-IE-SYNTH-001,ACTIVE,EMPLOYEE,PERMANENT,2022-02-26,,F,Engineering,Dublin,CC-IE-027
HRIS-WKR-007742,WKR-PUB-007742,IE,LE-IE-SYNTH-001,ACTIVE,EMPLOYEE,PERMANENT,2017-09-22,,F,Sales,Dublin,CC-IE-036
HRIS-WKR-007743,WKR-PUB-007743,IE,LE-IE-SYNTH-001,ACTIVE,EMPLOYEE,PERMANENT,2017-12-17,,M,People,Dublin,CC-IE-020
HRIS-WKR-007744,WKR-PUB-007744,IE,LE-IE-SYNTH-001,ACTIVE,EMPLOYEE,PERMANENT,2026-02-19,,F,Operations,Dublin,CC-IE-014
HRIS-WKR-007745,WKR-PUB-007745,IE,LE-IE-SYNTH-001,ACTIVE,EMPLOYEE,PERMANENT,2015-12-27,,M,Finance,Dublin,CC-IE-040
HRIS-WKR-007746,WKR-PUB-007746,IE,LE-IE-SYNTH-001,ACTIVE,EMPLOYEE,PERMANENT,2019-11-24,,F,Operations,Dublin,CC-IE-018
HRIS-WKR-007747,WKR-PUB-007747,IE,LE-IE-SYNTH-001,ACTIVE,EMPLOYEE,PERMANENT,2025-12-16,,F,Engineering,Dublin,CC-IE-030
HRIS-WKR-007748,WKR-PUB-007748,IE,LE-IE-SYNTH-001,ACTIVE,EMPLOYEE,PERMANENT,2017-06-02,,M,Technology,Limerick,CC-IE-024
HRIS-WKR-007749,WKR-PUB-007749,IE,LE-IE-SYNTH-001,ACTIVE,EMPLOYEE,PERMANENT,2014-08-05,,F,Operations,Cork,CC-IE-036
HRIS-WKR-007750,WKR-PUB-007750,IE,LE-IE-SYNTH-001,ACTIVE,EMPLOYEE,PERMANENT,2018-01-08,,M,Operations,Dublin,CC-IE-023
HRIS-WKR-007751,WKR-PUB-007751,IE,LE-IE-SYNTH-001,ACTIVE,EMPLOYEE,PERMANENT,2022-02-02,,M,Finance,Remote-IE,CC-IE-032
HRIS-WKR-007752,WKR-PUB-007752,IE,LE-IE-SYNTH-001,ACTIVE,EMPLOYEE,PERMANENT,2022-08-22,,F,People,Cork,CC-IE-006
HRIS-WKR-007753,WKR-PUB-007753,IE,LE-IE-SYNTH-001,ACTIVE,EMPLOYEE,PERMANENT,2016-11-01,,F,Finance,Dublin,CC-IE-022
HRIS-WKR-007754,WKR-PUB-007754,IE,LE-IE-SYNTH-001,ACTIVE,EMPLOYEE,PERMANENT,2021-03-23,,F,Sales,Limerick,CC-IE-035
HRIS-WKR-007755,WKR-PUB-007755,IE,LE-IE-SYNTH-001,ACTIVE,EMPLOYEE,PERMANENT,2024-08-15,,M,Operations,Galway,CC-IE-032
HRIS-WKR-007756,WKR-PUB-007756,IE,LE-IE-SYNTH-001,ACTIVE,EMPLOYEE,PERMANENT,2024-01-21,,M,Sales,Dublin,CC-IE-003
HRIS-WKR-007757,WKR-PUB-007757,IE,LE-IE-SYNTH-001,ACTIVE,EMPLOYEE,PERMANENT,2020-12-07,,M,Finance,Cork,CC-IE-002
HRIS-WKR-007758,WKR-PUB-007758,IE,LE-IE-SYNTH-001,ACTIVE,EMPLOYEE,FIXED_TERM,2014-07-07,,F,Finance,Dublin,CC-IE-011
HRIS-WKR-007759,WKR-PUB-007759,IE,LE-IE-SYNTH-001,ACTIVE,EMPLOYEE,PERMANENT,2020-11-24,,M,Sales,Dublin,CC-IE-005
HRIS-WKR-007760,WKR-PUB-007760,IE,LE-IE-SYNTH-001,ACTIVE,EMPLOYEE,FIXED_TERM,2023-04-17,,M,Operations,Dublin,CC-IE-002
HRIS-WKR-007761,WKR-PUB-007761,IE,LE-IE-SYNTH-001,ACTIVE,EMPLOYEE,FIXED_TERM,2014-02-15,,M,Operations,Limerick,CC-IE-002
HRIS-WKR-007762,WKR-PUB-007762,IE,LE-IE-SYNTH-001,TERMINATED,EMPLOYEE,PERMANENT,2016-04-12,2026-07-08,M,People,Remote-IE,CC-IE-027
HRIS-WKR-007763,WKR-PUB-007763,IE,LE-IE-SYNTH-001,ACTIVE,EMPLOYEE,PERMANENT,2025-06-01,,,Finance,Galway,CC-IE-029
HRIS-WKR-007764,WKR-PUB-007764,IE,LE-IE-SYNTH-001,ACTIVE,EMPLOYEE,PERMANENT,2019-01-01,,F,Engineering,Cork,CC-IE-010
HRIS-WKR-007765,WKR-PUB-007765,IE,LE-IE-SYNTH-001,ACTIVE,EMPLOYEE,PERMANENT,2014-10-22,,M,Engineering,Dublin,CC-IE-006
HRIS-WKR-007766,WKR-PUB-007766,IE,LE-IE-SYNTH-001,ACTIVE,EMPLOYEE,FIXED_TERM,2025-12-07,,M,Operations,Cork,CC-IE-006
HRIS-WKR-007767,WKR-PUB-007767,IE,LE-IE-SYNTH-001,ACTIVE,EMPLOYEE,PERMANENT,2024-02-28,,F,Sales,Remote-IE,CC-IE-004
HRIS-WKR-007768,WKR-PUB-007768,IE,LE-IE-SYNTH-001,ACTIVE,EMPLOYEE,PERMANENT,2015-06-24,,M,Sales,Cork,CC-IE-023
HRIS-WKR-007769,WKR-PUB-007769,IE,LE-IE-SYNTH-001,ACTIVE,EMPLOYEE,FIXED_TERM,2015-02-05,,F,Sales,Dublin,CC-IE-037
HRIS-WKR-007770,WKR-PUB-007770,IE,LE-IE-SYNTH-001,ACTIVE,EMPLOYEE,PERMANENT,2016-06-17,,M,Operations,Dublin,CC-IE-029
HRIS-WKR-007771,WKR-PUB-007771,IE,LE-IE-SYNTH-001,ACTIVE,EMPLOYEE,FIXED_TERM,2014-11-11,,F,Sales,Limerick,CC-IE-010
HRIS-WKR-007772,WKR-PUB-007772,IE,LE-IE-SYNTH-001,TERMINATED,EMPLOYEE,PERMANENT,2020-09-17,2026-02-27,F,People,Remote-IE,CC-IE-021
HRIS-WKR-007773,WKR-PUB-007773,IE,LE-IE-SYNTH-001,ACTIVE,EMPLOYEE,PERMANENT,2015-12-22,,M,Engineering,Remote-IE,CC-IE-015
HRIS-WKR-007774,WKR-PUB-007774,IE,LE-IE-SYNTH-001,ACTIVE,EMPLOYEE,PERMANENT,2024-02-18,,M,Operations,Dublin,CC-IE-013
HRIS-WKR-007775,WKR-PUB-007775,IE,LE-IE-SYNTH-001,ACTIVE,EMPLOYEE,PERMANENT,2019-10-26,,NB,Operations,Galway,CC-IE-014
HRIS-WKR-007776,WKR-PUB-007776,IE,LE-IE-SYNTH-001,ACTIVE,EMPLOYEE,PERMANENT,2017-11-17,,M,People,Dublin,CC-IE-030
HRIS-WKR-007777,WKR-PUB-007777,IE,LE-IE-SYNTH-001,ACTIVE,EMPLOYEE,PERMANENT,2021-05-25,,M,Sales,Dublin,CC-IE-019
HRIS-WKR-007778,WKR-PUB-007778,IE,LE-IE-SYNTH-001,ACTIVE,EMPLOYEE,PERMANENT,2020-10-17,,NB,People,Cork,CC-IE-002
HRIS-WKR-007779,WKR-PUB-007779,IE,LE-IE-SYNTH-001,ACTIVE,EMPLOYEE,PERMANENT,2025-01-15,,M,Engineering,Dublin,CC-IE-017
HRIS-WKR-007780,WKR-PUB-007780,IE,LE-IE-SYNTH-001,ACTIVE,EMPLOYEE,APPRENTICE,2017-05-31,,M,Finance,Cork,CC-IE-005
HRIS-WKR-007781,WKR-PUB-007781,IE,LE-IE-SYNTH-001,ACTIVE,CONTRACTOR,FIXED_TERM,2022-05-15,,,Sales,Dublin,CC-IE-034
HRIS-WKR-007782,WKR-PUB-007782,IE,LE-IE-SYNTH-001,ACTIVE,EMPLOYEE,PERMANENT,2017-07-11,,M,Operations,Dublin,CC-IE-039
HRIS-WKR-007783,WKR-PUB-007783,IE,LE-IE-SYNTH-001,ACTIVE,EMPLOYEE,PERMANENT,2017-05-26,,F,Operations,Dublin,CC-IE-014
HRIS-WKR-007784,WKR-PUB-007784,IE,LE-IE-SYNTH-001,ACTIVE,EMPLOYEE,PERMANENT,2021-03-09,,M,Engineering,Dublin,CC-IE-022
HRIS-WKR-007785,WKR-PUB-007785,IE,LE-IE-SYNTH-001,ACTIVE,EMPLOYEE,PERMANENT,2025-02-22,,F,Technology,Remote-IE,CC-IE-038
HRIS-WKR-007786,WKR-PUB-007786,IE,LE-IE-SYNTH-001,ACTIVE,EMPLOYEE,PERMANENT,2015-10-18,,F,Technology,Limerick,CC-IE-013
HRIS-WKR-007787,WKR-PUB-007787,IE,LE-IE-SYNTH-001,ACTIVE,EMPLOYEE,PERMANENT,2019-04-18,,F,Operations,Galway,CC-IE-002
HRIS-WKR-007788,WKR-PUB-007788,IE,LE-IE-SYNTH-001,ACTIVE,EMPLOYEE,PERMANENT,2018-11-19,,F,Operations,Dublin,CC-IE-010
HRIS-WKR-007789,WKR-PUB-007789,IE,LE-IE-SYNTH-001,ACTIVE,EMPLOYEE,PERMANENT,2022-05-18,,F,People,Dublin,CC-IE-031
HRIS-WKR-007790,WKR-PUB-007790,IE,LE-IE-SYNTH-001,TERMINATED,EMPLOYEE,PERMANENT,2025-06-05,2026-05-22,M,People,Dublin,CC-IE-004
HRIS-WKR-007791,WKR-PUB-007791,IE,LE-IE-SYNTH-001,TERMINATED,EMPLOYEE,PERMANENT,2023-04-01,2026-12-18,M,Engineering,Dublin,CC-IE-033
HRIS-WKR-007792,WKR-PUB-007792,IE,LE-IE-SYNTH-001,ACTIVE,EMPLOYEE,FIXED_TERM,2025-07-28,,M,People,Remote-IE,CC-IE-004
HRIS-WKR-007793,WKR-PUB-007793,IE,LE-IE-SYNTH-001,ACTIVE,EMPLOYEE,PERMANENT,2018-01-02,,F,Engineering,Cork,CC-IE-022
HRIS-WKR-007794,WKR-PUB-007794,IE,LE-IE-SYNTH-001,ACTIVE,EMPLOYEE,PERMANENT,2018-10-11,,F,Engineering,Cork,CC-IE-011
HRIS-WKR-007795,WKR-PUB-007795,IE,LE-IE-SYNTH-001,ACTIVE,EMPLOYEE,PERMANENT,2018-04-04,,M,Engineering,Remote-IE,CC-IE-031
HRIS-WKR-007796,WKR-PUB-007796,IE,LE-IE-SYNTH-001,ACTIVE,EMPLOYEE,PERMANENT,2022-07-09,,M,Operations,Limerick,CC-IE-007
HRIS-WKR-007797,WKR-PUB-007797,IE,LE-IE-SYNTH-001,ACTIVE,EMPLOYEE,PERMANENT,2019-11-03,,,Operations,Dublin,CC-IE-008
HRIS-WKR-007798,WKR-PUB-007798,IE,LE-IE-SYNTH-001,ACTIVE,EMPLOYEE,APPRENTICE,2024-12-02,,M,Operations,Galway,CC-IE-013
HRIS-WKR-007799,WKR-PUB-007799,IE,LE-IE-SYNTH-001,ACTIVE,EMPLOYEE,PERMANENT,2018-09-29,,M,Finance,Galway,CC-IE-010
HRIS-WKR-007800,WKR-PUB-007800,IE,LE-IE-SYNTH-001,ACTIVE,CONTRACTOR,PERMANENT,2016-11-19,,F,Engineering,Remote-IE,CC-IE-001
HRIS-WKR-007801,WKR-PUB-007801,IE,LE-IE-SYNTH-001,ACTIVE,EMPLOYEE,FIXED_TERM,2019-12-07,,M,Sales,Cork,CC-IE-006
HRIS-WKR-007802,WKR-PUB-007802,IE,LE-IE-SYNTH-001,ACTIVE,EMPLOYEE,PERMANENT,2014-07-14,,F,Operations,Cork,CC-IE-038
HRIS-WKR-007803,WKR-PUB-007803,IE,LE-IE-SYNTH-001,ACTIVE,CONTRACTOR,FIXED_TERM,2021-01-17,,UNDISCLOSED,Finance,Dublin,CC-IE-022
HRIS-WKR-007804,WKR-PUB-007804,IE,LE-IE-SYNTH-001,ACTIVE,EMPLOYEE,PERMANENT,2021-10-22,,M,Engineering,Galway,CC-IE-028
HRIS-WKR-007805,WKR-PUB-007805,IE,LE-IE-SYNTH-001,ACTIVE,EMPLOYEE,PERMANENT,2014-06-28,,M,Finance,Dublin,CC-IE-028
HRIS-WKR-007806,WKR-PUB-007806,IE,LE-IE-SYNTH-001,ACTIVE,EMPLOYEE,PERMANENT,2014-06-11,,M,People,Dublin,CC-IE-011
HRIS-WKR-007807,WKR-PUB-007807,IE,LE-IE-SYNTH-001,ACTIVE,EMPLOYEE,FIXED_TERM,2022-01-23,,M,Operations,Dublin,CC-IE-030
HRIS-WKR-007808,WKR-PUB-007808,IE,LE-IE-SYNTH-001,ACTIVE,EMPLOYEE,PERMANENT,2018-10-09,,M,Operations,Remote-IE,CC-IE-036
HRIS-WKR-007809,WKR-PUB-007809,IE,LE-IE-SYNTH-001,ACTIVE,EMPLOYEE,FIXED_TERM,2020-05-13,,M,Operations,Remote-IE,CC-IE-001
HRIS-WKR-007810,WKR-PUB-007810,IE,LE-IE-SYNTH-001,ACTIVE,EMPLOYEE,FIXED_TERM,2020-01-31,,M,Sales,Cork,CC-IE-003
HRIS-WKR-007811,WKR-PUB-007811,IE,LE-IE-SYNTH-001,ACTIVE,EMPLOYEE,PERMANENT,2024-07-23,,M,Engineering,Galway,CC-IE-019
HRIS-WKR-007812,WKR-PUB-007812,IE,LE-IE-SYNTH-001,ACTIVE,EMPLOYEE,PERMANENT,2020-05-07,,NB,People,Dublin,CC-IE-037
HRIS-WKR-007813,WKR-PUB-007813,IE,LE-IE-SYNTH-001,ACTIVE,EMPLOYEE,PERMANENT,2023-07-20,,F,People,Dublin,CC-IE-025
HRIS-WKR-007814,WKR-PUB-007814,IE,LE-IE-SYNTH-001,ACTIVE,EMPLOYEE,PERMANENT,2015-10-28,,M,Sales,Dublin,CC-IE-039
HRIS-WKR-007815,WKR-PUB-007815,IE,LE-IE-SYNTH-001,ACTIVE,EMPLOYEE,PERMANENT,2016-10-28,,M,Finance,Remote-IE,CC-IE-029
HRIS-WKR-007816,WKR-PUB-007816,IE,LE-IE-SYNTH-001,ACTIVE,EMPLOYEE,PERMANENT,2022-09-14,,F,Engineering,Cork,CC-IE-013
HRIS-WKR-007817,WKR-PUB-007817,IE,LE-IE-SYNTH-001,ACTIVE,EMPLOYEE,PERMANENT,2021-07-07,,F,Sales,Dublin,CC-IE-034
HRIS-WKR-007818,WKR-PUB-007818,IE,LE-IE-SYNTH-001,ACTIVE,EMPLOYEE,FIXED_TERM,2022-09-30,,F,Technology,Remote-IE,CC-IE-010
HRIS-WKR-007819,WKR-PUB-007819,IE,LE-IE-SYNTH-001,ACTIVE,EMPLOYEE,PERMANENT,2016-10-22,,M,Sales,Dublin,CC-IE-034
HRIS-WKR-007820,WKR-PUB-007820,IE,LE-IE-SYNTH-001,ACTIVE,EMPLOYEE,PERMANENT,2022-08-29,,M,Sales,Cork,CC-IE-015
HRIS-WKR-007821,WKR-PUB-007821,IE,LE-IE-SYNTH-001,ACTIVE,EMPLOYEE,PERMANENT,2020-10-16,,M,Sales,Galway,CC-IE-003
HRIS-WKR-007822,WKR-PUB-007822,IE,LE-IE-SYNTH-001,ACTIVE,EMPLOYEE,PERMANENT,2021-05-21,,F,Engineering,Dublin,CC-IE-004
HRIS-WKR-007823,WKR-PUB-007823,IE,LE-IE-SYNTH-001,ACTIVE,EMPLOYEE,PERMANENT,2019-08-05,,M,Engineering,Dublin,CC-IE-027
HRIS-WKR-007824,WKR-PUB-007824,IE,LE-IE-SYNTH-001,ACTIVE,EMPLOYEE,PERMANENT,2026-02-20,,M,Engineering,Dublin,CC-IE-011
HRIS-WKR-007825,WKR-PUB-007825,IE,LE-IE-SYNTH-001,ACTIVE,EMPLOYEE,FIXED_TERM,2022-09-14,,M,Finance,Cork,CC-IE-038
HRIS-WKR-007826,WKR-PUB-007826,IE,LE-IE-SYNTH-001,ACTIVE,EMPLOYEE,PERMANENT,2025-02-24,,M,Sales,Dublin,CC-IE-013
HRIS-WKR-007827,WKR-PUB-007827,IE,LE-IE-SYNTH-001,ACTIVE,EMPLOYEE,PERMANENT,2017-07-16,,F,Technology,Dublin,CC-IE-037
HRIS-WKR-007828,WKR-PUB-007828,IE,LE-IE-SYNTH-001,ACTIVE,EMPLOYEE,FIXED_TERM,2025-11-26,,M,Operations,Cork,CC-IE-028
HRIS-WKR-007829,WKR-PUB-007829,IE,LE-IE-SYNTH-001,ACTIVE,EMPLOYEE,PERMANENT,2021-05-05,,M,Technology,Cork,CC-IE-030
HRIS-WKR-007830,WKR-PUB-007830,IE,LE-IE-SYNTH-001,ACTIVE,EMPLOYEE,PERMANENT,2023-06-22,,F,Sales,Remote-IE,CC-IE-007
HRIS-WKR-007831,WKR-PUB-007831,IE,LE-IE-SYNTH-001,ACTIVE,EMPLOYEE,PERMANENT,2018-06-09,,UNDISCLOSED,Operations,Limerick,CC-IE-002
HRIS-WKR-007832,WKR-PUB-007832,IE,LE-IE-SYNTH-001,ACTIVE,EMPLOYEE,PERMANENT,2015-08-26,,M,Engineering,Galway,CC-IE-024
HRIS-WKR-007833,WKR-PUB-007833,IE,LE-IE-SYNTH-001,ACTIVE,EMPLOYEE,FIXED_TERM,2017-04-05,,M,Sales,Galway,CC-IE-032
HRIS-WKR-007834,WKR-PUB-007834,IE,LE-IE-SYNTH-001,ACTIVE,EMPLOYEE,FIXED_TERM,2017-07-22,,F,Sales,Limerick,CC-IE-039
HRIS-WKR-007835,WKR-PUB-007835,IE,LE-IE-SYNTH-001,ACTIVE,CONTRACTOR,PERMANENT,2022-10-16,,F,Operations,Dublin,CC-IE-018
HRIS-WKR-007836,WKR-PUB-007836,IE,LE-IE-SYNTH-001,ACTIVE,EMPLOYEE,PERMANENT,2014-05-01,,M,Sales,Dublin,CC-IE-010
HRIS-WKR-007837,WKR-PUB-007837,IE,LE-IE-SYNTH-001,ACTIVE,EMPLOYEE,PERMANENT,2018-03-24,,F,Operations,Cork,CC-IE-011
HRIS-WKR-007838,WKR-PUB-007838,IE,LE-IE-SYNTH-001,ACTIVE,EMPLOYEE,FIXED_TERM,2017-05-25,,F,Operations,Dublin,CC-IE-031
HRIS-WKR-007839,WKR-PUB-007839,IE,LE-IE-SYNTH-001,ACTIVE,EMPLOYEE,PERMANENT,2019-01-06,,M,Engineering,Remote-IE,CC-IE-026
HRIS-WKR-007840,WKR-PUB-007840,IE,LE-IE-SYNTH-001,ACTIVE,EMPLOYEE,PERMANENT,2020-10-21,,M,Operations,Dublin,CC-IE-040
HRIS-WKR-007841,WKR-PUB-007841,IE,LE-IE-SYNTH-001,ACTIVE,EMPLOYEE,PERMANENT,2020-09-30,,F,Engineering,Dublin,CC-IE-039
HRIS-WKR-007842,WKR-PUB-007842,IE,LE-IE-SYNTH-001,ACTIVE,EMPLOYEE,PERMANENT,2015-09-09,,F,People,Dublin,CC-IE-006
HRIS-WKR-007843,WKR-PUB-007843,IE,LE-IE-SYNTH-001,ACTIVE,EMPLOYEE,PERMANENT,2025-08-20,,F,Engineering,Remote-IE,CC-IE-004
HRIS-WKR-007844,WKR-PUB-007844,IE,LE-IE-SYNTH-001,ACTIVE,EMPLOYEE,FIXED_TERM,2017-04-18,,,Sales,Galway,CC-IE-040
HRIS-WKR-007845,WKR-PUB-007845,IE,LE-IE-SYNTH-001,ACTIVE,EMPLOYEE,PERMANENT,2015-07-11,,M,People,Dublin,CC-IE-009
HRIS-WKR-007846,WKR-PUB-007846,IE,LE-IE-SYNTH-001,ACTIVE,EMPLOYEE,FIXED_TERM,2025-02-18,,F,Engineering,Remote-IE,CC-IE-035
HRIS-WKR-007847,WKR-PUB-007847,IE,LE-IE-SYNTH-001,ACTIVE,EMPLOYEE,PERMANENT,2023-07-09,,M,Sales,Galway,CC-IE-013
HRIS-WKR-007848,WKR-PUB-007848,IE,LE-IE-SYNTH-001,ACTIVE,EMPLOYEE,PERMANENT,2020-02-29,,M,Sales,Cork,CC-IE-039
HRIS-WKR-007849,WKR-PUB-007849,IE,LE-IE-SYNTH-001,ACTIVE,EMPLOYEE,APPRENTICE,2020-06-14,,M,People,Dublin,CC-IE-018
HRIS-WKR-007850,WKR-PUB-007850,IE,LE-IE-SYNTH-001,ACTIVE,EMPLOYEE,PERMANENT,2021-11-30,,M,Sales,Cork,CC-IE-037
HRIS-WKR-007851,WKR-PUB-007851,IE,LE-IE-SYNTH-001,ACTIVE,EMPLOYEE,PERMANENT,2019-02-13,,F,Sales,Remote-IE,CC-IE-025
HRIS-WKR-007852,WKR-PUB-007852,IE,LE-IE-SYNTH-001,ACTIVE,EMPLOYEE,FIXED_TERM,2017-11-08,,M,Finance,Cork,CC-IE-036
HRIS-WKR-007853,WKR-PUB-007853,IE,LE-IE-SYNTH-001,ACTIVE,EMPLOYEE,PERMANENT,2016-11-09,,M,Engineering,Remote-IE,CC-IE-019
HRIS-WKR-007854,WKR-PUB-007854,IE,LE-IE-SYNTH-001,ACTIVE,EMPLOYEE,PERMANENT,2024-01-09,,F,Engineering,Remote-IE,CC-IE-007
HRIS-WKR-007855,WKR-PUB-007855,IE,LE-IE-SYNTH-001,ACTIVE,EMPLOYEE,PERMANENT,2019-11-28,,NB,Operations,Dublin,CC-IE-021
HRIS-WKR-007856,WKR-PUB-007856,IE,LE-IE-SYNTH-001,ACTIVE,CONTRACTOR,PERMANENT,2016-12-08,,M,Operations,Limerick,CC-IE-002
HRIS-WKR-007857,WKR-PUB-007857,IE,LE-IE-SYNTH-001,ACTIVE,EMPLOYEE,PERMANENT,2021-07-31,,F,Operations,Dublin,CC-IE-014
HRIS-WKR-007858,WKR-PUB-007858,IE,LE-IE-SYNTH-001,ACTIVE,EMPLOYEE,PERMANENT,2023-01-26,,M,Engineering,Dublin,CC-IE-019
HRIS-WKR-007859,WKR-PUB-007859,IE,LE-IE-SYNTH-001,ACTIVE,EMPLOYEE,PERMANENT,2014-10-25,,F,Operations,Galway,CC-IE-026
HRIS-WKR-007860,WKR-PUB-007860,IE,LE-IE-SYNTH-001,ACTIVE,EMPLOYEE,PERMANENT,2025-11-10,,F,Operations,Dublin,CC-IE-004
HRIS-WKR-007861,WKR-PUB-007861,IE,LE-IE-SYNTH-001,ACTIVE,EMPLOYEE,PERMANENT,2022-10-22,,F,Sales,Dublin,CC-IE-003
HRIS-WKR-007862,WKR-PUB-007862,IE,LE-IE-SYNTH-001,ACTIVE,EMPLOYEE,FIXED_TERM,2017-07-15,,M,Operations,Limerick,CC-IE-033
HRIS-WKR-007863,WKR-PUB-007863,IE,LE-IE-SYNTH-001,ACTIVE,EMPLOYEE,PERMANENT,2024-05-03,,NB,Engineering,Dublin,CC-IE-034
HRIS-WKR-007864,WKR-PUB-007864,IE,LE-IE-SYNTH-001,ACTIVE,EMPLOYEE,PERMANENT,2024-02-16,,M,Operations,Remote-IE,CC-IE-032
HRIS-WKR-007865,WKR-PUB-007865,IE,LE-IE-SYNTH-001,ACTIVE,EMPLOYEE,APPRENTICE,2018-09-26,,M,Operations,Cork,CC-IE-031
HRIS-WKR-007866,WKR-PUB-007866,IE,LE-IE-SYNTH-001,ACTIVE,EMPLOYEE,PERMANENT,2019-08-19,,M,Engineering,Dublin,CC-IE-020
HRIS-WKR-007867,WKR-PUB-007867,IE,LE-IE-SYNTH-001,ACTIVE,EMPLOYEE,PERMANENT,2025-06-26,,F,Engineering,Remote-IE,CC-IE-032
HRIS-WKR-007868,WKR-PUB-007868,IE,LE-IE-SYNTH-001,ACTIVE,EMPLOYEE,PERMANENT,2021-03-01,,M,Engineering,Dublin,CC-IE-016
HRIS-WKR-007869,WKR-PUB-007869,IE,LE-IE-SYNTH-001,ACTIVE,EMPLOYEE,PERMANENT,2015-07-20,,F,Finance,Cork,CC-IE-010
HRIS-WKR-007870,WKR-PUB-007870,IE,LE-IE-SYNTH-001,ACTIVE,CONTRACTOR,PERMANENT,2024-02-15,,M,Sales,Dublin,CC-IE-006
HRIS-WKR-007871,WKR-PUB-007871,IE,LE-IE-SYNTH-001,ACTIVE,EMPLOYEE,PERMANENT,2019-09-14,,M,Engineering,Dublin,CC-IE-001
HRIS-WKR-007872,WKR-PUB-007872,IE,LE-IE-SYNTH-001,ACTIVE,EMPLOYEE,PERMANENT,2025-08-11,,,Operations,Remote-IE,CC-IE-014
HRIS-WKR-007873,WKR-PUB-007873,IE,LE-IE-SYNTH-001,ACTIVE,EMPLOYEE,PERMANENT,2019-02-26,,F,Sales,Dublin,CC-IE-010
HRIS-WKR-007874,WKR-PUB-007874,IE,LE-IE-SYNTH-001,ACTIVE,EMPLOYEE,PERMANENT,2022-01-20,,M,People,Dublin,CC-IE-004
HRIS-WKR-007875,WKR-PUB-007875,IE,LE-IE-SYNTH-001,ACTIVE,CONTRACTOR,PERMANENT,2016-07-29,,M,Operations,Limerick,CC-IE-038
HRIS-WKR-007876,WKR-PUB-007876,IE,LE-IE-SYNTH-001,ACTIVE,EMPLOYEE,PERMANENT,2015-09-12,,F,Engineering,Dublin,CC-IE-004
HRIS-WKR-007877,WKR-PUB-007877,IE,LE-IE-SYNTH-001,ACTIVE,EMPLOYEE,PERMANENT,2015-06-09,,F,People,Limerick,CC-IE-009
HRIS-WKR-007878,WKR-PUB-007878,IE,LE-IE-SYNTH-001,TERMINATED,EMPLOYEE,PERMANENT,2018-10-26,2026-11-07,F,Engineering,Dublin,CC-IE-016
HRIS-WKR-007879,WKR-PUB-007879,IE,LE-IE-SYNTH-001,ACTIVE,EMPLOYEE,PERMANENT,2016-12-11,,F,Engineering,Remote-IE,CC-IE-004
HRIS-WKR-007880,WKR-PUB-007880,IE,LE-IE-SYNTH-001,ACTIVE,EMPLOYEE,FIXED_TERM,2026-02-14,,M,Engineering,Dublin,CC-IE-038
HRIS-WKR-007881,WKR-PUB-007881,IE,LE-IE-SYNTH-001,ACTIVE,EMPLOYEE,PERMANENT,2018-04-30,,F,Technology,Remote-IE,CC-IE-011
HRIS-WKR-007882,WKR-PUB-007882,IE,LE-IE-SYNTH-001,ACTIVE,CONTRACTOR,PERMANENT,2021-11-24,,F,Sales,Dublin,CC-IE-039
HRIS-WKR-007883,WKR-PUB-007883,IE,LE-IE-SYNTH-001,ACTIVE,EMPLOYEE,PERMANENT,2025-08-22,,M,Operations,Dublin,CC-IE-014
HRIS-WKR-007884,WKR-PUB-007884,IE,LE-IE-SYNTH-001,ACTIVE,EMPLOYEE,PERMANENT,2023-09-11,,F,Engineering,Dublin,CC-IE-014
HRIS-WKR-007885,WKR-PUB-007885,IE,LE-IE-SYNTH-001,ACTIVE,EMPLOYEE,PERMANENT,2016-11-17,,F,Engineering,Galway,CC-IE-004
HRIS-WKR-007886,WKR-PUB-007886,IE,LE-IE-SYNTH-001,ACTIVE,EMPLOYEE,PERMANENT,2014-12-26,,UNDISCLOSED,Operations,Dublin,CC-IE-002
HRIS-WKR-007887,WKR-PUB-007887,IE,LE-IE-SYNTH-001,ACTIVE,CONTRACTOR,PERMANENT,2018-08-16,,M,Engineering,Dublin,CC-IE-034
HRIS-WKR-007888,WKR-PUB-007888,IE,LE-IE-SYNTH-001,ACTIVE,EMPLOYEE,PERMANENT,2022-11-25,,M,Technology,Galway,CC-IE-023
HRIS-WKR-007889,WKR-PUB-007889,IE,LE-IE-SYNTH-001,ACTIVE,EMPLOYEE,FIXED_TERM,2018-08-17,,F,Finance,Remote-IE,CC-IE-025
HRIS-WKR-007890,WKR-PUB-007890,IE,LE-IE-SYNTH-001,ACTIVE,EMPLOYEE,PERMANENT,2023-08-01,,F,Engineering,Cork,CC-IE-018
HRIS-WKR-007891,WKR-PUB-007891,IE,LE-IE-SYNTH-001,ACTIVE,EMPLOYEE,PERMANENT,2024-10-19,,M,Engineering,Remote-IE,CC-IE-026
HRIS-WKR-007892,WKR-PUB-007892,IE,LE-IE-SYNTH-001,ACTIVE,EMPLOYEE,PERMANENT,2015-06-25,,F,Technology,Dublin,CC-IE-024
HRIS-WKR-007893,WKR-PUB-007893,IE,LE-IE-SYNTH-001,ACTIVE,CONTRACTOR,FIXED_TERM,2020-05-17,,F,People,Limerick,CC-IE-001
HRIS-WKR-007894,WKR-PUB-007894,IE,LE-IE-SYNTH-001,ACTIVE,EMPLOYEE,APPRENTICE,2020-03-19,,F,Technology,Dublin,CC-IE-004
HRIS-WKR-007895,WKR-PUB-007895,IE,LE-IE-SYNTH-001,ACTIVE,EMPLOYEE,PERMANENT,2025-11-21,,F,Finance,Cork,CC-IE-020
HRIS-WKR-007896,WKR-PUB-007896,IE,LE-IE-SYNTH-001,ACTIVE,EMPLOYEE,PERMANENT,2017-03-25,,M,Operations,Cork,CC-IE-003
HRIS-WKR-007897,WKR-PUB-007897,IE,LE-IE-SYNTH-001,TERMINATED,EMPLOYEE,PERMANENT,2023-08-06,2026-02-12,F,Operations,Dublin,CC-IE-011
HRIS-WKR-007898,WKR-PUB-007898,IE,LE-IE-SYNTH-001,ACTIVE,EMPLOYEE,PERMANENT,2024-04-13,,M,Sales,Cork,CC-IE-039
HRIS-WKR-007899,WKR-PUB-007899,IE,LE-IE-SYNTH-001,ACTIVE,EMPLOYEE,PERMANENT,2016-10-19,,M,Operations,Limerick,CC-IE-002
HRIS-WKR-007900,WKR-PUB-007900,IE,LE-IE-SYNTH-001,ACTIVE,EMPLOYEE,APPRENTICE,2018-01-07,,F,Sales,Dublin,CC-IE-037
HRIS-WKR-007901,WKR-PUB-007901,IE,LE-IE-SYNTH-001,ACTIVE,CONTRACTOR,PERMANENT,2016-01-07,,M,Sales,Remote-IE,CC-IE-038
HRIS-WKR-007902,WKR-PUB-007902,IE,LE-IE-SYNTH-001,ACTIVE,EMPLOYEE,PERMANENT,2014-02-08,,M,Engineering,Dublin,CC-IE-005
HRIS-WKR-007903,WKR-PUB-007903,IE,LE-IE-SYNTH-001,ACTIVE,EMPLOYEE,PERMANENT,2014-07-11,,F,Finance,Dublin,CC-IE-001
HRIS-WKR-007904,WKR-PUB-007904,IE,LE-IE-SYNTH-001,ACTIVE,EMPLOYEE,PERMANENT,2024-06-05,,F,Finance,Dublin,CC-IE-001
HRIS-WKR-007905,WKR-PUB-007905,IE,LE-IE-SYNTH-001,ACTIVE,EMPLOYEE,PERMANENT,2016-11-22,,F,People,Dublin,CC-IE-038
HRIS-WKR-007906,WKR-PUB-007906,IE,LE-IE-SYNTH-001,ACTIVE,EMPLOYEE,PERMANENT,2023-10-04,,F,Engineering,Remote-IE,CC-IE-028
HRIS-WKR-007907,WKR-PUB-007907,IE,LE-IE-SYNTH-001,ACTIVE,EMPLOYEE,FIXED_TERM,2023-02-20,,UNDISCLOSED,Sales,Limerick,CC-IE-039
HRIS-WKR-007908,WKR-PUB-007908,IE,LE-IE-SYNTH-001,ACTIVE,EMPLOYEE,PERMANENT,2015-08-30,,M,Operations,Dublin,CC-IE-009
HRIS-WKR-007909,WKR-PUB-007909,IE,LE-IE-SYNTH-001,ACTIVE,EMPLOYEE,PERMANENT,2014-10-07,,F,Sales,Dublin,CC-IE-013
HRIS-WKR-007910,WKR-PUB-007910,IE,LE-IE-SYNTH-001,ACTIVE,CONTRACTOR,PERMANENT,2022-10-27,,M,Operations,Dublin,CC-IE-039
HRIS-WKR-007911,WKR-PUB-007911,IE,LE-IE-SYNTH-001,ACTIVE,EMPLOYEE,FIXED_TERM,2023-01-03,,F,Engineering,Dublin,CC-IE-037
HRIS-WKR-007912,WKR-PUB-007912,IE,LE-IE-SYNTH-001,ACTIVE,EMPLOYEE,PERMANENT,2016-11-26,,M,Sales,Dublin,CC-IE-026
HRIS-WKR-007913,WKR-PUB-007913,IE,LE-IE-SYNTH-001,TERMINATED,EMPLOYEE,PERMANENT,2022-02-20,2026-09-25,F,Sales,Dublin,CC-IE-037
HRIS-WKR-007914,WKR-PUB-007914,IE,LE-IE-SYNTH-001,ACTIVE,EMPLOYEE,PERMANENT,2023-05-15,,M,Operations,Dublin,CC-IE-022
HRIS-WKR-007915,WKR-PUB-007915,IE,LE-IE-SYNTH-001,ACTIVE,EMPLOYEE,FIXED_TERM,2019-03-22,,F,Engineering,Cork,CC-IE-004
HRIS-WKR-007916,WKR-PUB-007916,IE,LE-IE-SYNTH-001,TERMINATED,CONTRACTOR,PERMANENT,2015-10-16,2026-06-12,F,Operations,Dublin,CC-IE-021
HRIS-WKR-007917,WKR-PUB-007917,IE,LE-IE-SYNTH-001,ACTIVE,EMPLOYEE,FIXED_TERM,2022-04-20,,M,Operations,Limerick,CC-IE-033
HRIS-WKR-007918,WKR-PUB-007918,IE,LE-IE-SYNTH-001,ACTIVE,EMPLOYEE,PERMANENT,2016-07-05,,M,Finance,Galway,CC-IE-011
HRIS-WKR-007919,WKR-PUB-007919,IE,LE-IE-SYNTH-001,ACTIVE,EMPLOYEE,PERMANENT,2015-08-02,,F,Engineering,Dublin,CC-IE-016
HRIS-WKR-007920,WKR-PUB-007920,IE,LE-IE-SYNTH-001,ACTIVE,EMPLOYEE,FIXED_TERM,2018-12-31,,F,Technology,Dublin,CC-IE-036
HRIS-WKR-007921,WKR-PUB-007921,IE,LE-IE-SYNTH-001,ACTIVE,EMPLOYEE,FIXED_TERM,2020-05-06,,F,Finance,Dublin,CC-IE-008
HRIS-WKR-007922,WKR-PUB-007922,IE,LE-IE-SYNTH-001,ACTIVE,EMPLOYEE,PERMANENT,2019-06-26,,M,Engineering,Dublin,CC-IE-024
HRIS-WKR-007923,WKR-PUB-007923,IE,LE-IE-SYNTH-001,ACTIVE,EMPLOYEE,PERMANENT,2025-12-09,,M,Engineering,Dublin,CC-IE-007
HRIS-WKR-007924,WKR-PUB-007924,IE,LE-IE-SYNTH-001,ACTIVE,EMPLOYEE,PERMANENT,2022-12-29,,F,Operations,Dublin,CC-IE-027
HRIS-WKR-007925,WKR-PUB-007925,IE,LE-IE-SYNTH-001,ACTIVE,EMPLOYEE,PERMANENT,2017-08-31,,M,Engineering,Galway,CC-IE-006
HRIS-WKR-007926,WKR-PUB-007926,IE,LE-IE-SYNTH-001,ACTIVE,EMPLOYEE,FIXED_TERM,2020-09-21,,M,Finance,Dublin,CC-IE-034
HRIS-WKR-007927,WKR-PUB-007927,IE,LE-IE-SYNTH-001,ACTIVE,EMPLOYEE,PERMANENT,2019-05-30,,M,Sales,Dublin,CC-IE-022
HRIS-WKR-007928,WKR-PUB-007928,IE,LE-IE-SYNTH-001,ACTIVE,CONTRACTOR,PERMANENT,2023-08-05,,M,Sales,Dublin,CC-IE-023
HRIS-WKR-007929,WKR-PUB-007929,IE,LE-IE-SYNTH-001,ACTIVE,EMPLOYEE,PERMANENT,2019-07-01,,F,People,Galway,CC-IE-031
HRIS-WKR-007930,WKR-PUB-007930,IE,LE-IE-SYNTH-001,ACTIVE,EMPLOYEE,PERMANENT,2016-07-17,,F,Sales,Dublin,CC-IE-032
HRIS-WKR-007931,WKR-PUB-007931,IE,LE-IE-SYNTH-001,ACTIVE,EMPLOYEE,PERMANENT,2022-02-25,,F,Sales,Dublin,CC-IE-038
HRIS-WKR-007932,WKR-PUB-007932,IE,LE-IE-SYNTH-001,ACTIVE,EMPLOYEE,PERMANENT,2016-11-17,,M,Operations,Limerick,CC-IE-015
HRIS-WKR-007933,WKR-PUB-007933,IE,LE-IE-SYNTH-001,ACTIVE,EMPLOYEE,FIXED_TERM,2025-06-29,,M,Engineering,Dublin,CC-IE-020
HRIS-WKR-007934,WKR-PUB-007934,IE,LE-IE-SYNTH-001,ACTIVE,CONTRACTOR,PERMANENT,2023-05-29,,M,Operations,Remote-IE,CC-IE-025
HRIS-WKR-007935,WKR-PUB-007935,IE,LE-IE-SYNTH-001,ACTIVE,EMPLOYEE,PERMANENT,2025-06-20,,F,Finance,Cork,CC-IE-017
HRIS-WKR-007936,WKR-PUB-007936,IE,LE-IE-SYNTH-001,ACTIVE,EMPLOYEE,FIXED_TERM,2018-01-21,,F,Sales,Limerick,CC-IE-005
HRIS-WKR-007937,WKR-PUB-007937,IE,LE-IE-SYNTH-001,ACTIVE,EMPLOYEE,PERMANENT,2014-05-12,,UNDISCLOSED,Sales,Dublin,CC-IE-009
HRIS-WKR-007938,WKR-PUB-007938,IE,LE-IE-SYNTH-001,ACTIVE,EMPLOYEE,PERMANENT,2022-06-21,,M,Sales,Galway,CC-IE-021
HRIS-WKR-007939,WKR-PUB-007939,IE,LE-IE-SYNTH-001,ACTIVE,EMPLOYEE,PERMANENT,2026-01-07,,M,Engineering,Remote-IE,CC-IE-031
HRIS-WKR-007940,WKR-PUB-007940,IE,LE-IE-SYNTH-001,ACTIVE,EMPLOYEE,PERMANENT,2019-12-08,,F,Operations,Dublin,CC-IE-015
HRIS-WKR-007941,WKR-PUB-007941,IE,LE-IE-SYNTH-001,ACTIVE,EMPLOYEE,PERMANENT,2020-11-30,,M,Sales,Dublin,CC-IE-005
HRIS-WKR-007942,WKR-PUB-007942,IE,LE-IE-SYNTH-001,ACTIVE,EMPLOYEE,APPRENTICE,2020-10-29,,F,Engineering,Dublin,CC-IE-004
HRIS-WKR-007943,WKR-PUB-007943,IE,LE-IE-SYNTH-001,ACTIVE,EMPLOYEE,PERMANENT,2024-03-18,,F,Operations,Dublin,CC-IE-010
HRIS-WKR-007944,WKR-PUB-007944,IE,LE-IE-SYNTH-001,ACTIVE,EMPLOYEE,PERMANENT,2014-08-01,,M,Operations,Dublin,CC-IE-009
HRIS-WKR-007945,WKR-PUB-007945,IE,LE-IE-SYNTH-001,ACTIVE,EMPLOYEE,PERMANENT,2020-12-23,,F,Sales,Galway,CC-IE-037
HRIS-WKR-007946,WKR-PUB-007946,IE,LE-IE-SYNTH-001,ACTIVE,EMPLOYEE,PERMANENT,2020-09-30,,M,Sales,Galway,CC-IE-001
HRIS-WKR-007947,WKR-PUB-007947,IE,LE-IE-SYNTH-001,ACTIVE,CONTRACTOR,FIXED_TERM,2014-02-21,,M,Engineering,Cork,CC-IE-006
HRIS-WKR-007948,WKR-PUB-007948,IE,LE-IE-SYNTH-001,ACTIVE,EMPLOYEE,PERMANENT,2017-09-14,,F,Sales,Remote-IE,CC-IE-016
HRIS-WKR-007949,WKR-PUB-007949,IE,LE-IE-SYNTH-001,ACTIVE,EMPLOYEE,FIXED_TERM,2017-04-10,,M,People,Cork,CC-IE-019
HRIS-WKR-007950,WKR-PUB-007950,IE,LE-IE-SYNTH-001,ACTIVE,CONTRACTOR,PERMANENT,2022-12-04,,M,Engineering,Galway,CC-IE-001
HRIS-WKR-007951,WKR-PUB-007951,IE,LE-IE-SYNTH-001,ACTIVE,EMPLOYEE,PERMANENT,2020-10-30,,M,Finance,Cork,CC-IE-037
HRIS-WKR-007952,WKR-PUB-007952,IE,LE-IE-SYNTH-001,ACTIVE,EMPLOYEE,APPRENTICE,2019-03-20,,F,Operations,Limerick,CC-IE-031
HRIS-WKR-007953,WKR-PUB-007953,IE,LE-IE-SYNTH-001,ACTIVE,EMPLOYEE,PERMANENT,2014-10-11,,M,Operations,Limerick,CC-IE-032
HRIS-WKR-007954,WKR-PUB-007954,IE,LE-IE-SYNTH-001,ACTIVE,EMPLOYEE,FIXED_TERM,2014-11-25,,M,Engineering,Cork,CC-IE-015
HRIS-WKR-007955,WKR-PUB-007955,IE,LE-IE-SYNTH-001,ACTIVE,EMPLOYEE,PERMANENT,2023-02-25,,M,Operations,Galway,CC-IE-016
HRIS-WKR-007956,WKR-PUB-007956,IE,LE-IE-SYNTH-001,ACTIVE,EMPLOYEE,FIXED_TERM,2016-08-25,,M,Operations,Dublin,CC-IE-015
HRIS-WKR-007957,WKR-PUB-007957,IE,LE-IE-SYNTH-001,ACTIVE,EMPLOYEE,PERMANENT,2020-11-24,,F,Operations,Remote-IE,CC-IE-021
HRIS-WKR-007958,WKR-PUB-007958,IE,LE-IE-SYNTH-001,ACTIVE,EMPLOYEE,PERMANENT,2014-01-09,,UNDISCLOSED,Sales,Dublin,CC-IE-023
HRIS-WKR-007959,WKR-PUB-007959,IE,LE-IE-SYNTH-001,ACTIVE,CONTRACTOR,PERMANENT,2025-12-23,,F,Operations,Cork,CC-IE-032
HRIS-WKR-007960,WKR-PUB-007960,IE,LE-IE-SYNTH-001,ACTIVE,EMPLOYEE,PERMANENT,2016-05-16,,M,Sales,Remote-IE,CC-IE-020
HRIS-WKR-007961,WKR-PUB-007961,IE,LE-IE-SYNTH-001,ACTIVE,EMPLOYEE,PERMANENT,2017-02-02,,M,Operations,Galway,CC-IE-011
HRIS-WKR-007962,WKR-PUB-007962,IE,LE-IE-SYNTH-001,ACTIVE,EMPLOYEE,APPRENTICE,2015-07-06,,F,Technology,Dublin,CC-IE-006
HRIS-WKR-007963,WKR-PUB-007963,IE,LE-IE-SYNTH-001,ACTIVE,EMPLOYEE,PERMANENT,2016-08-27,,M,Engineering,Dublin,CC-IE-029
HRIS-WKR-007964,WKR-PUB-007964,IE,LE-IE-SYNTH-001,ACTIVE,EMPLOYEE,PERMANENT,2021-07-09,,F,Engineering,Cork,CC-IE-015
HRIS-WKR-007965,WKR-PUB-007965,IE,LE-IE-SYNTH-001,ACTIVE,EMPLOYEE,PERMANENT,2019-04-26,,M,Engineering,Dublin,CC-IE-009
HRIS-WKR-007966,WKR-PUB-007966,IE,LE-IE-SYNTH-001,ACTIVE,EMPLOYEE,PERMANENT,2014-05-05,,M,Engineering,Dublin,CC-IE-030
HRIS-WKR-007967,WKR-PUB-007967,IE,LE-IE-SYNTH-001,ACTIVE,EMPLOYEE,PERMANENT,2021-03-11,,NB,Technology,Dublin,CC-IE-009
HRIS-WKR-007968,WKR-PUB-007968,IE,LE-IE-SYNTH-001,ACTIVE,EMPLOYEE,PERMANENT,2024-07-05,,M,People,Galway,CC-IE-019
HRIS-WKR-007969,WKR-PUB-007969,IE,LE-IE-SYNTH-001,ACTIVE,EMPLOYEE,PERMANENT,2023-05-02,,M,Operations,Galway,CC-IE-010
HRIS-WKR-007970,WKR-PUB-007970,IE,LE-IE-SYNTH-001,ACTIVE,CONTRACTOR,PERMANENT,2015-11-27,,M,Engineering,Dublin,CC-IE-033
HRIS-WKR-007971,WKR-PUB-007971,IE,LE-IE-SYNTH-001,TERMINATED,CONTRACTOR,FIXED_TERM,2015-03-24,2026-07-20,M,People,Remote-IE,CC-IE-037
HRIS-WKR-007972,WKR-PUB-007972,IE,LE-IE-SYNTH-001,ACTIVE,EMPLOYEE,PERMANENT,2016-02-16,,M,Engineering,Dublin,CC-IE-004
HRIS-WKR-007973,WKR-PUB-007973,IE,LE-IE-SYNTH-001,ACTIVE,EMPLOYEE,APPRENTICE,2014-12-02,,F,Engineering,Galway,CC-IE-024
HRIS-WKR-007974,WKR-PUB-007974,IE,LE-IE-SYNTH-001,ACTIVE,EMPLOYEE,FIXED_TERM,2021-07-19,,,Sales,Dublin,CC-IE-004
HRIS-WKR-007975,WKR-PUB-007975,IE,LE-IE-SYNTH-001,ACTIVE,EMPLOYEE,PERMANENT,2022-06-05,,M,Operations,Dublin,CC-IE-039
HRIS-WKR-007976,WKR-PUB-007976,IE,LE-IE-SYNTH-001,ACTIVE,EMPLOYEE,PERMANENT,2025-06-29,,,People,Limerick,CC-IE-009
HRIS-WKR-007977,WKR-PUB-007977,IE,LE-IE-SYNTH-001,ACTIVE,EMPLOYEE,PERMANENT,2021-06-23,,M,Finance,Galway,CC-IE-018
HRIS-WKR-007978,WKR-PUB-007978,IE,LE-IE-SYNTH-001,ACTIVE,EMPLOYEE,PERMANENT,2020-09-12,,M,Sales,Galway,CC-IE-011
HRIS-WKR-007979,WKR-PUB-007979,IE,LE-IE-SYNTH-001,ACTIVE,EMPLOYEE,FIXED_TERM,2015-10-04,,F,Engineering,Dublin,CC-IE-035
HRIS-WKR-007980,WKR-PUB-007980,IE,LE-IE-SYNTH-001,ACTIVE,EMPLOYEE,PERMANENT,2016-02-23,,NB,Sales,Remote-IE,CC-IE-040
HRIS-WKR-007981,WKR-PUB-007981,IE,LE-IE-SYNTH-001,ACTIVE,EMPLOYEE,PERMANENT,2017-10-09,,M,Sales,Limerick,CC-IE-028
HRIS-WKR-007982,WKR-PUB-007982,IE,LE-IE-SYNTH-001,ACTIVE,EMPLOYEE,PERMANENT,2020-04-22,,,Engineering,Cork,CC-IE-024
HRIS-WKR-007983,WKR-PUB-007983,IE,LE-IE-SYNTH-001,ACTIVE,EMPLOYEE,PERMANENT,2017-10-05,,F,Engineering,Galway,CC-IE-022
HRIS-WKR-007984,WKR-PUB-007984,IE,LE-IE-SYNTH-001,ACTIVE,EMPLOYEE,PERMANENT,2021-06-07,,F,Operations,Dublin,CC-IE-015
HRIS-WKR-007985,WKR-PUB-007985,IE,LE-IE-SYNTH-001,ACTIVE,EMPLOYEE,PERMANENT,2022-08-17,,M,People,Remote-IE,CC-IE-003
HRIS-WKR-007986,WKR-PUB-007986,IE,LE-IE-SYNTH-001,ACTIVE,CONTRACTOR,PERMANENT,2021-07-25,,M,People,Remote-IE,CC-IE-023
HRIS-WKR-007987,WKR-PUB-007987,IE,LE-IE-SYNTH-001,ACTIVE,EMPLOYEE,FIXED_TERM,2021-08-14,,M,Engineering,Dublin,CC-IE-028
HRIS-WKR-007988,WKR-PUB-007988,IE,LE-IE-SYNTH-001,ACTIVE,EMPLOYEE,PERMANENT,2019-03-27,,F,Engineering,Cork,CC-IE-025
HRIS-WKR-007989,WKR-PUB-007989,IE,LE-IE-SYNTH-001,ACTIVE,EMPLOYEE,PERMANENT,2018-03-08,,M,Engineering,Dublin,CC-IE-031
HRIS-WKR-007990,WKR-PUB-007990,IE,LE-IE-SYNTH-001,ACTIVE,EMPLOYEE,PERMANENT,2023-08-02,,M,Technology,Dublin,CC-IE-021
HRIS-WKR-007991,WKR-PUB-007991,IE,LE-IE-SYNTH-001,ACTIVE,EMPLOYEE,PERMANENT,2019-10-23,,F,Technology,Dublin,CC-IE-019
HRIS-WKR-007992,WKR-PUB-007992,IE,LE-IE-SYNTH-001,ACTIVE,EMPLOYEE,PERMANENT,2018-12-31,,F,Engineering,Dublin,CC-IE-025
HRIS-WKR-007993,WKR-PUB-007993,IE,LE-IE-SYNTH-001,ACTIVE,EMPLOYEE,PERMANENT,2017-06-11,,M,Sales,Dublin,CC-IE-009
HRIS-WKR-007994,WKR-PUB-007994,IE,LE-IE-SYNTH-001,ACTIVE,EMPLOYEE,PERMANENT,2022-01-08,,F,Engineering,Dublin,CC-IE-012
HRIS-WKR-007995,WKR-PUB-007995,IE,LE-IE-SYNTH-001,ACTIVE,EMPLOYEE,APPRENTICE,2020-07-07,,M,Engineering,Cork,CC-IE-037
HRIS-WKR-007996,WKR-PUB-007996,IE,LE-IE-SYNTH-001,ACTIVE,EMPLOYEE,PERMANENT,2023-03-21,,M,Technology,Dublin,CC-IE-020
HRIS-WKR-007997,WKR-PUB-007997,IE,LE-IE-SYNTH-001,ACTIVE,EMPLOYEE,PERMANENT,2017-11-25,,F,Operations,Dublin,CC-IE-003
HRIS-WKR-007998,WKR-PUB-007998,IE,LE-IE-SYNTH-001,ACTIVE,EMPLOYEE,PERMANENT,2020-03-03,,F,Engineering,Dublin,CC-IE-022
HRIS-WKR-007999,WKR-PUB-007999,IE,LE-IE-SYNTH-001,ACTIVE,EMPLOYEE,PERMANENT,2023-10-02,,M,Operations,Galway,CC-IE-001
HRIS-WKR-008000,WKR-PUB-008000,IE,LE-IE-SYNTH-001,ACTIVE,EMPLOYEE,FIXED_TERM,2023-03-22,,F,Operations,Cork,CC-IE-024
