assignment_id,hris_worker_id,position_id,job_code,job_title,job_family,job_level,primary_assignment_flag,fte_fraction,standard_hours_per_week,effective_start_date,effective_end_date
ASN-000001-01,HRIS-WKR-000001,POS-ENG-L5-0026,JOB-ENG-L5-02,Engineering L5 Role 02,ENG,L5,Y,1.0,39.0,2022-09-13,
ASN-000002-01,HRIS-WKR-000002,POS-FIN-L4-0093,JOB-FIN-L4-03,Finance L4 Role 03,FIN,L4,Y,1.0,39.0,2023-09-20,
ASN-000003-01,HRIS-WKR-000003,POS-ENG-L6-0032,JOB-ENG-L6-02,Engineering L6 Role 02,ENG,L6,Y,1.0,39.0,2025-02-22,
ASN-000004-01,HRIS-WKR-000004,POS-SAL-L4-0164,JOB-SAL-L4-02,Sales L4 Role 02,SAL,L4,Y,1.0,39.0,2018-02-18,
ASN-000005-01,HRIS-WKR-000005,POS-SAL-L6-0175,JOB-SAL-L6-01,Sales L6 Role 01,SAL,L6,Y,1.0,39.0,2021-04-22,
ASN-000006-01,HRIS-WKR-000006,POS-OPS-L2-0043,JOB-OPS-L2-01,Operations L2 Role 01,OPS,L2,Y,1.0,39.0,2021-04-07,
ASN-000007-01,HRIS-WKR-000007,POS-TEC-L4-0200,JOB-TEC-L4-02,Technology L4 Role 02,TEC,L4,Y,0.8,31.2,2023-05-18,
ASN-000008-01,HRIS-WKR-000008,POS-HR-L3-0125,JOB-HR-L3-05,People L3 Role 05,HR,L3,Y,1.0,39.0,2020-01-31,
ASN-000009-01,HRIS-WKR-000009,POS-ENG-L6-0033,JOB-ENG-L6-03,Engineering L6 Role 03,ENG,L6,Y,0.8,31.2,2020-06-18,
ASN-000010-01,HRIS-WKR-000010,POS-TEC-L6-0211,JOB-TEC-L6-01,Technology L6 Role 01,TEC,L6,Y,1.0,39.0,2024-01-31,
ASN-000011-01,HRIS-WKR-000011,POS-OPS-L4-0055,JOB-OPS-L4-01,Operations L4 Role 01,OPS,L4,Y,1.0,39.0,2020-04-21,
ASN-000012-01,HRIS-WKR-000012,POS-ENG-L4-0022,JOB-ENG-L4-04,Engineering L4 Role 04,ENG,L4,Y,0.8,31.2,2019-02-10,
ASN-000013-01,HRIS-WKR-000013,POS-TEC-L5-0208,JOB-TEC-L5-04,Technology L5 Role 04,TEC,L5,Y,1.0,39.0,2024-11-09,
ASN-000014-01,HRIS-WKR-000014,POS-OPS-L6-0068,JOB-OPS-L6-02,Operations L6 Role 02,OPS,L6,Y,0.4,15.6,2019-06-10,
ASN-000015-01,HRIS-WKR-000015,POS-ENG-L6-0031,JOB-ENG-L6-01,Engineering L6 Role 01,ENG,L6,Y,1.0,39.0,2024-07-12,
ASN-000016-01,HRIS-WKR-000016,POS-TEC-L1-0182,JOB-TEC-L1-02,Technology L1 Role 02,TEC,L1,Y,1.0,39.0,2022-03-02,
ASN-000017-01,HRIS-WKR-000017,POS-FIN-L4-0091,JOB-FIN-L4-01,Finance L4 Role 01,FIN,L4,Y,0.8,31.2,2022-08-29,
ASN-000018-01,HRIS-WKR-000018,POS-FIN-L3-0090,JOB-FIN-L3-06,Finance L3 Role 06,FIN,L3,Y,1.0,39.0,2022-02-04,
ASN-000019-01,HRIS-WKR-000019,POS-OPS-L4-0059,JOB-OPS-L4-05,Operations L4 Role 05,OPS,L4,Y,1.0,39.0,2025-06-12,
ASN-000020-01,HRIS-WKR-000020,POS-OPS-L4-0057,JOB-OPS-L4-03,Operations L4 Role 03,OPS,L4,Y,1.0,39.0,2018-08-12,
ASN-000021-01,HRIS-WKR-000021,POS-TEC-L2-0191,JOB-TEC-L2-05,Technology L2 Role 05,TEC,L2,Y,1.0,39.0,2018-01-25,
ASN-000022-01,HRIS-WKR-000022,POS-FIN-L4-0094,JOB-FIN-L4-04,Finance L4 Role 04,FIN,L4,Y,1.0,39.0,2022-02-26,
ASN-000023-01,HRIS-WKR-000023,POS-FIN-L6-0107,JOB-FIN-L6-05,Finance L6 Role 05,FIN,L6,Y,1.0,39.0,2019-10-30,
ASN-000024-01,HRIS-WKR-000024,POS-SAL-L4-0164,JOB-SAL-L4-02,Sales L4 Role 02,SAL,L4,Y,1.0,39.0,2019-10-28,
ASN-000025-01,HRIS-WKR-000025,POS-ENG-L5-0029,JOB-ENG-L5-05,Engineering L5 Role 05,ENG,L5,Y,1.0,39.0,2024-04-29,
ASN-000026-01,HRIS-WKR-000026,POS-FIN-L3-0089,JOB-FIN-L3-05,Finance L3 Role 05,FIN,L3,Y,1.0,39.0,2021-01-18,
ASN-000027-01,HRIS-WKR-000027,POS-OPS-L4-0058,JOB-OPS-L4-04,Operations L4 Role 04,OPS,L4,Y,0.8,31.2,2022-11-25,
ASN-000028-01,HRIS-WKR-000028,POS-FIN-L4-0096,JOB-FIN-L4-06,Finance L4 Role 06,FIN,L4,Y,1.0,39.0,2023-08-12,
ASN-000029-01,HRIS-WKR-000029,POS-SAL-L6-0175,JOB-SAL-L6-01,Sales L6 Role 01,SAL,L6,Y,1.0,39.0,2025-05-18,
ASN-000030-01,HRIS-WKR-000030,POS-TEC-L2-0190,JOB-TEC-L2-04,Technology L2 Role 04,TEC,L2,Y,1.0,39.0,2024-12-06,
ASN-000031-01,HRIS-WKR-000031,POS-ENG-L4-0019,JOB-ENG-L4-01,Engineering L4 Role 01,ENG,L4,Y,0.4,15.6,2024-07-09,
ASN-000032-01,HRIS-WKR-000032,POS-SAL-L4-0167,JOB-SAL-L4-05,Sales L4 Role 05,SAL,L4,Y,,,2022-06-19,
ASN-000033-01,HRIS-WKR-000033,POS-TEC-L6-0212,JOB-TEC-L6-02,Technology L6 Role 02,TEC,L6,Y,1.0,39.0,2020-07-08,
ASN-000033-02,HRIS-WKR-000033,POS-OPS-L4-0058,JOB-OPS-L4-04,Operations L4 Role 04,OPS,L4,N,0.4,15.6,2024-07-12,
ASN-000034-01,HRIS-WKR-000034,POS-FIN-L4-0091,JOB-FIN-L4-01,Finance L4 Role 01,FIN,L4,Y,1.0,39.0,2023-10-08,
ASN-000035-01,HRIS-WKR-000035,POS-TEC-L3-0196,JOB-TEC-L3-04,Technology L3 Role 04,TEC,L3,Y,1.0,39.0,2022-11-21,
ASN-000036-01,HRIS-WKR-000036,POS-OPS-L5-0066,JOB-OPS-L5-06,Operations L5 Role 06,OPS,L5,Y,1.0,39.0,2020-04-26,
ASN-000036-02,HRIS-WKR-000036,POS-FIN-L1-0075,JOB-FIN-L1-03,Finance L1 Role 03,FIN,L1,N,0.2,7.8,2018-10-23,
ASN-000037-01,HRIS-WKR-000037,POS-FIN-L5-0100,JOB-FIN-L5-04,Finance L5 Role 04,FIN,L5,Y,1.0,39.0,2020-05-02,
ASN-000038-01,HRIS-WKR-000038,POS-FIN-L6-0108,JOB-FIN-L6-06,Finance L6 Role 06,FIN,L6,Y,1.0,39.0,2019-01-07,
ASN-000039-01,HRIS-WKR-000039,POS-TEC-L5-0209,JOB-TEC-L5-05,Technology L5 Role 05,TEC,L5,Y,1.0,39.0,2020-05-22,
ASN-000040-01,HRIS-WKR-000040,POS-ENG-L1-0001,JOB-ENG-L1-01,Engineering L1 Role 01,ENG,L1,Y,1.0,39.0,2024-05-25,
ASN-000041-01,HRIS-WKR-000041,POS-FIN-L4-0096,JOB-FIN-L4-06,Finance L4 Role 06,FIN,L4,Y,1.0,39.0,2018-02-17,
ASN-000042-01,HRIS-WKR-000042,POS-SAL-L5-0169,JOB-SAL-L5-01,Sales L5 Role 01,SAL,L5,Y,0.8,31.2,2023-10-02,
ASN-000043-01,HRIS-WKR-000043,POS-OPS-L5-0061,JOB-OPS-L5-01,Operations L5 Role 01,OPS,L5,Y,1.0,39.0,2022-05-22,
ASN-000044-01,HRIS-WKR-000044,POS-ENG-L2-0012,JOB-ENG-L2-06,Engineering L2 Role 06,ENG,L2,Y,1.0,39.0,2022-08-28,
ASN-000044-02,HRIS-WKR-000044,POS-TEC-L5-0206,JOB-TEC-L5-02,Technology L5 Role 02,TEC,L5,N,0.3,11.7,2019-09-18,
ASN-000045-01,HRIS-WKR-000045,POS-TEC-L3-0193,JOB-TEC-L3-01,Technology L3 Role 01,TEC,L3,Y,1.0,39.0,2018-07-10,
ASN-000046-01,HRIS-WKR-000046,POS-OPS-L3-0051,JOB-OPS-L3-03,Operations L3 Role 03,OPS,L3,Y,1.0,39.0,2025-03-04,
ASN-000047-01,HRIS-WKR-000047,POS-OPS-L3-0053,JOB-OPS-L3-05,Operations L3 Role 05,OPS,L3,Y,0.8,31.2,2018-08-14,
ASN-000048-01,HRIS-WKR-000048,POS-OPS-L4-0055,JOB-OPS-L4-01,Operations L4 Role 01,OPS,L4,Y,1.0,39.0,2020-07-04,
ASN-000049-01,HRIS-WKR-000049,POS-HR-L5-0133,JOB-HR-L5-01,People L5 Role 01,HR,L5,Y,1.0,39.0,2019-05-20,
ASN-000050-01,HRIS-WKR-000050,POS-FIN-L6-0106,JOB-FIN-L6-04,Finance L6 Role 04,FIN,L6,Y,1.0,39.0,2020-09-03,
ASN-000051-01,HRIS-WKR-000051,POS-TEC-L1-0183,JOB-TEC-L1-03,Technology L1 Role 03,TEC,L1,Y,1.0,39.0,2018-11-20,
ASN-000052-01,HRIS-WKR-000052,POS-FIN-L1-0077,JOB-FIN-L1-05,Finance L1 Role 05,FIN,L1,Y,1.0,39.0,2019-06-08,
ASN-000053-01,HRIS-WKR-000053,POS-ENG-L4-0021,JOB-ENG-L4-03,Engineering L4 Role 03,ENG,L4,Y,1.0,39.0,2021-11-17,
ASN-000054-01,HRIS-WKR-000054,POS-HR-L5-0134,JOB-HR-L5-02,People L5 Role 02,HR,L5,Y,1.0,39.0,2021-12-06,
ASN-000055-01,HRIS-WKR-000055,POS-OPS-L5-0065,JOB-OPS-L5-05,Operations L5 Role 05,OPS,L5,Y,0.5,19.5,2019-06-22,
ASN-000056-01,HRIS-WKR-000056,POS-OPS-L6-0071,JOB-OPS-L6-05,Operations L6 Role 05,OPS,L6,Y,1.0,39.0,2023-05-05,
ASN-000057-01,HRIS-WKR-000057,POS-HR-L2-0120,JOB-HR-L2-06,People L2 Role 06,HR,L2,Y,1.0,39.0,2018-05-15,
ASN-000058-01,HRIS-WKR-000058,POS-FIN-L4-0093,JOB-FIN-L4-03,Finance L4 Role 03,FIN,L4,Y,1.0,39.0,2025-05-29,
ASN-000059-01,HRIS-WKR-000059,POS-HR-L6-0144,JOB-HR-L6-06,People L6 Role 06,HR,L6,Y,1.0,39.0,2021-11-20,
ASN-000060-01,HRIS-WKR-000060,POS-OPS-L2-0043,JOB-OPS-L2-01,Operations L2 Role 01,OPS,L2,Y,1.0,39.0,2022-11-09,
ASN-000061-01,HRIS-WKR-000061,POS-OPS-L2-0044,JOB-OPS-L2-02,Operations L2 Role 02,OPS,L2,Y,1.0,39.0,2025-05-11,
ASN-000062-01,HRIS-WKR-000062,POS-SAL-L6-0176,JOB-SAL-L6-02,Sales L6 Role 02,SAL,L6,Y,1.0,39.0,2022-07-17,
ASN-000063-01,HRIS-WKR-000063,POS-TEC-L1-0184,JOB-TEC-L1-04,Technology L1 Role 04,TEC,L1,Y,1.0,39.0,2023-08-24,
ASN-000064-01,HRIS-WKR-000064,POS-TEC-L4-0204,JOB-TEC-L4-06,Technology L4 Role 06,TEC,L4,Y,1.0,39.0,2026-01-25,
ASN-000065-01,HRIS-WKR-000065,POS-TEC-L2-0190,JOB-TEC-L2-04,Technology L2 Role 04,TEC,L2,Y,1.0,39.0,2019-01-26,
ASN-000066-01,HRIS-WKR-000066,POS-OPS-L6-0067,JOB-OPS-L6-01,Operations L6 Role 01,OPS,L6,Y,1.0,39.0,2018-11-04,
ASN-000067-01,HRIS-WKR-000067,POS-TEC-L5-0207,JOB-TEC-L5-03,Technology L5 Role 03,TEC,L5,Y,1.0,39.0,2018-10-05,
ASN-000068-01,HRIS-WKR-000068,POS-ENG-L1-0005,JOB-ENG-L1-05,Engineering L1 Role 05,ENG,L1,Y,1.0,39.0,2023-10-05,
ASN-000069-01,HRIS-WKR-000069,POS-TEC-L1-0183,JOB-TEC-L1-03,Technology L1 Role 03,TEC,L1,Y,1.0,39.0,2025-03-11,
ASN-000070-01,HRIS-WKR-000070,POS-OPS-L5-0066,JOB-OPS-L5-06,Operations L5 Role 06,OPS,L5,Y,0.8,31.2,2018-10-03,
ASN-000071-01,HRIS-WKR-000071,POS-SAL-L6-0180,JOB-SAL-L6-06,Sales L6 Role 06,SAL,L6,Y,1.0,39.0,2019-12-25,
ASN-000072-01,HRIS-WKR-000072,POS-OPS-L2-0047,JOB-OPS-L2-05,Operations L2 Role 05,OPS,L2,Y,1.0,39.0,2020-03-18,
ASN-000073-01,HRIS-WKR-000073,POS-SAL-L5-0174,JOB-SAL-L5-06,Sales L5 Role 06,SAL,L5,Y,0.4,15.6,2020-11-12,
ASN-000074-01,HRIS-WKR-000074,POS-FIN-L3-0089,JOB-FIN-L3-05,Finance L3 Role 05,FIN,L3,Y,0.6,23.4,2024-05-08,
ASN-000075-01,HRIS-WKR-000075,POS-HR-L6-0140,JOB-HR-L6-02,People L6 Role 02,HR,L6,Y,1.0,39.0,2024-06-11,
ASN-000076-01,HRIS-WKR-000076,POS-OPS-L5-0061,JOB-OPS-L5-01,Operations L5 Role 01,OPS,L5,Y,1.0,39.0,2021-07-06,
ASN-000077-01,HRIS-WKR-000077,POS-TEC-L6-0211,JOB-TEC-L6-01,Technology L6 Role 01,TEC,L6,Y,1.0,39.0,2024-09-08,
ASN-000078-01,HRIS-WKR-000078,POS-OPS-L3-0049,JOB-OPS-L3-01,Operations L3 Role 01,OPS,L3,Y,0.6,23.4,2024-10-15,
ASN-000078-02,HRIS-WKR-000078,POS-SAL-L5-0170,JOB-SAL-L5-02,Sales L5 Role 02,SAL,L5,N,0.3,11.7,2019-03-07,
ASN-000079-01,HRIS-WKR-000079,POS-HR-L1-0112,JOB-HR-L1-04,People L1 Role 04,HR,L1,Y,1.0,39.0,2024-08-19,
ASN-000080-01,HRIS-WKR-000080,POS-FIN-L4-0092,JOB-FIN-L4-02,Finance L4 Role 02,FIN,L4,Y,,,2018-04-15,
ASN-000081-01,HRIS-WKR-000081,POS-HR-L4-0130,JOB-HR-L4-04,People L4 Role 04,HR,L4,Y,1.0,39.0,2022-01-31,
ASN-000082-01,HRIS-WKR-000082,POS-FIN-L1-0077,JOB-FIN-L1-05,Finance L1 Role 05,FIN,L1,Y,0.6,23.4,2019-10-14,
ASN-000083-01,HRIS-WKR-000083,POS-OPS-L4-0055,JOB-OPS-L4-01,Operations L4 Role 01,OPS,L4,Y,0.6,23.4,2025-02-22,
ASN-000084-01,HRIS-WKR-000084,POS-FIN-L4-0096,JOB-FIN-L4-06,Finance L4 Role 06,FIN,L4,Y,1.0,39.0,2020-04-09,
ASN-000085-01,HRIS-WKR-000085,POS-HR-L4-0128,JOB-HR-L4-02,People L4 Role 02,HR,L4,Y,0.8,31.2,2019-03-18,
ASN-000086-01,HRIS-WKR-000086,POS-FIN-L6-0108,JOB-FIN-L6-06,Finance L6 Role 06,FIN,L6,Y,0.6,23.4,2024-11-23,
ASN-000087-01,HRIS-WKR-000087,POS-ENG-L5-0025,JOB-ENG-L5-01,Engineering L5 Role 01,ENG,L5,Y,0.5,19.5,2024-12-27,
ASN-000088-01,HRIS-WKR-000088,POS-OPS-L4-0060,JOB-OPS-L4-06,Operations L4 Role 06,OPS,L4,Y,1.0,39.0,2024-07-04,
ASN-000089-01,HRIS-WKR-000089,POS-OPS-L1-0037,JOB-OPS-L1-01,Operations L1 Role 01,OPS,L1,Y,1.0,39.0,2018-05-02,
ASN-000089-02,HRIS-WKR-000089,POS-ENG-L6-0035,JOB-ENG-L6-05,Engineering L6 Role 05,ENG,L6,N,0.4,15.6,2021-02-12,
ASN-000090-01,HRIS-WKR-000090,POS-FIN-L2-0082,JOB-FIN-L2-04,Finance L2 Role 04,FIN,L2,Y,1.0,39.0,2022-04-29,
ASN-000091-01,HRIS-WKR-000091,POS-HR-L6-0139,JOB-HR-L6-01,People L6 Role 01,HR,L6,Y,1.0,39.0,2023-03-22,
ASN-000092-01,HRIS-WKR-000092,POS-ENG-L1-0005,JOB-ENG-L1-05,Engineering L1 Role 05,ENG,L1,Y,1.0,39.0,2023-12-25,
ASN-000093-01,HRIS-WKR-000093,POS-ENG-L1-0002,JOB-ENG-L1-02,Engineering L1 Role 02,ENG,L1,Y,1.0,39.0,2022-03-04,
ASN-000094-01,HRIS-WKR-000094,POS-OPS-L4-0060,JOB-OPS-L4-06,Operations L4 Role 06,OPS,L4,Y,1.0,39.0,2018-07-08,
ASN-000095-01,HRIS-WKR-000095,POS-OPS-L6-0072,JOB-OPS-L6-06,Operations L6 Role 06,OPS,L6,Y,1.0,39.0,2020-03-07,
ASN-000095-02,HRIS-WKR-000095,POS-TEC-L6-0213,JOB-TEC-L6-03,Technology L6 Role 03,TEC,L6,N,0.3,11.7,2019-07-07,
ASN-000096-01,HRIS-WKR-000096,POS-TEC-L2-0190,JOB-TEC-L2-04,Technology L2 Role 04,TEC,L2,Y,1.0,39.0,2018-08-04,
ASN-000097-01,HRIS-WKR-000097,POS-FIN-L6-0103,JOB-FIN-L6-01,Finance L6 Role 01,FIN,L4,Y,0.8,31.2,2023-04-27,
ASN-000098-01,HRIS-WKR-000098,POS-OPS-L5-0066,JOB-OPS-L5-06,Operations L5 Role 06,OPS,L5,Y,1.0,39.0,2023-06-24,
ASN-000099-01,HRIS-WKR-000099,POS-OPS-L1-0039,JOB-OPS-L1-03,Operations L1 Role 03,OPS,L1,Y,1.0,39.0,2021-01-29,
ASN-000100-01,HRIS-WKR-000100,POS-OPS-L6-0071,JOB-OPS-L6-05,Operations L6 Role 05,OPS,L6,Y,0.6,23.4,2025-04-07,
ASN-000101-01,HRIS-WKR-000101,POS-SAL-L2-0152,JOB-SAL-L2-02,Sales L2 Role 02,SAL,L2,Y,1.0,39.0,2018-02-15,
ASN-000102-01,HRIS-WKR-000102,POS-ENG-L5-0028,JOB-ENG-L5-04,Engineering L5 Role 04,ENG,L5,Y,1.0,39.0,2021-02-09,
ASN-000103-01,HRIS-WKR-000103,POS-ENG-L4-0022,JOB-ENG-L4-04,Engineering L4 Role 04,ENG,L4,Y,1.0,39.0,2023-07-19,
ASN-000104-01,HRIS-WKR-000104,POS-FIN-L3-0088,JOB-FIN-L3-04,Finance L3 Role 04,FIN,L3,Y,1.0,39.0,2022-12-02,
ASN-000105-01,HRIS-WKR-000105,POS-SAL-L3-0159,JOB-SAL-L3-03,Sales L3 Role 03,SAL,L3,Y,1.0,39.0,2019-10-25,
ASN-000106-01,HRIS-WKR-000106,POS-FIN-L2-0079,JOB-FIN-L2-01,Finance L2 Role 01,FIN,L2,Y,0.4,15.6,2023-11-02,
ASN-000107-01,HRIS-WKR-000107,POS-SAL-L2-0156,JOB-SAL-L2-06,Sales L2 Role 06,SAL,L2,Y,0.5,19.5,2018-03-16,
ASN-000108-01,HRIS-WKR-000108,POS-ENG-L4-0024,JOB-ENG-L4-06,Engineering L4 Role 06,ENG,L4,Y,,,2024-11-14,
ASN-000109-01,HRIS-WKR-000109,POS-SAL-L3-0160,JOB-SAL-L3-04,Sales L3 Role 04,SAL,L3,Y,1.0,39.0,2024-10-31,
ASN-000110-01,HRIS-WKR-000110,POS-FIN-L2-0081,JOB-FIN-L2-03,Finance L2 Role 03,FIN,L2,Y,0.8,31.2,2021-02-22,
ASN-000111-01,HRIS-WKR-000111,POS-HR-L5-0134,JOB-HR-L5-02,People L5 Role 02,HR,L5,Y,1.0,39.0,2019-10-26,
ASN-000112-01,HRIS-WKR-000112,POS-HR-L4-0127,JOB-HR-L4-01,People L4 Role 01,HR,L4,Y,1.0,39.0,2024-08-05,
ASN-000113-01,HRIS-WKR-000113,POS-HR-L3-0122,JOB-HR-L3-02,People L3 Role 02,HR,L3,Y,,,2024-04-19,
ASN-000114-01,HRIS-WKR-000114,POS-HR-L6-0143,JOB-HR-L6-05,People L6 Role 05,HR,L6,Y,1.0,39.0,2024-03-24,
ASN-000115-01,HRIS-WKR-000115,POS-OPS-L4-0060,JOB-OPS-L4-06,Operations L4 Role 06,OPS,L4,Y,0.8,31.2,2020-06-05,
ASN-000116-01,HRIS-WKR-000116,POS-OPS-L4-0059,JOB-OPS-L4-05,Operations L4 Role 05,OPS,L4,Y,1.0,39.0,2022-06-17,
ASN-000117-01,HRIS-WKR-000117,POS-ENG-L1-0006,JOB-ENG-L1-06,Engineering L1 Role 06,ENG,L1,Y,0.6,23.4,2022-03-24,
ASN-000118-01,HRIS-WKR-000118,POS-OPS-L3-0052,JOB-OPS-L3-04,Operations L3 Role 04,OPS,L3,Y,1.0,39.0,2022-02-19,
ASN-000119-01,HRIS-WKR-000119,POS-HR-L6-0140,JOB-HR-L6-02,People L6 Role 02,HR,L6,Y,0.8,31.2,2021-12-22,
ASN-000120-01,HRIS-WKR-000120,POS-OPS-L3-0049,JOB-OPS-L3-01,Operations L3 Role 01,OPS,L3,Y,1.0,39.0,2025-02-13,
ASN-000121-01,HRIS-WKR-000121,POS-TEC-L2-0189,JOB-TEC-L2-03,Technology L2 Role 03,TEC,L2,Y,1.0,39.0,2022-12-06,
ASN-000122-01,HRIS-WKR-000122,POS-FIN-L1-0077,JOB-FIN-L1-05,Finance L1 Role 05,FIN,L1,Y,1.0,39.0,2025-02-03,
ASN-000123-01,HRIS-WKR-000123,POS-SAL-L4-0163,JOB-SAL-L4-01,Sales L4 Role 01,SAL,L4,Y,1.0,39.0,2022-01-11,
ASN-000124-01,HRIS-WKR-000124,POS-ENG-L6-0036,JOB-ENG-L6-06,Engineering L6 Role 06,ENG,L6,Y,1.0,39.0,2020-08-31,
ASN-000125-01,HRIS-WKR-000125,POS-OPS-L5-0061,JOB-OPS-L5-01,Operations L5 Role 01,OPS,L5,Y,1.0,39.0,2018-12-24,
ASN-000126-01,HRIS-WKR-000126,POS-OPS-L5-0063,JOB-OPS-L5-03,Operations L5 Role 03,OPS,L5,Y,0.8,31.2,2019-11-06,
ASN-000127-01,HRIS-WKR-000127,POS-OPS-L1-0039,JOB-OPS-L1-03,Operations L1 Role 03,OPS,L1,Y,0.4,15.6,2019-10-31,
ASN-000127-02,HRIS-WKR-000127,POS-FIN-L4-0093,JOB-FIN-L4-03,Finance L4 Role 03,FIN,L4,N,0.2,7.8,2018-08-29,
ASN-000128-01,HRIS-WKR-000128,POS-FIN-L5-0098,JOB-FIN-L5-02,Finance L5 Role 02,FIN,L5,Y,1.0,39.0,2024-12-29,
ASN-000129-01,HRIS-WKR-000129,POS-ENG-L1-0001,JOB-ENG-L1-01,Engineering L1 Role 01,ENG,L1,Y,1.0,39.0,2020-07-11,
ASN-000130-01,HRIS-WKR-000130,POS-OPS-L1-0040,JOB-OPS-L1-04,Operations L1 Role 04,OPS,L1,Y,1.0,39.0,2020-09-16,
ASN-000131-01,HRIS-WKR-000131,POS-ENG-L4-0020,JOB-ENG-L4-02,Engineering L4 Role 02,ENG,L4,Y,1.0,39.0,2019-10-14,
ASN-000131-02,HRIS-WKR-000131,POS-FIN-L6-0108,JOB-FIN-L6-06,Finance L6 Role 06,FIN,L6,N,0.2,7.8,2024-03-03,
ASN-000132-01,HRIS-WKR-000132,POS-HR-L3-0123,JOB-HR-L3-03,People L3 Role 03,HR,L3,Y,0.6,23.4,2021-04-06,
ASN-000133-01,HRIS-WKR-000133,POS-FIN-L3-0090,JOB-FIN-L3-06,Finance L3 Role 06,FIN,L3,Y,1.0,39.0,2019-06-03,
ASN-000134-01,HRIS-WKR-000134,POS-SAL-L2-0156,JOB-SAL-L2-06,Sales L2 Role 06,SAL,L2,Y,0.8,31.2,2025-03-31,
ASN-000135-01,HRIS-WKR-000135,POS-ENG-L5-0027,JOB-ENG-L5-03,Engineering L5 Role 03,ENG,L5,Y,1.0,39.0,2020-11-24,
ASN-000136-01,HRIS-WKR-000136,POS-FIN-L2-0083,JOB-FIN-L2-05,Finance L2 Role 05,FIN,L2,Y,0.6,23.4,2020-01-21,
ASN-000137-01,HRIS-WKR-000137,POS-FIN-L6-0106,JOB-FIN-L6-04,Finance L6 Role 04,FIN,L6,Y,0.4,15.6,2022-07-02,
ASN-000138-01,HRIS-WKR-000138,POS-FIN-L3-0090,JOB-FIN-L3-06,Finance L3 Role 06,FIN,L3,Y,1.0,39.0,2019-11-13,
ASN-000139-01,HRIS-WKR-000139,POS-OPS-L4-0057,JOB-OPS-L4-03,Operations L4 Role 03,OPS,L4,Y,0.4,15.6,2021-05-13,
ASN-000140-01,HRIS-WKR-000140,POS-TEC-L4-0204,JOB-TEC-L4-06,Technology L4 Role 06,TEC,L4,Y,0.8,31.2,2025-04-02,
ASN-000141-01,HRIS-WKR-000141,POS-TEC-L6-0215,JOB-TEC-L6-05,Technology L6 Role 05,TEC,L6,Y,1.0,39.0,2025-07-07,
ASN-000142-01,HRIS-WKR-000142,POS-OPS-L2-0047,JOB-OPS-L2-05,Operations L2 Role 05,OPS,L2,Y,1.0,39.0,2024-12-01,
ASN-000143-01,HRIS-WKR-000143,POS-HR-L6-0140,JOB-HR-L6-02,People L6 Role 02,HR,L6,Y,0.5,19.5,2020-07-23,
ASN-000144-01,HRIS-WKR-000144,POS-FIN-L1-0073,JOB-FIN-L1-01,Finance L1 Role 01,FIN,L1,Y,1.0,39.0,2025-07-30,
ASN-000145-01,HRIS-WKR-000145,POS-TEC-L4-0202,JOB-TEC-L4-04,Technology L4 Role 04,TEC,L4,Y,0.4,15.6,2023-06-09,
ASN-000145-02,HRIS-WKR-000145,POS-OPS-L3-0051,JOB-OPS-L3-03,Operations L3 Role 03,OPS,L3,N,0.2,7.8,2022-11-10,
ASN-000146-01,HRIS-WKR-000146,POS-OPS-L4-0058,JOB-OPS-L4-04,Operations L4 Role 04,OPS,L4,Y,1.0,39.0,2020-04-18,
ASN-000147-01,HRIS-WKR-000147,POS-SAL-L2-0154,JOB-SAL-L2-04,Sales L2 Role 04,SAL,L2,Y,1.0,39.0,2024-06-30,
ASN-000148-01,HRIS-WKR-000148,POS-FIN-L2-0081,JOB-FIN-L2-03,Finance L2 Role 03,FIN,L1,Y,1.0,39.0,2022-09-14,
ASN-000149-01,HRIS-WKR-000149,POS-OPS-L1-0038,JOB-OPS-L1-02,Operations L1 Role 02,OPS,L1,Y,1.0,39.0,2022-02-11,
ASN-000150-01,HRIS-WKR-000150,POS-SAL-L2-0156,JOB-SAL-L2-06,Sales L2 Role 06,SAL,L2,Y,1.0,39.0,2021-11-09,
ASN-000151-01,HRIS-WKR-000151,POS-SAL-L6-0177,JOB-SAL-L6-03,Sales L6 Role 03,SAL,L6,Y,1.0,39.0,2021-12-22,
ASN-000152-01,HRIS-WKR-000152,POS-SAL-L4-0168,JOB-SAL-L4-06,Sales L4 Role 06,SAL,L4,Y,0.6,23.4,2025-08-19,
ASN-000152-02,HRIS-WKR-000152,POS-OPS-L3-0051,JOB-OPS-L3-03,Operations L3 Role 03,OPS,L3,N,0.2,7.8,2019-11-24,
ASN-000153-01,HRIS-WKR-000153,POS-SAL-L4-0166,JOB-SAL-L4-04,Sales L4 Role 04,SAL,L4,Y,1.0,39.0,2022-02-25,
ASN-000154-01,HRIS-WKR-000154,POS-ENG-L6-0036,JOB-ENG-L6-06,Engineering L6 Role 06,ENG,L6,Y,1.0,39.0,2020-11-05,
ASN-000155-01,HRIS-WKR-000155,POS-FIN-L1-0078,JOB-FIN-L1-06,Finance L1 Role 06,FIN,L1,Y,0.4,15.6,2025-06-21,
ASN-000156-01,HRIS-WKR-000156,POS-HR-L6-0140,JOB-HR-L6-02,People L6 Role 02,HR,L6,Y,1.0,39.0,2023-10-21,
ASN-000157-01,HRIS-WKR-000157,POS-HR-L1-0111,JOB-HR-L1-03,People L1 Role 03,HR,L1,Y,1.0,39.0,2021-11-28,
ASN-000158-01,HRIS-WKR-000158,POS-SAL-L3-0159,JOB-SAL-L3-03,Sales L3 Role 03,SAL,L3,Y,0.6,23.4,2025-04-11,
ASN-000159-01,HRIS-WKR-000159,POS-SAL-L4-0164,JOB-SAL-L4-02,Sales L4 Role 02,SAL,L4,Y,1.0,39.0,2024-07-25,
ASN-000160-01,HRIS-WKR-000160,POS-TEC-L5-0205,JOB-TEC-L5-01,Technology L5 Role 01,TEC,L5,Y,0.8,31.2,2018-02-24,
ASN-000161-01,HRIS-WKR-000161,POS-HR-L5-0133,JOB-HR-L5-01,People L5 Role 01,HR,L5,Y,,,2022-07-05,
ASN-000162-01,HRIS-WKR-000162,POS-OPS-L4-0056,JOB-OPS-L4-02,Operations L4 Role 02,OPS,L4,Y,1.0,39.0,2018-04-16,
ASN-000163-01,HRIS-WKR-000163,POS-ENG-L1-0003,JOB-ENG-L1-03,Engineering L1 Role 03,ENG,L1,Y,1.0,39.0,2020-05-12,
ASN-000164-01,HRIS-WKR-000164,POS-TEC-L5-0205,JOB-TEC-L5-01,Technology L5 Role 01,TEC,L5,Y,0.6,23.4,2022-10-15,
ASN-000165-01,HRIS-WKR-000165,POS-SAL-L2-0152,JOB-SAL-L2-02,Sales L2 Role 02,SAL,L2,Y,1.0,39.0,2024-02-07,
ASN-000166-01,HRIS-WKR-000166,POS-TEC-L1-0181,JOB-TEC-L1-01,Technology L1 Role 01,TEC,L1,Y,1.0,39.0,2025-03-31,
ASN-000167-01,HRIS-WKR-000167,POS-ENG-L6-0033,JOB-ENG-L6-03,Engineering L6 Role 03,ENG,L6,Y,1.0,39.0,2020-03-31,
ASN-000168-01,HRIS-WKR-000168,POS-TEC-L4-0199,JOB-TEC-L4-01,Technology L4 Role 01,TEC,L4,Y,1.0,39.0,2019-08-14,
ASN-000169-01,HRIS-WKR-000169,POS-OPS-L1-0040,JOB-OPS-L1-04,Operations L1 Role 04,OPS,L1,Y,1.0,39.0,2024-12-16,
ASN-000170-01,HRIS-WKR-000170,POS-ENG-L1-0004,JOB-ENG-L1-04,Engineering L1 Role 04,ENG,L1,Y,1.0,39.0,2020-03-16,
ASN-000171-01,HRIS-WKR-000171,POS-HR-L3-0124,JOB-HR-L3-04,People L3 Role 04,HR,L3,Y,1.0,39.0,2025-05-09,
ASN-000171-02,HRIS-WKR-000171,POS-TEC-L4-0199,JOB-TEC-L4-01,Technology L4 Role 01,TEC,L4,N,0.2,7.8,2020-03-20,
ASN-000172-01,HRIS-WKR-000172,POS-OPS-L6-0067,JOB-OPS-L6-01,Operations L6 Role 01,OPS,L6,Y,1.0,39.0,2024-08-10,
ASN-000173-01,HRIS-WKR-000173,POS-TEC-L2-0191,JOB-TEC-L2-05,Technology L2 Role 05,TEC,L2,Y,1.0,39.0,2020-06-13,
ASN-000174-01,HRIS-WKR-000174,POS-ENG-L2-0011,JOB-ENG-L2-05,Engineering L2 Role 05,ENG,L2,Y,1.0,39.0,2024-08-15,
ASN-000175-01,HRIS-WKR-000175,POS-ENG-L3-0018,JOB-ENG-L3-06,Engineering L3 Role 06,ENG,L3,Y,1.0,39.0,2023-02-08,
ASN-000176-01,HRIS-WKR-000176,POS-SAL-L1-0147,JOB-SAL-L1-03,Sales L1 Role 03,SAL,L1,Y,0.8,31.2,2022-02-21,
ASN-000177-01,HRIS-WKR-000177,POS-FIN-L5-0101,JOB-FIN-L5-05,Finance L5 Role 05,FIN,L5,Y,1.0,39.0,2024-10-24,
ASN-000177-02,HRIS-WKR-000177,POS-SAL-L4-0165,JOB-SAL-L4-03,Sales L4 Role 03,SAL,L4,N,0.3,11.7,2020-05-26,
ASN-000178-01,HRIS-WKR-000178,POS-FIN-L5-0100,JOB-FIN-L5-04,Finance L5 Role 04,FIN,L5,Y,0.5,19.5,2021-06-29,
ASN-000178-02,HRIS-WKR-000178,POS-TEC-L6-0212,JOB-TEC-L6-02,Technology L6 Role 02,TEC,L6,N,0.3,11.7,2019-12-09,
ASN-000179-01,HRIS-WKR-000179,POS-OPS-L4-0055,JOB-OPS-L4-01,Operations L4 Role 01,OPS,L4,Y,1.0,39.0,2024-06-03,
ASN-000180-01,HRIS-WKR-000180,POS-FIN-L5-0102,JOB-FIN-L5-06,Finance L5 Role 06,FIN,L5,Y,1.0,39.0,2020-11-09,
ASN-000180-02,HRIS-WKR-000180,POS-SAL-L2-0151,JOB-SAL-L2-01,Sales L2 Role 01,SAL,L2,N,0.4,15.6,2018-06-25,
ASN-000181-01,HRIS-WKR-000181,POS-TEC-L1-0185,JOB-TEC-L1-05,Technology L1 Role 05,TEC,L1,Y,0.8,31.2,2021-06-02,
ASN-000182-01,HRIS-WKR-000182,POS-ENG-L1-0001,JOB-ENG-L1-01,Engineering L1 Role 01,ENG,L1,Y,1.0,39.0,2025-08-27,
ASN-000183-01,HRIS-WKR-000183,POS-OPS-L5-0065,JOB-OPS-L5-05,Operations L5 Role 05,OPS,L5,Y,1.0,39.0,2018-01-12,
ASN-000184-01,HRIS-WKR-000184,POS-HR-L4-0130,JOB-HR-L4-04,People L4 Role 04,HR,L4,Y,1.0,39.0,2019-06-23,
ASN-000185-01,HRIS-WKR-000185,POS-TEC-L6-0213,JOB-TEC-L6-03,Technology L6 Role 03,TEC,L6,Y,1.0,39.0,2021-10-26,
ASN-000186-01,HRIS-WKR-000186,POS-TEC-L4-0203,JOB-TEC-L4-05,Technology L4 Role 05,TEC,L4,Y,1.0,39.0,2024-07-03,
ASN-000187-01,HRIS-WKR-000187,POS-ENG-L4-0019,JOB-ENG-L4-01,Engineering L4 Role 01,ENG,L4,Y,1.0,39.0,2020-02-14,
ASN-000188-01,HRIS-WKR-000188,POS-SAL-L2-0154,JOB-SAL-L2-04,Sales L2 Role 04,SAL,L2,Y,1.0,39.0,2023-10-10,
ASN-000188-02,HRIS-WKR-000188,POS-OPS-L3-0052,JOB-OPS-L3-04,Operations L3 Role 04,OPS,L3,N,0.3,11.7,2023-05-12,
ASN-000189-01,HRIS-WKR-000189,POS-FIN-L6-0103,JOB-FIN-L6-01,Finance L6 Role 01,FIN,L6,Y,0.5,19.5,2025-11-17,
ASN-000190-01,HRIS-WKR-000190,POS-FIN-L1-0073,JOB-FIN-L1-01,Finance L1 Role 01,FIN,L1,Y,1.0,39.0,2019-05-03,
ASN-000191-01,HRIS-WKR-000191,POS-HR-L1-0112,JOB-HR-L1-04,People L1 Role 04,HR,L1,Y,1.0,39.0,2025-08-19,
ASN-000191-02,HRIS-WKR-000191,POS-OPS-L4-0060,JOB-OPS-L4-06,Operations L4 Role 06,OPS,L4,N,0.3,11.7,2024-11-16,
ASN-000192-01,HRIS-WKR-000192,POS-TEC-L2-0190,JOB-TEC-L2-04,Technology L2 Role 04,TEC,L2,Y,1.0,39.0,2020-07-15,
ASN-000193-01,HRIS-WKR-000193,POS-FIN-L1-0077,JOB-FIN-L1-05,Finance L1 Role 05,FIN,L1,Y,1.0,39.0,2024-09-11,
ASN-000194-01,HRIS-WKR-000194,POS-FIN-L6-0104,JOB-FIN-L6-02,Finance L6 Role 02,FIN,L6,Y,0.8,31.2,2022-09-09,
ASN-000195-01,HRIS-WKR-000195,POS-TEC-L2-0189,JOB-TEC-L2-03,Technology L2 Role 03,TEC,L2,Y,1.0,39.0,2023-12-18,
ASN-000195-02,HRIS-WKR-000195,POS-TEC-L1-0185,JOB-TEC-L1-05,Technology L1 Role 05,TEC,L1,N,0.4,15.6,2019-04-11,
ASN-000196-01,HRIS-WKR-000196,POS-HR-L5-0135,JOB-HR-L5-03,People L5 Role 03,HR,L5,Y,1.0,39.0,2025-04-25,
ASN-000196-02,HRIS-WKR-000196,POS-FIN-L5-0101,JOB-FIN-L5-05,Finance L5 Role 05,FIN,L5,N,0.2,7.8,2018-02-20,
ASN-000197-01,HRIS-WKR-000197,POS-TEC-L1-0184,JOB-TEC-L1-04,Technology L1 Role 04,TEC,L1,Y,1.0,39.0,2021-12-03,
ASN-000198-01,HRIS-WKR-000198,POS-OPS-L1-0039,JOB-OPS-L1-03,Operations L1 Role 03,OPS,L1,Y,1.0,39.0,2024-11-28,
ASN-000199-01,HRIS-WKR-000199,POS-TEC-L4-0200,JOB-TEC-L4-02,Technology L4 Role 02,TEC,L4,Y,1.0,39.0,2020-06-04,
ASN-000200-01,HRIS-WKR-000200,POS-HR-L2-0118,JOB-HR-L2-04,People L2 Role 04,HR,L2,Y,0.6,23.4,2025-10-29,
ASN-000201-01,HRIS-WKR-000201,POS-OPS-L3-0050,JOB-OPS-L3-02,Operations L3 Role 02,OPS,L3,Y,1.0,39.0,2025-08-10,
ASN-000202-01,HRIS-WKR-000202,POS-SAL-L2-0152,JOB-SAL-L2-02,Sales L2 Role 02,SAL,L2,Y,0.6,23.4,2022-01-15,
ASN-000203-01,HRIS-WKR-000203,POS-SAL-L3-0157,JOB-SAL-L3-01,Sales L3 Role 01,SAL,L3,Y,0.8,31.2,2024-10-17,
ASN-000204-01,HRIS-WKR-000204,POS-ENG-L6-0032,JOB-ENG-L6-02,Engineering L6 Role 02,ENG,L6,Y,0.8,31.2,2026-01-16,
ASN-000205-01,HRIS-WKR-000205,POS-ENG-L3-0015,JOB-ENG-L3-03,Engineering L3 Role 03,ENG,L3,Y,1.0,39.0,2021-11-17,
ASN-000206-01,HRIS-WKR-000206,POS-OPS-L6-0071,JOB-OPS-L6-05,Operations L6 Role 05,OPS,L6,Y,1.0,39.0,2026-01-23,
ASN-000206-02,HRIS-WKR-000206,POS-HR-L4-0130,JOB-HR-L4-04,People L4 Role 04,HR,L4,N,0.2,7.8,2023-12-25,
ASN-000207-01,HRIS-WKR-000207,POS-FIN-L2-0081,JOB-FIN-L2-03,Finance L2 Role 03,FIN,L2,Y,1.0,39.0,2021-02-02,
ASN-000208-01,HRIS-WKR-000208,POS-FIN-L4-0093,JOB-FIN-L4-03,Finance L4 Role 03,FIN,L4,Y,1.0,39.0,2018-07-12,
ASN-000209-01,HRIS-WKR-000209,POS-TEC-L2-0189,JOB-TEC-L2-03,Technology L2 Role 03,TEC,L2,Y,1.0,39.0,2018-02-13,
ASN-000210-01,HRIS-WKR-000210,POS-FIN-L6-0105,JOB-FIN-L6-03,Finance L6 Role 03,FIN,L6,Y,1.0,39.0,2020-10-17,
ASN-000210-02,HRIS-WKR-000210,POS-OPS-L2-0046,JOB-OPS-L2-04,Operations L2 Role 04,OPS,L2,N,0.3,11.7,2018-12-08,
ASN-000211-01,HRIS-WKR-000211,POS-ENG-L6-0035,JOB-ENG-L6-05,Engineering L6 Role 05,ENG,L6,Y,1.0,39.0,2025-06-29,
ASN-000212-01,HRIS-WKR-000212,POS-FIN-L6-0104,JOB-FIN-L6-02,Finance L6 Role 02,FIN,L6,Y,1.0,39.0,2022-05-18,
ASN-000213-01,HRIS-WKR-000213,POS-ENG-L4-0021,JOB-ENG-L4-03,Engineering L4 Role 03,ENG,L4,Y,,,2019-12-16,
ASN-000214-01,HRIS-WKR-000214,POS-HR-L4-0127,JOB-HR-L4-01,People L4 Role 01,HR,L4,Y,1.0,39.0,2022-05-10,
ASN-000215-01,HRIS-WKR-000215,POS-ENG-L2-0007,JOB-ENG-L2-01,Engineering L2 Role 01,ENG,L2,Y,1.0,39.0,2023-06-06,
ASN-000216-01,HRIS-WKR-000216,POS-OPS-L5-0062,JOB-OPS-L5-02,Operations L5 Role 02,OPS,L5,Y,1.0,39.0,2024-10-23,
ASN-000217-01,HRIS-WKR-000217,POS-OPS-L1-0037,JOB-OPS-L1-01,Operations L1 Role 01,OPS,L1,Y,1.0,39.0,2024-11-30,
ASN-000218-01,HRIS-WKR-000218,POS-ENG-L1-0001,JOB-ENG-L1-01,Engineering L1 Role 01,ENG,L1,Y,1.0,39.0,2023-03-03,
ASN-000219-01,HRIS-WKR-000219,POS-TEC-L5-0210,JOB-TEC-L5-06,Technology L5 Role 06,TEC,L5,Y,1.0,39.0,2018-03-19,
ASN-000220-01,HRIS-WKR-000220,POS-HR-L3-0126,JOB-HR-L3-06,People L3 Role 06,HR,L1,Y,1.0,39.0,2021-07-20,
ASN-000221-01,HRIS-WKR-000221,POS-HR-L4-0131,JOB-HR-L4-05,People L4 Role 05,HR,L4,Y,1.0,39.0,2018-09-03,
ASN-000222-01,HRIS-WKR-000222,POS-OPS-L5-0063,JOB-OPS-L5-03,Operations L5 Role 03,OPS,L5,Y,1.0,39.0,2022-11-30,
ASN-000223-01,HRIS-WKR-000223,POS-HR-L4-0132,JOB-HR-L4-06,People L4 Role 06,HR,L4,Y,0.4,15.6,2020-12-14,
ASN-000224-01,HRIS-WKR-000224,POS-TEC-L3-0197,JOB-TEC-L3-05,Technology L3 Role 05,TEC,L3,Y,1.0,39.0,2018-06-10,
ASN-000225-01,HRIS-WKR-000225,POS-FIN-L1-0075,JOB-FIN-L1-03,Finance L1 Role 03,FIN,L1,Y,1.0,39.0,2022-04-08,
ASN-000226-01,HRIS-WKR-000226,POS-TEC-L1-0185,JOB-TEC-L1-05,Technology L1 Role 05,TEC,L1,Y,1.0,39.0,2024-06-28,
ASN-000227-01,HRIS-WKR-000227,POS-HR-L6-0144,JOB-HR-L6-06,People L6 Role 06,HR,L6,Y,1.0,39.0,2018-12-06,
ASN-000228-01,HRIS-WKR-000228,POS-HR-L2-0120,JOB-HR-L2-06,People L2 Role 06,HR,L2,Y,1.0,39.0,2022-09-01,
ASN-000228-02,HRIS-WKR-000228,POS-ENG-L5-0025,JOB-ENG-L5-01,Engineering L5 Role 01,ENG,L5,N,0.2,7.8,2025-10-10,
ASN-000229-01,HRIS-WKR-000229,POS-HR-L2-0120,JOB-HR-L2-06,People L2 Role 06,HR,L2,Y,1.0,39.0,2018-01-11,
ASN-000230-01,HRIS-WKR-000230,POS-ENG-L1-0004,JOB-ENG-L1-04,Engineering L1 Role 04,ENG,L1,Y,1.0,39.0,2022-08-16,
ASN-000231-01,HRIS-WKR-000231,POS-ENG-L4-0020,JOB-ENG-L4-02,Engineering L4 Role 02,ENG,L4,Y,0.8,31.2,2018-09-16,
ASN-000232-01,HRIS-WKR-000232,POS-FIN-L3-0090,JOB-FIN-L3-06,Finance L3 Role 06,FIN,L3,Y,1.0,39.0,2020-08-26,
ASN-000233-01,HRIS-WKR-000233,POS-FIN-L3-0089,JOB-FIN-L3-05,Finance L3 Role 05,FIN,L3,Y,0.8,31.2,2025-02-02,
ASN-000234-01,HRIS-WKR-000234,POS-OPS-L2-0048,JOB-OPS-L2-06,Operations L2 Role 06,OPS,L2,Y,0.6,23.4,2018-05-15,
ASN-000235-01,HRIS-WKR-000235,POS-SAL-L2-0154,JOB-SAL-L2-04,Sales L2 Role 04,SAL,L2,Y,1.0,39.0,2022-11-15,
ASN-000236-01,HRIS-WKR-000236,POS-SAL-L1-0147,JOB-SAL-L1-03,Sales L1 Role 03,SAL,L1,Y,1.0,39.0,2021-06-03,
ASN-000237-01,HRIS-WKR-000237,POS-HR-L3-0121,JOB-HR-L3-01,People L3 Role 01,HR,L3,Y,1.0,39.0,2021-11-19,
ASN-000238-01,HRIS-WKR-000238,POS-FIN-L1-0077,JOB-FIN-L1-05,Finance L1 Role 05,FIN,L3,Y,1.0,39.0,2023-04-26,
ASN-000239-01,HRIS-WKR-000239,POS-FIN-L1-0074,JOB-FIN-L1-02,Finance L1 Role 02,FIN,L1,Y,1.0,39.0,2020-03-05,
ASN-000240-01,HRIS-WKR-000240,POS-TEC-L2-0187,JOB-TEC-L2-01,Technology L2 Role 01,TEC,L2,Y,0.6,23.4,2024-10-17,
ASN-000241-01,HRIS-WKR-000241,POS-FIN-L6-0106,JOB-FIN-L6-04,Finance L6 Role 04,FIN,L6,Y,1.0,39.0,2019-04-15,
ASN-000242-01,HRIS-WKR-000242,POS-HR-L5-0134,JOB-HR-L5-02,People L5 Role 02,HR,L6,Y,1.0,39.0,2018-05-20,
ASN-000243-01,HRIS-WKR-000243,POS-OPS-L6-0068,JOB-OPS-L6-02,Operations L6 Role 02,OPS,L6,Y,0.6,23.4,2022-08-29,
ASN-000244-01,HRIS-WKR-000244,POS-ENG-L2-0012,JOB-ENG-L2-06,Engineering L2 Role 06,ENG,L2,Y,0.4,15.6,2021-12-27,
ASN-000245-01,HRIS-WKR-000245,POS-OPS-L1-0037,JOB-OPS-L1-01,Operations L1 Role 01,OPS,L1,Y,1.0,39.0,2023-10-10,
ASN-000246-01,HRIS-WKR-000246,POS-TEC-L3-0197,JOB-TEC-L3-05,Technology L3 Role 05,TEC,L3,Y,1.0,39.0,2019-08-04,
ASN-000247-01,HRIS-WKR-000247,POS-SAL-L1-0145,JOB-SAL-L1-01,Sales L1 Role 01,SAL,L1,Y,1.0,39.0,2022-02-03,
ASN-000248-01,HRIS-WKR-000248,POS-ENG-L6-0031,JOB-ENG-L6-01,Engineering L6 Role 01,ENG,L6,Y,1.0,39.0,2020-09-16,
ASN-000249-01,HRIS-WKR-000249,POS-FIN-L1-0078,JOB-FIN-L1-06,Finance L1 Role 06,FIN,L1,Y,1.0,39.0,2022-03-13,
ASN-000250-01,HRIS-WKR-000250,POS-SAL-L3-0161,JOB-SAL-L3-05,Sales L3 Role 05,SAL,L5,Y,0.5,19.5,2019-02-12,
ASN-000251-01,HRIS-WKR-000251,POS-TEC-L2-0191,JOB-TEC-L2-05,Technology L2 Role 05,TEC,L2,Y,1.0,39.0,2024-07-27,
ASN-000252-01,HRIS-WKR-000252,POS-TEC-L3-0193,JOB-TEC-L3-01,Technology L3 Role 01,TEC,L3,Y,1.0,39.0,2019-12-09,
ASN-000253-01,HRIS-WKR-000253,POS-FIN-L1-0074,JOB-FIN-L1-02,Finance L1 Role 02,FIN,L1,Y,1.0,39.0,2021-04-09,
ASN-000254-01,HRIS-WKR-000254,POS-HR-L5-0133,JOB-HR-L5-01,People L5 Role 01,HR,L5,Y,1.0,39.0,2022-09-04,
ASN-000255-01,HRIS-WKR-000255,POS-HR-L5-0135,JOB-HR-L5-03,People L5 Role 03,HR,L5,Y,0.5,19.5,2023-08-24,
ASN-000256-01,HRIS-WKR-000256,POS-FIN-L4-0096,JOB-FIN-L4-06,Finance L4 Role 06,FIN,L4,Y,1.0,39.0,2018-09-21,
ASN-000257-01,HRIS-WKR-000257,POS-TEC-L2-0189,JOB-TEC-L2-03,Technology L2 Role 03,TEC,L2,Y,1.0,39.0,2019-10-30,
ASN-000258-01,HRIS-WKR-000258,POS-HR-L1-0110,JOB-HR-L1-02,People L1 Role 02,HR,L1,Y,1.0,39.0,2021-03-24,
ASN-000258-02,HRIS-WKR-000258,POS-OPS-L3-0052,JOB-OPS-L3-04,Operations L3 Role 04,OPS,L3,N,0.2,7.8,2022-06-02,
ASN-000259-01,HRIS-WKR-000259,POS-HR-L1-0113,JOB-HR-L1-05,People L1 Role 05,HR,L1,Y,1.0,39.0,2019-06-19,
ASN-000260-01,HRIS-WKR-000260,POS-SAL-L1-0147,JOB-SAL-L1-03,Sales L1 Role 03,SAL,L1,Y,1.0,39.0,2021-05-02,
ASN-000261-01,HRIS-WKR-000261,POS-ENG-L1-0005,JOB-ENG-L1-05,Engineering L1 Role 05,ENG,L1,Y,,,2024-05-10,
ASN-000262-01,HRIS-WKR-000262,POS-HR-L1-0109,JOB-HR-L1-01,People L1 Role 01,HR,L1,Y,1.0,39.0,2021-12-01,
ASN-000262-02,HRIS-WKR-000262,POS-ENG-L3-0017,JOB-ENG-L3-05,Engineering L3 Role 05,ENG,L3,N,0.2,7.8,2018-10-03,
ASN-000263-01,HRIS-WKR-000263,POS-ENG-L5-0027,JOB-ENG-L5-03,Engineering L5 Role 03,ENG,L5,Y,1.0,39.0,2025-05-26,
ASN-000264-01,HRIS-WKR-000264,POS-ENG-L2-0009,JOB-ENG-L2-03,Engineering L2 Role 03,ENG,L2,Y,1.0,39.0,2021-10-21,
ASN-000265-01,HRIS-WKR-000265,POS-OPS-L1-0041,JOB-OPS-L1-05,Operations L1 Role 05,OPS,L1,Y,1.0,39.0,2023-11-23,
ASN-000266-01,HRIS-WKR-000266,POS-SAL-L3-0159,JOB-SAL-L3-03,Sales L3 Role 03,SAL,L3,Y,1.0,39.0,2022-06-08,
ASN-000267-01,HRIS-WKR-000267,POS-SAL-L2-0151,JOB-SAL-L2-01,Sales L2 Role 01,SAL,L2,Y,1.0,39.0,2019-07-24,
ASN-000268-01,HRIS-WKR-000268,POS-OPS-L3-0051,JOB-OPS-L3-03,Operations L3 Role 03,OPS,L3,Y,0.8,31.2,2025-05-13,
ASN-000269-01,HRIS-WKR-000269,POS-FIN-L6-0108,JOB-FIN-L6-06,Finance L6 Role 06,FIN,L6,Y,0.4,15.6,2018-01-12,
ASN-000270-01,HRIS-WKR-000270,POS-ENG-L2-0010,JOB-ENG-L2-04,Engineering L2 Role 04,ENG,L2,Y,0.5,19.5,2025-11-21,
ASN-000271-01,HRIS-WKR-000271,POS-HR-L2-0116,JOB-HR-L2-02,People L2 Role 02,HR,L2,Y,,,2020-05-30,
ASN-000272-01,HRIS-WKR-000272,POS-SAL-L3-0160,JOB-SAL-L3-04,Sales L3 Role 04,SAL,L3,Y,1.0,39.0,2020-03-10,
ASN-000273-01,HRIS-WKR-000273,POS-SAL-L2-0156,JOB-SAL-L2-06,Sales L2 Role 06,SAL,L2,Y,1.0,39.0,2018-04-04,
ASN-000273-02,HRIS-WKR-000273,POS-FIN-L5-0098,JOB-FIN-L5-02,Finance L5 Role 02,FIN,L5,N,0.4,15.6,2023-11-24,
ASN-000274-01,HRIS-WKR-000274,POS-TEC-L5-0210,JOB-TEC-L5-06,Technology L5 Role 06,TEC,L5,Y,1.0,39.0,2021-03-01,
ASN-000275-01,HRIS-WKR-000275,POS-OPS-L2-0048,JOB-OPS-L2-06,Operations L2 Role 06,OPS,L2,Y,1.0,39.0,2018-02-08,
ASN-000276-01,HRIS-WKR-000276,POS-ENG-L2-0012,JOB-ENG-L2-06,Engineering L2 Role 06,ENG,L2,Y,1.0,39.0,2021-11-01,
ASN-000277-01,HRIS-WKR-000277,POS-FIN-L3-0085,JOB-FIN-L3-01,Finance L3 Role 01,FIN,L3,Y,1.0,39.0,2019-02-13,
ASN-000278-01,HRIS-WKR-000278,POS-OPS-L2-0045,JOB-OPS-L2-03,Operations L2 Role 03,OPS,L2,Y,1.0,39.0,2022-01-01,
ASN-000279-01,HRIS-WKR-000279,POS-FIN-L2-0082,JOB-FIN-L2-04,Finance L2 Role 04,FIN,L2,Y,1.0,39.0,2022-04-02,
ASN-000280-01,HRIS-WKR-000280,POS-ENG-L5-0028,JOB-ENG-L5-04,Engineering L5 Role 04,ENG,L5,Y,,,2024-03-14,
ASN-000280-02,HRIS-WKR-000280,POS-HR-L3-0126,JOB-HR-L3-06,People L3 Role 06,HR,L3,N,0.2,7.8,2021-02-10,
ASN-000281-01,HRIS-WKR-000281,POS-ENG-L6-0033,JOB-ENG-L6-03,Engineering L6 Role 03,ENG,L6,Y,1.0,39.0,2022-07-28,
ASN-000282-01,HRIS-WKR-000282,POS-SAL-L6-0178,JOB-SAL-L6-04,Sales L6 Role 04,SAL,L6,Y,0.6,23.4,2018-02-15,
ASN-000283-01,HRIS-WKR-000283,POS-FIN-L1-0076,JOB-FIN-L1-04,Finance L1 Role 04,FIN,L1,Y,1.0,39.0,2025-12-30,
ASN-000284-01,HRIS-WKR-000284,POS-OPS-L1-0040,JOB-OPS-L1-04,Operations L1 Role 04,OPS,L1,Y,1.0,39.0,2019-08-02,
ASN-000285-01,HRIS-WKR-000285,POS-OPS-L6-0072,JOB-OPS-L6-06,Operations L6 Role 06,OPS,L6,Y,1.0,39.0,2024-07-03,
ASN-000285-02,HRIS-WKR-000285,POS-HR-L6-0141,JOB-HR-L6-03,People L6 Role 03,HR,L6,N,0.2,7.8,2025-09-28,
ASN-000286-01,HRIS-WKR-000286,POS-TEC-L2-0188,JOB-TEC-L2-02,Technology L2 Role 02,TEC,L2,Y,1.0,39.0,2018-01-04,
ASN-000287-01,HRIS-WKR-000287,POS-FIN-L6-0104,JOB-FIN-L6-02,Finance L6 Role 02,FIN,L6,Y,1.0,39.0,2020-10-21,
ASN-000288-01,HRIS-WKR-000288,POS-TEC-L2-0187,JOB-TEC-L2-01,Technology L2 Role 01,TEC,L2,Y,1.0,39.0,2018-08-06,
ASN-000289-01,HRIS-WKR-000289,POS-ENG-L2-0012,JOB-ENG-L2-06,Engineering L2 Role 06,ENG,L2,Y,1.0,39.0,2022-11-15,
ASN-000290-01,HRIS-WKR-000290,POS-FIN-L3-0085,JOB-FIN-L3-01,Finance L3 Role 01,FIN,L3,Y,1.0,39.0,2025-01-19,
ASN-000291-01,HRIS-WKR-000291,POS-FIN-L1-0076,JOB-FIN-L1-04,Finance L1 Role 04,FIN,L1,Y,1.0,39.0,2024-10-22,
ASN-000292-01,HRIS-WKR-000292,POS-HR-L4-0131,JOB-HR-L4-05,People L4 Role 05,HR,L4,Y,1.0,39.0,2020-01-27,
ASN-000293-01,HRIS-WKR-000293,POS-SAL-L5-0171,JOB-SAL-L5-03,Sales L5 Role 03,SAL,L5,Y,1.0,39.0,2018-11-14,
ASN-000294-01,HRIS-WKR-000294,POS-SAL-L3-0157,JOB-SAL-L3-01,Sales L3 Role 01,SAL,L3,Y,1.0,39.0,2020-03-24,
ASN-000295-01,HRIS-WKR-000295,POS-OPS-L1-0040,JOB-OPS-L1-04,Operations L1 Role 04,OPS,L1,Y,1.0,39.0,2018-11-21,
ASN-000296-01,HRIS-WKR-000296,POS-ENG-L1-0001,JOB-ENG-L1-01,Engineering L1 Role 01,ENG,L1,Y,1.0,39.0,2022-09-13,
ASN-000297-01,HRIS-WKR-000297,POS-TEC-L1-0186,JOB-TEC-L1-06,Technology L1 Role 06,TEC,L1,Y,1.0,39.0,2020-07-14,
ASN-000298-01,HRIS-WKR-000298,POS-HR-L3-0123,JOB-HR-L3-03,People L3 Role 03,HR,L3,Y,1.0,39.0,2022-10-09,
ASN-000299-01,HRIS-WKR-000299,POS-HR-L4-0128,JOB-HR-L4-02,People L4 Role 02,HR,L4,Y,1.0,39.0,2023-12-25,
ASN-000300-01,HRIS-WKR-000300,POS-FIN-L1-0075,JOB-FIN-L1-03,Finance L1 Role 03,FIN,L1,Y,0.8,31.2,2024-05-12,
ASN-000301-01,HRIS-WKR-000301,POS-OPS-L6-0068,JOB-OPS-L6-02,Operations L6 Role 02,OPS,L6,Y,0.8,31.2,2025-05-19,
ASN-000302-01,HRIS-WKR-000302,POS-TEC-L2-0192,JOB-TEC-L2-06,Technology L2 Role 06,TEC,L2,Y,1.0,39.0,2025-01-17,
ASN-000303-01,HRIS-WKR-000303,POS-FIN-L2-0084,JOB-FIN-L2-06,Finance L2 Role 06,FIN,L2,Y,1.0,39.0,2025-12-09,
ASN-000304-01,HRIS-WKR-000304,POS-HR-L1-0112,JOB-HR-L1-04,People L1 Role 04,HR,L1,Y,0.6,23.4,2025-06-05,
ASN-000304-02,HRIS-WKR-000304,POS-SAL-L3-0158,JOB-SAL-L3-02,Sales L3 Role 02,SAL,L3,N,0.2,7.8,2024-07-27,
ASN-000305-01,HRIS-WKR-000305,POS-TEC-L4-0203,JOB-TEC-L4-05,Technology L4 Role 05,TEC,L2,Y,0.8,31.2,2019-09-09,
ASN-000306-01,HRIS-WKR-000306,POS-SAL-L3-0157,JOB-SAL-L3-01,Sales L3 Role 01,SAL,L3,Y,1.0,39.0,2025-09-14,
ASN-000307-01,HRIS-WKR-000307,POS-ENG-L1-0006,JOB-ENG-L1-06,Engineering L1 Role 06,ENG,L1,Y,1.0,39.0,2018-02-19,
ASN-000308-01,HRIS-WKR-000308,POS-TEC-L1-0186,JOB-TEC-L1-06,Technology L1 Role 06,TEC,L1,Y,1.0,39.0,2025-12-29,
ASN-000309-01,HRIS-WKR-000309,POS-OPS-L5-0064,JOB-OPS-L5-04,Operations L5 Role 04,OPS,L5,Y,1.0,39.0,2022-05-14,
ASN-000310-01,HRIS-WKR-000310,POS-TEC-L6-0215,JOB-TEC-L6-05,Technology L6 Role 05,TEC,L6,Y,0.8,31.2,2023-11-26,
ASN-000311-01,HRIS-WKR-000311,POS-SAL-L2-0155,JOB-SAL-L2-05,Sales L2 Role 05,SAL,L2,Y,1.0,39.0,2025-04-18,
ASN-000312-01,HRIS-WKR-000312,POS-HR-L6-0142,JOB-HR-L6-04,People L6 Role 04,HR,L6,Y,,,2019-07-19,
ASN-000313-01,HRIS-WKR-000313,POS-TEC-L3-0194,JOB-TEC-L3-02,Technology L3 Role 02,TEC,L3,Y,1.0,39.0,2020-09-14,
ASN-000314-01,HRIS-WKR-000314,POS-OPS-L3-0050,JOB-OPS-L3-02,Operations L3 Role 02,OPS,L3,Y,1.0,39.0,2025-06-16,
ASN-000315-01,HRIS-WKR-000315,POS-TEC-L1-0186,JOB-TEC-L1-06,Technology L1 Role 06,TEC,L1,Y,1.0,39.0,2018-09-04,
ASN-000316-01,HRIS-WKR-000316,POS-FIN-L3-0090,JOB-FIN-L3-06,Finance L3 Role 06,FIN,L3,Y,0.4,15.6,2018-06-15,
ASN-000317-01,HRIS-WKR-000317,POS-FIN-L5-0099,JOB-FIN-L5-03,Finance L5 Role 03,FIN,L5,Y,0.8,31.2,2020-12-28,
ASN-000318-01,HRIS-WKR-000318,POS-SAL-L5-0170,JOB-SAL-L5-02,Sales L5 Role 02,SAL,L5,Y,1.0,39.0,2019-09-06,
ASN-000319-01,HRIS-WKR-000319,POS-OPS-L1-0039,JOB-OPS-L1-03,Operations L1 Role 03,OPS,L1,Y,1.0,39.0,2021-07-24,
ASN-000320-01,HRIS-WKR-000320,POS-FIN-L1-0075,JOB-FIN-L1-03,Finance L1 Role 03,FIN,L1,Y,1.0,39.0,2019-01-01,
ASN-000321-01,HRIS-WKR-000321,POS-TEC-L2-0187,JOB-TEC-L2-01,Technology L2 Role 01,TEC,L2,Y,1.0,39.0,2022-02-08,
ASN-000322-01,HRIS-WKR-000322,POS-SAL-L6-0177,JOB-SAL-L6-03,Sales L6 Role 03,SAL,L6,Y,0.8,31.2,2018-08-01,
ASN-000322-02,HRIS-WKR-000322,POS-HR-L1-0113,JOB-HR-L1-05,People L1 Role 05,HR,L1,N,0.2,7.8,2020-02-15,
ASN-000323-01,HRIS-WKR-000323,POS-ENG-L3-0014,JOB-ENG-L3-02,Engineering L3 Role 02,ENG,L3,Y,0.8,31.2,2020-01-06,
ASN-000324-01,HRIS-WKR-000324,POS-ENG-L2-0009,JOB-ENG-L2-03,Engineering L2 Role 03,ENG,L2,Y,1.0,39.0,2021-11-08,
ASN-000325-01,HRIS-WKR-000325,POS-HR-L2-0119,JOB-HR-L2-05,People L2 Role 05,HR,L1,Y,1.0,39.0,2024-01-01,
ASN-000326-01,HRIS-WKR-000326,POS-FIN-L1-0075,JOB-FIN-L1-03,Finance L1 Role 03,FIN,L1,Y,1.0,39.0,2025-10-18,
ASN-000327-01,HRIS-WKR-000327,POS-TEC-L5-0207,JOB-TEC-L5-03,Technology L5 Role 03,TEC,L6,Y,1.0,39.0,2019-08-08,
ASN-000328-01,HRIS-WKR-000328,POS-SAL-L4-0163,JOB-SAL-L4-01,Sales L4 Role 01,SAL,L4,Y,1.0,39.0,2019-11-20,
ASN-000329-01,HRIS-WKR-000329,POS-OPS-L4-0058,JOB-OPS-L4-04,Operations L4 Role 04,OPS,L4,Y,1.0,39.0,2024-09-06,
ASN-000330-01,HRIS-WKR-000330,POS-SAL-L3-0159,JOB-SAL-L3-03,Sales L3 Role 03,SAL,L3,Y,1.0,39.0,2019-07-31,
ASN-000331-01,HRIS-WKR-000331,POS-HR-L5-0134,JOB-HR-L5-02,People L5 Role 02,HR,L5,Y,0.8,31.2,2019-09-24,
ASN-000332-01,HRIS-WKR-000332,POS-FIN-L5-0097,JOB-FIN-L5-01,Finance L5 Role 01,FIN,L5,Y,1.0,39.0,2020-02-28,
ASN-000333-01,HRIS-WKR-000333,POS-ENG-L6-0033,JOB-ENG-L6-03,Engineering L6 Role 03,ENG,L6,Y,1.0,39.0,2025-05-01,
ASN-000334-01,HRIS-WKR-000334,POS-SAL-L2-0156,JOB-SAL-L2-06,Sales L2 Role 06,SAL,L2,Y,1.0,39.0,2025-06-11,
ASN-000335-01,HRIS-WKR-000335,POS-HR-L2-0117,JOB-HR-L2-03,People L2 Role 03,HR,L2,Y,1.0,39.0,2020-06-20,
ASN-000336-01,HRIS-WKR-000336,POS-ENG-L2-0009,JOB-ENG-L2-03,Engineering L2 Role 03,ENG,L2,Y,1.0,39.0,2022-10-24,
ASN-000337-01,HRIS-WKR-000337,POS-HR-L1-0110,JOB-HR-L1-02,People L1 Role 02,HR,L1,Y,1.0,39.0,2021-01-10,
ASN-000338-01,HRIS-WKR-000338,POS-ENG-L4-0023,JOB-ENG-L4-05,Engineering L4 Role 05,ENG,L4,Y,1.0,39.0,2023-04-14,
ASN-000339-01,HRIS-WKR-000339,POS-OPS-L1-0038,JOB-OPS-L1-02,Operations L1 Role 02,OPS,L1,Y,1.0,39.0,2021-06-27,
ASN-000340-01,HRIS-WKR-000340,POS-FIN-L5-0101,JOB-FIN-L5-05,Finance L5 Role 05,FIN,L5,Y,1.0,39.0,2025-01-20,
ASN-000341-01,HRIS-WKR-000341,POS-ENG-L5-0030,JOB-ENG-L5-06,Engineering L5 Role 06,ENG,L5,Y,1.0,39.0,2020-11-02,
ASN-000342-01,HRIS-WKR-000342,POS-SAL-L3-0158,JOB-SAL-L3-02,Sales L3 Role 02,SAL,L3,Y,1.0,39.0,2023-11-28,
ASN-000342-02,HRIS-WKR-000342,POS-HR-L6-0141,JOB-HR-L6-03,People L6 Role 03,HR,L6,N,0.2,7.8,2026-01-18,
ASN-000343-01,HRIS-WKR-000343,POS-FIN-L6-0107,JOB-FIN-L6-05,Finance L6 Role 05,FIN,L6,Y,1.0,39.0,2021-02-03,
ASN-000344-01,HRIS-WKR-000344,POS-ENG-L5-0028,JOB-ENG-L5-04,Engineering L5 Role 04,ENG,L5,Y,0.8,31.2,2024-12-17,
ASN-000344-02,HRIS-WKR-000344,POS-HR-L1-0109,JOB-HR-L1-01,People L1 Role 01,HR,L1,N,0.2,7.8,2022-07-28,
ASN-000345-01,HRIS-WKR-000345,POS-TEC-L5-0205,JOB-TEC-L5-01,Technology L5 Role 01,TEC,L5,Y,1.0,39.0,2018-06-09,
ASN-000346-01,HRIS-WKR-000346,POS-HR-L1-0112,JOB-HR-L1-04,People L1 Role 04,HR,L3,Y,1.0,39.0,2024-05-15,
ASN-000347-01,HRIS-WKR-000347,POS-FIN-L6-0104,JOB-FIN-L6-02,Finance L6 Role 02,FIN,L6,Y,1.0,39.0,2019-01-13,
ASN-000348-01,HRIS-WKR-000348,POS-SAL-L2-0151,JOB-SAL-L2-01,Sales L2 Role 01,SAL,L2,Y,0.6,23.4,2020-03-26,
ASN-000349-01,HRIS-WKR-000349,POS-TEC-L4-0201,JOB-TEC-L4-03,Technology L4 Role 03,TEC,L4,Y,1.0,39.0,2022-04-20,
ASN-000350-01,HRIS-WKR-000350,POS-SAL-L1-0146,JOB-SAL-L1-02,Sales L1 Role 02,SAL,L1,Y,1.0,39.0,2022-01-18,
ASN-000351-01,HRIS-WKR-000351,POS-ENG-L4-0021,JOB-ENG-L4-03,Engineering L4 Role 03,ENG,L4,Y,1.0,39.0,2023-11-04,
ASN-000351-02,HRIS-WKR-000351,POS-ENG-L5-0030,JOB-ENG-L5-06,Engineering L5 Role 06,ENG,L5,N,0.3,11.7,2020-08-26,
ASN-000352-01,HRIS-WKR-000352,POS-SAL-L5-0171,JOB-SAL-L5-03,Sales L5 Role 03,SAL,L5,Y,0.8,31.2,2021-08-08,
ASN-000353-01,HRIS-WKR-000353,POS-HR-L3-0126,JOB-HR-L3-06,People L3 Role 06,HR,L3,Y,1.0,39.0,2024-03-25,
ASN-000354-01,HRIS-WKR-000354,POS-OPS-L1-0038,JOB-OPS-L1-02,Operations L1 Role 02,OPS,L1,Y,0.8,31.2,2019-01-04,
ASN-000355-01,HRIS-WKR-000355,POS-ENG-L2-0008,JOB-ENG-L2-02,Engineering L2 Role 02,ENG,L2,Y,1.0,39.0,2023-03-17,
ASN-000356-01,HRIS-WKR-000356,POS-TEC-L5-0208,JOB-TEC-L5-04,Technology L5 Role 04,TEC,L5,Y,1.0,39.0,2018-03-21,
ASN-000357-01,HRIS-WKR-000357,POS-HR-L6-0143,JOB-HR-L6-05,People L6 Role 05,HR,L6,Y,1.0,39.0,2022-02-16,
ASN-000358-01,HRIS-WKR-000358,POS-HR-L4-0131,JOB-HR-L4-05,People L4 Role 05,HR,L4,Y,1.0,39.0,2020-01-14,
ASN-000359-01,HRIS-WKR-000359,POS-TEC-L4-0202,JOB-TEC-L4-04,Technology L4 Role 04,TEC,L4,Y,1.0,39.0,2018-06-18,
ASN-000360-01,HRIS-WKR-000360,POS-TEC-L1-0185,JOB-TEC-L1-05,Technology L1 Role 05,TEC,L1,Y,1.0,39.0,2026-01-06,
ASN-000361-01,HRIS-WKR-000361,POS-ENG-L5-0026,JOB-ENG-L5-02,Engineering L5 Role 02,ENG,L5,Y,1.0,39.0,2023-09-06,
ASN-000362-01,HRIS-WKR-000362,POS-ENG-L1-0005,JOB-ENG-L1-05,Engineering L1 Role 05,ENG,L1,Y,1.0,39.0,2025-10-14,
ASN-000363-01,HRIS-WKR-000363,POS-FIN-L1-0073,JOB-FIN-L1-01,Finance L1 Role 01,FIN,L1,Y,0.8,31.2,2021-05-02,
ASN-000364-01,HRIS-WKR-000364,POS-HR-L4-0131,JOB-HR-L4-05,People L4 Role 05,HR,L4,Y,1.0,39.0,2020-08-26,
ASN-000365-01,HRIS-WKR-000365,POS-SAL-L5-0170,JOB-SAL-L5-02,Sales L5 Role 02,SAL,L5,Y,1.0,39.0,2025-08-21,
ASN-000366-01,HRIS-WKR-000366,POS-SAL-L3-0159,JOB-SAL-L3-03,Sales L3 Role 03,SAL,L3,Y,1.0,39.0,2024-03-12,
ASN-000367-01,HRIS-WKR-000367,POS-OPS-L5-0062,JOB-OPS-L5-02,Operations L5 Role 02,OPS,L5,Y,0.6,23.4,2025-11-05,
ASN-000368-01,HRIS-WKR-000368,POS-ENG-L5-0030,JOB-ENG-L5-06,Engineering L5 Role 06,ENG,L5,Y,1.0,39.0,2021-06-10,
ASN-000369-01,HRIS-WKR-000369,POS-ENG-L4-0019,JOB-ENG-L4-01,Engineering L4 Role 01,ENG,L4,Y,1.0,39.0,2024-06-16,
ASN-000370-01,HRIS-WKR-000370,POS-SAL-L6-0180,JOB-SAL-L6-06,Sales L6 Role 06,SAL,L6,Y,1.0,39.0,2022-10-25,
ASN-000371-01,HRIS-WKR-000371,POS-ENG-L5-0025,JOB-ENG-L5-01,Engineering L5 Role 01,ENG,L5,Y,1.0,39.0,2024-09-14,
ASN-000372-01,HRIS-WKR-000372,POS-SAL-L4-0168,JOB-SAL-L4-06,Sales L4 Role 06,SAL,L4,Y,1.0,39.0,2024-06-06,
ASN-000373-01,HRIS-WKR-000373,POS-ENG-L5-0026,JOB-ENG-L5-02,Engineering L5 Role 02,ENG,L5,Y,1.0,39.0,2022-10-12,
ASN-000374-01,HRIS-WKR-000374,POS-TEC-L2-0187,JOB-TEC-L2-01,Technology L2 Role 01,TEC,L2,Y,0.6,23.4,2018-11-27,
ASN-000375-01,HRIS-WKR-000375,POS-OPS-L4-0055,JOB-OPS-L4-01,Operations L4 Role 01,OPS,L4,Y,,,2019-01-09,
ASN-000376-01,HRIS-WKR-000376,POS-SAL-L6-0179,JOB-SAL-L6-05,Sales L6 Role 05,SAL,L6,Y,1.0,39.0,2022-12-20,
ASN-000377-01,HRIS-WKR-000377,POS-SAL-L4-0167,JOB-SAL-L4-05,Sales L4 Role 05,SAL,L4,Y,0.8,31.2,2018-05-02,
ASN-000378-01,HRIS-WKR-000378,POS-SAL-L6-0177,JOB-SAL-L6-03,Sales L6 Role 03,SAL,L6,Y,1.0,39.0,2021-04-12,
ASN-000379-01,HRIS-WKR-000379,POS-FIN-L4-0094,JOB-FIN-L4-04,Finance L4 Role 04,FIN,L4,Y,1.0,39.0,2018-06-25,
ASN-000380-01,HRIS-WKR-000380,POS-HR-L6-0144,JOB-HR-L6-06,People L6 Role 06,HR,L6,Y,1.0,39.0,2021-07-07,
ASN-000381-01,HRIS-WKR-000381,POS-SAL-L6-0177,JOB-SAL-L6-03,Sales L6 Role 03,SAL,L6,Y,1.0,39.0,2020-04-26,
ASN-000382-01,HRIS-WKR-000382,POS-FIN-L6-0103,JOB-FIN-L6-01,Finance L6 Role 01,FIN,L6,Y,1.0,39.0,2024-03-31,
ASN-000383-01,HRIS-WKR-000383,POS-FIN-L5-0101,JOB-FIN-L5-05,Finance L5 Role 05,FIN,L5,Y,1.0,39.0,2018-03-13,
ASN-000384-01,HRIS-WKR-000384,POS-ENG-L6-0033,JOB-ENG-L6-03,Engineering L6 Role 03,ENG,L6,Y,1.0,39.0,2025-08-21,
ASN-000385-01,HRIS-WKR-000385,POS-FIN-L4-0096,JOB-FIN-L4-06,Finance L4 Role 06,FIN,L4,Y,0.8,31.2,2025-03-21,
ASN-000386-01,HRIS-WKR-000386,POS-ENG-L4-0023,JOB-ENG-L4-05,Engineering L4 Role 05,ENG,L4,Y,1.0,39.0,2020-09-06,
ASN-000387-01,HRIS-WKR-000387,POS-SAL-L3-0157,JOB-SAL-L3-01,Sales L3 Role 01,SAL,L3,Y,1.0,39.0,2024-09-21,
ASN-000388-01,HRIS-WKR-000388,POS-TEC-L6-0212,JOB-TEC-L6-02,Technology L6 Role 02,TEC,L6,Y,1.0,39.0,2021-02-04,
ASN-000389-01,HRIS-WKR-000389,POS-ENG-L2-0012,JOB-ENG-L2-06,Engineering L2 Role 06,ENG,L2,Y,0.6,23.4,2020-01-20,
ASN-000390-01,HRIS-WKR-000390,POS-HR-L5-0135,JOB-HR-L5-03,People L5 Role 03,HR,L5,Y,1.0,39.0,2025-08-05,
ASN-000390-02,HRIS-WKR-000390,POS-SAL-L3-0160,JOB-SAL-L3-04,Sales L3 Role 04,SAL,L3,N,0.3,11.7,2025-10-02,
ASN-000391-01,HRIS-WKR-000391,POS-TEC-L4-0204,JOB-TEC-L4-06,Technology L4 Role 06,TEC,L4,Y,0.8,31.2,2021-09-22,
ASN-000392-01,HRIS-WKR-000392,POS-ENG-L6-0033,JOB-ENG-L6-03,Engineering L6 Role 03,ENG,L6,Y,0.5,19.5,2025-05-19,
ASN-000392-02,HRIS-WKR-000392,POS-SAL-L4-0165,JOB-SAL-L4-03,Sales L4 Role 03,SAL,L4,N,0.3,11.7,2020-07-25,
ASN-000393-01,HRIS-WKR-000393,POS-ENG-L4-0022,JOB-ENG-L4-04,Engineering L4 Role 04,ENG,L4,Y,1.0,39.0,2022-03-20,
ASN-000394-01,HRIS-WKR-000394,POS-TEC-L5-0208,JOB-TEC-L5-04,Technology L5 Role 04,TEC,L5,Y,1.0,39.0,2021-07-20,
ASN-000395-01,HRIS-WKR-000395,POS-TEC-L4-0199,JOB-TEC-L4-01,Technology L4 Role 01,TEC,L4,Y,1.0,39.0,2020-06-16,
ASN-000396-01,HRIS-WKR-000396,POS-ENG-L5-0027,JOB-ENG-L5-03,Engineering L5 Role 03,ENG,L5,Y,1.0,39.0,2018-07-25,
ASN-000397-01,HRIS-WKR-000397,POS-FIN-L6-0104,JOB-FIN-L6-02,Finance L6 Role 02,FIN,L6,Y,1.0,39.0,2024-09-26,
ASN-000398-01,HRIS-WKR-000398,POS-HR-L4-0130,JOB-HR-L4-04,People L4 Role 04,HR,L4,Y,0.8,31.2,2019-09-26,
ASN-000399-01,HRIS-WKR-000399,POS-FIN-L2-0080,JOB-FIN-L2-02,Finance L2 Role 02,FIN,L2,Y,1.0,39.0,2020-11-24,
ASN-000400-01,HRIS-WKR-000400,POS-TEC-L3-0196,JOB-TEC-L3-04,Technology L3 Role 04,TEC,L3,Y,0.8,31.2,2024-03-09,
ASN-000401-01,HRIS-WKR-000401,POS-HR-L6-0142,JOB-HR-L6-04,People L6 Role 04,HR,L6,Y,1.0,39.0,2026-01-16,
ASN-000402-01,HRIS-WKR-000402,POS-ENG-L5-0030,JOB-ENG-L5-06,Engineering L5 Role 06,ENG,L5,Y,0.6,23.4,2019-11-10,
ASN-000403-01,HRIS-WKR-000403,POS-FIN-L1-0078,JOB-FIN-L1-06,Finance L1 Role 06,FIN,L1,Y,0.5,19.5,2021-04-22,
ASN-000404-01,HRIS-WKR-000404,POS-FIN-L3-0085,JOB-FIN-L3-01,Finance L3 Role 01,FIN,L3,Y,1.0,39.0,2021-04-22,
ASN-000405-01,HRIS-WKR-000405,POS-OPS-L5-0063,JOB-OPS-L5-03,Operations L5 Role 03,OPS,L5,Y,0.5,19.5,2018-10-08,
ASN-000405-02,HRIS-WKR-000405,POS-HR-L2-0120,JOB-HR-L2-06,People L2 Role 06,HR,L2,N,0.3,11.7,2018-09-21,
ASN-000406-01,HRIS-WKR-000406,POS-TEC-L3-0194,JOB-TEC-L3-02,Technology L3 Role 02,TEC,L3,Y,1.0,39.0,2021-03-21,
ASN-000407-01,HRIS-WKR-000407,POS-SAL-L6-0179,JOB-SAL-L6-05,Sales L6 Role 05,SAL,L6,Y,1.0,39.0,2023-10-29,
ASN-000408-01,HRIS-WKR-000408,POS-FIN-L2-0080,JOB-FIN-L2-02,Finance L2 Role 02,FIN,L2,Y,1.0,39.0,2020-02-25,
ASN-000409-01,HRIS-WKR-000409,POS-HR-L5-0138,JOB-HR-L5-06,People L5 Role 06,HR,L5,Y,1.0,39.0,2019-07-21,
ASN-000410-01,HRIS-WKR-000410,POS-OPS-L2-0046,JOB-OPS-L2-04,Operations L2 Role 04,OPS,L2,Y,1.0,39.0,2021-09-14,
ASN-000410-02,HRIS-WKR-000410,POS-SAL-L3-0160,JOB-SAL-L3-04,Sales L3 Role 04,SAL,L3,N,0.3,11.7,2023-06-24,
ASN-000411-01,HRIS-WKR-000411,POS-OPS-L5-0062,JOB-OPS-L5-02,Operations L5 Role 02,OPS,L5,Y,1.0,39.0,2025-11-02,
ASN-000412-01,HRIS-WKR-000412,POS-HR-L4-0128,JOB-HR-L4-02,People L4 Role 02,HR,L4,Y,1.0,39.0,2022-11-01,
ASN-000413-01,HRIS-WKR-000413,POS-OPS-L6-0068,JOB-OPS-L6-02,Operations L6 Role 02,OPS,L6,Y,0.5,19.5,2024-10-05,
ASN-000414-01,HRIS-WKR-000414,POS-SAL-L4-0163,JOB-SAL-L4-01,Sales L4 Role 01,SAL,L4,Y,0.8,31.2,2020-09-15,
ASN-000415-01,HRIS-WKR-000415,POS-OPS-L1-0042,JOB-OPS-L1-06,Operations L1 Role 06,OPS,L1,Y,1.0,39.0,2021-04-02,
ASN-000416-01,HRIS-WKR-000416,POS-ENG-L2-0008,JOB-ENG-L2-02,Engineering L2 Role 02,ENG,L2,Y,0.8,31.2,2023-10-01,
ASN-000417-01,HRIS-WKR-000417,POS-FIN-L1-0075,JOB-FIN-L1-03,Finance L1 Role 03,FIN,L1,Y,0.8,31.2,2023-02-20,
ASN-000417-02,HRIS-WKR-000417,POS-TEC-L2-0189,JOB-TEC-L2-03,Technology L2 Role 03,TEC,L2,N,0.3,11.7,2024-06-05,
ASN-000418-01,HRIS-WKR-000418,POS-HR-L6-0143,JOB-HR-L6-05,People L6 Role 05,HR,L6,Y,1.0,39.0,2023-09-19,
ASN-000419-01,HRIS-WKR-000419,POS-HR-L5-0135,JOB-HR-L5-03,People L5 Role 03,HR,L5,Y,1.0,39.0,2025-05-17,
ASN-000420-01,HRIS-WKR-000420,POS-ENG-L3-0018,JOB-ENG-L3-06,Engineering L3 Role 06,ENG,L3,Y,1.0,39.0,2025-12-28,
ASN-000421-01,HRIS-WKR-000421,POS-SAL-L4-0168,JOB-SAL-L4-06,Sales L4 Role 06,SAL,L4,Y,0.8,31.2,2022-12-21,
ASN-000422-01,HRIS-WKR-000422,POS-TEC-L5-0210,JOB-TEC-L5-06,Technology L5 Role 06,TEC,L3,Y,1.0,39.0,2019-08-16,
ASN-000423-01,HRIS-WKR-000423,POS-ENG-L6-0035,JOB-ENG-L6-05,Engineering L6 Role 05,ENG,L6,Y,0.5,19.5,2021-12-18,
ASN-000423-02,HRIS-WKR-000423,POS-HR-L2-0120,JOB-HR-L2-06,People L2 Role 06,HR,L2,N,0.4,15.6,2020-04-20,
ASN-000424-01,HRIS-WKR-000424,POS-ENG-L1-0006,JOB-ENG-L1-06,Engineering L1 Role 06,ENG,L3,Y,1.0,39.0,2019-03-13,
ASN-000425-01,HRIS-WKR-000425,POS-HR-L6-0139,JOB-HR-L6-01,People L6 Role 01,HR,L6,Y,1.0,39.0,2021-05-08,
ASN-000426-01,HRIS-WKR-000426,POS-FIN-L4-0091,JOB-FIN-L4-01,Finance L4 Role 01,FIN,L4,Y,1.0,39.0,2020-11-23,
ASN-000427-01,HRIS-WKR-000427,POS-FIN-L4-0093,JOB-FIN-L4-03,Finance L4 Role 03,FIN,L6,Y,1.0,39.0,2024-05-30,
ASN-000428-01,HRIS-WKR-000428,POS-SAL-L3-0158,JOB-SAL-L3-02,Sales L3 Role 02,SAL,L3,Y,1.0,39.0,2023-03-17,
ASN-000429-01,HRIS-WKR-000429,POS-ENG-L5-0029,JOB-ENG-L5-05,Engineering L5 Role 05,ENG,L5,Y,0.4,15.6,2019-02-27,
ASN-000430-01,HRIS-WKR-000430,POS-ENG-L1-0006,JOB-ENG-L1-06,Engineering L1 Role 06,ENG,L1,Y,1.0,39.0,2019-09-01,
ASN-000431-01,HRIS-WKR-000431,POS-OPS-L1-0039,JOB-OPS-L1-03,Operations L1 Role 03,OPS,L1,Y,1.0,39.0,2020-08-16,
ASN-000431-02,HRIS-WKR-000431,POS-ENG-L4-0019,JOB-ENG-L4-01,Engineering L4 Role 01,ENG,L4,N,0.3,11.7,2022-01-23,
ASN-000432-01,HRIS-WKR-000432,POS-SAL-L2-0151,JOB-SAL-L2-01,Sales L2 Role 01,SAL,L2,Y,0.8,31.2,2024-09-26,
ASN-000433-01,HRIS-WKR-000433,POS-HR-L3-0124,JOB-HR-L3-04,People L3 Role 04,HR,L3,Y,1.0,39.0,2020-05-05,
ASN-000434-01,HRIS-WKR-000434,POS-TEC-L6-0212,JOB-TEC-L6-02,Technology L6 Role 02,TEC,L6,Y,1.0,39.0,2021-09-02,
ASN-000435-01,HRIS-WKR-000435,POS-OPS-L3-0051,JOB-OPS-L3-03,Operations L3 Role 03,OPS,L3,Y,1.0,39.0,2024-05-25,
ASN-000436-01,HRIS-WKR-000436,POS-ENG-L3-0016,JOB-ENG-L3-04,Engineering L3 Role 04,ENG,L3,Y,0.8,31.2,2022-06-03,
ASN-000437-01,HRIS-WKR-000437,POS-SAL-L6-0176,JOB-SAL-L6-02,Sales L6 Role 02,SAL,L6,Y,1.0,39.0,2025-11-22,
ASN-000438-01,HRIS-WKR-000438,POS-OPS-L1-0041,JOB-OPS-L1-05,Operations L1 Role 05,OPS,L1,Y,1.0,39.0,2020-09-15,
ASN-000439-01,HRIS-WKR-000439,POS-FIN-L5-0100,JOB-FIN-L5-04,Finance L5 Role 04,FIN,L5,Y,1.0,39.0,2024-05-18,
ASN-000440-01,HRIS-WKR-000440,POS-OPS-L5-0065,JOB-OPS-L5-05,Operations L5 Role 05,OPS,L5,Y,1.0,39.0,2021-10-21,
ASN-000440-02,HRIS-WKR-000440,POS-ENG-L3-0014,JOB-ENG-L3-02,Engineering L3 Role 02,ENG,L3,N,0.4,15.6,2018-09-23,
ASN-000441-01,HRIS-WKR-000441,POS-SAL-L3-0161,JOB-SAL-L3-05,Sales L3 Role 05,SAL,L3,Y,1.0,39.0,2018-03-17,
ASN-000442-01,HRIS-WKR-000442,POS-TEC-L4-0203,JOB-TEC-L4-05,Technology L4 Role 05,TEC,L4,Y,1.0,39.0,2023-03-14,
ASN-000443-01,HRIS-WKR-000443,POS-HR-L6-0143,JOB-HR-L6-05,People L6 Role 05,HR,L6,Y,1.0,39.0,2022-08-13,
ASN-000444-01,HRIS-WKR-000444,POS-FIN-L2-0079,JOB-FIN-L2-01,Finance L2 Role 01,FIN,L2,Y,1.0,39.0,2025-10-06,
ASN-000444-02,HRIS-WKR-000444,POS-HR-L3-0122,JOB-HR-L3-02,People L3 Role 02,HR,L3,N,0.2,7.8,2024-03-04,
ASN-000445-01,HRIS-WKR-000445,POS-SAL-L4-0166,JOB-SAL-L4-04,Sales L4 Role 04,SAL,L4,Y,1.0,39.0,2019-09-12,
ASN-000445-02,HRIS-WKR-000445,POS-ENG-L1-0004,JOB-ENG-L1-04,Engineering L1 Role 04,ENG,L1,N,0.2,7.8,2024-03-12,
ASN-000446-01,HRIS-WKR-000446,POS-OPS-L3-0053,JOB-OPS-L3-05,Operations L3 Role 05,OPS,L3,Y,1.0,39.0,2022-06-16,
ASN-000447-01,HRIS-WKR-000447,POS-SAL-L5-0172,JOB-SAL-L5-04,Sales L5 Role 04,SAL,L5,Y,1.0,39.0,2025-01-20,
ASN-000448-01,HRIS-WKR-000448,POS-FIN-L3-0087,JOB-FIN-L3-03,Finance L3 Role 03,FIN,L3,Y,0.6,23.4,2025-03-31,
ASN-000449-01,HRIS-WKR-000449,POS-SAL-L3-0158,JOB-SAL-L3-02,Sales L3 Role 02,SAL,L3,Y,1.0,39.0,2022-03-13,
ASN-000450-01,HRIS-WKR-000450,POS-OPS-L3-0051,JOB-OPS-L3-03,Operations L3 Role 03,OPS,L3,Y,1.0,39.0,2019-01-13,
ASN-000450-02,HRIS-WKR-000450,POS-SAL-L5-0171,JOB-SAL-L5-03,Sales L5 Role 03,SAL,L5,N,0.2,7.8,2020-01-02,
ASN-000451-01,HRIS-WKR-000451,POS-OPS-L3-0054,JOB-OPS-L3-06,Operations L3 Role 06,OPS,L3,Y,1.0,39.0,2019-08-11,
ASN-000452-01,HRIS-WKR-000452,POS-OPS-L3-0051,JOB-OPS-L3-03,Operations L3 Role 03,OPS,L3,Y,1.0,39.0,2021-09-30,
ASN-000453-01,HRIS-WKR-000453,POS-ENG-L3-0016,JOB-ENG-L3-04,Engineering L3 Role 04,ENG,L3,Y,1.0,39.0,2023-02-14,
ASN-000454-01,HRIS-WKR-000454,POS-TEC-L5-0207,JOB-TEC-L5-03,Technology L5 Role 03,TEC,L5,Y,0.8,31.2,2022-03-01,
ASN-000455-01,HRIS-WKR-000455,POS-FIN-L4-0094,JOB-FIN-L4-04,Finance L4 Role 04,FIN,L4,Y,1.0,39.0,2018-04-10,
ASN-000456-01,HRIS-WKR-000456,POS-SAL-L6-0175,JOB-SAL-L6-01,Sales L6 Role 01,SAL,L6,Y,1.0,39.0,2024-03-17,
ASN-000457-01,HRIS-WKR-000457,POS-TEC-L1-0184,JOB-TEC-L1-04,Technology L1 Role 04,TEC,L1,Y,0.8,31.2,2022-05-27,
ASN-000458-01,HRIS-WKR-000458,POS-TEC-L1-0182,JOB-TEC-L1-02,Technology L1 Role 02,TEC,L1,Y,0.8,31.2,2022-08-24,
ASN-000459-01,HRIS-WKR-000459,POS-SAL-L1-0147,JOB-SAL-L1-03,Sales L1 Role 03,SAL,L1,Y,1.0,39.0,2024-02-15,
ASN-000459-02,HRIS-WKR-000459,POS-ENG-L5-0028,JOB-ENG-L5-04,Engineering L5 Role 04,ENG,L5,N,0.2,7.8,2023-04-10,
ASN-000460-01,HRIS-WKR-000460,POS-FIN-L2-0079,JOB-FIN-L2-01,Finance L2 Role 01,FIN,L2,Y,1.0,39.0,2019-12-14,
ASN-000461-01,HRIS-WKR-000461,POS-ENG-L5-0030,JOB-ENG-L5-06,Engineering L5 Role 06,ENG,L5,Y,1.0,39.0,2024-11-21,
ASN-000462-01,HRIS-WKR-000462,POS-SAL-L3-0159,JOB-SAL-L3-03,Sales L3 Role 03,SAL,L3,Y,1.0,39.0,2026-01-30,
ASN-000463-01,HRIS-WKR-000463,POS-HR-L4-0128,JOB-HR-L4-02,People L4 Role 02,HR,L4,Y,1.0,39.0,2018-08-16,
ASN-000464-01,HRIS-WKR-000464,POS-HR-L5-0134,JOB-HR-L5-02,People L5 Role 02,HR,L5,Y,0.5,19.5,2023-12-16,
ASN-000465-01,HRIS-WKR-000465,POS-ENG-L6-0031,JOB-ENG-L6-01,Engineering L6 Role 01,ENG,L6,Y,1.0,39.0,2022-11-18,
ASN-000466-01,HRIS-WKR-000466,POS-TEC-L6-0213,JOB-TEC-L6-03,Technology L6 Role 03,TEC,L6,Y,1.0,39.0,2020-12-06,
ASN-000467-01,HRIS-WKR-000467,POS-OPS-L4-0055,JOB-OPS-L4-01,Operations L4 Role 01,OPS,L4,Y,1.0,39.0,2023-04-10,
ASN-000468-01,HRIS-WKR-000468,POS-OPS-L3-0052,JOB-OPS-L3-04,Operations L3 Role 04,OPS,L3,Y,0.5,19.5,2024-04-04,
ASN-000469-01,HRIS-WKR-000469,POS-FIN-L3-0088,JOB-FIN-L3-04,Finance L3 Role 04,FIN,L3,Y,1.0,39.0,2023-01-28,
ASN-000470-01,HRIS-WKR-000470,POS-ENG-L3-0018,JOB-ENG-L3-06,Engineering L3 Role 06,ENG,L3,Y,1.0,39.0,2018-08-03,
ASN-000471-01,HRIS-WKR-000471,POS-OPS-L6-0071,JOB-OPS-L6-05,Operations L6 Role 05,OPS,L6,Y,1.0,39.0,2022-04-26,
ASN-000472-01,HRIS-WKR-000472,POS-HR-L6-0141,JOB-HR-L6-03,People L6 Role 03,HR,L6,Y,0.6,23.4,2022-10-30,
ASN-000473-01,HRIS-WKR-000473,POS-SAL-L3-0158,JOB-SAL-L3-02,Sales L3 Role 02,SAL,L3,Y,1.0,39.0,2025-01-13,
ASN-000474-01,HRIS-WKR-000474,POS-HR-L3-0126,JOB-HR-L3-06,People L3 Role 06,HR,L3,Y,1.0,39.0,2019-12-29,
ASN-000475-01,HRIS-WKR-000475,POS-OPS-L3-0051,JOB-OPS-L3-03,Operations L3 Role 03,OPS,L3,Y,1.0,39.0,2023-02-03,
ASN-000476-01,HRIS-WKR-000476,POS-HR-L6-0143,JOB-HR-L6-05,People L6 Role 05,HR,L6,Y,1.0,39.0,2023-08-11,
ASN-000477-01,HRIS-WKR-000477,POS-SAL-L6-0177,JOB-SAL-L6-03,Sales L6 Role 03,SAL,L6,Y,1.0,39.0,2022-10-24,
ASN-000477-02,HRIS-WKR-000477,POS-OPS-L1-0039,JOB-OPS-L1-03,Operations L1 Role 03,OPS,L1,N,0.2,7.8,2018-08-30,
ASN-000478-01,HRIS-WKR-000478,POS-TEC-L4-0201,JOB-TEC-L4-03,Technology L4 Role 03,TEC,L4,Y,1.0,39.0,2020-08-27,
ASN-000478-02,HRIS-WKR-000478,POS-TEC-L4-0204,JOB-TEC-L4-06,Technology L4 Role 06,TEC,L4,N,0.3,11.7,2024-12-25,
ASN-000479-01,HRIS-WKR-000479,POS-TEC-L6-0215,JOB-TEC-L6-05,Technology L6 Role 05,TEC,L6,Y,1.0,39.0,2023-06-03,
ASN-000480-01,HRIS-WKR-000480,POS-HR-L5-0135,JOB-HR-L5-03,People L5 Role 03,HR,L5,Y,1.0,39.0,2024-06-07,
ASN-000481-01,HRIS-WKR-000481,POS-OPS-L3-0050,JOB-OPS-L3-02,Operations L3 Role 02,OPS,L3,Y,1.0,39.0,2024-04-23,
ASN-000482-01,HRIS-WKR-000482,POS-FIN-L3-0090,JOB-FIN-L3-06,Finance L3 Role 06,FIN,L3,Y,1.0,39.0,2019-02-15,
ASN-000482-02,HRIS-WKR-000482,POS-HR-L1-0109,JOB-HR-L1-01,People L1 Role 01,HR,L1,N,0.3,11.7,2024-11-10,
ASN-000483-01,HRIS-WKR-000483,POS-OPS-L2-0048,JOB-OPS-L2-06,Operations L2 Role 06,OPS,L2,Y,0.8,31.2,2018-03-30,
ASN-000484-01,HRIS-WKR-000484,POS-SAL-L5-0174,JOB-SAL-L5-06,Sales L5 Role 06,SAL,L5,Y,0.6,23.4,2022-12-27,
ASN-000485-01,HRIS-WKR-000485,POS-HR-L5-0138,JOB-HR-L5-06,People L5 Role 06,HR,L6,Y,1.0,39.0,2020-05-21,
ASN-000486-01,HRIS-WKR-000486,POS-FIN-L1-0077,JOB-FIN-L1-05,Finance L1 Role 05,FIN,L1,Y,1.0,39.0,2025-11-14,
ASN-000487-01,HRIS-WKR-000487,POS-SAL-L1-0150,JOB-SAL-L1-06,Sales L1 Role 06,SAL,L1,Y,1.0,39.0,2024-02-03,
ASN-000488-01,HRIS-WKR-000488,POS-HR-L3-0125,JOB-HR-L3-05,People L3 Role 05,HR,L3,Y,1.0,39.0,2018-05-04,
ASN-000489-01,HRIS-WKR-000489,POS-ENG-L2-0011,JOB-ENG-L2-05,Engineering L2 Role 05,ENG,L2,Y,1.0,39.0,2021-07-15,
ASN-000490-01,HRIS-WKR-000490,POS-SAL-L6-0180,JOB-SAL-L6-06,Sales L6 Role 06,SAL,L6,Y,0.5,19.5,2023-09-07,
ASN-000491-01,HRIS-WKR-000491,POS-SAL-L2-0154,JOB-SAL-L2-04,Sales L2 Role 04,SAL,L2,Y,1.0,39.0,2021-11-28,
ASN-000492-01,HRIS-WKR-000492,POS-SAL-L5-0169,JOB-SAL-L5-01,Sales L5 Role 01,SAL,L5,Y,1.0,39.0,2021-09-22,
ASN-000493-01,HRIS-WKR-000493,POS-HR-L3-0122,JOB-HR-L3-02,People L3 Role 02,HR,L3,Y,1.0,39.0,2025-10-05,
ASN-000494-01,HRIS-WKR-000494,POS-TEC-L4-0201,JOB-TEC-L4-03,Technology L4 Role 03,TEC,L4,Y,1.0,39.0,2025-12-01,
ASN-000495-01,HRIS-WKR-000495,POS-OPS-L4-0060,JOB-OPS-L4-06,Operations L4 Role 06,OPS,L4,Y,0.8,31.2,2025-07-23,
ASN-000496-01,HRIS-WKR-000496,POS-HR-L1-0114,JOB-HR-L1-06,People L1 Role 06,HR,L1,Y,1.0,39.0,2024-11-08,
ASN-000497-01,HRIS-WKR-000497,POS-TEC-L6-0212,JOB-TEC-L6-02,Technology L6 Role 02,TEC,L6,Y,1.0,39.0,2023-01-06,
ASN-000498-01,HRIS-WKR-000498,POS-SAL-L5-0169,JOB-SAL-L5-01,Sales L5 Role 01,SAL,L5,Y,,,2022-06-26,
ASN-000499-01,HRIS-WKR-000499,POS-SAL-L2-0155,JOB-SAL-L2-05,Sales L2 Role 05,SAL,L2,Y,1.0,39.0,2025-05-11,
ASN-000500-01,HRIS-WKR-000500,POS-ENG-L3-0016,JOB-ENG-L3-04,Engineering L3 Role 04,ENG,L3,Y,1.0,39.0,2021-09-03,
ASN-000501-01,HRIS-WKR-000501,POS-OPS-L1-0037,JOB-OPS-L1-01,Operations L1 Role 01,OPS,L1,Y,1.0,39.0,2022-06-06,
ASN-000502-01,HRIS-WKR-000502,POS-HR-L4-0129,JOB-HR-L4-03,People L4 Role 03,HR,L4,Y,0.5,19.5,2019-01-16,
ASN-000503-01,HRIS-WKR-000503,POS-OPS-L6-0072,JOB-OPS-L6-06,Operations L6 Role 06,OPS,L6,Y,0.6,23.4,2019-12-27,
ASN-000504-01,HRIS-WKR-000504,POS-HR-L6-0139,JOB-HR-L6-01,People L6 Role 01,HR,L6,Y,0.5,19.5,2022-09-14,
ASN-000505-01,HRIS-WKR-000505,POS-FIN-L5-0101,JOB-FIN-L5-05,Finance L5 Role 05,FIN,L5,Y,0.8,31.2,2025-08-09,
ASN-000506-01,HRIS-WKR-000506,POS-FIN-L3-0085,JOB-FIN-L3-01,Finance L3 Role 01,FIN,L3,Y,1.0,39.0,2019-12-19,
ASN-000507-01,HRIS-WKR-000507,POS-TEC-L2-0192,JOB-TEC-L2-06,Technology L2 Role 06,TEC,L2,Y,1.0,39.0,2018-02-26,
ASN-000508-01,HRIS-WKR-000508,POS-FIN-L4-0093,JOB-FIN-L4-03,Finance L4 Role 03,FIN,L4,Y,1.0,39.0,2023-08-29,
ASN-000508-02,HRIS-WKR-000508,POS-HR-L2-0119,JOB-HR-L2-05,People L2 Role 05,HR,L2,N,0.3,11.7,2025-10-02,
ASN-000509-01,HRIS-WKR-000509,POS-OPS-L2-0045,JOB-OPS-L2-03,Operations L2 Role 03,OPS,L2,Y,1.0,39.0,2021-07-18,
ASN-000510-01,HRIS-WKR-000510,POS-SAL-L5-0174,JOB-SAL-L5-06,Sales L5 Role 06,SAL,L5,Y,1.0,39.0,2021-08-12,
ASN-000511-01,HRIS-WKR-000511,POS-TEC-L3-0195,JOB-TEC-L3-03,Technology L3 Role 03,TEC,L3,Y,1.0,39.0,2024-11-21,
ASN-000512-01,HRIS-WKR-000512,POS-TEC-L1-0183,JOB-TEC-L1-03,Technology L1 Role 03,TEC,L1,Y,0.8,31.2,2022-01-17,
ASN-000513-01,HRIS-WKR-000513,POS-TEC-L2-0188,JOB-TEC-L2-02,Technology L2 Role 02,TEC,L2,Y,,,2022-05-31,
ASN-000514-01,HRIS-WKR-000514,POS-OPS-L2-0047,JOB-OPS-L2-05,Operations L2 Role 05,OPS,L2,Y,1.0,39.0,2025-03-15,
ASN-000515-01,HRIS-WKR-000515,POS-ENG-L5-0025,JOB-ENG-L5-01,Engineering L5 Role 01,ENG,L5,Y,1.0,39.0,2024-03-22,
ASN-000516-01,HRIS-WKR-000516,POS-HR-L4-0132,JOB-HR-L4-06,People L4 Role 06,HR,L4,Y,1.0,39.0,2019-02-28,
ASN-000517-01,HRIS-WKR-000517,POS-FIN-L3-0086,JOB-FIN-L3-02,Finance L3 Role 02,FIN,L3,Y,1.0,39.0,2022-10-14,
ASN-000518-01,HRIS-WKR-000518,POS-FIN-L1-0073,JOB-FIN-L1-01,Finance L1 Role 01,FIN,L1,Y,1.0,39.0,2021-05-15,
ASN-000519-01,HRIS-WKR-000519,POS-TEC-L4-0202,JOB-TEC-L4-04,Technology L4 Role 04,TEC,L4,Y,1.0,39.0,2018-10-09,
ASN-000520-01,HRIS-WKR-000520,POS-OPS-L5-0062,JOB-OPS-L5-02,Operations L5 Role 02,OPS,L5,Y,1.0,39.0,2020-02-07,
ASN-000521-01,HRIS-WKR-000521,POS-HR-L2-0119,JOB-HR-L2-05,People L2 Role 05,HR,L2,Y,1.0,39.0,2024-11-17,
ASN-000521-02,HRIS-WKR-000521,POS-TEC-L5-0206,JOB-TEC-L5-02,Technology L5 Role 02,TEC,L5,N,0.3,11.7,2022-01-20,
ASN-000522-01,HRIS-WKR-000522,POS-FIN-L4-0096,JOB-FIN-L4-06,Finance L4 Role 06,FIN,L4,Y,1.0,39.0,2021-03-03,
ASN-000523-01,HRIS-WKR-000523,POS-TEC-L2-0189,JOB-TEC-L2-03,Technology L2 Role 03,TEC,L2,Y,1.0,39.0,2025-03-10,
ASN-000523-02,HRIS-WKR-000523,POS-SAL-L2-0151,JOB-SAL-L2-01,Sales L2 Role 01,SAL,L2,N,0.3,11.7,2019-03-15,
ASN-000524-01,HRIS-WKR-000524,POS-FIN-L3-0085,JOB-FIN-L3-01,Finance L3 Role 01,FIN,L3,Y,1.0,39.0,2022-05-09,
ASN-000525-01,HRIS-WKR-000525,POS-HR-L6-0142,JOB-HR-L6-04,People L6 Role 04,HR,L6,Y,1.0,39.0,2020-12-04,
ASN-000526-01,HRIS-WKR-000526,POS-SAL-L6-0180,JOB-SAL-L6-06,Sales L6 Role 06,SAL,L6,Y,1.0,39.0,2019-07-12,
ASN-000526-02,HRIS-WKR-000526,POS-SAL-L4-0167,JOB-SAL-L4-05,Sales L4 Role 05,SAL,L4,N,0.2,7.8,2018-08-20,
ASN-000527-01,HRIS-WKR-000527,POS-TEC-L6-0215,JOB-TEC-L6-05,Technology L6 Role 05,TEC,L6,Y,1.0,39.0,2019-04-28,
ASN-000528-01,HRIS-WKR-000528,POS-ENG-L1-0005,JOB-ENG-L1-05,Engineering L1 Role 05,ENG,L1,Y,1.0,39.0,2019-01-12,
ASN-000529-01,HRIS-WKR-000529,POS-SAL-L2-0156,JOB-SAL-L2-06,Sales L2 Role 06,SAL,L2,Y,1.0,39.0,2023-02-25,
ASN-000530-01,HRIS-WKR-000530,POS-FIN-L4-0092,JOB-FIN-L4-02,Finance L4 Role 02,FIN,L4,Y,1.0,39.0,2019-10-16,
ASN-000531-01,HRIS-WKR-000531,POS-FIN-L6-0107,JOB-FIN-L6-05,Finance L6 Role 05,FIN,L6,Y,1.0,39.0,2019-09-09,
ASN-000532-01,HRIS-WKR-000532,POS-ENG-L4-0020,JOB-ENG-L4-02,Engineering L4 Role 02,ENG,L4,Y,1.0,39.0,2023-04-19,
ASN-000533-01,HRIS-WKR-000533,POS-SAL-L5-0169,JOB-SAL-L5-01,Sales L5 Role 01,SAL,L5,Y,1.0,39.0,2023-12-29,
ASN-000534-01,HRIS-WKR-000534,POS-TEC-L3-0196,JOB-TEC-L3-04,Technology L3 Role 04,TEC,L3,Y,1.0,39.0,2025-06-18,
ASN-000535-01,HRIS-WKR-000535,POS-OPS-L5-0065,JOB-OPS-L5-05,Operations L5 Role 05,OPS,L5,Y,0.5,19.5,2021-05-15,
ASN-000536-01,HRIS-WKR-000536,POS-HR-L5-0133,JOB-HR-L5-01,People L5 Role 01,HR,L5,Y,1.0,39.0,2020-02-17,
ASN-000537-01,HRIS-WKR-000537,POS-HR-L1-0114,JOB-HR-L1-06,People L1 Role 06,HR,L1,Y,1.0,39.0,2019-05-02,
ASN-000538-01,HRIS-WKR-000538,POS-FIN-L1-0078,JOB-FIN-L1-06,Finance L1 Role 06,FIN,L1,Y,0.8,31.2,2021-03-15,
ASN-000539-01,HRIS-WKR-000539,POS-TEC-L1-0186,JOB-TEC-L1-06,Technology L1 Role 06,TEC,L1,Y,1.0,39.0,2025-12-21,
ASN-000540-01,HRIS-WKR-000540,POS-OPS-L6-0068,JOB-OPS-L6-02,Operations L6 Role 02,OPS,L6,Y,1.0,39.0,2025-08-25,
ASN-000541-01,HRIS-WKR-000541,POS-ENG-L6-0033,JOB-ENG-L6-03,Engineering L6 Role 03,ENG,L6,Y,0.5,19.5,2025-02-18,
ASN-000542-01,HRIS-WKR-000542,POS-OPS-L4-0057,JOB-OPS-L4-03,Operations L4 Role 03,OPS,L4,Y,0.8,31.2,2021-10-26,
ASN-000543-01,HRIS-WKR-000543,POS-FIN-L3-0085,JOB-FIN-L3-01,Finance L3 Role 01,FIN,L3,Y,0.6,23.4,2021-12-01,
ASN-000544-01,HRIS-WKR-000544,POS-FIN-L4-0093,JOB-FIN-L4-03,Finance L4 Role 03,FIN,L6,Y,0.6,23.4,2025-12-01,
ASN-000545-01,HRIS-WKR-000545,POS-ENG-L4-0023,JOB-ENG-L4-05,Engineering L4 Role 05,ENG,L2,Y,1.0,39.0,2024-11-05,
ASN-000546-01,HRIS-WKR-000546,POS-HR-L4-0131,JOB-HR-L4-05,People L4 Role 05,HR,L4,Y,1.0,39.0,2024-06-24,
ASN-000547-01,HRIS-WKR-000547,POS-ENG-L1-0006,JOB-ENG-L1-06,Engineering L1 Role 06,ENG,L1,Y,1.0,39.0,2025-12-14,
ASN-000548-01,HRIS-WKR-000548,POS-HR-L1-0112,JOB-HR-L1-04,People L1 Role 04,HR,L1,Y,1.0,39.0,2023-03-23,
ASN-000549-01,HRIS-WKR-000549,POS-FIN-L6-0108,JOB-FIN-L6-06,Finance L6 Role 06,FIN,L6,Y,0.6,23.4,2022-02-09,
ASN-000550-01,HRIS-WKR-000550,POS-FIN-L1-0078,JOB-FIN-L1-06,Finance L1 Role 06,FIN,L1,Y,0.6,23.4,2018-01-10,
ASN-000551-01,HRIS-WKR-000551,POS-SAL-L2-0156,JOB-SAL-L2-06,Sales L2 Role 06,SAL,L2,Y,,,2022-06-01,
ASN-000552-01,HRIS-WKR-000552,POS-HR-L3-0122,JOB-HR-L3-02,People L3 Role 02,HR,L3,Y,0.6,23.4,2024-05-27,
ASN-000553-01,HRIS-WKR-000553,POS-OPS-L3-0054,JOB-OPS-L3-06,Operations L3 Role 06,OPS,L3,Y,0.8,31.2,2021-05-14,
ASN-000554-01,HRIS-WKR-000554,POS-ENG-L5-0029,JOB-ENG-L5-05,Engineering L5 Role 05,ENG,L5,Y,1.0,39.0,2025-03-23,
ASN-000555-01,HRIS-WKR-000555,POS-TEC-L1-0183,JOB-TEC-L1-03,Technology L1 Role 03,TEC,L1,Y,1.0,39.0,2020-03-27,
ASN-000556-01,HRIS-WKR-000556,POS-FIN-L3-0089,JOB-FIN-L3-05,Finance L3 Role 05,FIN,L3,Y,1.0,39.0,2024-03-07,
ASN-000557-01,HRIS-WKR-000557,POS-TEC-L2-0188,JOB-TEC-L2-02,Technology L2 Role 02,TEC,L2,Y,1.0,39.0,2023-06-12,
ASN-000558-01,HRIS-WKR-000558,POS-TEC-L3-0197,JOB-TEC-L3-05,Technology L3 Role 05,TEC,L3,Y,0.5,19.5,2025-08-21,
ASN-000559-01,HRIS-WKR-000559,POS-OPS-L4-0058,JOB-OPS-L4-04,Operations L4 Role 04,OPS,L4,Y,1.0,39.0,2025-04-26,
ASN-000560-01,HRIS-WKR-000560,POS-HR-L5-0137,JOB-HR-L5-05,People L5 Role 05,HR,L5,Y,1.0,39.0,2019-08-02,
ASN-000561-01,HRIS-WKR-000561,POS-FIN-L2-0084,JOB-FIN-L2-06,Finance L2 Role 06,FIN,L2,Y,0.5,19.5,2021-08-21,
ASN-000562-01,HRIS-WKR-000562,POS-TEC-L2-0188,JOB-TEC-L2-02,Technology L2 Role 02,TEC,L2,Y,1.0,39.0,2021-11-01,
ASN-000563-01,HRIS-WKR-000563,POS-HR-L5-0134,JOB-HR-L5-02,People L5 Role 02,HR,L5,Y,1.0,39.0,2025-11-21,
ASN-000564-01,HRIS-WKR-000564,POS-ENG-L6-0032,JOB-ENG-L6-02,Engineering L6 Role 02,ENG,L6,Y,0.4,15.6,2018-09-30,
ASN-000564-02,HRIS-WKR-000564,POS-FIN-L6-0107,JOB-FIN-L6-05,Finance L6 Role 05,FIN,L6,N,0.3,11.7,2019-09-01,
ASN-000565-01,HRIS-WKR-000565,POS-FIN-L6-0108,JOB-FIN-L6-06,Finance L6 Role 06,FIN,L6,Y,1.0,39.0,2025-07-31,
ASN-000566-01,HRIS-WKR-000566,POS-ENG-L5-0027,JOB-ENG-L5-03,Engineering L5 Role 03,ENG,L5,Y,,,2022-11-02,
ASN-000567-01,HRIS-WKR-000567,POS-HR-L1-0111,JOB-HR-L1-03,People L1 Role 03,HR,L1,Y,,,2023-03-04,
ASN-000568-01,HRIS-WKR-000568,POS-TEC-L1-0183,JOB-TEC-L1-03,Technology L1 Role 03,TEC,L1,Y,1.0,39.0,2021-02-09,
ASN-000569-01,HRIS-WKR-000569,POS-ENG-L2-0010,JOB-ENG-L2-04,Engineering L2 Role 04,ENG,L2,Y,1.0,39.0,2020-10-23,
ASN-000570-01,HRIS-WKR-000570,POS-OPS-L3-0049,JOB-OPS-L3-01,Operations L3 Role 01,OPS,L1,Y,1.0,39.0,2020-12-03,
ASN-000571-01,HRIS-WKR-000571,POS-HR-L6-0139,JOB-HR-L6-01,People L6 Role 01,HR,L6,Y,1.0,39.0,2026-01-23,
ASN-000572-01,HRIS-WKR-000572,POS-TEC-L3-0196,JOB-TEC-L3-04,Technology L3 Role 04,TEC,L3,Y,1.0,39.0,2019-08-01,
ASN-000572-02,HRIS-WKR-000572,POS-ENG-L5-0025,JOB-ENG-L5-01,Engineering L5 Role 01,ENG,L5,N,0.4,15.6,2018-06-26,
ASN-000573-01,HRIS-WKR-000573,POS-ENG-L2-0012,JOB-ENG-L2-06,Engineering L2 Role 06,ENG,L2,Y,0.5,19.5,2020-08-26,
ASN-000574-01,HRIS-WKR-000574,POS-HR-L1-0110,JOB-HR-L1-02,People L1 Role 02,HR,L1,Y,1.0,39.0,2025-04-13,
ASN-000575-01,HRIS-WKR-000575,POS-OPS-L2-0043,JOB-OPS-L2-01,Operations L2 Role 01,OPS,L2,Y,1.0,39.0,2020-04-06,
ASN-000576-01,HRIS-WKR-000576,POS-SAL-L1-0147,JOB-SAL-L1-03,Sales L1 Role 03,SAL,L1,Y,1.0,39.0,2021-09-24,
ASN-000577-01,HRIS-WKR-000577,POS-HR-L2-0119,JOB-HR-L2-05,People L2 Role 05,HR,L2,Y,0.6,23.4,2019-02-04,
ASN-000578-01,HRIS-WKR-000578,POS-SAL-L6-0177,JOB-SAL-L6-03,Sales L6 Role 03,SAL,L6,Y,1.0,39.0,2019-03-29,
ASN-000579-01,HRIS-WKR-000579,POS-OPS-L1-0039,JOB-OPS-L1-03,Operations L1 Role 03,OPS,L1,Y,0.4,15.6,2022-09-04,
ASN-000580-01,HRIS-WKR-000580,POS-OPS-L6-0068,JOB-OPS-L6-02,Operations L6 Role 02,OPS,L6,Y,1.0,39.0,2024-04-22,
ASN-000580-02,HRIS-WKR-000580,POS-FIN-L4-0096,JOB-FIN-L4-06,Finance L4 Role 06,FIN,L4,N,0.2,7.8,2023-02-22,
ASN-000581-01,HRIS-WKR-000581,POS-FIN-L3-0085,JOB-FIN-L3-01,Finance L3 Role 01,FIN,L3,Y,1.0,39.0,2019-03-22,
ASN-000582-01,HRIS-WKR-000582,POS-TEC-L4-0200,JOB-TEC-L4-02,Technology L4 Role 02,TEC,L4,Y,0.6,23.4,2019-11-28,
ASN-000583-01,HRIS-WKR-000583,POS-OPS-L2-0046,JOB-OPS-L2-04,Operations L2 Role 04,OPS,L2,Y,1.0,39.0,2024-02-14,
ASN-000584-01,HRIS-WKR-000584,POS-ENG-L5-0026,JOB-ENG-L5-02,Engineering L5 Role 02,ENG,L5,Y,0.5,19.5,2023-09-21,
ASN-000585-01,HRIS-WKR-000585,POS-HR-L3-0126,JOB-HR-L3-06,People L3 Role 06,HR,L3,Y,1.0,39.0,2020-09-06,
ASN-000586-01,HRIS-WKR-000586,POS-TEC-L3-0193,JOB-TEC-L3-01,Technology L3 Role 01,TEC,L3,Y,1.0,39.0,2022-05-07,
ASN-000587-01,HRIS-WKR-000587,POS-OPS-L1-0041,JOB-OPS-L1-05,Operations L1 Role 05,OPS,L1,Y,1.0,39.0,2021-04-26,
ASN-000588-01,HRIS-WKR-000588,POS-SAL-L4-0164,JOB-SAL-L4-02,Sales L4 Role 02,SAL,L4,Y,1.0,39.0,2018-04-02,
ASN-000589-01,HRIS-WKR-000589,POS-FIN-L6-0108,JOB-FIN-L6-06,Finance L6 Role 06,FIN,L6,Y,1.0,39.0,2018-05-20,
ASN-000590-01,HRIS-WKR-000590,POS-SAL-L2-0152,JOB-SAL-L2-02,Sales L2 Role 02,SAL,L2,Y,1.0,39.0,2020-04-18,
ASN-000591-01,HRIS-WKR-000591,POS-FIN-L6-0104,JOB-FIN-L6-02,Finance L6 Role 02,FIN,L6,Y,1.0,39.0,2025-05-12,
ASN-000591-02,HRIS-WKR-000591,POS-ENG-L4-0023,JOB-ENG-L4-05,Engineering L4 Role 05,ENG,L4,N,0.3,11.7,2020-04-27,
ASN-000592-01,HRIS-WKR-000592,POS-TEC-L2-0192,JOB-TEC-L2-06,Technology L2 Role 06,TEC,L2,Y,1.0,39.0,2021-01-05,
ASN-000592-02,HRIS-WKR-000592,POS-HR-L5-0134,JOB-HR-L5-02,People L5 Role 02,HR,L5,N,0.3,11.7,2020-12-15,
ASN-000593-01,HRIS-WKR-000593,POS-HR-L3-0121,JOB-HR-L3-01,People L3 Role 01,HR,L3,Y,1.0,39.0,2023-01-29,
ASN-000594-01,HRIS-WKR-000594,POS-HR-L3-0121,JOB-HR-L3-01,People L3 Role 01,HR,L3,Y,1.0,39.0,2018-11-26,
ASN-000595-01,HRIS-WKR-000595,POS-OPS-L2-0047,JOB-OPS-L2-05,Operations L2 Role 05,OPS,L2,Y,0.8,31.2,2022-04-04,
ASN-000595-02,HRIS-WKR-000595,POS-TEC-L3-0195,JOB-TEC-L3-03,Technology L3 Role 03,TEC,L3,N,0.2,7.8,2022-11-24,
ASN-000596-01,HRIS-WKR-000596,POS-SAL-L4-0168,JOB-SAL-L4-06,Sales L4 Role 06,SAL,L4,Y,1.0,39.0,2024-02-22,
ASN-000597-01,HRIS-WKR-000597,POS-FIN-L2-0082,JOB-FIN-L2-04,Finance L2 Role 04,FIN,L2,Y,1.0,39.0,2024-03-16,
ASN-000598-01,HRIS-WKR-000598,POS-SAL-L6-0176,JOB-SAL-L6-02,Sales L6 Role 02,SAL,L6,Y,1.0,39.0,2025-07-27,
ASN-000599-01,HRIS-WKR-000599,POS-ENG-L3-0018,JOB-ENG-L3-06,Engineering L3 Role 06,ENG,L3,Y,1.0,39.0,2022-03-17,
ASN-000600-01,HRIS-WKR-000600,POS-HR-L6-0142,JOB-HR-L6-04,People L6 Role 04,HR,L6,Y,1.0,39.0,2020-05-16,
ASN-000601-01,HRIS-WKR-000601,POS-OPS-L5-0063,JOB-OPS-L5-03,Operations L5 Role 03,OPS,L5,Y,1.0,39.0,2025-08-04,
ASN-000602-01,HRIS-WKR-000602,POS-OPS-L2-0043,JOB-OPS-L2-01,Operations L2 Role 01,OPS,L2,Y,0.5,19.5,2019-03-20,
ASN-000603-01,HRIS-WKR-000603,POS-OPS-L1-0037,JOB-OPS-L1-01,Operations L1 Role 01,OPS,L1,Y,1.0,39.0,2023-04-20,
ASN-000604-01,HRIS-WKR-000604,POS-FIN-L2-0082,JOB-FIN-L2-04,Finance L2 Role 04,FIN,L2,Y,0.8,31.2,2019-03-14,
ASN-000604-02,HRIS-WKR-000604,POS-TEC-L3-0194,JOB-TEC-L3-02,Technology L3 Role 02,TEC,L3,N,0.2,7.8,2022-07-17,
ASN-000605-01,HRIS-WKR-000605,POS-SAL-L5-0174,JOB-SAL-L5-06,Sales L5 Role 06,SAL,L5,Y,0.6,23.4,2018-01-04,
ASN-000605-02,HRIS-WKR-000605,POS-FIN-L3-0090,JOB-FIN-L3-06,Finance L3 Role 06,FIN,L3,N,0.3,11.7,2019-03-28,
ASN-000606-01,HRIS-WKR-000606,POS-HR-L3-0122,JOB-HR-L3-02,People L3 Role 02,HR,L3,Y,1.0,39.0,2021-09-12,
ASN-000607-01,HRIS-WKR-000607,POS-OPS-L4-0059,JOB-OPS-L4-05,Operations L4 Role 05,OPS,L4,Y,1.0,39.0,2022-08-06,
ASN-000608-01,HRIS-WKR-000608,POS-ENG-L2-0009,JOB-ENG-L2-03,Engineering L2 Role 03,ENG,L2,Y,0.6,23.4,2025-06-19,
ASN-000609-01,HRIS-WKR-000609,POS-TEC-L6-0216,JOB-TEC-L6-06,Technology L6 Role 06,TEC,L6,Y,0.6,23.4,2023-09-27,
ASN-000609-02,HRIS-WKR-000609,POS-ENG-L4-0020,JOB-ENG-L4-02,Engineering L4 Role 02,ENG,L4,N,0.3,11.7,2023-06-17,
ASN-000610-01,HRIS-WKR-000610,POS-OPS-L6-0069,JOB-OPS-L6-03,Operations L6 Role 03,OPS,L6,Y,1.0,39.0,2024-11-22,
ASN-000611-01,HRIS-WKR-000611,POS-TEC-L4-0201,JOB-TEC-L4-03,Technology L4 Role 03,TEC,L4,Y,1.0,39.0,2021-01-17,
ASN-000612-01,HRIS-WKR-000612,POS-TEC-L4-0202,JOB-TEC-L4-04,Technology L4 Role 04,TEC,L4,Y,1.0,39.0,2019-05-30,
ASN-000613-01,HRIS-WKR-000613,POS-HR-L3-0124,JOB-HR-L3-04,People L3 Role 04,HR,L3,Y,0.8,31.2,2018-03-30,
ASN-000614-01,HRIS-WKR-000614,POS-HR-L2-0118,JOB-HR-L2-04,People L2 Role 04,HR,L2,Y,1.0,39.0,2018-01-19,
ASN-000615-01,HRIS-WKR-000615,POS-TEC-L1-0183,JOB-TEC-L1-03,Technology L1 Role 03,TEC,L1,Y,0.8,31.2,2020-06-09,
ASN-000616-01,HRIS-WKR-000616,POS-HR-L1-0112,JOB-HR-L1-04,People L1 Role 04,HR,L1,Y,,,2019-08-21,
ASN-000617-01,HRIS-WKR-000617,POS-TEC-L4-0202,JOB-TEC-L4-04,Technology L4 Role 04,TEC,L2,Y,1.0,39.0,2021-07-14,
ASN-000618-01,HRIS-WKR-000618,POS-TEC-L6-0214,JOB-TEC-L6-04,Technology L6 Role 04,TEC,L6,Y,1.0,39.0,2025-11-09,
ASN-000619-01,HRIS-WKR-000619,POS-TEC-L6-0212,JOB-TEC-L6-02,Technology L6 Role 02,TEC,L6,Y,1.0,39.0,2021-07-15,
ASN-000620-01,HRIS-WKR-000620,POS-HR-L3-0125,JOB-HR-L3-05,People L3 Role 05,HR,L3,Y,1.0,39.0,2026-01-19,
ASN-000621-01,HRIS-WKR-000621,POS-HR-L1-0113,JOB-HR-L1-05,People L1 Role 05,HR,L1,Y,1.0,39.0,2024-09-22,
ASN-000622-01,HRIS-WKR-000622,POS-HR-L1-0114,JOB-HR-L1-06,People L1 Role 06,HR,L1,Y,0.8,31.2,2025-05-29,
ASN-000623-01,HRIS-WKR-000623,POS-FIN-L1-0077,JOB-FIN-L1-05,Finance L1 Role 05,FIN,L1,Y,1.0,39.0,2023-11-16,
ASN-000624-01,HRIS-WKR-000624,POS-FIN-L6-0107,JOB-FIN-L6-05,Finance L6 Role 05,FIN,L6,Y,1.0,39.0,2020-06-15,
ASN-000625-01,HRIS-WKR-000625,POS-TEC-L2-0192,JOB-TEC-L2-06,Technology L2 Role 06,TEC,L2,Y,,,2023-05-18,
ASN-000626-01,HRIS-WKR-000626,POS-OPS-L4-0055,JOB-OPS-L4-01,Operations L4 Role 01,OPS,L6,Y,1.0,39.0,2024-12-03,
ASN-000627-01,HRIS-WKR-000627,POS-SAL-L4-0167,JOB-SAL-L4-05,Sales L4 Role 05,SAL,L4,Y,1.0,39.0,2018-10-22,
ASN-000628-01,HRIS-WKR-000628,POS-TEC-L3-0196,JOB-TEC-L3-04,Technology L3 Role 04,TEC,L3,Y,0.8,31.2,2021-06-03,
ASN-000629-01,HRIS-WKR-000629,POS-TEC-L4-0199,JOB-TEC-L4-01,Technology L4 Role 01,TEC,L4,Y,1.0,39.0,2024-04-13,
ASN-000630-01,HRIS-WKR-000630,POS-HR-L2-0118,JOB-HR-L2-04,People L2 Role 04,HR,L2,Y,1.0,39.0,2021-04-16,
ASN-000631-01,HRIS-WKR-000631,POS-TEC-L1-0185,JOB-TEC-L1-05,Technology L1 Role 05,TEC,L1,Y,1.0,39.0,2023-04-02,
ASN-000632-01,HRIS-WKR-000632,POS-FIN-L5-0098,JOB-FIN-L5-02,Finance L5 Role 02,FIN,L5,Y,1.0,39.0,2024-03-18,
ASN-000633-01,HRIS-WKR-000633,POS-OPS-L2-0046,JOB-OPS-L2-04,Operations L2 Role 04,OPS,L2,Y,1.0,39.0,2018-05-03,
ASN-000634-01,HRIS-WKR-000634,POS-OPS-L4-0056,JOB-OPS-L4-02,Operations L4 Role 02,OPS,L4,Y,0.5,19.5,2025-08-07,
ASN-000634-02,HRIS-WKR-000634,POS-TEC-L6-0213,JOB-TEC-L6-03,Technology L6 Role 03,TEC,L6,N,0.2,7.8,2021-06-15,
ASN-000635-01,HRIS-WKR-000635,POS-HR-L3-0122,JOB-HR-L3-02,People L3 Role 02,HR,L3,Y,0.5,19.5,2019-06-21,
ASN-000636-01,HRIS-WKR-000636,POS-FIN-L1-0077,JOB-FIN-L1-05,Finance L1 Role 05,FIN,L1,Y,0.8,31.2,2020-11-13,
ASN-000637-01,HRIS-WKR-000637,POS-SAL-L3-0161,JOB-SAL-L3-05,Sales L3 Role 05,SAL,L3,Y,0.5,19.5,2020-05-09,
ASN-000637-02,HRIS-WKR-000637,POS-HR-L3-0124,JOB-HR-L3-04,People L3 Role 04,HR,L3,N,0.2,7.8,2023-06-05,
ASN-000638-01,HRIS-WKR-000638,POS-OPS-L1-0038,JOB-OPS-L1-02,Operations L1 Role 02,OPS,L1,Y,1.0,39.0,2024-01-04,
ASN-000639-01,HRIS-WKR-000639,POS-FIN-L2-0082,JOB-FIN-L2-04,Finance L2 Role 04,FIN,L2,Y,1.0,39.0,2019-10-10,
ASN-000640-01,HRIS-WKR-000640,POS-SAL-L2-0156,JOB-SAL-L2-06,Sales L2 Role 06,SAL,L2,Y,1.0,39.0,2025-11-03,
ASN-000641-01,HRIS-WKR-000641,POS-HR-L6-0143,JOB-HR-L6-05,People L6 Role 05,HR,L6,Y,1.0,39.0,2021-04-07,
ASN-000642-01,HRIS-WKR-000642,POS-FIN-L5-0099,JOB-FIN-L5-03,Finance L5 Role 03,FIN,L5,Y,1.0,39.0,2018-03-04,
ASN-000643-01,HRIS-WKR-000643,POS-SAL-L5-0170,JOB-SAL-L5-02,Sales L5 Role 02,SAL,L5,Y,1.0,39.0,2021-03-02,
ASN-000644-01,HRIS-WKR-000644,POS-TEC-L2-0190,JOB-TEC-L2-04,Technology L2 Role 04,TEC,L2,Y,0.5,19.5,2019-12-29,
ASN-000645-01,HRIS-WKR-000645,POS-TEC-L2-0188,JOB-TEC-L2-02,Technology L2 Role 02,TEC,L2,Y,1.0,39.0,2021-11-07,
ASN-000646-01,HRIS-WKR-000646,POS-FIN-L4-0093,JOB-FIN-L4-03,Finance L4 Role 03,FIN,L4,Y,,,2024-04-10,
ASN-000647-01,HRIS-WKR-000647,POS-HR-L2-0119,JOB-HR-L2-05,People L2 Role 05,HR,L2,Y,1.0,39.0,2025-05-12,
ASN-000648-01,HRIS-WKR-000648,POS-OPS-L1-0040,JOB-OPS-L1-04,Operations L1 Role 04,OPS,L1,Y,1.0,39.0,2021-12-31,
ASN-000648-02,HRIS-WKR-000648,POS-FIN-L1-0074,JOB-FIN-L1-02,Finance L1 Role 02,FIN,L1,N,0.2,7.8,2021-08-26,
ASN-000649-01,HRIS-WKR-000649,POS-HR-L5-0137,JOB-HR-L5-05,People L5 Role 05,HR,L5,Y,1.0,39.0,2024-03-16,
ASN-000650-01,HRIS-WKR-000650,POS-SAL-L2-0152,JOB-SAL-L2-02,Sales L2 Role 02,SAL,L2,Y,1.0,39.0,2021-11-01,
ASN-000651-01,HRIS-WKR-000651,POS-ENG-L1-0003,JOB-ENG-L1-03,Engineering L1 Role 03,ENG,L1,Y,1.0,39.0,2024-11-07,
ASN-000652-01,HRIS-WKR-000652,POS-ENG-L6-0034,JOB-ENG-L6-04,Engineering L6 Role 04,ENG,L6,Y,0.8,31.2,2024-04-10,
ASN-000653-01,HRIS-WKR-000653,POS-ENG-L1-0003,JOB-ENG-L1-03,Engineering L1 Role 03,ENG,L1,Y,1.0,39.0,2020-02-12,
ASN-000654-01,HRIS-WKR-000654,POS-TEC-L5-0208,JOB-TEC-L5-04,Technology L5 Role 04,TEC,L5,Y,1.0,39.0,2022-01-06,
ASN-000655-01,HRIS-WKR-000655,POS-ENG-L6-0034,JOB-ENG-L6-04,Engineering L6 Role 04,ENG,L6,Y,1.0,39.0,2018-10-26,
ASN-000656-01,HRIS-WKR-000656,POS-FIN-L5-0101,JOB-FIN-L5-05,Finance L5 Role 05,FIN,L5,Y,1.0,39.0,2022-08-21,
ASN-000657-01,HRIS-WKR-000657,POS-OPS-L5-0064,JOB-OPS-L5-04,Operations L5 Role 04,OPS,L5,Y,,,2019-04-24,
ASN-000658-01,HRIS-WKR-000658,POS-ENG-L2-0009,JOB-ENG-L2-03,Engineering L2 Role 03,ENG,L2,Y,1.0,39.0,2022-01-18,
ASN-000659-01,HRIS-WKR-000659,POS-HR-L2-0117,JOB-HR-L2-03,People L2 Role 03,HR,L2,Y,1.0,39.0,2024-04-08,
ASN-000660-01,HRIS-WKR-000660,POS-SAL-L3-0158,JOB-SAL-L3-02,Sales L3 Role 02,SAL,L3,Y,0.8,31.2,2018-07-18,
ASN-000661-01,HRIS-WKR-000661,POS-TEC-L3-0194,JOB-TEC-L3-02,Technology L3 Role 02,TEC,L3,Y,1.0,39.0,2021-08-30,
ASN-000662-01,HRIS-WKR-000662,POS-SAL-L6-0176,JOB-SAL-L6-02,Sales L6 Role 02,SAL,L6,Y,1.0,39.0,2021-03-11,
ASN-000663-01,HRIS-WKR-000663,POS-HR-L2-0116,JOB-HR-L2-02,People L2 Role 02,HR,L2,Y,0.8,31.2,2019-03-11,
ASN-000664-01,HRIS-WKR-000664,POS-OPS-L5-0066,JOB-OPS-L5-06,Operations L5 Role 06,OPS,L5,Y,1.0,39.0,2022-03-24,
ASN-000665-01,HRIS-WKR-000665,POS-FIN-L5-0098,JOB-FIN-L5-02,Finance L5 Role 02,FIN,L5,Y,1.0,39.0,2020-03-16,
ASN-000666-01,HRIS-WKR-000666,POS-ENG-L6-0033,JOB-ENG-L6-03,Engineering L6 Role 03,ENG,L6,Y,1.0,39.0,2022-03-10,
ASN-000667-01,HRIS-WKR-000667,POS-FIN-L1-0078,JOB-FIN-L1-06,Finance L1 Role 06,FIN,L1,Y,1.0,39.0,2024-12-05,
ASN-000668-01,HRIS-WKR-000668,POS-SAL-L1-0149,JOB-SAL-L1-05,Sales L1 Role 05,SAL,L1,Y,1.0,39.0,2025-10-28,
ASN-000668-02,HRIS-WKR-000668,POS-SAL-L1-0150,JOB-SAL-L1-06,Sales L1 Role 06,SAL,L1,N,0.2,7.8,2022-01-15,
ASN-000669-01,HRIS-WKR-000669,POS-OPS-L4-0056,JOB-OPS-L4-02,Operations L4 Role 02,OPS,L4,Y,1.0,39.0,2021-02-13,
ASN-000670-01,HRIS-WKR-000670,POS-FIN-L2-0081,JOB-FIN-L2-03,Finance L2 Role 03,FIN,L2,Y,1.0,39.0,2025-03-20,
ASN-000671-01,HRIS-WKR-000671,POS-FIN-L3-0086,JOB-FIN-L3-02,Finance L3 Role 02,FIN,L3,Y,1.0,39.0,2025-04-21,
ASN-000672-01,HRIS-WKR-000672,POS-TEC-L5-0206,JOB-TEC-L5-02,Technology L5 Role 02,TEC,L5,Y,1.0,39.0,2024-11-08,
ASN-000673-01,HRIS-WKR-000673,POS-SAL-L6-0178,JOB-SAL-L6-04,Sales L6 Role 04,SAL,L6,Y,0.8,31.2,2021-09-17,
ASN-000674-01,HRIS-WKR-000674,POS-OPS-L6-0069,JOB-OPS-L6-03,Operations L6 Role 03,OPS,L6,Y,1.0,39.0,2023-06-25,
ASN-000675-01,HRIS-WKR-000675,POS-HR-L4-0127,JOB-HR-L4-01,People L4 Role 01,HR,L4,Y,1.0,39.0,2018-02-07,
ASN-000676-01,HRIS-WKR-000676,POS-ENG-L1-0004,JOB-ENG-L1-04,Engineering L1 Role 04,ENG,L1,Y,,,2025-06-01,
ASN-000677-01,HRIS-WKR-000677,POS-ENG-L4-0022,JOB-ENG-L4-04,Engineering L4 Role 04,ENG,L4,Y,1.0,39.0,2018-05-14,
ASN-000678-01,HRIS-WKR-000678,POS-OPS-L5-0062,JOB-OPS-L5-02,Operations L5 Role 02,OPS,L5,Y,1.0,39.0,2023-05-02,
ASN-000679-01,HRIS-WKR-000679,POS-HR-L4-0131,JOB-HR-L4-05,People L4 Role 05,HR,L4,Y,1.0,39.0,2019-03-23,
ASN-000680-01,HRIS-WKR-000680,POS-OPS-L5-0066,JOB-OPS-L5-06,Operations L5 Role 06,OPS,L5,Y,1.0,39.0,2024-03-10,
ASN-000681-01,HRIS-WKR-000681,POS-TEC-L3-0198,JOB-TEC-L3-06,Technology L3 Role 06,TEC,L3,Y,1.0,39.0,2023-09-23,
ASN-000682-01,HRIS-WKR-000682,POS-OPS-L1-0040,JOB-OPS-L1-04,Operations L1 Role 04,OPS,L1,Y,1.0,39.0,2025-06-20,
ASN-000683-01,HRIS-WKR-000683,POS-FIN-L4-0096,JOB-FIN-L4-06,Finance L4 Role 06,FIN,L4,Y,1.0,39.0,2022-01-30,
ASN-000684-01,HRIS-WKR-000684,POS-HR-L2-0118,JOB-HR-L2-04,People L2 Role 04,HR,L2,Y,1.0,39.0,2023-02-16,
ASN-000685-01,HRIS-WKR-000685,POS-SAL-L5-0172,JOB-SAL-L5-04,Sales L5 Role 04,SAL,L5,Y,1.0,39.0,2024-06-09,
ASN-000686-01,HRIS-WKR-000686,POS-HR-L2-0119,JOB-HR-L2-05,People L2 Role 05,HR,L2,Y,1.0,39.0,2024-06-09,
ASN-000686-02,HRIS-WKR-000686,POS-OPS-L2-0044,JOB-OPS-L2-02,Operations L2 Role 02,OPS,L2,N,0.2,7.8,2020-12-01,
ASN-000687-01,HRIS-WKR-000687,POS-FIN-L3-0089,JOB-FIN-L3-05,Finance L3 Role 05,FIN,L3,Y,1.0,39.0,2019-11-28,
ASN-000688-01,HRIS-WKR-000688,POS-OPS-L1-0038,JOB-OPS-L1-02,Operations L1 Role 02,OPS,L1,Y,,,2025-12-06,
ASN-000689-01,HRIS-WKR-000689,POS-HR-L2-0116,JOB-HR-L2-02,People L2 Role 02,HR,L2,Y,1.0,39.0,2019-06-20,
ASN-000690-01,HRIS-WKR-000690,POS-ENG-L3-0018,JOB-ENG-L3-06,Engineering L3 Role 06,ENG,L3,Y,1.0,39.0,2025-03-30,
ASN-000691-01,HRIS-WKR-000691,POS-FIN-L6-0107,JOB-FIN-L6-05,Finance L6 Role 05,FIN,L6,Y,0.5,19.5,2020-06-17,
ASN-000692-01,HRIS-WKR-000692,POS-OPS-L5-0063,JOB-OPS-L5-03,Operations L5 Role 03,OPS,L5,Y,0.8,31.2,2018-01-27,
ASN-000693-01,HRIS-WKR-000693,POS-SAL-L2-0154,JOB-SAL-L2-04,Sales L2 Role 04,SAL,L2,Y,1.0,39.0,2022-07-26,
ASN-000693-02,HRIS-WKR-000693,POS-ENG-L6-0033,JOB-ENG-L6-03,Engineering L6 Role 03,ENG,L6,N,0.2,7.8,2022-09-04,
ASN-000694-01,HRIS-WKR-000694,POS-ENG-L3-0013,JOB-ENG-L3-01,Engineering L3 Role 01,ENG,L3,Y,1.0,39.0,2024-11-08,
ASN-000695-01,HRIS-WKR-000695,POS-FIN-L5-0100,JOB-FIN-L5-04,Finance L5 Role 04,FIN,L5,Y,1.0,39.0,2023-02-01,
ASN-000696-01,HRIS-WKR-000696,POS-ENG-L1-0001,JOB-ENG-L1-01,Engineering L1 Role 01,ENG,L1,Y,1.0,39.0,2025-09-23,
ASN-000697-01,HRIS-WKR-000697,POS-SAL-L2-0154,JOB-SAL-L2-04,Sales L2 Role 04,SAL,L2,Y,1.0,39.0,2021-08-10,
ASN-000698-01,HRIS-WKR-000698,POS-TEC-L5-0205,JOB-TEC-L5-01,Technology L5 Role 01,TEC,L3,Y,0.5,19.5,2018-08-15,
ASN-000699-01,HRIS-WKR-000699,POS-OPS-L5-0066,JOB-OPS-L5-06,Operations L5 Role 06,OPS,L5,Y,0.8,31.2,2024-03-30,
ASN-000700-01,HRIS-WKR-000700,POS-OPS-L1-0038,JOB-OPS-L1-02,Operations L1 Role 02,OPS,L1,Y,1.0,39.0,2023-03-23,
ASN-000701-01,HRIS-WKR-000701,POS-OPS-L5-0066,JOB-OPS-L5-06,Operations L5 Role 06,OPS,L5,Y,0.5,19.5,2024-07-21,
ASN-000702-01,HRIS-WKR-000702,POS-ENG-L2-0012,JOB-ENG-L2-06,Engineering L2 Role 06,ENG,L2,Y,1.0,39.0,2021-03-25,
ASN-000703-01,HRIS-WKR-000703,POS-OPS-L3-0054,JOB-OPS-L3-06,Operations L3 Role 06,OPS,L3,Y,1.0,39.0,2020-03-14,
ASN-000704-01,HRIS-WKR-000704,POS-ENG-L4-0023,JOB-ENG-L4-05,Engineering L4 Role 05,ENG,L4,Y,1.0,39.0,2021-12-20,
ASN-000705-01,HRIS-WKR-000705,POS-TEC-L4-0199,JOB-TEC-L4-01,Technology L4 Role 01,TEC,L6,Y,0.5,19.5,2022-06-26,
ASN-000705-02,HRIS-WKR-000705,POS-OPS-L5-0061,JOB-OPS-L5-01,Operations L5 Role 01,OPS,L5,N,0.2,7.8,2019-08-04,
ASN-000706-01,HRIS-WKR-000706,POS-OPS-L4-0059,JOB-OPS-L4-05,Operations L4 Role 05,OPS,L4,Y,1.0,39.0,2022-10-27,
ASN-000707-01,HRIS-WKR-000707,POS-SAL-L5-0169,JOB-SAL-L5-01,Sales L5 Role 01,SAL,L5,Y,0.8,31.2,2023-01-06,
ASN-000708-01,HRIS-WKR-000708,POS-TEC-L6-0216,JOB-TEC-L6-06,Technology L6 Role 06,TEC,L6,Y,1.0,39.0,2024-11-08,
ASN-000709-01,HRIS-WKR-000709,POS-TEC-L3-0194,JOB-TEC-L3-02,Technology L3 Role 02,TEC,L3,Y,1.0,39.0,2022-12-05,
ASN-000709-02,HRIS-WKR-000709,POS-SAL-L2-0154,JOB-SAL-L2-04,Sales L2 Role 04,SAL,L2,N,0.3,11.7,2023-10-10,
ASN-000710-01,HRIS-WKR-000710,POS-FIN-L2-0083,JOB-FIN-L2-05,Finance L2 Role 05,FIN,L2,Y,0.6,23.4,2018-01-01,
ASN-000711-01,HRIS-WKR-000711,POS-FIN-L6-0108,JOB-FIN-L6-06,Finance L6 Role 06,FIN,L6,Y,1.0,39.0,2022-05-19,
ASN-000712-01,HRIS-WKR-000712,POS-TEC-L5-0208,JOB-TEC-L5-04,Technology L5 Role 04,TEC,L6,Y,1.0,39.0,2023-03-24,
ASN-000713-01,HRIS-WKR-000713,POS-TEC-L4-0199,JOB-TEC-L4-01,Technology L4 Role 01,TEC,L4,Y,1.0,39.0,2020-01-01,
ASN-000714-01,HRIS-WKR-000714,POS-SAL-L6-0178,JOB-SAL-L6-04,Sales L6 Role 04,SAL,L6,Y,0.8,31.2,2019-04-14,
ASN-000715-01,HRIS-WKR-000715,POS-TEC-L6-0212,JOB-TEC-L6-02,Technology L6 Role 02,TEC,L6,Y,1.0,39.0,2023-08-14,
ASN-000716-01,HRIS-WKR-000716,POS-FIN-L4-0091,JOB-FIN-L4-01,Finance L4 Role 01,FIN,L4,Y,0.8,31.2,2025-11-09,
ASN-000717-01,HRIS-WKR-000717,POS-OPS-L5-0066,JOB-OPS-L5-06,Operations L5 Role 06,OPS,L5,Y,1.0,39.0,2018-12-18,
ASN-000718-01,HRIS-WKR-000718,POS-OPS-L3-0053,JOB-OPS-L3-05,Operations L3 Role 05,OPS,L3,Y,1.0,39.0,2024-11-09,
ASN-000719-01,HRIS-WKR-000719,POS-ENG-L4-0019,JOB-ENG-L4-01,Engineering L4 Role 01,ENG,L4,Y,1.0,39.0,2023-05-24,
ASN-000720-01,HRIS-WKR-000720,POS-FIN-L4-0092,JOB-FIN-L4-02,Finance L4 Role 02,FIN,L4,Y,0.5,19.5,2022-07-24,
ASN-000721-01,HRIS-WKR-000721,POS-SAL-L1-0148,JOB-SAL-L1-04,Sales L1 Role 04,SAL,L1,Y,1.0,39.0,2021-11-29,
ASN-000722-01,HRIS-WKR-000722,POS-TEC-L3-0196,JOB-TEC-L3-04,Technology L3 Role 04,TEC,L3,Y,1.0,39.0,2021-04-04,
ASN-000723-01,HRIS-WKR-000723,POS-HR-L2-0118,JOB-HR-L2-04,People L2 Role 04,HR,L2,Y,1.0,39.0,2025-11-08,
ASN-000723-02,HRIS-WKR-000723,POS-ENG-L2-0010,JOB-ENG-L2-04,Engineering L2 Role 04,ENG,L2,N,0.2,7.8,2018-04-21,
ASN-000724-01,HRIS-WKR-000724,POS-TEC-L1-0185,JOB-TEC-L1-05,Technology L1 Role 05,TEC,L1,Y,0.8,31.2,2024-02-07,
ASN-000725-01,HRIS-WKR-000725,POS-HR-L4-0128,JOB-HR-L4-02,People L4 Role 02,HR,L4,Y,0.6,23.4,2021-11-12,
ASN-000726-01,HRIS-WKR-000726,POS-HR-L1-0110,JOB-HR-L1-02,People L1 Role 02,HR,L1,Y,0.8,31.2,2023-03-24,
ASN-000727-01,HRIS-WKR-000727,POS-TEC-L3-0196,JOB-TEC-L3-04,Technology L3 Role 04,TEC,L1,Y,0.6,23.4,2021-09-18,
ASN-000728-01,HRIS-WKR-000728,POS-OPS-L4-0058,JOB-OPS-L4-04,Operations L4 Role 04,OPS,L4,Y,1.0,39.0,2021-04-07,
ASN-000729-01,HRIS-WKR-000729,POS-SAL-L5-0174,JOB-SAL-L5-06,Sales L5 Role 06,SAL,L5,Y,1.0,39.0,2024-07-28,
ASN-000730-01,HRIS-WKR-000730,POS-ENG-L6-0035,JOB-ENG-L6-05,Engineering L6 Role 05,ENG,L6,Y,1.0,39.0,2022-05-23,
ASN-000731-01,HRIS-WKR-000731,POS-ENG-L2-0011,JOB-ENG-L2-05,Engineering L2 Role 05,ENG,L2,Y,1.0,39.0,2024-12-25,
ASN-000732-01,HRIS-WKR-000732,POS-OPS-L1-0040,JOB-OPS-L1-04,Operations L1 Role 04,OPS,L3,Y,1.0,39.0,2020-05-04,
ASN-000733-01,HRIS-WKR-000733,POS-SAL-L3-0161,JOB-SAL-L3-05,Sales L3 Role 05,SAL,L3,Y,1.0,39.0,2020-01-10,
ASN-000734-01,HRIS-WKR-000734,POS-OPS-L6-0069,JOB-OPS-L6-03,Operations L6 Role 03,OPS,L6,Y,1.0,39.0,2025-10-02,
ASN-000735-01,HRIS-WKR-000735,POS-ENG-L1-0001,JOB-ENG-L1-01,Engineering L1 Role 01,ENG,L1,Y,1.0,39.0,2023-11-03,
ASN-000736-01,HRIS-WKR-000736,POS-TEC-L1-0185,JOB-TEC-L1-05,Technology L1 Role 05,TEC,L1,Y,1.0,39.0,2023-05-29,
ASN-000736-02,HRIS-WKR-000736,POS-OPS-L2-0048,JOB-OPS-L2-06,Operations L2 Role 06,OPS,L2,N,0.3,11.7,2023-04-05,
ASN-000737-01,HRIS-WKR-000737,POS-FIN-L3-0088,JOB-FIN-L3-04,Finance L3 Role 04,FIN,L3,Y,1.0,39.0,2018-08-21,
ASN-000738-01,HRIS-WKR-000738,POS-FIN-L3-0087,JOB-FIN-L3-03,Finance L3 Role 03,FIN,L3,Y,0.8,31.2,2022-02-12,
ASN-000739-01,HRIS-WKR-000739,POS-OPS-L4-0060,JOB-OPS-L4-06,Operations L4 Role 06,OPS,L4,Y,1.0,39.0,2023-04-12,
ASN-000740-01,HRIS-WKR-000740,POS-SAL-L6-0180,JOB-SAL-L6-06,Sales L6 Role 06,SAL,L6,Y,0.6,23.4,2026-01-08,
ASN-000741-01,HRIS-WKR-000741,POS-SAL-L5-0170,JOB-SAL-L5-02,Sales L5 Role 02,SAL,L5,Y,1.0,39.0,2021-02-26,
ASN-000742-01,HRIS-WKR-000742,POS-HR-L4-0131,JOB-HR-L4-05,People L4 Role 05,HR,L4,Y,,,2021-07-04,
ASN-000743-01,HRIS-WKR-000743,POS-HR-L4-0129,JOB-HR-L4-03,People L4 Role 03,HR,L4,Y,0.6,23.4,2025-09-13,
ASN-000744-01,HRIS-WKR-000744,POS-TEC-L4-0204,JOB-TEC-L4-06,Technology L4 Role 06,TEC,L4,Y,0.8,31.2,2023-06-16,
ASN-000745-01,HRIS-WKR-000745,POS-OPS-L2-0043,JOB-OPS-L2-01,Operations L2 Role 01,OPS,L2,Y,1.0,39.0,2023-07-27,
ASN-000746-01,HRIS-WKR-000746,POS-ENG-L1-0002,JOB-ENG-L1-02,Engineering L1 Role 02,ENG,L1,Y,1.0,39.0,2021-07-06,
ASN-000747-01,HRIS-WKR-000747,POS-HR-L3-0121,JOB-HR-L3-01,People L3 Role 01,HR,L3,Y,1.0,39.0,2018-05-26,
ASN-000747-02,HRIS-WKR-000747,POS-SAL-L4-0167,JOB-SAL-L4-05,Sales L4 Role 05,SAL,L4,N,0.4,15.6,2024-03-17,
ASN-000748-01,HRIS-WKR-000748,POS-OPS-L5-0061,JOB-OPS-L5-01,Operations L5 Role 01,OPS,L5,Y,1.0,39.0,2022-07-16,
ASN-000749-01,HRIS-WKR-000749,POS-FIN-L4-0091,JOB-FIN-L4-01,Finance L4 Role 01,FIN,L4,Y,1.0,39.0,2019-08-27,
ASN-000750-01,HRIS-WKR-000750,POS-OPS-L2-0044,JOB-OPS-L2-02,Operations L2 Role 02,OPS,L2,Y,0.4,15.6,2021-12-05,
ASN-000751-01,HRIS-WKR-000751,POS-SAL-L5-0170,JOB-SAL-L5-02,Sales L5 Role 02,SAL,L5,Y,1.0,39.0,2019-09-24,
ASN-000752-01,HRIS-WKR-000752,POS-SAL-L2-0156,JOB-SAL-L2-06,Sales L2 Role 06,SAL,L2,Y,1.0,39.0,2021-02-02,
ASN-000752-02,HRIS-WKR-000752,POS-FIN-L1-0074,JOB-FIN-L1-02,Finance L1 Role 02,FIN,L1,N,0.2,7.8,2019-08-22,
ASN-000753-01,HRIS-WKR-000753,POS-OPS-L2-0048,JOB-OPS-L2-06,Operations L2 Role 06,OPS,L2,Y,1.0,39.0,2021-06-21,
ASN-000754-01,HRIS-WKR-000754,POS-HR-L4-0128,JOB-HR-L4-02,People L4 Role 02,HR,L4,Y,1.0,39.0,2021-02-05,
ASN-000755-01,HRIS-WKR-000755,POS-SAL-L2-0151,JOB-SAL-L2-01,Sales L2 Role 01,SAL,L2,Y,1.0,39.0,2018-04-24,
ASN-000756-01,HRIS-WKR-000756,POS-OPS-L6-0070,JOB-OPS-L6-04,Operations L6 Role 04,OPS,L6,Y,1.0,39.0,2022-10-23,
ASN-000757-01,HRIS-WKR-000757,POS-OPS-L1-0042,JOB-OPS-L1-06,Operations L1 Role 06,OPS,L1,Y,1.0,39.0,2022-07-19,
ASN-000758-01,HRIS-WKR-000758,POS-ENG-L3-0017,JOB-ENG-L3-05,Engineering L3 Role 05,ENG,L3,Y,1.0,39.0,2024-05-10,
ASN-000759-01,HRIS-WKR-000759,POS-FIN-L5-0101,JOB-FIN-L5-05,Finance L5 Role 05,FIN,L5,Y,1.0,39.0,2020-07-17,
ASN-000759-02,HRIS-WKR-000759,POS-ENG-L4-0021,JOB-ENG-L4-03,Engineering L4 Role 03,ENG,L4,N,0.2,7.8,2024-11-18,
ASN-000760-01,HRIS-WKR-000760,POS-ENG-L2-0007,JOB-ENG-L2-01,Engineering L2 Role 01,ENG,L2,Y,1.0,39.0,2025-11-08,
ASN-000761-01,HRIS-WKR-000761,POS-OPS-L3-0053,JOB-OPS-L3-05,Operations L3 Role 05,OPS,L3,Y,1.0,39.0,2023-04-03,
ASN-000761-02,HRIS-WKR-000761,POS-SAL-L3-0161,JOB-SAL-L3-05,Sales L3 Role 05,SAL,L3,N,0.4,15.6,2019-03-26,
ASN-000762-01,HRIS-WKR-000762,POS-OPS-L4-0057,JOB-OPS-L4-03,Operations L4 Role 03,OPS,L2,Y,1.0,39.0,2025-04-15,
ASN-000763-01,HRIS-WKR-000763,POS-FIN-L4-0094,JOB-FIN-L4-04,Finance L4 Role 04,FIN,L4,Y,1.0,39.0,2020-09-20,
ASN-000764-01,HRIS-WKR-000764,POS-ENG-L2-0007,JOB-ENG-L2-01,Engineering L2 Role 01,ENG,L1,Y,1.0,39.0,2025-10-02,
ASN-000765-01,HRIS-WKR-000765,POS-TEC-L4-0199,JOB-TEC-L4-01,Technology L4 Role 01,TEC,L4,Y,0.4,15.6,2018-10-16,
ASN-000766-01,HRIS-WKR-000766,POS-HR-L1-0114,JOB-HR-L1-06,People L1 Role 06,HR,L1,Y,0.5,19.5,2025-02-05,
ASN-000767-01,HRIS-WKR-000767,POS-OPS-L6-0070,JOB-OPS-L6-04,Operations L6 Role 04,OPS,L6,Y,1.0,39.0,2023-07-30,
ASN-000768-01,HRIS-WKR-000768,POS-ENG-L4-0022,JOB-ENG-L4-04,Engineering L4 Role 04,ENG,L4,Y,1.0,39.0,2019-08-28,
ASN-000769-01,HRIS-WKR-000769,POS-SAL-L1-0149,JOB-SAL-L1-05,Sales L1 Role 05,SAL,L1,Y,0.8,31.2,2023-10-28,
ASN-000770-01,HRIS-WKR-000770,POS-FIN-L4-0094,JOB-FIN-L4-04,Finance L4 Role 04,FIN,L4,Y,1.0,39.0,2019-08-18,
ASN-000771-01,HRIS-WKR-000771,POS-TEC-L2-0191,JOB-TEC-L2-05,Technology L2 Role 05,TEC,L2,Y,1.0,39.0,2023-02-10,
ASN-000772-01,HRIS-WKR-000772,POS-SAL-L3-0160,JOB-SAL-L3-04,Sales L3 Role 04,SAL,L3,Y,1.0,39.0,2019-02-20,
ASN-000773-01,HRIS-WKR-000773,POS-ENG-L1-0005,JOB-ENG-L1-05,Engineering L1 Role 05,ENG,L1,Y,0.6,23.4,2019-09-02,
ASN-000774-01,HRIS-WKR-000774,POS-FIN-L5-0102,JOB-FIN-L5-06,Finance L5 Role 06,FIN,L5,Y,1.0,39.0,2025-01-19,
ASN-000775-01,HRIS-WKR-000775,POS-TEC-L3-0195,JOB-TEC-L3-03,Technology L3 Role 03,TEC,L3,Y,1.0,39.0,2019-03-31,
ASN-000776-01,HRIS-WKR-000776,POS-FIN-L4-0096,JOB-FIN-L4-06,Finance L4 Role 06,FIN,L6,Y,1.0,39.0,2021-11-15,
ASN-000777-01,HRIS-WKR-000777,POS-OPS-L4-0060,JOB-OPS-L4-06,Operations L4 Role 06,OPS,L4,Y,,,2023-05-13,
ASN-000778-01,HRIS-WKR-000778,POS-SAL-L6-0178,JOB-SAL-L6-04,Sales L6 Role 04,SAL,L6,Y,1.0,39.0,2023-09-21,
ASN-000779-01,HRIS-WKR-000779,POS-TEC-L3-0198,JOB-TEC-L3-06,Technology L3 Role 06,TEC,L3,Y,,,2019-01-27,
ASN-000780-01,HRIS-WKR-000780,POS-HR-L3-0123,JOB-HR-L3-03,People L3 Role 03,HR,L3,Y,1.0,39.0,2024-02-03,
ASN-000781-01,HRIS-WKR-000781,POS-SAL-L6-0180,JOB-SAL-L6-06,Sales L6 Role 06,SAL,L6,Y,1.0,39.0,2018-07-08,
ASN-000782-01,HRIS-WKR-000782,POS-HR-L2-0115,JOB-HR-L2-01,People L2 Role 01,HR,L2,Y,1.0,39.0,2020-07-12,
ASN-000782-02,HRIS-WKR-000782,POS-FIN-L1-0077,JOB-FIN-L1-05,Finance L1 Role 05,FIN,L1,N,0.3,11.7,2022-09-29,
ASN-000783-01,HRIS-WKR-000783,POS-OPS-L1-0038,JOB-OPS-L1-02,Operations L1 Role 02,OPS,L1,Y,1.0,39.0,2019-12-24,
ASN-000784-01,HRIS-WKR-000784,POS-OPS-L3-0053,JOB-OPS-L3-05,Operations L3 Role 05,OPS,L3,Y,1.0,39.0,2025-08-01,
ASN-000785-01,HRIS-WKR-000785,POS-OPS-L6-0070,JOB-OPS-L6-04,Operations L6 Role 04,OPS,L6,Y,1.0,39.0,2019-12-31,
ASN-000786-01,HRIS-WKR-000786,POS-SAL-L3-0162,JOB-SAL-L3-06,Sales L3 Role 06,SAL,L3,Y,1.0,39.0,2021-11-06,
ASN-000787-01,HRIS-WKR-000787,POS-OPS-L2-0047,JOB-OPS-L2-05,Operations L2 Role 05,OPS,L2,Y,1.0,39.0,2020-08-11,
ASN-000788-01,HRIS-WKR-000788,POS-HR-L4-0127,JOB-HR-L4-01,People L4 Role 01,HR,L4,Y,0.8,31.2,2018-09-05,
ASN-000789-01,HRIS-WKR-000789,POS-SAL-L5-0169,JOB-SAL-L5-01,Sales L5 Role 01,SAL,L5,Y,1.0,39.0,2018-10-30,
ASN-000790-01,HRIS-WKR-000790,POS-SAL-L6-0175,JOB-SAL-L6-01,Sales L6 Role 01,SAL,L6,Y,,,2018-03-14,
ASN-000791-01,HRIS-WKR-000791,POS-ENG-L5-0027,JOB-ENG-L5-03,Engineering L5 Role 03,ENG,L5,Y,0.5,19.5,2018-08-09,
ASN-000792-01,HRIS-WKR-000792,POS-ENG-L6-0031,JOB-ENG-L6-01,Engineering L6 Role 01,ENG,L6,Y,1.0,39.0,2024-04-13,
ASN-000793-01,HRIS-WKR-000793,POS-HR-L2-0117,JOB-HR-L2-03,People L2 Role 03,HR,L2,Y,0.6,23.4,2022-02-20,
ASN-000794-01,HRIS-WKR-000794,POS-HR-L1-0112,JOB-HR-L1-04,People L1 Role 04,HR,L1,Y,1.0,39.0,2021-12-01,
ASN-000795-01,HRIS-WKR-000795,POS-TEC-L3-0196,JOB-TEC-L3-04,Technology L3 Role 04,TEC,L3,Y,1.0,39.0,2020-06-18,
ASN-000796-01,HRIS-WKR-000796,POS-FIN-L5-0098,JOB-FIN-L5-02,Finance L5 Role 02,FIN,L5,Y,1.0,39.0,2023-02-20,
ASN-000797-01,HRIS-WKR-000797,POS-OPS-L6-0071,JOB-OPS-L6-05,Operations L6 Role 05,OPS,L4,Y,1.0,39.0,2020-04-02,
ASN-000798-01,HRIS-WKR-000798,POS-OPS-L4-0056,JOB-OPS-L4-02,Operations L4 Role 02,OPS,L4,Y,1.0,39.0,2024-07-19,
ASN-000799-01,HRIS-WKR-000799,POS-FIN-L3-0088,JOB-FIN-L3-04,Finance L3 Role 04,FIN,L3,Y,1.0,39.0,2025-02-17,
ASN-000800-01,HRIS-WKR-000800,POS-TEC-L4-0200,JOB-TEC-L4-02,Technology L4 Role 02,TEC,L4,Y,1.0,39.0,2024-04-01,
ASN-000801-01,HRIS-WKR-000801,POS-SAL-L3-0160,JOB-SAL-L3-04,Sales L3 Role 04,SAL,L3,Y,1.0,39.0,2019-05-25,
ASN-000802-01,HRIS-WKR-000802,POS-HR-L1-0112,JOB-HR-L1-04,People L1 Role 04,HR,L1,Y,1.0,39.0,2018-02-11,
ASN-000803-01,HRIS-WKR-000803,POS-TEC-L3-0197,JOB-TEC-L3-05,Technology L3 Role 05,TEC,L3,Y,1.0,39.0,2025-10-20,
ASN-000804-01,HRIS-WKR-000804,POS-TEC-L3-0193,JOB-TEC-L3-01,Technology L3 Role 01,TEC,L3,Y,1.0,39.0,2020-10-15,
ASN-000805-01,HRIS-WKR-000805,POS-OPS-L6-0067,JOB-OPS-L6-01,Operations L6 Role 01,OPS,L6,Y,1.0,39.0,2025-01-15,
ASN-000806-01,HRIS-WKR-000806,POS-OPS-L4-0055,JOB-OPS-L4-01,Operations L4 Role 01,OPS,L4,Y,1.0,39.0,2022-08-10,
ASN-000807-01,HRIS-WKR-000807,POS-TEC-L4-0202,JOB-TEC-L4-04,Technology L4 Role 04,TEC,L4,Y,0.8,31.2,2021-10-06,
ASN-000807-02,HRIS-WKR-000807,POS-TEC-L6-0213,JOB-TEC-L6-03,Technology L6 Role 03,TEC,L6,N,0.2,7.8,2019-12-21,
ASN-000808-01,HRIS-WKR-000808,POS-OPS-L3-0050,JOB-OPS-L3-02,Operations L3 Role 02,OPS,L3,Y,1.0,39.0,2026-01-12,
ASN-000809-01,HRIS-WKR-000809,POS-ENG-L4-0023,JOB-ENG-L4-05,Engineering L4 Role 05,ENG,L4,Y,1.0,39.0,2024-10-18,
ASN-000810-01,HRIS-WKR-000810,POS-HR-L5-0133,JOB-HR-L5-01,People L5 Role 01,HR,L5,Y,0.6,23.4,2021-04-14,
ASN-000811-01,HRIS-WKR-000811,POS-TEC-L4-0199,JOB-TEC-L4-01,Technology L4 Role 01,TEC,L4,Y,0.4,15.6,2025-08-03,
ASN-000812-01,HRIS-WKR-000812,POS-FIN-L4-0094,JOB-FIN-L4-04,Finance L4 Role 04,FIN,L4,Y,1.0,39.0,2021-02-08,
ASN-000813-01,HRIS-WKR-000813,POS-ENG-L3-0016,JOB-ENG-L3-04,Engineering L3 Role 04,ENG,L3,Y,1.0,39.0,2021-08-22,
ASN-000813-02,HRIS-WKR-000813,POS-ENG-L6-0036,JOB-ENG-L6-06,Engineering L6 Role 06,ENG,L6,N,0.4,15.6,2020-09-03,
ASN-000814-01,HRIS-WKR-000814,POS-FIN-L5-0097,JOB-FIN-L5-01,Finance L5 Role 01,FIN,L5,Y,1.0,39.0,2021-12-20,
ASN-000815-01,HRIS-WKR-000815,POS-HR-L2-0116,JOB-HR-L2-02,People L2 Role 02,HR,L2,Y,1.0,39.0,2024-03-17,
ASN-000816-01,HRIS-WKR-000816,POS-OPS-L3-0051,JOB-OPS-L3-03,Operations L3 Role 03,OPS,L3,Y,1.0,39.0,2018-02-20,
ASN-000817-01,HRIS-WKR-000817,POS-OPS-L1-0040,JOB-OPS-L1-04,Operations L1 Role 04,OPS,L1,Y,1.0,39.0,2024-10-04,
ASN-000817-02,HRIS-WKR-000817,POS-FIN-L4-0093,JOB-FIN-L4-03,Finance L4 Role 03,FIN,L4,N,0.2,7.8,2022-11-15,
ASN-000818-01,HRIS-WKR-000818,POS-SAL-L1-0145,JOB-SAL-L1-01,Sales L1 Role 01,SAL,L1,Y,0.4,15.6,2021-09-27,
ASN-000819-01,HRIS-WKR-000819,POS-SAL-L1-0149,JOB-SAL-L1-05,Sales L1 Role 05,SAL,L1,Y,,,2019-06-17,
ASN-000820-01,HRIS-WKR-000820,POS-FIN-L5-0101,JOB-FIN-L5-05,Finance L5 Role 05,FIN,L5,Y,,,2020-11-21,
ASN-000821-01,HRIS-WKR-000821,POS-HR-L4-0129,JOB-HR-L4-03,People L4 Role 03,HR,L4,Y,1.0,39.0,2023-11-01,
ASN-000822-01,HRIS-WKR-000822,POS-OPS-L1-0042,JOB-OPS-L1-06,Operations L1 Role 06,OPS,L1,Y,1.0,39.0,2019-01-02,
ASN-000823-01,HRIS-WKR-000823,POS-TEC-L1-0185,JOB-TEC-L1-05,Technology L1 Role 05,TEC,L1,Y,1.0,39.0,2018-12-21,
ASN-000824-01,HRIS-WKR-000824,POS-SAL-L4-0166,JOB-SAL-L4-04,Sales L4 Role 04,SAL,L2,Y,1.0,39.0,2025-06-02,
ASN-000825-01,HRIS-WKR-000825,POS-TEC-L2-0188,JOB-TEC-L2-02,Technology L2 Role 02,TEC,L2,Y,1.0,39.0,2020-09-25,
ASN-000826-01,HRIS-WKR-000826,POS-SAL-L5-0174,JOB-SAL-L5-06,Sales L5 Role 06,SAL,L5,Y,1.0,39.0,2021-08-28,
ASN-000827-01,HRIS-WKR-000827,POS-SAL-L2-0156,JOB-SAL-L2-06,Sales L2 Role 06,SAL,L2,Y,,,2022-10-04,
ASN-000828-01,HRIS-WKR-000828,POS-TEC-L6-0212,JOB-TEC-L6-02,Technology L6 Role 02,TEC,L6,Y,1.0,39.0,2019-09-27,
ASN-000829-01,HRIS-WKR-000829,POS-FIN-L3-0086,JOB-FIN-L3-02,Finance L3 Role 02,FIN,L5,Y,1.0,39.0,2025-07-03,
ASN-000830-01,HRIS-WKR-000830,POS-OPS-L1-0039,JOB-OPS-L1-03,Operations L1 Role 03,OPS,L1,Y,0.6,23.4,2022-01-26,
ASN-000831-01,HRIS-WKR-000831,POS-TEC-L1-0185,JOB-TEC-L1-05,Technology L1 Role 05,TEC,L1,Y,1.0,39.0,2019-09-17,
ASN-000832-01,HRIS-WKR-000832,POS-HR-L1-0113,JOB-HR-L1-05,People L1 Role 05,HR,L1,Y,1.0,39.0,2024-05-20,
ASN-000833-01,HRIS-WKR-000833,POS-TEC-L1-0182,JOB-TEC-L1-02,Technology L1 Role 02,TEC,L1,Y,1.0,39.0,2021-11-30,
ASN-000834-01,HRIS-WKR-000834,POS-HR-L4-0128,JOB-HR-L4-02,People L4 Role 02,HR,L4,Y,1.0,39.0,2018-05-15,
ASN-000835-01,HRIS-WKR-000835,POS-HR-L1-0109,JOB-HR-L1-01,People L1 Role 01,HR,L1,Y,0.8,31.2,2024-03-05,
ASN-000836-01,HRIS-WKR-000836,POS-OPS-L2-0043,JOB-OPS-L2-01,Operations L2 Role 01,OPS,L2,Y,1.0,39.0,2025-12-22,
ASN-000837-01,HRIS-WKR-000837,POS-SAL-L5-0171,JOB-SAL-L5-03,Sales L5 Role 03,SAL,L5,Y,1.0,39.0,2025-07-04,
ASN-000838-01,HRIS-WKR-000838,POS-OPS-L5-0066,JOB-OPS-L5-06,Operations L5 Role 06,OPS,L5,Y,,,2024-06-02,
ASN-000839-01,HRIS-WKR-000839,POS-ENG-L6-0032,JOB-ENG-L6-02,Engineering L6 Role 02,ENG,L6,Y,0.8,31.2,2020-06-20,
ASN-000840-01,HRIS-WKR-000840,POS-OPS-L6-0070,JOB-OPS-L6-04,Operations L6 Role 04,OPS,L6,Y,1.0,39.0,2020-09-07,
ASN-000841-01,HRIS-WKR-000841,POS-ENG-L4-0020,JOB-ENG-L4-02,Engineering L4 Role 02,ENG,L4,Y,1.0,39.0,2023-10-11,
ASN-000842-01,HRIS-WKR-000842,POS-ENG-L2-0008,JOB-ENG-L2-02,Engineering L2 Role 02,ENG,L1,Y,1.0,39.0,2020-07-21,
ASN-000843-01,HRIS-WKR-000843,POS-FIN-L2-0079,JOB-FIN-L2-01,Finance L2 Role 01,FIN,L2,Y,0.8,31.2,2018-03-13,
ASN-000844-01,HRIS-WKR-000844,POS-FIN-L5-0100,JOB-FIN-L5-04,Finance L5 Role 04,FIN,L5,Y,,,2019-05-17,
ASN-000845-01,HRIS-WKR-000845,POS-ENG-L3-0014,JOB-ENG-L3-02,Engineering L3 Role 02,ENG,L3,Y,0.8,31.2,2023-03-06,
ASN-000846-01,HRIS-WKR-000846,POS-OPS-L6-0072,JOB-OPS-L6-06,Operations L6 Role 06,OPS,L6,Y,1.0,39.0,2019-03-11,
ASN-000847-01,HRIS-WKR-000847,POS-FIN-L6-0106,JOB-FIN-L6-04,Finance L6 Role 04,FIN,L6,Y,1.0,39.0,2024-02-13,
ASN-000848-01,HRIS-WKR-000848,POS-OPS-L4-0056,JOB-OPS-L4-02,Operations L4 Role 02,OPS,L4,Y,1.0,39.0,2021-08-21,
ASN-000848-02,HRIS-WKR-000848,POS-FIN-L4-0095,JOB-FIN-L4-05,Finance L4 Role 05,FIN,L4,N,0.3,11.7,2018-08-05,
ASN-000849-01,HRIS-WKR-000849,POS-SAL-L2-0152,JOB-SAL-L2-02,Sales L2 Role 02,SAL,L2,Y,1.0,39.0,2018-05-12,
ASN-000850-01,HRIS-WKR-000850,POS-TEC-L2-0187,JOB-TEC-L2-01,Technology L2 Role 01,TEC,L2,Y,1.0,39.0,2021-04-26,
ASN-000851-01,HRIS-WKR-000851,POS-ENG-L6-0031,JOB-ENG-L6-01,Engineering L6 Role 01,ENG,L6,Y,1.0,39.0,2025-08-28,
ASN-000852-01,HRIS-WKR-000852,POS-OPS-L6-0069,JOB-OPS-L6-03,Operations L6 Role 03,OPS,L6,Y,1.0,39.0,2021-08-07,
ASN-000853-01,HRIS-WKR-000853,POS-FIN-L1-0074,JOB-FIN-L1-02,Finance L1 Role 02,FIN,L1,Y,1.0,39.0,2025-09-30,
ASN-000854-01,HRIS-WKR-000854,POS-HR-L4-0128,JOB-HR-L4-02,People L4 Role 02,HR,L4,Y,1.0,39.0,2022-12-17,
ASN-000855-01,HRIS-WKR-000855,POS-OPS-L4-0058,JOB-OPS-L4-04,Operations L4 Role 04,OPS,L4,Y,0.4,15.6,2024-04-11,
ASN-000856-01,HRIS-WKR-000856,POS-FIN-L1-0076,JOB-FIN-L1-04,Finance L1 Role 04,FIN,L1,Y,1.0,39.0,2023-01-06,
ASN-000857-01,HRIS-WKR-000857,POS-ENG-L3-0018,JOB-ENG-L3-06,Engineering L3 Role 06,ENG,L3,Y,1.0,39.0,2019-02-26,
ASN-000858-01,HRIS-WKR-000858,POS-SAL-L5-0172,JOB-SAL-L5-04,Sales L5 Role 04,SAL,L5,Y,1.0,39.0,2025-08-13,
ASN-000859-01,HRIS-WKR-000859,POS-FIN-L4-0091,JOB-FIN-L4-01,Finance L4 Role 01,FIN,L4,Y,0.5,19.5,2018-11-25,
ASN-000860-01,HRIS-WKR-000860,POS-HR-L1-0109,JOB-HR-L1-01,People L1 Role 01,HR,L1,Y,1.0,39.0,2024-01-11,
ASN-000861-01,HRIS-WKR-000861,POS-FIN-L2-0082,JOB-FIN-L2-04,Finance L2 Role 04,FIN,L2,Y,1.0,39.0,2019-01-18,
ASN-000862-01,HRIS-WKR-000862,POS-FIN-L4-0095,JOB-FIN-L4-05,Finance L4 Role 05,FIN,L4,Y,1.0,39.0,2018-03-22,
ASN-000863-01,HRIS-WKR-000863,POS-TEC-L4-0204,JOB-TEC-L4-06,Technology L4 Role 06,TEC,L4,Y,1.0,39.0,2021-11-10,
ASN-000864-01,HRIS-WKR-000864,POS-SAL-L6-0177,JOB-SAL-L6-03,Sales L6 Role 03,SAL,L6,Y,1.0,39.0,2020-03-06,
ASN-000865-01,HRIS-WKR-000865,POS-HR-L4-0127,JOB-HR-L4-01,People L4 Role 01,HR,L4,Y,1.0,39.0,2018-04-15,
ASN-000866-01,HRIS-WKR-000866,POS-TEC-L6-0213,JOB-TEC-L6-03,Technology L6 Role 03,TEC,L6,Y,1.0,39.0,2021-07-02,
ASN-000867-01,HRIS-WKR-000867,POS-SAL-L2-0154,JOB-SAL-L2-04,Sales L2 Role 04,SAL,L2,Y,1.0,39.0,2025-02-02,
ASN-000868-01,HRIS-WKR-000868,POS-OPS-L6-0068,JOB-OPS-L6-02,Operations L6 Role 02,OPS,L6,Y,1.0,39.0,2021-12-04,
ASN-000869-01,HRIS-WKR-000869,POS-ENG-L5-0029,JOB-ENG-L5-05,Engineering L5 Role 05,ENG,L5,Y,1.0,39.0,2020-09-21,
ASN-000870-01,HRIS-WKR-000870,POS-ENG-L6-0033,JOB-ENG-L6-03,Engineering L6 Role 03,ENG,L6,Y,1.0,39.0,2020-09-19,
ASN-000871-01,HRIS-WKR-000871,POS-SAL-L2-0154,JOB-SAL-L2-04,Sales L2 Role 04,SAL,L2,Y,1.0,39.0,2025-05-20,
ASN-000872-01,HRIS-WKR-000872,POS-ENG-L6-0031,JOB-ENG-L6-01,Engineering L6 Role 01,ENG,L6,Y,1.0,39.0,2019-10-22,
ASN-000873-01,HRIS-WKR-000873,POS-OPS-L2-0048,JOB-OPS-L2-06,Operations L2 Role 06,OPS,L2,Y,1.0,39.0,2021-11-09,
ASN-000874-01,HRIS-WKR-000874,POS-HR-L5-0135,JOB-HR-L5-03,People L5 Role 03,HR,L5,Y,0.6,23.4,2021-08-18,
ASN-000874-02,HRIS-WKR-000874,POS-FIN-L5-0101,JOB-FIN-L5-05,Finance L5 Role 05,FIN,L5,N,0.4,15.6,2020-09-29,
ASN-000875-01,HRIS-WKR-000875,POS-ENG-L5-0026,JOB-ENG-L5-02,Engineering L5 Role 02,ENG,L5,Y,1.0,39.0,2021-09-16,
ASN-000876-01,HRIS-WKR-000876,POS-HR-L4-0129,JOB-HR-L4-03,People L4 Role 03,HR,L4,Y,0.8,31.2,2025-09-18,
ASN-000876-02,HRIS-WKR-000876,POS-TEC-L6-0213,JOB-TEC-L6-03,Technology L6 Role 03,TEC,L6,N,0.4,15.6,2020-04-28,
ASN-000877-01,HRIS-WKR-000877,POS-FIN-L4-0094,JOB-FIN-L4-04,Finance L4 Role 04,FIN,L4,Y,1.0,39.0,2020-04-29,
ASN-000878-01,HRIS-WKR-000878,POS-OPS-L2-0048,JOB-OPS-L2-06,Operations L2 Role 06,OPS,L2,Y,0.8,31.2,2022-06-15,
ASN-000879-01,HRIS-WKR-000879,POS-FIN-L1-0076,JOB-FIN-L1-04,Finance L1 Role 04,FIN,L1,Y,1.0,39.0,2021-02-28,
ASN-000880-01,HRIS-WKR-000880,POS-OPS-L5-0062,JOB-OPS-L5-02,Operations L5 Role 02,OPS,L5,Y,1.0,39.0,2019-07-19,
ASN-000881-01,HRIS-WKR-000881,POS-TEC-L4-0199,JOB-TEC-L4-01,Technology L4 Role 01,TEC,L4,Y,1.0,39.0,2018-07-11,
ASN-000882-01,HRIS-WKR-000882,POS-OPS-L3-0049,JOB-OPS-L3-01,Operations L3 Role 01,OPS,L3,Y,1.0,39.0,2024-05-26,
ASN-000883-01,HRIS-WKR-000883,POS-OPS-L3-0054,JOB-OPS-L3-06,Operations L3 Role 06,OPS,L3,Y,1.0,39.0,2019-08-11,
ASN-000884-01,HRIS-WKR-000884,POS-SAL-L6-0178,JOB-SAL-L6-04,Sales L6 Role 04,SAL,L6,Y,0.8,31.2,2020-10-20,
ASN-000885-01,HRIS-WKR-000885,POS-OPS-L2-0045,JOB-OPS-L2-03,Operations L2 Role 03,OPS,L2,Y,1.0,39.0,2021-02-21,
ASN-000886-01,HRIS-WKR-000886,POS-TEC-L4-0201,JOB-TEC-L4-03,Technology L4 Role 03,TEC,L4,Y,1.0,39.0,2025-04-07,
ASN-000887-01,HRIS-WKR-000887,POS-HR-L6-0144,JOB-HR-L6-06,People L6 Role 06,HR,L6,Y,0.5,19.5,2018-03-17,
ASN-000888-01,HRIS-WKR-000888,POS-HR-L5-0137,JOB-HR-L5-05,People L5 Role 05,HR,L6,Y,1.0,39.0,2024-05-25,
ASN-000889-01,HRIS-WKR-000889,POS-FIN-L5-0099,JOB-FIN-L5-03,Finance L5 Role 03,FIN,L5,Y,0.6,23.4,2025-04-05,
ASN-000890-01,HRIS-WKR-000890,POS-ENG-L6-0033,JOB-ENG-L6-03,Engineering L6 Role 03,ENG,L6,Y,1.0,39.0,2018-06-17,
ASN-000891-01,HRIS-WKR-000891,POS-OPS-L4-0056,JOB-OPS-L4-02,Operations L4 Role 02,OPS,L4,Y,1.0,39.0,2022-04-01,
ASN-000892-01,HRIS-WKR-000892,POS-HR-L2-0119,JOB-HR-L2-05,People L2 Role 05,HR,L2,Y,1.0,39.0,2025-09-30,
ASN-000893-01,HRIS-WKR-000893,POS-HR-L2-0119,JOB-HR-L2-05,People L2 Role 05,HR,L1,Y,1.0,39.0,2022-12-03,
ASN-000894-01,HRIS-WKR-000894,POS-SAL-L6-0176,JOB-SAL-L6-02,Sales L6 Role 02,SAL,L6,Y,1.0,39.0,2019-03-28,
ASN-000895-01,HRIS-WKR-000895,POS-HR-L4-0132,JOB-HR-L4-06,People L4 Role 06,HR,L4,Y,1.0,39.0,2023-08-29,
ASN-000896-01,HRIS-WKR-000896,POS-FIN-L6-0105,JOB-FIN-L6-03,Finance L6 Role 03,FIN,L6,Y,0.6,23.4,2025-11-03,
ASN-000897-01,HRIS-WKR-000897,POS-ENG-L3-0013,JOB-ENG-L3-01,Engineering L3 Role 01,ENG,L3,Y,1.0,39.0,2018-11-24,
ASN-000898-01,HRIS-WKR-000898,POS-FIN-L5-0100,JOB-FIN-L5-04,Finance L5 Role 04,FIN,L5,Y,0.8,31.2,2018-08-09,
ASN-000899-01,HRIS-WKR-000899,POS-HR-L3-0126,JOB-HR-L3-06,People L3 Role 06,HR,L3,Y,1.0,39.0,2020-12-02,
ASN-000900-01,HRIS-WKR-000900,POS-TEC-L4-0200,JOB-TEC-L4-02,Technology L4 Role 02,TEC,L4,Y,1.0,39.0,2023-05-20,
ASN-000901-01,HRIS-WKR-000901,POS-OPS-L6-0072,JOB-OPS-L6-06,Operations L6 Role 06,OPS,L6,Y,0.4,15.6,2022-04-10,
ASN-000902-01,HRIS-WKR-000902,POS-TEC-L6-0216,JOB-TEC-L6-06,Technology L6 Role 06,TEC,L6,Y,1.0,39.0,2025-08-10,
ASN-000902-02,HRIS-WKR-000902,POS-ENG-L4-0024,JOB-ENG-L4-06,Engineering L4 Role 06,ENG,L4,N,0.2,7.8,2023-12-08,
ASN-000903-01,HRIS-WKR-000903,POS-HR-L1-0110,JOB-HR-L1-02,People L1 Role 02,HR,L1,Y,1.0,39.0,2021-06-30,
ASN-000903-02,HRIS-WKR-000903,POS-HR-L1-0109,JOB-HR-L1-01,People L1 Role 01,HR,L1,N,0.4,15.6,2022-08-31,
ASN-000904-01,HRIS-WKR-000904,POS-ENG-L5-0029,JOB-ENG-L5-05,Engineering L5 Role 05,ENG,L5,Y,1.0,39.0,2019-12-10,
ASN-000905-01,HRIS-WKR-000905,POS-FIN-L5-0100,JOB-FIN-L5-04,Finance L5 Role 04,FIN,L5,Y,0.8,31.2,2022-07-10,
ASN-000906-01,HRIS-WKR-000906,POS-FIN-L3-0090,JOB-FIN-L3-06,Finance L3 Role 06,FIN,L3,Y,1.0,39.0,2022-10-30,
ASN-000906-02,HRIS-WKR-000906,POS-FIN-L6-0108,JOB-FIN-L6-06,Finance L6 Role 06,FIN,L6,N,0.3,11.7,2025-06-05,
ASN-000907-01,HRIS-WKR-000907,POS-OPS-L1-0042,JOB-OPS-L1-06,Operations L1 Role 06,OPS,L1,Y,1.0,39.0,2022-10-14,
ASN-000908-01,HRIS-WKR-000908,POS-OPS-L6-0068,JOB-OPS-L6-02,Operations L6 Role 02,OPS,L6,Y,1.0,39.0,2021-08-18,
ASN-000909-01,HRIS-WKR-000909,POS-ENG-L1-0003,JOB-ENG-L1-03,Engineering L1 Role 03,ENG,L1,Y,1.0,39.0,2021-08-08,
ASN-000910-01,HRIS-WKR-000910,POS-OPS-L5-0065,JOB-OPS-L5-05,Operations L5 Role 05,OPS,L6,Y,1.0,39.0,2022-12-28,
ASN-000911-01,HRIS-WKR-000911,POS-FIN-L2-0084,JOB-FIN-L2-06,Finance L2 Role 06,FIN,L2,Y,1.0,39.0,2019-03-12,
ASN-000912-01,HRIS-WKR-000912,POS-TEC-L2-0192,JOB-TEC-L2-06,Technology L2 Role 06,TEC,L2,Y,1.0,39.0,2021-08-30,
ASN-000913-01,HRIS-WKR-000913,POS-ENG-L6-0033,JOB-ENG-L6-03,Engineering L6 Role 03,ENG,L6,Y,0.8,31.2,2022-02-08,
ASN-000914-01,HRIS-WKR-000914,POS-ENG-L3-0017,JOB-ENG-L3-05,Engineering L3 Role 05,ENG,L3,Y,1.0,39.0,2025-12-19,
ASN-000915-01,HRIS-WKR-000915,POS-TEC-L2-0190,JOB-TEC-L2-04,Technology L2 Role 04,TEC,L2,Y,1.0,39.0,2022-09-03,
ASN-000916-01,HRIS-WKR-000916,POS-ENG-L3-0015,JOB-ENG-L3-03,Engineering L3 Role 03,ENG,L3,Y,1.0,39.0,2023-10-28,
ASN-000917-01,HRIS-WKR-000917,POS-ENG-L6-0034,JOB-ENG-L6-04,Engineering L6 Role 04,ENG,L6,Y,1.0,39.0,2019-10-14,
ASN-000918-01,HRIS-WKR-000918,POS-SAL-L3-0158,JOB-SAL-L3-02,Sales L3 Role 02,SAL,L3,Y,1.0,39.0,2021-10-22,
ASN-000919-01,HRIS-WKR-000919,POS-OPS-L1-0041,JOB-OPS-L1-05,Operations L1 Role 05,OPS,L1,Y,1.0,39.0,2024-10-29,
ASN-000920-01,HRIS-WKR-000920,POS-TEC-L1-0185,JOB-TEC-L1-05,Technology L1 Role 05,TEC,L1,Y,0.5,19.5,2023-09-18,
ASN-000921-01,HRIS-WKR-000921,POS-FIN-L5-0099,JOB-FIN-L5-03,Finance L5 Role 03,FIN,L5,Y,1.0,39.0,2025-10-11,
ASN-000922-01,HRIS-WKR-000922,POS-HR-L6-0140,JOB-HR-L6-02,People L6 Role 02,HR,L6,Y,1.0,39.0,2021-05-19,
ASN-000922-02,HRIS-WKR-000922,POS-SAL-L6-0178,JOB-SAL-L6-04,Sales L6 Role 04,SAL,L6,N,0.2,7.8,2024-08-29,
ASN-000923-01,HRIS-WKR-000923,POS-TEC-L5-0206,JOB-TEC-L5-02,Technology L5 Role 02,TEC,L5,Y,0.8,31.2,2018-03-03,
ASN-000924-01,HRIS-WKR-000924,POS-HR-L5-0137,JOB-HR-L5-05,People L5 Role 05,HR,L5,Y,1.0,39.0,2025-01-22,
ASN-000924-02,HRIS-WKR-000924,POS-HR-L1-0112,JOB-HR-L1-04,People L1 Role 04,HR,L1,N,0.2,7.8,2021-12-14,
ASN-000925-01,HRIS-WKR-000925,POS-SAL-L2-0155,JOB-SAL-L2-05,Sales L2 Role 05,SAL,L2,Y,1.0,39.0,2021-06-19,
ASN-000926-01,HRIS-WKR-000926,POS-SAL-L6-0177,JOB-SAL-L6-03,Sales L6 Role 03,SAL,L6,Y,1.0,39.0,2026-01-06,
ASN-000927-01,HRIS-WKR-000927,POS-OPS-L1-0038,JOB-OPS-L1-02,Operations L1 Role 02,OPS,L1,Y,1.0,39.0,2018-04-11,
ASN-000928-01,HRIS-WKR-000928,POS-TEC-L2-0192,JOB-TEC-L2-06,Technology L2 Role 06,TEC,L2,Y,1.0,39.0,2020-02-19,
ASN-000929-01,HRIS-WKR-000929,POS-ENG-L1-0005,JOB-ENG-L1-05,Engineering L1 Role 05,ENG,L1,Y,0.8,31.2,2025-06-30,
ASN-000930-01,HRIS-WKR-000930,POS-TEC-L3-0197,JOB-TEC-L3-05,Technology L3 Role 05,TEC,L3,Y,1.0,39.0,2019-12-11,
ASN-000931-01,HRIS-WKR-000931,POS-ENG-L1-0006,JOB-ENG-L1-06,Engineering L1 Role 06,ENG,L1,Y,0.8,31.2,2018-11-24,
ASN-000932-01,HRIS-WKR-000932,POS-ENG-L4-0024,JOB-ENG-L4-06,Engineering L4 Role 06,ENG,L4,Y,1.0,39.0,2018-11-30,
ASN-000932-02,HRIS-WKR-000932,POS-HR-L2-0118,JOB-HR-L2-04,People L2 Role 04,HR,L2,N,0.4,15.6,2022-01-15,
ASN-000933-01,HRIS-WKR-000933,POS-HR-L1-0113,JOB-HR-L1-05,People L1 Role 05,HR,L1,Y,1.0,39.0,2023-07-01,
ASN-000934-01,HRIS-WKR-000934,POS-HR-L2-0117,JOB-HR-L2-03,People L2 Role 03,HR,L2,Y,1.0,39.0,2020-01-23,
ASN-000935-01,HRIS-WKR-000935,POS-ENG-L3-0016,JOB-ENG-L3-04,Engineering L3 Role 04,ENG,L3,Y,1.0,39.0,2025-03-09,
ASN-000936-01,HRIS-WKR-000936,POS-TEC-L1-0185,JOB-TEC-L1-05,Technology L1 Role 05,TEC,L1,Y,1.0,39.0,2025-05-02,
ASN-000937-01,HRIS-WKR-000937,POS-ENG-L4-0020,JOB-ENG-L4-02,Engineering L4 Role 02,ENG,L4,Y,1.0,39.0,2023-05-05,
ASN-000938-01,HRIS-WKR-000938,POS-ENG-L4-0024,JOB-ENG-L4-06,Engineering L4 Role 06,ENG,L4,Y,1.0,39.0,2019-08-18,
ASN-000938-02,HRIS-WKR-000938,POS-FIN-L5-0099,JOB-FIN-L5-03,Finance L5 Role 03,FIN,L5,N,0.3,11.7,2025-05-04,
ASN-000939-01,HRIS-WKR-000939,POS-ENG-L3-0014,JOB-ENG-L3-02,Engineering L3 Role 02,ENG,L3,Y,1.0,39.0,2023-10-27,
ASN-000940-01,HRIS-WKR-000940,POS-ENG-L3-0016,JOB-ENG-L3-04,Engineering L3 Role 04,ENG,L3,Y,1.0,39.0,2018-10-10,
ASN-000941-01,HRIS-WKR-000941,POS-FIN-L3-0086,JOB-FIN-L3-02,Finance L3 Role 02,FIN,L3,Y,1.0,39.0,2022-06-05,
ASN-000942-01,HRIS-WKR-000942,POS-SAL-L5-0174,JOB-SAL-L5-06,Sales L5 Role 06,SAL,L5,Y,1.0,39.0,2019-10-22,
ASN-000943-01,HRIS-WKR-000943,POS-FIN-L4-0094,JOB-FIN-L4-04,Finance L4 Role 04,FIN,L4,Y,,,2018-05-26,
ASN-000944-01,HRIS-WKR-000944,POS-ENG-L6-0032,JOB-ENG-L6-02,Engineering L6 Role 02,ENG,L6,Y,1.0,39.0,2019-11-21,
ASN-000945-01,HRIS-WKR-000945,POS-ENG-L6-0033,JOB-ENG-L6-03,Engineering L6 Role 03,ENG,L6,Y,1.0,39.0,2025-02-18,
ASN-000946-01,HRIS-WKR-000946,POS-FIN-L4-0092,JOB-FIN-L4-02,Finance L4 Role 02,FIN,L4,Y,1.0,39.0,2020-01-07,
ASN-000947-01,HRIS-WKR-000947,POS-ENG-L1-0003,JOB-ENG-L1-03,Engineering L1 Role 03,ENG,L1,Y,0.6,23.4,2025-07-26,
ASN-000948-01,HRIS-WKR-000948,POS-OPS-L5-0062,JOB-OPS-L5-02,Operations L5 Role 02,OPS,L5,Y,0.5,19.5,2025-05-31,
ASN-000949-01,HRIS-WKR-000949,POS-SAL-L5-0169,JOB-SAL-L5-01,Sales L5 Role 01,SAL,L5,Y,1.0,39.0,2025-03-25,
ASN-000950-01,HRIS-WKR-000950,POS-FIN-L2-0084,JOB-FIN-L2-06,Finance L2 Role 06,FIN,L2,Y,1.0,39.0,2020-06-18,
ASN-000951-01,HRIS-WKR-000951,POS-ENG-L3-0016,JOB-ENG-L3-04,Engineering L3 Role 04,ENG,L3,Y,0.8,31.2,2022-05-15,
ASN-000952-01,HRIS-WKR-000952,POS-TEC-L1-0186,JOB-TEC-L1-06,Technology L1 Role 06,TEC,L1,Y,1.0,39.0,2023-11-27,
ASN-000953-01,HRIS-WKR-000953,POS-SAL-L6-0177,JOB-SAL-L6-03,Sales L6 Role 03,SAL,L6,Y,1.0,39.0,2021-12-18,
ASN-000953-02,HRIS-WKR-000953,POS-SAL-L1-0148,JOB-SAL-L1-04,Sales L1 Role 04,SAL,L1,N,0.2,7.8,2021-07-03,
ASN-000954-01,HRIS-WKR-000954,POS-TEC-L5-0205,JOB-TEC-L5-01,Technology L5 Role 01,TEC,L5,Y,1.0,39.0,2025-09-18,
ASN-000955-01,HRIS-WKR-000955,POS-ENG-L4-0023,JOB-ENG-L4-05,Engineering L4 Role 05,ENG,L4,Y,1.0,39.0,2021-05-01,
ASN-000956-01,HRIS-WKR-000956,POS-FIN-L5-0100,JOB-FIN-L5-04,Finance L5 Role 04,FIN,L5,Y,0.8,31.2,2018-11-14,
ASN-000957-01,HRIS-WKR-000957,POS-SAL-L4-0165,JOB-SAL-L4-03,Sales L4 Role 03,SAL,L4,Y,1.0,39.0,2021-04-12,
ASN-000958-01,HRIS-WKR-000958,POS-HR-L3-0123,JOB-HR-L3-03,People L3 Role 03,HR,L3,Y,0.5,19.5,2019-04-23,
ASN-000959-01,HRIS-WKR-000959,POS-FIN-L2-0084,JOB-FIN-L2-06,Finance L2 Role 06,FIN,L2,Y,1.0,39.0,2024-09-14,
ASN-000960-01,HRIS-WKR-000960,POS-SAL-L6-0179,JOB-SAL-L6-05,Sales L6 Role 05,SAL,L6,Y,0.4,15.6,2025-07-24,
ASN-000961-01,HRIS-WKR-000961,POS-ENG-L4-0024,JOB-ENG-L4-06,Engineering L4 Role 06,ENG,L4,Y,0.8,31.2,2018-07-13,
ASN-000962-01,HRIS-WKR-000962,POS-FIN-L5-0099,JOB-FIN-L5-03,Finance L5 Role 03,FIN,L5,Y,,,2024-09-17,
ASN-000963-01,HRIS-WKR-000963,POS-ENG-L2-0012,JOB-ENG-L2-06,Engineering L2 Role 06,ENG,L2,Y,0.8,31.2,2020-09-03,
ASN-000964-01,HRIS-WKR-000964,POS-SAL-L1-0148,JOB-SAL-L1-04,Sales L1 Role 04,SAL,L1,Y,1.0,39.0,2024-09-15,
ASN-000965-01,HRIS-WKR-000965,POS-TEC-L4-0201,JOB-TEC-L4-03,Technology L4 Role 03,TEC,L4,Y,0.6,23.4,2018-07-03,
ASN-000966-01,HRIS-WKR-000966,POS-OPS-L2-0044,JOB-OPS-L2-02,Operations L2 Role 02,OPS,L2,Y,1.0,39.0,2022-09-12,
ASN-000967-01,HRIS-WKR-000967,POS-OPS-L1-0040,JOB-OPS-L1-04,Operations L1 Role 04,OPS,L1,Y,0.8,31.2,2019-04-25,
ASN-000968-01,HRIS-WKR-000968,POS-ENG-L4-0019,JOB-ENG-L4-01,Engineering L4 Role 01,ENG,L4,Y,1.0,39.0,2022-05-13,
ASN-000969-01,HRIS-WKR-000969,POS-SAL-L4-0166,JOB-SAL-L4-04,Sales L4 Role 04,SAL,L4,Y,1.0,39.0,2024-03-24,
ASN-000969-02,HRIS-WKR-000969,POS-SAL-L3-0158,JOB-SAL-L3-02,Sales L3 Role 02,SAL,L3,N,0.2,7.8,2021-01-04,
ASN-000970-01,HRIS-WKR-000970,POS-HR-L1-0114,JOB-HR-L1-06,People L1 Role 06,HR,L1,Y,0.8,31.2,2022-01-31,
ASN-000971-01,HRIS-WKR-000971,POS-ENG-L3-0013,JOB-ENG-L3-01,Engineering L3 Role 01,ENG,L3,Y,,,2019-06-23,
ASN-000972-01,HRIS-WKR-000972,POS-SAL-L1-0148,JOB-SAL-L1-04,Sales L1 Role 04,SAL,L1,Y,0.8,31.2,2018-12-27,
ASN-000973-01,HRIS-WKR-000973,POS-TEC-L1-0185,JOB-TEC-L1-05,Technology L1 Role 05,TEC,L1,Y,1.0,39.0,2018-04-18,
ASN-000974-01,HRIS-WKR-000974,POS-ENG-L5-0030,JOB-ENG-L5-06,Engineering L5 Role 06,ENG,L5,Y,1.0,39.0,2018-01-10,
ASN-000975-01,HRIS-WKR-000975,POS-OPS-L2-0043,JOB-OPS-L2-01,Operations L2 Role 01,OPS,L2,Y,1.0,39.0,2025-05-09,
ASN-000976-01,HRIS-WKR-000976,POS-OPS-L6-0070,JOB-OPS-L6-04,Operations L6 Role 04,OPS,L6,Y,1.0,39.0,2020-11-24,
ASN-000977-01,HRIS-WKR-000977,POS-TEC-L4-0201,JOB-TEC-L4-03,Technology L4 Role 03,TEC,L4,Y,1.0,39.0,2021-01-26,
ASN-000978-01,HRIS-WKR-000978,POS-FIN-L5-0102,JOB-FIN-L5-06,Finance L5 Role 06,FIN,L5,Y,1.0,39.0,2023-05-22,
ASN-000979-01,HRIS-WKR-000979,POS-SAL-L2-0153,JOB-SAL-L2-03,Sales L2 Role 03,SAL,L2,Y,1.0,39.0,2023-12-15,
ASN-000980-01,HRIS-WKR-000980,POS-TEC-L6-0212,JOB-TEC-L6-02,Technology L6 Role 02,TEC,L6,Y,1.0,39.0,2025-03-09,
ASN-000981-01,HRIS-WKR-000981,POS-OPS-L2-0044,JOB-OPS-L2-02,Operations L2 Role 02,OPS,L2,Y,1.0,39.0,2022-07-12,
ASN-000982-01,HRIS-WKR-000982,POS-OPS-L6-0070,JOB-OPS-L6-04,Operations L6 Role 04,OPS,L6,Y,1.0,39.0,2018-10-06,
ASN-000983-01,HRIS-WKR-000983,POS-ENG-L3-0015,JOB-ENG-L3-03,Engineering L3 Role 03,ENG,L3,Y,1.0,39.0,2020-02-24,
ASN-000984-01,HRIS-WKR-000984,POS-TEC-L5-0209,JOB-TEC-L5-05,Technology L5 Role 05,TEC,L5,Y,1.0,39.0,2022-03-01,
ASN-000985-01,HRIS-WKR-000985,POS-ENG-L3-0014,JOB-ENG-L3-02,Engineering L3 Role 02,ENG,L3,Y,1.0,39.0,2020-11-15,
ASN-000986-01,HRIS-WKR-000986,POS-FIN-L4-0095,JOB-FIN-L4-05,Finance L4 Role 05,FIN,L4,Y,1.0,39.0,2023-06-22,
ASN-000987-01,HRIS-WKR-000987,POS-HR-L4-0131,JOB-HR-L4-05,People L4 Role 05,HR,L4,Y,1.0,39.0,2020-06-08,
ASN-000988-01,HRIS-WKR-000988,POS-HR-L1-0111,JOB-HR-L1-03,People L1 Role 03,HR,L1,Y,1.0,39.0,2024-10-24,
ASN-000989-01,HRIS-WKR-000989,POS-SAL-L3-0157,JOB-SAL-L3-01,Sales L3 Role 01,SAL,L3,Y,1.0,39.0,2021-09-19,
ASN-000990-01,HRIS-WKR-000990,POS-ENG-L6-0036,JOB-ENG-L6-06,Engineering L6 Role 06,ENG,L6,Y,0.8,31.2,2018-07-16,
ASN-000991-01,HRIS-WKR-000991,POS-HR-L4-0132,JOB-HR-L4-06,People L4 Role 06,HR,L4,Y,1.0,39.0,2018-02-12,
ASN-000992-01,HRIS-WKR-000992,POS-TEC-L3-0195,JOB-TEC-L3-03,Technology L3 Role 03,TEC,L3,Y,1.0,39.0,2021-09-15,
ASN-000993-01,HRIS-WKR-000993,POS-HR-L4-0128,JOB-HR-L4-02,People L4 Role 02,HR,L4,Y,0.8,31.2,2021-12-16,
ASN-000994-01,HRIS-WKR-000994,POS-TEC-L5-0208,JOB-TEC-L5-04,Technology L5 Role 04,TEC,L5,Y,1.0,39.0,2025-05-12,
ASN-000995-01,HRIS-WKR-000995,POS-HR-L2-0115,JOB-HR-L2-01,People L2 Role 01,HR,L2,Y,0.6,23.4,2023-05-06,
ASN-000996-01,HRIS-WKR-000996,POS-OPS-L6-0068,JOB-OPS-L6-02,Operations L6 Role 02,OPS,L6,Y,0.5,19.5,2022-08-30,
ASN-000997-01,HRIS-WKR-000997,POS-SAL-L1-0146,JOB-SAL-L1-02,Sales L1 Role 02,SAL,L1,Y,1.0,39.0,2025-09-04,
ASN-000998-01,HRIS-WKR-000998,POS-ENG-L4-0022,JOB-ENG-L4-04,Engineering L4 Role 04,ENG,L4,Y,1.0,39.0,2019-06-21,
ASN-000999-01,HRIS-WKR-000999,POS-ENG-L5-0025,JOB-ENG-L5-01,Engineering L5 Role 01,ENG,L5,Y,1.0,39.0,2018-06-24,
ASN-001000-01,HRIS-WKR-001000,POS-TEC-L4-0202,JOB-TEC-L4-04,Technology L4 Role 04,TEC,L4,Y,0.6,23.4,2025-07-18,
ASN-001001-01,HRIS-WKR-001001,POS-FIN-L5-0101,JOB-FIN-L5-05,Finance L5 Role 05,FIN,L5,Y,0.6,23.4,2020-10-14,
ASN-001002-01,HRIS-WKR-001002,POS-FIN-L1-0073,JOB-FIN-L1-01,Finance L1 Role 01,FIN,L1,Y,0.5,19.5,2018-12-16,
ASN-001003-01,HRIS-WKR-001003,POS-OPS-L3-0054,JOB-OPS-L3-06,Operations L3 Role 06,OPS,L3,Y,1.0,39.0,2019-01-20,
ASN-001004-01,HRIS-WKR-001004,POS-OPS-L1-0041,JOB-OPS-L1-05,Operations L1 Role 05,OPS,L1,Y,0.6,23.4,2025-02-01,
ASN-001005-01,HRIS-WKR-001005,POS-OPS-L5-0062,JOB-OPS-L5-02,Operations L5 Role 02,OPS,L5,Y,1.0,39.0,2019-07-27,
ASN-001006-01,HRIS-WKR-001006,POS-SAL-L1-0149,JOB-SAL-L1-05,Sales L1 Role 05,SAL,L1,Y,1.0,39.0,2018-10-11,
ASN-001007-01,HRIS-WKR-001007,POS-SAL-L5-0174,JOB-SAL-L5-06,Sales L5 Role 06,SAL,L5,Y,1.0,39.0,2024-05-03,
ASN-001008-01,HRIS-WKR-001008,POS-HR-L1-0110,JOB-HR-L1-02,People L1 Role 02,HR,L1,Y,1.0,39.0,2022-05-19,
ASN-001009-01,HRIS-WKR-001009,POS-FIN-L2-0081,JOB-FIN-L2-03,Finance L2 Role 03,FIN,L2,Y,1.0,39.0,2024-06-13,
ASN-001009-02,HRIS-WKR-001009,POS-SAL-L2-0151,JOB-SAL-L2-01,Sales L2 Role 01,SAL,L2,N,0.4,15.6,2025-07-30,
ASN-001010-01,HRIS-WKR-001010,POS-ENG-L3-0014,JOB-ENG-L3-02,Engineering L3 Role 02,ENG,L3,Y,0.8,31.2,2018-12-01,
ASN-001011-01,HRIS-WKR-001011,POS-HR-L5-0138,JOB-HR-L5-06,People L5 Role 06,HR,L5,Y,1.0,39.0,2025-02-05,
ASN-001012-01,HRIS-WKR-001012,POS-HR-L5-0135,JOB-HR-L5-03,People L5 Role 03,HR,L5,Y,0.8,31.2,2023-10-30,
ASN-001013-01,HRIS-WKR-001013,POS-HR-L5-0138,JOB-HR-L5-06,People L5 Role 06,HR,L5,Y,1.0,39.0,2021-11-27,
ASN-001014-01,HRIS-WKR-001014,POS-OPS-L1-0041,JOB-OPS-L1-05,Operations L1 Role 05,OPS,L1,Y,0.5,19.5,2024-01-11,
ASN-001015-01,HRIS-WKR-001015,POS-TEC-L2-0190,JOB-TEC-L2-04,Technology L2 Role 04,TEC,L2,Y,1.0,39.0,2019-02-25,
ASN-001016-01,HRIS-WKR-001016,POS-HR-L5-0135,JOB-HR-L5-03,People L5 Role 03,HR,L5,Y,1.0,39.0,2021-04-04,
ASN-001017-01,HRIS-WKR-001017,POS-HR-L5-0135,JOB-HR-L5-03,People L5 Role 03,HR,L5,Y,1.0,39.0,2024-10-01,
ASN-001018-01,HRIS-WKR-001018,POS-OPS-L3-0052,JOB-OPS-L3-04,Operations L3 Role 04,OPS,L3,Y,1.0,39.0,2024-07-11,
ASN-001019-01,HRIS-WKR-001019,POS-TEC-L5-0209,JOB-TEC-L5-05,Technology L5 Role 05,TEC,L5,Y,0.5,19.5,2021-08-01,
ASN-001020-01,HRIS-WKR-001020,POS-SAL-L1-0146,JOB-SAL-L1-02,Sales L1 Role 02,SAL,L1,Y,1.0,39.0,2024-09-28,
ASN-001021-01,HRIS-WKR-001021,POS-FIN-L5-0100,JOB-FIN-L5-04,Finance L5 Role 04,FIN,L5,Y,1.0,39.0,2020-11-11,
ASN-001022-01,HRIS-WKR-001022,POS-SAL-L6-0179,JOB-SAL-L6-05,Sales L6 Role 05,SAL,L6,Y,,,2022-05-31,
ASN-001023-01,HRIS-WKR-001023,POS-TEC-L1-0182,JOB-TEC-L1-02,Technology L1 Role 02,TEC,L1,Y,1.0,39.0,2019-12-26,
ASN-001024-01,HRIS-WKR-001024,POS-TEC-L5-0207,JOB-TEC-L5-03,Technology L5 Role 03,TEC,L5,Y,0.8,31.2,2019-07-28,
ASN-001025-01,HRIS-WKR-001025,POS-TEC-L1-0186,JOB-TEC-L1-06,Technology L1 Role 06,TEC,L1,Y,0.5,19.5,2021-06-14,
ASN-001026-01,HRIS-WKR-001026,POS-FIN-L6-0106,JOB-FIN-L6-04,Finance L6 Role 04,FIN,L6,Y,1.0,39.0,2022-11-10,
ASN-001027-01,HRIS-WKR-001027,POS-SAL-L6-0175,JOB-SAL-L6-01,Sales L6 Role 01,SAL,L6,Y,1.0,39.0,2024-04-08,
ASN-001028-01,HRIS-WKR-001028,POS-OPS-L3-0054,JOB-OPS-L3-06,Operations L3 Role 06,OPS,L3,Y,,,2021-10-25,
ASN-001029-01,HRIS-WKR-001029,POS-ENG-L2-0009,JOB-ENG-L2-03,Engineering L2 Role 03,ENG,L2,Y,1.0,39.0,2021-04-04,
ASN-001030-01,HRIS-WKR-001030,POS-TEC-L4-0199,JOB-TEC-L4-01,Technology L4 Role 01,TEC,L4,Y,1.0,39.0,2018-07-21,
ASN-001031-01,HRIS-WKR-001031,POS-HR-L3-0121,JOB-HR-L3-01,People L3 Role 01,HR,L3,Y,1.0,39.0,2020-08-31,
ASN-001032-01,HRIS-WKR-001032,POS-TEC-L5-0207,JOB-TEC-L5-03,Technology L5 Role 03,TEC,L3,Y,1.0,39.0,2021-04-01,
ASN-001033-01,HRIS-WKR-001033,POS-FIN-L2-0080,JOB-FIN-L2-02,Finance L2 Role 02,FIN,L2,Y,1.0,39.0,2022-09-02,
ASN-001034-01,HRIS-WKR-001034,POS-SAL-L3-0159,JOB-SAL-L3-03,Sales L3 Role 03,SAL,L3,Y,1.0,39.0,2019-09-07,
ASN-001035-01,HRIS-WKR-001035,POS-TEC-L3-0197,JOB-TEC-L3-05,Technology L3 Role 05,TEC,L3,Y,1.0,39.0,2019-11-17,
ASN-001035-02,HRIS-WKR-001035,POS-HR-L2-0117,JOB-HR-L2-03,People L2 Role 03,HR,L2,N,0.2,7.8,2018-04-03,
ASN-001036-01,HRIS-WKR-001036,POS-FIN-L2-0081,JOB-FIN-L2-03,Finance L2 Role 03,FIN,L2,Y,0.6,23.4,2025-11-04,
ASN-001037-01,HRIS-WKR-001037,POS-OPS-L2-0044,JOB-OPS-L2-02,Operations L2 Role 02,OPS,L2,Y,1.0,39.0,2019-05-09,
ASN-001037-02,HRIS-WKR-001037,POS-TEC-L1-0184,JOB-TEC-L1-04,Technology L1 Role 04,TEC,L1,N,0.3,11.7,2022-11-05,
ASN-001038-01,HRIS-WKR-001038,POS-OPS-L2-0044,JOB-OPS-L2-02,Operations L2 Role 02,OPS,L2,Y,1.0,39.0,2024-03-24,
ASN-001039-01,HRIS-WKR-001039,POS-SAL-L4-0164,JOB-SAL-L4-02,Sales L4 Role 02,SAL,L4,Y,1.0,39.0,2025-05-30,
ASN-001040-01,HRIS-WKR-001040,POS-OPS-L4-0060,JOB-OPS-L4-06,Operations L4 Role 06,OPS,L4,Y,,,2022-04-18,
ASN-001041-01,HRIS-WKR-001041,POS-SAL-L6-0179,JOB-SAL-L6-05,Sales L6 Role 05,SAL,L6,Y,1.0,39.0,2018-11-09,
ASN-001042-01,HRIS-WKR-001042,POS-HR-L6-0142,JOB-HR-L6-04,People L6 Role 04,HR,L6,Y,1.0,39.0,2018-04-08,
ASN-001043-01,HRIS-WKR-001043,POS-ENG-L4-0019,JOB-ENG-L4-01,Engineering L4 Role 01,ENG,L4,Y,1.0,39.0,2025-10-13,
ASN-001043-02,HRIS-WKR-001043,POS-ENG-L5-0028,JOB-ENG-L5-04,Engineering L5 Role 04,ENG,L5,N,0.3,11.7,2018-02-19,
ASN-001044-01,HRIS-WKR-001044,POS-HR-L6-0139,JOB-HR-L6-01,People L6 Role 01,HR,L6,Y,1.0,39.0,2025-07-27,
ASN-001045-01,HRIS-WKR-001045,POS-SAL-L5-0172,JOB-SAL-L5-04,Sales L5 Role 04,SAL,L5,Y,1.0,39.0,2024-10-08,
ASN-001046-01,HRIS-WKR-001046,POS-OPS-L6-0071,JOB-OPS-L6-05,Operations L6 Role 05,OPS,L6,Y,1.0,39.0,2022-04-04,
ASN-001047-01,HRIS-WKR-001047,POS-FIN-L4-0091,JOB-FIN-L4-01,Finance L4 Role 01,FIN,L4,Y,1.0,39.0,2021-09-14,
ASN-001047-02,HRIS-WKR-001047,POS-TEC-L6-0212,JOB-TEC-L6-02,Technology L6 Role 02,TEC,L6,N,0.2,7.8,2025-01-16,
ASN-001048-01,HRIS-WKR-001048,POS-TEC-L3-0195,JOB-TEC-L3-03,Technology L3 Role 03,TEC,L3,Y,1.0,39.0,2022-10-19,
ASN-001049-01,HRIS-WKR-001049,POS-TEC-L4-0201,JOB-TEC-L4-03,Technology L4 Role 03,TEC,L4,Y,1.0,39.0,2019-04-01,
ASN-001049-02,HRIS-WKR-001049,POS-ENG-L1-0001,JOB-ENG-L1-01,Engineering L1 Role 01,ENG,L1,N,0.2,7.8,2018-06-06,
ASN-001050-01,HRIS-WKR-001050,POS-SAL-L2-0156,JOB-SAL-L2-06,Sales L2 Role 06,SAL,L2,Y,1.0,39.0,2025-07-07,
ASN-001051-01,HRIS-WKR-001051,POS-SAL-L5-0173,JOB-SAL-L5-05,Sales L5 Role 05,SAL,L5,Y,1.0,39.0,2025-12-26,
ASN-001051-02,HRIS-WKR-001051,POS-FIN-L6-0103,JOB-FIN-L6-01,Finance L6 Role 01,FIN,L6,N,0.2,7.8,2020-08-10,
ASN-001052-01,HRIS-WKR-001052,POS-FIN-L6-0107,JOB-FIN-L6-05,Finance L6 Role 05,FIN,L6,Y,0.8,31.2,2018-12-28,
ASN-001053-01,HRIS-WKR-001053,POS-ENG-L3-0013,JOB-ENG-L3-01,Engineering L3 Role 01,ENG,L3,Y,1.0,39.0,2018-07-18,
ASN-001054-01,HRIS-WKR-001054,POS-OPS-L4-0055,JOB-OPS-L4-01,Operations L4 Role 01,OPS,L4,Y,1.0,39.0,2025-08-30,
ASN-001055-01,HRIS-WKR-001055,POS-HR-L1-0113,JOB-HR-L1-05,People L1 Role 05,HR,L1,Y,1.0,39.0,2018-04-03,
ASN-001056-01,HRIS-WKR-001056,POS-ENG-L2-0010,JOB-ENG-L2-04,Engineering L2 Role 04,ENG,L2,Y,1.0,39.0,2024-04-14,
ASN-001057-01,HRIS-WKR-001057,POS-SAL-L3-0159,JOB-SAL-L3-03,Sales L3 Role 03,SAL,L3,Y,1.0,39.0,2021-06-06,
ASN-001058-01,HRIS-WKR-001058,POS-ENG-L4-0020,JOB-ENG-L4-02,Engineering L4 Role 02,ENG,L4,Y,1.0,39.0,2025-04-27,
ASN-001059-01,HRIS-WKR-001059,POS-SAL-L1-0149,JOB-SAL-L1-05,Sales L1 Role 05,SAL,L1,Y,0.8,31.2,2024-07-07,
ASN-001060-01,HRIS-WKR-001060,POS-TEC-L4-0202,JOB-TEC-L4-04,Technology L4 Role 04,TEC,L4,Y,1.0,39.0,2025-05-21,
ASN-001061-01,HRIS-WKR-001061,POS-FIN-L3-0087,JOB-FIN-L3-03,Finance L3 Role 03,FIN,L3,Y,1.0,39.0,2019-03-18,
ASN-001062-01,HRIS-WKR-001062,POS-OPS-L5-0066,JOB-OPS-L5-06,Operations L5 Role 06,OPS,L5,Y,0.5,19.5,2024-08-12,
ASN-001063-01,HRIS-WKR-001063,POS-ENG-L4-0023,JOB-ENG-L4-05,Engineering L4 Role 05,ENG,L4,Y,1.0,39.0,2020-12-08,
ASN-001064-01,HRIS-WKR-001064,POS-HR-L3-0122,JOB-HR-L3-02,People L3 Role 02,HR,L3,Y,0.6,23.4,2020-02-19,
ASN-001065-01,HRIS-WKR-001065,POS-ENG-L1-0004,JOB-ENG-L1-04,Engineering L1 Role 04,ENG,L1,Y,1.0,39.0,2018-04-12,
ASN-001066-01,HRIS-WKR-001066,POS-HR-L5-0135,JOB-HR-L5-03,People L5 Role 03,HR,L5,Y,1.0,39.0,2022-02-20,
ASN-001067-01,HRIS-WKR-001067,POS-OPS-L5-0065,JOB-OPS-L5-05,Operations L5 Role 05,OPS,L5,Y,1.0,39.0,2023-03-14,
ASN-001068-01,HRIS-WKR-001068,POS-SAL-L4-0167,JOB-SAL-L4-05,Sales L4 Role 05,SAL,L4,Y,0.5,19.5,2022-11-05,
ASN-001068-02,HRIS-WKR-001068,POS-OPS-L4-0060,JOB-OPS-L4-06,Operations L4 Role 06,OPS,L4,N,0.2,7.8,2021-04-29,
ASN-001069-01,HRIS-WKR-001069,POS-HR-L6-0139,JOB-HR-L6-01,People L6 Role 01,HR,L6,Y,1.0,39.0,2024-08-13,
ASN-001069-02,HRIS-WKR-001069,POS-HR-L6-0142,JOB-HR-L6-04,People L6 Role 04,HR,L6,N,0.3,11.7,2025-08-03,
ASN-001070-01,HRIS-WKR-001070,POS-ENG-L4-0021,JOB-ENG-L4-03,Engineering L4 Role 03,ENG,L4,Y,1.0,39.0,2020-07-25,
ASN-001070-02,HRIS-WKR-001070,POS-SAL-L5-0170,JOB-SAL-L5-02,Sales L5 Role 02,SAL,L5,N,0.2,7.8,2022-08-19,
ASN-001071-01,HRIS-WKR-001071,POS-TEC-L3-0196,JOB-TEC-L3-04,Technology L3 Role 04,TEC,L3,Y,1.0,39.0,2020-07-11,
ASN-001072-01,HRIS-WKR-001072,POS-HR-L3-0126,JOB-HR-L3-06,People L3 Role 06,HR,L3,Y,1.0,39.0,2025-03-15,
ASN-001073-01,HRIS-WKR-001073,POS-OPS-L4-0059,JOB-OPS-L4-05,Operations L4 Role 05,OPS,L4,Y,1.0,39.0,2022-04-04,
ASN-001074-01,HRIS-WKR-001074,POS-SAL-L2-0151,JOB-SAL-L2-01,Sales L2 Role 01,SAL,L2,Y,1.0,39.0,2025-05-15,
ASN-001075-01,HRIS-WKR-001075,POS-SAL-L3-0161,JOB-SAL-L3-05,Sales L3 Role 05,SAL,L3,Y,1.0,39.0,2020-03-18,
ASN-001076-01,HRIS-WKR-001076,POS-TEC-L4-0200,JOB-TEC-L4-02,Technology L4 Role 02,TEC,L4,Y,0.8,31.2,2020-06-11,
ASN-001077-01,HRIS-WKR-001077,POS-HR-L4-0129,JOB-HR-L4-03,People L4 Role 03,HR,L4,Y,1.0,39.0,2018-11-26,
ASN-001078-01,HRIS-WKR-001078,POS-OPS-L2-0043,JOB-OPS-L2-01,Operations L2 Role 01,OPS,L2,Y,1.0,39.0,2024-11-05,
ASN-001079-01,HRIS-WKR-001079,POS-SAL-L1-0150,JOB-SAL-L1-06,Sales L1 Role 06,SAL,L1,Y,1.0,39.0,2022-03-18,
ASN-001080-01,HRIS-WKR-001080,POS-OPS-L2-0044,JOB-OPS-L2-02,Operations L2 Role 02,OPS,L2,Y,1.0,39.0,2021-08-28,
ASN-001081-01,HRIS-WKR-001081,POS-SAL-L2-0154,JOB-SAL-L2-04,Sales L2 Role 04,SAL,L2,Y,1.0,39.0,2022-10-29,
ASN-001082-01,HRIS-WKR-001082,POS-FIN-L6-0107,JOB-FIN-L6-05,Finance L6 Role 05,FIN,L6,Y,0.8,31.2,2018-03-13,
ASN-001083-01,HRIS-WKR-001083,POS-FIN-L4-0092,JOB-FIN-L4-02,Finance L4 Role 02,FIN,L4,Y,1.0,39.0,2019-04-26,
ASN-001084-01,HRIS-WKR-001084,POS-ENG-L1-0003,JOB-ENG-L1-03,Engineering L1 Role 03,ENG,L1,Y,1.0,39.0,2019-12-29,
ASN-001085-01,HRIS-WKR-001085,POS-OPS-L1-0038,JOB-OPS-L1-02,Operations L1 Role 02,OPS,L1,Y,0.4,15.6,2022-11-05,
ASN-001086-01,HRIS-WKR-001086,POS-OPS-L3-0050,JOB-OPS-L3-02,Operations L3 Role 02,OPS,L3,Y,0.6,23.4,2025-06-03,
ASN-001087-01,HRIS-WKR-001087,POS-TEC-L4-0200,JOB-TEC-L4-02,Technology L4 Role 02,TEC,L4,Y,1.0,39.0,2021-11-24,
ASN-001088-01,HRIS-WKR-001088,POS-SAL-L5-0170,JOB-SAL-L5-02,Sales L5 Role 02,SAL,L5,Y,1.0,39.0,2018-11-29,
ASN-001089-01,HRIS-WKR-001089,POS-ENG-L2-0009,JOB-ENG-L2-03,Engineering L2 Role 03,ENG,L2,Y,1.0,39.0,2023-09-13,
ASN-001090-01,HRIS-WKR-001090,POS-SAL-L6-0177,JOB-SAL-L6-03,Sales L6 Role 03,SAL,L6,Y,1.0,39.0,2019-03-21,
ASN-001090-02,HRIS-WKR-001090,POS-ENG-L4-0023,JOB-ENG-L4-05,Engineering L4 Role 05,ENG,L4,N,0.2,7.8,2018-09-20,
ASN-001091-01,HRIS-WKR-001091,POS-SAL-L4-0168,JOB-SAL-L4-06,Sales L4 Role 06,SAL,L4,Y,1.0,39.0,2021-10-04,
ASN-001092-01,HRIS-WKR-001092,POS-OPS-L6-0068,JOB-OPS-L6-02,Operations L6 Role 02,OPS,L6,Y,1.0,39.0,2019-06-21,
ASN-001093-01,HRIS-WKR-001093,POS-HR-L4-0130,JOB-HR-L4-04,People L4 Role 04,HR,L4,Y,1.0,39.0,2020-12-17,
ASN-001094-01,HRIS-WKR-001094,POS-HR-L4-0131,JOB-HR-L4-05,People L4 Role 05,HR,L4,Y,1.0,39.0,2025-10-13,
ASN-001095-01,HRIS-WKR-001095,POS-FIN-L4-0093,JOB-FIN-L4-03,Finance L4 Role 03,FIN,L4,Y,1.0,39.0,2020-09-29,
ASN-001096-01,HRIS-WKR-001096,POS-FIN-L4-0093,JOB-FIN-L4-03,Finance L4 Role 03,FIN,L4,Y,1.0,39.0,2021-12-05,
ASN-001097-01,HRIS-WKR-001097,POS-OPS-L6-0070,JOB-OPS-L6-04,Operations L6 Role 04,OPS,L6,Y,1.0,39.0,2023-11-26,
ASN-001098-01,HRIS-WKR-001098,POS-TEC-L1-0182,JOB-TEC-L1-02,Technology L1 Role 02,TEC,L1,Y,1.0,39.0,2018-11-24,
ASN-001099-01,HRIS-WKR-001099,POS-ENG-L4-0021,JOB-ENG-L4-03,Engineering L4 Role 03,ENG,L4,Y,1.0,39.0,2023-12-14,
ASN-001100-01,HRIS-WKR-001100,POS-FIN-L4-0095,JOB-FIN-L4-05,Finance L4 Role 05,FIN,L4,Y,1.0,39.0,2023-10-23,
ASN-001101-01,HRIS-WKR-001101,POS-SAL-L4-0164,JOB-SAL-L4-02,Sales L4 Role 02,SAL,L4,Y,0.8,31.2,2020-05-10,
ASN-001102-01,HRIS-WKR-001102,POS-OPS-L6-0070,JOB-OPS-L6-04,Operations L6 Role 04,OPS,L6,Y,1.0,39.0,2019-01-23,
ASN-001103-01,HRIS-WKR-001103,POS-ENG-L1-0004,JOB-ENG-L1-04,Engineering L1 Role 04,ENG,L1,Y,,,2020-07-20,
ASN-001104-01,HRIS-WKR-001104,POS-HR-L6-0139,JOB-HR-L6-01,People L6 Role 01,HR,L6,Y,1.0,39.0,2021-06-23,
ASN-001105-01,HRIS-WKR-001105,POS-TEC-L4-0202,JOB-TEC-L4-04,Technology L4 Role 04,TEC,L4,Y,1.0,39.0,2021-08-18,
ASN-001106-01,HRIS-WKR-001106,POS-SAL-L2-0156,JOB-SAL-L2-06,Sales L2 Role 06,SAL,L2,Y,1.0,39.0,2022-02-16,
ASN-001107-01,HRIS-WKR-001107,POS-HR-L4-0129,JOB-HR-L4-03,People L4 Role 03,HR,L4,Y,1.0,39.0,2023-06-21,
ASN-001108-01,HRIS-WKR-001108,POS-ENG-L1-0001,JOB-ENG-L1-01,Engineering L1 Role 01,ENG,L1,Y,0.8,31.2,2020-06-26,
ASN-001109-01,HRIS-WKR-001109,POS-SAL-L6-0178,JOB-SAL-L6-04,Sales L6 Role 04,SAL,L6,Y,0.8,31.2,2025-10-29,
ASN-001110-01,HRIS-WKR-001110,POS-OPS-L3-0052,JOB-OPS-L3-04,Operations L3 Role 04,OPS,L3,Y,1.0,39.0,2023-04-10,
ASN-001111-01,HRIS-WKR-001111,POS-ENG-L5-0030,JOB-ENG-L5-06,Engineering L5 Role 06,ENG,L5,Y,0.6,23.4,2024-10-25,
ASN-001112-01,HRIS-WKR-001112,POS-OPS-L3-0052,JOB-OPS-L3-04,Operations L3 Role 04,OPS,L5,Y,0.8,31.2,2022-10-28,
ASN-001113-01,HRIS-WKR-001113,POS-ENG-L5-0030,JOB-ENG-L5-06,Engineering L5 Role 06,ENG,L5,Y,1.0,39.0,2025-08-28,
ASN-001114-01,HRIS-WKR-001114,POS-SAL-L5-0173,JOB-SAL-L5-05,Sales L5 Role 05,SAL,L5,Y,0.8,31.2,2020-03-25,
ASN-001115-01,HRIS-WKR-001115,POS-ENG-L6-0034,JOB-ENG-L6-04,Engineering L6 Role 04,ENG,L6,Y,0.6,23.4,2024-08-02,
ASN-001116-01,HRIS-WKR-001116,POS-HR-L6-0139,JOB-HR-L6-01,People L6 Role 01,HR,L6,Y,,,2024-12-21,
ASN-001117-01,HRIS-WKR-001117,POS-HR-L4-0128,JOB-HR-L4-02,People L4 Role 02,HR,L4,Y,1.0,39.0,2025-03-28,
ASN-001118-01,HRIS-WKR-001118,POS-ENG-L2-0011,JOB-ENG-L2-05,Engineering L2 Role 05,ENG,L2,Y,0.8,31.2,2024-10-07,
ASN-001119-01,HRIS-WKR-001119,POS-FIN-L4-0091,JOB-FIN-L4-01,Finance L4 Role 01,FIN,L4,Y,1.0,39.0,2021-07-26,
ASN-001120-01,HRIS-WKR-001120,POS-SAL-L1-0149,JOB-SAL-L1-05,Sales L1 Role 05,SAL,L1,Y,1.0,39.0,2020-07-18,
ASN-001121-01,HRIS-WKR-001121,POS-SAL-L2-0154,JOB-SAL-L2-04,Sales L2 Role 04,SAL,L2,Y,1.0,39.0,2025-03-29,
ASN-001122-01,HRIS-WKR-001122,POS-HR-L5-0138,JOB-HR-L5-06,People L5 Role 06,HR,L5,Y,1.0,39.0,2025-01-24,
ASN-001123-01,HRIS-WKR-001123,POS-TEC-L6-0211,JOB-TEC-L6-01,Technology L6 Role 01,TEC,L6,Y,1.0,39.0,2020-01-31,
ASN-001124-01,HRIS-WKR-001124,POS-OPS-L6-0067,JOB-OPS-L6-01,Operations L6 Role 01,OPS,L6,Y,1.0,39.0,2022-11-27,
ASN-001125-01,HRIS-WKR-001125,POS-OPS-L6-0069,JOB-OPS-L6-03,Operations L6 Role 03,OPS,L6,Y,1.0,39.0,2021-07-11,
ASN-001126-01,HRIS-WKR-001126,POS-TEC-L5-0207,JOB-TEC-L5-03,Technology L5 Role 03,TEC,L5,Y,1.0,39.0,2018-02-12,
ASN-001127-01,HRIS-WKR-001127,POS-OPS-L3-0052,JOB-OPS-L3-04,Operations L3 Role 04,OPS,L1,Y,1.0,39.0,2021-03-22,
ASN-001128-01,HRIS-WKR-001128,POS-HR-L3-0126,JOB-HR-L3-06,People L3 Role 06,HR,L3,Y,0.6,23.4,2024-11-04,
ASN-001129-01,HRIS-WKR-001129,POS-OPS-L4-0055,JOB-OPS-L4-01,Operations L4 Role 01,OPS,L4,Y,,,2020-04-16,
ASN-001130-01,HRIS-WKR-001130,POS-TEC-L5-0207,JOB-TEC-L5-03,Technology L5 Role 03,TEC,L5,Y,1.0,39.0,2018-12-11,
ASN-001131-01,HRIS-WKR-001131,POS-HR-L4-0128,JOB-HR-L4-02,People L4 Role 02,HR,L4,Y,0.8,31.2,2020-05-18,
ASN-001132-01,HRIS-WKR-001132,POS-HR-L6-0142,JOB-HR-L6-04,People L6 Role 04,HR,L6,Y,1.0,39.0,2025-04-27,
ASN-001133-01,HRIS-WKR-001133,POS-SAL-L6-0176,JOB-SAL-L6-02,Sales L6 Role 02,SAL,L6,Y,0.8,31.2,2024-10-30,
ASN-001133-02,HRIS-WKR-001133,POS-HR-L2-0115,JOB-HR-L2-01,People L2 Role 01,HR,L2,N,0.2,7.8,2026-01-15,
ASN-001134-01,HRIS-WKR-001134,POS-SAL-L3-0161,JOB-SAL-L3-05,Sales L3 Role 05,SAL,L3,Y,1.0,39.0,2020-02-06,
ASN-001135-01,HRIS-WKR-001135,POS-TEC-L1-0186,JOB-TEC-L1-06,Technology L1 Role 06,TEC,L1,Y,1.0,39.0,2022-06-05,
ASN-001136-01,HRIS-WKR-001136,POS-ENG-L2-0007,JOB-ENG-L2-01,Engineering L2 Role 01,ENG,L2,Y,1.0,39.0,2020-12-26,
ASN-001137-01,HRIS-WKR-001137,POS-HR-L4-0131,JOB-HR-L4-05,People L4 Role 05,HR,L4,Y,0.5,19.5,2024-11-25,
ASN-001138-01,HRIS-WKR-001138,POS-SAL-L6-0177,JOB-SAL-L6-03,Sales L6 Role 03,SAL,L6,Y,,,2021-05-10,
ASN-001139-01,HRIS-WKR-001139,POS-TEC-L4-0203,JOB-TEC-L4-05,Technology L4 Role 05,TEC,L4,Y,1.0,39.0,2021-04-14,
ASN-001140-01,HRIS-WKR-001140,POS-SAL-L4-0165,JOB-SAL-L4-03,Sales L4 Role 03,SAL,L4,Y,1.0,39.0,2024-04-19,
ASN-001140-02,HRIS-WKR-001140,POS-FIN-L3-0086,JOB-FIN-L3-02,Finance L3 Role 02,FIN,L3,N,0.4,15.6,2020-04-21,
ASN-001141-01,HRIS-WKR-001141,POS-ENG-L2-0009,JOB-ENG-L2-03,Engineering L2 Role 03,ENG,L2,Y,0.8,31.2,2024-12-18,
ASN-001141-02,HRIS-WKR-001141,POS-OPS-L1-0037,JOB-OPS-L1-01,Operations L1 Role 01,OPS,L1,N,0.3,11.7,2022-12-04,
ASN-001142-01,HRIS-WKR-001142,POS-SAL-L3-0162,JOB-SAL-L3-06,Sales L3 Role 06,SAL,L3,Y,1.0,39.0,2023-11-16,
ASN-001143-01,HRIS-WKR-001143,POS-HR-L1-0113,JOB-HR-L1-05,People L1 Role 05,HR,L1,Y,1.0,39.0,2018-07-01,
ASN-001144-01,HRIS-WKR-001144,POS-HR-L1-0110,JOB-HR-L1-02,People L1 Role 02,HR,L1,Y,1.0,39.0,2022-04-27,
ASN-001145-01,HRIS-WKR-001145,POS-TEC-L3-0194,JOB-TEC-L3-02,Technology L3 Role 02,TEC,L5,Y,1.0,39.0,2020-07-27,
ASN-001146-01,HRIS-WKR-001146,POS-OPS-L1-0041,JOB-OPS-L1-05,Operations L1 Role 05,OPS,L1,Y,0.6,23.4,2023-04-24,
ASN-001147-01,HRIS-WKR-001147,POS-ENG-L1-0002,JOB-ENG-L1-02,Engineering L1 Role 02,ENG,L1,Y,1.0,39.0,2023-03-04,
ASN-001148-01,HRIS-WKR-001148,POS-HR-L4-0131,JOB-HR-L4-05,People L4 Role 05,HR,L4,Y,1.0,39.0,2023-10-26,
ASN-001149-01,HRIS-WKR-001149,POS-FIN-L5-0100,JOB-FIN-L5-04,Finance L5 Role 04,FIN,L5,Y,1.0,39.0,2019-09-17,
ASN-001150-01,HRIS-WKR-001150,POS-HR-L4-0128,JOB-HR-L4-02,People L4 Role 02,HR,L4,Y,1.0,39.0,2021-11-19,
ASN-001151-01,HRIS-WKR-001151,POS-HR-L4-0128,JOB-HR-L4-02,People L4 Role 02,HR,L4,Y,1.0,39.0,2025-05-21,
ASN-001151-02,HRIS-WKR-001151,POS-HR-L5-0138,JOB-HR-L5-06,People L5 Role 06,HR,L5,N,0.3,11.7,2019-11-02,
ASN-001152-01,HRIS-WKR-001152,POS-ENG-L1-0002,JOB-ENG-L1-02,Engineering L1 Role 02,ENG,L1,Y,1.0,39.0,2025-03-11,
ASN-001153-01,HRIS-WKR-001153,POS-SAL-L6-0176,JOB-SAL-L6-02,Sales L6 Role 02,SAL,L6,Y,1.0,39.0,2018-09-15,
ASN-001154-01,HRIS-WKR-001154,POS-ENG-L5-0029,JOB-ENG-L5-05,Engineering L5 Role 05,ENG,L5,Y,1.0,39.0,2018-10-18,
ASN-001155-01,HRIS-WKR-001155,POS-HR-L5-0133,JOB-HR-L5-01,People L5 Role 01,HR,L5,Y,1.0,39.0,2024-01-27,
ASN-001156-01,HRIS-WKR-001156,POS-SAL-L3-0161,JOB-SAL-L3-05,Sales L3 Role 05,SAL,L3,Y,1.0,39.0,2020-07-09,
ASN-001157-01,HRIS-WKR-001157,POS-TEC-L1-0182,JOB-TEC-L1-02,Technology L1 Role 02,TEC,L1,Y,1.0,39.0,2021-01-13,
ASN-001158-01,HRIS-WKR-001158,POS-FIN-L6-0105,JOB-FIN-L6-03,Finance L6 Role 03,FIN,L6,Y,,,2021-01-29,
ASN-001159-01,HRIS-WKR-001159,POS-OPS-L3-0049,JOB-OPS-L3-01,Operations L3 Role 01,OPS,L3,Y,1.0,39.0,2018-08-24,
ASN-001159-02,HRIS-WKR-001159,POS-OPS-L4-0059,JOB-OPS-L4-05,Operations L4 Role 05,OPS,L4,N,0.3,11.7,2023-06-21,
ASN-001160-01,HRIS-WKR-001160,POS-SAL-L1-0147,JOB-SAL-L1-03,Sales L1 Role 03,SAL,L1,Y,0.8,31.2,2025-06-24,
ASN-001160-02,HRIS-WKR-001160,POS-ENG-L5-0028,JOB-ENG-L5-04,Engineering L5 Role 04,ENG,L5,N,0.3,11.7,2023-12-10,
ASN-001161-01,HRIS-WKR-001161,POS-FIN-L1-0073,JOB-FIN-L1-01,Finance L1 Role 01,FIN,L1,Y,1.0,39.0,2024-02-24,
ASN-001161-02,HRIS-WKR-001161,POS-SAL-L1-0148,JOB-SAL-L1-04,Sales L1 Role 04,SAL,L1,N,0.3,11.7,2023-09-13,
ASN-001162-01,HRIS-WKR-001162,POS-SAL-L1-0149,JOB-SAL-L1-05,Sales L1 Role 05,SAL,L1,Y,1.0,39.0,2023-06-16,
ASN-001163-01,HRIS-WKR-001163,POS-OPS-L1-0037,JOB-OPS-L1-01,Operations L1 Role 01,OPS,L1,Y,1.0,39.0,2019-11-20,
ASN-001163-02,HRIS-WKR-001163,POS-SAL-L1-0149,JOB-SAL-L1-05,Sales L1 Role 05,SAL,L1,N,0.3,11.7,2021-06-04,
ASN-001164-01,HRIS-WKR-001164,POS-OPS-L4-0060,JOB-OPS-L4-06,Operations L4 Role 06,OPS,L4,Y,1.0,39.0,2024-05-30,
ASN-001165-01,HRIS-WKR-001165,POS-FIN-L2-0081,JOB-FIN-L2-03,Finance L2 Role 03,FIN,L2,Y,1.0,39.0,2019-11-20,
ASN-001166-01,HRIS-WKR-001166,POS-HR-L3-0126,JOB-HR-L3-06,People L3 Role 06,HR,L3,Y,1.0,39.0,2019-03-12,
ASN-001167-01,HRIS-WKR-001167,POS-HR-L2-0116,JOB-HR-L2-02,People L2 Role 02,HR,L2,Y,1.0,39.0,2018-07-05,
ASN-001168-01,HRIS-WKR-001168,POS-TEC-L3-0193,JOB-TEC-L3-01,Technology L3 Role 01,TEC,L3,Y,1.0,39.0,2018-10-15,
ASN-001169-01,HRIS-WKR-001169,POS-HR-L4-0131,JOB-HR-L4-05,People L4 Role 05,HR,L4,Y,1.0,39.0,2022-05-17,
ASN-001170-01,HRIS-WKR-001170,POS-TEC-L4-0201,JOB-TEC-L4-03,Technology L4 Role 03,TEC,L4,Y,1.0,39.0,2023-03-13,
ASN-001170-02,HRIS-WKR-001170,POS-FIN-L2-0080,JOB-FIN-L2-02,Finance L2 Role 02,FIN,L2,N,0.2,7.8,2019-05-20,
ASN-001171-01,HRIS-WKR-001171,POS-ENG-L5-0026,JOB-ENG-L5-02,Engineering L5 Role 02,ENG,L5,Y,1.0,39.0,2024-10-05,
ASN-001172-01,HRIS-WKR-001172,POS-FIN-L6-0107,JOB-FIN-L6-05,Finance L6 Role 05,FIN,L6,Y,1.0,39.0,2021-07-26,
ASN-001173-01,HRIS-WKR-001173,POS-FIN-L1-0078,JOB-FIN-L1-06,Finance L1 Role 06,FIN,L1,Y,1.0,39.0,2018-06-07,
ASN-001174-01,HRIS-WKR-001174,POS-HR-L5-0138,JOB-HR-L5-06,People L5 Role 06,HR,L5,Y,1.0,39.0,2022-01-17,
ASN-001175-01,HRIS-WKR-001175,POS-OPS-L5-0066,JOB-OPS-L5-06,Operations L5 Role 06,OPS,L5,Y,1.0,39.0,2023-01-21,
ASN-001176-01,HRIS-WKR-001176,POS-ENG-L5-0025,JOB-ENG-L5-01,Engineering L5 Role 01,ENG,L5,Y,1.0,39.0,2019-11-30,
ASN-001177-01,HRIS-WKR-001177,POS-ENG-L4-0023,JOB-ENG-L4-05,Engineering L4 Role 05,ENG,L4,Y,0.5,19.5,2018-05-19,
ASN-001178-01,HRIS-WKR-001178,POS-TEC-L4-0201,JOB-TEC-L4-03,Technology L4 Role 03,TEC,L2,Y,1.0,39.0,2023-10-01,
ASN-001179-01,HRIS-WKR-001179,POS-ENG-L3-0014,JOB-ENG-L3-02,Engineering L3 Role 02,ENG,L3,Y,1.0,39.0,2021-02-16,
ASN-001180-01,HRIS-WKR-001180,POS-TEC-L3-0194,JOB-TEC-L3-02,Technology L3 Role 02,TEC,L3,Y,1.0,39.0,2022-06-06,
ASN-001181-01,HRIS-WKR-001181,POS-ENG-L2-0010,JOB-ENG-L2-04,Engineering L2 Role 04,ENG,L2,Y,1.0,39.0,2018-11-20,
ASN-001182-01,HRIS-WKR-001182,POS-FIN-L4-0096,JOB-FIN-L4-06,Finance L4 Role 06,FIN,L4,Y,0.8,31.2,2023-07-24,
ASN-001183-01,HRIS-WKR-001183,POS-ENG-L5-0027,JOB-ENG-L5-03,Engineering L5 Role 03,ENG,L5,Y,1.0,39.0,2018-07-17,
ASN-001184-01,HRIS-WKR-001184,POS-OPS-L6-0069,JOB-OPS-L6-03,Operations L6 Role 03,OPS,L6,Y,1.0,39.0,2018-03-18,
ASN-001185-01,HRIS-WKR-001185,POS-TEC-L4-0203,JOB-TEC-L4-05,Technology L4 Role 05,TEC,L4,Y,1.0,39.0,2025-08-26,
ASN-001186-01,HRIS-WKR-001186,POS-FIN-L1-0076,JOB-FIN-L1-04,Finance L1 Role 04,FIN,L1,Y,1.0,39.0,2018-04-02,
ASN-001187-01,HRIS-WKR-001187,POS-FIN-L1-0075,JOB-FIN-L1-03,Finance L1 Role 03,FIN,L1,Y,1.0,39.0,2024-03-22,
ASN-001188-01,HRIS-WKR-001188,POS-SAL-L4-0167,JOB-SAL-L4-05,Sales L4 Role 05,SAL,L4,Y,0.8,31.2,2020-12-16,
ASN-001189-01,HRIS-WKR-001189,POS-FIN-L6-0105,JOB-FIN-L6-03,Finance L6 Role 03,FIN,L6,Y,1.0,39.0,2022-08-28,
ASN-001190-01,HRIS-WKR-001190,POS-HR-L3-0121,JOB-HR-L3-01,People L3 Role 01,HR,L3,Y,1.0,39.0,2020-06-15,
ASN-001191-01,HRIS-WKR-001191,POS-OPS-L4-0059,JOB-OPS-L4-05,Operations L4 Role 05,OPS,L4,Y,0.6,23.4,2024-06-25,
ASN-001192-01,HRIS-WKR-001192,POS-FIN-L5-0101,JOB-FIN-L5-05,Finance L5 Role 05,FIN,L5,Y,1.0,39.0,2018-05-26,
ASN-001193-01,HRIS-WKR-001193,POS-SAL-L5-0173,JOB-SAL-L5-05,Sales L5 Role 05,SAL,L5,Y,1.0,39.0,2022-01-14,
ASN-001194-01,HRIS-WKR-001194,POS-SAL-L2-0154,JOB-SAL-L2-04,Sales L2 Role 04,SAL,L2,Y,1.0,39.0,2024-08-24,
ASN-001195-01,HRIS-WKR-001195,POS-TEC-L5-0207,JOB-TEC-L5-03,Technology L5 Role 03,TEC,L5,Y,1.0,39.0,2019-11-13,
ASN-001196-01,HRIS-WKR-001196,POS-FIN-L2-0083,JOB-FIN-L2-05,Finance L2 Role 05,FIN,L2,Y,1.0,39.0,2023-07-29,
ASN-001197-01,HRIS-WKR-001197,POS-FIN-L2-0084,JOB-FIN-L2-06,Finance L2 Role 06,FIN,L1,Y,1.0,39.0,2023-11-13,
ASN-001198-01,HRIS-WKR-001198,POS-HR-L3-0125,JOB-HR-L3-05,People L3 Role 05,HR,L3,Y,1.0,39.0,2020-05-27,
ASN-001199-01,HRIS-WKR-001199,POS-TEC-L6-0216,JOB-TEC-L6-06,Technology L6 Role 06,TEC,L6,Y,1.0,39.0,2025-06-28,
ASN-001200-01,HRIS-WKR-001200,POS-OPS-L5-0066,JOB-OPS-L5-06,Operations L5 Role 06,OPS,L5,Y,1.0,39.0,2019-08-03,
ASN-001201-01,HRIS-WKR-001201,POS-HR-L3-0123,JOB-HR-L3-03,People L3 Role 03,HR,L3,Y,1.0,39.0,2022-07-19,
ASN-001202-01,HRIS-WKR-001202,POS-OPS-L6-0068,JOB-OPS-L6-02,Operations L6 Role 02,OPS,L6,Y,1.0,39.0,2023-07-16,
ASN-001203-01,HRIS-WKR-001203,POS-FIN-L3-0089,JOB-FIN-L3-05,Finance L3 Role 05,FIN,L3,Y,1.0,39.0,2021-08-01,
ASN-001204-01,HRIS-WKR-001204,POS-TEC-L3-0197,JOB-TEC-L3-05,Technology L3 Role 05,TEC,L3,Y,0.4,15.6,2024-12-16,
ASN-001205-01,HRIS-WKR-001205,POS-ENG-L1-0002,JOB-ENG-L1-02,Engineering L1 Role 02,ENG,L1,Y,1.0,39.0,2023-01-12,
ASN-001206-01,HRIS-WKR-001206,POS-OPS-L3-0050,JOB-OPS-L3-02,Operations L3 Role 02,OPS,L3,Y,1.0,39.0,2025-07-01,
ASN-001206-02,HRIS-WKR-001206,POS-TEC-L1-0185,JOB-TEC-L1-05,Technology L1 Role 05,TEC,L1,N,0.2,7.8,2018-09-13,
ASN-001207-01,HRIS-WKR-001207,POS-FIN-L5-0097,JOB-FIN-L5-01,Finance L5 Role 01,FIN,L5,Y,1.0,39.0,2021-03-24,
ASN-001208-01,HRIS-WKR-001208,POS-HR-L3-0122,JOB-HR-L3-02,People L3 Role 02,HR,L3,Y,1.0,39.0,2022-10-09,
ASN-001209-01,HRIS-WKR-001209,POS-SAL-L1-0146,JOB-SAL-L1-02,Sales L1 Role 02,SAL,L1,Y,1.0,39.0,2022-09-27,
ASN-001210-01,HRIS-WKR-001210,POS-SAL-L4-0166,JOB-SAL-L4-04,Sales L4 Role 04,SAL,L4,Y,1.0,39.0,2025-01-17,
ASN-001211-01,HRIS-WKR-001211,POS-OPS-L4-0055,JOB-OPS-L4-01,Operations L4 Role 01,OPS,L4,Y,0.8,31.2,2018-09-11,
ASN-001212-01,HRIS-WKR-001212,POS-TEC-L6-0215,JOB-TEC-L6-05,Technology L6 Role 05,TEC,L6,Y,1.0,39.0,2025-10-22,
ASN-001213-01,HRIS-WKR-001213,POS-TEC-L6-0212,JOB-TEC-L6-02,Technology L6 Role 02,TEC,L6,Y,0.8,31.2,2022-04-03,
ASN-001213-02,HRIS-WKR-001213,POS-ENG-L4-0019,JOB-ENG-L4-01,Engineering L4 Role 01,ENG,L4,N,0.4,15.6,2022-08-26,
ASN-001214-01,HRIS-WKR-001214,POS-HR-L4-0128,JOB-HR-L4-02,People L4 Role 02,HR,L4,Y,1.0,39.0,2018-08-13,
ASN-001215-01,HRIS-WKR-001215,POS-ENG-L5-0026,JOB-ENG-L5-02,Engineering L5 Role 02,ENG,L5,Y,1.0,39.0,2025-05-09,
ASN-001216-01,HRIS-WKR-001216,POS-HR-L3-0121,JOB-HR-L3-01,People L3 Role 01,HR,L3,Y,1.0,39.0,2018-03-29,
ASN-001217-01,HRIS-WKR-001217,POS-ENG-L6-0035,JOB-ENG-L6-05,Engineering L6 Role 05,ENG,L6,Y,1.0,39.0,2020-07-16,
ASN-001218-01,HRIS-WKR-001218,POS-SAL-L6-0177,JOB-SAL-L6-03,Sales L6 Role 03,SAL,L6,Y,1.0,39.0,2020-09-23,
ASN-001218-02,HRIS-WKR-001218,POS-ENG-L5-0030,JOB-ENG-L5-06,Engineering L5 Role 06,ENG,L5,N,0.2,7.8,2024-05-20,
ASN-001219-01,HRIS-WKR-001219,POS-TEC-L1-0183,JOB-TEC-L1-03,Technology L1 Role 03,TEC,L1,Y,1.0,39.0,2022-06-21,
ASN-001220-01,HRIS-WKR-001220,POS-SAL-L1-0146,JOB-SAL-L1-02,Sales L1 Role 02,SAL,L1,Y,1.0,39.0,2020-07-05,
ASN-001221-01,HRIS-WKR-001221,POS-ENG-L6-0031,JOB-ENG-L6-01,Engineering L6 Role 01,ENG,L6,Y,1.0,39.0,2018-02-04,
ASN-001222-01,HRIS-WKR-001222,POS-HR-L4-0127,JOB-HR-L4-01,People L4 Role 01,HR,L4,Y,0.6,23.4,2024-01-05,
ASN-001223-01,HRIS-WKR-001223,POS-TEC-L4-0201,JOB-TEC-L4-03,Technology L4 Role 03,TEC,L4,Y,1.0,39.0,2018-07-07,
ASN-001224-01,HRIS-WKR-001224,POS-OPS-L2-0043,JOB-OPS-L2-01,Operations L2 Role 01,OPS,L2,Y,1.0,39.0,2025-11-22,
ASN-001224-02,HRIS-WKR-001224,POS-SAL-L6-0179,JOB-SAL-L6-05,Sales L6 Role 05,SAL,L6,N,0.2,7.8,2024-09-06,
ASN-001225-01,HRIS-WKR-001225,POS-HR-L1-0110,JOB-HR-L1-02,People L1 Role 02,HR,L1,Y,1.0,39.0,2018-01-27,
ASN-001226-01,HRIS-WKR-001226,POS-OPS-L4-0059,JOB-OPS-L4-05,Operations L4 Role 05,OPS,L4,Y,1.0,39.0,2023-06-19,
ASN-001227-01,HRIS-WKR-001227,POS-TEC-L4-0200,JOB-TEC-L4-02,Technology L4 Role 02,TEC,L4,Y,1.0,39.0,2018-05-09,
ASN-001227-02,HRIS-WKR-001227,POS-SAL-L6-0176,JOB-SAL-L6-02,Sales L6 Role 02,SAL,L6,N,0.2,7.8,2020-09-22,
ASN-001228-01,HRIS-WKR-001228,POS-ENG-L5-0029,JOB-ENG-L5-05,Engineering L5 Role 05,ENG,L5,Y,1.0,39.0,2021-01-28,
ASN-001229-01,HRIS-WKR-001229,POS-SAL-L6-0179,JOB-SAL-L6-05,Sales L6 Role 05,SAL,L6,Y,1.0,39.0,2021-02-11,
ASN-001229-02,HRIS-WKR-001229,POS-TEC-L3-0198,JOB-TEC-L3-06,Technology L3 Role 06,TEC,L3,N,0.2,7.8,2023-07-03,
ASN-001230-01,HRIS-WKR-001230,POS-SAL-L5-0170,JOB-SAL-L5-02,Sales L5 Role 02,SAL,L5,Y,1.0,39.0,2019-09-21,
ASN-001231-01,HRIS-WKR-001231,POS-HR-L6-0139,JOB-HR-L6-01,People L6 Role 01,HR,L6,Y,1.0,39.0,2026-01-18,
ASN-001232-01,HRIS-WKR-001232,POS-SAL-L4-0164,JOB-SAL-L4-02,Sales L4 Role 02,SAL,L4,Y,1.0,39.0,2020-10-25,
ASN-001233-01,HRIS-WKR-001233,POS-OPS-L6-0069,JOB-OPS-L6-03,Operations L6 Role 03,OPS,L6,Y,1.0,39.0,2023-11-12,
ASN-001234-01,HRIS-WKR-001234,POS-OPS-L5-0061,JOB-OPS-L5-01,Operations L5 Role 01,OPS,L5,Y,1.0,39.0,2021-04-19,
ASN-001235-01,HRIS-WKR-001235,POS-FIN-L3-0086,JOB-FIN-L3-02,Finance L3 Role 02,FIN,L3,Y,1.0,39.0,2024-08-02,
ASN-001236-01,HRIS-WKR-001236,POS-OPS-L1-0042,JOB-OPS-L1-06,Operations L1 Role 06,OPS,L1,Y,0.8,31.2,2020-11-17,
ASN-001237-01,HRIS-WKR-001237,POS-OPS-L5-0062,JOB-OPS-L5-02,Operations L5 Role 02,OPS,L5,Y,1.0,39.0,2023-12-12,
ASN-001238-01,HRIS-WKR-001238,POS-OPS-L5-0062,JOB-OPS-L5-02,Operations L5 Role 02,OPS,L5,Y,1.0,39.0,2019-12-13,
ASN-001239-01,HRIS-WKR-001239,POS-FIN-L2-0082,JOB-FIN-L2-04,Finance L2 Role 04,FIN,L4,Y,1.0,39.0,2018-04-07,
ASN-001240-01,HRIS-WKR-001240,POS-HR-L2-0119,JOB-HR-L2-05,People L2 Role 05,HR,L4,Y,1.0,39.0,2021-07-28,
ASN-001241-01,HRIS-WKR-001241,POS-FIN-L1-0078,JOB-FIN-L1-06,Finance L1 Role 06,FIN,L1,Y,0.6,23.4,2019-04-28,
ASN-001242-01,HRIS-WKR-001242,POS-ENG-L3-0018,JOB-ENG-L3-06,Engineering L3 Role 06,ENG,L3,Y,0.5,19.5,2025-01-13,
ASN-001243-01,HRIS-WKR-001243,POS-ENG-L1-0003,JOB-ENG-L1-03,Engineering L1 Role 03,ENG,L1,Y,1.0,39.0,2020-02-02,
ASN-001244-01,HRIS-WKR-001244,POS-FIN-L6-0104,JOB-FIN-L6-02,Finance L6 Role 02,FIN,L6,Y,1.0,39.0,2025-09-06,
ASN-001245-01,HRIS-WKR-001245,POS-OPS-L5-0066,JOB-OPS-L5-06,Operations L5 Role 06,OPS,L5,Y,1.0,39.0,2020-06-23,
ASN-001246-01,HRIS-WKR-001246,POS-SAL-L6-0175,JOB-SAL-L6-01,Sales L6 Role 01,SAL,L6,Y,1.0,39.0,2018-07-19,
ASN-001247-01,HRIS-WKR-001247,POS-OPS-L5-0062,JOB-OPS-L5-02,Operations L5 Role 02,OPS,L5,Y,1.0,39.0,2019-01-11,
ASN-001248-01,HRIS-WKR-001248,POS-SAL-L1-0146,JOB-SAL-L1-02,Sales L1 Role 02,SAL,L1,Y,1.0,39.0,2020-07-28,
ASN-001249-01,HRIS-WKR-001249,POS-TEC-L5-0205,JOB-TEC-L5-01,Technology L5 Role 01,TEC,L5,Y,1.0,39.0,2025-09-09,
ASN-001250-01,HRIS-WKR-001250,POS-SAL-L3-0160,JOB-SAL-L3-04,Sales L3 Role 04,SAL,L3,Y,1.0,39.0,2020-01-08,
ASN-001250-02,HRIS-WKR-001250,POS-ENG-L1-0006,JOB-ENG-L1-06,Engineering L1 Role 06,ENG,L1,N,0.3,11.7,2019-06-15,
ASN-001251-01,HRIS-WKR-001251,POS-FIN-L5-0102,JOB-FIN-L5-06,Finance L5 Role 06,FIN,L5,Y,1.0,39.0,2020-08-22,
ASN-001252-01,HRIS-WKR-001252,POS-ENG-L4-0019,JOB-ENG-L4-01,Engineering L4 Role 01,ENG,L4,Y,1.0,39.0,2018-12-12,
ASN-001253-01,HRIS-WKR-001253,POS-SAL-L4-0167,JOB-SAL-L4-05,Sales L4 Role 05,SAL,L4,Y,1.0,39.0,2021-09-10,
ASN-001254-01,HRIS-WKR-001254,POS-ENG-L4-0023,JOB-ENG-L4-05,Engineering L4 Role 05,ENG,L6,Y,1.0,39.0,2021-10-19,
ASN-001255-01,HRIS-WKR-001255,POS-OPS-L3-0051,JOB-OPS-L3-03,Operations L3 Role 03,OPS,L3,Y,0.8,31.2,2019-12-30,
ASN-001256-01,HRIS-WKR-001256,POS-HR-L1-0112,JOB-HR-L1-04,People L1 Role 04,HR,L1,Y,1.0,39.0,2023-03-02,
ASN-001257-01,HRIS-WKR-001257,POS-ENG-L4-0023,JOB-ENG-L4-05,Engineering L4 Role 05,ENG,L4,Y,1.0,39.0,2020-09-04,
ASN-001258-01,HRIS-WKR-001258,POS-FIN-L1-0077,JOB-FIN-L1-05,Finance L1 Role 05,FIN,L1,Y,1.0,39.0,2023-09-17,
ASN-001259-01,HRIS-WKR-001259,POS-HR-L1-0114,JOB-HR-L1-06,People L1 Role 06,HR,L1,Y,1.0,39.0,2025-11-04,
ASN-001260-01,HRIS-WKR-001260,POS-TEC-L5-0206,JOB-TEC-L5-02,Technology L5 Role 02,TEC,L5,Y,1.0,39.0,2020-02-11,
ASN-001261-01,HRIS-WKR-001261,POS-FIN-L3-0086,JOB-FIN-L3-02,Finance L3 Role 02,FIN,L3,Y,0.5,19.5,2019-09-07,
ASN-001262-01,HRIS-WKR-001262,POS-HR-L5-0135,JOB-HR-L5-03,People L5 Role 03,HR,L5,Y,1.0,39.0,2025-04-16,
ASN-001263-01,HRIS-WKR-001263,POS-FIN-L2-0080,JOB-FIN-L2-02,Finance L2 Role 02,FIN,L2,Y,1.0,39.0,2018-10-09,
ASN-001264-01,HRIS-WKR-001264,POS-TEC-L1-0182,JOB-TEC-L1-02,Technology L1 Role 02,TEC,L1,Y,1.0,39.0,2023-03-23,
ASN-001265-01,HRIS-WKR-001265,POS-SAL-L2-0154,JOB-SAL-L2-04,Sales L2 Role 04,SAL,L2,Y,,,2021-10-04,
ASN-001266-01,HRIS-WKR-001266,POS-OPS-L1-0041,JOB-OPS-L1-05,Operations L1 Role 05,OPS,L1,Y,1.0,39.0,2023-05-01,
ASN-001267-01,HRIS-WKR-001267,POS-FIN-L2-0082,JOB-FIN-L2-04,Finance L2 Role 04,FIN,L4,Y,1.0,39.0,2018-08-01,
ASN-001268-01,HRIS-WKR-001268,POS-HR-L4-0128,JOB-HR-L4-02,People L4 Role 02,HR,L4,Y,1.0,39.0,2018-01-18,
ASN-001269-01,HRIS-WKR-001269,POS-HR-L2-0120,JOB-HR-L2-06,People L2 Role 06,HR,L2,Y,1.0,39.0,2022-10-19,
ASN-001270-01,HRIS-WKR-001270,POS-OPS-L2-0044,JOB-OPS-L2-02,Operations L2 Role 02,OPS,L2,Y,1.0,39.0,2026-01-31,
ASN-001271-01,HRIS-WKR-001271,POS-TEC-L1-0181,JOB-TEC-L1-01,Technology L1 Role 01,TEC,L1,Y,1.0,39.0,2019-06-10,
ASN-001272-01,HRIS-WKR-001272,POS-OPS-L4-0056,JOB-OPS-L4-02,Operations L4 Role 02,OPS,L4,Y,1.0,39.0,2024-04-21,
ASN-001273-01,HRIS-WKR-001273,POS-TEC-L1-0184,JOB-TEC-L1-04,Technology L1 Role 04,TEC,L1,Y,0.8,31.2,2023-04-01,
ASN-001274-01,HRIS-WKR-001274,POS-TEC-L1-0183,JOB-TEC-L1-03,Technology L1 Role 03,TEC,L1,Y,1.0,39.0,2024-12-29,
ASN-001275-01,HRIS-WKR-001275,POS-OPS-L1-0040,JOB-OPS-L1-04,Operations L1 Role 04,OPS,L1,Y,1.0,39.0,2023-07-16,
ASN-001276-01,HRIS-WKR-001276,POS-HR-L2-0115,JOB-HR-L2-01,People L2 Role 01,HR,L2,Y,1.0,39.0,2020-12-13,
ASN-001277-01,HRIS-WKR-001277,POS-ENG-L4-0020,JOB-ENG-L4-02,Engineering L4 Role 02,ENG,L4,Y,1.0,39.0,2022-11-08,
ASN-001278-01,HRIS-WKR-001278,POS-SAL-L6-0177,JOB-SAL-L6-03,Sales L6 Role 03,SAL,L6,Y,1.0,39.0,2022-02-24,
ASN-001279-01,HRIS-WKR-001279,POS-SAL-L4-0167,JOB-SAL-L4-05,Sales L4 Role 05,SAL,L4,Y,1.0,39.0,2020-05-18,
ASN-001280-01,HRIS-WKR-001280,POS-SAL-L1-0150,JOB-SAL-L1-06,Sales L1 Role 06,SAL,L1,Y,1.0,39.0,2020-02-13,
ASN-001281-01,HRIS-WKR-001281,POS-HR-L5-0136,JOB-HR-L5-04,People L5 Role 04,HR,L5,Y,1.0,39.0,2019-12-29,
ASN-001282-01,HRIS-WKR-001282,POS-HR-L1-0114,JOB-HR-L1-06,People L1 Role 06,HR,L1,Y,0.8,31.2,2018-10-12,
ASN-001283-01,HRIS-WKR-001283,POS-SAL-L6-0175,JOB-SAL-L6-01,Sales L6 Role 01,SAL,L6,Y,0.5,19.5,2022-02-12,
ASN-001284-01,HRIS-WKR-001284,POS-ENG-L1-0004,JOB-ENG-L1-04,Engineering L1 Role 04,ENG,L1,Y,1.0,39.0,2025-04-25,
ASN-001284-02,HRIS-WKR-001284,POS-SAL-L2-0155,JOB-SAL-L2-05,Sales L2 Role 05,SAL,L2,N,0.3,11.7,2025-08-03,
ASN-001285-01,HRIS-WKR-001285,POS-TEC-L2-0192,JOB-TEC-L2-06,Technology L2 Role 06,TEC,L2,Y,1.0,39.0,2019-08-25,
ASN-001286-01,HRIS-WKR-001286,POS-ENG-L1-0006,JOB-ENG-L1-06,Engineering L1 Role 06,ENG,L1,Y,1.0,39.0,2025-11-29,
ASN-001287-01,HRIS-WKR-001287,POS-TEC-L1-0181,JOB-TEC-L1-01,Technology L1 Role 01,TEC,L1,Y,1.0,39.0,2025-02-02,
ASN-001287-02,HRIS-WKR-001287,POS-SAL-L4-0168,JOB-SAL-L4-06,Sales L4 Role 06,SAL,L4,N,0.3,11.7,2021-11-13,
ASN-001288-01,HRIS-WKR-001288,POS-HR-L1-0109,JOB-HR-L1-01,People L1 Role 01,HR,L1,Y,1.0,39.0,2025-06-22,
ASN-001289-01,HRIS-WKR-001289,POS-HR-L3-0124,JOB-HR-L3-04,People L3 Role 04,HR,L3,Y,1.0,39.0,2020-10-22,
ASN-001290-01,HRIS-WKR-001290,POS-SAL-L2-0156,JOB-SAL-L2-06,Sales L2 Role 06,SAL,L2,Y,0.8,31.2,2022-02-23,
ASN-001291-01,HRIS-WKR-001291,POS-TEC-L6-0214,JOB-TEC-L6-04,Technology L6 Role 04,TEC,L6,Y,1.0,39.0,2022-11-10,
ASN-001292-01,HRIS-WKR-001292,POS-TEC-L5-0210,JOB-TEC-L5-06,Technology L5 Role 06,TEC,L5,Y,1.0,39.0,2020-04-18,
ASN-001293-01,HRIS-WKR-001293,POS-FIN-L4-0096,JOB-FIN-L4-06,Finance L4 Role 06,FIN,L4,Y,1.0,39.0,2020-07-23,
ASN-001294-01,HRIS-WKR-001294,POS-TEC-L2-0192,JOB-TEC-L2-06,Technology L2 Role 06,TEC,L2,Y,0.8,31.2,2023-03-04,
ASN-001295-01,HRIS-WKR-001295,POS-FIN-L2-0084,JOB-FIN-L2-06,Finance L2 Role 06,FIN,L2,Y,1.0,39.0,2018-08-24,
ASN-001296-01,HRIS-WKR-001296,POS-TEC-L2-0188,JOB-TEC-L2-02,Technology L2 Role 02,TEC,L2,Y,1.0,39.0,2025-03-03,
ASN-001297-01,HRIS-WKR-001297,POS-FIN-L1-0073,JOB-FIN-L1-01,Finance L1 Role 01,FIN,L1,Y,1.0,39.0,2019-08-06,
ASN-001298-01,HRIS-WKR-001298,POS-OPS-L5-0064,JOB-OPS-L5-04,Operations L5 Role 04,OPS,L5,Y,0.8,31.2,2018-03-24,
ASN-001299-01,HRIS-WKR-001299,POS-OPS-L5-0065,JOB-OPS-L5-05,Operations L5 Role 05,OPS,L5,Y,0.8,31.2,2021-08-04,
ASN-001300-01,HRIS-WKR-001300,POS-HR-L1-0112,JOB-HR-L1-04,People L1 Role 04,HR,L1,Y,1.0,39.0,2022-11-13,
ASN-001301-01,HRIS-WKR-001301,POS-FIN-L1-0078,JOB-FIN-L1-06,Finance L1 Role 06,FIN,L1,Y,1.0,39.0,2018-11-17,
ASN-001302-01,HRIS-WKR-001302,POS-TEC-L2-0188,JOB-TEC-L2-02,Technology L2 Role 02,TEC,L2,Y,0.8,31.2,2025-06-18,
ASN-001303-01,HRIS-WKR-001303,POS-OPS-L1-0039,JOB-OPS-L1-03,Operations L1 Role 03,OPS,L1,Y,1.0,39.0,2024-11-17,
ASN-001304-01,HRIS-WKR-001304,POS-OPS-L5-0066,JOB-OPS-L5-06,Operations L5 Role 06,OPS,L5,Y,0.5,19.5,2024-12-31,
ASN-001305-01,HRIS-WKR-001305,POS-TEC-L4-0203,JOB-TEC-L4-05,Technology L4 Role 05,TEC,L2,Y,1.0,39.0,2025-11-30,
ASN-001306-01,HRIS-WKR-001306,POS-OPS-L6-0071,JOB-OPS-L6-05,Operations L6 Role 05,OPS,L6,Y,0.5,19.5,2021-12-10,
ASN-001307-01,HRIS-WKR-001307,POS-HR-L2-0119,JOB-HR-L2-05,People L2 Role 05,HR,L2,Y,0.8,31.2,2020-11-10,
ASN-001308-01,HRIS-WKR-001308,POS-OPS-L1-0038,JOB-OPS-L1-02,Operations L1 Role 02,OPS,L1,Y,1.0,39.0,2018-02-09,
ASN-001309-01,HRIS-WKR-001309,POS-OPS-L5-0065,JOB-OPS-L5-05,Operations L5 Role 05,OPS,L5,Y,1.0,39.0,2022-05-03,
ASN-001310-01,HRIS-WKR-001310,POS-OPS-L1-0037,JOB-OPS-L1-01,Operations L1 Role 01,OPS,L1,Y,1.0,39.0,2021-05-10,
ASN-001311-01,HRIS-WKR-001311,POS-ENG-L3-0015,JOB-ENG-L3-03,Engineering L3 Role 03,ENG,L3,Y,1.0,39.0,2025-10-07,
ASN-001312-01,HRIS-WKR-001312,POS-SAL-L2-0153,JOB-SAL-L2-03,Sales L2 Role 03,SAL,L2,Y,0.4,15.6,2021-02-25,
ASN-001313-01,HRIS-WKR-001313,POS-FIN-L3-0090,JOB-FIN-L3-06,Finance L3 Role 06,FIN,L3,Y,1.0,39.0,2019-10-30,
ASN-001314-01,HRIS-WKR-001314,POS-TEC-L5-0206,JOB-TEC-L5-02,Technology L5 Role 02,TEC,L5,Y,1.0,39.0,2018-06-27,
ASN-001314-02,HRIS-WKR-001314,POS-FIN-L6-0107,JOB-FIN-L6-05,Finance L6 Role 05,FIN,L6,N,0.2,7.8,2019-08-03,
ASN-001315-01,HRIS-WKR-001315,POS-FIN-L6-0106,JOB-FIN-L6-04,Finance L6 Role 04,FIN,L6,Y,0.4,15.6,2025-12-04,
ASN-001316-01,HRIS-WKR-001316,POS-TEC-L5-0207,JOB-TEC-L5-03,Technology L5 Role 03,TEC,L5,Y,1.0,39.0,2025-06-27,
ASN-001317-01,HRIS-WKR-001317,POS-ENG-L4-0023,JOB-ENG-L4-05,Engineering L4 Role 05,ENG,L4,Y,1.0,39.0,2018-11-12,
ASN-001318-01,HRIS-WKR-001318,POS-SAL-L1-0148,JOB-SAL-L1-04,Sales L1 Role 04,SAL,L1,Y,1.0,39.0,2018-07-28,
ASN-001319-01,HRIS-WKR-001319,POS-HR-L2-0120,JOB-HR-L2-06,People L2 Role 06,HR,L2,Y,1.0,39.0,2025-02-08,
ASN-001320-01,HRIS-WKR-001320,POS-SAL-L6-0178,JOB-SAL-L6-04,Sales L6 Role 04,SAL,L6,Y,1.0,39.0,2020-01-15,
ASN-001321-01,HRIS-WKR-001321,POS-ENG-L5-0026,JOB-ENG-L5-02,Engineering L5 Role 02,ENG,L5,Y,1.0,39.0,2022-02-17,
ASN-001322-01,HRIS-WKR-001322,POS-SAL-L4-0163,JOB-SAL-L4-01,Sales L4 Role 01,SAL,L4,Y,0.8,31.2,2024-10-27,
ASN-001323-01,HRIS-WKR-001323,POS-SAL-L4-0163,JOB-SAL-L4-01,Sales L4 Role 01,SAL,L4,Y,1.0,39.0,2023-02-23,
ASN-001324-01,HRIS-WKR-001324,POS-HR-L6-0142,JOB-HR-L6-04,People L6 Role 04,HR,L6,Y,1.0,39.0,2022-03-31,
ASN-001325-01,HRIS-WKR-001325,POS-TEC-L5-0209,JOB-TEC-L5-05,Technology L5 Role 05,TEC,L5,Y,1.0,39.0,2018-11-13,
ASN-001326-01,HRIS-WKR-001326,POS-HR-L5-0134,JOB-HR-L5-02,People L5 Role 02,HR,L5,Y,1.0,39.0,2019-04-08,
ASN-001327-01,HRIS-WKR-001327,POS-ENG-L3-0016,JOB-ENG-L3-04,Engineering L3 Role 04,ENG,L3,Y,0.6,23.4,2019-12-10,
ASN-001328-01,HRIS-WKR-001328,POS-OPS-L1-0037,JOB-OPS-L1-01,Operations L1 Role 01,OPS,L1,Y,0.8,31.2,2024-05-05,
ASN-001329-01,HRIS-WKR-001329,POS-OPS-L5-0063,JOB-OPS-L5-03,Operations L5 Role 03,OPS,L5,Y,0.8,31.2,2022-09-25,
ASN-001329-02,HRIS-WKR-001329,POS-SAL-L6-0178,JOB-SAL-L6-04,Sales L6 Role 04,SAL,L6,N,0.2,7.8,2021-05-28,
ASN-001330-01,HRIS-WKR-001330,POS-ENG-L3-0014,JOB-ENG-L3-02,Engineering L3 Role 02,ENG,L3,Y,1.0,39.0,2019-11-02,
ASN-001331-01,HRIS-WKR-001331,POS-TEC-L5-0209,JOB-TEC-L5-05,Technology L5 Role 05,TEC,L5,Y,1.0,39.0,2020-09-06,
ASN-001332-01,HRIS-WKR-001332,POS-FIN-L2-0083,JOB-FIN-L2-05,Finance L2 Role 05,FIN,L2,Y,1.0,39.0,2018-08-15,
ASN-001333-01,HRIS-WKR-001333,POS-HR-L5-0133,JOB-HR-L5-01,People L5 Role 01,HR,L5,Y,1.0,39.0,2020-11-19,
ASN-001334-01,HRIS-WKR-001334,POS-OPS-L5-0063,JOB-OPS-L5-03,Operations L5 Role 03,OPS,L5,Y,1.0,39.0,2023-03-15,
ASN-001335-01,HRIS-WKR-001335,POS-SAL-L2-0155,JOB-SAL-L2-05,Sales L2 Role 05,SAL,L2,Y,1.0,39.0,2024-01-20,
ASN-001336-01,HRIS-WKR-001336,POS-ENG-L2-0008,JOB-ENG-L2-02,Engineering L2 Role 02,ENG,L2,Y,0.8,31.2,2026-01-02,
ASN-001337-01,HRIS-WKR-001337,POS-OPS-L5-0064,JOB-OPS-L5-04,Operations L5 Role 04,OPS,L5,Y,1.0,39.0,2024-12-14,
ASN-001338-01,HRIS-WKR-001338,POS-HR-L4-0132,JOB-HR-L4-06,People L4 Role 06,HR,L4,Y,1.0,39.0,2018-07-30,
ASN-001339-01,HRIS-WKR-001339,POS-SAL-L3-0159,JOB-SAL-L3-03,Sales L3 Role 03,SAL,L3,Y,1.0,39.0,2024-10-10,
ASN-001339-02,HRIS-WKR-001339,POS-OPS-L5-0066,JOB-OPS-L5-06,Operations L5 Role 06,OPS,L5,N,0.2,7.8,2021-11-27,
ASN-001340-01,HRIS-WKR-001340,POS-SAL-L3-0161,JOB-SAL-L3-05,Sales L3 Role 05,SAL,L3,Y,1.0,39.0,2018-02-12,
ASN-001341-01,HRIS-WKR-001341,POS-OPS-L2-0044,JOB-OPS-L2-02,Operations L2 Role 02,OPS,L2,Y,1.0,39.0,2020-11-25,
ASN-001341-02,HRIS-WKR-001341,POS-HR-L4-0131,JOB-HR-L4-05,People L4 Role 05,HR,L4,N,0.3,11.7,2025-10-29,
ASN-001342-01,HRIS-WKR-001342,POS-FIN-L6-0106,JOB-FIN-L6-04,Finance L6 Role 04,FIN,L6,Y,1.0,39.0,2020-05-20,
ASN-001342-02,HRIS-WKR-001342,POS-FIN-L5-0097,JOB-FIN-L5-01,Finance L5 Role 01,FIN,L5,N,0.2,7.8,2020-02-24,
ASN-001343-01,HRIS-WKR-001343,POS-TEC-L2-0192,JOB-TEC-L2-06,Technology L2 Role 06,TEC,L2,Y,1.0,39.0,2021-02-21,
ASN-001344-01,HRIS-WKR-001344,POS-SAL-L4-0164,JOB-SAL-L4-02,Sales L4 Role 02,SAL,L4,Y,1.0,39.0,2020-06-18,
ASN-001345-01,HRIS-WKR-001345,POS-ENG-L3-0014,JOB-ENG-L3-02,Engineering L3 Role 02,ENG,L3,Y,1.0,39.0,2018-12-27,
ASN-001346-01,HRIS-WKR-001346,POS-OPS-L5-0064,JOB-OPS-L5-04,Operations L5 Role 04,OPS,L5,Y,1.0,39.0,2022-08-20,
ASN-001347-01,HRIS-WKR-001347,POS-ENG-L1-0004,JOB-ENG-L1-04,Engineering L1 Role 04,ENG,L1,Y,1.0,39.0,2023-09-11,
ASN-001348-01,HRIS-WKR-001348,POS-OPS-L6-0067,JOB-OPS-L6-01,Operations L6 Role 01,OPS,L6,Y,1.0,39.0,2020-12-01,
ASN-001349-01,HRIS-WKR-001349,POS-HR-L6-0139,JOB-HR-L6-01,People L6 Role 01,HR,L6,Y,0.8,31.2,2020-05-07,
ASN-001350-01,HRIS-WKR-001350,POS-TEC-L6-0211,JOB-TEC-L6-01,Technology L6 Role 01,TEC,L6,Y,1.0,39.0,2018-12-26,
ASN-001351-01,HRIS-WKR-001351,POS-SAL-L4-0164,JOB-SAL-L4-02,Sales L4 Role 02,SAL,L4,Y,1.0,39.0,2024-02-04,
ASN-001352-01,HRIS-WKR-001352,POS-HR-L6-0144,JOB-HR-L6-06,People L6 Role 06,HR,L6,Y,1.0,39.0,2021-02-12,
ASN-001353-01,HRIS-WKR-001353,POS-HR-L5-0138,JOB-HR-L5-06,People L5 Role 06,HR,L5,Y,0.6,23.4,2020-10-14,
ASN-001354-01,HRIS-WKR-001354,POS-ENG-L2-0009,JOB-ENG-L2-03,Engineering L2 Role 03,ENG,L2,Y,1.0,39.0,2022-06-23,
ASN-001355-01,HRIS-WKR-001355,POS-TEC-L3-0195,JOB-TEC-L3-03,Technology L3 Role 03,TEC,L3,Y,1.0,39.0,2020-07-25,
ASN-001356-01,HRIS-WKR-001356,POS-OPS-L3-0050,JOB-OPS-L3-02,Operations L3 Role 02,OPS,L3,Y,1.0,39.0,2025-12-19,
ASN-001357-01,HRIS-WKR-001357,POS-OPS-L4-0059,JOB-OPS-L4-05,Operations L4 Role 05,OPS,L4,Y,1.0,39.0,2022-09-03,
ASN-001358-01,HRIS-WKR-001358,POS-OPS-L4-0055,JOB-OPS-L4-01,Operations L4 Role 01,OPS,L4,Y,1.0,39.0,2019-07-06,
ASN-001359-01,HRIS-WKR-001359,POS-HR-L4-0130,JOB-HR-L4-04,People L4 Role 04,HR,L4,Y,1.0,39.0,2019-04-02,
ASN-001360-01,HRIS-WKR-001360,POS-OPS-L1-0041,JOB-OPS-L1-05,Operations L1 Role 05,OPS,L1,Y,1.0,39.0,2018-03-01,
ASN-001361-01,HRIS-WKR-001361,POS-OPS-L2-0046,JOB-OPS-L2-04,Operations L2 Role 04,OPS,L2,Y,1.0,39.0,2019-06-29,
ASN-001362-01,HRIS-WKR-001362,POS-SAL-L6-0176,JOB-SAL-L6-02,Sales L6 Role 02,SAL,L6,Y,1.0,39.0,2025-10-22,
ASN-001363-01,HRIS-WKR-001363,POS-ENG-L1-0001,JOB-ENG-L1-01,Engineering L1 Role 01,ENG,L1,Y,1.0,39.0,2025-05-12,
ASN-001364-01,HRIS-WKR-001364,POS-SAL-L2-0151,JOB-SAL-L2-01,Sales L2 Role 01,SAL,L2,Y,1.0,39.0,2020-05-31,
ASN-001365-01,HRIS-WKR-001365,POS-SAL-L1-0148,JOB-SAL-L1-04,Sales L1 Role 04,SAL,L3,Y,1.0,39.0,2024-09-18,
ASN-001366-01,HRIS-WKR-001366,POS-HR-L1-0111,JOB-HR-L1-03,People L1 Role 03,HR,L1,Y,1.0,39.0,2023-02-09,
ASN-001367-01,HRIS-WKR-001367,POS-HR-L1-0112,JOB-HR-L1-04,People L1 Role 04,HR,L1,Y,1.0,39.0,2018-09-10,
ASN-001368-01,HRIS-WKR-001368,POS-ENG-L1-0006,JOB-ENG-L1-06,Engineering L1 Role 06,ENG,L1,Y,1.0,39.0,2018-09-14,
ASN-001369-01,HRIS-WKR-001369,POS-OPS-L1-0041,JOB-OPS-L1-05,Operations L1 Role 05,OPS,L1,Y,0.4,15.6,2025-08-22,
ASN-001370-01,HRIS-WKR-001370,POS-OPS-L1-0039,JOB-OPS-L1-03,Operations L1 Role 03,OPS,L1,Y,1.0,39.0,2023-04-06,
ASN-001370-02,HRIS-WKR-001370,POS-TEC-L4-0204,JOB-TEC-L4-06,Technology L4 Role 06,TEC,L4,N,0.2,7.8,2021-12-21,
ASN-001371-01,HRIS-WKR-001371,POS-ENG-L3-0014,JOB-ENG-L3-02,Engineering L3 Role 02,ENG,L1,Y,1.0,39.0,2018-04-11,
ASN-001372-01,HRIS-WKR-001372,POS-FIN-L4-0095,JOB-FIN-L4-05,Finance L4 Role 05,FIN,L4,Y,1.0,39.0,2019-01-19,
ASN-001373-01,HRIS-WKR-001373,POS-TEC-L1-0186,JOB-TEC-L1-06,Technology L1 Role 06,TEC,L1,Y,1.0,39.0,2018-09-05,
ASN-001374-01,HRIS-WKR-001374,POS-HR-L1-0111,JOB-HR-L1-03,People L1 Role 03,HR,L1,Y,0.6,23.4,2019-11-09,
ASN-001375-01,HRIS-WKR-001375,POS-SAL-L4-0167,JOB-SAL-L4-05,Sales L4 Role 05,SAL,L4,Y,1.0,39.0,2025-10-23,
ASN-001376-01,HRIS-WKR-001376,POS-SAL-L5-0172,JOB-SAL-L5-04,Sales L5 Role 04,SAL,L5,Y,0.6,23.4,2023-11-11,
ASN-001376-02,HRIS-WKR-001376,POS-TEC-L5-0207,JOB-TEC-L5-03,Technology L5 Role 03,TEC,L5,N,0.2,7.8,2025-09-01,
ASN-001377-01,HRIS-WKR-001377,POS-HR-L4-0132,JOB-HR-L4-06,People L4 Role 06,HR,L4,Y,1.0,39.0,2025-07-11,
ASN-001378-01,HRIS-WKR-001378,POS-FIN-L4-0095,JOB-FIN-L4-05,Finance L4 Role 05,FIN,L4,Y,1.0,39.0,2023-11-26,
ASN-001379-01,HRIS-WKR-001379,POS-ENG-L5-0029,JOB-ENG-L5-05,Engineering L5 Role 05,ENG,L5,Y,1.0,39.0,2023-12-13,
ASN-001379-02,HRIS-WKR-001379,POS-SAL-L3-0162,JOB-SAL-L3-06,Sales L3 Role 06,SAL,L3,N,0.3,11.7,2019-07-11,
ASN-001380-01,HRIS-WKR-001380,POS-SAL-L6-0175,JOB-SAL-L6-01,Sales L6 Role 01,SAL,L6,Y,1.0,39.0,2025-11-10,
ASN-001380-02,HRIS-WKR-001380,POS-OPS-L4-0055,JOB-OPS-L4-01,Operations L4 Role 01,OPS,L4,N,0.4,15.6,2025-03-02,
ASN-001381-01,HRIS-WKR-001381,POS-HR-L4-0129,JOB-HR-L4-03,People L4 Role 03,HR,L4,Y,1.0,39.0,2018-12-04,
ASN-001382-01,HRIS-WKR-001382,POS-HR-L3-0122,JOB-HR-L3-02,People L3 Role 02,HR,L3,Y,1.0,39.0,2022-04-05,
ASN-001383-01,HRIS-WKR-001383,POS-TEC-L3-0194,JOB-TEC-L3-02,Technology L3 Role 02,TEC,L3,Y,1.0,39.0,2021-10-28,
ASN-001384-01,HRIS-WKR-001384,POS-FIN-L1-0077,JOB-FIN-L1-05,Finance L1 Role 05,FIN,L1,Y,1.0,39.0,2020-08-30,
ASN-001385-01,HRIS-WKR-001385,POS-TEC-L4-0200,JOB-TEC-L4-02,Technology L4 Role 02,TEC,L4,Y,1.0,39.0,2018-09-11,
ASN-001386-01,HRIS-WKR-001386,POS-TEC-L1-0183,JOB-TEC-L1-03,Technology L1 Role 03,TEC,L1,Y,1.0,39.0,2018-09-22,
ASN-001386-02,HRIS-WKR-001386,POS-FIN-L6-0108,JOB-FIN-L6-06,Finance L6 Role 06,FIN,L6,N,0.3,11.7,2019-03-22,
ASN-001387-01,HRIS-WKR-001387,POS-ENG-L6-0033,JOB-ENG-L6-03,Engineering L6 Role 03,ENG,L6,Y,0.8,31.2,2025-05-28,
ASN-001388-01,HRIS-WKR-001388,POS-SAL-L3-0161,JOB-SAL-L3-05,Sales L3 Role 05,SAL,L3,Y,1.0,39.0,2024-08-28,
ASN-001389-01,HRIS-WKR-001389,POS-OPS-L3-0052,JOB-OPS-L3-04,Operations L3 Role 04,OPS,L3,Y,,,2023-01-23,
ASN-001390-01,HRIS-WKR-001390,POS-ENG-L3-0017,JOB-ENG-L3-05,Engineering L3 Role 05,ENG,L3,Y,0.4,15.6,2025-07-28,
ASN-001391-01,HRIS-WKR-001391,POS-OPS-L2-0046,JOB-OPS-L2-04,Operations L2 Role 04,OPS,L2,Y,1.0,39.0,2025-10-21,
ASN-001392-01,HRIS-WKR-001392,POS-ENG-L5-0025,JOB-ENG-L5-01,Engineering L5 Role 01,ENG,L5,Y,1.0,39.0,2025-11-14,
ASN-001392-02,HRIS-WKR-001392,POS-SAL-L6-0176,JOB-SAL-L6-02,Sales L6 Role 02,SAL,L6,N,0.3,11.7,2022-04-28,
ASN-001393-01,HRIS-WKR-001393,POS-TEC-L5-0210,JOB-TEC-L5-06,Technology L5 Role 06,TEC,L5,Y,1.0,39.0,2019-11-28,
ASN-001393-02,HRIS-WKR-001393,POS-TEC-L3-0195,JOB-TEC-L3-03,Technology L3 Role 03,TEC,L3,N,0.2,7.8,2021-09-19,
ASN-001394-01,HRIS-WKR-001394,POS-HR-L5-0137,JOB-HR-L5-05,People L5 Role 05,HR,L5,Y,0.8,31.2,2020-05-23,
ASN-001395-01,HRIS-WKR-001395,POS-ENG-L3-0018,JOB-ENG-L3-06,Engineering L3 Role 06,ENG,L3,Y,1.0,39.0,2022-11-07,
ASN-001396-01,HRIS-WKR-001396,POS-OPS-L2-0048,JOB-OPS-L2-06,Operations L2 Role 06,OPS,L2,Y,1.0,39.0,2019-11-21,
ASN-001397-01,HRIS-WKR-001397,POS-OPS-L4-0059,JOB-OPS-L4-05,Operations L4 Role 05,OPS,L4,Y,1.0,39.0,2019-05-28,
ASN-001398-01,HRIS-WKR-001398,POS-TEC-L3-0193,JOB-TEC-L3-01,Technology L3 Role 01,TEC,L3,Y,1.0,39.0,2019-03-25,
ASN-001399-01,HRIS-WKR-001399,POS-TEC-L5-0205,JOB-TEC-L5-01,Technology L5 Role 01,TEC,L5,Y,0.6,23.4,2019-11-10,
ASN-001400-01,HRIS-WKR-001400,POS-ENG-L3-0018,JOB-ENG-L3-06,Engineering L3 Role 06,ENG,L3,Y,1.0,39.0,2021-09-13,
ASN-001401-01,HRIS-WKR-001401,POS-ENG-L4-0020,JOB-ENG-L4-02,Engineering L4 Role 02,ENG,L4,Y,1.0,39.0,2023-02-20,
ASN-001402-01,HRIS-WKR-001402,POS-OPS-L6-0069,JOB-OPS-L6-03,Operations L6 Role 03,OPS,L6,Y,,,2021-05-30,
ASN-001403-01,HRIS-WKR-001403,POS-SAL-L4-0167,JOB-SAL-L4-05,Sales L4 Role 05,SAL,L4,Y,1.0,39.0,2021-05-07,
ASN-001404-01,HRIS-WKR-001404,POS-HR-L6-0139,JOB-HR-L6-01,People L6 Role 01,HR,L6,Y,0.4,15.6,2020-05-20,
ASN-001405-01,HRIS-WKR-001405,POS-FIN-L4-0093,JOB-FIN-L4-03,Finance L4 Role 03,FIN,L4,Y,0.8,31.2,2019-11-24,
ASN-001406-01,HRIS-WKR-001406,POS-SAL-L3-0159,JOB-SAL-L3-03,Sales L3 Role 03,SAL,L3,Y,0.6,23.4,2018-03-02,
ASN-001407-01,HRIS-WKR-001407,POS-ENG-L2-0010,JOB-ENG-L2-04,Engineering L2 Role 04,ENG,L2,Y,0.8,31.2,2019-09-04,
ASN-001408-01,HRIS-WKR-001408,POS-ENG-L5-0029,JOB-ENG-L5-05,Engineering L5 Role 05,ENG,L5,Y,1.0,39.0,2019-09-02,
ASN-001409-01,HRIS-WKR-001409,POS-SAL-L6-0178,JOB-SAL-L6-04,Sales L6 Role 04,SAL,L6,Y,1.0,39.0,2025-10-04,
ASN-001410-01,HRIS-WKR-001410,POS-HR-L4-0132,JOB-HR-L4-06,People L4 Role 06,HR,L4,Y,0.8,31.2,2019-02-01,
ASN-001411-01,HRIS-WKR-001411,POS-FIN-L3-0085,JOB-FIN-L3-01,Finance L3 Role 01,FIN,L3,Y,0.6,23.4,2019-06-23,
ASN-001412-01,HRIS-WKR-001412,POS-FIN-L4-0096,JOB-FIN-L4-06,Finance L4 Role 06,FIN,L4,Y,1.0,39.0,2025-01-19,
ASN-001413-01,HRIS-WKR-001413,POS-OPS-L3-0053,JOB-OPS-L3-05,Operations L3 Role 05,OPS,L3,Y,1.0,39.0,2021-10-26,
ASN-001414-01,HRIS-WKR-001414,POS-HR-L3-0121,JOB-HR-L3-01,People L3 Role 01,HR,L3,Y,1.0,39.0,2022-11-18,
ASN-001415-01,HRIS-WKR-001415,POS-HR-L1-0110,JOB-HR-L1-02,People L1 Role 02,HR,L1,Y,0.6,23.4,2018-07-19,
ASN-001416-01,HRIS-WKR-001416,POS-FIN-L4-0095,JOB-FIN-L4-05,Finance L4 Role 05,FIN,L4,Y,0.4,15.6,2021-04-06,
ASN-001417-01,HRIS-WKR-001417,POS-SAL-L2-0154,JOB-SAL-L2-04,Sales L2 Role 04,SAL,L2,Y,1.0,39.0,2018-09-18,
ASN-001418-01,HRIS-WKR-001418,POS-FIN-L3-0087,JOB-FIN-L3-03,Finance L3 Role 03,FIN,L3,Y,,,2024-04-28,
ASN-001419-01,HRIS-WKR-001419,POS-ENG-L1-0004,JOB-ENG-L1-04,Engineering L1 Role 04,ENG,L1,Y,1.0,39.0,2021-08-06,
ASN-001420-01,HRIS-WKR-001420,POS-ENG-L3-0016,JOB-ENG-L3-04,Engineering L3 Role 04,ENG,L3,Y,1.0,39.0,2023-08-17,
ASN-001421-01,HRIS-WKR-001421,POS-OPS-L1-0040,JOB-OPS-L1-04,Operations L1 Role 04,OPS,L1,Y,1.0,39.0,2018-06-06,
ASN-001422-01,HRIS-WKR-001422,POS-FIN-L2-0084,JOB-FIN-L2-06,Finance L2 Role 06,FIN,L2,Y,1.0,39.0,2020-10-19,
ASN-001423-01,HRIS-WKR-001423,POS-TEC-L4-0202,JOB-TEC-L4-04,Technology L4 Role 04,TEC,L4,Y,0.6,23.4,2025-11-15,
ASN-001424-01,HRIS-WKR-001424,POS-FIN-L3-0088,JOB-FIN-L3-04,Finance L3 Role 04,FIN,L3,Y,1.0,39.0,2019-05-07,
ASN-001425-01,HRIS-WKR-001425,POS-ENG-L5-0026,JOB-ENG-L5-02,Engineering L5 Role 02,ENG,L5,Y,1.0,39.0,2023-10-23,
ASN-001426-01,HRIS-WKR-001426,POS-ENG-L6-0035,JOB-ENG-L6-05,Engineering L6 Role 05,ENG,L6,Y,1.0,39.0,2021-08-14,
ASN-001427-01,HRIS-WKR-001427,POS-OPS-L4-0059,JOB-OPS-L4-05,Operations L4 Role 05,OPS,L4,Y,1.0,39.0,2018-09-09,
ASN-001428-01,HRIS-WKR-001428,POS-TEC-L4-0204,JOB-TEC-L4-06,Technology L4 Role 06,TEC,L4,Y,1.0,39.0,2024-06-19,
ASN-001429-01,HRIS-WKR-001429,POS-HR-L4-0127,JOB-HR-L4-01,People L4 Role 01,HR,L4,Y,,,2024-08-10,
ASN-001430-01,HRIS-WKR-001430,POS-ENG-L1-0002,JOB-ENG-L1-02,Engineering L1 Role 02,ENG,L1,Y,1.0,39.0,2018-12-24,
ASN-001431-01,HRIS-WKR-001431,POS-TEC-L1-0183,JOB-TEC-L1-03,Technology L1 Role 03,TEC,L1,Y,1.0,39.0,2023-03-02,
ASN-001431-02,HRIS-WKR-001431,POS-SAL-L1-0145,JOB-SAL-L1-01,Sales L1 Role 01,SAL,L1,N,0.3,11.7,2025-05-28,
ASN-001432-01,HRIS-WKR-001432,POS-HR-L1-0112,JOB-HR-L1-04,People L1 Role 04,HR,L1,Y,1.0,39.0,2019-02-17,
ASN-001433-01,HRIS-WKR-001433,POS-ENG-L4-0023,JOB-ENG-L4-05,Engineering L4 Role 05,ENG,L4,Y,1.0,39.0,2019-12-15,
ASN-001434-01,HRIS-WKR-001434,POS-FIN-L6-0103,JOB-FIN-L6-01,Finance L6 Role 01,FIN,L6,Y,,,2023-05-26,
ASN-001435-01,HRIS-WKR-001435,POS-OPS-L3-0054,JOB-OPS-L3-06,Operations L3 Role 06,OPS,L3,Y,1.0,39.0,2025-01-26,
ASN-001436-01,HRIS-WKR-001436,POS-FIN-L4-0091,JOB-FIN-L4-01,Finance L4 Role 01,FIN,L4,Y,1.0,39.0,2021-12-17,
ASN-001437-01,HRIS-WKR-001437,POS-HR-L3-0124,JOB-HR-L3-04,People L3 Role 04,HR,L3,Y,1.0,39.0,2020-12-08,
ASN-001438-01,HRIS-WKR-001438,POS-ENG-L3-0018,JOB-ENG-L3-06,Engineering L3 Role 06,ENG,L3,Y,0.6,23.4,2021-05-11,
ASN-001439-01,HRIS-WKR-001439,POS-HR-L6-0143,JOB-HR-L6-05,People L6 Role 05,HR,L6,Y,1.0,39.0,2022-07-09,
ASN-001440-01,HRIS-WKR-001440,POS-OPS-L4-0056,JOB-OPS-L4-02,Operations L4 Role 02,OPS,L4,Y,0.8,31.2,2022-04-15,
ASN-001441-01,HRIS-WKR-001441,POS-FIN-L5-0101,JOB-FIN-L5-05,Finance L5 Role 05,FIN,L5,Y,1.0,39.0,2023-11-24,
ASN-001441-02,HRIS-WKR-001441,POS-FIN-L5-0102,JOB-FIN-L5-06,Finance L5 Role 06,FIN,L5,N,0.2,7.8,2021-07-10,
ASN-001442-01,HRIS-WKR-001442,POS-ENG-L5-0025,JOB-ENG-L5-01,Engineering L5 Role 01,ENG,L5,Y,0.4,15.6,2019-06-09,
ASN-001443-01,HRIS-WKR-001443,POS-ENG-L2-0009,JOB-ENG-L2-03,Engineering L2 Role 03,ENG,L2,Y,1.0,39.0,2021-05-15,
ASN-001444-01,HRIS-WKR-001444,POS-FIN-L4-0093,JOB-FIN-L4-03,Finance L4 Role 03,FIN,L4,Y,1.0,39.0,2022-10-29,
ASN-001445-01,HRIS-WKR-001445,POS-SAL-L2-0151,JOB-SAL-L2-01,Sales L2 Role 01,SAL,L2,Y,1.0,39.0,2020-07-07,
ASN-001446-01,HRIS-WKR-001446,POS-FIN-L2-0081,JOB-FIN-L2-03,Finance L2 Role 03,FIN,L2,Y,0.6,23.4,2018-01-18,
ASN-001447-01,HRIS-WKR-001447,POS-HR-L1-0111,JOB-HR-L1-03,People L1 Role 03,HR,L1,Y,1.0,39.0,2023-09-03,
ASN-001447-02,HRIS-WKR-001447,POS-HR-L5-0136,JOB-HR-L5-04,People L5 Role 04,HR,L5,N,0.2,7.8,2021-04-14,
ASN-001448-01,HRIS-WKR-001448,POS-FIN-L1-0075,JOB-FIN-L1-03,Finance L1 Role 03,FIN,L1,Y,0.8,31.2,2022-04-06,
ASN-001449-01,HRIS-WKR-001449,POS-ENG-L3-0015,JOB-ENG-L3-03,Engineering L3 Role 03,ENG,L3,Y,1.0,39.0,2019-03-29,
ASN-001450-01,HRIS-WKR-001450,POS-OPS-L3-0053,JOB-OPS-L3-05,Operations L3 Role 05,OPS,L3,Y,,,2019-01-11,
ASN-001451-01,HRIS-WKR-001451,POS-OPS-L3-0052,JOB-OPS-L3-04,Operations L3 Role 04,OPS,L3,Y,0.8,31.2,2023-04-03,
ASN-001452-01,HRIS-WKR-001452,POS-SAL-L5-0170,JOB-SAL-L5-02,Sales L5 Role 02,SAL,L5,Y,0.8,31.2,2024-06-02,
ASN-001453-01,HRIS-WKR-001453,POS-ENG-L4-0024,JOB-ENG-L4-06,Engineering L4 Role 06,ENG,L4,Y,1.0,39.0,2021-12-18,
ASN-001453-02,HRIS-WKR-001453,POS-ENG-L4-0019,JOB-ENG-L4-01,Engineering L4 Role 01,ENG,L4,N,0.3,11.7,2026-01-21,
ASN-001454-01,HRIS-WKR-001454,POS-FIN-L2-0082,JOB-FIN-L2-04,Finance L2 Role 04,FIN,L2,Y,0.8,31.2,2021-02-15,
ASN-001455-01,HRIS-WKR-001455,POS-ENG-L2-0008,JOB-ENG-L2-02,Engineering L2 Role 02,ENG,L1,Y,1.0,39.0,2019-07-19,
ASN-001456-01,HRIS-WKR-001456,POS-FIN-L5-0102,JOB-FIN-L5-06,Finance L5 Role 06,FIN,L5,Y,1.0,39.0,2018-06-24,
ASN-001456-02,HRIS-WKR-001456,POS-OPS-L4-0060,JOB-OPS-L4-06,Operations L4 Role 06,OPS,L4,N,0.4,15.6,2021-04-01,
ASN-001457-01,HRIS-WKR-001457,POS-TEC-L3-0194,JOB-TEC-L3-02,Technology L3 Role 02,TEC,L3,Y,1.0,39.0,2020-12-06,
ASN-001458-01,HRIS-WKR-001458,POS-SAL-L4-0164,JOB-SAL-L4-02,Sales L4 Role 02,SAL,L4,Y,0.8,31.2,2025-08-11,
ASN-001459-01,HRIS-WKR-001459,POS-ENG-L6-0036,JOB-ENG-L6-06,Engineering L6 Role 06,ENG,L6,Y,1.0,39.0,2021-02-20,
ASN-001460-01,HRIS-WKR-001460,POS-SAL-L3-0161,JOB-SAL-L3-05,Sales L3 Role 05,SAL,L3,Y,1.0,39.0,2018-03-06,
ASN-001461-01,HRIS-WKR-001461,POS-FIN-L2-0080,JOB-FIN-L2-02,Finance L2 Role 02,FIN,L2,Y,0.6,23.4,2019-07-02,
ASN-001462-01,HRIS-WKR-001462,POS-TEC-L5-0210,JOB-TEC-L5-06,Technology L5 Role 06,TEC,L5,Y,1.0,39.0,2021-07-16,
ASN-001463-01,HRIS-WKR-001463,POS-TEC-L3-0194,JOB-TEC-L3-02,Technology L3 Role 02,TEC,L3,Y,1.0,39.0,2024-08-30,
ASN-001463-02,HRIS-WKR-001463,POS-OPS-L5-0062,JOB-OPS-L5-02,Operations L5 Role 02,OPS,L5,N,0.2,7.8,2024-02-03,
ASN-001464-01,HRIS-WKR-001464,POS-HR-L1-0111,JOB-HR-L1-03,People L1 Role 03,HR,L1,Y,0.5,19.5,2024-10-15,
ASN-001464-02,HRIS-WKR-001464,POS-FIN-L3-0089,JOB-FIN-L3-05,Finance L3 Role 05,FIN,L3,N,0.2,7.8,2022-03-31,
ASN-001465-01,HRIS-WKR-001465,POS-HR-L5-0137,JOB-HR-L5-05,People L5 Role 05,HR,L5,Y,1.0,39.0,2025-04-28,
ASN-001466-01,HRIS-WKR-001466,POS-TEC-L2-0188,JOB-TEC-L2-02,Technology L2 Role 02,TEC,L2,Y,0.8,31.2,2020-06-13,
ASN-001467-01,HRIS-WKR-001467,POS-HR-L6-0141,JOB-HR-L6-03,People L6 Role 03,HR,L6,Y,1.0,39.0,2022-01-05,
ASN-001468-01,HRIS-WKR-001468,POS-ENG-L3-0016,JOB-ENG-L3-04,Engineering L3 Role 04,ENG,L3,Y,1.0,39.0,2020-02-20,
ASN-001469-01,HRIS-WKR-001469,POS-SAL-L5-0174,JOB-SAL-L5-06,Sales L5 Role 06,SAL,L5,Y,0.8,31.2,2018-01-04,
ASN-001470-01,HRIS-WKR-001470,POS-SAL-L3-0162,JOB-SAL-L3-06,Sales L3 Role 06,SAL,L3,Y,1.0,39.0,2021-05-14,
ASN-001471-01,HRIS-WKR-001471,POS-TEC-L6-0216,JOB-TEC-L6-06,Technology L6 Role 06,TEC,L6,Y,1.0,39.0,2020-06-13,
ASN-001472-01,HRIS-WKR-001472,POS-HR-L4-0128,JOB-HR-L4-02,People L4 Role 02,HR,L4,Y,1.0,39.0,2023-07-08,
ASN-001473-01,HRIS-WKR-001473,POS-ENG-L5-0025,JOB-ENG-L5-01,Engineering L5 Role 01,ENG,L5,Y,1.0,39.0,2025-11-28,
ASN-001474-01,HRIS-WKR-001474,POS-OPS-L2-0043,JOB-OPS-L2-01,Operations L2 Role 01,OPS,L2,Y,0.8,31.2,2023-05-04,
ASN-001475-01,HRIS-WKR-001475,POS-SAL-L2-0153,JOB-SAL-L2-03,Sales L2 Role 03,SAL,L2,Y,1.0,39.0,2023-10-05,
ASN-001476-01,HRIS-WKR-001476,POS-SAL-L3-0162,JOB-SAL-L3-06,Sales L3 Role 06,SAL,L3,Y,0.8,31.2,2024-01-24,
ASN-001477-01,HRIS-WKR-001477,POS-FIN-L4-0095,JOB-FIN-L4-05,Finance L4 Role 05,FIN,L4,Y,1.0,39.0,2024-08-28,
ASN-001477-02,HRIS-WKR-001477,POS-SAL-L2-0153,JOB-SAL-L2-03,Sales L2 Role 03,SAL,L2,N,0.2,7.8,2019-06-21,
ASN-001478-01,HRIS-WKR-001478,POS-FIN-L2-0079,JOB-FIN-L2-01,Finance L2 Role 01,FIN,L2,Y,,,2022-06-07,
ASN-001479-01,HRIS-WKR-001479,POS-HR-L2-0118,JOB-HR-L2-04,People L2 Role 04,HR,L2,Y,1.0,39.0,2021-07-11,
ASN-001480-01,HRIS-WKR-001480,POS-OPS-L4-0055,JOB-OPS-L4-01,Operations L4 Role 01,OPS,L4,Y,0.8,31.2,2022-08-07,
ASN-001481-01,HRIS-WKR-001481,POS-ENG-L6-0035,JOB-ENG-L6-05,Engineering L6 Role 05,ENG,L6,Y,1.0,39.0,2021-09-13,
ASN-001482-01,HRIS-WKR-001482,POS-OPS-L2-0047,JOB-OPS-L2-05,Operations L2 Role 05,OPS,L2,Y,0.8,31.2,2019-07-19,
ASN-001483-01,HRIS-WKR-001483,POS-OPS-L3-0053,JOB-OPS-L3-05,Operations L3 Role 05,OPS,L3,Y,1.0,39.0,2019-06-11,
ASN-001484-01,HRIS-WKR-001484,POS-ENG-L1-0002,JOB-ENG-L1-02,Engineering L1 Role 02,ENG,L1,Y,1.0,39.0,2025-02-09,
ASN-001484-02,HRIS-WKR-001484,POS-SAL-L2-0153,JOB-SAL-L2-03,Sales L2 Role 03,SAL,L2,N,0.2,7.8,2022-02-02,
ASN-001485-01,HRIS-WKR-001485,POS-SAL-L2-0152,JOB-SAL-L2-02,Sales L2 Role 02,SAL,L2,Y,1.0,39.0,2020-11-16,
ASN-001486-01,HRIS-WKR-001486,POS-ENG-L5-0030,JOB-ENG-L5-06,Engineering L5 Role 06,ENG,L5,Y,0.6,23.4,2025-03-09,
ASN-001487-01,HRIS-WKR-001487,POS-HR-L5-0137,JOB-HR-L5-05,People L5 Role 05,HR,L5,Y,1.0,39.0,2021-04-15,
ASN-001488-01,HRIS-WKR-001488,POS-TEC-L2-0190,JOB-TEC-L2-04,Technology L2 Role 04,TEC,L4,Y,1.0,39.0,2020-05-11,
ASN-001489-01,HRIS-WKR-001489,POS-OPS-L2-0048,JOB-OPS-L2-06,Operations L2 Role 06,OPS,L2,Y,1.0,39.0,2024-03-16,
ASN-001490-01,HRIS-WKR-001490,POS-FIN-L5-0100,JOB-FIN-L5-04,Finance L5 Role 04,FIN,L5,Y,1.0,39.0,2025-02-03,
ASN-001491-01,HRIS-WKR-001491,POS-ENG-L2-0009,JOB-ENG-L2-03,Engineering L2 Role 03,ENG,L2,Y,0.8,31.2,2022-04-04,
ASN-001492-01,HRIS-WKR-001492,POS-HR-L4-0127,JOB-HR-L4-01,People L4 Role 01,HR,L4,Y,1.0,39.0,2023-02-18,
ASN-001493-01,HRIS-WKR-001493,POS-TEC-L1-0183,JOB-TEC-L1-03,Technology L1 Role 03,TEC,L1,Y,0.6,23.4,2022-11-13,
ASN-001494-01,HRIS-WKR-001494,POS-FIN-L3-0089,JOB-FIN-L3-05,Finance L3 Role 05,FIN,L3,Y,1.0,39.0,2026-01-14,
ASN-001495-01,HRIS-WKR-001495,POS-OPS-L5-0066,JOB-OPS-L5-06,Operations L5 Role 06,OPS,L3,Y,1.0,39.0,2023-02-24,
ASN-001496-01,HRIS-WKR-001496,POS-FIN-L5-0101,JOB-FIN-L5-05,Finance L5 Role 05,FIN,L5,Y,1.0,39.0,2023-02-27,
ASN-001497-01,HRIS-WKR-001497,POS-OPS-L1-0041,JOB-OPS-L1-05,Operations L1 Role 05,OPS,L1,Y,0.8,31.2,2019-05-23,
ASN-001498-01,HRIS-WKR-001498,POS-OPS-L2-0044,JOB-OPS-L2-02,Operations L2 Role 02,OPS,L2,Y,1.0,39.0,2024-03-17,
ASN-001499-01,HRIS-WKR-001499,POS-OPS-L4-0059,JOB-OPS-L4-05,Operations L4 Role 05,OPS,L4,Y,1.0,39.0,2018-11-14,
ASN-001500-01,HRIS-WKR-001500,POS-TEC-L1-0183,JOB-TEC-L1-03,Technology L1 Role 03,TEC,L1,Y,1.0,39.0,2023-11-24,
ASN-001501-01,HRIS-WKR-001501,POS-HR-L6-0139,JOB-HR-L6-01,People L6 Role 01,HR,L6,Y,1.0,39.0,2024-11-24,
ASN-001502-01,HRIS-WKR-001502,POS-TEC-L3-0196,JOB-TEC-L3-04,Technology L3 Role 04,TEC,L3,Y,1.0,39.0,2024-01-11,
ASN-001503-01,HRIS-WKR-001503,POS-HR-L4-0131,JOB-HR-L4-05,People L4 Role 05,HR,L4,Y,1.0,39.0,2022-07-10,
ASN-001504-01,HRIS-WKR-001504,POS-SAL-L4-0163,JOB-SAL-L4-01,Sales L4 Role 01,SAL,L4,Y,1.0,39.0,2024-07-09,
ASN-001505-01,HRIS-WKR-001505,POS-ENG-L5-0025,JOB-ENG-L5-01,Engineering L5 Role 01,ENG,L5,Y,,,2021-05-18,
ASN-001506-01,HRIS-WKR-001506,POS-ENG-L6-0031,JOB-ENG-L6-01,Engineering L6 Role 01,ENG,L6,Y,1.0,39.0,2018-06-13,
ASN-001506-02,HRIS-WKR-001506,POS-SAL-L4-0168,JOB-SAL-L4-06,Sales L4 Role 06,SAL,L4,N,0.2,7.8,2019-08-31,
ASN-001507-01,HRIS-WKR-001507,POS-OPS-L5-0062,JOB-OPS-L5-02,Operations L5 Role 02,OPS,L5,Y,1.0,39.0,2024-03-06,
ASN-001507-02,HRIS-WKR-001507,POS-HR-L1-0112,JOB-HR-L1-04,People L1 Role 04,HR,L1,N,0.2,7.8,2025-04-19,
ASN-001508-01,HRIS-WKR-001508,POS-FIN-L4-0095,JOB-FIN-L4-05,Finance L4 Role 05,FIN,L4,Y,1.0,39.0,2025-10-01,
ASN-001509-01,HRIS-WKR-001509,POS-SAL-L1-0148,JOB-SAL-L1-04,Sales L1 Role 04,SAL,L1,Y,1.0,39.0,2021-08-02,
ASN-001510-01,HRIS-WKR-001510,POS-FIN-L6-0108,JOB-FIN-L6-06,Finance L6 Role 06,FIN,L6,Y,1.0,39.0,2019-06-23,
ASN-001511-01,HRIS-WKR-001511,POS-TEC-L4-0202,JOB-TEC-L4-04,Technology L4 Role 04,TEC,L4,Y,0.6,23.4,2020-10-15,
ASN-001512-01,HRIS-WKR-001512,POS-SAL-L3-0161,JOB-SAL-L3-05,Sales L3 Role 05,SAL,L3,Y,1.0,39.0,2024-09-30,
ASN-001513-01,HRIS-WKR-001513,POS-SAL-L3-0157,JOB-SAL-L3-01,Sales L3 Role 01,SAL,L3,Y,0.8,31.2,2023-08-09,
ASN-001514-01,HRIS-WKR-001514,POS-FIN-L6-0106,JOB-FIN-L6-04,Finance L6 Role 04,FIN,L6,Y,1.0,39.0,2020-08-13,
ASN-001515-01,HRIS-WKR-001515,POS-SAL-L4-0165,JOB-SAL-L4-03,Sales L4 Role 03,SAL,L2,Y,1.0,39.0,2025-11-11,
ASN-001515-02,HRIS-WKR-001515,POS-ENG-L2-0010,JOB-ENG-L2-04,Engineering L2 Role 04,ENG,L2,N,0.3,11.7,2024-09-19,
ASN-001516-01,HRIS-WKR-001516,POS-OPS-L4-0057,JOB-OPS-L4-03,Operations L4 Role 03,OPS,L2,Y,0.5,19.5,2025-10-27,
ASN-001517-01,HRIS-WKR-001517,POS-HR-L1-0109,JOB-HR-L1-01,People L1 Role 01,HR,L1,Y,1.0,39.0,2019-08-25,
ASN-001518-01,HRIS-WKR-001518,POS-SAL-L6-0180,JOB-SAL-L6-06,Sales L6 Role 06,SAL,L6,Y,1.0,39.0,2021-07-04,
ASN-001519-01,HRIS-WKR-001519,POS-HR-L5-0135,JOB-HR-L5-03,People L5 Role 03,HR,L5,Y,1.0,39.0,2021-01-03,
ASN-001520-01,HRIS-WKR-001520,POS-FIN-L1-0076,JOB-FIN-L1-04,Finance L1 Role 04,FIN,L1,Y,1.0,39.0,2025-12-25,
ASN-001521-01,HRIS-WKR-001521,POS-SAL-L1-0150,JOB-SAL-L1-06,Sales L1 Role 06,SAL,L1,Y,1.0,39.0,2022-11-04,
ASN-001522-01,HRIS-WKR-001522,POS-ENG-L6-0032,JOB-ENG-L6-02,Engineering L6 Role 02,ENG,L6,Y,0.8,31.2,2018-11-04,
ASN-001523-01,HRIS-WKR-001523,POS-SAL-L3-0160,JOB-SAL-L3-04,Sales L3 Role 04,SAL,L3,Y,1.0,39.0,2019-01-08,
ASN-001524-01,HRIS-WKR-001524,POS-OPS-L6-0068,JOB-OPS-L6-02,Operations L6 Role 02,OPS,L6,Y,1.0,39.0,2020-12-24,
ASN-001524-02,HRIS-WKR-001524,POS-FIN-L3-0086,JOB-FIN-L3-02,Finance L3 Role 02,FIN,L3,N,0.3,11.7,2021-06-17,
ASN-001525-01,HRIS-WKR-001525,POS-TEC-L6-0214,JOB-TEC-L6-04,Technology L6 Role 04,TEC,L6,Y,1.0,39.0,2024-04-19,
ASN-001526-01,HRIS-WKR-001526,POS-ENG-L2-0012,JOB-ENG-L2-06,Engineering L2 Role 06,ENG,L2,Y,0.6,23.4,2019-06-11,
ASN-001526-02,HRIS-WKR-001526,POS-TEC-L3-0198,JOB-TEC-L3-06,Technology L3 Role 06,TEC,L3,N,0.2,7.8,2023-08-28,
ASN-001527-01,HRIS-WKR-001527,POS-HR-L5-0137,JOB-HR-L5-05,People L5 Role 05,HR,L5,Y,1.0,39.0,2021-08-21,
ASN-001528-01,HRIS-WKR-001528,POS-FIN-L6-0108,JOB-FIN-L6-06,Finance L6 Role 06,FIN,L6,Y,1.0,39.0,2024-05-28,
ASN-001529-01,HRIS-WKR-001529,POS-FIN-L2-0079,JOB-FIN-L2-01,Finance L2 Role 01,FIN,L2,Y,0.4,15.6,2024-11-30,
ASN-001530-01,HRIS-WKR-001530,POS-FIN-L5-0098,JOB-FIN-L5-02,Finance L5 Role 02,FIN,L5,Y,0.8,31.2,2020-05-12,
ASN-001530-02,HRIS-WKR-001530,POS-OPS-L4-0059,JOB-OPS-L4-05,Operations L4 Role 05,OPS,L4,N,0.4,15.6,2024-03-28,
ASN-001531-01,HRIS-WKR-001531,POS-OPS-L1-0039,JOB-OPS-L1-03,Operations L1 Role 03,OPS,L1,Y,1.0,39.0,2019-11-05,
ASN-001532-01,HRIS-WKR-001532,POS-ENG-L4-0019,JOB-ENG-L4-01,Engineering L4 Role 01,ENG,L4,Y,1.0,39.0,2018-09-12,
ASN-001533-01,HRIS-WKR-001533,POS-TEC-L4-0204,JOB-TEC-L4-06,Technology L4 Role 06,TEC,L4,Y,1.0,39.0,2025-06-15,
ASN-001534-01,HRIS-WKR-001534,POS-ENG-L2-0007,JOB-ENG-L2-01,Engineering L2 Role 01,ENG,L2,Y,1.0,39.0,2024-05-09,
ASN-001534-02,HRIS-WKR-001534,POS-HR-L4-0132,JOB-HR-L4-06,People L4 Role 06,HR,L4,N,0.3,11.7,2019-05-28,
ASN-001535-01,HRIS-WKR-001535,POS-OPS-L2-0048,JOB-OPS-L2-06,Operations L2 Role 06,OPS,L2,Y,1.0,39.0,2018-08-24,
ASN-001536-01,HRIS-WKR-001536,POS-TEC-L5-0206,JOB-TEC-L5-02,Technology L5 Role 02,TEC,L5,Y,1.0,39.0,2023-12-06,
ASN-001537-01,HRIS-WKR-001537,POS-TEC-L4-0201,JOB-TEC-L4-03,Technology L4 Role 03,TEC,L4,Y,0.6,23.4,2018-09-23,
ASN-001538-01,HRIS-WKR-001538,POS-HR-L6-0142,JOB-HR-L6-04,People L6 Role 04,HR,L6,Y,1.0,39.0,2018-11-25,
ASN-001539-01,HRIS-WKR-001539,POS-HR-L5-0134,JOB-HR-L5-02,People L5 Role 02,HR,L5,Y,0.8,31.2,2023-04-19,
ASN-001540-01,HRIS-WKR-001540,POS-TEC-L6-0213,JOB-TEC-L6-03,Technology L6 Role 03,TEC,L6,Y,0.8,31.2,2021-10-22,
ASN-001541-01,HRIS-WKR-001541,POS-HR-L6-0142,JOB-HR-L6-04,People L6 Role 04,HR,L6,Y,1.0,39.0,2024-10-22,
ASN-001542-01,HRIS-WKR-001542,POS-HR-L4-0128,JOB-HR-L4-02,People L4 Role 02,HR,L4,Y,1.0,39.0,2019-10-10,
ASN-001542-02,HRIS-WKR-001542,POS-SAL-L5-0171,JOB-SAL-L5-03,Sales L5 Role 03,SAL,L5,N,0.4,15.6,2026-01-14,
ASN-001543-01,HRIS-WKR-001543,POS-SAL-L6-0180,JOB-SAL-L6-06,Sales L6 Role 06,SAL,L6,Y,1.0,39.0,2024-08-08,
ASN-001544-01,HRIS-WKR-001544,POS-ENG-L5-0028,JOB-ENG-L5-04,Engineering L5 Role 04,ENG,L5,Y,0.5,19.5,2024-09-25,
ASN-001545-01,HRIS-WKR-001545,POS-FIN-L1-0075,JOB-FIN-L1-03,Finance L1 Role 03,FIN,L1,Y,1.0,39.0,2023-03-29,
ASN-001546-01,HRIS-WKR-001546,POS-OPS-L1-0039,JOB-OPS-L1-03,Operations L1 Role 03,OPS,L1,Y,1.0,39.0,2024-03-09,
ASN-001547-01,HRIS-WKR-001547,POS-FIN-L3-0090,JOB-FIN-L3-06,Finance L3 Role 06,FIN,L3,Y,1.0,39.0,2021-06-02,
ASN-001548-01,HRIS-WKR-001548,POS-FIN-L1-0075,JOB-FIN-L1-03,Finance L1 Role 03,FIN,L1,Y,1.0,39.0,2020-06-07,
ASN-001549-01,HRIS-WKR-001549,POS-SAL-L5-0171,JOB-SAL-L5-03,Sales L5 Role 03,SAL,L5,Y,0.6,23.4,2023-11-16,
ASN-001550-01,HRIS-WKR-001550,POS-TEC-L2-0187,JOB-TEC-L2-01,Technology L2 Role 01,TEC,L2,Y,1.0,39.0,2025-05-29,
ASN-001551-01,HRIS-WKR-001551,POS-OPS-L1-0042,JOB-OPS-L1-06,Operations L1 Role 06,OPS,L1,Y,1.0,39.0,2018-06-02,
ASN-001552-01,HRIS-WKR-001552,POS-TEC-L5-0208,JOB-TEC-L5-04,Technology L5 Role 04,TEC,L5,Y,1.0,39.0,2018-05-13,
ASN-001553-01,HRIS-WKR-001553,POS-SAL-L5-0174,JOB-SAL-L5-06,Sales L5 Role 06,SAL,L5,Y,1.0,39.0,2025-12-31,
ASN-001554-01,HRIS-WKR-001554,POS-FIN-L2-0079,JOB-FIN-L2-01,Finance L2 Role 01,FIN,L2,Y,1.0,39.0,2023-08-18,
ASN-001555-01,HRIS-WKR-001555,POS-OPS-L2-0048,JOB-OPS-L2-06,Operations L2 Role 06,OPS,L2,Y,1.0,39.0,2018-07-31,
ASN-001556-01,HRIS-WKR-001556,POS-OPS-L4-0060,JOB-OPS-L4-06,Operations L4 Role 06,OPS,L4,Y,1.0,39.0,2023-12-02,
ASN-001556-02,HRIS-WKR-001556,POS-OPS-L4-0055,JOB-OPS-L4-01,Operations L4 Role 01,OPS,L4,N,0.3,11.7,2019-06-18,
ASN-001557-01,HRIS-WKR-001557,POS-OPS-L6-0070,JOB-OPS-L6-04,Operations L6 Role 04,OPS,L4,Y,1.0,39.0,2021-02-07,
ASN-001557-02,HRIS-WKR-001557,POS-HR-L3-0124,JOB-HR-L3-04,People L3 Role 04,HR,L3,N,0.4,15.6,2022-03-10,
ASN-001558-01,HRIS-WKR-001558,POS-FIN-L4-0092,JOB-FIN-L4-02,Finance L4 Role 02,FIN,L4,Y,1.0,39.0,2023-09-28,
ASN-001559-01,HRIS-WKR-001559,POS-HR-L2-0117,JOB-HR-L2-03,People L2 Role 03,HR,L2,Y,1.0,39.0,2019-06-30,
ASN-001559-02,HRIS-WKR-001559,POS-ENG-L5-0027,JOB-ENG-L5-03,Engineering L5 Role 03,ENG,L5,N,0.4,15.6,2023-09-26,
ASN-001560-01,HRIS-WKR-001560,POS-FIN-L2-0081,JOB-FIN-L2-03,Finance L2 Role 03,FIN,L1,Y,1.0,39.0,2025-10-04,
ASN-001561-01,HRIS-WKR-001561,POS-ENG-L3-0015,JOB-ENG-L3-03,Engineering L3 Role 03,ENG,L3,Y,1.0,39.0,2025-06-06,
ASN-001561-02,HRIS-WKR-001561,POS-OPS-L4-0056,JOB-OPS-L4-02,Operations L4 Role 02,OPS,L4,N,0.2,7.8,2021-05-05,
ASN-001562-01,HRIS-WKR-001562,POS-OPS-L5-0063,JOB-OPS-L5-03,Operations L5 Role 03,OPS,L5,Y,1.0,39.0,2022-01-16,
ASN-001563-01,HRIS-WKR-001563,POS-OPS-L5-0065,JOB-OPS-L5-05,Operations L5 Role 05,OPS,L5,Y,1.0,39.0,2021-10-02,
ASN-001563-02,HRIS-WKR-001563,POS-TEC-L1-0186,JOB-TEC-L1-06,Technology L1 Role 06,TEC,L1,N,0.3,11.7,2024-01-31,
ASN-001564-01,HRIS-WKR-001564,POS-TEC-L1-0185,JOB-TEC-L1-05,Technology L1 Role 05,TEC,L1,Y,1.0,39.0,2024-05-08,
ASN-001565-01,HRIS-WKR-001565,POS-FIN-L1-0078,JOB-FIN-L1-06,Finance L1 Role 06,FIN,L1,Y,1.0,39.0,2024-09-22,
ASN-001566-01,HRIS-WKR-001566,POS-OPS-L1-0040,JOB-OPS-L1-04,Operations L1 Role 04,OPS,L1,Y,1.0,39.0,2018-01-13,
ASN-001567-01,HRIS-WKR-001567,POS-ENG-L1-0005,JOB-ENG-L1-05,Engineering L1 Role 05,ENG,L1,Y,1.0,39.0,2021-08-25,
ASN-001568-01,HRIS-WKR-001568,POS-FIN-L5-0102,JOB-FIN-L5-06,Finance L5 Role 06,FIN,L5,Y,0.8,31.2,2020-04-13,
ASN-001569-01,HRIS-WKR-001569,POS-HR-L5-0137,JOB-HR-L5-05,People L5 Role 05,HR,L5,Y,1.0,39.0,2025-06-12,
ASN-001570-01,HRIS-WKR-001570,POS-HR-L5-0136,JOB-HR-L5-04,People L5 Role 04,HR,L5,Y,1.0,39.0,2018-07-10,
ASN-001571-01,HRIS-WKR-001571,POS-HR-L6-0143,JOB-HR-L6-05,People L6 Role 05,HR,L6,Y,0.8,31.2,2019-10-04,
ASN-001572-01,HRIS-WKR-001572,POS-TEC-L3-0194,JOB-TEC-L3-02,Technology L3 Role 02,TEC,L3,Y,0.6,23.4,2023-03-05,
ASN-001573-01,HRIS-WKR-001573,POS-FIN-L5-0100,JOB-FIN-L5-04,Finance L5 Role 04,FIN,L5,Y,1.0,39.0,2018-03-12,
ASN-001574-01,HRIS-WKR-001574,POS-FIN-L4-0091,JOB-FIN-L4-01,Finance L4 Role 01,FIN,L4,Y,1.0,39.0,2023-06-03,
ASN-001575-01,HRIS-WKR-001575,POS-ENG-L1-0005,JOB-ENG-L1-05,Engineering L1 Role 05,ENG,L1,Y,0.5,19.5,2024-05-09,
ASN-001576-01,HRIS-WKR-001576,POS-TEC-L5-0208,JOB-TEC-L5-04,Technology L5 Role 04,TEC,L5,Y,1.0,39.0,2019-09-29,
ASN-001577-01,HRIS-WKR-001577,POS-TEC-L6-0216,JOB-TEC-L6-06,Technology L6 Role 06,TEC,L6,Y,1.0,39.0,2018-02-16,
ASN-001578-01,HRIS-WKR-001578,POS-HR-L3-0122,JOB-HR-L3-02,People L3 Role 02,HR,L3,Y,0.8,31.2,2020-08-07,
ASN-001579-01,HRIS-WKR-001579,POS-FIN-L4-0091,JOB-FIN-L4-01,Finance L4 Role 01,FIN,L4,Y,0.6,23.4,2026-01-28,
ASN-001580-01,HRIS-WKR-001580,POS-SAL-L1-0149,JOB-SAL-L1-05,Sales L1 Role 05,SAL,L1,Y,1.0,39.0,2019-01-16,
ASN-001580-02,HRIS-WKR-001580,POS-ENG-L6-0036,JOB-ENG-L6-06,Engineering L6 Role 06,ENG,L6,N,0.4,15.6,2021-08-22,
ASN-001581-01,HRIS-WKR-001581,POS-SAL-L5-0169,JOB-SAL-L5-01,Sales L5 Role 01,SAL,L5,Y,,,2022-06-19,
ASN-001582-01,HRIS-WKR-001582,POS-HR-L4-0129,JOB-HR-L4-03,People L4 Role 03,HR,L4,Y,1.0,39.0,2022-02-27,
ASN-001583-01,HRIS-WKR-001583,POS-HR-L2-0119,JOB-HR-L2-05,People L2 Role 05,HR,L2,Y,1.0,39.0,2020-12-10,
ASN-001584-01,HRIS-WKR-001584,POS-FIN-L4-0095,JOB-FIN-L4-05,Finance L4 Role 05,FIN,L4,Y,0.6,23.4,2020-09-03,
ASN-001585-01,HRIS-WKR-001585,POS-TEC-L3-0194,JOB-TEC-L3-02,Technology L3 Role 02,TEC,L3,Y,0.6,23.4,2024-01-19,
ASN-001586-01,HRIS-WKR-001586,POS-ENG-L1-0002,JOB-ENG-L1-02,Engineering L1 Role 02,ENG,L1,Y,0.5,19.5,2024-09-05,
ASN-001587-01,HRIS-WKR-001587,POS-SAL-L6-0176,JOB-SAL-L6-02,Sales L6 Role 02,SAL,L6,Y,1.0,39.0,2018-08-30,
ASN-001588-01,HRIS-WKR-001588,POS-OPS-L6-0069,JOB-OPS-L6-03,Operations L6 Role 03,OPS,L6,Y,0.6,23.4,2021-02-28,
ASN-001589-01,HRIS-WKR-001589,POS-TEC-L1-0186,JOB-TEC-L1-06,Technology L1 Role 06,TEC,L1,Y,0.8,31.2,2020-08-27,
ASN-001589-02,HRIS-WKR-001589,POS-HR-L4-0132,JOB-HR-L4-06,People L4 Role 06,HR,L4,N,0.3,11.7,2024-04-08,
ASN-001590-01,HRIS-WKR-001590,POS-HR-L1-0109,JOB-HR-L1-01,People L1 Role 01,HR,L1,Y,1.0,39.0,2024-06-16,
ASN-001591-01,HRIS-WKR-001591,POS-FIN-L4-0096,JOB-FIN-L4-06,Finance L4 Role 06,FIN,L4,Y,1.0,39.0,2018-01-09,
ASN-001591-02,HRIS-WKR-001591,POS-OPS-L2-0045,JOB-OPS-L2-03,Operations L2 Role 03,OPS,L2,N,0.3,11.7,2025-06-18,
ASN-001592-01,HRIS-WKR-001592,POS-HR-L2-0118,JOB-HR-L2-04,People L2 Role 04,HR,L2,Y,1.0,39.0,2019-03-01,
ASN-001593-01,HRIS-WKR-001593,POS-FIN-L3-0085,JOB-FIN-L3-01,Finance L3 Role 01,FIN,L5,Y,0.8,31.2,2020-01-01,
ASN-001594-01,HRIS-WKR-001594,POS-FIN-L5-0099,JOB-FIN-L5-03,Finance L5 Role 03,FIN,L5,Y,1.0,39.0,2018-01-01,
ASN-001595-01,HRIS-WKR-001595,POS-TEC-L1-0183,JOB-TEC-L1-03,Technology L1 Role 03,TEC,L1,Y,,,2026-01-25,
ASN-001596-01,HRIS-WKR-001596,POS-SAL-L1-0150,JOB-SAL-L1-06,Sales L1 Role 06,SAL,L1,Y,1.0,39.0,2025-10-26,
ASN-001597-01,HRIS-WKR-001597,POS-HR-L6-0142,JOB-HR-L6-04,People L6 Role 04,HR,L6,Y,1.0,39.0,2019-03-17,
ASN-001598-01,HRIS-WKR-001598,POS-TEC-L4-0204,JOB-TEC-L4-06,Technology L4 Role 06,TEC,L4,Y,1.0,39.0,2020-04-07,
ASN-001599-01,HRIS-WKR-001599,POS-HR-L1-0113,JOB-HR-L1-05,People L1 Role 05,HR,L1,Y,0.8,31.2,2024-05-28,
ASN-001600-01,HRIS-WKR-001600,POS-ENG-L2-0010,JOB-ENG-L2-04,Engineering L2 Role 04,ENG,L2,Y,1.0,39.0,2025-12-17,
ASN-001601-01,HRIS-WKR-001601,POS-TEC-L1-0185,JOB-TEC-L1-05,Technology L1 Role 05,TEC,L1,Y,0.8,31.2,2024-07-30,
ASN-001601-02,HRIS-WKR-001601,POS-OPS-L5-0061,JOB-OPS-L5-01,Operations L5 Role 01,OPS,L5,N,0.3,11.7,2024-11-22,
ASN-001602-01,HRIS-WKR-001602,POS-ENG-L6-0033,JOB-ENG-L6-03,Engineering L6 Role 03,ENG,L6,Y,0.6,23.4,2019-02-23,
ASN-001602-02,HRIS-WKR-001602,POS-FIN-L5-0102,JOB-FIN-L5-06,Finance L5 Role 06,FIN,L5,N,0.2,7.8,2022-05-31,
ASN-001603-01,HRIS-WKR-001603,POS-TEC-L2-0187,JOB-TEC-L2-01,Technology L2 Role 01,TEC,L2,Y,1.0,39.0,2019-06-10,
ASN-001603-02,HRIS-WKR-001603,POS-SAL-L2-0156,JOB-SAL-L2-06,Sales L2 Role 06,SAL,L2,N,0.3,11.7,2019-04-29,
ASN-001604-01,HRIS-WKR-001604,POS-SAL-L3-0161,JOB-SAL-L3-05,Sales L3 Role 05,SAL,L3,Y,0.8,31.2,2025-11-18,
ASN-001605-01,HRIS-WKR-001605,POS-SAL-L2-0152,JOB-SAL-L2-02,Sales L2 Role 02,SAL,L2,Y,1.0,39.0,2024-05-15,
ASN-001606-01,HRIS-WKR-001606,POS-ENG-L4-0019,JOB-ENG-L4-01,Engineering L4 Role 01,ENG,L4,Y,,,2018-10-19,
ASN-001606-02,HRIS-WKR-001606,POS-ENG-L5-0028,JOB-ENG-L5-04,Engineering L5 Role 04,ENG,L5,N,0.2,7.8,2018-01-08,
ASN-001607-01,HRIS-WKR-001607,POS-TEC-L3-0198,JOB-TEC-L3-06,Technology L3 Role 06,TEC,L3,Y,0.6,23.4,2018-05-21,
ASN-001608-01,HRIS-WKR-001608,POS-FIN-L2-0084,JOB-FIN-L2-06,Finance L2 Role 06,FIN,L2,Y,0.6,23.4,2025-05-29,
ASN-001609-01,HRIS-WKR-001609,POS-ENG-L4-0020,JOB-ENG-L4-02,Engineering L4 Role 02,ENG,L4,Y,1.0,39.0,2026-01-11,
ASN-001610-01,HRIS-WKR-001610,POS-FIN-L5-0102,JOB-FIN-L5-06,Finance L5 Role 06,FIN,L5,Y,1.0,39.0,2021-05-10,
ASN-001610-02,HRIS-WKR-001610,POS-FIN-L4-0094,JOB-FIN-L4-04,Finance L4 Role 04,FIN,L4,N,0.4,15.6,2020-11-06,
ASN-001611-01,HRIS-WKR-001611,POS-ENG-L1-0004,JOB-ENG-L1-04,Engineering L1 Role 04,ENG,L1,Y,1.0,39.0,2018-12-29,
ASN-001611-02,HRIS-WKR-001611,POS-HR-L3-0122,JOB-HR-L3-02,People L3 Role 02,HR,L3,N,0.2,7.8,2025-01-29,
ASN-001612-01,HRIS-WKR-001612,POS-ENG-L6-0036,JOB-ENG-L6-06,Engineering L6 Role 06,ENG,L6,Y,1.0,39.0,2019-10-16,
ASN-001613-01,HRIS-WKR-001613,POS-FIN-L1-0073,JOB-FIN-L1-01,Finance L1 Role 01,FIN,L3,Y,1.0,39.0,2023-12-10,
ASN-001614-01,HRIS-WKR-001614,POS-TEC-L3-0197,JOB-TEC-L3-05,Technology L3 Role 05,TEC,L3,Y,0.5,19.5,2022-07-07,
ASN-001615-01,HRIS-WKR-001615,POS-FIN-L3-0087,JOB-FIN-L3-03,Finance L3 Role 03,FIN,L3,Y,1.0,39.0,2019-06-06,
ASN-001615-02,HRIS-WKR-001615,POS-ENG-L2-0010,JOB-ENG-L2-04,Engineering L2 Role 04,ENG,L2,N,0.3,11.7,2020-11-08,
ASN-001616-01,HRIS-WKR-001616,POS-HR-L5-0134,JOB-HR-L5-02,People L5 Role 02,HR,L5,Y,1.0,39.0,2022-10-10,
ASN-001617-01,HRIS-WKR-001617,POS-FIN-L2-0080,JOB-FIN-L2-02,Finance L2 Role 02,FIN,L2,Y,0.5,19.5,2018-08-01,
ASN-001618-01,HRIS-WKR-001618,POS-FIN-L1-0078,JOB-FIN-L1-06,Finance L1 Role 06,FIN,L1,Y,1.0,39.0,2019-11-26,
ASN-001619-01,HRIS-WKR-001619,POS-OPS-L5-0065,JOB-OPS-L5-05,Operations L5 Role 05,OPS,L5,Y,0.8,31.2,2023-09-16,
ASN-001620-01,HRIS-WKR-001620,POS-OPS-L2-0045,JOB-OPS-L2-03,Operations L2 Role 03,OPS,L2,Y,1.0,39.0,2020-04-18,
ASN-001621-01,HRIS-WKR-001621,POS-FIN-L3-0089,JOB-FIN-L3-05,Finance L3 Role 05,FIN,L3,Y,0.8,31.2,2025-09-04,
ASN-001622-01,HRIS-WKR-001622,POS-SAL-L6-0180,JOB-SAL-L6-06,Sales L6 Role 06,SAL,L6,Y,1.0,39.0,2020-08-23,
ASN-001623-01,HRIS-WKR-001623,POS-HR-L1-0110,JOB-HR-L1-02,People L1 Role 02,HR,L1,Y,1.0,39.0,2019-06-14,
ASN-001624-01,HRIS-WKR-001624,POS-OPS-L1-0040,JOB-OPS-L1-04,Operations L1 Role 04,OPS,L1,Y,0.8,31.2,2023-05-29,
ASN-001625-01,HRIS-WKR-001625,POS-SAL-L6-0177,JOB-SAL-L6-03,Sales L6 Role 03,SAL,L6,Y,1.0,39.0,2021-06-16,
ASN-001626-01,HRIS-WKR-001626,POS-HR-L6-0141,JOB-HR-L6-03,People L6 Role 03,HR,L6,Y,1.0,39.0,2025-04-28,
ASN-001627-01,HRIS-WKR-001627,POS-ENG-L4-0022,JOB-ENG-L4-04,Engineering L4 Role 04,ENG,L4,Y,1.0,39.0,2020-09-27,
ASN-001628-01,HRIS-WKR-001628,POS-ENG-L1-0001,JOB-ENG-L1-01,Engineering L1 Role 01,ENG,L1,Y,1.0,39.0,2023-10-23,
ASN-001629-01,HRIS-WKR-001629,POS-ENG-L4-0019,JOB-ENG-L4-01,Engineering L4 Role 01,ENG,L4,Y,1.0,39.0,2022-06-18,
ASN-001630-01,HRIS-WKR-001630,POS-HR-L6-0144,JOB-HR-L6-06,People L6 Role 06,HR,L6,Y,1.0,39.0,2021-11-04,
ASN-001631-01,HRIS-WKR-001631,POS-ENG-L5-0028,JOB-ENG-L5-04,Engineering L5 Role 04,ENG,L5,Y,1.0,39.0,2019-11-14,
ASN-001632-01,HRIS-WKR-001632,POS-ENG-L1-0003,JOB-ENG-L1-03,Engineering L1 Role 03,ENG,L1,Y,1.0,39.0,2023-11-30,
ASN-001633-01,HRIS-WKR-001633,POS-HR-L2-0120,JOB-HR-L2-06,People L2 Role 06,HR,L2,Y,1.0,39.0,2020-06-03,
ASN-001634-01,HRIS-WKR-001634,POS-HR-L3-0125,JOB-HR-L3-05,People L3 Role 05,HR,L3,Y,1.0,39.0,2021-09-27,
ASN-001635-01,HRIS-WKR-001635,POS-SAL-L6-0180,JOB-SAL-L6-06,Sales L6 Role 06,SAL,L6,Y,1.0,39.0,2021-09-18,
ASN-001635-02,HRIS-WKR-001635,POS-SAL-L3-0157,JOB-SAL-L3-01,Sales L3 Role 01,SAL,L3,N,0.2,7.8,2021-11-16,
ASN-001636-01,HRIS-WKR-001636,POS-FIN-L3-0085,JOB-FIN-L3-01,Finance L3 Role 01,FIN,L1,Y,1.0,39.0,2025-07-06,
ASN-001637-01,HRIS-WKR-001637,POS-SAL-L2-0155,JOB-SAL-L2-05,Sales L2 Role 05,SAL,L2,Y,0.8,31.2,2021-12-05,
ASN-001638-01,HRIS-WKR-001638,POS-TEC-L4-0201,JOB-TEC-L4-03,Technology L4 Role 03,TEC,L4,Y,1.0,39.0,2025-03-03,
ASN-001639-01,HRIS-WKR-001639,POS-FIN-L3-0089,JOB-FIN-L3-05,Finance L3 Role 05,FIN,L3,Y,1.0,39.0,2019-01-26,
ASN-001640-01,HRIS-WKR-001640,POS-TEC-L1-0186,JOB-TEC-L1-06,Technology L1 Role 06,TEC,L1,Y,1.0,39.0,2025-01-25,
ASN-001641-01,HRIS-WKR-001641,POS-SAL-L5-0173,JOB-SAL-L5-05,Sales L5 Role 05,SAL,L5,Y,1.0,39.0,2021-05-06,
ASN-001642-01,HRIS-WKR-001642,POS-SAL-L1-0146,JOB-SAL-L1-02,Sales L1 Role 02,SAL,L1,Y,0.8,31.2,2019-12-12,
ASN-001643-01,HRIS-WKR-001643,POS-FIN-L6-0108,JOB-FIN-L6-06,Finance L6 Role 06,FIN,L6,Y,1.0,39.0,2025-01-10,
ASN-001644-01,HRIS-WKR-001644,POS-ENG-L2-0007,JOB-ENG-L2-01,Engineering L2 Role 01,ENG,L2,Y,1.0,39.0,2021-02-10,
ASN-001644-02,HRIS-WKR-001644,POS-OPS-L5-0062,JOB-OPS-L5-02,Operations L5 Role 02,OPS,L5,N,0.4,15.6,2025-06-24,
ASN-001645-01,HRIS-WKR-001645,POS-HR-L6-0142,JOB-HR-L6-04,People L6 Role 04,HR,L6,Y,1.0,39.0,2025-10-21,
ASN-001646-01,HRIS-WKR-001646,POS-OPS-L1-0041,JOB-OPS-L1-05,Operations L1 Role 05,OPS,L1,Y,0.6,23.4,2021-07-26,
ASN-001647-01,HRIS-WKR-001647,POS-HR-L6-0139,JOB-HR-L6-01,People L6 Role 01,HR,L6,Y,1.0,39.0,2024-08-07,
ASN-001647-02,HRIS-WKR-001647,POS-OPS-L1-0038,JOB-OPS-L1-02,Operations L1 Role 02,OPS,L1,N,0.4,15.6,2024-11-15,
ASN-001648-01,HRIS-WKR-001648,POS-OPS-L6-0069,JOB-OPS-L6-03,Operations L6 Role 03,OPS,L6,Y,1.0,39.0,2021-04-10,
ASN-001649-01,HRIS-WKR-001649,POS-SAL-L3-0157,JOB-SAL-L3-01,Sales L3 Role 01,SAL,L1,Y,0.6,23.4,2018-11-07,
ASN-001650-01,HRIS-WKR-001650,POS-FIN-L3-0089,JOB-FIN-L3-05,Finance L3 Role 05,FIN,L3,Y,0.6,23.4,2021-06-03,
ASN-001651-01,HRIS-WKR-001651,POS-OPS-L5-0065,JOB-OPS-L5-05,Operations L5 Role 05,OPS,L5,Y,1.0,39.0,2021-11-27,
ASN-001652-01,HRIS-WKR-001652,POS-OPS-L5-0065,JOB-OPS-L5-05,Operations L5 Role 05,OPS,L5,Y,1.0,39.0,2018-07-17,
ASN-001653-01,HRIS-WKR-001653,POS-FIN-L4-0094,JOB-FIN-L4-04,Finance L4 Role 04,FIN,L4,Y,1.0,39.0,2022-01-31,
ASN-001654-01,HRIS-WKR-001654,POS-TEC-L3-0197,JOB-TEC-L3-05,Technology L3 Role 05,TEC,L3,Y,1.0,39.0,2021-09-24,
ASN-001655-01,HRIS-WKR-001655,POS-HR-L1-0110,JOB-HR-L1-02,People L1 Role 02,HR,L1,Y,,,2019-08-26,
ASN-001656-01,HRIS-WKR-001656,POS-HR-L4-0127,JOB-HR-L4-01,People L4 Role 01,HR,L4,Y,0.6,23.4,2019-01-11,
ASN-001657-01,HRIS-WKR-001657,POS-TEC-L4-0200,JOB-TEC-L4-02,Technology L4 Role 02,TEC,L4,Y,1.0,39.0,2018-09-06,
ASN-001658-01,HRIS-WKR-001658,POS-TEC-L1-0186,JOB-TEC-L1-06,Technology L1 Role 06,TEC,L1,Y,1.0,39.0,2022-11-08,
ASN-001659-01,HRIS-WKR-001659,POS-TEC-L4-0202,JOB-TEC-L4-04,Technology L4 Role 04,TEC,L4,Y,1.0,39.0,2021-01-09,
ASN-001660-01,HRIS-WKR-001660,POS-FIN-L3-0089,JOB-FIN-L3-05,Finance L3 Role 05,FIN,L3,Y,1.0,39.0,2021-03-09,
ASN-001661-01,HRIS-WKR-001661,POS-OPS-L1-0041,JOB-OPS-L1-05,Operations L1 Role 05,OPS,L1,Y,1.0,39.0,2023-07-11,
ASN-001662-01,HRIS-WKR-001662,POS-TEC-L1-0181,JOB-TEC-L1-01,Technology L1 Role 01,TEC,L1,Y,1.0,39.0,2022-01-06,
ASN-001663-01,HRIS-WKR-001663,POS-SAL-L1-0149,JOB-SAL-L1-05,Sales L1 Role 05,SAL,L1,Y,1.0,39.0,2020-09-30,
ASN-001664-01,HRIS-WKR-001664,POS-TEC-L2-0187,JOB-TEC-L2-01,Technology L2 Role 01,TEC,L2,Y,0.6,23.4,2018-11-07,
ASN-001665-01,HRIS-WKR-001665,POS-FIN-L3-0085,JOB-FIN-L3-01,Finance L3 Role 01,FIN,L3,Y,1.0,39.0,2020-01-16,
ASN-001666-01,HRIS-WKR-001666,POS-FIN-L6-0107,JOB-FIN-L6-05,Finance L6 Role 05,FIN,L6,Y,1.0,39.0,2019-11-09,
ASN-001667-01,HRIS-WKR-001667,POS-OPS-L2-0045,JOB-OPS-L2-03,Operations L2 Role 03,OPS,L2,Y,0.6,23.4,2019-01-17,
ASN-001668-01,HRIS-WKR-001668,POS-OPS-L5-0066,JOB-OPS-L5-06,Operations L5 Role 06,OPS,L5,Y,1.0,39.0,2021-11-10,
ASN-001669-01,HRIS-WKR-001669,POS-HR-L3-0126,JOB-HR-L3-06,People L3 Role 06,HR,L3,Y,1.0,39.0,2022-08-16,
ASN-001669-02,HRIS-WKR-001669,POS-OPS-L6-0068,JOB-OPS-L6-02,Operations L6 Role 02,OPS,L6,N,0.4,15.6,2023-11-14,
ASN-001670-01,HRIS-WKR-001670,POS-SAL-L1-0150,JOB-SAL-L1-06,Sales L1 Role 06,SAL,L1,Y,1.0,39.0,2024-05-22,
ASN-001671-01,HRIS-WKR-001671,POS-SAL-L1-0150,JOB-SAL-L1-06,Sales L1 Role 06,SAL,L1,Y,0.6,23.4,2018-07-31,
ASN-001671-02,HRIS-WKR-001671,POS-HR-L2-0117,JOB-HR-L2-03,People L2 Role 03,HR,L2,N,0.3,11.7,2025-12-22,
ASN-001672-01,HRIS-WKR-001672,POS-FIN-L1-0074,JOB-FIN-L1-02,Finance L1 Role 02,FIN,L1,Y,1.0,39.0,2020-03-12,
ASN-001673-01,HRIS-WKR-001673,POS-OPS-L5-0063,JOB-OPS-L5-03,Operations L5 Role 03,OPS,L5,Y,1.0,39.0,2022-09-26,
ASN-001674-01,HRIS-WKR-001674,POS-OPS-L1-0038,JOB-OPS-L1-02,Operations L1 Role 02,OPS,L1,Y,1.0,39.0,2019-03-20,
ASN-001675-01,HRIS-WKR-001675,POS-ENG-L1-0004,JOB-ENG-L1-04,Engineering L1 Role 04,ENG,L1,Y,1.0,39.0,2022-02-08,
ASN-001676-01,HRIS-WKR-001676,POS-OPS-L3-0051,JOB-OPS-L3-03,Operations L3 Role 03,OPS,L3,Y,1.0,39.0,2025-07-07,
ASN-001677-01,HRIS-WKR-001677,POS-FIN-L5-0098,JOB-FIN-L5-02,Finance L5 Role 02,FIN,L5,Y,1.0,39.0,2021-12-14,
ASN-001678-01,HRIS-WKR-001678,POS-FIN-L5-0097,JOB-FIN-L5-01,Finance L5 Role 01,FIN,L5,Y,1.0,39.0,2023-03-06,
ASN-001679-01,HRIS-WKR-001679,POS-OPS-L2-0046,JOB-OPS-L2-04,Operations L2 Role 04,OPS,L2,Y,1.0,39.0,2021-10-21,
ASN-001680-01,HRIS-WKR-001680,POS-HR-L6-0143,JOB-HR-L6-05,People L6 Role 05,HR,L6,Y,1.0,39.0,2023-02-02,
ASN-001681-01,HRIS-WKR-001681,POS-FIN-L5-0097,JOB-FIN-L5-01,Finance L5 Role 01,FIN,L5,Y,0.6,23.4,2020-07-16,
ASN-001682-01,HRIS-WKR-001682,POS-OPS-L4-0056,JOB-OPS-L4-02,Operations L4 Role 02,OPS,L4,Y,0.6,23.4,2023-04-15,
ASN-001683-01,HRIS-WKR-001683,POS-FIN-L4-0095,JOB-FIN-L4-05,Finance L4 Role 05,FIN,L4,Y,1.0,39.0,2022-02-08,
ASN-001684-01,HRIS-WKR-001684,POS-SAL-L4-0167,JOB-SAL-L4-05,Sales L4 Role 05,SAL,L4,Y,0.8,31.2,2020-04-12,
ASN-001685-01,HRIS-WKR-001685,POS-HR-L4-0132,JOB-HR-L4-06,People L4 Role 06,HR,L4,Y,1.0,39.0,2022-07-11,
ASN-001686-01,HRIS-WKR-001686,POS-ENG-L1-0006,JOB-ENG-L1-06,Engineering L1 Role 06,ENG,L1,Y,1.0,39.0,2019-08-02,
ASN-001687-01,HRIS-WKR-001687,POS-TEC-L4-0200,JOB-TEC-L4-02,Technology L4 Role 02,TEC,L4,Y,1.0,39.0,2021-12-23,
ASN-001688-01,HRIS-WKR-001688,POS-ENG-L6-0033,JOB-ENG-L6-03,Engineering L6 Role 03,ENG,L6,Y,1.0,39.0,2019-10-25,
ASN-001688-02,HRIS-WKR-001688,POS-FIN-L5-0097,JOB-FIN-L5-01,Finance L5 Role 01,FIN,L5,N,0.2,7.8,2018-04-08,
ASN-001689-01,HRIS-WKR-001689,POS-HR-L6-0143,JOB-HR-L6-05,People L6 Role 05,HR,L6,Y,1.0,39.0,2023-01-18,
ASN-001690-01,HRIS-WKR-001690,POS-FIN-L6-0106,JOB-FIN-L6-04,Finance L6 Role 04,FIN,L6,Y,1.0,39.0,2018-10-15,
ASN-001691-01,HRIS-WKR-001691,POS-HR-L3-0126,JOB-HR-L3-06,People L3 Role 06,HR,L3,Y,0.8,31.2,2018-04-13,
ASN-001692-01,HRIS-WKR-001692,POS-ENG-L2-0010,JOB-ENG-L2-04,Engineering L2 Role 04,ENG,L2,Y,1.0,39.0,2023-03-28,
ASN-001693-01,HRIS-WKR-001693,POS-SAL-L4-0166,JOB-SAL-L4-04,Sales L4 Role 04,SAL,L4,Y,0.6,23.4,2019-10-19,
ASN-001694-01,HRIS-WKR-001694,POS-FIN-L1-0074,JOB-FIN-L1-02,Finance L1 Role 02,FIN,L1,Y,0.5,19.5,2019-03-02,
ASN-001694-02,HRIS-WKR-001694,POS-ENG-L4-0021,JOB-ENG-L4-03,Engineering L4 Role 03,ENG,L4,N,0.2,7.8,2019-01-28,
ASN-001695-01,HRIS-WKR-001695,POS-TEC-L5-0207,JOB-TEC-L5-03,Technology L5 Role 03,TEC,L5,Y,1.0,39.0,2018-09-25,
ASN-001696-01,HRIS-WKR-001696,POS-ENG-L2-0011,JOB-ENG-L2-05,Engineering L2 Role 05,ENG,L4,Y,1.0,39.0,2020-07-09,
ASN-001697-01,HRIS-WKR-001697,POS-TEC-L1-0185,JOB-TEC-L1-05,Technology L1 Role 05,TEC,L3,Y,0.5,19.5,2024-03-11,
ASN-001698-01,HRIS-WKR-001698,POS-FIN-L1-0078,JOB-FIN-L1-06,Finance L1 Role 06,FIN,L1,Y,1.0,39.0,2021-04-10,
ASN-001699-01,HRIS-WKR-001699,POS-FIN-L3-0089,JOB-FIN-L3-05,Finance L3 Role 05,FIN,L3,Y,1.0,39.0,2022-06-28,
ASN-001700-01,HRIS-WKR-001700,POS-ENG-L5-0028,JOB-ENG-L5-04,Engineering L5 Role 04,ENG,L5,Y,0.6,23.4,2023-02-06,
ASN-001701-01,HRIS-WKR-001701,POS-ENG-L3-0013,JOB-ENG-L3-01,Engineering L3 Role 01,ENG,L3,Y,0.8,31.2,2021-02-14,
ASN-001702-01,HRIS-WKR-001702,POS-ENG-L6-0031,JOB-ENG-L6-01,Engineering L6 Role 01,ENG,L6,Y,0.6,23.4,2019-12-25,
ASN-001703-01,HRIS-WKR-001703,POS-TEC-L3-0193,JOB-TEC-L3-01,Technology L3 Role 01,TEC,L3,Y,1.0,39.0,2021-06-01,
ASN-001704-01,HRIS-WKR-001704,POS-SAL-L4-0168,JOB-SAL-L4-06,Sales L4 Role 06,SAL,L4,Y,1.0,39.0,2021-05-29,
ASN-001705-01,HRIS-WKR-001705,POS-HR-L2-0119,JOB-HR-L2-05,People L2 Role 05,HR,L2,Y,1.0,39.0,2019-11-17,
ASN-001706-01,HRIS-WKR-001706,POS-SAL-L4-0167,JOB-SAL-L4-05,Sales L4 Role 05,SAL,L4,Y,1.0,39.0,2023-05-15,
ASN-001706-02,HRIS-WKR-001706,POS-TEC-L2-0187,JOB-TEC-L2-01,Technology L2 Role 01,TEC,L2,N,0.2,7.8,2023-04-28,
ASN-001707-01,HRIS-WKR-001707,POS-HR-L2-0120,JOB-HR-L2-06,People L2 Role 06,HR,L2,Y,0.8,31.2,2022-07-10,
ASN-001708-01,HRIS-WKR-001708,POS-SAL-L3-0162,JOB-SAL-L3-06,Sales L3 Role 06,SAL,L3,Y,1.0,39.0,2022-01-10,
ASN-001709-01,HRIS-WKR-001709,POS-FIN-L1-0075,JOB-FIN-L1-03,Finance L1 Role 03,FIN,L1,Y,1.0,39.0,2024-06-06,
ASN-001709-02,HRIS-WKR-001709,POS-TEC-L3-0195,JOB-TEC-L3-03,Technology L3 Role 03,TEC,L3,N,0.3,11.7,2022-07-31,
ASN-001710-01,HRIS-WKR-001710,POS-FIN-L2-0084,JOB-FIN-L2-06,Finance L2 Role 06,FIN,L2,Y,1.0,39.0,2024-04-23,
ASN-001711-01,HRIS-WKR-001711,POS-ENG-L5-0029,JOB-ENG-L5-05,Engineering L5 Role 05,ENG,L5,Y,1.0,39.0,2019-07-22,
ASN-001712-01,HRIS-WKR-001712,POS-ENG-L2-0007,JOB-ENG-L2-01,Engineering L2 Role 01,ENG,L2,Y,1.0,39.0,2022-08-21,
ASN-001713-01,HRIS-WKR-001713,POS-SAL-L5-0172,JOB-SAL-L5-04,Sales L5 Role 04,SAL,L5,Y,0.8,31.2,2018-06-10,
ASN-001713-02,HRIS-WKR-001713,POS-OPS-L5-0065,JOB-OPS-L5-05,Operations L5 Role 05,OPS,L5,N,0.2,7.8,2020-05-28,
ASN-001714-01,HRIS-WKR-001714,POS-ENG-L5-0029,JOB-ENG-L5-05,Engineering L5 Role 05,ENG,L5,Y,0.6,23.4,2024-02-24,
ASN-001715-01,HRIS-WKR-001715,POS-OPS-L1-0039,JOB-OPS-L1-03,Operations L1 Role 03,OPS,L1,Y,1.0,39.0,2018-02-23,
ASN-001716-01,HRIS-WKR-001716,POS-OPS-L2-0044,JOB-OPS-L2-02,Operations L2 Role 02,OPS,L2,Y,1.0,39.0,2025-03-29,
ASN-001717-01,HRIS-WKR-001717,POS-ENG-L6-0034,JOB-ENG-L6-04,Engineering L6 Role 04,ENG,L6,Y,1.0,39.0,2021-02-11,
ASN-001718-01,HRIS-WKR-001718,POS-ENG-L4-0020,JOB-ENG-L4-02,Engineering L4 Role 02,ENG,L4,Y,0.8,31.2,2018-08-23,
ASN-001719-01,HRIS-WKR-001719,POS-OPS-L4-0060,JOB-OPS-L4-06,Operations L4 Role 06,OPS,L4,Y,0.6,23.4,2024-08-12,
ASN-001720-01,HRIS-WKR-001720,POS-ENG-L3-0017,JOB-ENG-L3-05,Engineering L3 Role 05,ENG,L3,Y,1.0,39.0,2022-04-17,
ASN-001721-01,HRIS-WKR-001721,POS-FIN-L6-0108,JOB-FIN-L6-06,Finance L6 Role 06,FIN,L6,Y,1.0,39.0,2018-02-02,
ASN-001722-01,HRIS-WKR-001722,POS-OPS-L5-0063,JOB-OPS-L5-03,Operations L5 Role 03,OPS,L5,Y,0.8,31.2,2024-09-09,
ASN-001723-01,HRIS-WKR-001723,POS-FIN-L1-0078,JOB-FIN-L1-06,Finance L1 Role 06,FIN,L1,Y,1.0,39.0,2021-02-14,
ASN-001724-01,HRIS-WKR-001724,POS-TEC-L6-0213,JOB-TEC-L6-03,Technology L6 Role 03,TEC,L6,Y,1.0,39.0,2024-12-27,
ASN-001725-01,HRIS-WKR-001725,POS-ENG-L4-0024,JOB-ENG-L4-06,Engineering L4 Role 06,ENG,L4,Y,1.0,39.0,2018-03-31,
ASN-001726-01,HRIS-WKR-001726,POS-OPS-L4-0055,JOB-OPS-L4-01,Operations L4 Role 01,OPS,L4,Y,1.0,39.0,2024-12-07,
ASN-001727-01,HRIS-WKR-001727,POS-HR-L1-0110,JOB-HR-L1-02,People L1 Role 02,HR,L1,Y,1.0,39.0,2025-05-18,
ASN-001728-01,HRIS-WKR-001728,POS-TEC-L4-0201,JOB-TEC-L4-03,Technology L4 Role 03,TEC,L4,Y,1.0,39.0,2018-06-06,
ASN-001729-01,HRIS-WKR-001729,POS-SAL-L1-0146,JOB-SAL-L1-02,Sales L1 Role 02,SAL,L1,Y,1.0,39.0,2021-11-04,
ASN-001730-01,HRIS-WKR-001730,POS-ENG-L1-0001,JOB-ENG-L1-01,Engineering L1 Role 01,ENG,L1,Y,1.0,39.0,2024-11-11,
ASN-001731-01,HRIS-WKR-001731,POS-SAL-L1-0147,JOB-SAL-L1-03,Sales L1 Role 03,SAL,L1,Y,1.0,39.0,2019-05-06,
ASN-001732-01,HRIS-WKR-001732,POS-HR-L6-0139,JOB-HR-L6-01,People L6 Role 01,HR,L6,Y,0.8,31.2,2020-02-14,
ASN-001733-01,HRIS-WKR-001733,POS-FIN-L5-0100,JOB-FIN-L5-04,Finance L5 Role 04,FIN,L5,Y,1.0,39.0,2019-12-18,
ASN-001734-01,HRIS-WKR-001734,POS-HR-L5-0134,JOB-HR-L5-02,People L5 Role 02,HR,L5,Y,1.0,39.0,2023-05-06,
ASN-001735-01,HRIS-WKR-001735,POS-SAL-L2-0156,JOB-SAL-L2-06,Sales L2 Role 06,SAL,L2,Y,1.0,39.0,2019-01-17,
ASN-001736-01,HRIS-WKR-001736,POS-SAL-L4-0165,JOB-SAL-L4-03,Sales L4 Role 03,SAL,L4,Y,1.0,39.0,2019-08-26,
ASN-001737-01,HRIS-WKR-001737,POS-OPS-L5-0066,JOB-OPS-L5-06,Operations L5 Role 06,OPS,L5,Y,1.0,39.0,2024-01-02,
ASN-001738-01,HRIS-WKR-001738,POS-TEC-L6-0216,JOB-TEC-L6-06,Technology L6 Role 06,TEC,L6,Y,1.0,39.0,2023-07-20,
ASN-001739-01,HRIS-WKR-001739,POS-SAL-L4-0165,JOB-SAL-L4-03,Sales L4 Role 03,SAL,L4,Y,1.0,39.0,2023-06-17,
ASN-001740-01,HRIS-WKR-001740,POS-FIN-L5-0101,JOB-FIN-L5-05,Finance L5 Role 05,FIN,L5,Y,1.0,39.0,2021-07-09,
ASN-001741-01,HRIS-WKR-001741,POS-FIN-L3-0085,JOB-FIN-L3-01,Finance L3 Role 01,FIN,L3,Y,1.0,39.0,2021-05-11,
ASN-001742-01,HRIS-WKR-001742,POS-OPS-L3-0054,JOB-OPS-L3-06,Operations L3 Role 06,OPS,L3,Y,1.0,39.0,2019-04-29,
ASN-001743-01,HRIS-WKR-001743,POS-ENG-L5-0030,JOB-ENG-L5-06,Engineering L5 Role 06,ENG,L5,Y,0.8,31.2,2019-10-26,
ASN-001744-01,HRIS-WKR-001744,POS-OPS-L1-0041,JOB-OPS-L1-05,Operations L1 Role 05,OPS,L1,Y,1.0,39.0,2021-11-01,
ASN-001745-01,HRIS-WKR-001745,POS-HR-L4-0127,JOB-HR-L4-01,People L4 Role 01,HR,L4,Y,1.0,39.0,2022-12-25,
ASN-001746-01,HRIS-WKR-001746,POS-OPS-L3-0053,JOB-OPS-L3-05,Operations L3 Role 05,OPS,L3,Y,1.0,39.0,2019-05-31,
ASN-001747-01,HRIS-WKR-001747,POS-TEC-L1-0185,JOB-TEC-L1-05,Technology L1 Role 05,TEC,L1,Y,1.0,39.0,2020-07-20,
ASN-001748-01,HRIS-WKR-001748,POS-OPS-L6-0069,JOB-OPS-L6-03,Operations L6 Role 03,OPS,L6,Y,1.0,39.0,2018-06-27,
ASN-001749-01,HRIS-WKR-001749,POS-HR-L1-0111,JOB-HR-L1-03,People L1 Role 03,HR,L1,Y,0.8,31.2,2024-07-04,
ASN-001750-01,HRIS-WKR-001750,POS-TEC-L2-0191,JOB-TEC-L2-05,Technology L2 Role 05,TEC,L2,Y,,,2020-06-14,
ASN-001751-01,HRIS-WKR-001751,POS-FIN-L6-0107,JOB-FIN-L6-05,Finance L6 Role 05,FIN,L6,Y,1.0,39.0,2019-08-03,
ASN-001752-01,HRIS-WKR-001752,POS-OPS-L4-0059,JOB-OPS-L4-05,Operations L4 Role 05,OPS,L4,Y,1.0,39.0,2018-05-21,
ASN-001753-01,HRIS-WKR-001753,POS-OPS-L6-0069,JOB-OPS-L6-03,Operations L6 Role 03,OPS,L6,Y,1.0,39.0,2019-09-28,
ASN-001754-01,HRIS-WKR-001754,POS-FIN-L2-0083,JOB-FIN-L2-05,Finance L2 Role 05,FIN,L2,Y,1.0,39.0,2019-10-28,
ASN-001755-01,HRIS-WKR-001755,POS-TEC-L5-0208,JOB-TEC-L5-04,Technology L5 Role 04,TEC,L5,Y,1.0,39.0,2019-08-08,
ASN-001756-01,HRIS-WKR-001756,POS-HR-L4-0132,JOB-HR-L4-06,People L4 Role 06,HR,L4,Y,1.0,39.0,2024-07-08,
ASN-001757-01,HRIS-WKR-001757,POS-FIN-L1-0076,JOB-FIN-L1-04,Finance L1 Role 04,FIN,L1,Y,1.0,39.0,2018-12-02,
ASN-001758-01,HRIS-WKR-001758,POS-OPS-L4-0059,JOB-OPS-L4-05,Operations L4 Role 05,OPS,L4,Y,1.0,39.0,2022-01-05,
ASN-001759-01,HRIS-WKR-001759,POS-HR-L5-0137,JOB-HR-L5-05,People L5 Role 05,HR,L5,Y,1.0,39.0,2025-10-26,
ASN-001759-02,HRIS-WKR-001759,POS-TEC-L2-0187,JOB-TEC-L2-01,Technology L2 Role 01,TEC,L2,N,0.3,11.7,2020-10-07,
ASN-001760-01,HRIS-WKR-001760,POS-HR-L3-0121,JOB-HR-L3-01,People L3 Role 01,HR,L3,Y,1.0,39.0,2020-01-24,
ASN-001761-01,HRIS-WKR-001761,POS-OPS-L5-0062,JOB-OPS-L5-02,Operations L5 Role 02,OPS,L5,Y,0.8,31.2,2021-02-18,
ASN-001762-01,HRIS-WKR-001762,POS-OPS-L5-0066,JOB-OPS-L5-06,Operations L5 Role 06,OPS,L5,Y,0.6,23.4,2021-02-01,
ASN-001763-01,HRIS-WKR-001763,POS-ENG-L5-0028,JOB-ENG-L5-04,Engineering L5 Role 04,ENG,L5,Y,1.0,39.0,2024-01-17,
ASN-001764-01,HRIS-WKR-001764,POS-TEC-L1-0182,JOB-TEC-L1-02,Technology L1 Role 02,TEC,L1,Y,,,2020-06-22,
ASN-001765-01,HRIS-WKR-001765,POS-ENG-L5-0027,JOB-ENG-L5-03,Engineering L5 Role 03,ENG,L5,Y,1.0,39.0,2024-01-12,
ASN-001766-01,HRIS-WKR-001766,POS-HR-L1-0112,JOB-HR-L1-04,People L1 Role 04,HR,L1,Y,0.6,23.4,2025-09-22,
ASN-001767-01,HRIS-WKR-001767,POS-OPS-L6-0071,JOB-OPS-L6-05,Operations L6 Role 05,OPS,L6,Y,1.0,39.0,2021-03-15,
ASN-001768-01,HRIS-WKR-001768,POS-OPS-L5-0062,JOB-OPS-L5-02,Operations L5 Role 02,OPS,L5,Y,1.0,39.0,2023-10-30,
ASN-001769-01,HRIS-WKR-001769,POS-OPS-L6-0068,JOB-OPS-L6-02,Operations L6 Role 02,OPS,L6,Y,,,2024-06-30,
ASN-001770-01,HRIS-WKR-001770,POS-SAL-L2-0156,JOB-SAL-L2-06,Sales L2 Role 06,SAL,L2,Y,1.0,39.0,2019-02-02,
ASN-001771-01,HRIS-WKR-001771,POS-HR-L3-0124,JOB-HR-L3-04,People L3 Role 04,HR,L3,Y,0.8,31.2,2020-02-15,
ASN-001772-01,HRIS-WKR-001772,POS-OPS-L1-0041,JOB-OPS-L1-05,Operations L1 Role 05,OPS,L1,Y,1.0,39.0,2020-11-05,
ASN-001773-01,HRIS-WKR-001773,POS-OPS-L4-0057,JOB-OPS-L4-03,Operations L4 Role 03,OPS,L4,Y,1.0,39.0,2021-08-10,
ASN-001774-01,HRIS-WKR-001774,POS-OPS-L4-0058,JOB-OPS-L4-04,Operations L4 Role 04,OPS,L4,Y,0.4,15.6,2024-08-29,
ASN-001775-01,HRIS-WKR-001775,POS-FIN-L1-0077,JOB-FIN-L1-05,Finance L1 Role 05,FIN,L1,Y,1.0,39.0,2019-12-06,
ASN-001776-01,HRIS-WKR-001776,POS-SAL-L6-0176,JOB-SAL-L6-02,Sales L6 Role 02,SAL,L6,Y,1.0,39.0,2021-01-25,
ASN-001776-02,HRIS-WKR-001776,POS-SAL-L1-0149,JOB-SAL-L1-05,Sales L1 Role 05,SAL,L1,N,0.2,7.8,2024-10-05,
ASN-001777-01,HRIS-WKR-001777,POS-SAL-L3-0158,JOB-SAL-L3-02,Sales L3 Role 02,SAL,L3,Y,0.8,31.2,2025-07-21,
ASN-001778-01,HRIS-WKR-001778,POS-HR-L4-0132,JOB-HR-L4-06,People L4 Role 06,HR,L4,Y,1.0,39.0,2020-06-03,
ASN-001779-01,HRIS-WKR-001779,POS-HR-L5-0135,JOB-HR-L5-03,People L5 Role 03,HR,L5,Y,1.0,39.0,2025-10-20,
ASN-001780-01,HRIS-WKR-001780,POS-SAL-L3-0161,JOB-SAL-L3-05,Sales L3 Role 05,SAL,L3,Y,1.0,39.0,2018-11-02,
ASN-001781-01,HRIS-WKR-001781,POS-OPS-L1-0041,JOB-OPS-L1-05,Operations L1 Role 05,OPS,L1,Y,1.0,39.0,2022-11-22,
ASN-001782-01,HRIS-WKR-001782,POS-ENG-L4-0022,JOB-ENG-L4-04,Engineering L4 Role 04,ENG,L4,Y,1.0,39.0,2020-07-18,
ASN-001783-01,HRIS-WKR-001783,POS-OPS-L5-0061,JOB-OPS-L5-01,Operations L5 Role 01,OPS,L5,Y,1.0,39.0,2025-08-28,
ASN-001784-01,HRIS-WKR-001784,POS-TEC-L6-0213,JOB-TEC-L6-03,Technology L6 Role 03,TEC,L6,Y,1.0,39.0,2026-01-26,
ASN-001785-01,HRIS-WKR-001785,POS-ENG-L6-0032,JOB-ENG-L6-02,Engineering L6 Role 02,ENG,L6,Y,1.0,39.0,2021-09-18,
ASN-001786-01,HRIS-WKR-001786,POS-OPS-L6-0068,JOB-OPS-L6-02,Operations L6 Role 02,OPS,L6,Y,1.0,39.0,2022-08-17,
ASN-001787-01,HRIS-WKR-001787,POS-ENG-L2-0009,JOB-ENG-L2-03,Engineering L2 Role 03,ENG,L2,Y,0.8,31.2,2025-04-04,
ASN-001788-01,HRIS-WKR-001788,POS-OPS-L4-0057,JOB-OPS-L4-03,Operations L4 Role 03,OPS,L4,Y,1.0,39.0,2021-08-13,
ASN-001789-01,HRIS-WKR-001789,POS-FIN-L4-0092,JOB-FIN-L4-02,Finance L4 Role 02,FIN,L4,Y,0.6,23.4,2025-05-19,
ASN-001790-01,HRIS-WKR-001790,POS-OPS-L6-0072,JOB-OPS-L6-06,Operations L6 Role 06,OPS,L6,Y,0.6,23.4,2025-07-23,
ASN-001790-02,HRIS-WKR-001790,POS-FIN-L2-0081,JOB-FIN-L2-03,Finance L2 Role 03,FIN,L2,N,0.2,7.8,2020-02-04,
ASN-001791-01,HRIS-WKR-001791,POS-HR-L3-0121,JOB-HR-L3-01,People L3 Role 01,HR,L3,Y,1.0,39.0,2025-07-31,
ASN-001792-01,HRIS-WKR-001792,POS-HR-L1-0112,JOB-HR-L1-04,People L1 Role 04,HR,L1,Y,0.5,19.5,2021-03-08,
ASN-001792-02,HRIS-WKR-001792,POS-SAL-L4-0163,JOB-SAL-L4-01,Sales L4 Role 01,SAL,L4,N,0.3,11.7,2024-02-17,
ASN-001793-01,HRIS-WKR-001793,POS-FIN-L3-0088,JOB-FIN-L3-04,Finance L3 Role 04,FIN,L3,Y,1.0,39.0,2019-07-25,
ASN-001794-01,HRIS-WKR-001794,POS-OPS-L3-0051,JOB-OPS-L3-03,Operations L3 Role 03,OPS,L3,Y,1.0,39.0,2021-07-09,
ASN-001795-01,HRIS-WKR-001795,POS-TEC-L1-0181,JOB-TEC-L1-01,Technology L1 Role 01,TEC,L1,Y,1.0,39.0,2021-04-02,
ASN-001796-01,HRIS-WKR-001796,POS-TEC-L4-0200,JOB-TEC-L4-02,Technology L4 Role 02,TEC,L4,Y,0.8,31.2,2021-09-23,
ASN-001797-01,HRIS-WKR-001797,POS-OPS-L2-0043,JOB-OPS-L2-01,Operations L2 Role 01,OPS,L2,Y,1.0,39.0,2019-03-04,
ASN-001798-01,HRIS-WKR-001798,POS-ENG-L1-0006,JOB-ENG-L1-06,Engineering L1 Role 06,ENG,L1,Y,1.0,39.0,2019-12-02,
ASN-001799-01,HRIS-WKR-001799,POS-OPS-L5-0063,JOB-OPS-L5-03,Operations L5 Role 03,OPS,L5,Y,1.0,39.0,2023-01-28,
ASN-001800-01,HRIS-WKR-001800,POS-HR-L3-0121,JOB-HR-L3-01,People L3 Role 01,HR,L3,Y,1.0,39.0,2019-06-03,
ASN-001801-01,HRIS-WKR-001801,POS-OPS-L6-0071,JOB-OPS-L6-05,Operations L6 Role 05,OPS,L6,Y,0.8,31.2,2024-12-26,
ASN-001802-01,HRIS-WKR-001802,POS-TEC-L2-0192,JOB-TEC-L2-06,Technology L2 Role 06,TEC,L2,Y,1.0,39.0,2022-06-16,
ASN-001803-01,HRIS-WKR-001803,POS-OPS-L2-0045,JOB-OPS-L2-03,Operations L2 Role 03,OPS,L2,Y,1.0,39.0,2024-10-14,
ASN-001804-01,HRIS-WKR-001804,POS-OPS-L1-0037,JOB-OPS-L1-01,Operations L1 Role 01,OPS,L1,Y,1.0,39.0,2018-10-08,
ASN-001805-01,HRIS-WKR-001805,POS-FIN-L2-0083,JOB-FIN-L2-05,Finance L2 Role 05,FIN,L2,Y,1.0,39.0,2019-10-17,
ASN-001806-01,HRIS-WKR-001806,POS-HR-L5-0134,JOB-HR-L5-02,People L5 Role 02,HR,L5,Y,1.0,39.0,2019-06-05,
ASN-001807-01,HRIS-WKR-001807,POS-OPS-L2-0044,JOB-OPS-L2-02,Operations L2 Role 02,OPS,L2,Y,1.0,39.0,2022-05-18,
ASN-001808-01,HRIS-WKR-001808,POS-ENG-L5-0030,JOB-ENG-L5-06,Engineering L5 Role 06,ENG,L5,Y,1.0,39.0,2022-04-15,
ASN-001809-01,HRIS-WKR-001809,POS-ENG-L2-0007,JOB-ENG-L2-01,Engineering L2 Role 01,ENG,L4,Y,0.6,23.4,2025-11-25,
ASN-001810-01,HRIS-WKR-001810,POS-SAL-L5-0170,JOB-SAL-L5-02,Sales L5 Role 02,SAL,L5,Y,0.5,19.5,2023-05-20,
ASN-001811-01,HRIS-WKR-001811,POS-TEC-L1-0183,JOB-TEC-L1-03,Technology L1 Role 03,TEC,L1,Y,1.0,39.0,2021-05-24,
ASN-001812-01,HRIS-WKR-001812,POS-TEC-L6-0213,JOB-TEC-L6-03,Technology L6 Role 03,TEC,L6,Y,0.6,23.4,2020-11-10,
ASN-001813-01,HRIS-WKR-001813,POS-ENG-L4-0021,JOB-ENG-L4-03,Engineering L4 Role 03,ENG,L4,Y,1.0,39.0,2026-01-21,
ASN-001814-01,HRIS-WKR-001814,POS-TEC-L6-0213,JOB-TEC-L6-03,Technology L6 Role 03,TEC,L6,Y,0.8,31.2,2019-01-04,
ASN-001815-01,HRIS-WKR-001815,POS-SAL-L2-0151,JOB-SAL-L2-01,Sales L2 Role 01,SAL,L2,Y,1.0,39.0,2018-07-13,
ASN-001816-01,HRIS-WKR-001816,POS-ENG-L2-0010,JOB-ENG-L2-04,Engineering L2 Role 04,ENG,L2,Y,1.0,39.0,2021-12-12,
ASN-001816-02,HRIS-WKR-001816,POS-OPS-L5-0064,JOB-OPS-L5-04,Operations L5 Role 04,OPS,L5,N,0.3,11.7,2021-11-02,
ASN-001817-01,HRIS-WKR-001817,POS-SAL-L6-0176,JOB-SAL-L6-02,Sales L6 Role 02,SAL,L6,Y,1.0,39.0,2025-07-05,
ASN-001817-02,HRIS-WKR-001817,POS-ENG-L2-0009,JOB-ENG-L2-03,Engineering L2 Role 03,ENG,L2,N,0.3,11.7,2023-03-03,
ASN-001818-01,HRIS-WKR-001818,POS-ENG-L5-0026,JOB-ENG-L5-02,Engineering L5 Role 02,ENG,L5,Y,1.0,39.0,2023-09-04,
ASN-001819-01,HRIS-WKR-001819,POS-SAL-L4-0168,JOB-SAL-L4-06,Sales L4 Role 06,SAL,L4,Y,1.0,39.0,2025-01-16,
ASN-001820-01,HRIS-WKR-001820,POS-FIN-L2-0082,JOB-FIN-L2-04,Finance L2 Role 04,FIN,L2,Y,1.0,39.0,2019-08-18,
ASN-001821-01,HRIS-WKR-001821,POS-HR-L2-0115,JOB-HR-L2-01,People L2 Role 01,HR,L2,Y,1.0,39.0,2024-08-01,
ASN-001822-01,HRIS-WKR-001822,POS-TEC-L3-0195,JOB-TEC-L3-03,Technology L3 Role 03,TEC,L3,Y,1.0,39.0,2020-03-19,
ASN-001823-01,HRIS-WKR-001823,POS-FIN-L1-0073,JOB-FIN-L1-01,Finance L1 Role 01,FIN,L1,Y,1.0,39.0,2019-07-02,
ASN-001824-01,HRIS-WKR-001824,POS-ENG-L2-0009,JOB-ENG-L2-03,Engineering L2 Role 03,ENG,L2,Y,1.0,39.0,2018-12-23,
ASN-001825-01,HRIS-WKR-001825,POS-SAL-L5-0173,JOB-SAL-L5-05,Sales L5 Role 05,SAL,L5,Y,1.0,39.0,2024-04-05,
ASN-001826-01,HRIS-WKR-001826,POS-FIN-L1-0076,JOB-FIN-L1-04,Finance L1 Role 04,FIN,L1,Y,1.0,39.0,2021-05-24,
ASN-001827-01,HRIS-WKR-001827,POS-SAL-L1-0150,JOB-SAL-L1-06,Sales L1 Role 06,SAL,L1,Y,1.0,39.0,2023-08-05,
ASN-001828-01,HRIS-WKR-001828,POS-ENG-L1-0001,JOB-ENG-L1-01,Engineering L1 Role 01,ENG,L1,Y,1.0,39.0,2025-11-04,
ASN-001829-01,HRIS-WKR-001829,POS-OPS-L3-0049,JOB-OPS-L3-01,Operations L3 Role 01,OPS,L3,Y,0.8,31.2,2019-06-27,
ASN-001829-02,HRIS-WKR-001829,POS-OPS-L1-0041,JOB-OPS-L1-05,Operations L1 Role 05,OPS,L1,N,0.2,7.8,2018-08-27,
ASN-001830-01,HRIS-WKR-001830,POS-TEC-L2-0190,JOB-TEC-L2-04,Technology L2 Role 04,TEC,L2,Y,0.8,31.2,2019-11-02,
ASN-001831-01,HRIS-WKR-001831,POS-ENG-L6-0031,JOB-ENG-L6-01,Engineering L6 Role 01,ENG,L6,Y,0.4,15.6,2021-11-10,
ASN-001832-01,HRIS-WKR-001832,POS-SAL-L3-0158,JOB-SAL-L3-02,Sales L3 Role 02,SAL,L3,Y,0.6,23.4,2018-12-16,
ASN-001833-01,HRIS-WKR-001833,POS-FIN-L3-0090,JOB-FIN-L3-06,Finance L3 Role 06,FIN,L3,Y,1.0,39.0,2025-08-24,
ASN-001834-01,HRIS-WKR-001834,POS-ENG-L6-0035,JOB-ENG-L6-05,Engineering L6 Role 05,ENG,L6,Y,0.6,23.4,2023-07-16,
ASN-001835-01,HRIS-WKR-001835,POS-SAL-L5-0171,JOB-SAL-L5-03,Sales L5 Role 03,SAL,L5,Y,0.6,23.4,2019-03-30,
ASN-001836-01,HRIS-WKR-001836,POS-ENG-L6-0033,JOB-ENG-L6-03,Engineering L6 Role 03,ENG,L6,Y,0.6,23.4,2025-06-26,
ASN-001837-01,HRIS-WKR-001837,POS-ENG-L2-0012,JOB-ENG-L2-06,Engineering L2 Role 06,ENG,L2,Y,1.0,39.0,2020-12-12,
ASN-001838-01,HRIS-WKR-001838,POS-ENG-L6-0032,JOB-ENG-L6-02,Engineering L6 Role 02,ENG,L6,Y,1.0,39.0,2019-02-04,
ASN-001839-01,HRIS-WKR-001839,POS-OPS-L4-0057,JOB-OPS-L4-03,Operations L4 Role 03,OPS,L4,Y,0.6,23.4,2018-03-31,
ASN-001840-01,HRIS-WKR-001840,POS-HR-L3-0121,JOB-HR-L3-01,People L3 Role 01,HR,L3,Y,1.0,39.0,2023-06-03,
ASN-001841-01,HRIS-WKR-001841,POS-TEC-L4-0204,JOB-TEC-L4-06,Technology L4 Role 06,TEC,L4,Y,1.0,39.0,2023-05-12,
ASN-001842-01,HRIS-WKR-001842,POS-OPS-L3-0051,JOB-OPS-L3-03,Operations L3 Role 03,OPS,L3,Y,1.0,39.0,2024-12-03,
ASN-001843-01,HRIS-WKR-001843,POS-FIN-L5-0098,JOB-FIN-L5-02,Finance L5 Role 02,FIN,L5,Y,1.0,39.0,2020-02-24,
ASN-001844-01,HRIS-WKR-001844,POS-SAL-L3-0160,JOB-SAL-L3-04,Sales L3 Role 04,SAL,L3,Y,,,2023-10-06,
ASN-001845-01,HRIS-WKR-001845,POS-ENG-L1-0005,JOB-ENG-L1-05,Engineering L1 Role 05,ENG,L1,Y,1.0,39.0,2020-11-04,
ASN-001846-01,HRIS-WKR-001846,POS-TEC-L6-0211,JOB-TEC-L6-01,Technology L6 Role 01,TEC,L6,Y,1.0,39.0,2019-03-11,
ASN-001847-01,HRIS-WKR-001847,POS-OPS-L2-0048,JOB-OPS-L2-06,Operations L2 Role 06,OPS,L2,Y,1.0,39.0,2021-04-19,
ASN-001847-02,HRIS-WKR-001847,POS-ENG-L6-0036,JOB-ENG-L6-06,Engineering L6 Role 06,ENG,L6,N,0.2,7.8,2018-11-14,
ASN-001848-01,HRIS-WKR-001848,POS-ENG-L4-0019,JOB-ENG-L4-01,Engineering L4 Role 01,ENG,L4,Y,,,2023-08-14,
ASN-001849-01,HRIS-WKR-001849,POS-SAL-L6-0179,JOB-SAL-L6-05,Sales L6 Role 05,SAL,L6,Y,1.0,39.0,2025-10-22,
ASN-001850-01,HRIS-WKR-001850,POS-FIN-L5-0102,JOB-FIN-L5-06,Finance L5 Role 06,FIN,L5,Y,1.0,39.0,2021-08-01,
ASN-001851-01,HRIS-WKR-001851,POS-HR-L3-0126,JOB-HR-L3-06,People L3 Role 06,HR,L3,Y,1.0,39.0,2020-06-25,
ASN-001852-01,HRIS-WKR-001852,POS-FIN-L5-0100,JOB-FIN-L5-04,Finance L5 Role 04,FIN,L3,Y,0.8,31.2,2025-10-02,
ASN-001853-01,HRIS-WKR-001853,POS-HR-L1-0111,JOB-HR-L1-03,People L1 Role 03,HR,L1,Y,1.0,39.0,2018-12-01,
ASN-001854-01,HRIS-WKR-001854,POS-ENG-L4-0023,JOB-ENG-L4-05,Engineering L4 Role 05,ENG,L4,Y,0.8,31.2,2023-09-18,
ASN-001855-01,HRIS-WKR-001855,POS-TEC-L6-0212,JOB-TEC-L6-02,Technology L6 Role 02,TEC,L6,Y,1.0,39.0,2019-05-24,
ASN-001856-01,HRIS-WKR-001856,POS-TEC-L4-0204,JOB-TEC-L4-06,Technology L4 Role 06,TEC,L4,Y,1.0,39.0,2024-03-13,
ASN-001857-01,HRIS-WKR-001857,POS-OPS-L5-0064,JOB-OPS-L5-04,Operations L5 Role 04,OPS,L5,Y,1.0,39.0,2021-12-30,
ASN-001858-01,HRIS-WKR-001858,POS-HR-L5-0136,JOB-HR-L5-04,People L5 Role 04,HR,L5,Y,0.6,23.4,2024-01-04,
ASN-001859-01,HRIS-WKR-001859,POS-TEC-L2-0190,JOB-TEC-L2-04,Technology L2 Role 04,TEC,L2,Y,0.5,19.5,2023-12-25,
ASN-001860-01,HRIS-WKR-001860,POS-OPS-L3-0049,JOB-OPS-L3-01,Operations L3 Role 01,OPS,L3,Y,0.6,23.4,2023-10-27,
ASN-001860-02,HRIS-WKR-001860,POS-SAL-L1-0146,JOB-SAL-L1-02,Sales L1 Role 02,SAL,L1,N,0.2,7.8,2023-12-15,
ASN-001861-01,HRIS-WKR-001861,POS-FIN-L6-0104,JOB-FIN-L6-02,Finance L6 Role 02,FIN,L6,Y,1.0,39.0,2018-02-15,
ASN-001862-01,HRIS-WKR-001862,POS-FIN-L6-0107,JOB-FIN-L6-05,Finance L6 Role 05,FIN,L6,Y,1.0,39.0,2025-04-01,
ASN-001862-02,HRIS-WKR-001862,POS-FIN-L3-0088,JOB-FIN-L3-04,Finance L3 Role 04,FIN,L3,N,0.3,11.7,2023-07-10,
ASN-001863-01,HRIS-WKR-001863,POS-ENG-L3-0013,JOB-ENG-L3-01,Engineering L3 Role 01,ENG,L3,Y,0.8,31.2,2025-09-12,
ASN-001864-01,HRIS-WKR-001864,POS-FIN-L3-0087,JOB-FIN-L3-03,Finance L3 Role 03,FIN,L3,Y,,,2025-03-09,
ASN-001865-01,HRIS-WKR-001865,POS-ENG-L3-0018,JOB-ENG-L3-06,Engineering L3 Role 06,ENG,L3,Y,1.0,39.0,2024-12-17,
ASN-001866-01,HRIS-WKR-001866,POS-ENG-L5-0026,JOB-ENG-L5-02,Engineering L5 Role 02,ENG,L5,Y,1.0,39.0,2024-04-24,
ASN-001867-01,HRIS-WKR-001867,POS-TEC-L3-0197,JOB-TEC-L3-05,Technology L3 Role 05,TEC,L3,Y,0.6,23.4,2024-09-13,
ASN-001868-01,HRIS-WKR-001868,POS-SAL-L5-0173,JOB-SAL-L5-05,Sales L5 Role 05,SAL,L5,Y,1.0,39.0,2022-01-05,
ASN-001869-01,HRIS-WKR-001869,POS-OPS-L5-0065,JOB-OPS-L5-05,Operations L5 Role 05,OPS,L5,Y,1.0,39.0,2024-09-05,
ASN-001870-01,HRIS-WKR-001870,POS-ENG-L1-0002,JOB-ENG-L1-02,Engineering L1 Role 02,ENG,L1,Y,0.8,31.2,2022-05-30,
ASN-001871-01,HRIS-WKR-001871,POS-TEC-L6-0211,JOB-TEC-L6-01,Technology L6 Role 01,TEC,L6,Y,0.8,31.2,2018-11-14,
ASN-001872-01,HRIS-WKR-001872,POS-SAL-L2-0156,JOB-SAL-L2-06,Sales L2 Role 06,SAL,L2,Y,0.8,31.2,2020-02-19,
ASN-001873-01,HRIS-WKR-001873,POS-FIN-L1-0078,JOB-FIN-L1-06,Finance L1 Role 06,FIN,L1,Y,1.0,39.0,2018-05-11,
ASN-001874-01,HRIS-WKR-001874,POS-FIN-L4-0091,JOB-FIN-L4-01,Finance L4 Role 01,FIN,L4,Y,1.0,39.0,2023-05-14,
ASN-001875-01,HRIS-WKR-001875,POS-TEC-L1-0186,JOB-TEC-L1-06,Technology L1 Role 06,TEC,L1,Y,1.0,39.0,2020-03-20,
ASN-001876-01,HRIS-WKR-001876,POS-OPS-L6-0072,JOB-OPS-L6-06,Operations L6 Role 06,OPS,L6,Y,0.6,23.4,2023-05-17,
ASN-001877-01,HRIS-WKR-001877,POS-HR-L3-0124,JOB-HR-L3-04,People L3 Role 04,HR,L3,Y,1.0,39.0,2025-03-06,
ASN-001878-01,HRIS-WKR-001878,POS-ENG-L5-0028,JOB-ENG-L5-04,Engineering L5 Role 04,ENG,L5,Y,1.0,39.0,2025-01-03,
ASN-001879-01,HRIS-WKR-001879,POS-FIN-L4-0095,JOB-FIN-L4-05,Finance L4 Role 05,FIN,L4,Y,1.0,39.0,2019-10-16,
ASN-001880-01,HRIS-WKR-001880,POS-ENG-L5-0029,JOB-ENG-L5-05,Engineering L5 Role 05,ENG,L5,Y,1.0,39.0,2020-01-23,
ASN-001881-01,HRIS-WKR-001881,POS-ENG-L5-0028,JOB-ENG-L5-04,Engineering L5 Role 04,ENG,L5,Y,,,2022-05-24,
ASN-001882-01,HRIS-WKR-001882,POS-HR-L2-0116,JOB-HR-L2-02,People L2 Role 02,HR,L2,Y,1.0,39.0,2020-10-20,
ASN-001883-01,HRIS-WKR-001883,POS-ENG-L6-0036,JOB-ENG-L6-06,Engineering L6 Role 06,ENG,L6,Y,0.5,19.5,2022-03-23,
ASN-001884-01,HRIS-WKR-001884,POS-OPS-L2-0045,JOB-OPS-L2-03,Operations L2 Role 03,OPS,L2,Y,1.0,39.0,2023-05-14,
ASN-001885-01,HRIS-WKR-001885,POS-TEC-L3-0197,JOB-TEC-L3-05,Technology L3 Role 05,TEC,L3,Y,0.5,19.5,2021-02-01,
ASN-001886-01,HRIS-WKR-001886,POS-FIN-L1-0077,JOB-FIN-L1-05,Finance L1 Role 05,FIN,L1,Y,1.0,39.0,2022-07-05,
ASN-001887-01,HRIS-WKR-001887,POS-HR-L6-0141,JOB-HR-L6-03,People L6 Role 03,HR,L6,Y,0.8,31.2,2020-03-28,
ASN-001887-02,HRIS-WKR-001887,POS-OPS-L2-0047,JOB-OPS-L2-05,Operations L2 Role 05,OPS,L2,N,0.2,7.8,2022-05-23,
ASN-001888-01,HRIS-WKR-001888,POS-ENG-L4-0019,JOB-ENG-L4-01,Engineering L4 Role 01,ENG,L4,Y,1.0,39.0,2024-09-11,
ASN-001889-01,HRIS-WKR-001889,POS-SAL-L5-0170,JOB-SAL-L5-02,Sales L5 Role 02,SAL,L5,Y,1.0,39.0,2019-05-15,
ASN-001890-01,HRIS-WKR-001890,POS-OPS-L6-0071,JOB-OPS-L6-05,Operations L6 Role 05,OPS,L6,Y,0.5,19.5,2020-10-07,
ASN-001891-01,HRIS-WKR-001891,POS-TEC-L4-0199,JOB-TEC-L4-01,Technology L4 Role 01,TEC,L4,Y,1.0,39.0,2023-01-20,
ASN-001891-02,HRIS-WKR-001891,POS-TEC-L2-0188,JOB-TEC-L2-02,Technology L2 Role 02,TEC,L2,N,0.3,11.7,2018-11-18,
ASN-001892-01,HRIS-WKR-001892,POS-ENG-L6-0034,JOB-ENG-L6-04,Engineering L6 Role 04,ENG,L6,Y,0.8,31.2,2018-12-29,
ASN-001893-01,HRIS-WKR-001893,POS-TEC-L1-0184,JOB-TEC-L1-04,Technology L1 Role 04,TEC,L1,Y,0.6,23.4,2022-05-13,
ASN-001894-01,HRIS-WKR-001894,POS-FIN-L1-0077,JOB-FIN-L1-05,Finance L1 Role 05,FIN,L1,Y,1.0,39.0,2019-04-30,
ASN-001895-01,HRIS-WKR-001895,POS-OPS-L3-0050,JOB-OPS-L3-02,Operations L3 Role 02,OPS,L3,Y,1.0,39.0,2024-11-13,
ASN-001896-01,HRIS-WKR-001896,POS-FIN-L5-0098,JOB-FIN-L5-02,Finance L5 Role 02,FIN,L5,Y,0.8,31.2,2026-01-31,
ASN-001897-01,HRIS-WKR-001897,POS-OPS-L6-0072,JOB-OPS-L6-06,Operations L6 Role 06,OPS,L6,Y,1.0,39.0,2019-08-20,
ASN-001898-01,HRIS-WKR-001898,POS-TEC-L3-0197,JOB-TEC-L3-05,Technology L3 Role 05,TEC,L3,Y,1.0,39.0,2022-01-15,
ASN-001899-01,HRIS-WKR-001899,POS-TEC-L5-0207,JOB-TEC-L5-03,Technology L5 Role 03,TEC,L5,Y,0.8,31.2,2018-08-17,
ASN-001899-02,HRIS-WKR-001899,POS-SAL-L4-0166,JOB-SAL-L4-04,Sales L4 Role 04,SAL,L4,N,0.3,11.7,2023-04-30,
ASN-001900-01,HRIS-WKR-001900,POS-OPS-L4-0057,JOB-OPS-L4-03,Operations L4 Role 03,OPS,L4,Y,0.6,23.4,2023-07-16,
ASN-001901-01,HRIS-WKR-001901,POS-FIN-L4-0093,JOB-FIN-L4-03,Finance L4 Role 03,FIN,L4,Y,1.0,39.0,2024-01-01,
ASN-001902-01,HRIS-WKR-001902,POS-SAL-L3-0160,JOB-SAL-L3-04,Sales L3 Role 04,SAL,L3,Y,0.8,31.2,2024-01-16,
ASN-001903-01,HRIS-WKR-001903,POS-OPS-L2-0043,JOB-OPS-L2-01,Operations L2 Role 01,OPS,L2,Y,1.0,39.0,2023-03-29,
ASN-001904-01,HRIS-WKR-001904,POS-ENG-L5-0030,JOB-ENG-L5-06,Engineering L5 Role 06,ENG,L6,Y,1.0,39.0,2024-11-12,
ASN-001905-01,HRIS-WKR-001905,POS-ENG-L4-0021,JOB-ENG-L4-03,Engineering L4 Role 03,ENG,L4,Y,1.0,39.0,2023-08-17,
ASN-001906-01,HRIS-WKR-001906,POS-SAL-L3-0158,JOB-SAL-L3-02,Sales L3 Role 02,SAL,L3,Y,1.0,39.0,2019-02-15,
ASN-001907-01,HRIS-WKR-001907,POS-SAL-L4-0167,JOB-SAL-L4-05,Sales L4 Role 05,SAL,L4,Y,1.0,39.0,2021-09-17,
ASN-001908-01,HRIS-WKR-001908,POS-TEC-L2-0192,JOB-TEC-L2-06,Technology L2 Role 06,TEC,L2,Y,1.0,39.0,2023-12-02,
ASN-001909-01,HRIS-WKR-001909,POS-TEC-L6-0211,JOB-TEC-L6-01,Technology L6 Role 01,TEC,L6,Y,1.0,39.0,2021-11-15,
ASN-001910-01,HRIS-WKR-001910,POS-OPS-L3-0054,JOB-OPS-L3-06,Operations L3 Role 06,OPS,L3,Y,,,2021-03-18,
ASN-001911-01,HRIS-WKR-001911,POS-TEC-L1-0185,JOB-TEC-L1-05,Technology L1 Role 05,TEC,L1,Y,1.0,39.0,2021-05-28,
ASN-001912-01,HRIS-WKR-001912,POS-FIN-L6-0105,JOB-FIN-L6-03,Finance L6 Role 03,FIN,L6,Y,1.0,39.0,2025-06-21,
ASN-001913-01,HRIS-WKR-001913,POS-HR-L4-0128,JOB-HR-L4-02,People L4 Role 02,HR,L4,Y,1.0,39.0,2019-02-08,
ASN-001914-01,HRIS-WKR-001914,POS-FIN-L1-0078,JOB-FIN-L1-06,Finance L1 Role 06,FIN,L3,Y,1.0,39.0,2025-07-03,
ASN-001915-01,HRIS-WKR-001915,POS-TEC-L3-0195,JOB-TEC-L3-03,Technology L3 Role 03,TEC,L3,Y,1.0,39.0,2019-01-18,
ASN-001916-01,HRIS-WKR-001916,POS-OPS-L1-0037,JOB-OPS-L1-01,Operations L1 Role 01,OPS,L1,Y,1.0,39.0,2018-03-28,
ASN-001917-01,HRIS-WKR-001917,POS-ENG-L3-0015,JOB-ENG-L3-03,Engineering L3 Role 03,ENG,L3,Y,1.0,39.0,2021-06-08,
ASN-001918-01,HRIS-WKR-001918,POS-OPS-L6-0072,JOB-OPS-L6-06,Operations L6 Role 06,OPS,L6,Y,0.8,31.2,2022-04-18,
ASN-001918-02,HRIS-WKR-001918,POS-FIN-L6-0103,JOB-FIN-L6-01,Finance L6 Role 01,FIN,L6,N,0.2,7.8,2022-10-22,
ASN-001919-01,HRIS-WKR-001919,POS-SAL-L4-0168,JOB-SAL-L4-06,Sales L4 Role 06,SAL,L4,Y,1.0,39.0,2023-10-22,
ASN-001920-01,HRIS-WKR-001920,POS-OPS-L4-0060,JOB-OPS-L4-06,Operations L4 Role 06,OPS,L4,Y,0.8,31.2,2018-03-28,
ASN-001921-01,HRIS-WKR-001921,POS-TEC-L4-0204,JOB-TEC-L4-06,Technology L4 Role 06,TEC,L4,Y,1.0,39.0,2019-04-01,
ASN-001922-01,HRIS-WKR-001922,POS-SAL-L5-0171,JOB-SAL-L5-03,Sales L5 Role 03,SAL,L5,Y,1.0,39.0,2020-10-22,
ASN-001923-01,HRIS-WKR-001923,POS-SAL-L2-0153,JOB-SAL-L2-03,Sales L2 Role 03,SAL,L2,Y,1.0,39.0,2025-03-30,
ASN-001924-01,HRIS-WKR-001924,POS-HR-L2-0119,JOB-HR-L2-05,People L2 Role 05,HR,L2,Y,1.0,39.0,2025-08-29,
ASN-001925-01,HRIS-WKR-001925,POS-TEC-L1-0185,JOB-TEC-L1-05,Technology L1 Role 05,TEC,L1,Y,1.0,39.0,2020-07-17,
ASN-001926-01,HRIS-WKR-001926,POS-OPS-L4-0057,JOB-OPS-L4-03,Operations L4 Role 03,OPS,L4,Y,1.0,39.0,2025-04-22,
ASN-001927-01,HRIS-WKR-001927,POS-FIN-L2-0083,JOB-FIN-L2-05,Finance L2 Role 05,FIN,L2,Y,0.8,31.2,2024-11-23,
ASN-001928-01,HRIS-WKR-001928,POS-HR-L2-0118,JOB-HR-L2-04,People L2 Role 04,HR,L2,Y,1.0,39.0,2024-03-07,
ASN-001929-01,HRIS-WKR-001929,POS-FIN-L5-0102,JOB-FIN-L5-06,Finance L5 Role 06,FIN,L5,Y,1.0,39.0,2023-10-26,
ASN-001930-01,HRIS-WKR-001930,POS-ENG-L4-0019,JOB-ENG-L4-01,Engineering L4 Role 01,ENG,L4,Y,1.0,39.0,2021-12-19,
ASN-001931-01,HRIS-WKR-001931,POS-TEC-L1-0183,JOB-TEC-L1-03,Technology L1 Role 03,TEC,L1,Y,0.8,31.2,2023-01-07,
ASN-001931-02,HRIS-WKR-001931,POS-ENG-L2-0011,JOB-ENG-L2-05,Engineering L2 Role 05,ENG,L2,N,0.3,11.7,2022-08-01,
ASN-001932-01,HRIS-WKR-001932,POS-FIN-L1-0073,JOB-FIN-L1-01,Finance L1 Role 01,FIN,L1,Y,0.6,23.4,2021-06-17,
ASN-001933-01,HRIS-WKR-001933,POS-TEC-L1-0181,JOB-TEC-L1-01,Technology L1 Role 01,TEC,L1,Y,1.0,39.0,2023-05-16,
ASN-001934-01,HRIS-WKR-001934,POS-OPS-L3-0049,JOB-OPS-L3-01,Operations L3 Role 01,OPS,L3,Y,1.0,39.0,2022-06-24,
ASN-001934-02,HRIS-WKR-001934,POS-TEC-L3-0195,JOB-TEC-L3-03,Technology L3 Role 03,TEC,L3,N,0.4,15.6,2022-02-25,
ASN-001935-01,HRIS-WKR-001935,POS-TEC-L4-0204,JOB-TEC-L4-06,Technology L4 Role 06,TEC,L4,Y,1.0,39.0,2019-07-28,
ASN-001936-01,HRIS-WKR-001936,POS-HR-L4-0129,JOB-HR-L4-03,People L4 Role 03,HR,L4,Y,1.0,39.0,2018-08-07,
ASN-001937-01,HRIS-WKR-001937,POS-HR-L4-0130,JOB-HR-L4-04,People L4 Role 04,HR,L4,Y,0.8,31.2,2025-02-06,
ASN-001938-01,HRIS-WKR-001938,POS-SAL-L2-0156,JOB-SAL-L2-06,Sales L2 Role 06,SAL,L4,Y,1.0,39.0,2022-09-27,
ASN-001939-01,HRIS-WKR-001939,POS-SAL-L1-0149,JOB-SAL-L1-05,Sales L1 Role 05,SAL,L1,Y,1.0,39.0,2021-06-27,
ASN-001940-01,HRIS-WKR-001940,POS-TEC-L4-0204,JOB-TEC-L4-06,Technology L4 Role 06,TEC,L4,Y,1.0,39.0,2018-09-13,
ASN-001940-02,HRIS-WKR-001940,POS-SAL-L2-0151,JOB-SAL-L2-01,Sales L2 Role 01,SAL,L2,N,0.2,7.8,2019-05-26,
ASN-001941-01,HRIS-WKR-001941,POS-ENG-L6-0034,JOB-ENG-L6-04,Engineering L6 Role 04,ENG,L6,Y,1.0,39.0,2024-08-29,
ASN-001942-01,HRIS-WKR-001942,POS-HR-L1-0113,JOB-HR-L1-05,People L1 Role 05,HR,L1,Y,1.0,39.0,2018-04-26,
ASN-001943-01,HRIS-WKR-001943,POS-FIN-L3-0085,JOB-FIN-L3-01,Finance L3 Role 01,FIN,L3,Y,1.0,39.0,2019-10-16,
ASN-001944-01,HRIS-WKR-001944,POS-SAL-L3-0162,JOB-SAL-L3-06,Sales L3 Role 06,SAL,L3,Y,0.8,31.2,2024-02-11,
ASN-001945-01,HRIS-WKR-001945,POS-TEC-L5-0205,JOB-TEC-L5-01,Technology L5 Role 01,TEC,L5,Y,1.0,39.0,2021-08-26,
ASN-001946-01,HRIS-WKR-001946,POS-ENG-L4-0023,JOB-ENG-L4-05,Engineering L4 Role 05,ENG,L4,Y,1.0,39.0,2023-10-16,
ASN-001947-01,HRIS-WKR-001947,POS-FIN-L3-0086,JOB-FIN-L3-02,Finance L3 Role 02,FIN,L3,Y,,,2025-03-05,
ASN-001948-01,HRIS-WKR-001948,POS-SAL-L1-0149,JOB-SAL-L1-05,Sales L1 Role 05,SAL,L1,Y,1.0,39.0,2018-01-19,
ASN-001948-02,HRIS-WKR-001948,POS-FIN-L6-0104,JOB-FIN-L6-02,Finance L6 Role 02,FIN,L6,N,0.2,7.8,2024-09-04,
ASN-001949-01,HRIS-WKR-001949,POS-FIN-L4-0093,JOB-FIN-L4-03,Finance L4 Role 03,FIN,L4,Y,1.0,39.0,2024-11-24,
ASN-001949-02,HRIS-WKR-001949,POS-TEC-L6-0212,JOB-TEC-L6-02,Technology L6 Role 02,TEC,L6,N,0.2,7.8,2020-09-28,
ASN-001950-01,HRIS-WKR-001950,POS-SAL-L2-0153,JOB-SAL-L2-03,Sales L2 Role 03,SAL,L2,Y,1.0,39.0,2018-12-20,
ASN-001951-01,HRIS-WKR-001951,POS-OPS-L1-0041,JOB-OPS-L1-05,Operations L1 Role 05,OPS,L1,Y,1.0,39.0,2024-12-21,
ASN-001952-01,HRIS-WKR-001952,POS-SAL-L2-0153,JOB-SAL-L2-03,Sales L2 Role 03,SAL,L2,Y,1.0,39.0,2020-10-07,
ASN-001953-01,HRIS-WKR-001953,POS-HR-L2-0116,JOB-HR-L2-02,People L2 Role 02,HR,L4,Y,0.5,19.5,2023-01-25,
ASN-001954-01,HRIS-WKR-001954,POS-OPS-L1-0042,JOB-OPS-L1-06,Operations L1 Role 06,OPS,L1,Y,,,2020-11-15,
ASN-001955-01,HRIS-WKR-001955,POS-ENG-L4-0020,JOB-ENG-L4-02,Engineering L4 Role 02,ENG,L4,Y,1.0,39.0,2020-11-26,
ASN-001956-01,HRIS-WKR-001956,POS-HR-L6-0140,JOB-HR-L6-02,People L6 Role 02,HR,L6,Y,1.0,39.0,2018-09-16,
ASN-001957-01,HRIS-WKR-001957,POS-SAL-L5-0172,JOB-SAL-L5-04,Sales L5 Role 04,SAL,L5,Y,1.0,39.0,2023-03-28,
ASN-001958-01,HRIS-WKR-001958,POS-TEC-L3-0195,JOB-TEC-L3-03,Technology L3 Role 03,TEC,L3,Y,1.0,39.0,2023-06-21,
ASN-001959-01,HRIS-WKR-001959,POS-OPS-L6-0069,JOB-OPS-L6-03,Operations L6 Role 03,OPS,L6,Y,0.6,23.4,2021-11-29,
ASN-001960-01,HRIS-WKR-001960,POS-TEC-L5-0208,JOB-TEC-L5-04,Technology L5 Role 04,TEC,L5,Y,1.0,39.0,2019-03-22,
ASN-001961-01,HRIS-WKR-001961,POS-ENG-L2-0008,JOB-ENG-L2-02,Engineering L2 Role 02,ENG,L2,Y,1.0,39.0,2020-09-07,
ASN-001962-01,HRIS-WKR-001962,POS-SAL-L6-0177,JOB-SAL-L6-03,Sales L6 Role 03,SAL,L6,Y,1.0,39.0,2019-04-09,
ASN-001963-01,HRIS-WKR-001963,POS-FIN-L6-0107,JOB-FIN-L6-05,Finance L6 Role 05,FIN,L6,Y,1.0,39.0,2024-05-17,
ASN-001964-01,HRIS-WKR-001964,POS-ENG-L1-0003,JOB-ENG-L1-03,Engineering L1 Role 03,ENG,L1,Y,1.0,39.0,2023-08-01,
ASN-001965-01,HRIS-WKR-001965,POS-TEC-L3-0197,JOB-TEC-L3-05,Technology L3 Role 05,TEC,L3,Y,1.0,39.0,2018-01-02,
ASN-001966-01,HRIS-WKR-001966,POS-HR-L2-0118,JOB-HR-L2-04,People L2 Role 04,HR,L2,Y,1.0,39.0,2019-01-26,
ASN-001966-02,HRIS-WKR-001966,POS-OPS-L6-0069,JOB-OPS-L6-03,Operations L6 Role 03,OPS,L6,N,0.4,15.6,2021-01-18,
ASN-001967-01,HRIS-WKR-001967,POS-ENG-L6-0032,JOB-ENG-L6-02,Engineering L6 Role 02,ENG,L6,Y,0.5,19.5,2020-04-24,
ASN-001968-01,HRIS-WKR-001968,POS-HR-L1-0110,JOB-HR-L1-02,People L1 Role 02,HR,L1,Y,1.0,39.0,2025-03-12,
ASN-001969-01,HRIS-WKR-001969,POS-SAL-L4-0164,JOB-SAL-L4-02,Sales L4 Role 02,SAL,L4,Y,1.0,39.0,2022-04-15,
ASN-001970-01,HRIS-WKR-001970,POS-FIN-L1-0078,JOB-FIN-L1-06,Finance L1 Role 06,FIN,L1,Y,1.0,39.0,2022-09-05,
ASN-001971-01,HRIS-WKR-001971,POS-FIN-L3-0089,JOB-FIN-L3-05,Finance L3 Role 05,FIN,L3,Y,1.0,39.0,2025-10-26,
ASN-001972-01,HRIS-WKR-001972,POS-HR-L5-0134,JOB-HR-L5-02,People L5 Role 02,HR,L5,Y,1.0,39.0,2019-02-14,
ASN-001973-01,HRIS-WKR-001973,POS-HR-L3-0122,JOB-HR-L3-02,People L3 Role 02,HR,L3,Y,1.0,39.0,2025-08-14,
ASN-001974-01,HRIS-WKR-001974,POS-TEC-L1-0183,JOB-TEC-L1-03,Technology L1 Role 03,TEC,L1,Y,1.0,39.0,2022-10-07,
ASN-001975-01,HRIS-WKR-001975,POS-OPS-L6-0069,JOB-OPS-L6-03,Operations L6 Role 03,OPS,L6,Y,1.0,39.0,2019-10-17,
ASN-001976-01,HRIS-WKR-001976,POS-SAL-L3-0159,JOB-SAL-L3-03,Sales L3 Role 03,SAL,L3,Y,1.0,39.0,2023-03-03,
ASN-001977-01,HRIS-WKR-001977,POS-ENG-L4-0023,JOB-ENG-L4-05,Engineering L4 Role 05,ENG,L4,Y,1.0,39.0,2022-05-09,
ASN-001978-01,HRIS-WKR-001978,POS-SAL-L5-0173,JOB-SAL-L5-05,Sales L5 Role 05,SAL,L5,Y,1.0,39.0,2024-11-19,
ASN-001979-01,HRIS-WKR-001979,POS-ENG-L4-0024,JOB-ENG-L4-06,Engineering L4 Role 06,ENG,L4,Y,1.0,39.0,2025-03-25,
ASN-001980-01,HRIS-WKR-001980,POS-OPS-L5-0062,JOB-OPS-L5-02,Operations L5 Role 02,OPS,L5,Y,1.0,39.0,2023-08-11,
ASN-001981-01,HRIS-WKR-001981,POS-HR-L4-0127,JOB-HR-L4-01,People L4 Role 01,HR,L4,Y,1.0,39.0,2022-03-14,
ASN-001982-01,HRIS-WKR-001982,POS-OPS-L5-0066,JOB-OPS-L5-06,Operations L5 Role 06,OPS,L5,Y,,,2020-01-29,
ASN-001983-01,HRIS-WKR-001983,POS-TEC-L5-0205,JOB-TEC-L5-01,Technology L5 Role 01,TEC,L5,Y,1.0,39.0,2021-04-24,
ASN-001984-01,HRIS-WKR-001984,POS-ENG-L6-0035,JOB-ENG-L6-05,Engineering L6 Role 05,ENG,L6,Y,1.0,39.0,2018-03-14,
ASN-001985-01,HRIS-WKR-001985,POS-SAL-L5-0174,JOB-SAL-L5-06,Sales L5 Role 06,SAL,L5,Y,1.0,39.0,2025-08-24,
ASN-001986-01,HRIS-WKR-001986,POS-HR-L6-0139,JOB-HR-L6-01,People L6 Role 01,HR,L6,Y,1.0,39.0,2023-11-22,
ASN-001987-01,HRIS-WKR-001987,POS-ENG-L6-0036,JOB-ENG-L6-06,Engineering L6 Role 06,ENG,L6,Y,1.0,39.0,2018-08-18,
ASN-001988-01,HRIS-WKR-001988,POS-SAL-L5-0172,JOB-SAL-L5-04,Sales L5 Role 04,SAL,L5,Y,0.6,23.4,2018-05-15,
ASN-001989-01,HRIS-WKR-001989,POS-SAL-L6-0178,JOB-SAL-L6-04,Sales L6 Role 04,SAL,L6,Y,1.0,39.0,2022-08-23,
ASN-001990-01,HRIS-WKR-001990,POS-FIN-L4-0093,JOB-FIN-L4-03,Finance L4 Role 03,FIN,L4,Y,1.0,39.0,2020-03-09,
ASN-001991-01,HRIS-WKR-001991,POS-SAL-L3-0157,JOB-SAL-L3-01,Sales L3 Role 01,SAL,L3,Y,1.0,39.0,2024-02-28,
ASN-001992-01,HRIS-WKR-001992,POS-ENG-L4-0023,JOB-ENG-L4-05,Engineering L4 Role 05,ENG,L4,Y,1.0,39.0,2025-08-26,
ASN-001993-01,HRIS-WKR-001993,POS-OPS-L1-0040,JOB-OPS-L1-04,Operations L1 Role 04,OPS,L1,Y,0.5,19.5,2021-12-20,
ASN-001994-01,HRIS-WKR-001994,POS-ENG-L5-0027,JOB-ENG-L5-03,Engineering L5 Role 03,ENG,L5,Y,0.8,31.2,2022-04-15,
ASN-001995-01,HRIS-WKR-001995,POS-HR-L1-0110,JOB-HR-L1-02,People L1 Role 02,HR,L1,Y,1.0,39.0,2020-10-28,
ASN-001996-01,HRIS-WKR-001996,POS-HR-L2-0118,JOB-HR-L2-04,People L2 Role 04,HR,L2,Y,0.6,23.4,2021-09-23,
ASN-001996-02,HRIS-WKR-001996,POS-TEC-L6-0212,JOB-TEC-L6-02,Technology L6 Role 02,TEC,L6,N,0.2,7.8,2023-03-05,
ASN-001997-01,HRIS-WKR-001997,POS-TEC-L5-0209,JOB-TEC-L5-05,Technology L5 Role 05,TEC,L5,Y,1.0,39.0,2021-10-25,
ASN-001998-01,HRIS-WKR-001998,POS-HR-L4-0132,JOB-HR-L4-06,People L4 Role 06,HR,L2,Y,0.8,31.2,2025-08-07,
ASN-001999-01,HRIS-WKR-001999,POS-ENG-L1-0001,JOB-ENG-L1-01,Engineering L1 Role 01,ENG,L1,Y,0.8,31.2,2020-11-16,
ASN-001999-02,HRIS-WKR-001999,POS-OPS-L6-0071,JOB-OPS-L6-05,Operations L6 Role 05,OPS,L6,N,0.2,7.8,2022-05-26,
ASN-002000-01,HRIS-WKR-002000,POS-FIN-L2-0083,JOB-FIN-L2-05,Finance L2 Role 05,FIN,L2,Y,1.0,39.0,2020-01-21,
ASN-002001-01,HRIS-WKR-002001,POS-ENG-L5-0025,JOB-ENG-L5-01,Engineering L5 Role 01,ENG,L5,Y,1.0,39.0,2024-05-14,
ASN-002001-02,HRIS-WKR-002001,POS-SAL-L6-0175,JOB-SAL-L6-01,Sales L6 Role 01,SAL,L6,N,0.2,7.8,2021-02-08,
ASN-002002-01,HRIS-WKR-002002,POS-ENG-L4-0019,JOB-ENG-L4-01,Engineering L4 Role 01,ENG,L4,Y,1.0,39.0,2020-05-28,
ASN-002003-01,HRIS-WKR-002003,POS-FIN-L2-0079,JOB-FIN-L2-01,Finance L2 Role 01,FIN,L2,Y,1.0,39.0,2025-05-09,
ASN-002004-01,HRIS-WKR-002004,POS-TEC-L2-0188,JOB-TEC-L2-02,Technology L2 Role 02,TEC,L2,Y,0.6,23.4,2022-11-17,
ASN-002005-01,HRIS-WKR-002005,POS-HR-L6-0139,JOB-HR-L6-01,People L6 Role 01,HR,L6,Y,1.0,39.0,2018-08-16,
ASN-002006-01,HRIS-WKR-002006,POS-TEC-L4-0203,JOB-TEC-L4-05,Technology L4 Role 05,TEC,L4,Y,0.8,31.2,2018-03-22,
ASN-002007-01,HRIS-WKR-002007,POS-ENG-L3-0016,JOB-ENG-L3-04,Engineering L3 Role 04,ENG,L3,Y,1.0,39.0,2023-09-26,
ASN-002008-01,HRIS-WKR-002008,POS-HR-L2-0119,JOB-HR-L2-05,People L2 Role 05,HR,L2,Y,1.0,39.0,2022-04-12,
ASN-002009-01,HRIS-WKR-002009,POS-TEC-L3-0195,JOB-TEC-L3-03,Technology L3 Role 03,TEC,L3,Y,1.0,39.0,2018-09-18,
ASN-002010-01,HRIS-WKR-002010,POS-HR-L1-0113,JOB-HR-L1-05,People L1 Role 05,HR,L1,Y,1.0,39.0,2021-04-03,
ASN-002011-01,HRIS-WKR-002011,POS-ENG-L3-0016,JOB-ENG-L3-04,Engineering L3 Role 04,ENG,L3,Y,1.0,39.0,2018-10-29,
ASN-002012-01,HRIS-WKR-002012,POS-HR-L2-0120,JOB-HR-L2-06,People L2 Role 06,HR,L2,Y,1.0,39.0,2023-09-02,
ASN-002013-01,HRIS-WKR-002013,POS-OPS-L6-0071,JOB-OPS-L6-05,Operations L6 Role 05,OPS,L6,Y,1.0,39.0,2023-10-01,
ASN-002014-01,HRIS-WKR-002014,POS-FIN-L6-0103,JOB-FIN-L6-01,Finance L6 Role 01,FIN,L6,Y,1.0,39.0,2025-07-05,
ASN-002015-01,HRIS-WKR-002015,POS-TEC-L3-0197,JOB-TEC-L3-05,Technology L3 Role 05,TEC,L3,Y,1.0,39.0,2023-01-27,
ASN-002016-01,HRIS-WKR-002016,POS-TEC-L3-0196,JOB-TEC-L3-04,Technology L3 Role 04,TEC,L3,Y,0.5,19.5,2022-07-29,
ASN-002017-01,HRIS-WKR-002017,POS-SAL-L4-0164,JOB-SAL-L4-02,Sales L4 Role 02,SAL,L4,Y,1.0,39.0,2020-10-12,
ASN-002018-01,HRIS-WKR-002018,POS-TEC-L3-0196,JOB-TEC-L3-04,Technology L3 Role 04,TEC,L3,Y,1.0,39.0,2025-01-08,
ASN-002018-02,HRIS-WKR-002018,POS-ENG-L4-0021,JOB-ENG-L4-03,Engineering L4 Role 03,ENG,L4,N,0.3,11.7,2018-09-16,
ASN-002019-01,HRIS-WKR-002019,POS-ENG-L1-0001,JOB-ENG-L1-01,Engineering L1 Role 01,ENG,L1,Y,1.0,39.0,2025-02-18,
ASN-002020-01,HRIS-WKR-002020,POS-HR-L1-0109,JOB-HR-L1-01,People L1 Role 01,HR,L1,Y,1.0,39.0,2018-12-26,
ASN-002021-01,HRIS-WKR-002021,POS-OPS-L5-0062,JOB-OPS-L5-02,Operations L5 Role 02,OPS,L5,Y,0.8,31.2,2018-05-02,
ASN-002022-01,HRIS-WKR-002022,POS-ENG-L6-0032,JOB-ENG-L6-02,Engineering L6 Role 02,ENG,L6,Y,1.0,39.0,2019-11-30,
ASN-002023-01,HRIS-WKR-002023,POS-TEC-L2-0191,JOB-TEC-L2-05,Technology L2 Role 05,TEC,L2,Y,1.0,39.0,2024-07-03,
ASN-002024-01,HRIS-WKR-002024,POS-FIN-L5-0097,JOB-FIN-L5-01,Finance L5 Role 01,FIN,L5,Y,1.0,39.0,2021-08-05,
ASN-002024-02,HRIS-WKR-002024,POS-FIN-L4-0091,JOB-FIN-L4-01,Finance L4 Role 01,FIN,L4,N,0.4,15.6,2024-09-24,
ASN-002025-01,HRIS-WKR-002025,POS-OPS-L1-0037,JOB-OPS-L1-01,Operations L1 Role 01,OPS,L1,Y,0.8,31.2,2022-09-13,
ASN-002026-01,HRIS-WKR-002026,POS-FIN-L1-0073,JOB-FIN-L1-01,Finance L1 Role 01,FIN,L1,Y,1.0,39.0,2024-09-04,
ASN-002027-01,HRIS-WKR-002027,POS-FIN-L2-0083,JOB-FIN-L2-05,Finance L2 Role 05,FIN,L2,Y,1.0,39.0,2024-04-17,
ASN-002028-01,HRIS-WKR-002028,POS-ENG-L4-0020,JOB-ENG-L4-02,Engineering L4 Role 02,ENG,L4,Y,1.0,39.0,2023-11-12,
ASN-002029-01,HRIS-WKR-002029,POS-OPS-L6-0067,JOB-OPS-L6-01,Operations L6 Role 01,OPS,L6,Y,1.0,39.0,2023-08-14,
ASN-002030-01,HRIS-WKR-002030,POS-OPS-L4-0059,JOB-OPS-L4-05,Operations L4 Role 05,OPS,L4,Y,1.0,39.0,2022-03-23,
ASN-002031-01,HRIS-WKR-002031,POS-SAL-L4-0163,JOB-SAL-L4-01,Sales L4 Role 01,SAL,L4,Y,0.6,23.4,2020-05-30,
ASN-002032-01,HRIS-WKR-002032,POS-OPS-L6-0071,JOB-OPS-L6-05,Operations L6 Role 05,OPS,L6,Y,1.0,39.0,2024-03-05,
ASN-002033-01,HRIS-WKR-002033,POS-FIN-L6-0108,JOB-FIN-L6-06,Finance L6 Role 06,FIN,L6,Y,1.0,39.0,2023-01-21,
ASN-002034-01,HRIS-WKR-002034,POS-ENG-L3-0014,JOB-ENG-L3-02,Engineering L3 Role 02,ENG,L3,Y,1.0,39.0,2024-02-28,
ASN-002035-01,HRIS-WKR-002035,POS-ENG-L2-0010,JOB-ENG-L2-04,Engineering L2 Role 04,ENG,L2,Y,0.6,23.4,2018-07-20,
ASN-002036-01,HRIS-WKR-002036,POS-HR-L3-0122,JOB-HR-L3-02,People L3 Role 02,HR,L3,Y,1.0,39.0,2021-09-19,
ASN-002037-01,HRIS-WKR-002037,POS-HR-L5-0137,JOB-HR-L5-05,People L5 Role 05,HR,L5,Y,1.0,39.0,2018-04-09,
ASN-002037-02,HRIS-WKR-002037,POS-HR-L1-0109,JOB-HR-L1-01,People L1 Role 01,HR,L1,N,0.4,15.6,2021-12-05,
ASN-002038-01,HRIS-WKR-002038,POS-ENG-L2-0009,JOB-ENG-L2-03,Engineering L2 Role 03,ENG,L2,Y,,,2019-12-28,
ASN-002039-01,HRIS-WKR-002039,POS-HR-L4-0131,JOB-HR-L4-05,People L4 Role 05,HR,L4,Y,0.4,15.6,2023-06-22,
ASN-002040-01,HRIS-WKR-002040,POS-FIN-L1-0078,JOB-FIN-L1-06,Finance L1 Role 06,FIN,L1,Y,1.0,39.0,2024-03-01,
ASN-002041-01,HRIS-WKR-002041,POS-TEC-L1-0186,JOB-TEC-L1-06,Technology L1 Role 06,TEC,L1,Y,1.0,39.0,2023-05-04,
ASN-002041-02,HRIS-WKR-002041,POS-OPS-L1-0042,JOB-OPS-L1-06,Operations L1 Role 06,OPS,L1,N,0.3,11.7,2021-08-21,
ASN-002042-01,HRIS-WKR-002042,POS-ENG-L4-0020,JOB-ENG-L4-02,Engineering L4 Role 02,ENG,L4,Y,1.0,39.0,2024-03-20,
ASN-002043-01,HRIS-WKR-002043,POS-FIN-L2-0082,JOB-FIN-L2-04,Finance L2 Role 04,FIN,L2,Y,1.0,39.0,2021-01-04,
ASN-002044-01,HRIS-WKR-002044,POS-FIN-L3-0090,JOB-FIN-L3-06,Finance L3 Role 06,FIN,L3,Y,1.0,39.0,2020-04-13,
ASN-002044-02,HRIS-WKR-002044,POS-TEC-L4-0204,JOB-TEC-L4-06,Technology L4 Role 06,TEC,L4,N,0.2,7.8,2021-02-03,
ASN-002045-01,HRIS-WKR-002045,POS-FIN-L6-0105,JOB-FIN-L6-03,Finance L6 Role 03,FIN,L6,Y,0.8,31.2,2019-01-16,
ASN-002046-01,HRIS-WKR-002046,POS-SAL-L2-0152,JOB-SAL-L2-02,Sales L2 Role 02,SAL,L2,Y,1.0,39.0,2018-05-08,
ASN-002047-01,HRIS-WKR-002047,POS-HR-L5-0133,JOB-HR-L5-01,People L5 Role 01,HR,L5,Y,1.0,39.0,2019-12-01,
ASN-002048-01,HRIS-WKR-002048,POS-SAL-L2-0153,JOB-SAL-L2-03,Sales L2 Role 03,SAL,L2,Y,1.0,39.0,2018-06-14,
ASN-002049-01,HRIS-WKR-002049,POS-HR-L6-0142,JOB-HR-L6-04,People L6 Role 04,HR,L6,Y,1.0,39.0,2021-06-08,
ASN-002050-01,HRIS-WKR-002050,POS-HR-L3-0125,JOB-HR-L3-05,People L3 Role 05,HR,L3,Y,1.0,39.0,2025-09-08,
ASN-002051-01,HRIS-WKR-002051,POS-HR-L6-0141,JOB-HR-L6-03,People L6 Role 03,HR,L6,Y,0.8,31.2,2019-05-19,
ASN-002051-02,HRIS-WKR-002051,POS-OPS-L6-0070,JOB-OPS-L6-04,Operations L6 Role 04,OPS,L6,N,0.3,11.7,2021-12-29,
ASN-002052-01,HRIS-WKR-002052,POS-TEC-L3-0197,JOB-TEC-L3-05,Technology L3 Role 05,TEC,L3,Y,1.0,39.0,2021-05-22,
ASN-002053-01,HRIS-WKR-002053,POS-FIN-L4-0096,JOB-FIN-L4-06,Finance L4 Role 06,FIN,L4,Y,1.0,39.0,2020-11-12,
ASN-002054-01,HRIS-WKR-002054,POS-HR-L5-0135,JOB-HR-L5-03,People L5 Role 03,HR,L5,Y,0.6,23.4,2023-08-07,
ASN-002055-01,HRIS-WKR-002055,POS-FIN-L4-0094,JOB-FIN-L4-04,Finance L4 Role 04,FIN,L4,Y,0.4,15.6,2023-08-20,
ASN-002056-01,HRIS-WKR-002056,POS-HR-L3-0125,JOB-HR-L3-05,People L3 Role 05,HR,L3,Y,1.0,39.0,2019-06-24,
ASN-002057-01,HRIS-WKR-002057,POS-OPS-L3-0053,JOB-OPS-L3-05,Operations L3 Role 05,OPS,L3,Y,1.0,39.0,2021-09-19,
ASN-002057-02,HRIS-WKR-002057,POS-SAL-L6-0175,JOB-SAL-L6-01,Sales L6 Role 01,SAL,L6,N,0.2,7.8,2018-08-23,
ASN-002058-01,HRIS-WKR-002058,POS-HR-L4-0127,JOB-HR-L4-01,People L4 Role 01,HR,L4,Y,,,2024-11-06,
ASN-002059-01,HRIS-WKR-002059,POS-ENG-L6-0036,JOB-ENG-L6-06,Engineering L6 Role 06,ENG,L6,Y,1.0,39.0,2018-11-14,
ASN-002060-01,HRIS-WKR-002060,POS-FIN-L5-0097,JOB-FIN-L5-01,Finance L5 Role 01,FIN,L5,Y,0.5,19.5,2020-12-18,
ASN-002061-01,HRIS-WKR-002061,POS-SAL-L4-0164,JOB-SAL-L4-02,Sales L4 Role 02,SAL,L4,Y,1.0,39.0,2021-12-06,
ASN-002062-01,HRIS-WKR-002062,POS-OPS-L5-0063,JOB-OPS-L5-03,Operations L5 Role 03,OPS,L5,Y,0.8,31.2,2019-11-17,
ASN-002063-01,HRIS-WKR-002063,POS-TEC-L5-0207,JOB-TEC-L5-03,Technology L5 Role 03,TEC,L5,Y,0.5,19.5,2018-07-29,
ASN-002064-01,HRIS-WKR-002064,POS-HR-L1-0112,JOB-HR-L1-04,People L1 Role 04,HR,L1,Y,1.0,39.0,2019-04-17,
ASN-002065-01,HRIS-WKR-002065,POS-TEC-L1-0184,JOB-TEC-L1-04,Technology L1 Role 04,TEC,L1,Y,1.0,39.0,2024-09-28,
ASN-002066-01,HRIS-WKR-002066,POS-FIN-L4-0091,JOB-FIN-L4-01,Finance L4 Role 01,FIN,L4,Y,1.0,39.0,2025-01-25,
ASN-002067-01,HRIS-WKR-002067,POS-HR-L1-0114,JOB-HR-L1-06,People L1 Role 06,HR,L1,Y,1.0,39.0,2023-06-22,
ASN-002068-01,HRIS-WKR-002068,POS-TEC-L6-0211,JOB-TEC-L6-01,Technology L6 Role 01,TEC,L6,Y,1.0,39.0,2025-10-07,
ASN-002069-01,HRIS-WKR-002069,POS-TEC-L1-0184,JOB-TEC-L1-04,Technology L1 Role 04,TEC,L1,Y,1.0,39.0,2023-08-25,
ASN-002069-02,HRIS-WKR-002069,POS-SAL-L2-0155,JOB-SAL-L2-05,Sales L2 Role 05,SAL,L2,N,0.2,7.8,2023-12-01,
ASN-002070-01,HRIS-WKR-002070,POS-ENG-L3-0015,JOB-ENG-L3-03,Engineering L3 Role 03,ENG,L3,Y,1.0,39.0,2023-11-13,
ASN-002071-01,HRIS-WKR-002071,POS-OPS-L1-0039,JOB-OPS-L1-03,Operations L1 Role 03,OPS,L1,Y,0.4,15.6,2020-04-30,
ASN-002072-01,HRIS-WKR-002072,POS-TEC-L6-0214,JOB-TEC-L6-04,Technology L6 Role 04,TEC,L6,Y,1.0,39.0,2022-07-24,
ASN-002073-01,HRIS-WKR-002073,POS-TEC-L2-0189,JOB-TEC-L2-03,Technology L2 Role 03,TEC,L2,Y,0.8,31.2,2021-12-31,
ASN-002074-01,HRIS-WKR-002074,POS-FIN-L1-0073,JOB-FIN-L1-01,Finance L1 Role 01,FIN,L1,Y,1.0,39.0,2025-06-05,
ASN-002075-01,HRIS-WKR-002075,POS-HR-L4-0129,JOB-HR-L4-03,People L4 Role 03,HR,L4,Y,1.0,39.0,2019-05-24,
ASN-002076-01,HRIS-WKR-002076,POS-FIN-L6-0108,JOB-FIN-L6-06,Finance L6 Role 06,FIN,L6,Y,1.0,39.0,2021-07-26,
ASN-002077-01,HRIS-WKR-002077,POS-SAL-L5-0173,JOB-SAL-L5-05,Sales L5 Role 05,SAL,L5,Y,0.5,19.5,2025-02-23,
ASN-002078-01,HRIS-WKR-002078,POS-FIN-L4-0095,JOB-FIN-L4-05,Finance L4 Role 05,FIN,L4,Y,0.4,15.6,2024-06-21,
ASN-002079-01,HRIS-WKR-002079,POS-SAL-L1-0146,JOB-SAL-L1-02,Sales L1 Role 02,SAL,L1,Y,1.0,39.0,2020-10-21,
ASN-002080-01,HRIS-WKR-002080,POS-FIN-L6-0104,JOB-FIN-L6-02,Finance L6 Role 02,FIN,L6,Y,1.0,39.0,2024-01-27,
ASN-002081-01,HRIS-WKR-002081,POS-ENG-L3-0017,JOB-ENG-L3-05,Engineering L3 Role 05,ENG,L3,Y,1.0,39.0,2022-01-28,
ASN-002082-01,HRIS-WKR-002082,POS-SAL-L3-0162,JOB-SAL-L3-06,Sales L3 Role 06,SAL,L3,Y,0.8,31.2,2018-03-02,
ASN-002083-01,HRIS-WKR-002083,POS-HR-L1-0113,JOB-HR-L1-05,People L1 Role 05,HR,L1,Y,1.0,39.0,2023-02-24,
ASN-002083-02,HRIS-WKR-002083,POS-TEC-L4-0203,JOB-TEC-L4-05,Technology L4 Role 05,TEC,L4,N,0.2,7.8,2025-01-09,
ASN-002084-01,HRIS-WKR-002084,POS-TEC-L1-0183,JOB-TEC-L1-03,Technology L1 Role 03,TEC,L1,Y,1.0,39.0,2020-01-14,
ASN-002085-01,HRIS-WKR-002085,POS-TEC-L2-0187,JOB-TEC-L2-01,Technology L2 Role 01,TEC,L2,Y,1.0,39.0,2024-09-11,
ASN-002085-02,HRIS-WKR-002085,POS-OPS-L1-0040,JOB-OPS-L1-04,Operations L1 Role 04,OPS,L1,N,0.2,7.8,2022-10-21,
ASN-002086-01,HRIS-WKR-002086,POS-TEC-L4-0199,JOB-TEC-L4-01,Technology L4 Role 01,TEC,L6,Y,1.0,39.0,2022-11-20,
ASN-002087-01,HRIS-WKR-002087,POS-FIN-L4-0092,JOB-FIN-L4-02,Finance L4 Role 02,FIN,L4,Y,1.0,39.0,2025-09-06,
ASN-002088-01,HRIS-WKR-002088,POS-FIN-L5-0100,JOB-FIN-L5-04,Finance L5 Role 04,FIN,L5,Y,1.0,39.0,2024-05-10,
ASN-002089-01,HRIS-WKR-002089,POS-ENG-L2-0009,JOB-ENG-L2-03,Engineering L2 Role 03,ENG,L2,Y,0.5,19.5,2021-08-15,
ASN-002090-01,HRIS-WKR-002090,POS-FIN-L4-0095,JOB-FIN-L4-05,Finance L4 Role 05,FIN,L4,Y,1.0,39.0,2022-02-11,
ASN-002091-01,HRIS-WKR-002091,POS-SAL-L6-0176,JOB-SAL-L6-02,Sales L6 Role 02,SAL,L6,Y,0.5,19.5,2025-11-18,
ASN-002092-01,HRIS-WKR-002092,POS-TEC-L6-0215,JOB-TEC-L6-05,Technology L6 Role 05,TEC,L6,Y,1.0,39.0,2024-04-23,
ASN-002093-01,HRIS-WKR-002093,POS-FIN-L6-0105,JOB-FIN-L6-03,Finance L6 Role 03,FIN,L6,Y,1.0,39.0,2020-11-11,
ASN-002093-02,HRIS-WKR-002093,POS-TEC-L3-0196,JOB-TEC-L3-04,Technology L3 Role 04,TEC,L3,N,0.3,11.7,2020-04-26,
ASN-002094-01,HRIS-WKR-002094,POS-TEC-L4-0202,JOB-TEC-L4-04,Technology L4 Role 04,TEC,L6,Y,1.0,39.0,2020-07-11,
ASN-002095-01,HRIS-WKR-002095,POS-FIN-L1-0077,JOB-FIN-L1-05,Finance L1 Role 05,FIN,L1,Y,1.0,39.0,2025-07-21,
ASN-002096-01,HRIS-WKR-002096,POS-TEC-L4-0203,JOB-TEC-L4-05,Technology L4 Role 05,TEC,L4,Y,1.0,39.0,2019-11-10,
ASN-002097-01,HRIS-WKR-002097,POS-TEC-L2-0192,JOB-TEC-L2-06,Technology L2 Role 06,TEC,L2,Y,1.0,39.0,2024-09-21,
ASN-002098-01,HRIS-WKR-002098,POS-ENG-L1-0001,JOB-ENG-L1-01,Engineering L1 Role 01,ENG,L1,Y,0.8,31.2,2020-10-06,
ASN-002099-01,HRIS-WKR-002099,POS-ENG-L1-0006,JOB-ENG-L1-06,Engineering L1 Role 06,ENG,L1,Y,1.0,39.0,2019-11-01,
ASN-002100-01,HRIS-WKR-002100,POS-OPS-L4-0060,JOB-OPS-L4-06,Operations L4 Role 06,OPS,L4,Y,1.0,39.0,2020-04-06,
ASN-002101-01,HRIS-WKR-002101,POS-OPS-L6-0069,JOB-OPS-L6-03,Operations L6 Role 03,OPS,L6,Y,0.6,23.4,2019-12-16,
ASN-002102-01,HRIS-WKR-002102,POS-TEC-L2-0187,JOB-TEC-L2-01,Technology L2 Role 01,TEC,L2,Y,1.0,39.0,2023-01-03,
ASN-002103-01,HRIS-WKR-002103,POS-ENG-L3-0016,JOB-ENG-L3-04,Engineering L3 Role 04,ENG,L3,Y,1.0,39.0,2019-08-06,
ASN-002104-01,HRIS-WKR-002104,POS-ENG-L2-0011,JOB-ENG-L2-05,Engineering L2 Role 05,ENG,L2,Y,0.8,31.2,2018-02-23,
ASN-002105-01,HRIS-WKR-002105,POS-SAL-L4-0168,JOB-SAL-L4-06,Sales L4 Role 06,SAL,L4,Y,1.0,39.0,2024-12-10,
ASN-002106-01,HRIS-WKR-002106,POS-ENG-L2-0011,JOB-ENG-L2-05,Engineering L2 Role 05,ENG,L2,Y,1.0,39.0,2020-10-06,
ASN-002107-01,HRIS-WKR-002107,POS-SAL-L4-0167,JOB-SAL-L4-05,Sales L4 Role 05,SAL,L4,Y,1.0,39.0,2024-06-20,
ASN-002108-01,HRIS-WKR-002108,POS-ENG-L3-0013,JOB-ENG-L3-01,Engineering L3 Role 01,ENG,L3,Y,0.8,31.2,2019-11-18,
ASN-002109-01,HRIS-WKR-002109,POS-ENG-L3-0017,JOB-ENG-L3-05,Engineering L3 Role 05,ENG,L3,Y,1.0,39.0,2020-06-11,
ASN-002110-01,HRIS-WKR-002110,POS-ENG-L5-0028,JOB-ENG-L5-04,Engineering L5 Role 04,ENG,L5,Y,1.0,39.0,2020-09-29,
ASN-002111-01,HRIS-WKR-002111,POS-SAL-L6-0180,JOB-SAL-L6-06,Sales L6 Role 06,SAL,L6,Y,1.0,39.0,2020-09-11,
ASN-002112-01,HRIS-WKR-002112,POS-ENG-L5-0027,JOB-ENG-L5-03,Engineering L5 Role 03,ENG,L5,Y,1.0,39.0,2020-04-16,
ASN-002113-01,HRIS-WKR-002113,POS-TEC-L2-0190,JOB-TEC-L2-04,Technology L2 Role 04,TEC,L2,Y,0.5,19.5,2025-01-21,
ASN-002114-01,HRIS-WKR-002114,POS-FIN-L3-0088,JOB-FIN-L3-04,Finance L3 Role 04,FIN,L3,Y,1.0,39.0,2022-01-13,
ASN-002115-01,HRIS-WKR-002115,POS-FIN-L6-0103,JOB-FIN-L6-01,Finance L6 Role 01,FIN,L6,Y,1.0,39.0,2019-12-28,
ASN-002116-01,HRIS-WKR-002116,POS-ENG-L6-0034,JOB-ENG-L6-04,Engineering L6 Role 04,ENG,L6,Y,0.6,23.4,2023-05-12,
ASN-002117-01,HRIS-WKR-002117,POS-FIN-L1-0074,JOB-FIN-L1-02,Finance L1 Role 02,FIN,L1,Y,1.0,39.0,2022-08-05,
ASN-002118-01,HRIS-WKR-002118,POS-HR-L3-0121,JOB-HR-L3-01,People L3 Role 01,HR,L3,Y,0.8,31.2,2018-10-31,
ASN-002119-01,HRIS-WKR-002119,POS-OPS-L1-0037,JOB-OPS-L1-01,Operations L1 Role 01,OPS,L1,Y,1.0,39.0,2021-02-17,
ASN-002120-01,HRIS-WKR-002120,POS-HR-L3-0123,JOB-HR-L3-03,People L3 Role 03,HR,L3,Y,1.0,39.0,2018-08-05,
ASN-002121-01,HRIS-WKR-002121,POS-SAL-L5-0174,JOB-SAL-L5-06,Sales L5 Role 06,SAL,L5,Y,0.5,19.5,2025-05-21,
ASN-002122-01,HRIS-WKR-002122,POS-HR-L2-0119,JOB-HR-L2-05,People L2 Role 05,HR,L2,Y,1.0,39.0,2020-07-08,
ASN-002123-01,HRIS-WKR-002123,POS-OPS-L3-0052,JOB-OPS-L3-04,Operations L3 Role 04,OPS,L3,Y,1.0,39.0,2021-03-27,
ASN-002124-01,HRIS-WKR-002124,POS-ENG-L4-0019,JOB-ENG-L4-01,Engineering L4 Role 01,ENG,L4,Y,1.0,39.0,2024-04-27,
ASN-002125-01,HRIS-WKR-002125,POS-SAL-L3-0157,JOB-SAL-L3-01,Sales L3 Role 01,SAL,L3,Y,0.8,31.2,2025-12-21,
ASN-002126-01,HRIS-WKR-002126,POS-FIN-L6-0103,JOB-FIN-L6-01,Finance L6 Role 01,FIN,L6,Y,1.0,39.0,2020-08-24,
ASN-002127-01,HRIS-WKR-002127,POS-FIN-L3-0089,JOB-FIN-L3-05,Finance L3 Role 05,FIN,L3,Y,1.0,39.0,2023-11-17,
ASN-002128-01,HRIS-WKR-002128,POS-TEC-L4-0201,JOB-TEC-L4-03,Technology L4 Role 03,TEC,L4,Y,1.0,39.0,2021-12-17,
ASN-002129-01,HRIS-WKR-002129,POS-SAL-L2-0151,JOB-SAL-L2-01,Sales L2 Role 01,SAL,L2,Y,1.0,39.0,2019-05-05,
ASN-002130-01,HRIS-WKR-002130,POS-HR-L4-0132,JOB-HR-L4-06,People L4 Role 06,HR,L4,Y,1.0,39.0,2019-01-15,
ASN-002131-01,HRIS-WKR-002131,POS-FIN-L1-0076,JOB-FIN-L1-04,Finance L1 Role 04,FIN,L1,Y,1.0,39.0,2024-07-28,
ASN-002132-01,HRIS-WKR-002132,POS-HR-L6-0141,JOB-HR-L6-03,People L6 Role 03,HR,L6,Y,1.0,39.0,2022-10-03,
ASN-002133-01,HRIS-WKR-002133,POS-HR-L2-0115,JOB-HR-L2-01,People L2 Role 01,HR,L2,Y,1.0,39.0,2025-04-17,
ASN-002134-01,HRIS-WKR-002134,POS-SAL-L2-0154,JOB-SAL-L2-04,Sales L2 Role 04,SAL,L2,Y,0.8,31.2,2024-12-17,
ASN-002135-01,HRIS-WKR-002135,POS-FIN-L1-0077,JOB-FIN-L1-05,Finance L1 Role 05,FIN,L1,Y,1.0,39.0,2025-01-07,
ASN-002136-01,HRIS-WKR-002136,POS-ENG-L3-0013,JOB-ENG-L3-01,Engineering L3 Role 01,ENG,L3,Y,1.0,39.0,2018-01-25,
ASN-002137-01,HRIS-WKR-002137,POS-TEC-L2-0187,JOB-TEC-L2-01,Technology L2 Role 01,TEC,L2,Y,1.0,39.0,2020-01-28,
ASN-002138-01,HRIS-WKR-002138,POS-TEC-L4-0199,JOB-TEC-L4-01,Technology L4 Role 01,TEC,L4,Y,0.5,19.5,2020-04-23,
ASN-002139-01,HRIS-WKR-002139,POS-TEC-L1-0183,JOB-TEC-L1-03,Technology L1 Role 03,TEC,L1,Y,1.0,39.0,2022-07-31,
ASN-002140-01,HRIS-WKR-002140,POS-FIN-L2-0081,JOB-FIN-L2-03,Finance L2 Role 03,FIN,L2,Y,0.4,15.6,2019-04-04,
ASN-002141-01,HRIS-WKR-002141,POS-FIN-L2-0084,JOB-FIN-L2-06,Finance L2 Role 06,FIN,L2,Y,1.0,39.0,2021-10-26,
ASN-002142-01,HRIS-WKR-002142,POS-TEC-L5-0205,JOB-TEC-L5-01,Technology L5 Role 01,TEC,L5,Y,1.0,39.0,2018-05-07,
ASN-002143-01,HRIS-WKR-002143,POS-TEC-L5-0209,JOB-TEC-L5-05,Technology L5 Role 05,TEC,L5,Y,1.0,39.0,2020-06-25,
ASN-002144-01,HRIS-WKR-002144,POS-ENG-L6-0031,JOB-ENG-L6-01,Engineering L6 Role 01,ENG,L6,Y,0.8,31.2,2025-08-06,
ASN-002145-01,HRIS-WKR-002145,POS-ENG-L3-0017,JOB-ENG-L3-05,Engineering L3 Role 05,ENG,L3,Y,1.0,39.0,2023-11-10,
ASN-002146-01,HRIS-WKR-002146,POS-OPS-L3-0051,JOB-OPS-L3-03,Operations L3 Role 03,OPS,L3,Y,1.0,39.0,2023-04-13,
ASN-002147-01,HRIS-WKR-002147,POS-TEC-L3-0193,JOB-TEC-L3-01,Technology L3 Role 01,TEC,L3,Y,1.0,39.0,2025-04-10,
ASN-002148-01,HRIS-WKR-002148,POS-HR-L5-0135,JOB-HR-L5-03,People L5 Role 03,HR,L5,Y,1.0,39.0,2026-01-04,
ASN-002149-01,HRIS-WKR-002149,POS-ENG-L4-0023,JOB-ENG-L4-05,Engineering L4 Role 05,ENG,L4,Y,1.0,39.0,2019-11-26,
ASN-002150-01,HRIS-WKR-002150,POS-OPS-L3-0054,JOB-OPS-L3-06,Operations L3 Role 06,OPS,L3,Y,1.0,39.0,2022-09-06,
ASN-002151-01,HRIS-WKR-002151,POS-ENG-L5-0025,JOB-ENG-L5-01,Engineering L5 Role 01,ENG,L6,Y,1.0,39.0,2024-11-29,
ASN-002152-01,HRIS-WKR-002152,POS-TEC-L5-0205,JOB-TEC-L5-01,Technology L5 Role 01,TEC,L5,Y,1.0,39.0,2020-07-19,
ASN-002153-01,HRIS-WKR-002153,POS-OPS-L4-0060,JOB-OPS-L4-06,Operations L4 Role 06,OPS,L4,Y,1.0,39.0,2022-03-25,
ASN-002154-01,HRIS-WKR-002154,POS-TEC-L3-0196,JOB-TEC-L3-04,Technology L3 Role 04,TEC,L3,Y,1.0,39.0,2023-08-18,
ASN-002155-01,HRIS-WKR-002155,POS-FIN-L2-0083,JOB-FIN-L2-05,Finance L2 Role 05,FIN,L2,Y,1.0,39.0,2018-02-17,
ASN-002156-01,HRIS-WKR-002156,POS-SAL-L5-0169,JOB-SAL-L5-01,Sales L5 Role 01,SAL,L5,Y,1.0,39.0,2020-04-12,
ASN-002157-01,HRIS-WKR-002157,POS-HR-L6-0140,JOB-HR-L6-02,People L6 Role 02,HR,L6,Y,0.6,23.4,2021-01-27,
ASN-002158-01,HRIS-WKR-002158,POS-HR-L5-0136,JOB-HR-L5-04,People L5 Role 04,HR,L5,Y,1.0,39.0,2019-12-13,
ASN-002159-01,HRIS-WKR-002159,POS-ENG-L6-0036,JOB-ENG-L6-06,Engineering L6 Role 06,ENG,L6,Y,1.0,39.0,2023-09-12,
ASN-002160-01,HRIS-WKR-002160,POS-OPS-L3-0051,JOB-OPS-L3-03,Operations L3 Role 03,OPS,L3,Y,1.0,39.0,2023-06-05,
ASN-002161-01,HRIS-WKR-002161,POS-OPS-L2-0045,JOB-OPS-L2-03,Operations L2 Role 03,OPS,L2,Y,1.0,39.0,2018-03-23,
ASN-002162-01,HRIS-WKR-002162,POS-TEC-L5-0208,JOB-TEC-L5-04,Technology L5 Role 04,TEC,L5,Y,1.0,39.0,2021-04-01,
ASN-002163-01,HRIS-WKR-002163,POS-SAL-L3-0157,JOB-SAL-L3-01,Sales L3 Role 01,SAL,L3,Y,1.0,39.0,2021-07-17,
ASN-002164-01,HRIS-WKR-002164,POS-TEC-L6-0214,JOB-TEC-L6-04,Technology L6 Role 04,TEC,L6,Y,0.8,31.2,2025-06-18,
ASN-002165-01,HRIS-WKR-002165,POS-OPS-L6-0070,JOB-OPS-L6-04,Operations L6 Role 04,OPS,L6,Y,1.0,39.0,2018-04-04,
ASN-002166-01,HRIS-WKR-002166,POS-TEC-L2-0191,JOB-TEC-L2-05,Technology L2 Role 05,TEC,L2,Y,1.0,39.0,2025-05-04,
ASN-002167-01,HRIS-WKR-002167,POS-SAL-L2-0152,JOB-SAL-L2-02,Sales L2 Role 02,SAL,L2,Y,1.0,39.0,2023-10-24,
ASN-002168-01,HRIS-WKR-002168,POS-SAL-L1-0146,JOB-SAL-L1-02,Sales L1 Role 02,SAL,L1,Y,1.0,39.0,2018-05-06,
ASN-002169-01,HRIS-WKR-002169,POS-TEC-L5-0209,JOB-TEC-L5-05,Technology L5 Role 05,TEC,L5,Y,1.0,39.0,2021-06-04,
ASN-002170-01,HRIS-WKR-002170,POS-FIN-L6-0107,JOB-FIN-L6-05,Finance L6 Role 05,FIN,L6,Y,1.0,39.0,2022-08-14,
ASN-002170-02,HRIS-WKR-002170,POS-SAL-L2-0153,JOB-SAL-L2-03,Sales L2 Role 03,SAL,L2,N,0.3,11.7,2018-07-28,
ASN-002171-01,HRIS-WKR-002171,POS-ENG-L2-0012,JOB-ENG-L2-06,Engineering L2 Role 06,ENG,L2,Y,1.0,39.0,2020-06-30,
ASN-002172-01,HRIS-WKR-002172,POS-ENG-L6-0034,JOB-ENG-L6-04,Engineering L6 Role 04,ENG,L6,Y,1.0,39.0,2022-03-09,
ASN-002173-01,HRIS-WKR-002173,POS-HR-L2-0118,JOB-HR-L2-04,People L2 Role 04,HR,L2,Y,1.0,39.0,2023-09-04,
ASN-002174-01,HRIS-WKR-002174,POS-FIN-L5-0099,JOB-FIN-L5-03,Finance L5 Role 03,FIN,L5,Y,1.0,39.0,2021-12-21,
ASN-002175-01,HRIS-WKR-002175,POS-FIN-L3-0087,JOB-FIN-L3-03,Finance L3 Role 03,FIN,L3,Y,,,2019-03-10,
ASN-002176-01,HRIS-WKR-002176,POS-TEC-L3-0195,JOB-TEC-L3-03,Technology L3 Role 03,TEC,L3,Y,1.0,39.0,2019-07-12,
ASN-002177-01,HRIS-WKR-002177,POS-TEC-L2-0191,JOB-TEC-L2-05,Technology L2 Role 05,TEC,L2,Y,,,2025-06-12,
ASN-002178-01,HRIS-WKR-002178,POS-OPS-L3-0054,JOB-OPS-L3-06,Operations L3 Role 06,OPS,L3,Y,1.0,39.0,2020-07-04,
ASN-002179-01,HRIS-WKR-002179,POS-FIN-L5-0101,JOB-FIN-L5-05,Finance L5 Role 05,FIN,L5,Y,0.6,23.4,2025-12-08,
ASN-002180-01,HRIS-WKR-002180,POS-TEC-L6-0215,JOB-TEC-L6-05,Technology L6 Role 05,TEC,L6,Y,0.6,23.4,2024-03-01,
ASN-002181-01,HRIS-WKR-002181,POS-HR-L1-0113,JOB-HR-L1-05,People L1 Role 05,HR,L1,Y,1.0,39.0,2019-10-02,
ASN-002182-01,HRIS-WKR-002182,POS-HR-L1-0112,JOB-HR-L1-04,People L1 Role 04,HR,L1,Y,1.0,39.0,2019-06-26,
ASN-002183-01,HRIS-WKR-002183,POS-TEC-L3-0198,JOB-TEC-L3-06,Technology L3 Role 06,TEC,L3,Y,1.0,39.0,2019-03-31,
ASN-002184-01,HRIS-WKR-002184,POS-FIN-L2-0084,JOB-FIN-L2-06,Finance L2 Role 06,FIN,L2,Y,1.0,39.0,2024-05-19,
ASN-002185-01,HRIS-WKR-002185,POS-HR-L6-0140,JOB-HR-L6-02,People L6 Role 02,HR,L6,Y,1.0,39.0,2021-01-21,
ASN-002186-01,HRIS-WKR-002186,POS-SAL-L2-0151,JOB-SAL-L2-01,Sales L2 Role 01,SAL,L2,Y,0.8,31.2,2018-03-17,
ASN-002187-01,HRIS-WKR-002187,POS-SAL-L4-0163,JOB-SAL-L4-01,Sales L4 Role 01,SAL,L4,Y,1.0,39.0,2024-07-30,
ASN-002188-01,HRIS-WKR-002188,POS-FIN-L2-0083,JOB-FIN-L2-05,Finance L2 Role 05,FIN,L2,Y,1.0,39.0,2019-04-14,
ASN-002189-01,HRIS-WKR-002189,POS-FIN-L3-0087,JOB-FIN-L3-03,Finance L3 Role 03,FIN,L3,Y,1.0,39.0,2021-01-01,
ASN-002190-01,HRIS-WKR-002190,POS-SAL-L3-0159,JOB-SAL-L3-03,Sales L3 Role 03,SAL,L3,Y,1.0,39.0,2022-03-05,
ASN-002191-01,HRIS-WKR-002191,POS-FIN-L5-0101,JOB-FIN-L5-05,Finance L5 Role 05,FIN,L5,Y,1.0,39.0,2018-12-23,
ASN-002192-01,HRIS-WKR-002192,POS-TEC-L2-0189,JOB-TEC-L2-03,Technology L2 Role 03,TEC,L2,Y,1.0,39.0,2022-12-05,
ASN-002193-01,HRIS-WKR-002193,POS-OPS-L1-0039,JOB-OPS-L1-03,Operations L1 Role 03,OPS,L1,Y,1.0,39.0,2022-10-19,
ASN-002193-02,HRIS-WKR-002193,POS-TEC-L2-0189,JOB-TEC-L2-03,Technology L2 Role 03,TEC,L2,N,0.3,11.7,2018-06-10,
ASN-002194-01,HRIS-WKR-002194,POS-HR-L6-0143,JOB-HR-L6-05,People L6 Role 05,HR,L6,Y,1.0,39.0,2021-02-27,
ASN-002195-01,HRIS-WKR-002195,POS-SAL-L3-0161,JOB-SAL-L3-05,Sales L3 Role 05,SAL,L5,Y,1.0,39.0,2020-02-12,
ASN-002196-01,HRIS-WKR-002196,POS-HR-L2-0120,JOB-HR-L2-06,People L2 Role 06,HR,L4,Y,1.0,39.0,2021-08-25,
ASN-002197-01,HRIS-WKR-002197,POS-SAL-L3-0161,JOB-SAL-L3-05,Sales L3 Role 05,SAL,L3,Y,0.8,31.2,2020-10-08,
ASN-002198-01,HRIS-WKR-002198,POS-HR-L6-0139,JOB-HR-L6-01,People L6 Role 01,HR,L6,Y,0.8,31.2,2019-10-19,
ASN-002199-01,HRIS-WKR-002199,POS-FIN-L4-0096,JOB-FIN-L4-06,Finance L4 Role 06,FIN,L4,Y,1.0,39.0,2019-04-17,
ASN-002200-01,HRIS-WKR-002200,POS-SAL-L3-0157,JOB-SAL-L3-01,Sales L3 Role 01,SAL,L3,Y,1.0,39.0,2018-12-09,
ASN-002201-01,HRIS-WKR-002201,POS-HR-L2-0117,JOB-HR-L2-03,People L2 Role 03,HR,L2,Y,1.0,39.0,2018-08-16,
ASN-002202-01,HRIS-WKR-002202,POS-ENG-L4-0022,JOB-ENG-L4-04,Engineering L4 Role 04,ENG,L4,Y,0.6,23.4,2019-08-19,
ASN-002202-02,HRIS-WKR-002202,POS-HR-L6-0141,JOB-HR-L6-03,People L6 Role 03,HR,L6,N,0.2,7.8,2025-11-05,
ASN-002203-01,HRIS-WKR-002203,POS-ENG-L6-0035,JOB-ENG-L6-05,Engineering L6 Role 05,ENG,L6,Y,,,2024-10-09,
ASN-002204-01,HRIS-WKR-002204,POS-TEC-L6-0216,JOB-TEC-L6-06,Technology L6 Role 06,TEC,L6,Y,0.5,19.5,2019-09-24,
ASN-002205-01,HRIS-WKR-002205,POS-SAL-L6-0179,JOB-SAL-L6-05,Sales L6 Role 05,SAL,L6,Y,1.0,39.0,2023-11-16,
ASN-002206-01,HRIS-WKR-002206,POS-TEC-L2-0188,JOB-TEC-L2-02,Technology L2 Role 02,TEC,L2,Y,0.5,19.5,2021-01-13,
ASN-002207-01,HRIS-WKR-002207,POS-FIN-L6-0105,JOB-FIN-L6-03,Finance L6 Role 03,FIN,L6,Y,1.0,39.0,2022-01-08,
ASN-002208-01,HRIS-WKR-002208,POS-ENG-L6-0033,JOB-ENG-L6-03,Engineering L6 Role 03,ENG,L6,Y,1.0,39.0,2018-09-25,
ASN-002209-01,HRIS-WKR-002209,POS-FIN-L1-0074,JOB-FIN-L1-02,Finance L1 Role 02,FIN,L1,Y,1.0,39.0,2020-05-14,
ASN-002210-01,HRIS-WKR-002210,POS-OPS-L5-0066,JOB-OPS-L5-06,Operations L5 Role 06,OPS,L5,Y,1.0,39.0,2020-08-10,
ASN-002211-01,HRIS-WKR-002211,POS-HR-L4-0130,JOB-HR-L4-04,People L4 Role 04,HR,L4,Y,1.0,39.0,2025-02-24,
ASN-002212-01,HRIS-WKR-002212,POS-FIN-L4-0094,JOB-FIN-L4-04,Finance L4 Role 04,FIN,L4,Y,1.0,39.0,2024-06-01,
ASN-002213-01,HRIS-WKR-002213,POS-OPS-L4-0060,JOB-OPS-L4-06,Operations L4 Role 06,OPS,L4,Y,1.0,39.0,2021-08-29,
ASN-002214-01,HRIS-WKR-002214,POS-FIN-L5-0101,JOB-FIN-L5-05,Finance L5 Role 05,FIN,L5,Y,1.0,39.0,2019-04-27,
ASN-002215-01,HRIS-WKR-002215,POS-ENG-L4-0021,JOB-ENG-L4-03,Engineering L4 Role 03,ENG,L4,Y,0.5,19.5,2022-04-04,
ASN-002216-01,HRIS-WKR-002216,POS-FIN-L1-0073,JOB-FIN-L1-01,Finance L1 Role 01,FIN,L1,Y,1.0,39.0,2019-08-03,
ASN-002217-01,HRIS-WKR-002217,POS-FIN-L4-0095,JOB-FIN-L4-05,Finance L4 Role 05,FIN,L4,Y,1.0,39.0,2018-08-12,
ASN-002218-01,HRIS-WKR-002218,POS-FIN-L1-0076,JOB-FIN-L1-04,Finance L1 Role 04,FIN,L1,Y,1.0,39.0,2018-05-05,
ASN-002219-01,HRIS-WKR-002219,POS-OPS-L5-0061,JOB-OPS-L5-01,Operations L5 Role 01,OPS,L5,Y,1.0,39.0,2022-08-03,
ASN-002220-01,HRIS-WKR-002220,POS-FIN-L3-0086,JOB-FIN-L3-02,Finance L3 Role 02,FIN,L3,Y,1.0,39.0,2024-04-08,
ASN-002221-01,HRIS-WKR-002221,POS-TEC-L2-0187,JOB-TEC-L2-01,Technology L2 Role 01,TEC,L2,Y,1.0,39.0,2021-02-04,
ASN-002221-02,HRIS-WKR-002221,POS-ENG-L1-0003,JOB-ENG-L1-03,Engineering L1 Role 03,ENG,L1,N,0.3,11.7,2025-11-04,
ASN-002222-01,HRIS-WKR-002222,POS-SAL-L1-0150,JOB-SAL-L1-06,Sales L1 Role 06,SAL,L1,Y,1.0,39.0,2025-08-24,
ASN-002223-01,HRIS-WKR-002223,POS-SAL-L1-0146,JOB-SAL-L1-02,Sales L1 Role 02,SAL,L1,Y,0.5,19.5,2024-08-11,
ASN-002223-02,HRIS-WKR-002223,POS-SAL-L1-0148,JOB-SAL-L1-04,Sales L1 Role 04,SAL,L1,N,0.4,15.6,2022-07-26,
ASN-002224-01,HRIS-WKR-002224,POS-HR-L2-0119,JOB-HR-L2-05,People L2 Role 05,HR,L2,Y,0.4,15.6,2023-05-07,
ASN-002224-02,HRIS-WKR-002224,POS-OPS-L4-0060,JOB-OPS-L4-06,Operations L4 Role 06,OPS,L4,N,0.3,11.7,2019-06-21,
ASN-002225-01,HRIS-WKR-002225,POS-SAL-L1-0145,JOB-SAL-L1-01,Sales L1 Role 01,SAL,L1,Y,0.8,31.2,2025-12-30,
ASN-002226-01,HRIS-WKR-002226,POS-SAL-L3-0158,JOB-SAL-L3-02,Sales L3 Role 02,SAL,L3,Y,0.4,15.6,2018-11-02,
ASN-002227-01,HRIS-WKR-002227,POS-SAL-L6-0180,JOB-SAL-L6-06,Sales L6 Role 06,SAL,L6,Y,1.0,39.0,2018-05-06,
ASN-002228-01,HRIS-WKR-002228,POS-HR-L3-0122,JOB-HR-L3-02,People L3 Role 02,HR,L3,Y,1.0,39.0,2022-05-24,
ASN-002229-01,HRIS-WKR-002229,POS-SAL-L5-0174,JOB-SAL-L5-06,Sales L5 Role 06,SAL,L5,Y,0.8,31.2,2020-06-25,
ASN-002230-01,HRIS-WKR-002230,POS-TEC-L6-0215,JOB-TEC-L6-05,Technology L6 Role 05,TEC,L6,Y,0.8,31.2,2023-08-09,
ASN-002231-01,HRIS-WKR-002231,POS-ENG-L5-0027,JOB-ENG-L5-03,Engineering L5 Role 03,ENG,L5,Y,1.0,39.0,2025-08-12,
ASN-002232-01,HRIS-WKR-002232,POS-FIN-L4-0093,JOB-FIN-L4-03,Finance L4 Role 03,FIN,L4,Y,1.0,39.0,2022-12-18,
ASN-002233-01,HRIS-WKR-002233,POS-TEC-L5-0206,JOB-TEC-L5-02,Technology L5 Role 02,TEC,L5,Y,1.0,39.0,2025-12-30,
ASN-002234-01,HRIS-WKR-002234,POS-TEC-L1-0185,JOB-TEC-L1-05,Technology L1 Role 05,TEC,L1,Y,1.0,39.0,2023-05-11,
ASN-002235-01,HRIS-WKR-002235,POS-OPS-L1-0038,JOB-OPS-L1-02,Operations L1 Role 02,OPS,L1,Y,0.8,31.2,2024-09-20,
ASN-002236-01,HRIS-WKR-002236,POS-ENG-L3-0013,JOB-ENG-L3-01,Engineering L3 Role 01,ENG,L3,Y,1.0,39.0,2022-04-26,
ASN-002237-01,HRIS-WKR-002237,POS-SAL-L5-0171,JOB-SAL-L5-03,Sales L5 Role 03,SAL,L5,Y,1.0,39.0,2020-12-06,
ASN-002238-01,HRIS-WKR-002238,POS-ENG-L5-0026,JOB-ENG-L5-02,Engineering L5 Role 02,ENG,L5,Y,0.6,23.4,2023-05-26,
ASN-002239-01,HRIS-WKR-002239,POS-TEC-L4-0200,JOB-TEC-L4-02,Technology L4 Role 02,TEC,L4,Y,1.0,39.0,2021-11-25,
ASN-002239-02,HRIS-WKR-002239,POS-TEC-L3-0198,JOB-TEC-L3-06,Technology L3 Role 06,TEC,L3,N,0.4,15.6,2022-11-02,
ASN-002240-01,HRIS-WKR-002240,POS-HR-L3-0121,JOB-HR-L3-01,People L3 Role 01,HR,L3,Y,0.8,31.2,2019-02-28,
ASN-002241-01,HRIS-WKR-002241,POS-SAL-L6-0179,JOB-SAL-L6-05,Sales L6 Role 05,SAL,L6,Y,1.0,39.0,2023-04-03,
ASN-002242-01,HRIS-WKR-002242,POS-FIN-L5-0098,JOB-FIN-L5-02,Finance L5 Role 02,FIN,L5,Y,1.0,39.0,2019-12-03,
ASN-002243-01,HRIS-WKR-002243,POS-ENG-L5-0028,JOB-ENG-L5-04,Engineering L5 Role 04,ENG,L5,Y,1.0,39.0,2019-01-01,
ASN-002244-01,HRIS-WKR-002244,POS-FIN-L6-0106,JOB-FIN-L6-04,Finance L6 Role 04,FIN,L6,Y,1.0,39.0,2020-10-03,
ASN-002244-02,HRIS-WKR-002244,POS-TEC-L3-0198,JOB-TEC-L3-06,Technology L3 Role 06,TEC,L3,N,0.3,11.7,2020-12-16,
ASN-002245-01,HRIS-WKR-002245,POS-ENG-L3-0016,JOB-ENG-L3-04,Engineering L3 Role 04,ENG,L3,Y,0.8,31.2,2022-06-04,
ASN-002246-01,HRIS-WKR-002246,POS-TEC-L6-0213,JOB-TEC-L6-03,Technology L6 Role 03,TEC,L6,Y,,,2023-11-29,
ASN-002247-01,HRIS-WKR-002247,POS-OPS-L6-0067,JOB-OPS-L6-01,Operations L6 Role 01,OPS,L6,Y,1.0,39.0,2023-05-24,
ASN-002248-01,HRIS-WKR-002248,POS-HR-L1-0114,JOB-HR-L1-06,People L1 Role 06,HR,L1,Y,1.0,39.0,2024-11-26,
ASN-002249-01,HRIS-WKR-002249,POS-HR-L4-0130,JOB-HR-L4-04,People L4 Role 04,HR,L4,Y,0.6,23.4,2022-01-19,
ASN-002250-01,HRIS-WKR-002250,POS-HR-L6-0142,JOB-HR-L6-04,People L6 Role 04,HR,L6,Y,1.0,39.0,2024-05-31,
ASN-002251-01,HRIS-WKR-002251,POS-TEC-L4-0204,JOB-TEC-L4-06,Technology L4 Role 06,TEC,L4,Y,1.0,39.0,2020-10-04,
ASN-002252-01,HRIS-WKR-002252,POS-SAL-L5-0172,JOB-SAL-L5-04,Sales L5 Role 04,SAL,L5,Y,1.0,39.0,2023-01-14,
ASN-002252-02,HRIS-WKR-002252,POS-OPS-L1-0041,JOB-OPS-L1-05,Operations L1 Role 05,OPS,L1,N,0.4,15.6,2018-03-31,
ASN-002253-01,HRIS-WKR-002253,POS-FIN-L6-0103,JOB-FIN-L6-01,Finance L6 Role 01,FIN,L6,Y,0.8,31.2,2024-06-21,
ASN-002254-01,HRIS-WKR-002254,POS-OPS-L2-0047,JOB-OPS-L2-05,Operations L2 Role 05,OPS,L2,Y,0.8,31.2,2020-12-06,
ASN-002255-01,HRIS-WKR-002255,POS-FIN-L6-0105,JOB-FIN-L6-03,Finance L6 Role 03,FIN,L6,Y,0.6,23.4,2020-08-04,
ASN-002255-02,HRIS-WKR-002255,POS-TEC-L2-0189,JOB-TEC-L2-03,Technology L2 Role 03,TEC,L2,N,0.2,7.8,2023-07-12,
ASN-002256-01,HRIS-WKR-002256,POS-ENG-L2-0011,JOB-ENG-L2-05,Engineering L2 Role 05,ENG,L2,Y,1.0,39.0,2019-09-06,
ASN-002257-01,HRIS-WKR-002257,POS-ENG-L5-0030,JOB-ENG-L5-06,Engineering L5 Role 06,ENG,L5,Y,0.8,31.2,2024-12-13,
ASN-002258-01,HRIS-WKR-002258,POS-SAL-L5-0171,JOB-SAL-L5-03,Sales L5 Role 03,SAL,L5,Y,1.0,39.0,2018-03-30,
ASN-002259-01,HRIS-WKR-002259,POS-ENG-L1-0006,JOB-ENG-L1-06,Engineering L1 Role 06,ENG,L1,Y,1.0,39.0,2020-02-26,
ASN-002260-01,HRIS-WKR-002260,POS-HR-L5-0135,JOB-HR-L5-03,People L5 Role 03,HR,L5,Y,1.0,39.0,2022-06-29,
ASN-002261-01,HRIS-WKR-002261,POS-ENG-L1-0001,JOB-ENG-L1-01,Engineering L1 Role 01,ENG,L1,Y,1.0,39.0,2021-10-03,
ASN-002261-02,HRIS-WKR-002261,POS-ENG-L1-0002,JOB-ENG-L1-02,Engineering L1 Role 02,ENG,L1,N,0.3,11.7,2018-09-22,
ASN-002262-01,HRIS-WKR-002262,POS-ENG-L6-0035,JOB-ENG-L6-05,Engineering L6 Role 05,ENG,L6,Y,1.0,39.0,2021-04-22,
ASN-002263-01,HRIS-WKR-002263,POS-SAL-L2-0153,JOB-SAL-L2-03,Sales L2 Role 03,SAL,L2,Y,1.0,39.0,2022-10-14,
ASN-002264-01,HRIS-WKR-002264,POS-FIN-L5-0101,JOB-FIN-L5-05,Finance L5 Role 05,FIN,L5,Y,1.0,39.0,2018-01-05,
ASN-002264-02,HRIS-WKR-002264,POS-FIN-L4-0095,JOB-FIN-L4-05,Finance L4 Role 05,FIN,L4,N,0.2,7.8,2021-04-08,
ASN-002265-01,HRIS-WKR-002265,POS-HR-L5-0138,JOB-HR-L5-06,People L5 Role 06,HR,L5,Y,1.0,39.0,2022-12-14,
ASN-002266-01,HRIS-WKR-002266,POS-OPS-L5-0065,JOB-OPS-L5-05,Operations L5 Role 05,OPS,L5,Y,1.0,39.0,2018-12-03,
ASN-002267-01,HRIS-WKR-002267,POS-OPS-L3-0052,JOB-OPS-L3-04,Operations L3 Role 04,OPS,L3,Y,,,2022-07-15,
ASN-002268-01,HRIS-WKR-002268,POS-OPS-L3-0054,JOB-OPS-L3-06,Operations L3 Role 06,OPS,L3,Y,1.0,39.0,2020-01-20,
ASN-002269-01,HRIS-WKR-002269,POS-TEC-L5-0208,JOB-TEC-L5-04,Technology L5 Role 04,TEC,L5,Y,1.0,39.0,2018-03-15,
ASN-002270-01,HRIS-WKR-002270,POS-ENG-L1-0004,JOB-ENG-L1-04,Engineering L1 Role 04,ENG,L1,Y,1.0,39.0,2019-12-27,
ASN-002271-01,HRIS-WKR-002271,POS-FIN-L4-0092,JOB-FIN-L4-02,Finance L4 Role 02,FIN,L4,Y,1.0,39.0,2025-09-07,
ASN-002272-01,HRIS-WKR-002272,POS-SAL-L6-0180,JOB-SAL-L6-06,Sales L6 Role 06,SAL,L6,Y,1.0,39.0,2021-05-26,
ASN-002273-01,HRIS-WKR-002273,POS-TEC-L2-0192,JOB-TEC-L2-06,Technology L2 Role 06,TEC,L2,Y,0.6,23.4,2021-09-09,
ASN-002274-01,HRIS-WKR-002274,POS-HR-L4-0132,JOB-HR-L4-06,People L4 Role 06,HR,L4,Y,,,2019-12-31,
ASN-002274-02,HRIS-WKR-002274,POS-TEC-L1-0184,JOB-TEC-L1-04,Technology L1 Role 04,TEC,L1,N,0.3,11.7,2025-02-25,
ASN-002275-01,HRIS-WKR-002275,POS-TEC-L1-0183,JOB-TEC-L1-03,Technology L1 Role 03,TEC,L1,Y,1.0,39.0,2023-03-14,
ASN-002276-01,HRIS-WKR-002276,POS-OPS-L1-0038,JOB-OPS-L1-02,Operations L1 Role 02,OPS,L1,Y,1.0,39.0,2021-10-07,
ASN-002277-01,HRIS-WKR-002277,POS-ENG-L1-0003,JOB-ENG-L1-03,Engineering L1 Role 03,ENG,L1,Y,1.0,39.0,2025-10-28,
ASN-002277-02,HRIS-WKR-002277,POS-TEC-L6-0212,JOB-TEC-L6-02,Technology L6 Role 02,TEC,L6,N,0.3,11.7,2018-11-03,
ASN-002278-01,HRIS-WKR-002278,POS-OPS-L4-0056,JOB-OPS-L4-02,Operations L4 Role 02,OPS,L4,Y,1.0,39.0,2019-12-12,
ASN-002279-01,HRIS-WKR-002279,POS-OPS-L4-0055,JOB-OPS-L4-01,Operations L4 Role 01,OPS,L4,Y,1.0,39.0,2024-11-13,
ASN-002280-01,HRIS-WKR-002280,POS-ENG-L2-0011,JOB-ENG-L2-05,Engineering L2 Role 05,ENG,L2,Y,1.0,39.0,2023-06-15,
ASN-002281-01,HRIS-WKR-002281,POS-SAL-L5-0170,JOB-SAL-L5-02,Sales L5 Role 02,SAL,L5,Y,1.0,39.0,2021-02-19,
ASN-002282-01,HRIS-WKR-002282,POS-HR-L4-0129,JOB-HR-L4-03,People L4 Role 03,HR,L4,Y,1.0,39.0,2025-12-13,
ASN-002283-01,HRIS-WKR-002283,POS-TEC-L4-0203,JOB-TEC-L4-05,Technology L4 Role 05,TEC,L4,Y,1.0,39.0,2022-10-01,
ASN-002284-01,HRIS-WKR-002284,POS-TEC-L4-0202,JOB-TEC-L4-04,Technology L4 Role 04,TEC,L4,Y,1.0,39.0,2019-10-24,
ASN-002285-01,HRIS-WKR-002285,POS-SAL-L4-0164,JOB-SAL-L4-02,Sales L4 Role 02,SAL,L2,Y,1.0,39.0,2025-04-02,
ASN-002286-01,HRIS-WKR-002286,POS-TEC-L3-0196,JOB-TEC-L3-04,Technology L3 Role 04,TEC,L3,Y,1.0,39.0,2024-11-28,
ASN-002287-01,HRIS-WKR-002287,POS-HR-L4-0131,JOB-HR-L4-05,People L4 Role 05,HR,L4,Y,1.0,39.0,2025-10-18,
ASN-002288-01,HRIS-WKR-002288,POS-TEC-L4-0200,JOB-TEC-L4-02,Technology L4 Role 02,TEC,L4,Y,1.0,39.0,2021-10-20,
ASN-002289-01,HRIS-WKR-002289,POS-SAL-L3-0157,JOB-SAL-L3-01,Sales L3 Role 01,SAL,L3,Y,1.0,39.0,2023-03-05,
ASN-002290-01,HRIS-WKR-002290,POS-TEC-L2-0187,JOB-TEC-L2-01,Technology L2 Role 01,TEC,L2,Y,1.0,39.0,2019-08-19,
ASN-002291-01,HRIS-WKR-002291,POS-ENG-L1-0001,JOB-ENG-L1-01,Engineering L1 Role 01,ENG,L1,Y,1.0,39.0,2020-06-20,
ASN-002291-02,HRIS-WKR-002291,POS-SAL-L5-0174,JOB-SAL-L5-06,Sales L5 Role 06,SAL,L5,N,0.4,15.6,2020-02-06,
ASN-002292-01,HRIS-WKR-002292,POS-ENG-L3-0014,JOB-ENG-L3-02,Engineering L3 Role 02,ENG,L3,Y,1.0,39.0,2024-07-17,
ASN-002293-01,HRIS-WKR-002293,POS-ENG-L1-0004,JOB-ENG-L1-04,Engineering L1 Role 04,ENG,L1,Y,1.0,39.0,2025-04-17,
ASN-002294-01,HRIS-WKR-002294,POS-SAL-L6-0175,JOB-SAL-L6-01,Sales L6 Role 01,SAL,L6,Y,1.0,39.0,2022-05-13,
ASN-002295-01,HRIS-WKR-002295,POS-FIN-L2-0083,JOB-FIN-L2-05,Finance L2 Role 05,FIN,L2,Y,1.0,39.0,2018-01-08,
ASN-002295-02,HRIS-WKR-002295,POS-OPS-L4-0057,JOB-OPS-L4-03,Operations L4 Role 03,OPS,L4,N,0.2,7.8,2019-11-02,
ASN-002296-01,HRIS-WKR-002296,POS-FIN-L5-0097,JOB-FIN-L5-01,Finance L5 Role 01,FIN,L5,Y,1.0,39.0,2020-05-30,
ASN-002297-01,HRIS-WKR-002297,POS-OPS-L2-0048,JOB-OPS-L2-06,Operations L2 Role 06,OPS,L2,Y,0.8,31.2,2019-07-18,
ASN-002298-01,HRIS-WKR-002298,POS-HR-L5-0135,JOB-HR-L5-03,People L5 Role 03,HR,L5,Y,1.0,39.0,2024-04-09,
ASN-002299-01,HRIS-WKR-002299,POS-HR-L5-0138,JOB-HR-L5-06,People L5 Role 06,HR,L5,Y,1.0,39.0,2020-06-25,
ASN-002300-01,HRIS-WKR-002300,POS-FIN-L2-0083,JOB-FIN-L2-05,Finance L2 Role 05,FIN,L2,Y,1.0,39.0,2019-01-26,
ASN-002301-01,HRIS-WKR-002301,POS-TEC-L1-0186,JOB-TEC-L1-06,Technology L1 Role 06,TEC,L1,Y,1.0,39.0,2018-03-21,
ASN-002302-01,HRIS-WKR-002302,POS-TEC-L4-0203,JOB-TEC-L4-05,Technology L4 Role 05,TEC,L4,Y,0.8,31.2,2022-11-16,
ASN-002303-01,HRIS-WKR-002303,POS-SAL-L3-0161,JOB-SAL-L3-05,Sales L3 Role 05,SAL,L3,Y,1.0,39.0,2022-06-17,
ASN-002304-01,HRIS-WKR-002304,POS-HR-L4-0132,JOB-HR-L4-06,People L4 Role 06,HR,L4,Y,1.0,39.0,2020-06-04,
ASN-002304-02,HRIS-WKR-002304,POS-SAL-L5-0174,JOB-SAL-L5-06,Sales L5 Role 06,SAL,L5,N,0.3,11.7,2018-12-31,
ASN-002305-01,HRIS-WKR-002305,POS-TEC-L4-0201,JOB-TEC-L4-03,Technology L4 Role 03,TEC,L4,Y,1.0,39.0,2023-02-26,
ASN-002306-01,HRIS-WKR-002306,POS-HR-L2-0115,JOB-HR-L2-01,People L2 Role 01,HR,L4,Y,0.8,31.2,2021-11-07,
ASN-002307-01,HRIS-WKR-002307,POS-SAL-L1-0148,JOB-SAL-L1-04,Sales L1 Role 04,SAL,L1,Y,1.0,39.0,2021-12-24,
ASN-002308-01,HRIS-WKR-002308,POS-SAL-L4-0165,JOB-SAL-L4-03,Sales L4 Role 03,SAL,L4,Y,1.0,39.0,2019-10-31,
ASN-002309-01,HRIS-WKR-002309,POS-HR-L6-0140,JOB-HR-L6-02,People L6 Role 02,HR,L6,Y,1.0,39.0,2020-07-11,
ASN-002310-01,HRIS-WKR-002310,POS-OPS-L2-0044,JOB-OPS-L2-02,Operations L2 Role 02,OPS,L2,Y,1.0,39.0,2022-01-07,
ASN-002311-01,HRIS-WKR-002311,POS-HR-L4-0131,JOB-HR-L4-05,People L4 Role 05,HR,L4,Y,0.6,23.4,2020-07-26,
ASN-002312-01,HRIS-WKR-002312,POS-SAL-L6-0177,JOB-SAL-L6-03,Sales L6 Role 03,SAL,L6,Y,1.0,39.0,2019-08-26,
ASN-002313-01,HRIS-WKR-002313,POS-SAL-L3-0160,JOB-SAL-L3-04,Sales L3 Role 04,SAL,L3,Y,0.8,31.2,2020-07-17,
ASN-002314-01,HRIS-WKR-002314,POS-ENG-L6-0031,JOB-ENG-L6-01,Engineering L6 Role 01,ENG,L6,Y,0.8,31.2,2024-05-14,
ASN-002315-01,HRIS-WKR-002315,POS-HR-L3-0121,JOB-HR-L3-01,People L3 Role 01,HR,L3,Y,1.0,39.0,2024-09-04,
ASN-002316-01,HRIS-WKR-002316,POS-OPS-L2-0045,JOB-OPS-L2-03,Operations L2 Role 03,OPS,L2,Y,0.6,23.4,2020-09-10,
ASN-002317-01,HRIS-WKR-002317,POS-HR-L4-0129,JOB-HR-L4-03,People L4 Role 03,HR,L4,Y,0.4,15.6,2025-01-17,
ASN-002318-01,HRIS-WKR-002318,POS-TEC-L5-0208,JOB-TEC-L5-04,Technology L5 Role 04,TEC,L5,Y,1.0,39.0,2020-01-07,
ASN-002319-01,HRIS-WKR-002319,POS-FIN-L6-0103,JOB-FIN-L6-01,Finance L6 Role 01,FIN,L6,Y,1.0,39.0,2022-11-19,
ASN-002320-01,HRIS-WKR-002320,POS-FIN-L4-0092,JOB-FIN-L4-02,Finance L4 Role 02,FIN,L4,Y,0.5,19.5,2022-06-13,
ASN-002321-01,HRIS-WKR-002321,POS-TEC-L3-0194,JOB-TEC-L3-02,Technology L3 Role 02,TEC,L3,Y,1.0,39.0,2022-06-25,
ASN-002321-02,HRIS-WKR-002321,POS-ENG-L1-0006,JOB-ENG-L1-06,Engineering L1 Role 06,ENG,L1,N,0.3,11.7,2024-08-05,
ASN-002322-01,HRIS-WKR-002322,POS-HR-L3-0121,JOB-HR-L3-01,People L3 Role 01,HR,L3,Y,1.0,39.0,2019-04-09,
ASN-002323-01,HRIS-WKR-002323,POS-TEC-L4-0199,JOB-TEC-L4-01,Technology L4 Role 01,TEC,L4,Y,1.0,39.0,2023-01-21,
ASN-002324-01,HRIS-WKR-002324,POS-FIN-L4-0095,JOB-FIN-L4-05,Finance L4 Role 05,FIN,L4,Y,0.6,23.4,2022-03-22,
ASN-002325-01,HRIS-WKR-002325,POS-TEC-L3-0197,JOB-TEC-L3-05,Technology L3 Role 05,TEC,L3,Y,1.0,39.0,2024-02-17,
ASN-002326-01,HRIS-WKR-002326,POS-OPS-L2-0045,JOB-OPS-L2-03,Operations L2 Role 03,OPS,L2,Y,1.0,39.0,2022-07-15,
ASN-002327-01,HRIS-WKR-002327,POS-HR-L2-0118,JOB-HR-L2-04,People L2 Role 04,HR,L2,Y,1.0,39.0,2022-01-25,
ASN-002328-01,HRIS-WKR-002328,POS-TEC-L2-0191,JOB-TEC-L2-05,Technology L2 Role 05,TEC,L2,Y,1.0,39.0,2024-05-22,
ASN-002329-01,HRIS-WKR-002329,POS-OPS-L4-0059,JOB-OPS-L4-05,Operations L4 Role 05,OPS,L4,Y,1.0,39.0,2024-05-31,
ASN-002329-02,HRIS-WKR-002329,POS-HR-L2-0117,JOB-HR-L2-03,People L2 Role 03,HR,L2,N,0.4,15.6,2021-03-04,
ASN-002330-01,HRIS-WKR-002330,POS-ENG-L5-0030,JOB-ENG-L5-06,Engineering L5 Role 06,ENG,L5,Y,1.0,39.0,2019-02-21,
ASN-002330-02,HRIS-WKR-002330,POS-FIN-L1-0074,JOB-FIN-L1-02,Finance L1 Role 02,FIN,L1,N,0.2,7.8,2024-01-13,
ASN-002331-01,HRIS-WKR-002331,POS-TEC-L2-0190,JOB-TEC-L2-04,Technology L2 Role 04,TEC,L2,Y,1.0,39.0,2019-06-19,
ASN-002332-01,HRIS-WKR-002332,POS-SAL-L5-0170,JOB-SAL-L5-02,Sales L5 Role 02,SAL,L5,Y,1.0,39.0,2020-05-10,
ASN-002333-01,HRIS-WKR-002333,POS-OPS-L4-0055,JOB-OPS-L4-01,Operations L4 Role 01,OPS,L4,Y,0.8,31.2,2025-07-12,
ASN-002334-01,HRIS-WKR-002334,POS-OPS-L6-0069,JOB-OPS-L6-03,Operations L6 Role 03,OPS,L6,Y,0.5,19.5,2020-11-13,
ASN-002335-01,HRIS-WKR-002335,POS-ENG-L1-0003,JOB-ENG-L1-03,Engineering L1 Role 03,ENG,L1,Y,1.0,39.0,2019-06-14,
ASN-002336-01,HRIS-WKR-002336,POS-SAL-L3-0158,JOB-SAL-L3-02,Sales L3 Role 02,SAL,L3,Y,1.0,39.0,2020-10-21,
ASN-002337-01,HRIS-WKR-002337,POS-OPS-L4-0058,JOB-OPS-L4-04,Operations L4 Role 04,OPS,L4,Y,0.6,23.4,2018-11-14,
ASN-002338-01,HRIS-WKR-002338,POS-OPS-L4-0055,JOB-OPS-L4-01,Operations L4 Role 01,OPS,L4,Y,0.8,31.2,2018-04-20,
ASN-002339-01,HRIS-WKR-002339,POS-OPS-L3-0051,JOB-OPS-L3-03,Operations L3 Role 03,OPS,L3,Y,1.0,39.0,2018-11-24,
ASN-002340-01,HRIS-WKR-002340,POS-OPS-L6-0071,JOB-OPS-L6-05,Operations L6 Role 05,OPS,L6,Y,1.0,39.0,2018-08-07,
ASN-002341-01,HRIS-WKR-002341,POS-TEC-L2-0189,JOB-TEC-L2-03,Technology L2 Role 03,TEC,L2,Y,1.0,39.0,2020-04-30,
ASN-002342-01,HRIS-WKR-002342,POS-OPS-L6-0067,JOB-OPS-L6-01,Operations L6 Role 01,OPS,L6,Y,,,2024-12-20,
ASN-002342-02,HRIS-WKR-002342,POS-HR-L2-0118,JOB-HR-L2-04,People L2 Role 04,HR,L2,N,0.2,7.8,2023-11-20,
ASN-002343-01,HRIS-WKR-002343,POS-FIN-L6-0105,JOB-FIN-L6-03,Finance L6 Role 03,FIN,L6,Y,1.0,39.0,2022-08-20,
ASN-002344-01,HRIS-WKR-002344,POS-OPS-L1-0039,JOB-OPS-L1-03,Operations L1 Role 03,OPS,L1,Y,1.0,39.0,2020-03-09,
ASN-002345-01,HRIS-WKR-002345,POS-HR-L6-0141,JOB-HR-L6-03,People L6 Role 03,HR,L6,Y,1.0,39.0,2024-02-16,
ASN-002346-01,HRIS-WKR-002346,POS-SAL-L5-0173,JOB-SAL-L5-05,Sales L5 Role 05,SAL,L5,Y,1.0,39.0,2019-11-03,
ASN-002347-01,HRIS-WKR-002347,POS-TEC-L1-0186,JOB-TEC-L1-06,Technology L1 Role 06,TEC,L1,Y,1.0,39.0,2018-06-29,
ASN-002348-01,HRIS-WKR-002348,POS-TEC-L6-0212,JOB-TEC-L6-02,Technology L6 Role 02,TEC,L6,Y,1.0,39.0,2018-05-06,
ASN-002349-01,HRIS-WKR-002349,POS-TEC-L4-0199,JOB-TEC-L4-01,Technology L4 Role 01,TEC,L4,Y,1.0,39.0,2018-05-25,
ASN-002350-01,HRIS-WKR-002350,POS-OPS-L6-0070,JOB-OPS-L6-04,Operations L6 Role 04,OPS,L6,Y,1.0,39.0,2020-03-22,
ASN-002351-01,HRIS-WKR-002351,POS-FIN-L3-0088,JOB-FIN-L3-04,Finance L3 Role 04,FIN,L3,Y,1.0,39.0,2024-09-23,
ASN-002352-01,HRIS-WKR-002352,POS-OPS-L4-0060,JOB-OPS-L4-06,Operations L4 Role 06,OPS,L4,Y,1.0,39.0,2022-10-12,
ASN-002353-01,HRIS-WKR-002353,POS-OPS-L1-0040,JOB-OPS-L1-04,Operations L1 Role 04,OPS,L1,Y,1.0,39.0,2025-07-12,
ASN-002354-01,HRIS-WKR-002354,POS-ENG-L2-0012,JOB-ENG-L2-06,Engineering L2 Role 06,ENG,L2,Y,1.0,39.0,2023-01-13,
ASN-002355-01,HRIS-WKR-002355,POS-FIN-L5-0101,JOB-FIN-L5-05,Finance L5 Role 05,FIN,L5,Y,0.8,31.2,2020-01-07,
ASN-002356-01,HRIS-WKR-002356,POS-TEC-L6-0215,JOB-TEC-L6-05,Technology L6 Role 05,TEC,L6,Y,0.8,31.2,2022-03-25,
ASN-002357-01,HRIS-WKR-002357,POS-OPS-L3-0053,JOB-OPS-L3-05,Operations L3 Role 05,OPS,L3,Y,0.8,31.2,2023-12-28,
ASN-002358-01,HRIS-WKR-002358,POS-FIN-L5-0101,JOB-FIN-L5-05,Finance L5 Role 05,FIN,L6,Y,0.8,31.2,2023-03-19,
ASN-002359-01,HRIS-WKR-002359,POS-ENG-L3-0015,JOB-ENG-L3-03,Engineering L3 Role 03,ENG,L3,Y,0.8,31.2,2024-02-04,
ASN-002360-01,HRIS-WKR-002360,POS-FIN-L5-0097,JOB-FIN-L5-01,Finance L5 Role 01,FIN,L5,Y,1.0,39.0,2021-07-06,
ASN-002361-01,HRIS-WKR-002361,POS-FIN-L2-0079,JOB-FIN-L2-01,Finance L2 Role 01,FIN,L2,Y,1.0,39.0,2023-08-25,
ASN-002362-01,HRIS-WKR-002362,POS-TEC-L2-0188,JOB-TEC-L2-02,Technology L2 Role 02,TEC,L4,Y,1.0,39.0,2019-06-27,
ASN-002363-01,HRIS-WKR-002363,POS-ENG-L1-0001,JOB-ENG-L1-01,Engineering L1 Role 01,ENG,L1,Y,1.0,39.0,2025-08-05,
ASN-002364-01,HRIS-WKR-002364,POS-HR-L2-0117,JOB-HR-L2-03,People L2 Role 03,HR,L2,Y,0.5,19.5,2019-12-26,
ASN-002365-01,HRIS-WKR-002365,POS-OPS-L2-0045,JOB-OPS-L2-03,Operations L2 Role 03,OPS,L2,Y,1.0,39.0,2022-03-13,
ASN-002366-01,HRIS-WKR-002366,POS-OPS-L3-0054,JOB-OPS-L3-06,Operations L3 Role 06,OPS,L3,Y,1.0,39.0,2024-05-01,
ASN-002366-02,HRIS-WKR-002366,POS-OPS-L1-0039,JOB-OPS-L1-03,Operations L1 Role 03,OPS,L1,N,0.2,7.8,2022-09-08,
ASN-002367-01,HRIS-WKR-002367,POS-TEC-L1-0185,JOB-TEC-L1-05,Technology L1 Role 05,TEC,L1,Y,1.0,39.0,2025-01-24,
ASN-002368-01,HRIS-WKR-002368,POS-HR-L2-0115,JOB-HR-L2-01,People L2 Role 01,HR,L2,Y,1.0,39.0,2021-11-12,
ASN-002369-01,HRIS-WKR-002369,POS-TEC-L2-0187,JOB-TEC-L2-01,Technology L2 Role 01,TEC,L2,Y,1.0,39.0,2018-07-31,
ASN-002370-01,HRIS-WKR-002370,POS-HR-L2-0115,JOB-HR-L2-01,People L2 Role 01,HR,L2,Y,1.0,39.0,2022-06-23,
ASN-002371-01,HRIS-WKR-002371,POS-TEC-L1-0183,JOB-TEC-L1-03,Technology L1 Role 03,TEC,L1,Y,1.0,39.0,2019-07-19,
ASN-002372-01,HRIS-WKR-002372,POS-ENG-L3-0014,JOB-ENG-L3-02,Engineering L3 Role 02,ENG,L3,Y,1.0,39.0,2023-10-14,
ASN-002373-01,HRIS-WKR-002373,POS-FIN-L3-0088,JOB-FIN-L3-04,Finance L3 Role 04,FIN,L3,Y,1.0,39.0,2022-08-07,
ASN-002374-01,HRIS-WKR-002374,POS-ENG-L6-0031,JOB-ENG-L6-01,Engineering L6 Role 01,ENG,L6,Y,1.0,39.0,2021-01-25,
ASN-002375-01,HRIS-WKR-002375,POS-FIN-L2-0080,JOB-FIN-L2-02,Finance L2 Role 02,FIN,L2,Y,,,2020-03-10,
ASN-002376-01,HRIS-WKR-002376,POS-HR-L3-0124,JOB-HR-L3-04,People L3 Role 04,HR,L3,Y,1.0,39.0,2025-10-19,
ASN-002377-01,HRIS-WKR-002377,POS-OPS-L1-0041,JOB-OPS-L1-05,Operations L1 Role 05,OPS,L1,Y,1.0,39.0,2025-12-21,
ASN-002377-02,HRIS-WKR-002377,POS-HR-L5-0136,JOB-HR-L5-04,People L5 Role 04,HR,L5,N,0.3,11.7,2019-03-19,
ASN-002378-01,HRIS-WKR-002378,POS-OPS-L4-0059,JOB-OPS-L4-05,Operations L4 Role 05,OPS,L4,Y,0.8,31.2,2024-07-14,
ASN-002379-01,HRIS-WKR-002379,POS-ENG-L4-0019,JOB-ENG-L4-01,Engineering L4 Role 01,ENG,L4,Y,1.0,39.0,2021-05-18,
ASN-002380-01,HRIS-WKR-002380,POS-SAL-L6-0178,JOB-SAL-L6-04,Sales L6 Role 04,SAL,L6,Y,1.0,39.0,2020-12-09,
ASN-002381-01,HRIS-WKR-002381,POS-TEC-L3-0193,JOB-TEC-L3-01,Technology L3 Role 01,TEC,L3,Y,1.0,39.0,2023-11-14,
ASN-002382-01,HRIS-WKR-002382,POS-FIN-L3-0088,JOB-FIN-L3-04,Finance L3 Role 04,FIN,L3,Y,0.6,23.4,2023-08-10,
ASN-002383-01,HRIS-WKR-002383,POS-OPS-L3-0049,JOB-OPS-L3-01,Operations L3 Role 01,OPS,L3,Y,1.0,39.0,2020-01-14,
ASN-002384-01,HRIS-WKR-002384,POS-TEC-L6-0211,JOB-TEC-L6-01,Technology L6 Role 01,TEC,L6,Y,0.5,19.5,2023-12-04,
ASN-002385-01,HRIS-WKR-002385,POS-HR-L4-0130,JOB-HR-L4-04,People L4 Role 04,HR,L4,Y,1.0,39.0,2018-04-19,
ASN-002386-01,HRIS-WKR-002386,POS-HR-L6-0143,JOB-HR-L6-05,People L6 Role 05,HR,L6,Y,1.0,39.0,2025-07-20,
ASN-002387-01,HRIS-WKR-002387,POS-TEC-L5-0209,JOB-TEC-L5-05,Technology L5 Role 05,TEC,L5,Y,0.8,31.2,2024-08-19,
ASN-002388-01,HRIS-WKR-002388,POS-TEC-L2-0188,JOB-TEC-L2-02,Technology L2 Role 02,TEC,L2,Y,0.5,19.5,2024-05-07,
ASN-002389-01,HRIS-WKR-002389,POS-FIN-L3-0089,JOB-FIN-L3-05,Finance L3 Role 05,FIN,L3,Y,1.0,39.0,2022-03-17,
ASN-002390-01,HRIS-WKR-002390,POS-TEC-L6-0213,JOB-TEC-L6-03,Technology L6 Role 03,TEC,L6,Y,1.0,39.0,2021-01-21,
ASN-002391-01,HRIS-WKR-002391,POS-SAL-L6-0179,JOB-SAL-L6-05,Sales L6 Role 05,SAL,L6,Y,0.6,23.4,2021-09-28,
ASN-002392-01,HRIS-WKR-002392,POS-TEC-L5-0208,JOB-TEC-L5-04,Technology L5 Role 04,TEC,L5,Y,0.8,31.2,2018-03-17,
ASN-002393-01,HRIS-WKR-002393,POS-ENG-L4-0020,JOB-ENG-L4-02,Engineering L4 Role 02,ENG,L4,Y,0.8,31.2,2019-03-02,
ASN-002394-01,HRIS-WKR-002394,POS-FIN-L5-0102,JOB-FIN-L5-06,Finance L5 Role 06,FIN,L5,Y,1.0,39.0,2021-07-03,
ASN-002395-01,HRIS-WKR-002395,POS-FIN-L5-0097,JOB-FIN-L5-01,Finance L5 Role 01,FIN,L5,Y,1.0,39.0,2020-06-18,
ASN-002396-01,HRIS-WKR-002396,POS-OPS-L5-0062,JOB-OPS-L5-02,Operations L5 Role 02,OPS,L5,Y,0.5,19.5,2021-06-30,
ASN-002397-01,HRIS-WKR-002397,POS-FIN-L3-0085,JOB-FIN-L3-01,Finance L3 Role 01,FIN,L3,Y,1.0,39.0,2019-05-28,
ASN-002398-01,HRIS-WKR-002398,POS-ENG-L3-0013,JOB-ENG-L3-01,Engineering L3 Role 01,ENG,L3,Y,0.6,23.4,2024-12-13,
ASN-002399-01,HRIS-WKR-002399,POS-TEC-L2-0191,JOB-TEC-L2-05,Technology L2 Role 05,TEC,L2,Y,1.0,39.0,2018-12-26,
ASN-002400-01,HRIS-WKR-002400,POS-OPS-L5-0064,JOB-OPS-L5-04,Operations L5 Role 04,OPS,L5,Y,1.0,39.0,2020-07-19,
ASN-002401-01,HRIS-WKR-002401,POS-TEC-L4-0201,JOB-TEC-L4-03,Technology L4 Role 03,TEC,L4,Y,1.0,39.0,2019-10-19,
ASN-002402-01,HRIS-WKR-002402,POS-SAL-L2-0152,JOB-SAL-L2-02,Sales L2 Role 02,SAL,L2,Y,0.8,31.2,2020-12-17,
ASN-002403-01,HRIS-WKR-002403,POS-SAL-L3-0158,JOB-SAL-L3-02,Sales L3 Role 02,SAL,L3,Y,1.0,39.0,2019-09-20,
ASN-002404-01,HRIS-WKR-002404,POS-TEC-L3-0196,JOB-TEC-L3-04,Technology L3 Role 04,TEC,L3,Y,1.0,39.0,2018-03-23,
ASN-002404-02,HRIS-WKR-002404,POS-FIN-L1-0078,JOB-FIN-L1-06,Finance L1 Role 06,FIN,L1,N,0.2,7.8,2019-04-21,
ASN-002405-01,HRIS-WKR-002405,POS-ENG-L3-0018,JOB-ENG-L3-06,Engineering L3 Role 06,ENG,L3,Y,1.0,39.0,2021-12-03,
ASN-002406-01,HRIS-WKR-002406,POS-FIN-L4-0094,JOB-FIN-L4-04,Finance L4 Role 04,FIN,L4,Y,0.6,23.4,2023-09-04,
ASN-002407-01,HRIS-WKR-002407,POS-FIN-L1-0076,JOB-FIN-L1-04,Finance L1 Role 04,FIN,L1,Y,1.0,39.0,2018-06-21,
ASN-002408-01,HRIS-WKR-002408,POS-FIN-L2-0083,JOB-FIN-L2-05,Finance L2 Role 05,FIN,L2,Y,0.8,31.2,2024-12-25,
ASN-002409-01,HRIS-WKR-002409,POS-ENG-L3-0017,JOB-ENG-L3-05,Engineering L3 Role 05,ENG,L3,Y,1.0,39.0,2022-06-02,
ASN-002410-01,HRIS-WKR-002410,POS-OPS-L3-0054,JOB-OPS-L3-06,Operations L3 Role 06,OPS,L3,Y,1.0,39.0,2020-08-12,
ASN-002411-01,HRIS-WKR-002411,POS-TEC-L4-0200,JOB-TEC-L4-02,Technology L4 Role 02,TEC,L4,Y,1.0,39.0,2020-04-22,
ASN-002412-01,HRIS-WKR-002412,POS-FIN-L4-0094,JOB-FIN-L4-04,Finance L4 Role 04,FIN,L4,Y,1.0,39.0,2025-10-12,
ASN-002413-01,HRIS-WKR-002413,POS-HR-L3-0123,JOB-HR-L3-03,People L3 Role 03,HR,L3,Y,0.5,19.5,2020-06-29,
ASN-002414-01,HRIS-WKR-002414,POS-FIN-L3-0088,JOB-FIN-L3-04,Finance L3 Role 04,FIN,L3,Y,1.0,39.0,2019-01-27,
ASN-002415-01,HRIS-WKR-002415,POS-TEC-L6-0214,JOB-TEC-L6-04,Technology L6 Role 04,TEC,L6,Y,1.0,39.0,2019-06-26,
ASN-002416-01,HRIS-WKR-002416,POS-TEC-L5-0208,JOB-TEC-L5-04,Technology L5 Role 04,TEC,L5,Y,0.6,23.4,2022-05-03,
ASN-002417-01,HRIS-WKR-002417,POS-TEC-L3-0198,JOB-TEC-L3-06,Technology L3 Role 06,TEC,L3,Y,0.8,31.2,2023-07-27,
ASN-002418-01,HRIS-WKR-002418,POS-OPS-L4-0055,JOB-OPS-L4-01,Operations L4 Role 01,OPS,L4,Y,0.8,31.2,2018-07-21,
ASN-002419-01,HRIS-WKR-002419,POS-SAL-L2-0151,JOB-SAL-L2-01,Sales L2 Role 01,SAL,L2,Y,1.0,39.0,2019-08-10,
ASN-002420-01,HRIS-WKR-002420,POS-HR-L3-0122,JOB-HR-L3-02,People L3 Role 02,HR,L3,Y,1.0,39.0,2021-03-12,
ASN-002421-01,HRIS-WKR-002421,POS-ENG-L6-0035,JOB-ENG-L6-05,Engineering L6 Role 05,ENG,L6,Y,1.0,39.0,2023-05-26,
ASN-002422-01,HRIS-WKR-002422,POS-TEC-L3-0194,JOB-TEC-L3-02,Technology L3 Role 02,TEC,L3,Y,1.0,39.0,2023-12-21,
ASN-002423-01,HRIS-WKR-002423,POS-TEC-L4-0201,JOB-TEC-L4-03,Technology L4 Role 03,TEC,L4,Y,0.6,23.4,2019-05-03,
ASN-002424-01,HRIS-WKR-002424,POS-OPS-L4-0055,JOB-OPS-L4-01,Operations L4 Role 01,OPS,L4,Y,1.0,39.0,2023-11-03,
ASN-002425-01,HRIS-WKR-002425,POS-HR-L1-0114,JOB-HR-L1-06,People L1 Role 06,HR,L1,Y,0.8,31.2,2019-01-16,
ASN-002426-01,HRIS-WKR-002426,POS-ENG-L3-0017,JOB-ENG-L3-05,Engineering L3 Role 05,ENG,L3,Y,1.0,39.0,2020-02-27,
ASN-002427-01,HRIS-WKR-002427,POS-FIN-L1-0078,JOB-FIN-L1-06,Finance L1 Role 06,FIN,L1,Y,1.0,39.0,2025-03-05,
ASN-002428-01,HRIS-WKR-002428,POS-OPS-L3-0052,JOB-OPS-L3-04,Operations L3 Role 04,OPS,L3,Y,1.0,39.0,2025-06-13,
ASN-002429-01,HRIS-WKR-002429,POS-SAL-L6-0179,JOB-SAL-L6-05,Sales L6 Role 05,SAL,L6,Y,,,2020-03-19,
ASN-002430-01,HRIS-WKR-002430,POS-FIN-L5-0099,JOB-FIN-L5-03,Finance L5 Role 03,FIN,L5,Y,1.0,39.0,2025-01-10,
ASN-002431-01,HRIS-WKR-002431,POS-ENG-L4-0021,JOB-ENG-L4-03,Engineering L4 Role 03,ENG,L4,Y,0.8,31.2,2020-09-21,
ASN-002432-01,HRIS-WKR-002432,POS-SAL-L1-0149,JOB-SAL-L1-05,Sales L1 Role 05,SAL,L1,Y,1.0,39.0,2024-07-17,
ASN-002433-01,HRIS-WKR-002433,POS-FIN-L6-0106,JOB-FIN-L6-04,Finance L6 Role 04,FIN,L6,Y,1.0,39.0,2024-10-19,
ASN-002433-02,HRIS-WKR-002433,POS-ENG-L2-0011,JOB-ENG-L2-05,Engineering L2 Role 05,ENG,L2,N,0.2,7.8,2021-11-02,
ASN-002434-01,HRIS-WKR-002434,POS-ENG-L2-0007,JOB-ENG-L2-01,Engineering L2 Role 01,ENG,L2,Y,0.8,31.2,2022-09-23,
ASN-002435-01,HRIS-WKR-002435,POS-SAL-L3-0159,JOB-SAL-L3-03,Sales L3 Role 03,SAL,L3,Y,1.0,39.0,2023-07-03,
ASN-002436-01,HRIS-WKR-002436,POS-FIN-L5-0099,JOB-FIN-L5-03,Finance L5 Role 03,FIN,L5,Y,1.0,39.0,2021-11-15,
ASN-002436-02,HRIS-WKR-002436,POS-OPS-L1-0040,JOB-OPS-L1-04,Operations L1 Role 04,OPS,L1,N,0.4,15.6,2023-05-07,
ASN-002437-01,HRIS-WKR-002437,POS-ENG-L3-0017,JOB-ENG-L3-05,Engineering L3 Role 05,ENG,L3,Y,0.6,23.4,2024-12-11,
ASN-002438-01,HRIS-WKR-002438,POS-SAL-L6-0176,JOB-SAL-L6-02,Sales L6 Role 02,SAL,L6,Y,0.8,31.2,2022-11-17,
ASN-002439-01,HRIS-WKR-002439,POS-OPS-L3-0054,JOB-OPS-L3-06,Operations L3 Role 06,OPS,L3,Y,1.0,39.0,2023-01-18,
ASN-002440-01,HRIS-WKR-002440,POS-HR-L6-0140,JOB-HR-L6-02,People L6 Role 02,HR,L6,Y,0.8,31.2,2022-03-31,
ASN-002441-01,HRIS-WKR-002441,POS-ENG-L5-0029,JOB-ENG-L5-05,Engineering L5 Role 05,ENG,L5,Y,1.0,39.0,2025-10-28,
ASN-002442-01,HRIS-WKR-002442,POS-HR-L3-0123,JOB-HR-L3-03,People L3 Role 03,HR,L5,Y,1.0,39.0,2020-10-12,
ASN-002443-01,HRIS-WKR-002443,POS-SAL-L2-0155,JOB-SAL-L2-05,Sales L2 Role 05,SAL,L2,Y,1.0,39.0,2019-08-14,
ASN-002444-01,HRIS-WKR-002444,POS-FIN-L5-0100,JOB-FIN-L5-04,Finance L5 Role 04,FIN,L5,Y,0.8,31.2,2024-10-27,
ASN-002445-01,HRIS-WKR-002445,POS-SAL-L1-0147,JOB-SAL-L1-03,Sales L1 Role 03,SAL,L1,Y,1.0,39.0,2019-11-03,
ASN-002446-01,HRIS-WKR-002446,POS-ENG-L2-0010,JOB-ENG-L2-04,Engineering L2 Role 04,ENG,L2,Y,0.4,15.6,2019-09-30,
ASN-002447-01,HRIS-WKR-002447,POS-HR-L2-0116,JOB-HR-L2-02,People L2 Role 02,HR,L2,Y,0.8,31.2,2020-10-24,
ASN-002448-01,HRIS-WKR-002448,POS-FIN-L4-0095,JOB-FIN-L4-05,Finance L4 Role 05,FIN,L4,Y,1.0,39.0,2021-10-14,
ASN-002449-01,HRIS-WKR-002449,POS-OPS-L3-0049,JOB-OPS-L3-01,Operations L3 Role 01,OPS,L5,Y,1.0,39.0,2019-09-02,
ASN-002450-01,HRIS-WKR-002450,POS-OPS-L5-0066,JOB-OPS-L5-06,Operations L5 Role 06,OPS,L5,Y,1.0,39.0,2024-10-10,
ASN-002451-01,HRIS-WKR-002451,POS-ENG-L6-0034,JOB-ENG-L6-04,Engineering L6 Role 04,ENG,L6,Y,1.0,39.0,2021-04-24,
ASN-002452-01,HRIS-WKR-002452,POS-OPS-L2-0047,JOB-OPS-L2-05,Operations L2 Role 05,OPS,L2,Y,0.4,15.6,2018-04-23,
ASN-002452-02,HRIS-WKR-002452,POS-FIN-L6-0104,JOB-FIN-L6-02,Finance L6 Role 02,FIN,L6,N,0.3,11.7,2022-05-16,
ASN-002453-01,HRIS-WKR-002453,POS-SAL-L5-0174,JOB-SAL-L5-06,Sales L5 Role 06,SAL,L5,Y,1.0,39.0,2024-11-22,
ASN-002454-01,HRIS-WKR-002454,POS-ENG-L6-0032,JOB-ENG-L6-02,Engineering L6 Role 02,ENG,L6,Y,1.0,39.0,2025-12-17,
ASN-002455-01,HRIS-WKR-002455,POS-FIN-L6-0105,JOB-FIN-L6-03,Finance L6 Role 03,FIN,L6,Y,1.0,39.0,2023-02-08,
ASN-002455-02,HRIS-WKR-002455,POS-SAL-L3-0159,JOB-SAL-L3-03,Sales L3 Role 03,SAL,L3,N,0.4,15.6,2025-02-09,
ASN-002456-01,HRIS-WKR-002456,POS-OPS-L6-0067,JOB-OPS-L6-01,Operations L6 Role 01,OPS,L6,Y,1.0,39.0,2020-02-11,
ASN-002457-01,HRIS-WKR-002457,POS-HR-L6-0143,JOB-HR-L6-05,People L6 Role 05,HR,L6,Y,0.6,23.4,2019-06-15,
ASN-002458-01,HRIS-WKR-002458,POS-HR-L2-0116,JOB-HR-L2-02,People L2 Role 02,HR,L2,Y,1.0,39.0,2025-07-06,
ASN-002459-01,HRIS-WKR-002459,POS-HR-L4-0131,JOB-HR-L4-05,People L4 Role 05,HR,L4,Y,1.0,39.0,2024-09-12,
ASN-002460-01,HRIS-WKR-002460,POS-ENG-L2-0007,JOB-ENG-L2-01,Engineering L2 Role 01,ENG,L2,Y,1.0,39.0,2025-01-01,
ASN-002461-01,HRIS-WKR-002461,POS-OPS-L4-0055,JOB-OPS-L4-01,Operations L4 Role 01,OPS,L4,Y,1.0,39.0,2024-10-11,
ASN-002461-02,HRIS-WKR-002461,POS-ENG-L5-0030,JOB-ENG-L5-06,Engineering L5 Role 06,ENG,L5,N,0.2,7.8,2021-07-25,
ASN-002462-01,HRIS-WKR-002462,POS-FIN-L2-0081,JOB-FIN-L2-03,Finance L2 Role 03,FIN,L2,Y,1.0,39.0,2022-09-10,
ASN-002463-01,HRIS-WKR-002463,POS-ENG-L5-0029,JOB-ENG-L5-05,Engineering L5 Role 05,ENG,L5,Y,0.5,19.5,2022-03-21,
ASN-002463-02,HRIS-WKR-002463,POS-OPS-L1-0041,JOB-OPS-L1-05,Operations L1 Role 05,OPS,L1,N,0.3,11.7,2019-11-10,
ASN-002464-01,HRIS-WKR-002464,POS-OPS-L5-0063,JOB-OPS-L5-03,Operations L5 Role 03,OPS,L5,Y,1.0,39.0,2018-07-08,
ASN-002465-01,HRIS-WKR-002465,POS-HR-L5-0138,JOB-HR-L5-06,People L5 Role 06,HR,L5,Y,1.0,39.0,2025-03-31,
ASN-002466-01,HRIS-WKR-002466,POS-FIN-L2-0081,JOB-FIN-L2-03,Finance L2 Role 03,FIN,L2,Y,0.8,31.2,2025-06-18,
ASN-002467-01,HRIS-WKR-002467,POS-SAL-L5-0174,JOB-SAL-L5-06,Sales L5 Role 06,SAL,L5,Y,1.0,39.0,2023-10-29,
ASN-002468-01,HRIS-WKR-002468,POS-FIN-L3-0086,JOB-FIN-L3-02,Finance L3 Role 02,FIN,L3,Y,0.8,31.2,2025-03-29,
ASN-002469-01,HRIS-WKR-002469,POS-HR-L4-0132,JOB-HR-L4-06,People L4 Role 06,HR,L4,Y,0.8,31.2,2019-02-09,
ASN-002470-01,HRIS-WKR-002470,POS-OPS-L6-0071,JOB-OPS-L6-05,Operations L6 Role 05,OPS,L6,Y,1.0,39.0,2022-09-15,
ASN-002471-01,HRIS-WKR-002471,POS-HR-L3-0125,JOB-HR-L3-05,People L3 Role 05,HR,L3,Y,1.0,39.0,2023-10-31,
ASN-002472-01,HRIS-WKR-002472,POS-OPS-L2-0048,JOB-OPS-L2-06,Operations L2 Role 06,OPS,L2,Y,1.0,39.0,2019-05-10,
ASN-002473-01,HRIS-WKR-002473,POS-SAL-L1-0147,JOB-SAL-L1-03,Sales L1 Role 03,SAL,L1,Y,1.0,39.0,2019-04-18,
ASN-002474-01,HRIS-WKR-002474,POS-ENG-L6-0034,JOB-ENG-L6-04,Engineering L6 Role 04,ENG,L6,Y,1.0,39.0,2020-08-30,
ASN-002475-01,HRIS-WKR-002475,POS-FIN-L1-0076,JOB-FIN-L1-04,Finance L1 Role 04,FIN,L1,Y,1.0,39.0,2023-03-05,
ASN-002475-02,HRIS-WKR-002475,POS-FIN-L4-0095,JOB-FIN-L4-05,Finance L4 Role 05,FIN,L4,N,0.4,15.6,2021-09-17,
ASN-002476-01,HRIS-WKR-002476,POS-SAL-L2-0156,JOB-SAL-L2-06,Sales L2 Role 06,SAL,L2,Y,1.0,39.0,2023-04-25,
ASN-002477-01,HRIS-WKR-002477,POS-FIN-L4-0094,JOB-FIN-L4-04,Finance L4 Role 04,FIN,L4,Y,1.0,39.0,2021-09-20,
ASN-002478-01,HRIS-WKR-002478,POS-OPS-L4-0060,JOB-OPS-L4-06,Operations L4 Role 06,OPS,L4,Y,1.0,39.0,2026-01-09,
ASN-002479-01,HRIS-WKR-002479,POS-FIN-L1-0075,JOB-FIN-L1-03,Finance L1 Role 03,FIN,L1,Y,0.8,31.2,2021-08-05,
ASN-002480-01,HRIS-WKR-002480,POS-ENG-L4-0019,JOB-ENG-L4-01,Engineering L4 Role 01,ENG,L4,Y,1.0,39.0,2018-09-18,
ASN-002481-01,HRIS-WKR-002481,POS-OPS-L1-0039,JOB-OPS-L1-03,Operations L1 Role 03,OPS,L1,Y,1.0,39.0,2021-03-18,
ASN-002482-01,HRIS-WKR-002482,POS-TEC-L6-0215,JOB-TEC-L6-05,Technology L6 Role 05,TEC,L6,Y,0.5,19.5,2020-02-13,
ASN-002483-01,HRIS-WKR-002483,POS-SAL-L6-0175,JOB-SAL-L6-01,Sales L6 Role 01,SAL,L6,Y,0.8,31.2,2023-05-13,
ASN-002484-01,HRIS-WKR-002484,POS-HR-L4-0128,JOB-HR-L4-02,People L4 Role 02,HR,L4,Y,1.0,39.0,2021-08-02,
ASN-002485-01,HRIS-WKR-002485,POS-SAL-L3-0160,JOB-SAL-L3-04,Sales L3 Role 04,SAL,L3,Y,1.0,39.0,2024-08-16,
ASN-002486-01,HRIS-WKR-002486,POS-TEC-L2-0192,JOB-TEC-L2-06,Technology L2 Role 06,TEC,L2,Y,1.0,39.0,2020-08-27,
ASN-002487-01,HRIS-WKR-002487,POS-TEC-L2-0189,JOB-TEC-L2-03,Technology L2 Role 03,TEC,L2,Y,1.0,39.0,2024-09-28,
ASN-002488-01,HRIS-WKR-002488,POS-FIN-L4-0094,JOB-FIN-L4-04,Finance L4 Role 04,FIN,L4,Y,0.8,31.2,2023-08-26,
ASN-002489-01,HRIS-WKR-002489,POS-OPS-L6-0069,JOB-OPS-L6-03,Operations L6 Role 03,OPS,L6,Y,1.0,39.0,2025-07-22,
ASN-002490-01,HRIS-WKR-002490,POS-FIN-L4-0092,JOB-FIN-L4-02,Finance L4 Role 02,FIN,L4,Y,1.0,39.0,2019-05-06,
ASN-002491-01,HRIS-WKR-002491,POS-HR-L2-0115,JOB-HR-L2-01,People L2 Role 01,HR,L2,Y,1.0,39.0,2025-04-20,
ASN-002492-01,HRIS-WKR-002492,POS-SAL-L2-0152,JOB-SAL-L2-02,Sales L2 Role 02,SAL,L2,Y,1.0,39.0,2019-10-21,
ASN-002493-01,HRIS-WKR-002493,POS-TEC-L3-0197,JOB-TEC-L3-05,Technology L3 Role 05,TEC,L3,Y,1.0,39.0,2025-08-06,
ASN-002494-01,HRIS-WKR-002494,POS-SAL-L3-0158,JOB-SAL-L3-02,Sales L3 Role 02,SAL,L3,Y,1.0,39.0,2023-08-28,
ASN-002495-01,HRIS-WKR-002495,POS-HR-L6-0141,JOB-HR-L6-03,People L6 Role 03,HR,L6,Y,1.0,39.0,2025-11-27,
ASN-002496-01,HRIS-WKR-002496,POS-OPS-L4-0060,JOB-OPS-L4-06,Operations L4 Role 06,OPS,L4,Y,1.0,39.0,2022-12-21,
ASN-002497-01,HRIS-WKR-002497,POS-HR-L4-0131,JOB-HR-L4-05,People L4 Role 05,HR,L4,Y,1.0,39.0,2024-09-16,
ASN-002498-01,HRIS-WKR-002498,POS-TEC-L1-0186,JOB-TEC-L1-06,Technology L1 Role 06,TEC,L1,Y,0.8,31.2,2019-11-15,
ASN-002498-02,HRIS-WKR-002498,POS-SAL-L1-0150,JOB-SAL-L1-06,Sales L1 Role 06,SAL,L1,N,0.2,7.8,2020-06-12,
ASN-002499-01,HRIS-WKR-002499,POS-TEC-L4-0202,JOB-TEC-L4-04,Technology L4 Role 04,TEC,L4,Y,1.0,39.0,2025-12-16,
ASN-002500-01,HRIS-WKR-002500,POS-HR-L3-0122,JOB-HR-L3-02,People L3 Role 02,HR,L3,Y,0.5,19.5,2025-09-06,
ASN-002501-01,HRIS-WKR-002501,POS-TEC-L5-0205,JOB-TEC-L5-01,Technology L5 Role 01,TEC,L5,Y,0.5,19.5,2023-12-07,
ASN-002502-01,HRIS-WKR-002502,POS-FIN-L2-0079,JOB-FIN-L2-01,Finance L2 Role 01,FIN,L2,Y,1.0,39.0,2020-10-12,
ASN-002503-01,HRIS-WKR-002503,POS-FIN-L4-0091,JOB-FIN-L4-01,Finance L4 Role 01,FIN,L4,Y,1.0,39.0,2018-10-11,
ASN-002504-01,HRIS-WKR-002504,POS-HR-L3-0121,JOB-HR-L3-01,People L3 Role 01,HR,L3,Y,1.0,39.0,2024-04-10,
ASN-002505-01,HRIS-WKR-002505,POS-ENG-L5-0025,JOB-ENG-L5-01,Engineering L5 Role 01,ENG,L5,Y,1.0,39.0,2022-08-01,
ASN-002506-01,HRIS-WKR-002506,POS-ENG-L5-0027,JOB-ENG-L5-03,Engineering L5 Role 03,ENG,L5,Y,1.0,39.0,2021-10-10,
ASN-002507-01,HRIS-WKR-002507,POS-SAL-L2-0153,JOB-SAL-L2-03,Sales L2 Role 03,SAL,L1,Y,0.6,23.4,2019-04-27,
ASN-002508-01,HRIS-WKR-002508,POS-TEC-L1-0185,JOB-TEC-L1-05,Technology L1 Role 05,TEC,L1,Y,1.0,39.0,2020-07-13,
ASN-002509-01,HRIS-WKR-002509,POS-TEC-L3-0194,JOB-TEC-L3-02,Technology L3 Role 02,TEC,L3,Y,1.0,39.0,2018-06-12,
ASN-002510-01,HRIS-WKR-002510,POS-OPS-L2-0047,JOB-OPS-L2-05,Operations L2 Role 05,OPS,L2,Y,1.0,39.0,2024-06-13,
ASN-002511-01,HRIS-WKR-002511,POS-ENG-L3-0013,JOB-ENG-L3-01,Engineering L3 Role 01,ENG,L3,Y,1.0,39.0,2024-11-05,
ASN-002512-01,HRIS-WKR-002512,POS-HR-L6-0144,JOB-HR-L6-06,People L6 Role 06,HR,L6,Y,1.0,39.0,2025-01-04,
ASN-002513-01,HRIS-WKR-002513,POS-HR-L2-0117,JOB-HR-L2-03,People L2 Role 03,HR,L2,Y,1.0,39.0,2018-01-28,
ASN-002514-01,HRIS-WKR-002514,POS-SAL-L3-0160,JOB-SAL-L3-04,Sales L3 Role 04,SAL,L3,Y,,,2023-04-16,
ASN-002514-02,HRIS-WKR-002514,POS-FIN-L6-0106,JOB-FIN-L6-04,Finance L6 Role 04,FIN,L6,N,0.4,15.6,2023-08-25,
ASN-002515-01,HRIS-WKR-002515,POS-HR-L3-0121,JOB-HR-L3-01,People L3 Role 01,HR,L3,Y,1.0,39.0,2023-10-15,
ASN-002516-01,HRIS-WKR-002516,POS-SAL-L6-0175,JOB-SAL-L6-01,Sales L6 Role 01,SAL,L6,Y,1.0,39.0,2020-10-16,
ASN-002516-02,HRIS-WKR-002516,POS-TEC-L6-0213,JOB-TEC-L6-03,Technology L6 Role 03,TEC,L6,N,0.3,11.7,2024-08-15,
ASN-002517-01,HRIS-WKR-002517,POS-HR-L2-0120,JOB-HR-L2-06,People L2 Role 06,HR,L2,Y,0.8,31.2,2023-04-30,
ASN-002518-01,HRIS-WKR-002518,POS-ENG-L3-0014,JOB-ENG-L3-02,Engineering L3 Role 02,ENG,L3,Y,1.0,39.0,2020-04-11,
ASN-002519-01,HRIS-WKR-002519,POS-TEC-L5-0206,JOB-TEC-L5-02,Technology L5 Role 02,TEC,L5,Y,1.0,39.0,2022-10-06,
ASN-002519-02,HRIS-WKR-002519,POS-OPS-L6-0070,JOB-OPS-L6-04,Operations L6 Role 04,OPS,L6,N,0.4,15.6,2025-01-01,
ASN-002520-01,HRIS-WKR-002520,POS-FIN-L2-0081,JOB-FIN-L2-03,Finance L2 Role 03,FIN,L2,Y,1.0,39.0,2021-04-19,
ASN-002521-01,HRIS-WKR-002521,POS-SAL-L3-0162,JOB-SAL-L3-06,Sales L3 Role 06,SAL,L1,Y,1.0,39.0,2022-03-29,
ASN-002521-02,HRIS-WKR-002521,POS-FIN-L1-0078,JOB-FIN-L1-06,Finance L1 Role 06,FIN,L1,N,0.3,11.7,2020-07-15,
ASN-002522-01,HRIS-WKR-002522,POS-ENG-L4-0021,JOB-ENG-L4-03,Engineering L4 Role 03,ENG,L4,Y,1.0,39.0,2020-05-21,
ASN-002523-01,HRIS-WKR-002523,POS-FIN-L5-0100,JOB-FIN-L5-04,Finance L5 Role 04,FIN,L5,Y,1.0,39.0,2024-01-26,
ASN-002524-01,HRIS-WKR-002524,POS-ENG-L1-0001,JOB-ENG-L1-01,Engineering L1 Role 01,ENG,L1,Y,1.0,39.0,2021-04-01,
ASN-002524-02,HRIS-WKR-002524,POS-TEC-L1-0182,JOB-TEC-L1-02,Technology L1 Role 02,TEC,L1,N,0.4,15.6,2019-04-13,
ASN-002525-01,HRIS-WKR-002525,POS-FIN-L3-0089,JOB-FIN-L3-05,Finance L3 Role 05,FIN,L3,Y,1.0,39.0,2019-11-05,
ASN-002526-01,HRIS-WKR-002526,POS-OPS-L2-0047,JOB-OPS-L2-05,Operations L2 Role 05,OPS,L2,Y,1.0,39.0,2020-09-05,
ASN-002527-01,HRIS-WKR-002527,POS-OPS-L6-0069,JOB-OPS-L6-03,Operations L6 Role 03,OPS,L6,Y,1.0,39.0,2019-01-07,
ASN-002528-01,HRIS-WKR-002528,POS-ENG-L1-0004,JOB-ENG-L1-04,Engineering L1 Role 04,ENG,L1,Y,0.6,23.4,2024-06-06,
ASN-002529-01,HRIS-WKR-002529,POS-ENG-L3-0013,JOB-ENG-L3-01,Engineering L3 Role 01,ENG,L3,Y,,,2020-09-18,
ASN-002529-02,HRIS-WKR-002529,POS-FIN-L4-0093,JOB-FIN-L4-03,Finance L4 Role 03,FIN,L4,N,0.4,15.6,2019-10-19,
ASN-002530-01,HRIS-WKR-002530,POS-OPS-L4-0060,JOB-OPS-L4-06,Operations L4 Role 06,OPS,L4,Y,0.5,19.5,2023-08-22,
ASN-002531-01,HRIS-WKR-002531,POS-FIN-L3-0088,JOB-FIN-L3-04,Finance L3 Role 04,FIN,L3,Y,1.0,39.0,2020-09-06,
ASN-002532-01,HRIS-WKR-002532,POS-FIN-L5-0097,JOB-FIN-L5-01,Finance L5 Role 01,FIN,L5,Y,0.4,15.6,2022-10-16,
ASN-002533-01,HRIS-WKR-002533,POS-SAL-L6-0175,JOB-SAL-L6-01,Sales L6 Role 01,SAL,L6,Y,1.0,39.0,2018-08-13,
ASN-002534-01,HRIS-WKR-002534,POS-TEC-L4-0203,JOB-TEC-L4-05,Technology L4 Role 05,TEC,L4,Y,1.0,39.0,2022-12-31,
ASN-002535-01,HRIS-WKR-002535,POS-ENG-L4-0021,JOB-ENG-L4-03,Engineering L4 Role 03,ENG,L4,Y,1.0,39.0,2020-08-17,
ASN-002536-01,HRIS-WKR-002536,POS-FIN-L5-0101,JOB-FIN-L5-05,Finance L5 Role 05,FIN,L5,Y,1.0,39.0,2022-06-01,
ASN-002537-01,HRIS-WKR-002537,POS-ENG-L6-0035,JOB-ENG-L6-05,Engineering L6 Role 05,ENG,L6,Y,1.0,39.0,2024-10-04,
ASN-002538-01,HRIS-WKR-002538,POS-FIN-L4-0094,JOB-FIN-L4-04,Finance L4 Role 04,FIN,L4,Y,0.8,31.2,2020-02-27,
ASN-002539-01,HRIS-WKR-002539,POS-OPS-L1-0042,JOB-OPS-L1-06,Operations L1 Role 06,OPS,L1,Y,0.6,23.4,2020-04-10,
ASN-002539-02,HRIS-WKR-002539,POS-ENG-L4-0019,JOB-ENG-L4-01,Engineering L4 Role 01,ENG,L4,N,0.4,15.6,2024-03-12,
ASN-002540-01,HRIS-WKR-002540,POS-SAL-L2-0156,JOB-SAL-L2-06,Sales L2 Role 06,SAL,L2,Y,1.0,39.0,2024-01-30,
ASN-002541-01,HRIS-WKR-002541,POS-OPS-L3-0052,JOB-OPS-L3-04,Operations L3 Role 04,OPS,L3,Y,1.0,39.0,2018-02-09,
ASN-002542-01,HRIS-WKR-002542,POS-HR-L4-0127,JOB-HR-L4-01,People L4 Role 01,HR,L4,Y,1.0,39.0,2022-01-17,
ASN-002543-01,HRIS-WKR-002543,POS-ENG-L5-0029,JOB-ENG-L5-05,Engineering L5 Role 05,ENG,L5,Y,1.0,39.0,2025-07-24,
ASN-002544-01,HRIS-WKR-002544,POS-ENG-L3-0015,JOB-ENG-L3-03,Engineering L3 Role 03,ENG,L3,Y,1.0,39.0,2018-11-24,
ASN-002545-01,HRIS-WKR-002545,POS-OPS-L6-0069,JOB-OPS-L6-03,Operations L6 Role 03,OPS,L6,Y,1.0,39.0,2024-02-09,
ASN-002546-01,HRIS-WKR-002546,POS-FIN-L4-0092,JOB-FIN-L4-02,Finance L4 Role 02,FIN,L4,Y,1.0,39.0,2018-06-28,
ASN-002547-01,HRIS-WKR-002547,POS-TEC-L4-0203,JOB-TEC-L4-05,Technology L4 Role 05,TEC,L4,Y,0.4,15.6,2024-08-01,
ASN-002548-01,HRIS-WKR-002548,POS-FIN-L6-0108,JOB-FIN-L6-06,Finance L6 Role 06,FIN,L6,Y,1.0,39.0,2022-06-21,
ASN-002549-01,HRIS-WKR-002549,POS-SAL-L2-0156,JOB-SAL-L2-06,Sales L2 Role 06,SAL,L2,Y,1.0,39.0,2019-06-26,
ASN-002550-01,HRIS-WKR-002550,POS-TEC-L1-0182,JOB-TEC-L1-02,Technology L1 Role 02,TEC,L1,Y,,,2021-08-02,
ASN-002551-01,HRIS-WKR-002551,POS-OPS-L5-0064,JOB-OPS-L5-04,Operations L5 Role 04,OPS,L5,Y,1.0,39.0,2023-02-27,
ASN-002552-01,HRIS-WKR-002552,POS-OPS-L2-0043,JOB-OPS-L2-01,Operations L2 Role 01,OPS,L2,Y,0.8,31.2,2020-10-02,
ASN-002553-01,HRIS-WKR-002553,POS-ENG-L3-0017,JOB-ENG-L3-05,Engineering L3 Role 05,ENG,L3,Y,1.0,39.0,2022-12-23,
ASN-002554-01,HRIS-WKR-002554,POS-TEC-L6-0216,JOB-TEC-L6-06,Technology L6 Role 06,TEC,L6,Y,1.0,39.0,2021-11-29,
ASN-002555-01,HRIS-WKR-002555,POS-ENG-L4-0022,JOB-ENG-L4-04,Engineering L4 Role 04,ENG,L4,Y,1.0,39.0,2024-12-27,
ASN-002556-01,HRIS-WKR-002556,POS-ENG-L3-0013,JOB-ENG-L3-01,Engineering L3 Role 01,ENG,L3,Y,1.0,39.0,2024-12-02,
ASN-002557-01,HRIS-WKR-002557,POS-OPS-L3-0050,JOB-OPS-L3-02,Operations L3 Role 02,OPS,L3,Y,1.0,39.0,2024-04-01,
ASN-002558-01,HRIS-WKR-002558,POS-TEC-L4-0199,JOB-TEC-L4-01,Technology L4 Role 01,TEC,L4,Y,1.0,39.0,2021-02-01,
ASN-002559-01,HRIS-WKR-002559,POS-HR-L4-0129,JOB-HR-L4-03,People L4 Role 03,HR,L4,Y,1.0,39.0,2019-05-08,
ASN-002560-01,HRIS-WKR-002560,POS-ENG-L1-0002,JOB-ENG-L1-02,Engineering L1 Role 02,ENG,L1,Y,1.0,39.0,2021-04-25,
ASN-002561-01,HRIS-WKR-002561,POS-ENG-L1-0005,JOB-ENG-L1-05,Engineering L1 Role 05,ENG,L1,Y,1.0,39.0,2020-08-15,
ASN-002562-01,HRIS-WKR-002562,POS-HR-L1-0112,JOB-HR-L1-04,People L1 Role 04,HR,L1,Y,1.0,39.0,2019-08-18,
ASN-002563-01,HRIS-WKR-002563,POS-ENG-L1-0005,JOB-ENG-L1-05,Engineering L1 Role 05,ENG,L3,Y,0.8,31.2,2024-05-04,
ASN-002563-02,HRIS-WKR-002563,POS-OPS-L3-0053,JOB-OPS-L3-05,Operations L3 Role 05,OPS,L3,N,0.2,7.8,2024-07-08,
ASN-002564-01,HRIS-WKR-002564,POS-FIN-L2-0084,JOB-FIN-L2-06,Finance L2 Role 06,FIN,L2,Y,1.0,39.0,2023-05-09,
ASN-002564-02,HRIS-WKR-002564,POS-ENG-L5-0029,JOB-ENG-L5-05,Engineering L5 Role 05,ENG,L5,N,0.3,11.7,2021-11-21,
ASN-002565-01,HRIS-WKR-002565,POS-FIN-L2-0084,JOB-FIN-L2-06,Finance L2 Role 06,FIN,L2,Y,1.0,39.0,2019-07-19,
ASN-002566-01,HRIS-WKR-002566,POS-FIN-L4-0094,JOB-FIN-L4-04,Finance L4 Role 04,FIN,L4,Y,1.0,39.0,2022-06-04,
ASN-002567-01,HRIS-WKR-002567,POS-FIN-L5-0101,JOB-FIN-L5-05,Finance L5 Role 05,FIN,L5,Y,1.0,39.0,2025-03-14,
ASN-002568-01,HRIS-WKR-002568,POS-FIN-L1-0078,JOB-FIN-L1-06,Finance L1 Role 06,FIN,L1,Y,1.0,39.0,2022-04-09,
ASN-002569-01,HRIS-WKR-002569,POS-FIN-L1-0075,JOB-FIN-L1-03,Finance L1 Role 03,FIN,L3,Y,0.8,31.2,2024-11-05,
ASN-002570-01,HRIS-WKR-002570,POS-FIN-L1-0076,JOB-FIN-L1-04,Finance L1 Role 04,FIN,L1,Y,0.5,19.5,2021-05-09,
ASN-002571-01,HRIS-WKR-002571,POS-FIN-L4-0095,JOB-FIN-L4-05,Finance L4 Role 05,FIN,L4,Y,1.0,39.0,2022-04-16,
ASN-002572-01,HRIS-WKR-002572,POS-HR-L3-0121,JOB-HR-L3-01,People L3 Role 01,HR,L3,Y,0.8,31.2,2019-09-26,
ASN-002573-01,HRIS-WKR-002573,POS-HR-L6-0142,JOB-HR-L6-04,People L6 Role 04,HR,L4,Y,1.0,39.0,2022-02-06,
ASN-002574-01,HRIS-WKR-002574,POS-SAL-L6-0180,JOB-SAL-L6-06,Sales L6 Role 06,SAL,L6,Y,1.0,39.0,2023-01-19,
ASN-002575-01,HRIS-WKR-002575,POS-HR-L5-0138,JOB-HR-L5-06,People L5 Role 06,HR,L5,Y,0.8,31.2,2025-02-03,
ASN-002576-01,HRIS-WKR-002576,POS-FIN-L1-0078,JOB-FIN-L1-06,Finance L1 Role 06,FIN,L1,Y,0.6,23.4,2018-02-02,
ASN-002577-01,HRIS-WKR-002577,POS-OPS-L1-0041,JOB-OPS-L1-05,Operations L1 Role 05,OPS,L1,Y,1.0,39.0,2025-07-22,
ASN-002578-01,HRIS-WKR-002578,POS-ENG-L6-0033,JOB-ENG-L6-03,Engineering L6 Role 03,ENG,L6,Y,1.0,39.0,2022-01-02,
ASN-002579-01,HRIS-WKR-002579,POS-OPS-L5-0062,JOB-OPS-L5-02,Operations L5 Role 02,OPS,L5,Y,0.6,23.4,2021-04-20,
ASN-002580-01,HRIS-WKR-002580,POS-ENG-L4-0020,JOB-ENG-L4-02,Engineering L4 Role 02,ENG,L4,Y,1.0,39.0,2019-09-14,
ASN-002581-01,HRIS-WKR-002581,POS-SAL-L1-0148,JOB-SAL-L1-04,Sales L1 Role 04,SAL,L1,Y,1.0,39.0,2022-12-06,
ASN-002582-01,HRIS-WKR-002582,POS-TEC-L2-0188,JOB-TEC-L2-02,Technology L2 Role 02,TEC,L2,Y,1.0,39.0,2024-07-15,
ASN-002583-01,HRIS-WKR-002583,POS-OPS-L5-0066,JOB-OPS-L5-06,Operations L5 Role 06,OPS,L5,Y,1.0,39.0,2019-05-30,
ASN-002584-01,HRIS-WKR-002584,POS-FIN-L5-0102,JOB-FIN-L5-06,Finance L5 Role 06,FIN,L5,Y,1.0,39.0,2025-02-21,
ASN-002585-01,HRIS-WKR-002585,POS-TEC-L6-0212,JOB-TEC-L6-02,Technology L6 Role 02,TEC,L6,Y,1.0,39.0,2021-03-06,
ASN-002586-01,HRIS-WKR-002586,POS-ENG-L6-0031,JOB-ENG-L6-01,Engineering L6 Role 01,ENG,L6,Y,1.0,39.0,2021-12-08,
ASN-002587-01,HRIS-WKR-002587,POS-FIN-L4-0094,JOB-FIN-L4-04,Finance L4 Role 04,FIN,L4,Y,0.8,31.2,2024-05-19,
ASN-002588-01,HRIS-WKR-002588,POS-SAL-L6-0177,JOB-SAL-L6-03,Sales L6 Role 03,SAL,L6,Y,1.0,39.0,2020-05-25,
ASN-002588-02,HRIS-WKR-002588,POS-FIN-L4-0095,JOB-FIN-L4-05,Finance L4 Role 05,FIN,L4,N,0.3,11.7,2023-05-02,
ASN-002589-01,HRIS-WKR-002589,POS-SAL-L5-0170,JOB-SAL-L5-02,Sales L5 Role 02,SAL,L3,Y,0.5,19.5,2021-05-22,
ASN-002590-01,HRIS-WKR-002590,POS-OPS-L5-0065,JOB-OPS-L5-05,Operations L5 Role 05,OPS,L5,Y,1.0,39.0,2019-12-11,
ASN-002591-01,HRIS-WKR-002591,POS-FIN-L6-0105,JOB-FIN-L6-03,Finance L6 Role 03,FIN,L6,Y,1.0,39.0,2022-07-11,
ASN-002591-02,HRIS-WKR-002591,POS-TEC-L6-0212,JOB-TEC-L6-02,Technology L6 Role 02,TEC,L6,N,0.3,11.7,2024-03-08,
ASN-002592-01,HRIS-WKR-002592,POS-ENG-L2-0010,JOB-ENG-L2-04,Engineering L2 Role 04,ENG,L2,Y,1.0,39.0,2026-01-23,
ASN-002593-01,HRIS-WKR-002593,POS-ENG-L1-0003,JOB-ENG-L1-03,Engineering L1 Role 03,ENG,L1,Y,1.0,39.0,2022-06-01,
ASN-002593-02,HRIS-WKR-002593,POS-FIN-L3-0086,JOB-FIN-L3-02,Finance L3 Role 02,FIN,L3,N,0.2,7.8,2023-12-06,
ASN-002594-01,HRIS-WKR-002594,POS-OPS-L3-0053,JOB-OPS-L3-05,Operations L3 Role 05,OPS,L3,Y,1.0,39.0,2019-02-02,
ASN-002595-01,HRIS-WKR-002595,POS-ENG-L2-0008,JOB-ENG-L2-02,Engineering L2 Role 02,ENG,L2,Y,1.0,39.0,2019-09-16,
ASN-002596-01,HRIS-WKR-002596,POS-FIN-L6-0106,JOB-FIN-L6-04,Finance L6 Role 04,FIN,L6,Y,1.0,39.0,2020-03-10,
ASN-002597-01,HRIS-WKR-002597,POS-TEC-L1-0183,JOB-TEC-L1-03,Technology L1 Role 03,TEC,L1,Y,1.0,39.0,2019-05-10,
ASN-002598-01,HRIS-WKR-002598,POS-HR-L6-0144,JOB-HR-L6-06,People L6 Role 06,HR,L6,Y,1.0,39.0,2020-08-16,
ASN-002599-01,HRIS-WKR-002599,POS-SAL-L4-0163,JOB-SAL-L4-01,Sales L4 Role 01,SAL,L4,Y,1.0,39.0,2023-11-02,
ASN-002599-02,HRIS-WKR-002599,POS-FIN-L3-0085,JOB-FIN-L3-01,Finance L3 Role 01,FIN,L3,N,0.4,15.6,2020-08-30,
ASN-002600-01,HRIS-WKR-002600,POS-ENG-L5-0029,JOB-ENG-L5-05,Engineering L5 Role 05,ENG,L5,Y,1.0,39.0,2021-09-15,
ASN-002601-01,HRIS-WKR-002601,POS-OPS-L1-0038,JOB-OPS-L1-02,Operations L1 Role 02,OPS,L1,Y,1.0,39.0,2019-01-02,
ASN-002602-01,HRIS-WKR-002602,POS-SAL-L3-0162,JOB-SAL-L3-06,Sales L3 Role 06,SAL,L3,Y,1.0,39.0,2020-04-26,
ASN-002603-01,HRIS-WKR-002603,POS-OPS-L6-0069,JOB-OPS-L6-03,Operations L6 Role 03,OPS,L6,Y,0.5,19.5,2019-08-29,
ASN-002603-02,HRIS-WKR-002603,POS-HR-L6-0139,JOB-HR-L6-01,People L6 Role 01,HR,L6,N,0.2,7.8,2025-12-01,
ASN-002604-01,HRIS-WKR-002604,POS-TEC-L3-0197,JOB-TEC-L3-05,Technology L3 Role 05,TEC,L3,Y,1.0,39.0,2019-06-21,
ASN-002604-02,HRIS-WKR-002604,POS-HR-L1-0110,JOB-HR-L1-02,People L1 Role 02,HR,L1,N,0.3,11.7,2021-04-15,
ASN-002605-01,HRIS-WKR-002605,POS-FIN-L3-0089,JOB-FIN-L3-05,Finance L3 Role 05,FIN,L3,Y,0.8,31.2,2025-08-15,
ASN-002606-01,HRIS-WKR-002606,POS-HR-L6-0141,JOB-HR-L6-03,People L6 Role 03,HR,L6,Y,0.8,31.2,2020-10-30,
ASN-002607-01,HRIS-WKR-002607,POS-TEC-L6-0214,JOB-TEC-L6-04,Technology L6 Role 04,TEC,L6,Y,0.4,15.6,2022-04-10,
ASN-002608-01,HRIS-WKR-002608,POS-ENG-L5-0028,JOB-ENG-L5-04,Engineering L5 Role 04,ENG,L6,Y,1.0,39.0,2020-09-28,
ASN-002609-01,HRIS-WKR-002609,POS-TEC-L4-0199,JOB-TEC-L4-01,Technology L4 Role 01,TEC,L4,Y,0.8,31.2,2019-03-11,
ASN-002610-01,HRIS-WKR-002610,POS-HR-L1-0110,JOB-HR-L1-02,People L1 Role 02,HR,L1,Y,1.0,39.0,2024-10-10,
ASN-002611-01,HRIS-WKR-002611,POS-SAL-L4-0165,JOB-SAL-L4-03,Sales L4 Role 03,SAL,L4,Y,1.0,39.0,2019-06-19,
ASN-002612-01,HRIS-WKR-002612,POS-ENG-L2-0009,JOB-ENG-L2-03,Engineering L2 Role 03,ENG,L2,Y,,,2021-03-05,
ASN-002613-01,HRIS-WKR-002613,POS-ENG-L2-0010,JOB-ENG-L2-04,Engineering L2 Role 04,ENG,L2,Y,1.0,39.0,2023-09-17,
ASN-002614-01,HRIS-WKR-002614,POS-HR-L2-0116,JOB-HR-L2-02,People L2 Role 02,HR,L2,Y,1.0,39.0,2022-08-31,
ASN-002615-01,HRIS-WKR-002615,POS-HR-L2-0117,JOB-HR-L2-03,People L2 Role 03,HR,L1,Y,0.6,23.4,2020-06-06,
ASN-002616-01,HRIS-WKR-002616,POS-SAL-L5-0170,JOB-SAL-L5-02,Sales L5 Role 02,SAL,L5,Y,0.4,15.6,2024-04-27,
ASN-002617-01,HRIS-WKR-002617,POS-TEC-L5-0209,JOB-TEC-L5-05,Technology L5 Role 05,TEC,L5,Y,1.0,39.0,2021-10-28,
ASN-002618-01,HRIS-WKR-002618,POS-ENG-L2-0012,JOB-ENG-L2-06,Engineering L2 Role 06,ENG,L2,Y,1.0,39.0,2022-10-27,
ASN-002619-01,HRIS-WKR-002619,POS-ENG-L1-0002,JOB-ENG-L1-02,Engineering L1 Role 02,ENG,L1,Y,0.6,23.4,2022-10-17,
ASN-002620-01,HRIS-WKR-002620,POS-SAL-L3-0157,JOB-SAL-L3-01,Sales L3 Role 01,SAL,L3,Y,0.8,31.2,2021-11-15,
ASN-002621-01,HRIS-WKR-002621,POS-SAL-L2-0155,JOB-SAL-L2-05,Sales L2 Role 05,SAL,L2,Y,1.0,39.0,2024-06-13,
ASN-002622-01,HRIS-WKR-002622,POS-SAL-L4-0167,JOB-SAL-L4-05,Sales L4 Role 05,SAL,L4,Y,1.0,39.0,2023-11-18,
ASN-002623-01,HRIS-WKR-002623,POS-TEC-L3-0193,JOB-TEC-L3-01,Technology L3 Role 01,TEC,L3,Y,1.0,39.0,2019-11-04,
ASN-002624-01,HRIS-WKR-002624,POS-SAL-L6-0177,JOB-SAL-L6-03,Sales L6 Role 03,SAL,L6,Y,,,2018-08-28,
ASN-002625-01,HRIS-WKR-002625,POS-TEC-L1-0186,JOB-TEC-L1-06,Technology L1 Role 06,TEC,L1,Y,1.0,39.0,2021-12-09,
ASN-002626-01,HRIS-WKR-002626,POS-ENG-L3-0018,JOB-ENG-L3-06,Engineering L3 Role 06,ENG,L3,Y,1.0,39.0,2025-03-11,
ASN-002627-01,HRIS-WKR-002627,POS-TEC-L2-0187,JOB-TEC-L2-01,Technology L2 Role 01,TEC,L2,Y,1.0,39.0,2020-06-26,
ASN-002628-01,HRIS-WKR-002628,POS-FIN-L6-0105,JOB-FIN-L6-03,Finance L6 Role 03,FIN,L6,Y,1.0,39.0,2018-03-19,
ASN-002629-01,HRIS-WKR-002629,POS-SAL-L2-0151,JOB-SAL-L2-01,Sales L2 Role 01,SAL,L2,Y,1.0,39.0,2024-05-12,
ASN-002630-01,HRIS-WKR-002630,POS-SAL-L2-0155,JOB-SAL-L2-05,Sales L2 Role 05,SAL,L2,Y,0.8,31.2,2024-09-09,
ASN-002631-01,HRIS-WKR-002631,POS-HR-L3-0121,JOB-HR-L3-01,People L3 Role 01,HR,L3,Y,1.0,39.0,2019-01-19,
ASN-002632-01,HRIS-WKR-002632,POS-OPS-L6-0069,JOB-OPS-L6-03,Operations L6 Role 03,OPS,L6,Y,1.0,39.0,2023-10-06,
ASN-002633-01,HRIS-WKR-002633,POS-HR-L5-0137,JOB-HR-L5-05,People L5 Role 05,HR,L5,Y,1.0,39.0,2018-10-26,
ASN-002634-01,HRIS-WKR-002634,POS-ENG-L5-0028,JOB-ENG-L5-04,Engineering L5 Role 04,ENG,L5,Y,1.0,39.0,2024-01-09,
ASN-002635-01,HRIS-WKR-002635,POS-TEC-L5-0207,JOB-TEC-L5-03,Technology L5 Role 03,TEC,L5,Y,1.0,39.0,2020-09-14,
ASN-002636-01,HRIS-WKR-002636,POS-SAL-L4-0167,JOB-SAL-L4-05,Sales L4 Role 05,SAL,L4,Y,1.0,39.0,2021-12-13,
ASN-002636-02,HRIS-WKR-002636,POS-SAL-L1-0150,JOB-SAL-L1-06,Sales L1 Role 06,SAL,L1,N,0.2,7.8,2025-04-24,
ASN-002637-01,HRIS-WKR-002637,POS-FIN-L5-0097,JOB-FIN-L5-01,Finance L5 Role 01,FIN,L5,Y,0.8,31.2,2021-09-18,
ASN-002638-01,HRIS-WKR-002638,POS-FIN-L4-0094,JOB-FIN-L4-04,Finance L4 Role 04,FIN,L4,Y,1.0,39.0,2021-10-14,
ASN-002639-01,HRIS-WKR-002639,POS-FIN-L3-0089,JOB-FIN-L3-05,Finance L3 Role 05,FIN,L3,Y,0.8,31.2,2025-05-08,
ASN-002639-02,HRIS-WKR-002639,POS-OPS-L5-0064,JOB-OPS-L5-04,Operations L5 Role 04,OPS,L5,N,0.2,7.8,2025-12-15,
ASN-002640-01,HRIS-WKR-002640,POS-ENG-L1-0001,JOB-ENG-L1-01,Engineering L1 Role 01,ENG,L1,Y,1.0,39.0,2020-10-05,
ASN-002641-01,HRIS-WKR-002641,POS-HR-L1-0113,JOB-HR-L1-05,People L1 Role 05,HR,L1,Y,1.0,39.0,2023-12-26,
ASN-002642-01,HRIS-WKR-002642,POS-OPS-L4-0058,JOB-OPS-L4-04,Operations L4 Role 04,OPS,L4,Y,1.0,39.0,2020-07-15,
ASN-002642-02,HRIS-WKR-002642,POS-HR-L1-0113,JOB-HR-L1-05,People L1 Role 05,HR,L1,N,0.4,15.6,2018-10-11,
ASN-002643-01,HRIS-WKR-002643,POS-TEC-L6-0215,JOB-TEC-L6-05,Technology L6 Role 05,TEC,L6,Y,1.0,39.0,2019-06-29,
ASN-002644-01,HRIS-WKR-002644,POS-FIN-L1-0075,JOB-FIN-L1-03,Finance L1 Role 03,FIN,L1,Y,1.0,39.0,2019-12-10,
ASN-002644-02,HRIS-WKR-002644,POS-HR-L2-0118,JOB-HR-L2-04,People L2 Role 04,HR,L2,N,0.4,15.6,2021-10-15,
ASN-002645-01,HRIS-WKR-002645,POS-HR-L6-0139,JOB-HR-L6-01,People L6 Role 01,HR,L6,Y,1.0,39.0,2025-01-01,
ASN-002645-02,HRIS-WKR-002645,POS-SAL-L4-0166,JOB-SAL-L4-04,Sales L4 Role 04,SAL,L4,N,0.2,7.8,2018-11-21,
ASN-002646-01,HRIS-WKR-002646,POS-HR-L5-0136,JOB-HR-L5-04,People L5 Role 04,HR,L5,Y,1.0,39.0,2018-09-15,
ASN-002647-01,HRIS-WKR-002647,POS-ENG-L3-0015,JOB-ENG-L3-03,Engineering L3 Role 03,ENG,L3,Y,1.0,39.0,2023-11-22,
ASN-002648-01,HRIS-WKR-002648,POS-ENG-L1-0004,JOB-ENG-L1-04,Engineering L1 Role 04,ENG,L1,Y,0.4,15.6,2024-04-06,
ASN-002649-01,HRIS-WKR-002649,POS-FIN-L1-0077,JOB-FIN-L1-05,Finance L1 Role 05,FIN,L1,Y,1.0,39.0,2019-07-14,
ASN-002650-01,HRIS-WKR-002650,POS-HR-L1-0113,JOB-HR-L1-05,People L1 Role 05,HR,L1,Y,1.0,39.0,2021-05-16,
ASN-002651-01,HRIS-WKR-002651,POS-HR-L3-0126,JOB-HR-L3-06,People L3 Role 06,HR,L3,Y,0.8,31.2,2024-05-13,
ASN-002652-01,HRIS-WKR-002652,POS-OPS-L1-0041,JOB-OPS-L1-05,Operations L1 Role 05,OPS,L1,Y,1.0,39.0,2018-03-18,
ASN-002653-01,HRIS-WKR-002653,POS-HR-L5-0135,JOB-HR-L5-03,People L5 Role 03,HR,L5,Y,0.6,23.4,2020-01-21,
ASN-002654-01,HRIS-WKR-002654,POS-FIN-L4-0096,JOB-FIN-L4-06,Finance L4 Role 06,FIN,L4,Y,1.0,39.0,2018-06-26,
ASN-002655-01,HRIS-WKR-002655,POS-ENG-L1-0005,JOB-ENG-L1-05,Engineering L1 Role 05,ENG,L1,Y,1.0,39.0,2021-05-17,
ASN-002656-01,HRIS-WKR-002656,POS-TEC-L3-0197,JOB-TEC-L3-05,Technology L3 Role 05,TEC,L3,Y,1.0,39.0,2024-04-17,
ASN-002657-01,HRIS-WKR-002657,POS-TEC-L2-0189,JOB-TEC-L2-03,Technology L2 Role 03,TEC,L2,Y,,,2023-05-18,
ASN-002658-01,HRIS-WKR-002658,POS-TEC-L6-0216,JOB-TEC-L6-06,Technology L6 Role 06,TEC,L6,Y,1.0,39.0,2020-07-24,
ASN-002659-01,HRIS-WKR-002659,POS-TEC-L5-0209,JOB-TEC-L5-05,Technology L5 Role 05,TEC,L5,Y,1.0,39.0,2020-12-30,
ASN-002660-01,HRIS-WKR-002660,POS-ENG-L3-0016,JOB-ENG-L3-04,Engineering L3 Role 04,ENG,L3,Y,1.0,39.0,2024-05-14,
ASN-002661-01,HRIS-WKR-002661,POS-OPS-L5-0066,JOB-OPS-L5-06,Operations L5 Role 06,OPS,L5,Y,1.0,39.0,2019-08-27,
ASN-002662-01,HRIS-WKR-002662,POS-ENG-L4-0024,JOB-ENG-L4-06,Engineering L4 Role 06,ENG,L4,Y,0.4,15.6,2018-07-31,
ASN-002663-01,HRIS-WKR-002663,POS-TEC-L2-0188,JOB-TEC-L2-02,Technology L2 Role 02,TEC,L2,Y,1.0,39.0,2021-01-18,
ASN-002664-01,HRIS-WKR-002664,POS-OPS-L6-0072,JOB-OPS-L6-06,Operations L6 Role 06,OPS,L6,Y,0.8,31.2,2021-03-04,
ASN-002664-02,HRIS-WKR-002664,POS-TEC-L5-0206,JOB-TEC-L5-02,Technology L5 Role 02,TEC,L5,N,0.3,11.7,2019-10-28,
ASN-002665-01,HRIS-WKR-002665,POS-TEC-L6-0214,JOB-TEC-L6-04,Technology L6 Role 04,TEC,L6,Y,0.8,31.2,2018-03-22,
ASN-002666-01,HRIS-WKR-002666,POS-TEC-L2-0190,JOB-TEC-L2-04,Technology L2 Role 04,TEC,L2,Y,0.8,31.2,2023-08-18,
ASN-002667-01,HRIS-WKR-002667,POS-OPS-L6-0069,JOB-OPS-L6-03,Operations L6 Role 03,OPS,L6,Y,1.0,39.0,2020-05-05,
ASN-002668-01,HRIS-WKR-002668,POS-SAL-L5-0172,JOB-SAL-L5-04,Sales L5 Role 04,SAL,L5,Y,0.5,19.5,2023-11-23,
ASN-002669-01,HRIS-WKR-002669,POS-HR-L2-0118,JOB-HR-L2-04,People L2 Role 04,HR,L2,Y,1.0,39.0,2024-01-15,
ASN-002670-01,HRIS-WKR-002670,POS-FIN-L6-0104,JOB-FIN-L6-02,Finance L6 Role 02,FIN,L6,Y,1.0,39.0,2020-10-21,
ASN-002671-01,HRIS-WKR-002671,POS-SAL-L6-0180,JOB-SAL-L6-06,Sales L6 Role 06,SAL,L6,Y,1.0,39.0,2020-04-27,
ASN-002672-01,HRIS-WKR-002672,POS-HR-L2-0116,JOB-HR-L2-02,People L2 Role 02,HR,L2,Y,0.8,31.2,2024-05-27,
ASN-002673-01,HRIS-WKR-002673,POS-FIN-L5-0097,JOB-FIN-L5-01,Finance L5 Role 01,FIN,L5,Y,1.0,39.0,2021-06-05,
ASN-002674-01,HRIS-WKR-002674,POS-FIN-L3-0087,JOB-FIN-L3-03,Finance L3 Role 03,FIN,L5,Y,1.0,39.0,2024-01-11,
ASN-002675-01,HRIS-WKR-002675,POS-OPS-L3-0050,JOB-OPS-L3-02,Operations L3 Role 02,OPS,L3,Y,1.0,39.0,2020-11-06,
ASN-002676-01,HRIS-WKR-002676,POS-FIN-L5-0102,JOB-FIN-L5-06,Finance L5 Role 06,FIN,L5,Y,1.0,39.0,2024-10-26,
ASN-002677-01,HRIS-WKR-002677,POS-ENG-L2-0010,JOB-ENG-L2-04,Engineering L2 Role 04,ENG,L2,Y,1.0,39.0,2023-09-15,
ASN-002678-01,HRIS-WKR-002678,POS-FIN-L4-0091,JOB-FIN-L4-01,Finance L4 Role 01,FIN,L4,Y,1.0,39.0,2025-06-07,
ASN-002678-02,HRIS-WKR-002678,POS-FIN-L3-0088,JOB-FIN-L3-04,Finance L3 Role 04,FIN,L3,N,0.3,11.7,2019-01-02,
ASN-002679-01,HRIS-WKR-002679,POS-ENG-L6-0033,JOB-ENG-L6-03,Engineering L6 Role 03,ENG,L6,Y,1.0,39.0,2024-04-07,
ASN-002680-01,HRIS-WKR-002680,POS-SAL-L2-0151,JOB-SAL-L2-01,Sales L2 Role 01,SAL,L2,Y,1.0,39.0,2022-07-24,
ASN-002681-01,HRIS-WKR-002681,POS-OPS-L5-0064,JOB-OPS-L5-04,Operations L5 Role 04,OPS,L5,Y,1.0,39.0,2021-08-25,
ASN-002681-02,HRIS-WKR-002681,POS-FIN-L6-0107,JOB-FIN-L6-05,Finance L6 Role 05,FIN,L6,N,0.4,15.6,2018-03-13,
ASN-002682-01,HRIS-WKR-002682,POS-TEC-L3-0196,JOB-TEC-L3-04,Technology L3 Role 04,TEC,L1,Y,1.0,39.0,2023-03-04,
ASN-002683-01,HRIS-WKR-002683,POS-OPS-L4-0055,JOB-OPS-L4-01,Operations L4 Role 01,OPS,L4,Y,1.0,39.0,2022-11-09,
ASN-002684-01,HRIS-WKR-002684,POS-HR-L4-0128,JOB-HR-L4-02,People L4 Role 02,HR,L4,Y,1.0,39.0,2025-01-03,
ASN-002685-01,HRIS-WKR-002685,POS-HR-L2-0118,JOB-HR-L2-04,People L2 Role 04,HR,L2,Y,1.0,39.0,2021-10-22,
ASN-002686-01,HRIS-WKR-002686,POS-FIN-L2-0079,JOB-FIN-L2-01,Finance L2 Role 01,FIN,L2,Y,1.0,39.0,2018-05-26,
ASN-002687-01,HRIS-WKR-002687,POS-HR-L6-0140,JOB-HR-L6-02,People L6 Role 02,HR,L6,Y,0.4,15.6,2022-05-19,
ASN-002688-01,HRIS-WKR-002688,POS-FIN-L1-0076,JOB-FIN-L1-04,Finance L1 Role 04,FIN,L1,Y,1.0,39.0,2023-05-06,
ASN-002689-01,HRIS-WKR-002689,POS-OPS-L4-0058,JOB-OPS-L4-04,Operations L4 Role 04,OPS,L4,Y,1.0,39.0,2019-03-01,
ASN-002690-01,HRIS-WKR-002690,POS-HR-L6-0141,JOB-HR-L6-03,People L6 Role 03,HR,L6,Y,0.8,31.2,2019-10-27,
ASN-002690-02,HRIS-WKR-002690,POS-OPS-L6-0070,JOB-OPS-L6-04,Operations L6 Role 04,OPS,L6,N,0.4,15.6,2022-01-20,
ASN-002691-01,HRIS-WKR-002691,POS-TEC-L6-0214,JOB-TEC-L6-04,Technology L6 Role 04,TEC,L6,Y,1.0,39.0,2023-03-26,
ASN-002692-01,HRIS-WKR-002692,POS-OPS-L2-0047,JOB-OPS-L2-05,Operations L2 Role 05,OPS,L2,Y,1.0,39.0,2019-04-01,
ASN-002693-01,HRIS-WKR-002693,POS-ENG-L2-0008,JOB-ENG-L2-02,Engineering L2 Role 02,ENG,L2,Y,1.0,39.0,2021-09-24,
ASN-002694-01,HRIS-WKR-002694,POS-HR-L1-0113,JOB-HR-L1-05,People L1 Role 05,HR,L1,Y,0.5,19.5,2020-10-21,
ASN-002695-01,HRIS-WKR-002695,POS-TEC-L3-0194,JOB-TEC-L3-02,Technology L3 Role 02,TEC,L3,Y,0.6,23.4,2021-01-20,
ASN-002696-01,HRIS-WKR-002696,POS-FIN-L1-0076,JOB-FIN-L1-04,Finance L1 Role 04,FIN,L1,Y,1.0,39.0,2023-12-07,
ASN-002696-02,HRIS-WKR-002696,POS-HR-L3-0123,JOB-HR-L3-03,People L3 Role 03,HR,L3,N,0.4,15.6,2019-05-03,
ASN-002697-01,HRIS-WKR-002697,POS-OPS-L3-0049,JOB-OPS-L3-01,Operations L3 Role 01,OPS,L3,Y,1.0,39.0,2022-05-24,
ASN-002697-02,HRIS-WKR-002697,POS-ENG-L3-0014,JOB-ENG-L3-02,Engineering L3 Role 02,ENG,L3,N,0.2,7.8,2018-08-16,
ASN-002698-01,HRIS-WKR-002698,POS-ENG-L3-0013,JOB-ENG-L3-01,Engineering L3 Role 01,ENG,L3,Y,1.0,39.0,2024-08-29,
ASN-002699-01,HRIS-WKR-002699,POS-ENG-L6-0033,JOB-ENG-L6-03,Engineering L6 Role 03,ENG,L4,Y,1.0,39.0,2025-06-13,
ASN-002700-01,HRIS-WKR-002700,POS-HR-L6-0143,JOB-HR-L6-05,People L6 Role 05,HR,L6,Y,1.0,39.0,2024-05-20,
ASN-002700-02,HRIS-WKR-002700,POS-OPS-L2-0045,JOB-OPS-L2-03,Operations L2 Role 03,OPS,L2,N,0.2,7.8,2019-09-02,
ASN-002701-01,HRIS-WKR-002701,POS-OPS-L1-0039,JOB-OPS-L1-03,Operations L1 Role 03,OPS,L1,Y,1.0,39.0,2023-09-22,
ASN-002702-01,HRIS-WKR-002702,POS-ENG-L3-0013,JOB-ENG-L3-01,Engineering L3 Role 01,ENG,L3,Y,1.0,39.0,2025-07-10,
ASN-002702-02,HRIS-WKR-002702,POS-FIN-L3-0085,JOB-FIN-L3-01,Finance L3 Role 01,FIN,L3,N,0.4,15.6,2018-10-15,
ASN-002703-01,HRIS-WKR-002703,POS-FIN-L5-0098,JOB-FIN-L5-02,Finance L5 Role 02,FIN,L5,Y,1.0,39.0,2023-06-07,
ASN-002703-02,HRIS-WKR-002703,POS-TEC-L3-0195,JOB-TEC-L3-03,Technology L3 Role 03,TEC,L3,N,0.2,7.8,2019-10-04,
ASN-002704-01,HRIS-WKR-002704,POS-TEC-L1-0184,JOB-TEC-L1-04,Technology L1 Role 04,TEC,L1,Y,1.0,39.0,2021-07-30,
ASN-002705-01,HRIS-WKR-002705,POS-ENG-L4-0020,JOB-ENG-L4-02,Engineering L4 Role 02,ENG,L4,Y,0.8,31.2,2025-12-27,
ASN-002706-01,HRIS-WKR-002706,POS-HR-L1-0109,JOB-HR-L1-01,People L1 Role 01,HR,L1,Y,1.0,39.0,2020-04-16,
ASN-002707-01,HRIS-WKR-002707,POS-ENG-L1-0005,JOB-ENG-L1-05,Engineering L1 Role 05,ENG,L1,Y,1.0,39.0,2022-06-10,
ASN-002708-01,HRIS-WKR-002708,POS-HR-L2-0115,JOB-HR-L2-01,People L2 Role 01,HR,L2,Y,1.0,39.0,2024-02-10,
ASN-002709-01,HRIS-WKR-002709,POS-TEC-L4-0203,JOB-TEC-L4-05,Technology L4 Role 05,TEC,L4,Y,0.4,15.6,2020-05-17,
ASN-002710-01,HRIS-WKR-002710,POS-HR-L2-0115,JOB-HR-L2-01,People L2 Role 01,HR,L2,Y,1.0,39.0,2023-01-11,
ASN-002711-01,HRIS-WKR-002711,POS-SAL-L5-0172,JOB-SAL-L5-04,Sales L5 Role 04,SAL,L5,Y,1.0,39.0,2025-05-28,
ASN-002712-01,HRIS-WKR-002712,POS-OPS-L3-0052,JOB-OPS-L3-04,Operations L3 Role 04,OPS,L3,Y,0.8,31.2,2022-08-18,
ASN-002713-01,HRIS-WKR-002713,POS-ENG-L3-0017,JOB-ENG-L3-05,Engineering L3 Role 05,ENG,L3,Y,1.0,39.0,2023-04-22,
ASN-002714-01,HRIS-WKR-002714,POS-ENG-L4-0023,JOB-ENG-L4-05,Engineering L4 Role 05,ENG,L4,Y,,,2022-03-17,
ASN-002714-02,HRIS-WKR-002714,POS-ENG-L2-0011,JOB-ENG-L2-05,Engineering L2 Role 05,ENG,L2,N,0.2,7.8,2025-12-20,
ASN-002715-01,HRIS-WKR-002715,POS-FIN-L4-0091,JOB-FIN-L4-01,Finance L4 Role 01,FIN,L4,Y,1.0,39.0,2022-12-15,
ASN-002716-01,HRIS-WKR-002716,POS-TEC-L2-0192,JOB-TEC-L2-06,Technology L2 Role 06,TEC,L2,Y,0.8,31.2,2021-01-09,
ASN-002717-01,HRIS-WKR-002717,POS-TEC-L5-0209,JOB-TEC-L5-05,Technology L5 Role 05,TEC,L5,Y,1.0,39.0,2023-07-20,
ASN-002718-01,HRIS-WKR-002718,POS-OPS-L2-0048,JOB-OPS-L2-06,Operations L2 Role 06,OPS,L2,Y,1.0,39.0,2021-03-10,
ASN-002719-01,HRIS-WKR-002719,POS-ENG-L2-0007,JOB-ENG-L2-01,Engineering L2 Role 01,ENG,L2,Y,1.0,39.0,2021-12-13,
ASN-002720-01,HRIS-WKR-002720,POS-ENG-L3-0015,JOB-ENG-L3-03,Engineering L3 Role 03,ENG,L3,Y,0.8,31.2,2025-01-29,
ASN-002721-01,HRIS-WKR-002721,POS-HR-L1-0111,JOB-HR-L1-03,People L1 Role 03,HR,L1,Y,1.0,39.0,2020-05-26,
ASN-002722-01,HRIS-WKR-002722,POS-FIN-L1-0078,JOB-FIN-L1-06,Finance L1 Role 06,FIN,L1,Y,1.0,39.0,2020-05-09,
ASN-002723-01,HRIS-WKR-002723,POS-SAL-L2-0153,JOB-SAL-L2-03,Sales L2 Role 03,SAL,L1,Y,1.0,39.0,2025-02-02,
ASN-002724-01,HRIS-WKR-002724,POS-SAL-L1-0145,JOB-SAL-L1-01,Sales L1 Role 01,SAL,L1,Y,0.4,15.6,2024-09-25,
ASN-002725-01,HRIS-WKR-002725,POS-SAL-L2-0151,JOB-SAL-L2-01,Sales L2 Role 01,SAL,L2,Y,1.0,39.0,2023-01-19,
ASN-002726-01,HRIS-WKR-002726,POS-ENG-L1-0002,JOB-ENG-L1-02,Engineering L1 Role 02,ENG,L3,Y,1.0,39.0,2024-06-06,
ASN-002727-01,HRIS-WKR-002727,POS-HR-L3-0122,JOB-HR-L3-02,People L3 Role 02,HR,L3,Y,1.0,39.0,2021-07-12,
ASN-002728-01,HRIS-WKR-002728,POS-OPS-L2-0044,JOB-OPS-L2-02,Operations L2 Role 02,OPS,L2,Y,1.0,39.0,2025-12-18,
ASN-002729-01,HRIS-WKR-002729,POS-OPS-L2-0048,JOB-OPS-L2-06,Operations L2 Role 06,OPS,L2,Y,1.0,39.0,2022-12-19,
ASN-002730-01,HRIS-WKR-002730,POS-TEC-L2-0187,JOB-TEC-L2-01,Technology L2 Role 01,TEC,L2,Y,1.0,39.0,2020-10-02,
ASN-002731-01,HRIS-WKR-002731,POS-FIN-L5-0100,JOB-FIN-L5-04,Finance L5 Role 04,FIN,L5,Y,1.0,39.0,2019-10-08,
ASN-002732-01,HRIS-WKR-002732,POS-FIN-L5-0102,JOB-FIN-L5-06,Finance L5 Role 06,FIN,L5,Y,1.0,39.0,2023-02-07,
ASN-002732-02,HRIS-WKR-002732,POS-OPS-L1-0041,JOB-OPS-L1-05,Operations L1 Role 05,OPS,L1,N,0.3,11.7,2024-12-15,
ASN-002733-01,HRIS-WKR-002733,POS-ENG-L6-0031,JOB-ENG-L6-01,Engineering L6 Role 01,ENG,L6,Y,1.0,39.0,2022-01-02,
ASN-002733-02,HRIS-WKR-002733,POS-SAL-L5-0171,JOB-SAL-L5-03,Sales L5 Role 03,SAL,L5,N,0.2,7.8,2019-03-30,
ASN-002734-01,HRIS-WKR-002734,POS-FIN-L2-0082,JOB-FIN-L2-04,Finance L2 Role 04,FIN,L2,Y,1.0,39.0,2020-05-26,
ASN-002735-01,HRIS-WKR-002735,POS-ENG-L1-0006,JOB-ENG-L1-06,Engineering L1 Role 06,ENG,L1,Y,1.0,39.0,2025-04-08,
ASN-002736-01,HRIS-WKR-002736,POS-TEC-L4-0204,JOB-TEC-L4-06,Technology L4 Role 06,TEC,L4,Y,1.0,39.0,2022-07-19,
ASN-002737-01,HRIS-WKR-002737,POS-FIN-L4-0094,JOB-FIN-L4-04,Finance L4 Role 04,FIN,L4,Y,1.0,39.0,2018-05-19,
ASN-002738-01,HRIS-WKR-002738,POS-OPS-L3-0054,JOB-OPS-L3-06,Operations L3 Role 06,OPS,L3,Y,1.0,39.0,2025-06-17,
ASN-002739-01,HRIS-WKR-002739,POS-TEC-L1-0182,JOB-TEC-L1-02,Technology L1 Role 02,TEC,L1,Y,0.5,19.5,2020-07-31,
ASN-002740-01,HRIS-WKR-002740,POS-OPS-L4-0058,JOB-OPS-L4-04,Operations L4 Role 04,OPS,L4,Y,0.6,23.4,2023-05-20,
ASN-002741-01,HRIS-WKR-002741,POS-TEC-L5-0208,JOB-TEC-L5-04,Technology L5 Role 04,TEC,L5,Y,1.0,39.0,2018-02-26,
ASN-002742-01,HRIS-WKR-002742,POS-SAL-L3-0157,JOB-SAL-L3-01,Sales L3 Role 01,SAL,L3,Y,,,2020-12-27,
ASN-002743-01,HRIS-WKR-002743,POS-HR-L1-0111,JOB-HR-L1-03,People L1 Role 03,HR,L1,Y,1.0,39.0,2020-06-27,
ASN-002744-01,HRIS-WKR-002744,POS-HR-L4-0131,JOB-HR-L4-05,People L4 Role 05,HR,L4,Y,0.8,31.2,2023-07-02,
ASN-002745-01,HRIS-WKR-002745,POS-SAL-L5-0174,JOB-SAL-L5-06,Sales L5 Role 06,SAL,L5,Y,1.0,39.0,2021-12-15,
ASN-002745-02,HRIS-WKR-002745,POS-FIN-L4-0091,JOB-FIN-L4-01,Finance L4 Role 01,FIN,L4,N,0.3,11.7,2021-09-18,
ASN-002746-01,HRIS-WKR-002746,POS-SAL-L4-0167,JOB-SAL-L4-05,Sales L4 Role 05,SAL,L4,Y,1.0,39.0,2018-10-28,
ASN-002747-01,HRIS-WKR-002747,POS-FIN-L1-0076,JOB-FIN-L1-04,Finance L1 Role 04,FIN,L1,Y,1.0,39.0,2025-08-23,
ASN-002748-01,HRIS-WKR-002748,POS-TEC-L2-0187,JOB-TEC-L2-01,Technology L2 Role 01,TEC,L2,Y,,,2019-04-25,
ASN-002749-01,HRIS-WKR-002749,POS-ENG-L2-0011,JOB-ENG-L2-05,Engineering L2 Role 05,ENG,L2,Y,1.0,39.0,2019-02-19,
ASN-002750-01,HRIS-WKR-002750,POS-OPS-L2-0045,JOB-OPS-L2-03,Operations L2 Role 03,OPS,L2,Y,1.0,39.0,2022-04-02,
ASN-002751-01,HRIS-WKR-002751,POS-OPS-L4-0060,JOB-OPS-L4-06,Operations L4 Role 06,OPS,L2,Y,1.0,39.0,2020-12-08,
ASN-002752-01,HRIS-WKR-002752,POS-TEC-L5-0207,JOB-TEC-L5-03,Technology L5 Role 03,TEC,L5,Y,0.8,31.2,2018-12-07,
ASN-002752-02,HRIS-WKR-002752,POS-HR-L6-0144,JOB-HR-L6-06,People L6 Role 06,HR,L6,N,0.3,11.7,2021-04-27,
ASN-002753-01,HRIS-WKR-002753,POS-TEC-L1-0181,JOB-TEC-L1-01,Technology L1 Role 01,TEC,L1,Y,1.0,39.0,2025-06-14,
ASN-002754-01,HRIS-WKR-002754,POS-OPS-L6-0071,JOB-OPS-L6-05,Operations L6 Role 05,OPS,L6,Y,1.0,39.0,2019-11-16,
ASN-002755-01,HRIS-WKR-002755,POS-HR-L3-0121,JOB-HR-L3-01,People L3 Role 01,HR,L3,Y,1.0,39.0,2019-07-21,
ASN-002756-01,HRIS-WKR-002756,POS-SAL-L3-0162,JOB-SAL-L3-06,Sales L3 Role 06,SAL,L3,Y,1.0,39.0,2024-03-31,
ASN-002757-01,HRIS-WKR-002757,POS-TEC-L6-0213,JOB-TEC-L6-03,Technology L6 Role 03,TEC,L6,Y,1.0,39.0,2019-02-14,
ASN-002758-01,HRIS-WKR-002758,POS-HR-L6-0144,JOB-HR-L6-06,People L6 Role 06,HR,L6,Y,1.0,39.0,2021-10-08,
ASN-002759-01,HRIS-WKR-002759,POS-HR-L3-0123,JOB-HR-L3-03,People L3 Role 03,HR,L3,Y,1.0,39.0,2023-02-26,
ASN-002760-01,HRIS-WKR-002760,POS-HR-L6-0143,JOB-HR-L6-05,People L6 Role 05,HR,L6,Y,1.0,39.0,2025-08-14,
ASN-002761-01,HRIS-WKR-002761,POS-SAL-L4-0165,JOB-SAL-L4-03,Sales L4 Role 03,SAL,L4,Y,1.0,39.0,2019-02-10,
ASN-002762-01,HRIS-WKR-002762,POS-OPS-L1-0040,JOB-OPS-L1-04,Operations L1 Role 04,OPS,L1,Y,1.0,39.0,2019-09-03,
ASN-002763-01,HRIS-WKR-002763,POS-FIN-L4-0092,JOB-FIN-L4-02,Finance L4 Role 02,FIN,L4,Y,0.6,23.4,2024-08-11,
ASN-002764-01,HRIS-WKR-002764,POS-ENG-L6-0036,JOB-ENG-L6-06,Engineering L6 Role 06,ENG,L6,Y,0.5,19.5,2023-08-27,
ASN-002765-01,HRIS-WKR-002765,POS-SAL-L4-0168,JOB-SAL-L4-06,Sales L4 Role 06,SAL,L4,Y,1.0,39.0,2024-09-26,
ASN-002766-01,HRIS-WKR-002766,POS-SAL-L4-0165,JOB-SAL-L4-03,Sales L4 Role 03,SAL,L4,Y,0.5,19.5,2022-01-28,
ASN-002767-01,HRIS-WKR-002767,POS-ENG-L4-0020,JOB-ENG-L4-02,Engineering L4 Role 02,ENG,L4,Y,0.8,31.2,2022-12-27,
ASN-002768-01,HRIS-WKR-002768,POS-SAL-L2-0152,JOB-SAL-L2-02,Sales L2 Role 02,SAL,L2,Y,1.0,39.0,2021-11-13,
ASN-002769-01,HRIS-WKR-002769,POS-OPS-L2-0043,JOB-OPS-L2-01,Operations L2 Role 01,OPS,L2,Y,1.0,39.0,2022-05-26,
ASN-002769-02,HRIS-WKR-002769,POS-TEC-L3-0197,JOB-TEC-L3-05,Technology L3 Role 05,TEC,L3,N,0.2,7.8,2018-12-25,
ASN-002770-01,HRIS-WKR-002770,POS-TEC-L3-0198,JOB-TEC-L3-06,Technology L3 Role 06,TEC,L3,Y,1.0,39.0,2019-01-07,
ASN-002771-01,HRIS-WKR-002771,POS-ENG-L6-0036,JOB-ENG-L6-06,Engineering L6 Role 06,ENG,L6,Y,1.0,39.0,2025-06-06,
ASN-002772-01,HRIS-WKR-002772,POS-SAL-L1-0150,JOB-SAL-L1-06,Sales L1 Role 06,SAL,L1,Y,0.8,31.2,2021-01-22,
ASN-002773-01,HRIS-WKR-002773,POS-SAL-L2-0154,JOB-SAL-L2-04,Sales L2 Role 04,SAL,L2,Y,1.0,39.0,2022-04-20,
ASN-002773-02,HRIS-WKR-002773,POS-TEC-L5-0208,JOB-TEC-L5-04,Technology L5 Role 04,TEC,L5,N,0.2,7.8,2020-03-04,
ASN-002774-01,HRIS-WKR-002774,POS-SAL-L4-0165,JOB-SAL-L4-03,Sales L4 Role 03,SAL,L4,Y,1.0,39.0,2020-03-31,
ASN-002775-01,HRIS-WKR-002775,POS-OPS-L1-0041,JOB-OPS-L1-05,Operations L1 Role 05,OPS,L1,Y,1.0,39.0,2025-12-16,
ASN-002776-01,HRIS-WKR-002776,POS-TEC-L2-0192,JOB-TEC-L2-06,Technology L2 Role 06,TEC,L2,Y,0.5,19.5,2022-05-07,
ASN-002777-01,HRIS-WKR-002777,POS-OPS-L5-0062,JOB-OPS-L5-02,Operations L5 Role 02,OPS,L5,Y,1.0,39.0,2024-06-06,
ASN-002778-01,HRIS-WKR-002778,POS-ENG-L4-0019,JOB-ENG-L4-01,Engineering L4 Role 01,ENG,L4,Y,0.6,23.4,2018-12-03,
ASN-002779-01,HRIS-WKR-002779,POS-TEC-L6-0213,JOB-TEC-L6-03,Technology L6 Role 03,TEC,L6,Y,1.0,39.0,2025-06-20,
ASN-002780-01,HRIS-WKR-002780,POS-HR-L4-0128,JOB-HR-L4-02,People L4 Role 02,HR,L2,Y,1.0,39.0,2022-03-26,
ASN-002781-01,HRIS-WKR-002781,POS-OPS-L6-0070,JOB-OPS-L6-04,Operations L6 Role 04,OPS,L6,Y,1.0,39.0,2020-01-06,
ASN-002782-01,HRIS-WKR-002782,POS-FIN-L2-0083,JOB-FIN-L2-05,Finance L2 Role 05,FIN,L2,Y,0.5,19.5,2018-10-25,
ASN-002783-01,HRIS-WKR-002783,POS-OPS-L1-0039,JOB-OPS-L1-03,Operations L1 Role 03,OPS,L1,Y,1.0,39.0,2021-09-06,
ASN-002784-01,HRIS-WKR-002784,POS-TEC-L1-0183,JOB-TEC-L1-03,Technology L1 Role 03,TEC,L1,Y,0.8,31.2,2024-07-07,
ASN-002785-01,HRIS-WKR-002785,POS-HR-L4-0131,JOB-HR-L4-05,People L4 Role 05,HR,L4,Y,1.0,39.0,2024-03-02,
ASN-002786-01,HRIS-WKR-002786,POS-OPS-L2-0046,JOB-OPS-L2-04,Operations L2 Role 04,OPS,L2,Y,1.0,39.0,2022-09-28,
ASN-002787-01,HRIS-WKR-002787,POS-SAL-L5-0174,JOB-SAL-L5-06,Sales L5 Role 06,SAL,L5,Y,1.0,39.0,2025-06-04,
ASN-002788-01,HRIS-WKR-002788,POS-ENG-L2-0012,JOB-ENG-L2-06,Engineering L2 Role 06,ENG,L2,Y,1.0,39.0,2018-03-23,
ASN-002789-01,HRIS-WKR-002789,POS-FIN-L6-0108,JOB-FIN-L6-06,Finance L6 Role 06,FIN,L6,Y,1.0,39.0,2023-11-03,
ASN-002790-01,HRIS-WKR-002790,POS-HR-L4-0128,JOB-HR-L4-02,People L4 Role 02,HR,L4,Y,1.0,39.0,2020-04-28,
ASN-002790-02,HRIS-WKR-002790,POS-HR-L3-0124,JOB-HR-L3-04,People L3 Role 04,HR,L3,N,0.3,11.7,2021-05-15,
ASN-002791-01,HRIS-WKR-002791,POS-ENG-L1-0004,JOB-ENG-L1-04,Engineering L1 Role 04,ENG,L1,Y,1.0,39.0,2023-10-23,
ASN-002792-01,HRIS-WKR-002792,POS-OPS-L5-0066,JOB-OPS-L5-06,Operations L5 Role 06,OPS,L5,Y,1.0,39.0,2024-02-02,
ASN-002793-01,HRIS-WKR-002793,POS-FIN-L6-0105,JOB-FIN-L6-03,Finance L6 Role 03,FIN,L6,Y,0.8,31.2,2022-08-26,
ASN-002794-01,HRIS-WKR-002794,POS-TEC-L6-0215,JOB-TEC-L6-05,Technology L6 Role 05,TEC,L6,Y,1.0,39.0,2021-05-20,
ASN-002795-01,HRIS-WKR-002795,POS-TEC-L4-0204,JOB-TEC-L4-06,Technology L4 Role 06,TEC,L4,Y,1.0,39.0,2020-10-24,
ASN-002796-01,HRIS-WKR-002796,POS-SAL-L1-0150,JOB-SAL-L1-06,Sales L1 Role 06,SAL,L1,Y,0.6,23.4,2018-12-10,
ASN-002797-01,HRIS-WKR-002797,POS-TEC-L3-0197,JOB-TEC-L3-05,Technology L3 Role 05,TEC,L3,Y,1.0,39.0,2023-11-22,
ASN-002798-01,HRIS-WKR-002798,POS-FIN-L3-0086,JOB-FIN-L3-02,Finance L3 Role 02,FIN,L3,Y,0.8,31.2,2019-06-12,
ASN-002799-01,HRIS-WKR-002799,POS-SAL-L3-0160,JOB-SAL-L3-04,Sales L3 Role 04,SAL,L3,Y,1.0,39.0,2018-11-21,
ASN-002800-01,HRIS-WKR-002800,POS-TEC-L4-0203,JOB-TEC-L4-05,Technology L4 Role 05,TEC,L4,Y,0.6,23.4,2022-12-05,
ASN-002801-01,HRIS-WKR-002801,POS-HR-L6-0141,JOB-HR-L6-03,People L6 Role 03,HR,L6,Y,1.0,39.0,2022-07-17,
ASN-002802-01,HRIS-WKR-002802,POS-OPS-L3-0052,JOB-OPS-L3-04,Operations L3 Role 04,OPS,L3,Y,0.4,15.6,2019-08-25,
ASN-002803-01,HRIS-WKR-002803,POS-ENG-L2-0007,JOB-ENG-L2-01,Engineering L2 Role 01,ENG,L2,Y,1.0,39.0,2020-04-24,
ASN-002804-01,HRIS-WKR-002804,POS-ENG-L4-0019,JOB-ENG-L4-01,Engineering L4 Role 01,ENG,L4,Y,1.0,39.0,2022-09-05,
ASN-002805-01,HRIS-WKR-002805,POS-OPS-L2-0043,JOB-OPS-L2-01,Operations L2 Role 01,OPS,L2,Y,0.8,31.2,2021-10-21,
ASN-002806-01,HRIS-WKR-002806,POS-HR-L5-0133,JOB-HR-L5-01,People L5 Role 01,HR,L5,Y,1.0,39.0,2020-10-29,
ASN-002807-01,HRIS-WKR-002807,POS-FIN-L5-0101,JOB-FIN-L5-05,Finance L5 Role 05,FIN,L5,Y,,,2023-03-17,
ASN-002808-01,HRIS-WKR-002808,POS-SAL-L4-0167,JOB-SAL-L4-05,Sales L4 Role 05,SAL,L4,Y,1.0,39.0,2018-04-08,
ASN-002809-01,HRIS-WKR-002809,POS-SAL-L5-0170,JOB-SAL-L5-02,Sales L5 Role 02,SAL,L5,Y,1.0,39.0,2022-04-20,
ASN-002810-01,HRIS-WKR-002810,POS-FIN-L5-0102,JOB-FIN-L5-06,Finance L5 Role 06,FIN,L5,Y,1.0,39.0,2018-07-07,
ASN-002811-01,HRIS-WKR-002811,POS-SAL-L6-0178,JOB-SAL-L6-04,Sales L6 Role 04,SAL,L6,Y,0.6,23.4,2020-02-14,
ASN-002812-01,HRIS-WKR-002812,POS-FIN-L5-0100,JOB-FIN-L5-04,Finance L5 Role 04,FIN,L5,Y,1.0,39.0,2025-09-03,
ASN-002813-01,HRIS-WKR-002813,POS-FIN-L4-0095,JOB-FIN-L4-05,Finance L4 Role 05,FIN,L4,Y,0.5,19.5,2025-04-16,
ASN-002814-01,HRIS-WKR-002814,POS-ENG-L1-0002,JOB-ENG-L1-02,Engineering L1 Role 02,ENG,L1,Y,1.0,39.0,2023-11-21,
ASN-002815-01,HRIS-WKR-002815,POS-OPS-L1-0040,JOB-OPS-L1-04,Operations L1 Role 04,OPS,L1,Y,1.0,39.0,2025-01-05,
ASN-002816-01,HRIS-WKR-002816,POS-OPS-L1-0042,JOB-OPS-L1-06,Operations L1 Role 06,OPS,L1,Y,0.8,31.2,2023-09-13,
ASN-002817-01,HRIS-WKR-002817,POS-TEC-L5-0207,JOB-TEC-L5-03,Technology L5 Role 03,TEC,L5,Y,0.6,23.4,2023-01-08,
ASN-002818-01,HRIS-WKR-002818,POS-ENG-L5-0025,JOB-ENG-L5-01,Engineering L5 Role 01,ENG,L5,Y,0.6,23.4,2025-10-03,
ASN-002819-01,HRIS-WKR-002819,POS-TEC-L5-0205,JOB-TEC-L5-01,Technology L5 Role 01,TEC,L5,Y,1.0,39.0,2019-09-09,
ASN-002820-01,HRIS-WKR-002820,POS-ENG-L2-0012,JOB-ENG-L2-06,Engineering L2 Role 06,ENG,L2,Y,1.0,39.0,2018-01-17,
ASN-002821-01,HRIS-WKR-002821,POS-OPS-L5-0064,JOB-OPS-L5-04,Operations L5 Role 04,OPS,L5,Y,1.0,39.0,2025-02-02,
ASN-002822-01,HRIS-WKR-002822,POS-ENG-L6-0031,JOB-ENG-L6-01,Engineering L6 Role 01,ENG,L6,Y,1.0,39.0,2025-03-08,
ASN-002823-01,HRIS-WKR-002823,POS-OPS-L1-0041,JOB-OPS-L1-05,Operations L1 Role 05,OPS,L1,Y,1.0,39.0,2025-01-16,
ASN-002824-01,HRIS-WKR-002824,POS-HR-L1-0111,JOB-HR-L1-03,People L1 Role 03,HR,L1,Y,0.8,31.2,2018-05-30,
ASN-002825-01,HRIS-WKR-002825,POS-SAL-L5-0172,JOB-SAL-L5-04,Sales L5 Role 04,SAL,L5,Y,1.0,39.0,2021-01-18,
ASN-002826-01,HRIS-WKR-002826,POS-HR-L3-0122,JOB-HR-L3-02,People L3 Role 02,HR,L3,Y,0.8,31.2,2025-01-12,
ASN-002826-02,HRIS-WKR-002826,POS-ENG-L6-0032,JOB-ENG-L6-02,Engineering L6 Role 02,ENG,L6,N,0.4,15.6,2019-04-29,
ASN-002827-01,HRIS-WKR-002827,POS-HR-L1-0110,JOB-HR-L1-02,People L1 Role 02,HR,L1,Y,1.0,39.0,2023-12-20,
ASN-002828-01,HRIS-WKR-002828,POS-TEC-L5-0209,JOB-TEC-L5-05,Technology L5 Role 05,TEC,L5,Y,0.8,31.2,2023-01-18,
ASN-002829-01,HRIS-WKR-002829,POS-TEC-L2-0189,JOB-TEC-L2-03,Technology L2 Role 03,TEC,L2,Y,,,2024-04-17,
ASN-002830-01,HRIS-WKR-002830,POS-TEC-L6-0215,JOB-TEC-L6-05,Technology L6 Role 05,TEC,L6,Y,1.0,39.0,2019-05-15,
ASN-002830-02,HRIS-WKR-002830,POS-FIN-L3-0089,JOB-FIN-L3-05,Finance L3 Role 05,FIN,L3,N,0.2,7.8,2025-08-12,
ASN-002831-01,HRIS-WKR-002831,POS-HR-L2-0118,JOB-HR-L2-04,People L2 Role 04,HR,L2,Y,1.0,39.0,2021-02-12,
ASN-002832-01,HRIS-WKR-002832,POS-OPS-L4-0055,JOB-OPS-L4-01,Operations L4 Role 01,OPS,L4,Y,1.0,39.0,2023-12-17,
ASN-002833-01,HRIS-WKR-002833,POS-OPS-L5-0061,JOB-OPS-L5-01,Operations L5 Role 01,OPS,L5,Y,,,2018-06-18,
ASN-002834-01,HRIS-WKR-002834,POS-FIN-L5-0100,JOB-FIN-L5-04,Finance L5 Role 04,FIN,L5,Y,1.0,39.0,2024-02-02,
ASN-002835-01,HRIS-WKR-002835,POS-TEC-L1-0182,JOB-TEC-L1-02,Technology L1 Role 02,TEC,L1,Y,0.6,23.4,2021-12-12,
ASN-002836-01,HRIS-WKR-002836,POS-HR-L2-0119,JOB-HR-L2-05,People L2 Role 05,HR,L1,Y,0.6,23.4,2022-09-05,
ASN-002837-01,HRIS-WKR-002837,POS-SAL-L6-0180,JOB-SAL-L6-06,Sales L6 Role 06,SAL,L6,Y,1.0,39.0,2021-03-16,
ASN-002838-01,HRIS-WKR-002838,POS-OPS-L3-0049,JOB-OPS-L3-01,Operations L3 Role 01,OPS,L3,Y,0.8,31.2,2024-12-01,
ASN-002839-01,HRIS-WKR-002839,POS-ENG-L2-0011,JOB-ENG-L2-05,Engineering L2 Role 05,ENG,L2,Y,1.0,39.0,2021-04-08,
ASN-002840-01,HRIS-WKR-002840,POS-ENG-L1-0004,JOB-ENG-L1-04,Engineering L1 Role 04,ENG,L1,Y,1.0,39.0,2022-08-17,
ASN-002840-02,HRIS-WKR-002840,POS-FIN-L2-0080,JOB-FIN-L2-02,Finance L2 Role 02,FIN,L2,N,0.4,15.6,2018-09-21,
ASN-002841-01,HRIS-WKR-002841,POS-HR-L2-0116,JOB-HR-L2-02,People L2 Role 02,HR,L2,Y,1.0,39.0,2025-07-30,
ASN-002842-01,HRIS-WKR-002842,POS-ENG-L3-0018,JOB-ENG-L3-06,Engineering L3 Role 06,ENG,L3,Y,1.0,39.0,2019-10-07,
ASN-002842-02,HRIS-WKR-002842,POS-SAL-L1-0148,JOB-SAL-L1-04,Sales L1 Role 04,SAL,L1,N,0.2,7.8,2018-07-21,
ASN-002843-01,HRIS-WKR-002843,POS-TEC-L2-0188,JOB-TEC-L2-02,Technology L2 Role 02,TEC,L2,Y,1.0,39.0,2023-06-28,
ASN-002844-01,HRIS-WKR-002844,POS-ENG-L4-0024,JOB-ENG-L4-06,Engineering L4 Role 06,ENG,L4,Y,,,2023-05-23,
ASN-002845-01,HRIS-WKR-002845,POS-FIN-L3-0088,JOB-FIN-L3-04,Finance L3 Role 04,FIN,L3,Y,1.0,39.0,2020-08-16,
ASN-002846-01,HRIS-WKR-002846,POS-SAL-L3-0161,JOB-SAL-L3-05,Sales L3 Role 05,SAL,L3,Y,1.0,39.0,2018-02-26,
ASN-002847-01,HRIS-WKR-002847,POS-FIN-L6-0108,JOB-FIN-L6-06,Finance L6 Role 06,FIN,L6,Y,1.0,39.0,2019-08-04,
ASN-002848-01,HRIS-WKR-002848,POS-FIN-L4-0096,JOB-FIN-L4-06,Finance L4 Role 06,FIN,L4,Y,1.0,39.0,2023-01-22,
ASN-002849-01,HRIS-WKR-002849,POS-HR-L5-0135,JOB-HR-L5-03,People L5 Role 03,HR,L5,Y,1.0,39.0,2025-07-18,
ASN-002850-01,HRIS-WKR-002850,POS-FIN-L1-0077,JOB-FIN-L1-05,Finance L1 Role 05,FIN,L1,Y,1.0,39.0,2020-04-20,
ASN-002851-01,HRIS-WKR-002851,POS-FIN-L3-0085,JOB-FIN-L3-01,Finance L3 Role 01,FIN,L3,Y,1.0,39.0,2019-08-02,
ASN-002852-01,HRIS-WKR-002852,POS-FIN-L5-0097,JOB-FIN-L5-01,Finance L5 Role 01,FIN,L5,Y,1.0,39.0,2018-02-24,
ASN-002853-01,HRIS-WKR-002853,POS-FIN-L5-0099,JOB-FIN-L5-03,Finance L5 Role 03,FIN,L5,Y,1.0,39.0,2025-08-10,
ASN-002854-01,HRIS-WKR-002854,POS-SAL-L3-0162,JOB-SAL-L3-06,Sales L3 Role 06,SAL,L3,Y,1.0,39.0,2021-10-04,
ASN-002855-01,HRIS-WKR-002855,POS-TEC-L1-0185,JOB-TEC-L1-05,Technology L1 Role 05,TEC,L1,Y,0.8,31.2,2020-12-30,
ASN-002856-01,HRIS-WKR-002856,POS-HR-L3-0123,JOB-HR-L3-03,People L3 Role 03,HR,L3,Y,0.5,19.5,2024-10-13,
ASN-002857-01,HRIS-WKR-002857,POS-SAL-L1-0150,JOB-SAL-L1-06,Sales L1 Role 06,SAL,L1,Y,0.6,23.4,2019-02-27,
ASN-002858-01,HRIS-WKR-002858,POS-HR-L4-0128,JOB-HR-L4-02,People L4 Role 02,HR,L4,Y,1.0,39.0,2023-08-04,
ASN-002859-01,HRIS-WKR-002859,POS-HR-L6-0140,JOB-HR-L6-02,People L6 Role 02,HR,L6,Y,1.0,39.0,2019-04-24,
ASN-002860-01,HRIS-WKR-002860,POS-OPS-L6-0068,JOB-OPS-L6-02,Operations L6 Role 02,OPS,L6,Y,1.0,39.0,2021-04-30,
ASN-002861-01,HRIS-WKR-002861,POS-SAL-L3-0160,JOB-SAL-L3-04,Sales L3 Role 04,SAL,L3,Y,,,2022-08-30,
ASN-002862-01,HRIS-WKR-002862,POS-HR-L5-0133,JOB-HR-L5-01,People L5 Role 01,HR,L5,Y,0.8,31.2,2019-05-19,
ASN-002863-01,HRIS-WKR-002863,POS-OPS-L1-0041,JOB-OPS-L1-05,Operations L1 Role 05,OPS,L1,Y,1.0,39.0,2025-11-19,
ASN-002864-01,HRIS-WKR-002864,POS-OPS-L1-0041,JOB-OPS-L1-05,Operations L1 Role 05,OPS,L1,Y,1.0,39.0,2021-11-30,
ASN-002865-01,HRIS-WKR-002865,POS-OPS-L3-0049,JOB-OPS-L3-01,Operations L3 Role 01,OPS,L3,Y,0.6,23.4,2024-07-23,
ASN-002866-01,HRIS-WKR-002866,POS-ENG-L4-0024,JOB-ENG-L4-06,Engineering L4 Role 06,ENG,L4,Y,1.0,39.0,2018-03-12,
ASN-002866-02,HRIS-WKR-002866,POS-SAL-L4-0167,JOB-SAL-L4-05,Sales L4 Role 05,SAL,L4,N,0.3,11.7,2024-10-02,
ASN-002867-01,HRIS-WKR-002867,POS-FIN-L4-0092,JOB-FIN-L4-02,Finance L4 Role 02,FIN,L4,Y,1.0,39.0,2024-03-27,
ASN-002868-01,HRIS-WKR-002868,POS-FIN-L4-0092,JOB-FIN-L4-02,Finance L4 Role 02,FIN,L4,Y,1.0,39.0,2020-10-20,
ASN-002869-01,HRIS-WKR-002869,POS-FIN-L4-0092,JOB-FIN-L4-02,Finance L4 Role 02,FIN,L4,Y,1.0,39.0,2023-03-22,
ASN-002870-01,HRIS-WKR-002870,POS-FIN-L4-0093,JOB-FIN-L4-03,Finance L4 Role 03,FIN,L4,Y,1.0,39.0,2018-11-11,
ASN-002871-01,HRIS-WKR-002871,POS-FIN-L5-0099,JOB-FIN-L5-03,Finance L5 Role 03,FIN,L5,Y,0.8,31.2,2025-07-18,
ASN-002872-01,HRIS-WKR-002872,POS-TEC-L5-0208,JOB-TEC-L5-04,Technology L5 Role 04,TEC,L5,Y,1.0,39.0,2021-11-14,
ASN-002873-01,HRIS-WKR-002873,POS-HR-L5-0138,JOB-HR-L5-06,People L5 Role 06,HR,L5,Y,1.0,39.0,2024-07-19,
ASN-002874-01,HRIS-WKR-002874,POS-OPS-L5-0066,JOB-OPS-L5-06,Operations L5 Role 06,OPS,L5,Y,0.6,23.4,2020-12-16,
ASN-002875-01,HRIS-WKR-002875,POS-OPS-L6-0070,JOB-OPS-L6-04,Operations L6 Role 04,OPS,L6,Y,0.8,31.2,2024-07-26,
ASN-002876-01,HRIS-WKR-002876,POS-OPS-L6-0071,JOB-OPS-L6-05,Operations L6 Role 05,OPS,L6,Y,1.0,39.0,2023-04-18,
ASN-002877-01,HRIS-WKR-002877,POS-HR-L3-0124,JOB-HR-L3-04,People L3 Role 04,HR,L3,Y,1.0,39.0,2018-08-11,
ASN-002878-01,HRIS-WKR-002878,POS-FIN-L3-0087,JOB-FIN-L3-03,Finance L3 Role 03,FIN,L3,Y,0.8,31.2,2024-06-03,
ASN-002879-01,HRIS-WKR-002879,POS-FIN-L2-0079,JOB-FIN-L2-01,Finance L2 Role 01,FIN,L2,Y,1.0,39.0,2024-05-14,
ASN-002879-02,HRIS-WKR-002879,POS-HR-L2-0117,JOB-HR-L2-03,People L2 Role 03,HR,L2,N,0.3,11.7,2018-06-01,
ASN-002880-01,HRIS-WKR-002880,POS-TEC-L1-0181,JOB-TEC-L1-01,Technology L1 Role 01,TEC,L1,Y,1.0,39.0,2022-01-20,
ASN-002881-01,HRIS-WKR-002881,POS-TEC-L4-0200,JOB-TEC-L4-02,Technology L4 Role 02,TEC,L4,Y,1.0,39.0,2018-05-06,
ASN-002882-01,HRIS-WKR-002882,POS-HR-L6-0144,JOB-HR-L6-06,People L6 Role 06,HR,L6,Y,1.0,39.0,2024-06-06,
ASN-002883-01,HRIS-WKR-002883,POS-FIN-L3-0087,JOB-FIN-L3-03,Finance L3 Role 03,FIN,L3,Y,1.0,39.0,2019-04-13,
ASN-002884-01,HRIS-WKR-002884,POS-SAL-L5-0174,JOB-SAL-L5-06,Sales L5 Role 06,SAL,L5,Y,1.0,39.0,2020-08-30,
ASN-002885-01,HRIS-WKR-002885,POS-SAL-L2-0153,JOB-SAL-L2-03,Sales L2 Role 03,SAL,L2,Y,1.0,39.0,2018-10-26,
ASN-002886-01,HRIS-WKR-002886,POS-TEC-L2-0189,JOB-TEC-L2-03,Technology L2 Role 03,TEC,L2,Y,1.0,39.0,2019-01-27,
ASN-002887-01,HRIS-WKR-002887,POS-OPS-L1-0038,JOB-OPS-L1-02,Operations L1 Role 02,OPS,L1,Y,1.0,39.0,2023-09-10,
ASN-002888-01,HRIS-WKR-002888,POS-FIN-L2-0079,JOB-FIN-L2-01,Finance L2 Role 01,FIN,L2,Y,1.0,39.0,2025-02-09,
ASN-002889-01,HRIS-WKR-002889,POS-SAL-L1-0149,JOB-SAL-L1-05,Sales L1 Role 05,SAL,L1,Y,1.0,39.0,2019-03-31,
ASN-002890-01,HRIS-WKR-002890,POS-SAL-L6-0176,JOB-SAL-L6-02,Sales L6 Role 02,SAL,L6,Y,0.8,31.2,2022-06-26,
ASN-002891-01,HRIS-WKR-002891,POS-SAL-L4-0167,JOB-SAL-L4-05,Sales L4 Role 05,SAL,L4,Y,0.6,23.4,2021-01-22,
ASN-002892-01,HRIS-WKR-002892,POS-OPS-L3-0051,JOB-OPS-L3-03,Operations L3 Role 03,OPS,L3,Y,1.0,39.0,2019-08-30,
ASN-002893-01,HRIS-WKR-002893,POS-OPS-L2-0046,JOB-OPS-L2-04,Operations L2 Role 04,OPS,L2,Y,1.0,39.0,2024-05-21,
ASN-002894-01,HRIS-WKR-002894,POS-HR-L1-0112,JOB-HR-L1-04,People L1 Role 04,HR,L1,Y,1.0,39.0,2021-11-27,
ASN-002895-01,HRIS-WKR-002895,POS-TEC-L1-0181,JOB-TEC-L1-01,Technology L1 Role 01,TEC,L1,Y,1.0,39.0,2021-08-14,
ASN-002896-01,HRIS-WKR-002896,POS-OPS-L4-0056,JOB-OPS-L4-02,Operations L4 Role 02,OPS,L4,Y,1.0,39.0,2023-03-27,
ASN-002897-01,HRIS-WKR-002897,POS-ENG-L4-0022,JOB-ENG-L4-04,Engineering L4 Role 04,ENG,L4,Y,,,2018-12-04,
ASN-002898-01,HRIS-WKR-002898,POS-SAL-L6-0175,JOB-SAL-L6-01,Sales L6 Role 01,SAL,L6,Y,1.0,39.0,2021-04-06,
ASN-002899-01,HRIS-WKR-002899,POS-SAL-L6-0176,JOB-SAL-L6-02,Sales L6 Role 02,SAL,L6,Y,1.0,39.0,2022-06-11,
ASN-002900-01,HRIS-WKR-002900,POS-OPS-L6-0071,JOB-OPS-L6-05,Operations L6 Role 05,OPS,L6,Y,1.0,39.0,2023-02-09,
ASN-002901-01,HRIS-WKR-002901,POS-ENG-L1-0003,JOB-ENG-L1-03,Engineering L1 Role 03,ENG,L1,Y,1.0,39.0,2019-06-19,
ASN-002902-01,HRIS-WKR-002902,POS-TEC-L3-0193,JOB-TEC-L3-01,Technology L3 Role 01,TEC,L3,Y,0.6,23.4,2023-08-17,
ASN-002903-01,HRIS-WKR-002903,POS-TEC-L5-0209,JOB-TEC-L5-05,Technology L5 Role 05,TEC,L5,Y,0.6,23.4,2024-01-10,
ASN-002904-01,HRIS-WKR-002904,POS-OPS-L2-0048,JOB-OPS-L2-06,Operations L2 Role 06,OPS,L2,Y,0.8,31.2,2025-05-23,
ASN-002905-01,HRIS-WKR-002905,POS-TEC-L3-0198,JOB-TEC-L3-06,Technology L3 Role 06,TEC,L3,Y,1.0,39.0,2018-05-13,
ASN-002906-01,HRIS-WKR-002906,POS-SAL-L6-0176,JOB-SAL-L6-02,Sales L6 Role 02,SAL,L6,Y,1.0,39.0,2020-12-29,
ASN-002907-01,HRIS-WKR-002907,POS-FIN-L6-0103,JOB-FIN-L6-01,Finance L6 Role 01,FIN,L6,Y,1.0,39.0,2024-08-03,
ASN-002908-01,HRIS-WKR-002908,POS-FIN-L4-0091,JOB-FIN-L4-01,Finance L4 Role 01,FIN,L4,Y,1.0,39.0,2019-08-02,
ASN-002909-01,HRIS-WKR-002909,POS-HR-L1-0112,JOB-HR-L1-04,People L1 Role 04,HR,L1,Y,0.6,23.4,2018-07-30,
ASN-002909-02,HRIS-WKR-002909,POS-TEC-L3-0193,JOB-TEC-L3-01,Technology L3 Role 01,TEC,L3,N,0.2,7.8,2025-07-08,
ASN-002910-01,HRIS-WKR-002910,POS-OPS-L2-0045,JOB-OPS-L2-03,Operations L2 Role 03,OPS,L2,Y,1.0,39.0,2018-12-22,
ASN-002911-01,HRIS-WKR-002911,POS-HR-L4-0130,JOB-HR-L4-04,People L4 Role 04,HR,L4,Y,1.0,39.0,2023-12-15,
ASN-002912-01,HRIS-WKR-002912,POS-ENG-L3-0017,JOB-ENG-L3-05,Engineering L3 Role 05,ENG,L3,Y,1.0,39.0,2020-05-12,
ASN-002913-01,HRIS-WKR-002913,POS-ENG-L5-0025,JOB-ENG-L5-01,Engineering L5 Role 01,ENG,L5,Y,1.0,39.0,2021-09-15,
ASN-002914-01,HRIS-WKR-002914,POS-OPS-L4-0055,JOB-OPS-L4-01,Operations L4 Role 01,OPS,L4,Y,1.0,39.0,2025-02-07,
ASN-002915-01,HRIS-WKR-002915,POS-OPS-L6-0070,JOB-OPS-L6-04,Operations L6 Role 04,OPS,L6,Y,0.8,31.2,2019-08-06,
ASN-002915-02,HRIS-WKR-002915,POS-SAL-L3-0157,JOB-SAL-L3-01,Sales L3 Role 01,SAL,L3,N,0.2,7.8,2023-01-19,
ASN-002916-01,HRIS-WKR-002916,POS-OPS-L3-0049,JOB-OPS-L3-01,Operations L3 Role 01,OPS,L3,Y,1.0,39.0,2019-01-10,
ASN-002917-01,HRIS-WKR-002917,POS-TEC-L2-0189,JOB-TEC-L2-03,Technology L2 Role 03,TEC,L2,Y,1.0,39.0,2020-09-10,
ASN-002918-01,HRIS-WKR-002918,POS-FIN-L3-0089,JOB-FIN-L3-05,Finance L3 Role 05,FIN,L3,Y,1.0,39.0,2019-04-22,
ASN-002919-01,HRIS-WKR-002919,POS-TEC-L2-0188,JOB-TEC-L2-02,Technology L2 Role 02,TEC,L2,Y,1.0,39.0,2021-08-16,
ASN-002920-01,HRIS-WKR-002920,POS-ENG-L2-0008,JOB-ENG-L2-02,Engineering L2 Role 02,ENG,L2,Y,1.0,39.0,2022-03-10,
ASN-002920-02,HRIS-WKR-002920,POS-ENG-L5-0028,JOB-ENG-L5-04,Engineering L5 Role 04,ENG,L5,N,0.4,15.6,2024-01-24,
ASN-002921-01,HRIS-WKR-002921,POS-OPS-L6-0072,JOB-OPS-L6-06,Operations L6 Role 06,OPS,L6,Y,1.0,39.0,2024-11-14,
ASN-002922-01,HRIS-WKR-002922,POS-ENG-L1-0006,JOB-ENG-L1-06,Engineering L1 Role 06,ENG,L1,Y,0.6,23.4,2023-11-29,
ASN-002923-01,HRIS-WKR-002923,POS-FIN-L1-0074,JOB-FIN-L1-02,Finance L1 Role 02,FIN,L1,Y,1.0,39.0,2020-03-25,
ASN-002924-01,HRIS-WKR-002924,POS-SAL-L5-0174,JOB-SAL-L5-06,Sales L5 Role 06,SAL,L6,Y,0.6,23.4,2023-03-26,
ASN-002925-01,HRIS-WKR-002925,POS-HR-L3-0123,JOB-HR-L3-03,People L3 Role 03,HR,L3,Y,1.0,39.0,2023-11-07,
ASN-002926-01,HRIS-WKR-002926,POS-SAL-L6-0178,JOB-SAL-L6-04,Sales L6 Role 04,SAL,L6,Y,1.0,39.0,2023-07-06,
ASN-002927-01,HRIS-WKR-002927,POS-ENG-L1-0004,JOB-ENG-L1-04,Engineering L1 Role 04,ENG,L1,Y,1.0,39.0,2020-08-31,
ASN-002928-01,HRIS-WKR-002928,POS-SAL-L6-0179,JOB-SAL-L6-05,Sales L6 Role 05,SAL,L6,Y,1.0,39.0,2023-04-24,
ASN-002929-01,HRIS-WKR-002929,POS-OPS-L4-0055,JOB-OPS-L4-01,Operations L4 Role 01,OPS,L4,Y,1.0,39.0,2022-10-10,
ASN-002930-01,HRIS-WKR-002930,POS-ENG-L1-0001,JOB-ENG-L1-01,Engineering L1 Role 01,ENG,L1,Y,1.0,39.0,2025-09-19,
ASN-002931-01,HRIS-WKR-002931,POS-SAL-L1-0147,JOB-SAL-L1-03,Sales L1 Role 03,SAL,L1,Y,1.0,39.0,2024-03-29,
ASN-002932-01,HRIS-WKR-002932,POS-TEC-L1-0185,JOB-TEC-L1-05,Technology L1 Role 05,TEC,L1,Y,1.0,39.0,2018-10-28,
ASN-002933-01,HRIS-WKR-002933,POS-HR-L3-0122,JOB-HR-L3-02,People L3 Role 02,HR,L3,Y,1.0,39.0,2024-09-07,
ASN-002934-01,HRIS-WKR-002934,POS-FIN-L6-0108,JOB-FIN-L6-06,Finance L6 Role 06,FIN,L4,Y,1.0,39.0,2024-07-17,
ASN-002935-01,HRIS-WKR-002935,POS-TEC-L1-0181,JOB-TEC-L1-01,Technology L1 Role 01,TEC,L1,Y,1.0,39.0,2020-07-20,
ASN-002936-01,HRIS-WKR-002936,POS-HR-L6-0141,JOB-HR-L6-03,People L6 Role 03,HR,L6,Y,1.0,39.0,2019-09-13,
ASN-002937-01,HRIS-WKR-002937,POS-FIN-L5-0099,JOB-FIN-L5-03,Finance L5 Role 03,FIN,L6,Y,1.0,39.0,2024-06-13,
ASN-002938-01,HRIS-WKR-002938,POS-OPS-L1-0038,JOB-OPS-L1-02,Operations L1 Role 02,OPS,L1,Y,1.0,39.0,2018-12-03,
ASN-002939-01,HRIS-WKR-002939,POS-ENG-L3-0016,JOB-ENG-L3-04,Engineering L3 Role 04,ENG,L3,Y,0.5,19.5,2022-06-07,
ASN-002940-01,HRIS-WKR-002940,POS-HR-L6-0143,JOB-HR-L6-05,People L6 Role 05,HR,L6,Y,1.0,39.0,2023-03-16,
ASN-002941-01,HRIS-WKR-002941,POS-SAL-L3-0158,JOB-SAL-L3-02,Sales L3 Role 02,SAL,L3,Y,1.0,39.0,2018-08-11,
ASN-002942-01,HRIS-WKR-002942,POS-ENG-L4-0021,JOB-ENG-L4-03,Engineering L4 Role 03,ENG,L4,Y,1.0,39.0,2020-12-31,
ASN-002943-01,HRIS-WKR-002943,POS-FIN-L3-0090,JOB-FIN-L3-06,Finance L3 Role 06,FIN,L3,Y,0.8,31.2,2023-11-09,
ASN-002944-01,HRIS-WKR-002944,POS-SAL-L5-0169,JOB-SAL-L5-01,Sales L5 Role 01,SAL,L5,Y,0.8,31.2,2025-07-25,
ASN-002944-02,HRIS-WKR-002944,POS-OPS-L4-0058,JOB-OPS-L4-04,Operations L4 Role 04,OPS,L4,N,0.3,11.7,2024-03-22,
ASN-002945-01,HRIS-WKR-002945,POS-SAL-L2-0151,JOB-SAL-L2-01,Sales L2 Role 01,SAL,L2,Y,1.0,39.0,2018-04-13,
ASN-002946-01,HRIS-WKR-002946,POS-ENG-L6-0034,JOB-ENG-L6-04,Engineering L6 Role 04,ENG,L6,Y,1.0,39.0,2020-11-18,
ASN-002946-02,HRIS-WKR-002946,POS-TEC-L3-0195,JOB-TEC-L3-03,Technology L3 Role 03,TEC,L3,N,0.3,11.7,2020-07-21,
ASN-002947-01,HRIS-WKR-002947,POS-OPS-L5-0062,JOB-OPS-L5-02,Operations L5 Role 02,OPS,L5,Y,1.0,39.0,2025-04-03,
ASN-002948-01,HRIS-WKR-002948,POS-TEC-L1-0186,JOB-TEC-L1-06,Technology L1 Role 06,TEC,L1,Y,0.5,19.5,2024-07-07,
ASN-002949-01,HRIS-WKR-002949,POS-FIN-L1-0074,JOB-FIN-L1-02,Finance L1 Role 02,FIN,L1,Y,1.0,39.0,2019-12-15,
ASN-002950-01,HRIS-WKR-002950,POS-TEC-L3-0195,JOB-TEC-L3-03,Technology L3 Role 03,TEC,L3,Y,1.0,39.0,2025-05-28,
ASN-002951-01,HRIS-WKR-002951,POS-SAL-L2-0151,JOB-SAL-L2-01,Sales L2 Role 01,SAL,L2,Y,1.0,39.0,2021-04-22,
ASN-002952-01,HRIS-WKR-002952,POS-TEC-L1-0182,JOB-TEC-L1-02,Technology L1 Role 02,TEC,L1,Y,1.0,39.0,2020-08-23,
ASN-002953-01,HRIS-WKR-002953,POS-HR-L6-0144,JOB-HR-L6-06,People L6 Role 06,HR,L6,Y,0.8,31.2,2022-09-24,
ASN-002954-01,HRIS-WKR-002954,POS-OPS-L2-0045,JOB-OPS-L2-03,Operations L2 Role 03,OPS,L2,Y,1.0,39.0,2024-04-27,
ASN-002955-01,HRIS-WKR-002955,POS-OPS-L5-0061,JOB-OPS-L5-01,Operations L5 Role 01,OPS,L5,Y,1.0,39.0,2023-12-18,
ASN-002956-01,HRIS-WKR-002956,POS-SAL-L6-0177,JOB-SAL-L6-03,Sales L6 Role 03,SAL,L4,Y,0.8,31.2,2025-06-25,
ASN-002957-01,HRIS-WKR-002957,POS-HR-L1-0112,JOB-HR-L1-04,People L1 Role 04,HR,L3,Y,1.0,39.0,2022-09-25,
ASN-002958-01,HRIS-WKR-002958,POS-FIN-L1-0075,JOB-FIN-L1-03,Finance L1 Role 03,FIN,L1,Y,0.6,23.4,2021-07-08,
ASN-002959-01,HRIS-WKR-002959,POS-SAL-L2-0153,JOB-SAL-L2-03,Sales L2 Role 03,SAL,L2,Y,1.0,39.0,2025-01-27,
ASN-002960-01,HRIS-WKR-002960,POS-FIN-L2-0083,JOB-FIN-L2-05,Finance L2 Role 05,FIN,L2,Y,0.6,23.4,2025-07-22,
ASN-002961-01,HRIS-WKR-002961,POS-SAL-L2-0154,JOB-SAL-L2-04,Sales L2 Role 04,SAL,L2,Y,1.0,39.0,2025-08-15,
ASN-002961-02,HRIS-WKR-002961,POS-SAL-L5-0174,JOB-SAL-L5-06,Sales L5 Role 06,SAL,L5,N,0.2,7.8,2020-05-09,
ASN-002962-01,HRIS-WKR-002962,POS-OPS-L3-0051,JOB-OPS-L3-03,Operations L3 Role 03,OPS,L3,Y,0.5,19.5,2021-06-14,
ASN-002963-01,HRIS-WKR-002963,POS-ENG-L1-0003,JOB-ENG-L1-03,Engineering L1 Role 03,ENG,L1,Y,1.0,39.0,2019-08-08,
ASN-002964-01,HRIS-WKR-002964,POS-TEC-L1-0184,JOB-TEC-L1-04,Technology L1 Role 04,TEC,L1,Y,1.0,39.0,2021-05-07,
ASN-002965-01,HRIS-WKR-002965,POS-ENG-L5-0025,JOB-ENG-L5-01,Engineering L5 Role 01,ENG,L5,Y,1.0,39.0,2022-03-17,
ASN-002966-01,HRIS-WKR-002966,POS-FIN-L1-0073,JOB-FIN-L1-01,Finance L1 Role 01,FIN,L1,Y,1.0,39.0,2020-05-22,
ASN-002967-01,HRIS-WKR-002967,POS-ENG-L3-0016,JOB-ENG-L3-04,Engineering L3 Role 04,ENG,L3,Y,1.0,39.0,2021-05-25,
ASN-002968-01,HRIS-WKR-002968,POS-ENG-L1-0006,JOB-ENG-L1-06,Engineering L1 Role 06,ENG,L1,Y,0.8,31.2,2022-01-30,
ASN-002969-01,HRIS-WKR-002969,POS-OPS-L1-0037,JOB-OPS-L1-01,Operations L1 Role 01,OPS,L1,Y,1.0,39.0,2018-03-01,
ASN-002970-01,HRIS-WKR-002970,POS-FIN-L1-0077,JOB-FIN-L1-05,Finance L1 Role 05,FIN,L1,Y,1.0,39.0,2022-02-24,
ASN-002971-01,HRIS-WKR-002971,POS-OPS-L4-0059,JOB-OPS-L4-05,Operations L4 Role 05,OPS,L4,Y,1.0,39.0,2018-09-25,
ASN-002972-01,HRIS-WKR-002972,POS-HR-L5-0138,JOB-HR-L5-06,People L5 Role 06,HR,L5,Y,1.0,39.0,2018-05-25,
ASN-002973-01,HRIS-WKR-002973,POS-ENG-L3-0016,JOB-ENG-L3-04,Engineering L3 Role 04,ENG,L3,Y,1.0,39.0,2021-07-24,
ASN-002974-01,HRIS-WKR-002974,POS-ENG-L1-0005,JOB-ENG-L1-05,Engineering L1 Role 05,ENG,L1,Y,1.0,39.0,2019-07-23,
ASN-002975-01,HRIS-WKR-002975,POS-SAL-L5-0172,JOB-SAL-L5-04,Sales L5 Role 04,SAL,L5,Y,1.0,39.0,2022-06-12,
ASN-002976-01,HRIS-WKR-002976,POS-FIN-L4-0092,JOB-FIN-L4-02,Finance L4 Role 02,FIN,L4,Y,,,2019-11-02,
ASN-002977-01,HRIS-WKR-002977,POS-HR-L5-0138,JOB-HR-L5-06,People L5 Role 06,HR,L5,Y,1.0,39.0,2024-12-29,
ASN-002978-01,HRIS-WKR-002978,POS-FIN-L2-0084,JOB-FIN-L2-06,Finance L2 Role 06,FIN,L2,Y,1.0,39.0,2020-11-07,
ASN-002979-01,HRIS-WKR-002979,POS-TEC-L3-0196,JOB-TEC-L3-04,Technology L3 Role 04,TEC,L5,Y,1.0,39.0,2024-07-04,
ASN-002980-01,HRIS-WKR-002980,POS-HR-L6-0142,JOB-HR-L6-04,People L6 Role 04,HR,L6,Y,0.8,31.2,2024-09-23,
ASN-002981-01,HRIS-WKR-002981,POS-SAL-L1-0145,JOB-SAL-L1-01,Sales L1 Role 01,SAL,L1,Y,1.0,39.0,2024-01-05,
ASN-002982-01,HRIS-WKR-002982,POS-SAL-L6-0177,JOB-SAL-L6-03,Sales L6 Role 03,SAL,L6,Y,1.0,39.0,2018-08-27,
ASN-002983-01,HRIS-WKR-002983,POS-SAL-L4-0167,JOB-SAL-L4-05,Sales L4 Role 05,SAL,L4,Y,1.0,39.0,2024-05-09,
ASN-002984-01,HRIS-WKR-002984,POS-ENG-L4-0024,JOB-ENG-L4-06,Engineering L4 Role 06,ENG,L4,Y,1.0,39.0,2021-02-01,
ASN-002985-01,HRIS-WKR-002985,POS-FIN-L2-0081,JOB-FIN-L2-03,Finance L2 Role 03,FIN,L2,Y,1.0,39.0,2020-09-06,
ASN-002986-01,HRIS-WKR-002986,POS-TEC-L4-0202,JOB-TEC-L4-04,Technology L4 Role 04,TEC,L4,Y,1.0,39.0,2024-01-24,
ASN-002987-01,HRIS-WKR-002987,POS-HR-L5-0133,JOB-HR-L5-01,People L5 Role 01,HR,L5,Y,1.0,39.0,2018-09-28,
ASN-002988-01,HRIS-WKR-002988,POS-OPS-L5-0065,JOB-OPS-L5-05,Operations L5 Role 05,OPS,L6,Y,0.8,31.2,2025-10-28,
ASN-002989-01,HRIS-WKR-002989,POS-ENG-L2-0009,JOB-ENG-L2-03,Engineering L2 Role 03,ENG,L2,Y,0.6,23.4,2020-07-06,
ASN-002990-01,HRIS-WKR-002990,POS-FIN-L5-0100,JOB-FIN-L5-04,Finance L5 Role 04,FIN,L5,Y,1.0,39.0,2025-03-24,
ASN-002991-01,HRIS-WKR-002991,POS-HR-L6-0139,JOB-HR-L6-01,People L6 Role 01,HR,L6,Y,1.0,39.0,2022-01-17,
ASN-002992-01,HRIS-WKR-002992,POS-TEC-L4-0202,JOB-TEC-L4-04,Technology L4 Role 04,TEC,L4,Y,1.0,39.0,2025-12-22,
ASN-002993-01,HRIS-WKR-002993,POS-HR-L6-0143,JOB-HR-L6-05,People L6 Role 05,HR,L6,Y,1.0,39.0,2018-07-23,
ASN-002994-01,HRIS-WKR-002994,POS-ENG-L6-0035,JOB-ENG-L6-05,Engineering L6 Role 05,ENG,L6,Y,0.5,19.5,2025-10-29,
ASN-002995-01,HRIS-WKR-002995,POS-OPS-L2-0044,JOB-OPS-L2-02,Operations L2 Role 02,OPS,L2,Y,1.0,39.0,2021-12-07,
ASN-002996-01,HRIS-WKR-002996,POS-HR-L4-0127,JOB-HR-L4-01,People L4 Role 01,HR,L4,Y,1.0,39.0,2022-05-20,
ASN-002997-01,HRIS-WKR-002997,POS-HR-L6-0140,JOB-HR-L6-02,People L6 Role 02,HR,L6,Y,,,2023-07-01,
ASN-002998-01,HRIS-WKR-002998,POS-OPS-L1-0042,JOB-OPS-L1-06,Operations L1 Role 06,OPS,L1,Y,1.0,39.0,2023-04-19,
ASN-002999-01,HRIS-WKR-002999,POS-OPS-L6-0071,JOB-OPS-L6-05,Operations L6 Role 05,OPS,L6,Y,,,2020-10-01,
ASN-003000-01,HRIS-WKR-003000,POS-OPS-L2-0044,JOB-OPS-L2-02,Operations L2 Role 02,OPS,L2,Y,1.0,39.0,2018-02-16,
ASN-003001-01,HRIS-WKR-003001,POS-SAL-L6-0178,JOB-SAL-L6-04,Sales L6 Role 04,SAL,L4,Y,1.0,39.0,2019-08-26,
ASN-003002-01,HRIS-WKR-003002,POS-FIN-L5-0097,JOB-FIN-L5-01,Finance L5 Role 01,FIN,L5,Y,1.0,39.0,2024-01-23,
ASN-003003-01,HRIS-WKR-003003,POS-HR-L1-0114,JOB-HR-L1-06,People L1 Role 06,HR,L1,Y,1.0,39.0,2018-02-07,
ASN-003004-01,HRIS-WKR-003004,POS-HR-L4-0128,JOB-HR-L4-02,People L4 Role 02,HR,L4,Y,1.0,39.0,2022-04-13,
ASN-003005-01,HRIS-WKR-003005,POS-SAL-L4-0164,JOB-SAL-L4-02,Sales L4 Role 02,SAL,L4,Y,1.0,39.0,2019-02-21,
ASN-003006-01,HRIS-WKR-003006,POS-TEC-L5-0205,JOB-TEC-L5-01,Technology L5 Role 01,TEC,L5,Y,0.5,19.5,2020-04-04,
ASN-003007-01,HRIS-WKR-003007,POS-FIN-L5-0100,JOB-FIN-L5-04,Finance L5 Role 04,FIN,L5,Y,1.0,39.0,2023-02-20,
ASN-003008-01,HRIS-WKR-003008,POS-TEC-L4-0204,JOB-TEC-L4-06,Technology L4 Role 06,TEC,L4,Y,1.0,39.0,2019-03-15,
ASN-003009-01,HRIS-WKR-003009,POS-HR-L5-0138,JOB-HR-L5-06,People L5 Role 06,HR,L5,Y,1.0,39.0,2022-07-18,
ASN-003010-01,HRIS-WKR-003010,POS-SAL-L2-0156,JOB-SAL-L2-06,Sales L2 Role 06,SAL,L2,Y,1.0,39.0,2018-09-16,
ASN-003011-01,HRIS-WKR-003011,POS-SAL-L3-0158,JOB-SAL-L3-02,Sales L3 Role 02,SAL,L3,Y,0.8,31.2,2021-06-17,
ASN-003012-01,HRIS-WKR-003012,POS-TEC-L5-0209,JOB-TEC-L5-05,Technology L5 Role 05,TEC,L5,Y,0.6,23.4,2019-03-17,
ASN-003013-01,HRIS-WKR-003013,POS-OPS-L3-0053,JOB-OPS-L3-05,Operations L3 Role 05,OPS,L3,Y,1.0,39.0,2020-09-16,
ASN-003014-01,HRIS-WKR-003014,POS-HR-L2-0115,JOB-HR-L2-01,People L2 Role 01,HR,L2,Y,1.0,39.0,2023-04-05,
ASN-003014-02,HRIS-WKR-003014,POS-OPS-L3-0051,JOB-OPS-L3-03,Operations L3 Role 03,OPS,L3,N,0.4,15.6,2022-01-08,
ASN-003015-01,HRIS-WKR-003015,POS-SAL-L4-0167,JOB-SAL-L4-05,Sales L4 Role 05,SAL,L4,Y,1.0,39.0,2021-06-10,
ASN-003016-01,HRIS-WKR-003016,POS-OPS-L4-0060,JOB-OPS-L4-06,Operations L4 Role 06,OPS,L4,Y,1.0,39.0,2024-11-08,
ASN-003017-01,HRIS-WKR-003017,POS-FIN-L2-0080,JOB-FIN-L2-02,Finance L2 Role 02,FIN,L2,Y,1.0,39.0,2021-05-28,
ASN-003018-01,HRIS-WKR-003018,POS-HR-L4-0128,JOB-HR-L4-02,People L4 Role 02,HR,L4,Y,1.0,39.0,2023-07-18,
ASN-003019-01,HRIS-WKR-003019,POS-HR-L6-0139,JOB-HR-L6-01,People L6 Role 01,HR,L6,Y,0.8,31.2,2020-02-29,
ASN-003020-01,HRIS-WKR-003020,POS-ENG-L3-0018,JOB-ENG-L3-06,Engineering L3 Role 06,ENG,L3,Y,0.5,19.5,2024-06-10,
ASN-003021-01,HRIS-WKR-003021,POS-SAL-L1-0147,JOB-SAL-L1-03,Sales L1 Role 03,SAL,L1,Y,1.0,39.0,2024-10-28,
ASN-003022-01,HRIS-WKR-003022,POS-SAL-L3-0159,JOB-SAL-L3-03,Sales L3 Role 03,SAL,L5,Y,1.0,39.0,2020-10-24,
ASN-003023-01,HRIS-WKR-003023,POS-HR-L4-0132,JOB-HR-L4-06,People L4 Role 06,HR,L4,Y,1.0,39.0,2018-03-10,
ASN-003024-01,HRIS-WKR-003024,POS-FIN-L5-0100,JOB-FIN-L5-04,Finance L5 Role 04,FIN,L5,Y,1.0,39.0,2019-10-10,
ASN-003025-01,HRIS-WKR-003025,POS-FIN-L3-0087,JOB-FIN-L3-03,Finance L3 Role 03,FIN,L3,Y,1.0,39.0,2019-05-30,
ASN-003025-02,HRIS-WKR-003025,POS-FIN-L6-0107,JOB-FIN-L6-05,Finance L6 Role 05,FIN,L6,N,0.2,7.8,2024-01-05,
ASN-003026-01,HRIS-WKR-003026,POS-TEC-L2-0189,JOB-TEC-L2-03,Technology L2 Role 03,TEC,L2,Y,1.0,39.0,2021-12-21,
ASN-003027-01,HRIS-WKR-003027,POS-ENG-L5-0027,JOB-ENG-L5-03,Engineering L5 Role 03,ENG,L5,Y,1.0,39.0,2018-04-10,
ASN-003028-01,HRIS-WKR-003028,POS-TEC-L3-0193,JOB-TEC-L3-01,Technology L3 Role 01,TEC,L3,Y,1.0,39.0,2022-05-18,
ASN-003029-01,HRIS-WKR-003029,POS-HR-L6-0141,JOB-HR-L6-03,People L6 Role 03,HR,L6,Y,1.0,39.0,2022-12-18,
ASN-003030-01,HRIS-WKR-003030,POS-FIN-L1-0074,JOB-FIN-L1-02,Finance L1 Role 02,FIN,L1,Y,1.0,39.0,2025-02-11,
ASN-003031-01,HRIS-WKR-003031,POS-TEC-L5-0205,JOB-TEC-L5-01,Technology L5 Role 01,TEC,L5,Y,1.0,39.0,2020-12-23,
ASN-003032-01,HRIS-WKR-003032,POS-OPS-L2-0046,JOB-OPS-L2-04,Operations L2 Role 04,OPS,L4,Y,1.0,39.0,2020-12-27,
ASN-003032-02,HRIS-WKR-003032,POS-ENG-L2-0008,JOB-ENG-L2-02,Engineering L2 Role 02,ENG,L2,N,0.4,15.6,2020-05-20,
ASN-003033-01,HRIS-WKR-003033,POS-TEC-L4-0201,JOB-TEC-L4-03,Technology L4 Role 03,TEC,L4,Y,1.0,39.0,2020-01-10,
ASN-003034-01,HRIS-WKR-003034,POS-OPS-L5-0063,JOB-OPS-L5-03,Operations L5 Role 03,OPS,L5,Y,0.6,23.4,2021-08-29,
ASN-003035-01,HRIS-WKR-003035,POS-ENG-L2-0009,JOB-ENG-L2-03,Engineering L2 Role 03,ENG,L2,Y,1.0,39.0,2023-06-11,
ASN-003036-01,HRIS-WKR-003036,POS-TEC-L5-0209,JOB-TEC-L5-05,Technology L5 Role 05,TEC,L5,Y,1.0,39.0,2019-04-01,
ASN-003037-01,HRIS-WKR-003037,POS-ENG-L1-0004,JOB-ENG-L1-04,Engineering L1 Role 04,ENG,L1,Y,1.0,39.0,2018-01-05,
ASN-003038-01,HRIS-WKR-003038,POS-SAL-L3-0162,JOB-SAL-L3-06,Sales L3 Role 06,SAL,L3,Y,1.0,39.0,2018-03-15,
ASN-003038-02,HRIS-WKR-003038,POS-TEC-L5-0209,JOB-TEC-L5-05,Technology L5 Role 05,TEC,L5,N,0.3,11.7,2019-06-06,
ASN-003039-01,HRIS-WKR-003039,POS-TEC-L3-0194,JOB-TEC-L3-02,Technology L3 Role 02,TEC,L3,Y,1.0,39.0,2023-04-10,
ASN-003040-01,HRIS-WKR-003040,POS-FIN-L5-0102,JOB-FIN-L5-06,Finance L5 Role 06,FIN,L5,Y,,,2024-01-09,
ASN-003041-01,HRIS-WKR-003041,POS-FIN-L1-0073,JOB-FIN-L1-01,Finance L1 Role 01,FIN,L1,Y,1.0,39.0,2025-09-18,
ASN-003042-01,HRIS-WKR-003042,POS-HR-L4-0129,JOB-HR-L4-03,People L4 Role 03,HR,L4,Y,1.0,39.0,2018-06-11,
ASN-003043-01,HRIS-WKR-003043,POS-TEC-L5-0208,JOB-TEC-L5-04,Technology L5 Role 04,TEC,L5,Y,1.0,39.0,2025-01-12,
ASN-003044-01,HRIS-WKR-003044,POS-FIN-L2-0083,JOB-FIN-L2-05,Finance L2 Role 05,FIN,L2,Y,1.0,39.0,2024-01-05,
ASN-003045-01,HRIS-WKR-003045,POS-OPS-L2-0043,JOB-OPS-L2-01,Operations L2 Role 01,OPS,L2,Y,1.0,39.0,2025-09-11,
ASN-003046-01,HRIS-WKR-003046,POS-HR-L2-0118,JOB-HR-L2-04,People L2 Role 04,HR,L1,Y,1.0,39.0,2018-07-02,
ASN-003046-02,HRIS-WKR-003046,POS-FIN-L3-0086,JOB-FIN-L3-02,Finance L3 Role 02,FIN,L3,N,0.3,11.7,2019-12-11,
ASN-003047-01,HRIS-WKR-003047,POS-SAL-L1-0146,JOB-SAL-L1-02,Sales L1 Role 02,SAL,L1,Y,1.0,39.0,2018-01-29,
ASN-003048-01,HRIS-WKR-003048,POS-TEC-L5-0209,JOB-TEC-L5-05,Technology L5 Role 05,TEC,L5,Y,1.0,39.0,2022-04-20,
ASN-003049-01,HRIS-WKR-003049,POS-SAL-L2-0152,JOB-SAL-L2-02,Sales L2 Role 02,SAL,L2,Y,1.0,39.0,2020-05-12,
ASN-003050-01,HRIS-WKR-003050,POS-HR-L3-0126,JOB-HR-L3-06,People L3 Role 06,HR,L3,Y,1.0,39.0,2019-10-06,
ASN-003050-02,HRIS-WKR-003050,POS-SAL-L3-0157,JOB-SAL-L3-01,Sales L3 Role 01,SAL,L3,N,0.4,15.6,2024-06-21,
ASN-003051-01,HRIS-WKR-003051,POS-ENG-L5-0027,JOB-ENG-L5-03,Engineering L5 Role 03,ENG,L5,Y,1.0,39.0,2022-03-29,
ASN-003052-01,HRIS-WKR-003052,POS-OPS-L3-0052,JOB-OPS-L3-04,Operations L3 Role 04,OPS,L3,Y,1.0,39.0,2025-01-28,
ASN-003053-01,HRIS-WKR-003053,POS-FIN-L5-0099,JOB-FIN-L5-03,Finance L5 Role 03,FIN,L5,Y,1.0,39.0,2021-12-05,
ASN-003054-01,HRIS-WKR-003054,POS-HR-L3-0122,JOB-HR-L3-02,People L3 Role 02,HR,L3,Y,1.0,39.0,2025-09-04,
ASN-003055-01,HRIS-WKR-003055,POS-FIN-L5-0102,JOB-FIN-L5-06,Finance L5 Role 06,FIN,L5,Y,0.4,15.6,2023-07-30,
ASN-003056-01,HRIS-WKR-003056,POS-ENG-L3-0014,JOB-ENG-L3-02,Engineering L3 Role 02,ENG,L3,Y,0.8,31.2,2025-03-15,
ASN-003057-01,HRIS-WKR-003057,POS-FIN-L1-0075,JOB-FIN-L1-03,Finance L1 Role 03,FIN,L1,Y,1.0,39.0,2018-02-22,
ASN-003058-01,HRIS-WKR-003058,POS-SAL-L6-0178,JOB-SAL-L6-04,Sales L6 Role 04,SAL,L6,Y,1.0,39.0,2021-08-22,
ASN-003059-01,HRIS-WKR-003059,POS-HR-L6-0141,JOB-HR-L6-03,People L6 Role 03,HR,L6,Y,1.0,39.0,2019-03-20,
ASN-003060-01,HRIS-WKR-003060,POS-TEC-L2-0192,JOB-TEC-L2-06,Technology L2 Role 06,TEC,L2,Y,1.0,39.0,2021-12-04,
ASN-003061-01,HRIS-WKR-003061,POS-OPS-L3-0053,JOB-OPS-L3-05,Operations L3 Role 05,OPS,L3,Y,1.0,39.0,2025-12-24,
ASN-003062-01,HRIS-WKR-003062,POS-HR-L1-0113,JOB-HR-L1-05,People L1 Role 05,HR,L1,Y,1.0,39.0,2022-11-09,
ASN-003063-01,HRIS-WKR-003063,POS-SAL-L5-0173,JOB-SAL-L5-05,Sales L5 Role 05,SAL,L5,Y,1.0,39.0,2019-11-20,
ASN-003064-01,HRIS-WKR-003064,POS-FIN-L1-0074,JOB-FIN-L1-02,Finance L1 Role 02,FIN,L1,Y,1.0,39.0,2023-11-15,
ASN-003065-01,HRIS-WKR-003065,POS-TEC-L6-0216,JOB-TEC-L6-06,Technology L6 Role 06,TEC,L6,Y,1.0,39.0,2023-09-28,
ASN-003066-01,HRIS-WKR-003066,POS-TEC-L1-0185,JOB-TEC-L1-05,Technology L1 Role 05,TEC,L1,Y,0.8,31.2,2025-01-31,
ASN-003067-01,HRIS-WKR-003067,POS-HR-L3-0126,JOB-HR-L3-06,People L3 Role 06,HR,L3,Y,1.0,39.0,2019-07-19,
ASN-003068-01,HRIS-WKR-003068,POS-SAL-L3-0160,JOB-SAL-L3-04,Sales L3 Role 04,SAL,L3,Y,1.0,39.0,2024-06-22,
ASN-003069-01,HRIS-WKR-003069,POS-TEC-L2-0192,JOB-TEC-L2-06,Technology L2 Role 06,TEC,L2,Y,1.0,39.0,2023-06-26,
ASN-003070-01,HRIS-WKR-003070,POS-FIN-L4-0095,JOB-FIN-L4-05,Finance L4 Role 05,FIN,L2,Y,0.4,15.6,2024-06-15,
ASN-003071-01,HRIS-WKR-003071,POS-SAL-L4-0164,JOB-SAL-L4-02,Sales L4 Role 02,SAL,L4,Y,1.0,39.0,2024-03-27,
ASN-003072-01,HRIS-WKR-003072,POS-OPS-L5-0062,JOB-OPS-L5-02,Operations L5 Role 02,OPS,L5,Y,0.6,23.4,2025-10-09,
ASN-003073-01,HRIS-WKR-003073,POS-OPS-L6-0071,JOB-OPS-L6-05,Operations L6 Role 05,OPS,L6,Y,1.0,39.0,2020-04-14,
ASN-003074-01,HRIS-WKR-003074,POS-TEC-L3-0196,JOB-TEC-L3-04,Technology L3 Role 04,TEC,L3,Y,1.0,39.0,2022-02-26,
ASN-003075-01,HRIS-WKR-003075,POS-OPS-L2-0048,JOB-OPS-L2-06,Operations L2 Role 06,OPS,L2,Y,1.0,39.0,2025-02-21,
ASN-003076-01,HRIS-WKR-003076,POS-SAL-L3-0162,JOB-SAL-L3-06,Sales L3 Role 06,SAL,L3,Y,1.0,39.0,2019-12-21,
ASN-003077-01,HRIS-WKR-003077,POS-TEC-L2-0189,JOB-TEC-L2-03,Technology L2 Role 03,TEC,L2,Y,1.0,39.0,2022-06-05,
ASN-003077-02,HRIS-WKR-003077,POS-FIN-L2-0080,JOB-FIN-L2-02,Finance L2 Role 02,FIN,L2,N,0.3,11.7,2023-12-27,
ASN-003078-01,HRIS-WKR-003078,POS-TEC-L4-0199,JOB-TEC-L4-01,Technology L4 Role 01,TEC,L4,Y,1.0,39.0,2023-10-23,
ASN-003079-01,HRIS-WKR-003079,POS-SAL-L4-0166,JOB-SAL-L4-04,Sales L4 Role 04,SAL,L4,Y,1.0,39.0,2020-02-28,
ASN-003079-02,HRIS-WKR-003079,POS-HR-L3-0125,JOB-HR-L3-05,People L3 Role 05,HR,L3,N,0.3,11.7,2025-08-22,
ASN-003080-01,HRIS-WKR-003080,POS-TEC-L6-0216,JOB-TEC-L6-06,Technology L6 Role 06,TEC,L6,Y,1.0,39.0,2019-01-19,
ASN-003081-01,HRIS-WKR-003081,POS-TEC-L4-0204,JOB-TEC-L4-06,Technology L4 Role 06,TEC,L4,Y,1.0,39.0,2025-03-23,
ASN-003082-01,HRIS-WKR-003082,POS-FIN-L3-0089,JOB-FIN-L3-05,Finance L3 Role 05,FIN,L3,Y,1.0,39.0,2022-02-09,
ASN-003083-01,HRIS-WKR-003083,POS-HR-L5-0138,JOB-HR-L5-06,People L5 Role 06,HR,L5,Y,1.0,39.0,2025-11-08,
ASN-003084-01,HRIS-WKR-003084,POS-FIN-L4-0096,JOB-FIN-L4-06,Finance L4 Role 06,FIN,L4,Y,0.6,23.4,2019-03-04,
ASN-003085-01,HRIS-WKR-003085,POS-ENG-L3-0016,JOB-ENG-L3-04,Engineering L3 Role 04,ENG,L3,Y,1.0,39.0,2020-03-14,
ASN-003086-01,HRIS-WKR-003086,POS-HR-L3-0122,JOB-HR-L3-02,People L3 Role 02,HR,L3,Y,1.0,39.0,2022-04-26,
ASN-003087-01,HRIS-WKR-003087,POS-HR-L2-0115,JOB-HR-L2-01,People L2 Role 01,HR,L2,Y,1.0,39.0,2022-08-24,
ASN-003088-01,HRIS-WKR-003088,POS-ENG-L1-0001,JOB-ENG-L1-01,Engineering L1 Role 01,ENG,L1,Y,1.0,39.0,2022-06-18,
ASN-003089-01,HRIS-WKR-003089,POS-TEC-L2-0188,JOB-TEC-L2-02,Technology L2 Role 02,TEC,L2,Y,1.0,39.0,2025-04-09,
ASN-003090-01,HRIS-WKR-003090,POS-HR-L4-0131,JOB-HR-L4-05,People L4 Role 05,HR,L4,Y,1.0,39.0,2018-09-03,
ASN-003091-01,HRIS-WKR-003091,POS-TEC-L4-0199,JOB-TEC-L4-01,Technology L4 Role 01,TEC,L4,Y,1.0,39.0,2024-10-12,
ASN-003092-01,HRIS-WKR-003092,POS-HR-L4-0132,JOB-HR-L4-06,People L4 Role 06,HR,L4,Y,0.8,31.2,2022-02-27,
ASN-003093-01,HRIS-WKR-003093,POS-ENG-L1-0006,JOB-ENG-L1-06,Engineering L1 Role 06,ENG,L1,Y,1.0,39.0,2023-04-28,
ASN-003094-01,HRIS-WKR-003094,POS-SAL-L3-0162,JOB-SAL-L3-06,Sales L3 Role 06,SAL,L3,Y,0.8,31.2,2021-06-14,
ASN-003095-01,HRIS-WKR-003095,POS-TEC-L1-0184,JOB-TEC-L1-04,Technology L1 Role 04,TEC,L1,Y,1.0,39.0,2024-07-02,
ASN-003096-01,HRIS-WKR-003096,POS-SAL-L1-0148,JOB-SAL-L1-04,Sales L1 Role 04,SAL,L1,Y,1.0,39.0,2018-11-05,
ASN-003097-01,HRIS-WKR-003097,POS-TEC-L4-0202,JOB-TEC-L4-04,Technology L4 Role 04,TEC,L4,Y,,,2023-02-28,
ASN-003098-01,HRIS-WKR-003098,POS-SAL-L1-0146,JOB-SAL-L1-02,Sales L1 Role 02,SAL,L1,Y,1.0,39.0,2020-10-30,
ASN-003099-01,HRIS-WKR-003099,POS-HR-L5-0137,JOB-HR-L5-05,People L5 Role 05,HR,L5,Y,1.0,39.0,2018-08-18,
ASN-003099-02,HRIS-WKR-003099,POS-ENG-L2-0007,JOB-ENG-L2-01,Engineering L2 Role 01,ENG,L2,N,0.2,7.8,2018-01-26,
ASN-003100-01,HRIS-WKR-003100,POS-HR-L3-0126,JOB-HR-L3-06,People L3 Role 06,HR,L3,Y,1.0,39.0,2023-04-26,
ASN-003101-01,HRIS-WKR-003101,POS-TEC-L6-0212,JOB-TEC-L6-02,Technology L6 Role 02,TEC,L6,Y,1.0,39.0,2019-02-26,
ASN-003102-01,HRIS-WKR-003102,POS-OPS-L3-0050,JOB-OPS-L3-02,Operations L3 Role 02,OPS,L3,Y,1.0,39.0,2023-07-29,
ASN-003103-01,HRIS-WKR-003103,POS-TEC-L4-0203,JOB-TEC-L4-05,Technology L4 Role 05,TEC,L4,Y,1.0,39.0,2024-03-31,
ASN-003104-01,HRIS-WKR-003104,POS-TEC-L1-0185,JOB-TEC-L1-05,Technology L1 Role 05,TEC,L1,Y,,,2024-02-05,
ASN-003105-01,HRIS-WKR-003105,POS-TEC-L1-0183,JOB-TEC-L1-03,Technology L1 Role 03,TEC,L1,Y,1.0,39.0,2025-09-16,
ASN-003106-01,HRIS-WKR-003106,POS-TEC-L2-0189,JOB-TEC-L2-03,Technology L2 Role 03,TEC,L2,Y,1.0,39.0,2025-02-16,
ASN-003107-01,HRIS-WKR-003107,POS-SAL-L4-0163,JOB-SAL-L4-01,Sales L4 Role 01,SAL,L4,Y,1.0,39.0,2021-12-29,
ASN-003108-01,HRIS-WKR-003108,POS-TEC-L3-0197,JOB-TEC-L3-05,Technology L3 Role 05,TEC,L3,Y,,,2020-01-11,
ASN-003109-01,HRIS-WKR-003109,POS-TEC-L2-0189,JOB-TEC-L2-03,Technology L2 Role 03,TEC,L2,Y,1.0,39.0,2020-05-23,
ASN-003110-01,HRIS-WKR-003110,POS-SAL-L3-0157,JOB-SAL-L3-01,Sales L3 Role 01,SAL,L5,Y,1.0,39.0,2022-12-12,
ASN-003111-01,HRIS-WKR-003111,POS-FIN-L6-0107,JOB-FIN-L6-05,Finance L6 Role 05,FIN,L6,Y,1.0,39.0,2022-05-03,
ASN-003112-01,HRIS-WKR-003112,POS-SAL-L4-0165,JOB-SAL-L4-03,Sales L4 Role 03,SAL,L4,Y,1.0,39.0,2025-09-18,
ASN-003113-01,HRIS-WKR-003113,POS-ENG-L2-0010,JOB-ENG-L2-04,Engineering L2 Role 04,ENG,L2,Y,1.0,39.0,2018-02-25,
ASN-003114-01,HRIS-WKR-003114,POS-ENG-L5-0028,JOB-ENG-L5-04,Engineering L5 Role 04,ENG,L5,Y,1.0,39.0,2021-01-23,
ASN-003115-01,HRIS-WKR-003115,POS-ENG-L2-0009,JOB-ENG-L2-03,Engineering L2 Role 03,ENG,L2,Y,1.0,39.0,2019-04-07,
ASN-003116-01,HRIS-WKR-003116,POS-FIN-L3-0090,JOB-FIN-L3-06,Finance L3 Role 06,FIN,L3,Y,1.0,39.0,2021-08-12,
ASN-003116-02,HRIS-WKR-003116,POS-ENG-L1-0006,JOB-ENG-L1-06,Engineering L1 Role 06,ENG,L1,N,0.3,11.7,2023-12-30,
ASN-003117-01,HRIS-WKR-003117,POS-ENG-L3-0013,JOB-ENG-L3-01,Engineering L3 Role 01,ENG,L3,Y,1.0,39.0,2019-09-29,
ASN-003118-01,HRIS-WKR-003118,POS-OPS-L1-0037,JOB-OPS-L1-01,Operations L1 Role 01,OPS,L1,Y,1.0,39.0,2022-03-26,
ASN-003119-01,HRIS-WKR-003119,POS-OPS-L5-0062,JOB-OPS-L5-02,Operations L5 Role 02,OPS,L5,Y,1.0,39.0,2025-03-17,
ASN-003120-01,HRIS-WKR-003120,POS-SAL-L5-0172,JOB-SAL-L5-04,Sales L5 Role 04,SAL,L5,Y,1.0,39.0,2024-01-01,
ASN-003121-01,HRIS-WKR-003121,POS-OPS-L5-0066,JOB-OPS-L5-06,Operations L5 Role 06,OPS,L5,Y,1.0,39.0,2019-01-28,
ASN-003122-01,HRIS-WKR-003122,POS-ENG-L4-0023,JOB-ENG-L4-05,Engineering L4 Role 05,ENG,L4,Y,1.0,39.0,2023-04-23,
ASN-003123-01,HRIS-WKR-003123,POS-SAL-L5-0172,JOB-SAL-L5-04,Sales L5 Role 04,SAL,L5,Y,1.0,39.0,2022-08-01,
ASN-003124-01,HRIS-WKR-003124,POS-TEC-L4-0199,JOB-TEC-L4-01,Technology L4 Role 01,TEC,L4,Y,0.8,31.2,2025-10-08,
ASN-003125-01,HRIS-WKR-003125,POS-FIN-L6-0108,JOB-FIN-L6-06,Finance L6 Role 06,FIN,L6,Y,1.0,39.0,2024-09-20,
ASN-003126-01,HRIS-WKR-003126,POS-HR-L5-0138,JOB-HR-L5-06,People L5 Role 06,HR,L5,Y,1.0,39.0,2018-04-18,
ASN-003127-01,HRIS-WKR-003127,POS-ENG-L2-0011,JOB-ENG-L2-05,Engineering L2 Role 05,ENG,L2,Y,1.0,39.0,2025-10-28,
ASN-003128-01,HRIS-WKR-003128,POS-TEC-L6-0215,JOB-TEC-L6-05,Technology L6 Role 05,TEC,L6,Y,1.0,39.0,2021-12-22,
ASN-003129-01,HRIS-WKR-003129,POS-TEC-L5-0206,JOB-TEC-L5-02,Technology L5 Role 02,TEC,L5,Y,,,2021-12-17,
ASN-003130-01,HRIS-WKR-003130,POS-OPS-L5-0066,JOB-OPS-L5-06,Operations L5 Role 06,OPS,L5,Y,1.0,39.0,2025-10-20,
ASN-003131-01,HRIS-WKR-003131,POS-TEC-L3-0197,JOB-TEC-L3-05,Technology L3 Role 05,TEC,L3,Y,0.5,19.5,2024-02-16,
ASN-003132-01,HRIS-WKR-003132,POS-HR-L1-0111,JOB-HR-L1-03,People L1 Role 03,HR,L1,Y,1.0,39.0,2019-10-14,
ASN-003132-02,HRIS-WKR-003132,POS-TEC-L3-0194,JOB-TEC-L3-02,Technology L3 Role 02,TEC,L3,N,0.4,15.6,2024-12-28,
ASN-003133-01,HRIS-WKR-003133,POS-ENG-L5-0029,JOB-ENG-L5-05,Engineering L5 Role 05,ENG,L5,Y,1.0,39.0,2025-11-17,
ASN-003134-01,HRIS-WKR-003134,POS-FIN-L6-0105,JOB-FIN-L6-03,Finance L6 Role 03,FIN,L6,Y,1.0,39.0,2019-01-26,
ASN-003135-01,HRIS-WKR-003135,POS-TEC-L2-0190,JOB-TEC-L2-04,Technology L2 Role 04,TEC,L2,Y,1.0,39.0,2025-12-21,
ASN-003136-01,HRIS-WKR-003136,POS-TEC-L4-0204,JOB-TEC-L4-06,Technology L4 Role 06,TEC,L4,Y,1.0,39.0,2025-02-13,
ASN-003137-01,HRIS-WKR-003137,POS-TEC-L5-0206,JOB-TEC-L5-02,Technology L5 Role 02,TEC,L5,Y,1.0,39.0,2023-05-17,
ASN-003138-01,HRIS-WKR-003138,POS-TEC-L1-0183,JOB-TEC-L1-03,Technology L1 Role 03,TEC,L1,Y,1.0,39.0,2019-06-27,
ASN-003139-01,HRIS-WKR-003139,POS-SAL-L2-0151,JOB-SAL-L2-01,Sales L2 Role 01,SAL,L2,Y,1.0,39.0,2026-01-08,
ASN-003140-01,HRIS-WKR-003140,POS-SAL-L6-0176,JOB-SAL-L6-02,Sales L6 Role 02,SAL,L6,Y,0.4,15.6,2024-06-05,
ASN-003141-01,HRIS-WKR-003141,POS-FIN-L4-0092,JOB-FIN-L4-02,Finance L4 Role 02,FIN,L4,Y,1.0,39.0,2024-06-20,
ASN-003142-01,HRIS-WKR-003142,POS-FIN-L5-0102,JOB-FIN-L5-06,Finance L5 Role 06,FIN,L6,Y,0.6,23.4,2021-09-10,
ASN-003143-01,HRIS-WKR-003143,POS-ENG-L1-0006,JOB-ENG-L1-06,Engineering L1 Role 06,ENG,L1,Y,1.0,39.0,2020-12-01,
ASN-003144-01,HRIS-WKR-003144,POS-OPS-L1-0041,JOB-OPS-L1-05,Operations L1 Role 05,OPS,L1,Y,1.0,39.0,2023-09-23,
ASN-003145-01,HRIS-WKR-003145,POS-FIN-L4-0096,JOB-FIN-L4-06,Finance L4 Role 06,FIN,L4,Y,1.0,39.0,2018-03-05,
ASN-003146-01,HRIS-WKR-003146,POS-HR-L4-0132,JOB-HR-L4-06,People L4 Role 06,HR,L4,Y,1.0,39.0,2019-06-15,
ASN-003147-01,HRIS-WKR-003147,POS-OPS-L3-0051,JOB-OPS-L3-03,Operations L3 Role 03,OPS,L3,Y,1.0,39.0,2024-10-18,
ASN-003148-01,HRIS-WKR-003148,POS-ENG-L6-0035,JOB-ENG-L6-05,Engineering L6 Role 05,ENG,L6,Y,1.0,39.0,2020-11-30,
ASN-003149-01,HRIS-WKR-003149,POS-SAL-L5-0169,JOB-SAL-L5-01,Sales L5 Role 01,SAL,L5,Y,1.0,39.0,2019-05-02,
ASN-003150-01,HRIS-WKR-003150,POS-FIN-L3-0085,JOB-FIN-L3-01,Finance L3 Role 01,FIN,L3,Y,0.8,31.2,2020-01-06,
ASN-003151-01,HRIS-WKR-003151,POS-ENG-L5-0030,JOB-ENG-L5-06,Engineering L5 Role 06,ENG,L5,Y,1.0,39.0,2018-03-19,
ASN-003152-01,HRIS-WKR-003152,POS-SAL-L6-0175,JOB-SAL-L6-01,Sales L6 Role 01,SAL,L6,Y,0.5,19.5,2020-10-28,
ASN-003153-01,HRIS-WKR-003153,POS-ENG-L2-0012,JOB-ENG-L2-06,Engineering L2 Role 06,ENG,L2,Y,1.0,39.0,2023-09-27,
ASN-003154-01,HRIS-WKR-003154,POS-TEC-L6-0211,JOB-TEC-L6-01,Technology L6 Role 01,TEC,L6,Y,1.0,39.0,2025-05-02,
ASN-003155-01,HRIS-WKR-003155,POS-HR-L3-0125,JOB-HR-L3-05,People L3 Role 05,HR,L3,Y,0.8,31.2,2019-11-08,
ASN-003156-01,HRIS-WKR-003156,POS-ENG-L1-0004,JOB-ENG-L1-04,Engineering L1 Role 04,ENG,L1,Y,1.0,39.0,2020-10-25,
ASN-003157-01,HRIS-WKR-003157,POS-TEC-L1-0181,JOB-TEC-L1-01,Technology L1 Role 01,TEC,L1,Y,,,2021-11-12,
ASN-003158-01,HRIS-WKR-003158,POS-FIN-L3-0089,JOB-FIN-L3-05,Finance L3 Role 05,FIN,L3,Y,1.0,39.0,2021-12-16,
ASN-003159-01,HRIS-WKR-003159,POS-FIN-L2-0084,JOB-FIN-L2-06,Finance L2 Role 06,FIN,L2,Y,1.0,39.0,2018-01-07,
ASN-003160-01,HRIS-WKR-003160,POS-SAL-L5-0173,JOB-SAL-L5-05,Sales L5 Role 05,SAL,L5,Y,1.0,39.0,2021-03-17,
ASN-003161-01,HRIS-WKR-003161,POS-SAL-L1-0150,JOB-SAL-L1-06,Sales L1 Role 06,SAL,L1,Y,1.0,39.0,2025-04-06,
ASN-003162-01,HRIS-WKR-003162,POS-OPS-L5-0062,JOB-OPS-L5-02,Operations L5 Role 02,OPS,L5,Y,1.0,39.0,2020-05-19,
ASN-003163-01,HRIS-WKR-003163,POS-TEC-L4-0202,JOB-TEC-L4-04,Technology L4 Role 04,TEC,L4,Y,1.0,39.0,2024-11-10,
ASN-003164-01,HRIS-WKR-003164,POS-FIN-L4-0092,JOB-FIN-L4-02,Finance L4 Role 02,FIN,L4,Y,0.8,31.2,2019-01-28,
ASN-003165-01,HRIS-WKR-003165,POS-FIN-L1-0077,JOB-FIN-L1-05,Finance L1 Role 05,FIN,L1,Y,1.0,39.0,2023-01-12,
ASN-003166-01,HRIS-WKR-003166,POS-TEC-L1-0183,JOB-TEC-L1-03,Technology L1 Role 03,TEC,L1,Y,1.0,39.0,2022-11-14,
ASN-003167-01,HRIS-WKR-003167,POS-ENG-L3-0015,JOB-ENG-L3-03,Engineering L3 Role 03,ENG,L3,Y,0.4,15.6,2025-06-14,
ASN-003167-02,HRIS-WKR-003167,POS-TEC-L1-0186,JOB-TEC-L1-06,Technology L1 Role 06,TEC,L1,N,0.3,11.7,2018-08-04,
ASN-003168-01,HRIS-WKR-003168,POS-OPS-L3-0051,JOB-OPS-L3-03,Operations L3 Role 03,OPS,L3,Y,1.0,39.0,2022-03-03,
ASN-003169-01,HRIS-WKR-003169,POS-OPS-L4-0055,JOB-OPS-L4-01,Operations L4 Role 01,OPS,L4,Y,1.0,39.0,2023-01-24,
ASN-003170-01,HRIS-WKR-003170,POS-ENG-L2-0008,JOB-ENG-L2-02,Engineering L2 Role 02,ENG,L2,Y,1.0,39.0,2018-05-07,
ASN-003171-01,HRIS-WKR-003171,POS-TEC-L6-0216,JOB-TEC-L6-06,Technology L6 Role 06,TEC,L6,Y,1.0,39.0,2023-12-12,
ASN-003172-01,HRIS-WKR-003172,POS-ENG-L5-0030,JOB-ENG-L5-06,Engineering L5 Role 06,ENG,L5,Y,1.0,39.0,2024-10-03,
ASN-003172-02,HRIS-WKR-003172,POS-ENG-L1-0003,JOB-ENG-L1-03,Engineering L1 Role 03,ENG,L1,N,0.2,7.8,2025-11-21,
ASN-003173-01,HRIS-WKR-003173,POS-HR-L3-0123,JOB-HR-L3-03,People L3 Role 03,HR,L3,Y,0.6,23.4,2019-11-14,
ASN-003174-01,HRIS-WKR-003174,POS-SAL-L1-0149,JOB-SAL-L1-05,Sales L1 Role 05,SAL,L1,Y,,,2021-09-15,
ASN-003175-01,HRIS-WKR-003175,POS-SAL-L2-0155,JOB-SAL-L2-05,Sales L2 Role 05,SAL,L2,Y,1.0,39.0,2020-11-25,
ASN-003176-01,HRIS-WKR-003176,POS-ENG-L6-0031,JOB-ENG-L6-01,Engineering L6 Role 01,ENG,L6,Y,1.0,39.0,2021-07-19,
ASN-003177-01,HRIS-WKR-003177,POS-OPS-L5-0065,JOB-OPS-L5-05,Operations L5 Role 05,OPS,L5,Y,1.0,39.0,2024-03-02,
ASN-003178-01,HRIS-WKR-003178,POS-OPS-L4-0059,JOB-OPS-L4-05,Operations L4 Role 05,OPS,L4,Y,0.6,23.4,2022-04-07,
ASN-003179-01,HRIS-WKR-003179,POS-TEC-L1-0186,JOB-TEC-L1-06,Technology L1 Role 06,TEC,L1,Y,1.0,39.0,2022-08-18,
ASN-003179-02,HRIS-WKR-003179,POS-OPS-L3-0051,JOB-OPS-L3-03,Operations L3 Role 03,OPS,L3,N,0.3,11.7,2023-12-11,
ASN-003180-01,HRIS-WKR-003180,POS-OPS-L2-0043,JOB-OPS-L2-01,Operations L2 Role 01,OPS,L2,Y,,,2019-01-23,
ASN-003180-02,HRIS-WKR-003180,POS-TEC-L3-0197,JOB-TEC-L3-05,Technology L3 Role 05,TEC,L3,N,0.2,7.8,2024-06-25,
ASN-003181-01,HRIS-WKR-003181,POS-FIN-L1-0074,JOB-FIN-L1-02,Finance L1 Role 02,FIN,L1,Y,1.0,39.0,2018-12-08,
ASN-003182-01,HRIS-WKR-003182,POS-TEC-L4-0203,JOB-TEC-L4-05,Technology L4 Role 05,TEC,L4,Y,1.0,39.0,2023-12-25,
ASN-003183-01,HRIS-WKR-003183,POS-TEC-L3-0197,JOB-TEC-L3-05,Technology L3 Role 05,TEC,L3,Y,1.0,39.0,2020-12-06,
ASN-003184-01,HRIS-WKR-003184,POS-HR-L3-0122,JOB-HR-L3-02,People L3 Role 02,HR,L3,Y,1.0,39.0,2018-07-17,
ASN-003184-02,HRIS-WKR-003184,POS-HR-L5-0137,JOB-HR-L5-05,People L5 Role 05,HR,L5,N,0.3,11.7,2019-02-21,
ASN-003185-01,HRIS-WKR-003185,POS-TEC-L1-0183,JOB-TEC-L1-03,Technology L1 Role 03,TEC,L1,Y,1.0,39.0,2018-04-19,
ASN-003186-01,HRIS-WKR-003186,POS-TEC-L4-0200,JOB-TEC-L4-02,Technology L4 Role 02,TEC,L4,Y,1.0,39.0,2023-09-03,
ASN-003187-01,HRIS-WKR-003187,POS-FIN-L1-0075,JOB-FIN-L1-03,Finance L1 Role 03,FIN,L1,Y,1.0,39.0,2018-09-15,
ASN-003188-01,HRIS-WKR-003188,POS-ENG-L6-0032,JOB-ENG-L6-02,Engineering L6 Role 02,ENG,L6,Y,1.0,39.0,2023-06-11,
ASN-003189-01,HRIS-WKR-003189,POS-SAL-L1-0147,JOB-SAL-L1-03,Sales L1 Role 03,SAL,L1,Y,0.8,31.2,2023-10-26,
ASN-003190-01,HRIS-WKR-003190,POS-ENG-L4-0021,JOB-ENG-L4-03,Engineering L4 Role 03,ENG,L4,Y,1.0,39.0,2020-02-03,
ASN-003191-01,HRIS-WKR-003191,POS-TEC-L4-0202,JOB-TEC-L4-04,Technology L4 Role 04,TEC,L4,Y,1.0,39.0,2023-04-09,
ASN-003192-01,HRIS-WKR-003192,POS-HR-L6-0140,JOB-HR-L6-02,People L6 Role 02,HR,L6,Y,,,2022-11-02,
ASN-003192-02,HRIS-WKR-003192,POS-ENG-L1-0004,JOB-ENG-L1-04,Engineering L1 Role 04,ENG,L1,N,0.3,11.7,2022-09-02,
ASN-003193-01,HRIS-WKR-003193,POS-FIN-L4-0096,JOB-FIN-L4-06,Finance L4 Role 06,FIN,L4,Y,0.5,19.5,2023-03-13,
ASN-003194-01,HRIS-WKR-003194,POS-FIN-L4-0092,JOB-FIN-L4-02,Finance L4 Role 02,FIN,L6,Y,1.0,39.0,2018-06-04,
ASN-003195-01,HRIS-WKR-003195,POS-OPS-L6-0070,JOB-OPS-L6-04,Operations L6 Role 04,OPS,L6,Y,1.0,39.0,2021-12-23,
ASN-003196-01,HRIS-WKR-003196,POS-TEC-L3-0195,JOB-TEC-L3-03,Technology L3 Role 03,TEC,L1,Y,1.0,39.0,2021-09-29,
ASN-003197-01,HRIS-WKR-003197,POS-HR-L5-0138,JOB-HR-L5-06,People L5 Role 06,HR,L5,Y,1.0,39.0,2021-01-30,
ASN-003198-01,HRIS-WKR-003198,POS-HR-L2-0119,JOB-HR-L2-05,People L2 Role 05,HR,L2,Y,1.0,39.0,2024-08-03,
ASN-003198-02,HRIS-WKR-003198,POS-FIN-L6-0103,JOB-FIN-L6-01,Finance L6 Role 01,FIN,L6,N,0.2,7.8,2020-08-14,
ASN-003199-01,HRIS-WKR-003199,POS-TEC-L4-0203,JOB-TEC-L4-05,Technology L4 Role 05,TEC,L4,Y,1.0,39.0,2025-03-09,
ASN-003199-02,HRIS-WKR-003199,POS-TEC-L6-0213,JOB-TEC-L6-03,Technology L6 Role 03,TEC,L6,N,0.4,15.6,2019-06-29,
ASN-003200-01,HRIS-WKR-003200,POS-SAL-L1-0146,JOB-SAL-L1-02,Sales L1 Role 02,SAL,L1,Y,1.0,39.0,2020-02-14,
ASN-003201-01,HRIS-WKR-003201,POS-HR-L1-0110,JOB-HR-L1-02,People L1 Role 02,HR,L1,Y,1.0,39.0,2020-07-06,
ASN-003202-01,HRIS-WKR-003202,POS-TEC-L1-0183,JOB-TEC-L1-03,Technology L1 Role 03,TEC,L1,Y,1.0,39.0,2019-11-29,
ASN-003203-01,HRIS-WKR-003203,POS-FIN-L1-0075,JOB-FIN-L1-03,Finance L1 Role 03,FIN,L1,Y,1.0,39.0,2019-03-11,
ASN-003204-01,HRIS-WKR-003204,POS-TEC-L1-0185,JOB-TEC-L1-05,Technology L1 Role 05,TEC,L1,Y,1.0,39.0,2020-08-09,
ASN-003204-02,HRIS-WKR-003204,POS-OPS-L5-0063,JOB-OPS-L5-03,Operations L5 Role 03,OPS,L5,N,0.2,7.8,2021-05-26,
ASN-003205-01,HRIS-WKR-003205,POS-FIN-L5-0099,JOB-FIN-L5-03,Finance L5 Role 03,FIN,L5,Y,1.0,39.0,2021-08-01,
ASN-003206-01,HRIS-WKR-003206,POS-SAL-L3-0158,JOB-SAL-L3-02,Sales L3 Role 02,SAL,L3,Y,0.5,19.5,2023-10-09,
ASN-003207-01,HRIS-WKR-003207,POS-TEC-L5-0205,JOB-TEC-L5-01,Technology L5 Role 01,TEC,L5,Y,1.0,39.0,2023-03-03,
ASN-003208-01,HRIS-WKR-003208,POS-ENG-L5-0026,JOB-ENG-L5-02,Engineering L5 Role 02,ENG,L5,Y,0.6,23.4,2021-02-11,
ASN-003209-01,HRIS-WKR-003209,POS-TEC-L3-0195,JOB-TEC-L3-03,Technology L3 Role 03,TEC,L3,Y,1.0,39.0,2023-08-17,
ASN-003209-02,HRIS-WKR-003209,POS-SAL-L6-0176,JOB-SAL-L6-02,Sales L6 Role 02,SAL,L6,N,0.4,15.6,2022-02-09,
ASN-003210-01,HRIS-WKR-003210,POS-OPS-L4-0059,JOB-OPS-L4-05,Operations L4 Role 05,OPS,L4,Y,1.0,39.0,2021-04-03,
ASN-003211-01,HRIS-WKR-003211,POS-HR-L2-0120,JOB-HR-L2-06,People L2 Role 06,HR,L2,Y,1.0,39.0,2019-01-06,
ASN-003212-01,HRIS-WKR-003212,POS-TEC-L1-0181,JOB-TEC-L1-01,Technology L1 Role 01,TEC,L1,Y,1.0,39.0,2025-01-26,
ASN-003212-02,HRIS-WKR-003212,POS-TEC-L5-0208,JOB-TEC-L5-04,Technology L5 Role 04,TEC,L5,N,0.3,11.7,2022-03-09,
ASN-003213-01,HRIS-WKR-003213,POS-OPS-L5-0062,JOB-OPS-L5-02,Operations L5 Role 02,OPS,L5,Y,1.0,39.0,2025-02-06,
ASN-003214-01,HRIS-WKR-003214,POS-ENG-L1-0002,JOB-ENG-L1-02,Engineering L1 Role 02,ENG,L1,Y,1.0,39.0,2024-03-11,
ASN-003214-02,HRIS-WKR-003214,POS-TEC-L6-0211,JOB-TEC-L6-01,Technology L6 Role 01,TEC,L6,N,0.2,7.8,2025-10-22,
ASN-003215-01,HRIS-WKR-003215,POS-FIN-L1-0074,JOB-FIN-L1-02,Finance L1 Role 02,FIN,L1,Y,1.0,39.0,2025-02-23,
ASN-003216-01,HRIS-WKR-003216,POS-ENG-L1-0001,JOB-ENG-L1-01,Engineering L1 Role 01,ENG,L1,Y,0.5,19.5,2019-11-23,
ASN-003217-01,HRIS-WKR-003217,POS-SAL-L3-0161,JOB-SAL-L3-05,Sales L3 Role 05,SAL,L3,Y,1.0,39.0,2020-04-02,
ASN-003218-01,HRIS-WKR-003218,POS-HR-L6-0143,JOB-HR-L6-05,People L6 Role 05,HR,L6,Y,1.0,39.0,2018-08-25,
ASN-003219-01,HRIS-WKR-003219,POS-FIN-L6-0103,JOB-FIN-L6-01,Finance L6 Role 01,FIN,L6,Y,1.0,39.0,2020-10-24,
ASN-003220-01,HRIS-WKR-003220,POS-OPS-L2-0046,JOB-OPS-L2-04,Operations L2 Role 04,OPS,L2,Y,1.0,39.0,2019-09-01,
ASN-003221-01,HRIS-WKR-003221,POS-OPS-L6-0072,JOB-OPS-L6-06,Operations L6 Role 06,OPS,L6,Y,1.0,39.0,2021-02-03,
ASN-003222-01,HRIS-WKR-003222,POS-SAL-L5-0170,JOB-SAL-L5-02,Sales L5 Role 02,SAL,L5,Y,1.0,39.0,2025-12-21,
ASN-003223-01,HRIS-WKR-003223,POS-OPS-L5-0066,JOB-OPS-L5-06,Operations L5 Role 06,OPS,L5,Y,1.0,39.0,2022-10-26,
ASN-003224-01,HRIS-WKR-003224,POS-FIN-L4-0092,JOB-FIN-L4-02,Finance L4 Role 02,FIN,L4,Y,,,2022-12-17,
ASN-003225-01,HRIS-WKR-003225,POS-TEC-L4-0203,JOB-TEC-L4-05,Technology L4 Role 05,TEC,L4,Y,1.0,39.0,2023-04-09,
ASN-003226-01,HRIS-WKR-003226,POS-OPS-L6-0072,JOB-OPS-L6-06,Operations L6 Role 06,OPS,L4,Y,1.0,39.0,2022-09-29,
ASN-003227-01,HRIS-WKR-003227,POS-FIN-L6-0106,JOB-FIN-L6-04,Finance L6 Role 04,FIN,L6,Y,1.0,39.0,2019-12-25,
ASN-003228-01,HRIS-WKR-003228,POS-FIN-L2-0083,JOB-FIN-L2-05,Finance L2 Role 05,FIN,L2,Y,1.0,39.0,2020-08-23,
ASN-003229-01,HRIS-WKR-003229,POS-HR-L5-0138,JOB-HR-L5-06,People L5 Role 06,HR,L5,Y,1.0,39.0,2019-03-09,
ASN-003230-01,HRIS-WKR-003230,POS-SAL-L5-0171,JOB-SAL-L5-03,Sales L5 Role 03,SAL,L5,Y,1.0,39.0,2022-09-13,
ASN-003231-01,HRIS-WKR-003231,POS-HR-L1-0112,JOB-HR-L1-04,People L1 Role 04,HR,L1,Y,1.0,39.0,2023-05-04,
ASN-003231-02,HRIS-WKR-003231,POS-TEC-L2-0190,JOB-TEC-L2-04,Technology L2 Role 04,TEC,L2,N,0.2,7.8,2020-04-02,
ASN-003232-01,HRIS-WKR-003232,POS-HR-L1-0112,JOB-HR-L1-04,People L1 Role 04,HR,L1,Y,1.0,39.0,2023-09-07,
ASN-003233-01,HRIS-WKR-003233,POS-TEC-L5-0207,JOB-TEC-L5-03,Technology L5 Role 03,TEC,L5,Y,1.0,39.0,2024-04-18,
ASN-003234-01,HRIS-WKR-003234,POS-HR-L4-0127,JOB-HR-L4-01,People L4 Role 01,HR,L4,Y,1.0,39.0,2018-09-16,
ASN-003235-01,HRIS-WKR-003235,POS-FIN-L2-0079,JOB-FIN-L2-01,Finance L2 Role 01,FIN,L2,Y,1.0,39.0,2023-03-04,
ASN-003236-01,HRIS-WKR-003236,POS-SAL-L4-0166,JOB-SAL-L4-04,Sales L4 Role 04,SAL,L4,Y,0.5,19.5,2023-08-04,
ASN-003237-01,HRIS-WKR-003237,POS-HR-L4-0132,JOB-HR-L4-06,People L4 Role 06,HR,L4,Y,1.0,39.0,2023-06-14,
ASN-003238-01,HRIS-WKR-003238,POS-SAL-L2-0151,JOB-SAL-L2-01,Sales L2 Role 01,SAL,L2,Y,1.0,39.0,2022-06-21,
ASN-003239-01,HRIS-WKR-003239,POS-HR-L5-0138,JOB-HR-L5-06,People L5 Role 06,HR,L3,Y,0.4,15.6,2020-07-10,
ASN-003240-01,HRIS-WKR-003240,POS-HR-L1-0109,JOB-HR-L1-01,People L1 Role 01,HR,L1,Y,0.8,31.2,2020-03-01,
ASN-003241-01,HRIS-WKR-003241,POS-TEC-L2-0191,JOB-TEC-L2-05,Technology L2 Role 05,TEC,L2,Y,0.6,23.4,2023-05-03,
ASN-003242-01,HRIS-WKR-003242,POS-HR-L1-0110,JOB-HR-L1-02,People L1 Role 02,HR,L1,Y,,,2025-02-20,
ASN-003242-02,HRIS-WKR-003242,POS-SAL-L3-0157,JOB-SAL-L3-01,Sales L3 Role 01,SAL,L3,N,0.2,7.8,2018-10-23,
ASN-003243-01,HRIS-WKR-003243,POS-HR-L1-0112,JOB-HR-L1-04,People L1 Role 04,HR,L1,Y,1.0,39.0,2022-01-28,
ASN-003244-01,HRIS-WKR-003244,POS-SAL-L1-0148,JOB-SAL-L1-04,Sales L1 Role 04,SAL,L1,Y,1.0,39.0,2024-12-17,
ASN-003245-01,HRIS-WKR-003245,POS-TEC-L6-0214,JOB-TEC-L6-04,Technology L6 Role 04,TEC,L6,Y,1.0,39.0,2021-02-13,
ASN-003246-01,HRIS-WKR-003246,POS-SAL-L1-0149,JOB-SAL-L1-05,Sales L1 Role 05,SAL,L1,Y,0.4,15.6,2024-06-05,
ASN-003247-01,HRIS-WKR-003247,POS-SAL-L2-0155,JOB-SAL-L2-05,Sales L2 Role 05,SAL,L2,Y,0.6,23.4,2023-02-02,
ASN-003248-01,HRIS-WKR-003248,POS-HR-L6-0143,JOB-HR-L6-05,People L6 Role 05,HR,L6,Y,1.0,39.0,2024-04-10,
ASN-003249-01,HRIS-WKR-003249,POS-ENG-L5-0027,JOB-ENG-L5-03,Engineering L5 Role 03,ENG,L5,Y,1.0,39.0,2024-01-14,
ASN-003249-02,HRIS-WKR-003249,POS-ENG-L1-0002,JOB-ENG-L1-02,Engineering L1 Role 02,ENG,L1,N,0.3,11.7,2021-01-27,
ASN-003250-01,HRIS-WKR-003250,POS-TEC-L6-0215,JOB-TEC-L6-05,Technology L6 Role 05,TEC,L6,Y,1.0,39.0,2018-07-21,
ASN-003251-01,HRIS-WKR-003251,POS-OPS-L5-0066,JOB-OPS-L5-06,Operations L5 Role 06,OPS,L5,Y,1.0,39.0,2025-03-28,
ASN-003252-01,HRIS-WKR-003252,POS-TEC-L4-0202,JOB-TEC-L4-04,Technology L4 Role 04,TEC,L4,Y,0.6,23.4,2025-03-03,
ASN-003253-01,HRIS-WKR-003253,POS-ENG-L6-0031,JOB-ENG-L6-01,Engineering L6 Role 01,ENG,L6,Y,0.5,19.5,2025-12-23,
ASN-003254-01,HRIS-WKR-003254,POS-FIN-L2-0082,JOB-FIN-L2-04,Finance L2 Role 04,FIN,L2,Y,1.0,39.0,2022-04-05,
ASN-003255-01,HRIS-WKR-003255,POS-FIN-L6-0108,JOB-FIN-L6-06,Finance L6 Role 06,FIN,L6,Y,1.0,39.0,2024-05-05,
ASN-003256-01,HRIS-WKR-003256,POS-FIN-L3-0088,JOB-FIN-L3-04,Finance L3 Role 04,FIN,L3,Y,0.8,31.2,2019-07-30,
ASN-003257-01,HRIS-WKR-003257,POS-ENG-L3-0014,JOB-ENG-L3-02,Engineering L3 Role 02,ENG,L3,Y,1.0,39.0,2021-08-20,
ASN-003258-01,HRIS-WKR-003258,POS-HR-L1-0111,JOB-HR-L1-03,People L1 Role 03,HR,L1,Y,1.0,39.0,2023-07-11,
ASN-003259-01,HRIS-WKR-003259,POS-FIN-L1-0076,JOB-FIN-L1-04,Finance L1 Role 04,FIN,L1,Y,0.6,23.4,2023-07-19,
ASN-003260-01,HRIS-WKR-003260,POS-HR-L6-0142,JOB-HR-L6-04,People L6 Role 04,HR,L6,Y,1.0,39.0,2023-04-22,
ASN-003261-01,HRIS-WKR-003261,POS-ENG-L2-0009,JOB-ENG-L2-03,Engineering L2 Role 03,ENG,L2,Y,0.8,31.2,2018-09-10,
ASN-003262-01,HRIS-WKR-003262,POS-FIN-L2-0083,JOB-FIN-L2-05,Finance L2 Role 05,FIN,L2,Y,1.0,39.0,2023-11-12,
ASN-003263-01,HRIS-WKR-003263,POS-TEC-L5-0209,JOB-TEC-L5-05,Technology L5 Role 05,TEC,L5,Y,1.0,39.0,2018-09-28,
ASN-003264-01,HRIS-WKR-003264,POS-TEC-L4-0204,JOB-TEC-L4-06,Technology L4 Role 06,TEC,L4,Y,1.0,39.0,2023-04-18,
ASN-003265-01,HRIS-WKR-003265,POS-HR-L1-0113,JOB-HR-L1-05,People L1 Role 05,HR,L3,Y,1.0,39.0,2025-12-20,
ASN-003266-01,HRIS-WKR-003266,POS-FIN-L1-0073,JOB-FIN-L1-01,Finance L1 Role 01,FIN,L1,Y,1.0,39.0,2021-08-22,
ASN-003267-01,HRIS-WKR-003267,POS-SAL-L6-0178,JOB-SAL-L6-04,Sales L6 Role 04,SAL,L6,Y,0.8,31.2,2023-02-02,
ASN-003267-02,HRIS-WKR-003267,POS-TEC-L6-0213,JOB-TEC-L6-03,Technology L6 Role 03,TEC,L6,N,0.2,7.8,2025-07-12,
ASN-003268-01,HRIS-WKR-003268,POS-HR-L6-0144,JOB-HR-L6-06,People L6 Role 06,HR,L6,Y,0.4,15.6,2018-07-31,
ASN-003269-01,HRIS-WKR-003269,POS-TEC-L2-0187,JOB-TEC-L2-01,Technology L2 Role 01,TEC,L2,Y,1.0,39.0,2025-12-16,
ASN-003270-01,HRIS-WKR-003270,POS-OPS-L4-0056,JOB-OPS-L4-02,Operations L4 Role 02,OPS,L4,Y,1.0,39.0,2021-08-31,
ASN-003271-01,HRIS-WKR-003271,POS-FIN-L5-0098,JOB-FIN-L5-02,Finance L5 Role 02,FIN,L5,Y,1.0,39.0,2023-07-30,
ASN-003271-02,HRIS-WKR-003271,POS-SAL-L6-0176,JOB-SAL-L6-02,Sales L6 Role 02,SAL,L6,N,0.2,7.8,2020-01-03,
ASN-003272-01,HRIS-WKR-003272,POS-SAL-L4-0167,JOB-SAL-L4-05,Sales L4 Role 05,SAL,L4,Y,1.0,39.0,2020-03-11,
ASN-003273-01,HRIS-WKR-003273,POS-SAL-L2-0151,JOB-SAL-L2-01,Sales L2 Role 01,SAL,L2,Y,0.8,31.2,2024-10-13,
ASN-003274-01,HRIS-WKR-003274,POS-OPS-L2-0047,JOB-OPS-L2-05,Operations L2 Role 05,OPS,L2,Y,0.6,23.4,2024-11-13,
ASN-003275-01,HRIS-WKR-003275,POS-TEC-L2-0191,JOB-TEC-L2-05,Technology L2 Role 05,TEC,L2,Y,1.0,39.0,2021-04-06,
ASN-003276-01,HRIS-WKR-003276,POS-ENG-L4-0022,JOB-ENG-L4-04,Engineering L4 Role 04,ENG,L4,Y,1.0,39.0,2018-11-16,
ASN-003277-01,HRIS-WKR-003277,POS-SAL-L6-0175,JOB-SAL-L6-01,Sales L6 Role 01,SAL,L6,Y,,,2022-07-05,
ASN-003278-01,HRIS-WKR-003278,POS-ENG-L1-0003,JOB-ENG-L1-03,Engineering L1 Role 03,ENG,L1,Y,1.0,39.0,2023-10-29,
ASN-003279-01,HRIS-WKR-003279,POS-ENG-L3-0016,JOB-ENG-L3-04,Engineering L3 Role 04,ENG,L3,Y,1.0,39.0,2023-05-20,
ASN-003280-01,HRIS-WKR-003280,POS-FIN-L5-0098,JOB-FIN-L5-02,Finance L5 Role 02,FIN,L5,Y,1.0,39.0,2019-11-02,
ASN-003281-01,HRIS-WKR-003281,POS-HR-L5-0134,JOB-HR-L5-02,People L5 Role 02,HR,L5,Y,1.0,39.0,2025-10-26,
ASN-003282-01,HRIS-WKR-003282,POS-HR-L3-0125,JOB-HR-L3-05,People L3 Role 05,HR,L3,Y,0.8,31.2,2023-11-20,
ASN-003283-01,HRIS-WKR-003283,POS-FIN-L1-0074,JOB-FIN-L1-02,Finance L1 Role 02,FIN,L1,Y,0.8,31.2,2022-04-29,
ASN-003284-01,HRIS-WKR-003284,POS-TEC-L2-0191,JOB-TEC-L2-05,Technology L2 Role 05,TEC,L2,Y,1.0,39.0,2025-12-12,
ASN-003285-01,HRIS-WKR-003285,POS-FIN-L2-0081,JOB-FIN-L2-03,Finance L2 Role 03,FIN,L2,Y,1.0,39.0,2021-09-24,
ASN-003286-01,HRIS-WKR-003286,POS-ENG-L2-0007,JOB-ENG-L2-01,Engineering L2 Role 01,ENG,L2,Y,0.8,31.2,2021-11-07,
ASN-003287-01,HRIS-WKR-003287,POS-OPS-L5-0066,JOB-OPS-L5-06,Operations L5 Role 06,OPS,L5,Y,0.8,31.2,2022-02-23,
ASN-003288-01,HRIS-WKR-003288,POS-FIN-L3-0089,JOB-FIN-L3-05,Finance L3 Role 05,FIN,L3,Y,,,2018-04-22,
ASN-003289-01,HRIS-WKR-003289,POS-OPS-L6-0071,JOB-OPS-L6-05,Operations L6 Role 05,OPS,L6,Y,1.0,39.0,2023-09-03,
ASN-003290-01,HRIS-WKR-003290,POS-FIN-L4-0093,JOB-FIN-L4-03,Finance L4 Role 03,FIN,L4,Y,0.4,15.6,2019-10-03,
ASN-003291-01,HRIS-WKR-003291,POS-HR-L2-0117,JOB-HR-L2-03,People L2 Role 03,HR,L2,Y,1.0,39.0,2021-03-28,
ASN-003292-01,HRIS-WKR-003292,POS-SAL-L3-0160,JOB-SAL-L3-04,Sales L3 Role 04,SAL,L3,Y,1.0,39.0,2020-02-14,
ASN-003292-02,HRIS-WKR-003292,POS-ENG-L2-0011,JOB-ENG-L2-05,Engineering L2 Role 05,ENG,L2,N,0.2,7.8,2023-08-14,
ASN-003293-01,HRIS-WKR-003293,POS-HR-L4-0127,JOB-HR-L4-01,People L4 Role 01,HR,L4,Y,1.0,39.0,2019-12-24,
ASN-003294-01,HRIS-WKR-003294,POS-ENG-L5-0026,JOB-ENG-L5-02,Engineering L5 Role 02,ENG,L5,Y,1.0,39.0,2024-03-07,
ASN-003295-01,HRIS-WKR-003295,POS-FIN-L3-0086,JOB-FIN-L3-02,Finance L3 Role 02,FIN,L3,Y,1.0,39.0,2024-10-18,
ASN-003296-01,HRIS-WKR-003296,POS-OPS-L6-0069,JOB-OPS-L6-03,Operations L6 Role 03,OPS,L6,Y,,,2019-06-08,
ASN-003297-01,HRIS-WKR-003297,POS-TEC-L1-0181,JOB-TEC-L1-01,Technology L1 Role 01,TEC,L1,Y,1.0,39.0,2023-01-14,
ASN-003298-01,HRIS-WKR-003298,POS-ENG-L3-0016,JOB-ENG-L3-04,Engineering L3 Role 04,ENG,L5,Y,1.0,39.0,2019-06-06,
ASN-003299-01,HRIS-WKR-003299,POS-ENG-L2-0010,JOB-ENG-L2-04,Engineering L2 Role 04,ENG,L2,Y,0.6,23.4,2025-02-15,
ASN-003300-01,HRIS-WKR-003300,POS-FIN-L4-0095,JOB-FIN-L4-05,Finance L4 Role 05,FIN,L4,Y,1.0,39.0,2018-06-26,
ASN-003301-01,HRIS-WKR-003301,POS-HR-L1-0114,JOB-HR-L1-06,People L1 Role 06,HR,L1,Y,1.0,39.0,2019-09-13,
ASN-003302-01,HRIS-WKR-003302,POS-ENG-L6-0035,JOB-ENG-L6-05,Engineering L6 Role 05,ENG,L6,Y,0.6,23.4,2021-07-29,
ASN-003303-01,HRIS-WKR-003303,POS-TEC-L6-0211,JOB-TEC-L6-01,Technology L6 Role 01,TEC,L6,Y,0.6,23.4,2024-01-26,
ASN-003304-01,HRIS-WKR-003304,POS-ENG-L6-0031,JOB-ENG-L6-01,Engineering L6 Role 01,ENG,L6,Y,1.0,39.0,2020-03-03,
ASN-003305-01,HRIS-WKR-003305,POS-ENG-L3-0017,JOB-ENG-L3-05,Engineering L3 Role 05,ENG,L3,Y,1.0,39.0,2024-11-20,
ASN-003306-01,HRIS-WKR-003306,POS-HR-L1-0110,JOB-HR-L1-02,People L1 Role 02,HR,L1,Y,1.0,39.0,2025-09-27,
ASN-003307-01,HRIS-WKR-003307,POS-SAL-L3-0160,JOB-SAL-L3-04,Sales L3 Role 04,SAL,L3,Y,1.0,39.0,2019-12-25,
ASN-003308-01,HRIS-WKR-003308,POS-OPS-L4-0060,JOB-OPS-L4-06,Operations L4 Role 06,OPS,L4,Y,1.0,39.0,2026-01-08,
ASN-003309-01,HRIS-WKR-003309,POS-ENG-L1-0001,JOB-ENG-L1-01,Engineering L1 Role 01,ENG,L1,Y,1.0,39.0,2019-04-23,
ASN-003310-01,HRIS-WKR-003310,POS-OPS-L1-0041,JOB-OPS-L1-05,Operations L1 Role 05,OPS,L1,Y,1.0,39.0,2018-10-17,
ASN-003311-01,HRIS-WKR-003311,POS-ENG-L3-0018,JOB-ENG-L3-06,Engineering L3 Role 06,ENG,L3,Y,1.0,39.0,2025-05-29,
ASN-003312-01,HRIS-WKR-003312,POS-FIN-L1-0076,JOB-FIN-L1-04,Finance L1 Role 04,FIN,L1,Y,1.0,39.0,2025-10-01,
ASN-003313-01,HRIS-WKR-003313,POS-OPS-L1-0041,JOB-OPS-L1-05,Operations L1 Role 05,OPS,L1,Y,0.6,23.4,2020-02-09,
ASN-003314-01,HRIS-WKR-003314,POS-HR-L1-0111,JOB-HR-L1-03,People L1 Role 03,HR,L1,Y,0.8,31.2,2024-01-05,
ASN-003315-01,HRIS-WKR-003315,POS-OPS-L2-0045,JOB-OPS-L2-03,Operations L2 Role 03,OPS,L2,Y,1.0,39.0,2021-01-30,
ASN-003316-01,HRIS-WKR-003316,POS-HR-L4-0127,JOB-HR-L4-01,People L4 Role 01,HR,L4,Y,1.0,39.0,2021-11-22,
ASN-003317-01,HRIS-WKR-003317,POS-TEC-L3-0197,JOB-TEC-L3-05,Technology L3 Role 05,TEC,L3,Y,1.0,39.0,2019-08-10,
ASN-003317-02,HRIS-WKR-003317,POS-OPS-L4-0058,JOB-OPS-L4-04,Operations L4 Role 04,OPS,L4,N,0.2,7.8,2025-03-14,
ASN-003318-01,HRIS-WKR-003318,POS-HR-L6-0142,JOB-HR-L6-04,People L6 Role 04,HR,L6,Y,1.0,39.0,2022-08-22,
ASN-003319-01,HRIS-WKR-003319,POS-FIN-L2-0083,JOB-FIN-L2-05,Finance L2 Role 05,FIN,L2,Y,1.0,39.0,2022-12-07,
ASN-003320-01,HRIS-WKR-003320,POS-SAL-L4-0166,JOB-SAL-L4-04,Sales L4 Role 04,SAL,L4,Y,1.0,39.0,2025-11-15,
ASN-003321-01,HRIS-WKR-003321,POS-ENG-L4-0020,JOB-ENG-L4-02,Engineering L4 Role 02,ENG,L4,Y,1.0,39.0,2023-03-27,
ASN-003322-01,HRIS-WKR-003322,POS-ENG-L1-0001,JOB-ENG-L1-01,Engineering L1 Role 01,ENG,L1,Y,1.0,39.0,2024-11-07,
ASN-003323-01,HRIS-WKR-003323,POS-TEC-L1-0186,JOB-TEC-L1-06,Technology L1 Role 06,TEC,L1,Y,1.0,39.0,2021-12-31,
ASN-003324-01,HRIS-WKR-003324,POS-OPS-L5-0063,JOB-OPS-L5-03,Operations L5 Role 03,OPS,L6,Y,1.0,39.0,2024-08-24,
ASN-003325-01,HRIS-WKR-003325,POS-TEC-L4-0199,JOB-TEC-L4-01,Technology L4 Role 01,TEC,L4,Y,1.0,39.0,2021-07-04,
ASN-003326-01,HRIS-WKR-003326,POS-SAL-L6-0175,JOB-SAL-L6-01,Sales L6 Role 01,SAL,L6,Y,0.8,31.2,2020-01-30,
ASN-003327-01,HRIS-WKR-003327,POS-FIN-L2-0082,JOB-FIN-L2-04,Finance L2 Role 04,FIN,L2,Y,0.8,31.2,2022-01-11,
ASN-003328-01,HRIS-WKR-003328,POS-SAL-L3-0160,JOB-SAL-L3-04,Sales L3 Role 04,SAL,L3,Y,0.5,19.5,2021-04-01,
ASN-003329-01,HRIS-WKR-003329,POS-ENG-L5-0027,JOB-ENG-L5-03,Engineering L5 Role 03,ENG,L5,Y,1.0,39.0,2022-07-22,
ASN-003330-01,HRIS-WKR-003330,POS-FIN-L3-0086,JOB-FIN-L3-02,Finance L3 Role 02,FIN,L3,Y,0.8,31.2,2021-05-28,
ASN-003331-01,HRIS-WKR-003331,POS-FIN-L6-0106,JOB-FIN-L6-04,Finance L6 Role 04,FIN,L6,Y,0.6,23.4,2018-06-09,
ASN-003332-01,HRIS-WKR-003332,POS-ENG-L4-0019,JOB-ENG-L4-01,Engineering L4 Role 01,ENG,L4,Y,1.0,39.0,2021-01-24,
ASN-003333-01,HRIS-WKR-003333,POS-TEC-L4-0203,JOB-TEC-L4-05,Technology L4 Role 05,TEC,L4,Y,0.8,31.2,2018-01-30,
ASN-003334-01,HRIS-WKR-003334,POS-FIN-L6-0108,JOB-FIN-L6-06,Finance L6 Role 06,FIN,L6,Y,0.4,15.6,2021-12-23,
ASN-003335-01,HRIS-WKR-003335,POS-OPS-L6-0069,JOB-OPS-L6-03,Operations L6 Role 03,OPS,L6,Y,1.0,39.0,2025-10-17,
ASN-003336-01,HRIS-WKR-003336,POS-ENG-L4-0020,JOB-ENG-L4-02,Engineering L4 Role 02,ENG,L4,Y,0.6,23.4,2018-12-23,
ASN-003337-01,HRIS-WKR-003337,POS-HR-L3-0121,JOB-HR-L3-01,People L3 Role 01,HR,L3,Y,0.8,31.2,2022-01-28,
ASN-003338-01,HRIS-WKR-003338,POS-ENG-L5-0026,JOB-ENG-L5-02,Engineering L5 Role 02,ENG,L5,Y,1.0,39.0,2023-07-18,
ASN-003339-01,HRIS-WKR-003339,POS-SAL-L4-0168,JOB-SAL-L4-06,Sales L4 Role 06,SAL,L4,Y,0.5,19.5,2019-10-20,
ASN-003340-01,HRIS-WKR-003340,POS-OPS-L4-0058,JOB-OPS-L4-04,Operations L4 Role 04,OPS,L4,Y,1.0,39.0,2018-09-12,
ASN-003341-01,HRIS-WKR-003341,POS-ENG-L1-0006,JOB-ENG-L1-06,Engineering L1 Role 06,ENG,L1,Y,,,2025-04-30,
ASN-003342-01,HRIS-WKR-003342,POS-TEC-L2-0191,JOB-TEC-L2-05,Technology L2 Role 05,TEC,L2,Y,1.0,39.0,2019-10-02,
ASN-003343-01,HRIS-WKR-003343,POS-SAL-L3-0157,JOB-SAL-L3-01,Sales L3 Role 01,SAL,L3,Y,0.6,23.4,2026-01-16,
ASN-003344-01,HRIS-WKR-003344,POS-OPS-L6-0072,JOB-OPS-L6-06,Operations L6 Role 06,OPS,L6,Y,0.8,31.2,2020-01-28,
ASN-003345-01,HRIS-WKR-003345,POS-SAL-L2-0152,JOB-SAL-L2-02,Sales L2 Role 02,SAL,L1,Y,1.0,39.0,2025-03-30,
ASN-003346-01,HRIS-WKR-003346,POS-TEC-L5-0205,JOB-TEC-L5-01,Technology L5 Role 01,TEC,L5,Y,1.0,39.0,2018-10-17,
ASN-003347-01,HRIS-WKR-003347,POS-SAL-L4-0168,JOB-SAL-L4-06,Sales L4 Role 06,SAL,L4,Y,1.0,39.0,2025-08-31,
ASN-003348-01,HRIS-WKR-003348,POS-TEC-L5-0205,JOB-TEC-L5-01,Technology L5 Role 01,TEC,L5,Y,1.0,39.0,2019-12-31,
ASN-003349-01,HRIS-WKR-003349,POS-HR-L2-0117,JOB-HR-L2-03,People L2 Role 03,HR,L2,Y,1.0,39.0,2022-10-10,
ASN-003350-01,HRIS-WKR-003350,POS-FIN-L6-0103,JOB-FIN-L6-01,Finance L6 Role 01,FIN,L6,Y,1.0,39.0,2018-09-07,
ASN-003350-02,HRIS-WKR-003350,POS-SAL-L5-0171,JOB-SAL-L5-03,Sales L5 Role 03,SAL,L5,N,0.4,15.6,2020-03-24,
ASN-003351-01,HRIS-WKR-003351,POS-FIN-L2-0084,JOB-FIN-L2-06,Finance L2 Role 06,FIN,L2,Y,1.0,39.0,2023-01-10,
ASN-003352-01,HRIS-WKR-003352,POS-HR-L1-0112,JOB-HR-L1-04,People L1 Role 04,HR,L1,Y,0.6,23.4,2023-10-08,
ASN-003353-01,HRIS-WKR-003353,POS-FIN-L3-0089,JOB-FIN-L3-05,Finance L3 Role 05,FIN,L3,Y,1.0,39.0,2021-10-04,
ASN-003353-02,HRIS-WKR-003353,POS-TEC-L4-0203,JOB-TEC-L4-05,Technology L4 Role 05,TEC,L4,N,0.2,7.8,2024-10-02,
ASN-003354-01,HRIS-WKR-003354,POS-FIN-L5-0102,JOB-FIN-L5-06,Finance L5 Role 06,FIN,L5,Y,0.8,31.2,2018-10-15,
ASN-003355-01,HRIS-WKR-003355,POS-OPS-L3-0049,JOB-OPS-L3-01,Operations L3 Role 01,OPS,L3,Y,0.8,31.2,2025-04-08,
ASN-003356-01,HRIS-WKR-003356,POS-SAL-L6-0175,JOB-SAL-L6-01,Sales L6 Role 01,SAL,L6,Y,1.0,39.0,2020-05-22,
ASN-003356-02,HRIS-WKR-003356,POS-SAL-L6-0179,JOB-SAL-L6-05,Sales L6 Role 05,SAL,L6,N,0.2,7.8,2021-08-21,
ASN-003357-01,HRIS-WKR-003357,POS-ENG-L5-0025,JOB-ENG-L5-01,Engineering L5 Role 01,ENG,L5,Y,1.0,39.0,2018-02-07,
ASN-003358-01,HRIS-WKR-003358,POS-SAL-L1-0148,JOB-SAL-L1-04,Sales L1 Role 04,SAL,L1,Y,1.0,39.0,2025-07-18,
ASN-003359-01,HRIS-WKR-003359,POS-ENG-L1-0003,JOB-ENG-L1-03,Engineering L1 Role 03,ENG,L1,Y,1.0,39.0,2020-08-11,
ASN-003360-01,HRIS-WKR-003360,POS-TEC-L1-0186,JOB-TEC-L1-06,Technology L1 Role 06,TEC,L1,Y,1.0,39.0,2020-04-30,
ASN-003361-01,HRIS-WKR-003361,POS-SAL-L3-0159,JOB-SAL-L3-03,Sales L3 Role 03,SAL,L3,Y,1.0,39.0,2019-02-10,
ASN-003362-01,HRIS-WKR-003362,POS-SAL-L2-0155,JOB-SAL-L2-05,Sales L2 Role 05,SAL,L2,Y,1.0,39.0,2025-05-23,
ASN-003363-01,HRIS-WKR-003363,POS-ENG-L2-0009,JOB-ENG-L2-03,Engineering L2 Role 03,ENG,L2,Y,,,2023-04-13,
ASN-003364-01,HRIS-WKR-003364,POS-HR-L5-0138,JOB-HR-L5-06,People L5 Role 06,HR,L5,Y,1.0,39.0,2022-09-30,
ASN-003365-01,HRIS-WKR-003365,POS-ENG-L5-0028,JOB-ENG-L5-04,Engineering L5 Role 04,ENG,L5,Y,1.0,39.0,2020-08-14,
ASN-003366-01,HRIS-WKR-003366,POS-OPS-L5-0061,JOB-OPS-L5-01,Operations L5 Role 01,OPS,L5,Y,1.0,39.0,2018-07-07,
ASN-003367-01,HRIS-WKR-003367,POS-OPS-L6-0070,JOB-OPS-L6-04,Operations L6 Role 04,OPS,L6,Y,1.0,39.0,2018-07-30,
ASN-003368-01,HRIS-WKR-003368,POS-ENG-L3-0014,JOB-ENG-L3-02,Engineering L3 Role 02,ENG,L3,Y,1.0,39.0,2019-05-06,
ASN-003369-01,HRIS-WKR-003369,POS-ENG-L6-0035,JOB-ENG-L6-05,Engineering L6 Role 05,ENG,L6,Y,1.0,39.0,2020-03-20,
ASN-003370-01,HRIS-WKR-003370,POS-SAL-L1-0149,JOB-SAL-L1-05,Sales L1 Role 05,SAL,L1,Y,1.0,39.0,2018-08-19,
ASN-003371-01,HRIS-WKR-003371,POS-FIN-L6-0103,JOB-FIN-L6-01,Finance L6 Role 01,FIN,L6,Y,1.0,39.0,2018-02-09,
ASN-003372-01,HRIS-WKR-003372,POS-HR-L5-0135,JOB-HR-L5-03,People L5 Role 03,HR,L5,Y,0.5,19.5,2018-08-23,
ASN-003373-01,HRIS-WKR-003373,POS-HR-L5-0137,JOB-HR-L5-05,People L5 Role 05,HR,L5,Y,1.0,39.0,2024-08-28,
ASN-003374-01,HRIS-WKR-003374,POS-HR-L5-0137,JOB-HR-L5-05,People L5 Role 05,HR,L6,Y,0.8,31.2,2022-08-23,
ASN-003374-02,HRIS-WKR-003374,POS-SAL-L1-0145,JOB-SAL-L1-01,Sales L1 Role 01,SAL,L1,N,0.2,7.8,2024-05-24,
ASN-003375-01,HRIS-WKR-003375,POS-HR-L6-0144,JOB-HR-L6-06,People L6 Role 06,HR,L6,Y,1.0,39.0,2021-01-11,
ASN-003376-01,HRIS-WKR-003376,POS-SAL-L1-0148,JOB-SAL-L1-04,Sales L1 Role 04,SAL,L1,Y,1.0,39.0,2023-11-29,
ASN-003377-01,HRIS-WKR-003377,POS-SAL-L3-0157,JOB-SAL-L3-01,Sales L3 Role 01,SAL,L3,Y,1.0,39.0,2021-03-18,
ASN-003377-02,HRIS-WKR-003377,POS-TEC-L3-0196,JOB-TEC-L3-04,Technology L3 Role 04,TEC,L3,N,0.4,15.6,2024-08-21,
ASN-003378-01,HRIS-WKR-003378,POS-TEC-L1-0181,JOB-TEC-L1-01,Technology L1 Role 01,TEC,L1,Y,,,2018-02-20,
ASN-003379-01,HRIS-WKR-003379,POS-HR-L4-0129,JOB-HR-L4-03,People L4 Role 03,HR,L4,Y,0.6,23.4,2024-08-05,
ASN-003380-01,HRIS-WKR-003380,POS-ENG-L6-0031,JOB-ENG-L6-01,Engineering L6 Role 01,ENG,L6,Y,1.0,39.0,2022-07-17,
ASN-003381-01,HRIS-WKR-003381,POS-FIN-L2-0081,JOB-FIN-L2-03,Finance L2 Role 03,FIN,L2,Y,1.0,39.0,2024-10-17,
ASN-003381-02,HRIS-WKR-003381,POS-SAL-L2-0152,JOB-SAL-L2-02,Sales L2 Role 02,SAL,L2,N,0.4,15.6,2020-08-05,
ASN-003382-01,HRIS-WKR-003382,POS-SAL-L4-0163,JOB-SAL-L4-01,Sales L4 Role 01,SAL,L4,Y,0.8,31.2,2024-12-05,
ASN-003383-01,HRIS-WKR-003383,POS-SAL-L3-0162,JOB-SAL-L3-06,Sales L3 Role 06,SAL,L1,Y,1.0,39.0,2024-05-25,
ASN-003384-01,HRIS-WKR-003384,POS-HR-L6-0140,JOB-HR-L6-02,People L6 Role 02,HR,L6,Y,1.0,39.0,2019-02-10,
ASN-003385-01,HRIS-WKR-003385,POS-SAL-L2-0151,JOB-SAL-L2-01,Sales L2 Role 01,SAL,L2,Y,0.8,31.2,2025-09-16,
ASN-003386-01,HRIS-WKR-003386,POS-SAL-L6-0180,JOB-SAL-L6-06,Sales L6 Role 06,SAL,L6,Y,1.0,39.0,2023-03-13,
ASN-003387-01,HRIS-WKR-003387,POS-HR-L1-0113,JOB-HR-L1-05,People L1 Role 05,HR,L1,Y,1.0,39.0,2025-06-17,
ASN-003388-01,HRIS-WKR-003388,POS-ENG-L5-0025,JOB-ENG-L5-01,Engineering L5 Role 01,ENG,L5,Y,1.0,39.0,2020-08-13,
ASN-003389-01,HRIS-WKR-003389,POS-FIN-L6-0107,JOB-FIN-L6-05,Finance L6 Role 05,FIN,L6,Y,1.0,39.0,2022-10-21,
ASN-003390-01,HRIS-WKR-003390,POS-TEC-L2-0191,JOB-TEC-L2-05,Technology L2 Role 05,TEC,L2,Y,1.0,39.0,2019-01-12,
ASN-003391-01,HRIS-WKR-003391,POS-HR-L5-0137,JOB-HR-L5-05,People L5 Role 05,HR,L5,Y,0.6,23.4,2018-05-13,
ASN-003392-01,HRIS-WKR-003392,POS-TEC-L6-0213,JOB-TEC-L6-03,Technology L6 Role 03,TEC,L6,Y,1.0,39.0,2018-07-02,
ASN-003393-01,HRIS-WKR-003393,POS-HR-L4-0129,JOB-HR-L4-03,People L4 Role 03,HR,L4,Y,1.0,39.0,2025-05-19,
ASN-003394-01,HRIS-WKR-003394,POS-HR-L4-0132,JOB-HR-L4-06,People L4 Role 06,HR,L4,Y,1.0,39.0,2021-12-25,
ASN-003395-01,HRIS-WKR-003395,POS-ENG-L4-0019,JOB-ENG-L4-01,Engineering L4 Role 01,ENG,L4,Y,1.0,39.0,2021-04-27,
ASN-003396-01,HRIS-WKR-003396,POS-TEC-L5-0209,JOB-TEC-L5-05,Technology L5 Role 05,TEC,L5,Y,1.0,39.0,2021-04-18,
ASN-003397-01,HRIS-WKR-003397,POS-TEC-L1-0181,JOB-TEC-L1-01,Technology L1 Role 01,TEC,L1,Y,1.0,39.0,2022-06-18,
ASN-003398-01,HRIS-WKR-003398,POS-TEC-L3-0198,JOB-TEC-L3-06,Technology L3 Role 06,TEC,L3,Y,1.0,39.0,2024-10-23,
ASN-003399-01,HRIS-WKR-003399,POS-FIN-L2-0082,JOB-FIN-L2-04,Finance L2 Role 04,FIN,L2,Y,0.8,31.2,2019-03-09,
ASN-003400-01,HRIS-WKR-003400,POS-FIN-L1-0077,JOB-FIN-L1-05,Finance L1 Role 05,FIN,L1,Y,1.0,39.0,2025-03-27,
ASN-003401-01,HRIS-WKR-003401,POS-OPS-L1-0037,JOB-OPS-L1-01,Operations L1 Role 01,OPS,L1,Y,1.0,39.0,2022-07-05,
ASN-003402-01,HRIS-WKR-003402,POS-HR-L6-0142,JOB-HR-L6-04,People L6 Role 04,HR,L6,Y,1.0,39.0,2019-02-27,
ASN-003403-01,HRIS-WKR-003403,POS-FIN-L1-0075,JOB-FIN-L1-03,Finance L1 Role 03,FIN,L1,Y,1.0,39.0,2024-07-23,
ASN-003404-01,HRIS-WKR-003404,POS-ENG-L5-0029,JOB-ENG-L5-05,Engineering L5 Role 05,ENG,L5,Y,0.6,23.4,2018-07-02,
ASN-003405-01,HRIS-WKR-003405,POS-HR-L1-0109,JOB-HR-L1-01,People L1 Role 01,HR,L1,Y,1.0,39.0,2025-06-06,
ASN-003406-01,HRIS-WKR-003406,POS-SAL-L4-0164,JOB-SAL-L4-02,Sales L4 Role 02,SAL,L4,Y,1.0,39.0,2021-03-25,
ASN-003407-01,HRIS-WKR-003407,POS-TEC-L3-0194,JOB-TEC-L3-02,Technology L3 Role 02,TEC,L3,Y,0.5,19.5,2023-11-29,
ASN-003408-01,HRIS-WKR-003408,POS-TEC-L5-0207,JOB-TEC-L5-03,Technology L5 Role 03,TEC,L5,Y,1.0,39.0,2021-04-08,
ASN-003409-01,HRIS-WKR-003409,POS-OPS-L2-0043,JOB-OPS-L2-01,Operations L2 Role 01,OPS,L2,Y,0.8,31.2,2022-11-05,
ASN-003410-01,HRIS-WKR-003410,POS-TEC-L5-0207,JOB-TEC-L5-03,Technology L5 Role 03,TEC,L5,Y,1.0,39.0,2023-11-04,
ASN-003411-01,HRIS-WKR-003411,POS-SAL-L4-0168,JOB-SAL-L4-06,Sales L4 Role 06,SAL,L4,Y,1.0,39.0,2021-05-01,
ASN-003412-01,HRIS-WKR-003412,POS-OPS-L1-0039,JOB-OPS-L1-03,Operations L1 Role 03,OPS,L1,Y,0.4,15.6,2021-01-10,
ASN-003413-01,HRIS-WKR-003413,POS-SAL-L6-0177,JOB-SAL-L6-03,Sales L6 Role 03,SAL,L6,Y,1.0,39.0,2025-05-24,
ASN-003414-01,HRIS-WKR-003414,POS-OPS-L1-0037,JOB-OPS-L1-01,Operations L1 Role 01,OPS,L1,Y,1.0,39.0,2020-06-20,
ASN-003415-01,HRIS-WKR-003415,POS-FIN-L4-0094,JOB-FIN-L4-04,Finance L4 Role 04,FIN,L4,Y,0.6,23.4,2018-07-31,
ASN-003416-01,HRIS-WKR-003416,POS-FIN-L6-0107,JOB-FIN-L6-05,Finance L6 Role 05,FIN,L6,Y,1.0,39.0,2018-01-17,
ASN-003416-02,HRIS-WKR-003416,POS-SAL-L4-0167,JOB-SAL-L4-05,Sales L4 Role 05,SAL,L4,N,0.3,11.7,2023-04-26,
ASN-003417-01,HRIS-WKR-003417,POS-OPS-L2-0044,JOB-OPS-L2-02,Operations L2 Role 02,OPS,L2,Y,1.0,39.0,2025-03-19,
ASN-003418-01,HRIS-WKR-003418,POS-HR-L3-0122,JOB-HR-L3-02,People L3 Role 02,HR,L3,Y,1.0,39.0,2022-04-03,
ASN-003419-01,HRIS-WKR-003419,POS-SAL-L1-0147,JOB-SAL-L1-03,Sales L1 Role 03,SAL,L1,Y,1.0,39.0,2020-10-05,
ASN-003420-01,HRIS-WKR-003420,POS-SAL-L1-0149,JOB-SAL-L1-05,Sales L1 Role 05,SAL,L1,Y,1.0,39.0,2023-03-30,
ASN-003421-01,HRIS-WKR-003421,POS-ENG-L3-0014,JOB-ENG-L3-02,Engineering L3 Role 02,ENG,L5,Y,1.0,39.0,2025-01-15,
ASN-003422-01,HRIS-WKR-003422,POS-ENG-L4-0022,JOB-ENG-L4-04,Engineering L4 Role 04,ENG,L4,Y,1.0,39.0,2019-02-09,
ASN-003423-01,HRIS-WKR-003423,POS-ENG-L6-0032,JOB-ENG-L6-02,Engineering L6 Role 02,ENG,L6,Y,1.0,39.0,2019-05-24,
ASN-003424-01,HRIS-WKR-003424,POS-HR-L6-0144,JOB-HR-L6-06,People L6 Role 06,HR,L6,Y,1.0,39.0,2022-10-08,
ASN-003425-01,HRIS-WKR-003425,POS-HR-L2-0117,JOB-HR-L2-03,People L2 Role 03,HR,L2,Y,1.0,39.0,2018-06-17,
ASN-003426-01,HRIS-WKR-003426,POS-FIN-L4-0094,JOB-FIN-L4-04,Finance L4 Role 04,FIN,L4,Y,1.0,39.0,2019-03-01,
ASN-003427-01,HRIS-WKR-003427,POS-FIN-L1-0073,JOB-FIN-L1-01,Finance L1 Role 01,FIN,L1,Y,0.8,31.2,2023-03-07,
ASN-003428-01,HRIS-WKR-003428,POS-TEC-L2-0187,JOB-TEC-L2-01,Technology L2 Role 01,TEC,L2,Y,1.0,39.0,2018-05-24,
ASN-003429-01,HRIS-WKR-003429,POS-OPS-L5-0064,JOB-OPS-L5-04,Operations L5 Role 04,OPS,L5,Y,1.0,39.0,2020-06-13,
ASN-003430-01,HRIS-WKR-003430,POS-TEC-L2-0191,JOB-TEC-L2-05,Technology L2 Role 05,TEC,L2,Y,1.0,39.0,2023-01-26,
ASN-003431-01,HRIS-WKR-003431,POS-OPS-L6-0072,JOB-OPS-L6-06,Operations L6 Role 06,OPS,L6,Y,,,2023-07-25,
ASN-003432-01,HRIS-WKR-003432,POS-SAL-L1-0150,JOB-SAL-L1-06,Sales L1 Role 06,SAL,L1,Y,1.0,39.0,2022-07-03,
ASN-003433-01,HRIS-WKR-003433,POS-OPS-L2-0044,JOB-OPS-L2-02,Operations L2 Role 02,OPS,L2,Y,1.0,39.0,2023-11-03,
ASN-003434-01,HRIS-WKR-003434,POS-TEC-L2-0191,JOB-TEC-L2-05,Technology L2 Role 05,TEC,L2,Y,1.0,39.0,2024-07-04,
ASN-003435-01,HRIS-WKR-003435,POS-ENG-L4-0023,JOB-ENG-L4-05,Engineering L4 Role 05,ENG,L2,Y,1.0,39.0,2020-10-29,
ASN-003436-01,HRIS-WKR-003436,POS-TEC-L1-0185,JOB-TEC-L1-05,Technology L1 Role 05,TEC,L1,Y,1.0,39.0,2020-10-30,
ASN-003437-01,HRIS-WKR-003437,POS-SAL-L6-0175,JOB-SAL-L6-01,Sales L6 Role 01,SAL,L6,Y,0.5,19.5,2023-03-11,
ASN-003438-01,HRIS-WKR-003438,POS-TEC-L3-0197,JOB-TEC-L3-05,Technology L3 Role 05,TEC,L3,Y,1.0,39.0,2019-04-06,
ASN-003438-02,HRIS-WKR-003438,POS-OPS-L5-0061,JOB-OPS-L5-01,Operations L5 Role 01,OPS,L5,N,0.2,7.8,2024-10-26,
ASN-003439-01,HRIS-WKR-003439,POS-ENG-L1-0004,JOB-ENG-L1-04,Engineering L1 Role 04,ENG,L1,Y,1.0,39.0,2022-04-29,
ASN-003440-01,HRIS-WKR-003440,POS-OPS-L1-0039,JOB-OPS-L1-03,Operations L1 Role 03,OPS,L1,Y,0.8,31.2,2025-01-26,
ASN-003441-01,HRIS-WKR-003441,POS-OPS-L2-0046,JOB-OPS-L2-04,Operations L2 Role 04,OPS,L2,Y,1.0,39.0,2018-05-08,
ASN-003441-02,HRIS-WKR-003441,POS-HR-L2-0120,JOB-HR-L2-06,People L2 Role 06,HR,L2,N,0.2,7.8,2019-02-14,
ASN-003442-01,HRIS-WKR-003442,POS-FIN-L2-0080,JOB-FIN-L2-02,Finance L2 Role 02,FIN,L2,Y,1.0,39.0,2018-04-18,
ASN-003443-01,HRIS-WKR-003443,POS-TEC-L6-0211,JOB-TEC-L6-01,Technology L6 Role 01,TEC,L6,Y,0.8,31.2,2024-04-03,
ASN-003443-02,HRIS-WKR-003443,POS-FIN-L4-0091,JOB-FIN-L4-01,Finance L4 Role 01,FIN,L4,N,0.2,7.8,2021-01-05,
ASN-003444-01,HRIS-WKR-003444,POS-FIN-L5-0099,JOB-FIN-L5-03,Finance L5 Role 03,FIN,L5,Y,1.0,39.0,2019-06-03,
ASN-003445-01,HRIS-WKR-003445,POS-TEC-L3-0194,JOB-TEC-L3-02,Technology L3 Role 02,TEC,L3,Y,0.6,23.4,2018-12-24,
ASN-003446-01,HRIS-WKR-003446,POS-TEC-L6-0213,JOB-TEC-L6-03,Technology L6 Role 03,TEC,L6,Y,1.0,39.0,2019-06-28,
ASN-003447-01,HRIS-WKR-003447,POS-SAL-L4-0165,JOB-SAL-L4-03,Sales L4 Role 03,SAL,L4,Y,1.0,39.0,2018-02-21,
ASN-003448-01,HRIS-WKR-003448,POS-ENG-L4-0022,JOB-ENG-L4-04,Engineering L4 Role 04,ENG,L4,Y,1.0,39.0,2023-09-30,
ASN-003449-01,HRIS-WKR-003449,POS-SAL-L1-0145,JOB-SAL-L1-01,Sales L1 Role 01,SAL,L1,Y,1.0,39.0,2021-03-22,
ASN-003450-01,HRIS-WKR-003450,POS-TEC-L1-0185,JOB-TEC-L1-05,Technology L1 Role 05,TEC,L1,Y,1.0,39.0,2022-07-15,
ASN-003451-01,HRIS-WKR-003451,POS-HR-L3-0126,JOB-HR-L3-06,People L3 Role 06,HR,L3,Y,1.0,39.0,2018-02-25,
ASN-003452-01,HRIS-WKR-003452,POS-ENG-L3-0014,JOB-ENG-L3-02,Engineering L3 Role 02,ENG,L3,Y,1.0,39.0,2023-03-09,
ASN-003453-01,HRIS-WKR-003453,POS-ENG-L6-0031,JOB-ENG-L6-01,Engineering L6 Role 01,ENG,L6,Y,1.0,39.0,2024-02-25,
ASN-003454-01,HRIS-WKR-003454,POS-ENG-L5-0030,JOB-ENG-L5-06,Engineering L5 Role 06,ENG,L5,Y,1.0,39.0,2018-08-07,
ASN-003455-01,HRIS-WKR-003455,POS-FIN-L6-0104,JOB-FIN-L6-02,Finance L6 Role 02,FIN,L6,Y,1.0,39.0,2022-04-01,
ASN-003456-01,HRIS-WKR-003456,POS-FIN-L1-0077,JOB-FIN-L1-05,Finance L1 Role 05,FIN,L1,Y,1.0,39.0,2020-08-02,
ASN-003457-01,HRIS-WKR-003457,POS-FIN-L4-0092,JOB-FIN-L4-02,Finance L4 Role 02,FIN,L4,Y,1.0,39.0,2020-03-24,
ASN-003458-01,HRIS-WKR-003458,POS-HR-L6-0141,JOB-HR-L6-03,People L6 Role 03,HR,L6,Y,1.0,39.0,2022-04-14,
ASN-003459-01,HRIS-WKR-003459,POS-HR-L6-0144,JOB-HR-L6-06,People L6 Role 06,HR,L6,Y,1.0,39.0,2018-08-25,
ASN-003460-01,HRIS-WKR-003460,POS-HR-L2-0117,JOB-HR-L2-03,People L2 Role 03,HR,L2,Y,1.0,39.0,2025-08-19,
ASN-003461-01,HRIS-WKR-003461,POS-HR-L3-0124,JOB-HR-L3-04,People L3 Role 04,HR,L3,Y,0.6,23.4,2019-07-20,
ASN-003462-01,HRIS-WKR-003462,POS-OPS-L5-0065,JOB-OPS-L5-05,Operations L5 Role 05,OPS,L5,Y,1.0,39.0,2025-02-04,
ASN-003463-01,HRIS-WKR-003463,POS-SAL-L2-0152,JOB-SAL-L2-02,Sales L2 Role 02,SAL,L2,Y,1.0,39.0,2021-07-10,
ASN-003464-01,HRIS-WKR-003464,POS-FIN-L4-0091,JOB-FIN-L4-01,Finance L4 Role 01,FIN,L4,Y,0.6,23.4,2023-02-17,
ASN-003465-01,HRIS-WKR-003465,POS-HR-L2-0118,JOB-HR-L2-04,People L2 Role 04,HR,L2,Y,1.0,39.0,2019-04-30,
ASN-003465-02,HRIS-WKR-003465,POS-HR-L6-0143,JOB-HR-L6-05,People L6 Role 05,HR,L6,N,0.2,7.8,2023-04-15,
ASN-003466-01,HRIS-WKR-003466,POS-SAL-L6-0175,JOB-SAL-L6-01,Sales L6 Role 01,SAL,L6,Y,1.0,39.0,2025-08-23,
ASN-003467-01,HRIS-WKR-003467,POS-TEC-L5-0208,JOB-TEC-L5-04,Technology L5 Role 04,TEC,L5,Y,1.0,39.0,2024-06-05,
ASN-003468-01,HRIS-WKR-003468,POS-HR-L5-0135,JOB-HR-L5-03,People L5 Role 03,HR,L5,Y,,,2024-03-21,
ASN-003469-01,HRIS-WKR-003469,POS-ENG-L2-0011,JOB-ENG-L2-05,Engineering L2 Role 05,ENG,L2,Y,1.0,39.0,2018-07-21,
ASN-003470-01,HRIS-WKR-003470,POS-OPS-L5-0064,JOB-OPS-L5-04,Operations L5 Role 04,OPS,L5,Y,,,2024-08-06,
ASN-003471-01,HRIS-WKR-003471,POS-OPS-L5-0061,JOB-OPS-L5-01,Operations L5 Role 01,OPS,L5,Y,1.0,39.0,2020-05-17,
ASN-003472-01,HRIS-WKR-003472,POS-HR-L1-0109,JOB-HR-L1-01,People L1 Role 01,HR,L1,Y,1.0,39.0,2018-02-14,
ASN-003473-01,HRIS-WKR-003473,POS-OPS-L2-0048,JOB-OPS-L2-06,Operations L2 Role 06,OPS,L2,Y,1.0,39.0,2019-02-01,
ASN-003474-01,HRIS-WKR-003474,POS-SAL-L2-0155,JOB-SAL-L2-05,Sales L2 Role 05,SAL,L2,Y,1.0,39.0,2020-11-18,
ASN-003475-01,HRIS-WKR-003475,POS-ENG-L2-0007,JOB-ENG-L2-01,Engineering L2 Role 01,ENG,L2,Y,1.0,39.0,2018-12-10,
ASN-003476-01,HRIS-WKR-003476,POS-OPS-L2-0048,JOB-OPS-L2-06,Operations L2 Role 06,OPS,L2,Y,1.0,39.0,2020-09-18,
ASN-003476-02,HRIS-WKR-003476,POS-TEC-L3-0193,JOB-TEC-L3-01,Technology L3 Role 01,TEC,L3,N,0.2,7.8,2021-03-03,
ASN-003477-01,HRIS-WKR-003477,POS-TEC-L3-0194,JOB-TEC-L3-02,Technology L3 Role 02,TEC,L3,Y,0.8,31.2,2025-10-11,
ASN-003478-01,HRIS-WKR-003478,POS-HR-L5-0133,JOB-HR-L5-01,People L5 Role 01,HR,L5,Y,1.0,39.0,2023-10-13,
ASN-003479-01,HRIS-WKR-003479,POS-ENG-L6-0034,JOB-ENG-L6-04,Engineering L6 Role 04,ENG,L6,Y,1.0,39.0,2023-04-17,
ASN-003480-01,HRIS-WKR-003480,POS-ENG-L4-0022,JOB-ENG-L4-04,Engineering L4 Role 04,ENG,L4,Y,1.0,39.0,2021-08-19,
ASN-003480-02,HRIS-WKR-003480,POS-HR-L5-0133,JOB-HR-L5-01,People L5 Role 01,HR,L5,N,0.4,15.6,2023-08-05,
ASN-003481-01,HRIS-WKR-003481,POS-HR-L5-0137,JOB-HR-L5-05,People L5 Role 05,HR,L5,Y,1.0,39.0,2020-06-09,
ASN-003482-01,HRIS-WKR-003482,POS-OPS-L1-0037,JOB-OPS-L1-01,Operations L1 Role 01,OPS,L1,Y,0.5,19.5,2020-09-25,
ASN-003482-02,HRIS-WKR-003482,POS-FIN-L1-0077,JOB-FIN-L1-05,Finance L1 Role 05,FIN,L1,N,0.3,11.7,2020-03-16,
ASN-003483-01,HRIS-WKR-003483,POS-ENG-L5-0030,JOB-ENG-L5-06,Engineering L5 Role 06,ENG,L5,Y,1.0,39.0,2024-06-11,
ASN-003484-01,HRIS-WKR-003484,POS-HR-L4-0129,JOB-HR-L4-03,People L4 Role 03,HR,L4,Y,1.0,39.0,2018-05-12,
ASN-003485-01,HRIS-WKR-003485,POS-OPS-L1-0041,JOB-OPS-L1-05,Operations L1 Role 05,OPS,L1,Y,1.0,39.0,2019-03-11,
ASN-003486-01,HRIS-WKR-003486,POS-HR-L4-0128,JOB-HR-L4-02,People L4 Role 02,HR,L4,Y,0.5,19.5,2024-08-27,
ASN-003487-01,HRIS-WKR-003487,POS-SAL-L2-0152,JOB-SAL-L2-02,Sales L2 Role 02,SAL,L2,Y,1.0,39.0,2023-04-14,
ASN-003488-01,HRIS-WKR-003488,POS-ENG-L6-0033,JOB-ENG-L6-03,Engineering L6 Role 03,ENG,L6,Y,1.0,39.0,2024-07-06,
ASN-003489-01,HRIS-WKR-003489,POS-HR-L2-0119,JOB-HR-L2-05,People L2 Role 05,HR,L2,Y,,,2025-05-24,
ASN-003490-01,HRIS-WKR-003490,POS-ENG-L1-0003,JOB-ENG-L1-03,Engineering L1 Role 03,ENG,L1,Y,1.0,39.0,2024-04-02,
ASN-003491-01,HRIS-WKR-003491,POS-FIN-L4-0093,JOB-FIN-L4-03,Finance L4 Role 03,FIN,L4,Y,1.0,39.0,2024-06-17,
ASN-003492-01,HRIS-WKR-003492,POS-ENG-L2-0010,JOB-ENG-L2-04,Engineering L2 Role 04,ENG,L2,Y,1.0,39.0,2025-03-14,
ASN-003493-01,HRIS-WKR-003493,POS-FIN-L3-0088,JOB-FIN-L3-04,Finance L3 Role 04,FIN,L3,Y,1.0,39.0,2022-08-27,
ASN-003494-01,HRIS-WKR-003494,POS-TEC-L2-0192,JOB-TEC-L2-06,Technology L2 Role 06,TEC,L2,Y,1.0,39.0,2022-08-17,
ASN-003495-01,HRIS-WKR-003495,POS-FIN-L5-0100,JOB-FIN-L5-04,Finance L5 Role 04,FIN,L5,Y,,,2022-10-22,
ASN-003496-01,HRIS-WKR-003496,POS-HR-L5-0138,JOB-HR-L5-06,People L5 Role 06,HR,L5,Y,0.8,31.2,2021-09-29,
ASN-003497-01,HRIS-WKR-003497,POS-SAL-L6-0176,JOB-SAL-L6-02,Sales L6 Role 02,SAL,L6,Y,1.0,39.0,2024-10-02,
ASN-003498-01,HRIS-WKR-003498,POS-SAL-L6-0175,JOB-SAL-L6-01,Sales L6 Role 01,SAL,L6,Y,1.0,39.0,2018-11-04,
ASN-003499-01,HRIS-WKR-003499,POS-OPS-L4-0056,JOB-OPS-L4-02,Operations L4 Role 02,OPS,L4,Y,1.0,39.0,2025-08-29,
ASN-003500-01,HRIS-WKR-003500,POS-HR-L1-0112,JOB-HR-L1-04,People L1 Role 04,HR,L1,Y,1.0,39.0,2018-03-11,
ASN-003501-01,HRIS-WKR-003501,POS-TEC-L2-0190,JOB-TEC-L2-04,Technology L2 Role 04,TEC,L2,Y,1.0,39.0,2024-01-24,
ASN-003502-01,HRIS-WKR-003502,POS-TEC-L2-0189,JOB-TEC-L2-03,Technology L2 Role 03,TEC,L2,Y,1.0,39.0,2021-01-22,
ASN-003503-01,HRIS-WKR-003503,POS-HR-L4-0130,JOB-HR-L4-04,People L4 Role 04,HR,L4,Y,1.0,39.0,2025-10-19,
ASN-003503-02,HRIS-WKR-003503,POS-ENG-L1-0005,JOB-ENG-L1-05,Engineering L1 Role 05,ENG,L1,N,0.2,7.8,2018-12-17,
ASN-003504-01,HRIS-WKR-003504,POS-ENG-L1-0006,JOB-ENG-L1-06,Engineering L1 Role 06,ENG,L1,Y,1.0,39.0,2020-05-14,
ASN-003505-01,HRIS-WKR-003505,POS-ENG-L6-0036,JOB-ENG-L6-06,Engineering L6 Role 06,ENG,L6,Y,1.0,39.0,2026-01-16,
ASN-003505-02,HRIS-WKR-003505,POS-ENG-L3-0013,JOB-ENG-L3-01,Engineering L3 Role 01,ENG,L3,N,0.3,11.7,2023-08-15,
ASN-003506-01,HRIS-WKR-003506,POS-HR-L5-0135,JOB-HR-L5-03,People L5 Role 03,HR,L5,Y,0.5,19.5,2019-01-21,
ASN-003507-01,HRIS-WKR-003507,POS-HR-L2-0119,JOB-HR-L2-05,People L2 Role 05,HR,L2,Y,0.6,23.4,2020-08-22,
ASN-003508-01,HRIS-WKR-003508,POS-ENG-L2-0011,JOB-ENG-L2-05,Engineering L2 Role 05,ENG,L2,Y,1.0,39.0,2025-06-02,
ASN-003509-01,HRIS-WKR-003509,POS-SAL-L1-0150,JOB-SAL-L1-06,Sales L1 Role 06,SAL,L1,Y,1.0,39.0,2020-04-26,
ASN-003510-01,HRIS-WKR-003510,POS-ENG-L2-0010,JOB-ENG-L2-04,Engineering L2 Role 04,ENG,L2,Y,1.0,39.0,2026-01-18,
ASN-003511-01,HRIS-WKR-003511,POS-TEC-L4-0200,JOB-TEC-L4-02,Technology L4 Role 02,TEC,L4,Y,1.0,39.0,2020-07-10,
ASN-003512-01,HRIS-WKR-003512,POS-TEC-L2-0187,JOB-TEC-L2-01,Technology L2 Role 01,TEC,L2,Y,0.6,23.4,2019-10-24,
ASN-003513-01,HRIS-WKR-003513,POS-ENG-L4-0022,JOB-ENG-L4-04,Engineering L4 Role 04,ENG,L4,Y,1.0,39.0,2024-07-01,
ASN-003513-02,HRIS-WKR-003513,POS-SAL-L2-0152,JOB-SAL-L2-02,Sales L2 Role 02,SAL,L2,N,0.3,11.7,2020-06-15,
ASN-003514-01,HRIS-WKR-003514,POS-OPS-L4-0058,JOB-OPS-L4-04,Operations L4 Role 04,OPS,L4,Y,1.0,39.0,2024-04-20,
ASN-003515-01,HRIS-WKR-003515,POS-SAL-L6-0175,JOB-SAL-L6-01,Sales L6 Role 01,SAL,L6,Y,1.0,39.0,2020-06-11,
ASN-003516-01,HRIS-WKR-003516,POS-FIN-L5-0100,JOB-FIN-L5-04,Finance L5 Role 04,FIN,L5,Y,0.6,23.4,2019-07-01,
ASN-003517-01,HRIS-WKR-003517,POS-OPS-L6-0071,JOB-OPS-L6-05,Operations L6 Role 05,OPS,L6,Y,0.5,19.5,2023-08-21,
ASN-003518-01,HRIS-WKR-003518,POS-ENG-L3-0014,JOB-ENG-L3-02,Engineering L3 Role 02,ENG,L3,Y,1.0,39.0,2025-10-29,
ASN-003519-01,HRIS-WKR-003519,POS-TEC-L6-0212,JOB-TEC-L6-02,Technology L6 Role 02,TEC,L6,Y,1.0,39.0,2019-11-23,
ASN-003520-01,HRIS-WKR-003520,POS-FIN-L6-0106,JOB-FIN-L6-04,Finance L6 Role 04,FIN,L6,Y,1.0,39.0,2024-12-22,
ASN-003521-01,HRIS-WKR-003521,POS-SAL-L6-0179,JOB-SAL-L6-05,Sales L6 Role 05,SAL,L6,Y,1.0,39.0,2020-09-13,
ASN-003522-01,HRIS-WKR-003522,POS-OPS-L3-0050,JOB-OPS-L3-02,Operations L3 Role 02,OPS,L3,Y,0.4,15.6,2018-09-23,
ASN-003523-01,HRIS-WKR-003523,POS-SAL-L5-0173,JOB-SAL-L5-05,Sales L5 Role 05,SAL,L5,Y,1.0,39.0,2024-12-23,
ASN-003524-01,HRIS-WKR-003524,POS-SAL-L5-0171,JOB-SAL-L5-03,Sales L5 Role 03,SAL,L5,Y,0.8,31.2,2025-01-08,
ASN-003525-01,HRIS-WKR-003525,POS-OPS-L2-0048,JOB-OPS-L2-06,Operations L2 Role 06,OPS,L2,Y,1.0,39.0,2019-05-28,
ASN-003526-01,HRIS-WKR-003526,POS-FIN-L4-0091,JOB-FIN-L4-01,Finance L4 Role 01,FIN,L4,Y,0.8,31.2,2022-11-25,
ASN-003527-01,HRIS-WKR-003527,POS-SAL-L1-0150,JOB-SAL-L1-06,Sales L1 Role 06,SAL,L1,Y,1.0,39.0,2025-04-25,
ASN-003528-01,HRIS-WKR-003528,POS-SAL-L5-0171,JOB-SAL-L5-03,Sales L5 Role 03,SAL,L5,Y,1.0,39.0,2022-09-03,
ASN-003529-01,HRIS-WKR-003529,POS-ENG-L1-0001,JOB-ENG-L1-01,Engineering L1 Role 01,ENG,L1,Y,1.0,39.0,2019-10-06,
ASN-003530-01,HRIS-WKR-003530,POS-ENG-L1-0005,JOB-ENG-L1-05,Engineering L1 Role 05,ENG,L1,Y,0.8,31.2,2018-08-10,
ASN-003531-01,HRIS-WKR-003531,POS-ENG-L2-0012,JOB-ENG-L2-06,Engineering L2 Role 06,ENG,L2,Y,0.8,31.2,2022-12-26,
ASN-003532-01,HRIS-WKR-003532,POS-HR-L1-0114,JOB-HR-L1-06,People L1 Role 06,HR,L1,Y,1.0,39.0,2018-10-05,
ASN-003533-01,HRIS-WKR-003533,POS-HR-L2-0117,JOB-HR-L2-03,People L2 Role 03,HR,L2,Y,1.0,39.0,2021-11-09,
ASN-003534-01,HRIS-WKR-003534,POS-FIN-L3-0090,JOB-FIN-L3-06,Finance L3 Role 06,FIN,L3,Y,0.8,31.2,2019-01-05,
ASN-003535-01,HRIS-WKR-003535,POS-FIN-L6-0106,JOB-FIN-L6-04,Finance L6 Role 04,FIN,L6,Y,1.0,39.0,2018-05-25,
ASN-003536-01,HRIS-WKR-003536,POS-HR-L5-0134,JOB-HR-L5-02,People L5 Role 02,HR,L5,Y,1.0,39.0,2018-06-20,
ASN-003536-02,HRIS-WKR-003536,POS-OPS-L6-0069,JOB-OPS-L6-03,Operations L6 Role 03,OPS,L6,N,0.4,15.6,2025-08-27,
ASN-003537-01,HRIS-WKR-003537,POS-HR-L2-0118,JOB-HR-L2-04,People L2 Role 04,HR,L2,Y,1.0,39.0,2023-10-27,
ASN-003538-01,HRIS-WKR-003538,POS-SAL-L3-0160,JOB-SAL-L3-04,Sales L3 Role 04,SAL,L3,Y,1.0,39.0,2024-06-18,
ASN-003539-01,HRIS-WKR-003539,POS-TEC-L4-0203,JOB-TEC-L4-05,Technology L4 Role 05,TEC,L4,Y,1.0,39.0,2019-07-06,
ASN-003540-01,HRIS-WKR-003540,POS-OPS-L6-0068,JOB-OPS-L6-02,Operations L6 Role 02,OPS,L6,Y,0.8,31.2,2020-11-08,
ASN-003541-01,HRIS-WKR-003541,POS-FIN-L2-0080,JOB-FIN-L2-02,Finance L2 Role 02,FIN,L2,Y,1.0,39.0,2019-05-17,
ASN-003542-01,HRIS-WKR-003542,POS-TEC-L4-0199,JOB-TEC-L4-01,Technology L4 Role 01,TEC,L4,Y,0.6,23.4,2025-02-01,
ASN-003543-01,HRIS-WKR-003543,POS-FIN-L4-0091,JOB-FIN-L4-01,Finance L4 Role 01,FIN,L4,Y,1.0,39.0,2025-10-29,
ASN-003544-01,HRIS-WKR-003544,POS-TEC-L3-0194,JOB-TEC-L3-02,Technology L3 Role 02,TEC,L3,Y,1.0,39.0,2019-01-30,
ASN-003545-01,HRIS-WKR-003545,POS-TEC-L1-0183,JOB-TEC-L1-03,Technology L1 Role 03,TEC,L1,Y,,,2020-06-22,
ASN-003546-01,HRIS-WKR-003546,POS-OPS-L6-0070,JOB-OPS-L6-04,Operations L6 Role 04,OPS,L6,Y,0.6,23.4,2024-06-19,
ASN-003547-01,HRIS-WKR-003547,POS-OPS-L1-0042,JOB-OPS-L1-06,Operations L1 Role 06,OPS,L1,Y,1.0,39.0,2025-12-05,
ASN-003548-01,HRIS-WKR-003548,POS-SAL-L1-0148,JOB-SAL-L1-04,Sales L1 Role 04,SAL,L1,Y,1.0,39.0,2019-10-31,
ASN-003549-01,HRIS-WKR-003549,POS-HR-L1-0110,JOB-HR-L1-02,People L1 Role 02,HR,L1,Y,0.8,31.2,2018-06-06,
ASN-003550-01,HRIS-WKR-003550,POS-SAL-L4-0168,JOB-SAL-L4-06,Sales L4 Role 06,SAL,L4,Y,1.0,39.0,2018-09-17,
ASN-003551-01,HRIS-WKR-003551,POS-FIN-L2-0080,JOB-FIN-L2-02,Finance L2 Role 02,FIN,L2,Y,1.0,39.0,2026-01-04,
ASN-003552-01,HRIS-WKR-003552,POS-SAL-L5-0172,JOB-SAL-L5-04,Sales L5 Role 04,SAL,L5,Y,0.8,31.2,2025-11-19,
ASN-003553-01,HRIS-WKR-003553,POS-HR-L6-0143,JOB-HR-L6-05,People L6 Role 05,HR,L6,Y,1.0,39.0,2019-02-23,
ASN-003554-01,HRIS-WKR-003554,POS-OPS-L5-0064,JOB-OPS-L5-04,Operations L5 Role 04,OPS,L5,Y,1.0,39.0,2021-04-14,
ASN-003555-01,HRIS-WKR-003555,POS-ENG-L1-0004,JOB-ENG-L1-04,Engineering L1 Role 04,ENG,L1,Y,1.0,39.0,2023-02-23,
ASN-003556-01,HRIS-WKR-003556,POS-HR-L1-0109,JOB-HR-L1-01,People L1 Role 01,HR,L1,Y,0.8,31.2,2018-04-06,
ASN-003557-01,HRIS-WKR-003557,POS-HR-L3-0124,JOB-HR-L3-04,People L3 Role 04,HR,L1,Y,1.0,39.0,2020-03-30,
ASN-003558-01,HRIS-WKR-003558,POS-FIN-L5-0097,JOB-FIN-L5-01,Finance L5 Role 01,FIN,L5,Y,1.0,39.0,2018-02-07,
ASN-003558-02,HRIS-WKR-003558,POS-ENG-L1-0002,JOB-ENG-L1-02,Engineering L1 Role 02,ENG,L1,N,0.2,7.8,2025-07-09,
ASN-003559-01,HRIS-WKR-003559,POS-TEC-L2-0192,JOB-TEC-L2-06,Technology L2 Role 06,TEC,L2,Y,0.8,31.2,2025-05-05,
ASN-003560-01,HRIS-WKR-003560,POS-SAL-L3-0159,JOB-SAL-L3-03,Sales L3 Role 03,SAL,L3,Y,1.0,39.0,2022-09-03,
ASN-003561-01,HRIS-WKR-003561,POS-TEC-L5-0205,JOB-TEC-L5-01,Technology L5 Role 01,TEC,L5,Y,,,2022-07-17,
ASN-003562-01,HRIS-WKR-003562,POS-ENG-L5-0026,JOB-ENG-L5-02,Engineering L5 Role 02,ENG,L5,Y,1.0,39.0,2019-11-21,
ASN-003563-01,HRIS-WKR-003563,POS-OPS-L4-0060,JOB-OPS-L4-06,Operations L4 Role 06,OPS,L4,Y,1.0,39.0,2025-02-21,
ASN-003564-01,HRIS-WKR-003564,POS-ENG-L3-0015,JOB-ENG-L3-03,Engineering L3 Role 03,ENG,L3,Y,1.0,39.0,2019-01-13,
ASN-003565-01,HRIS-WKR-003565,POS-FIN-L3-0088,JOB-FIN-L3-04,Finance L3 Role 04,FIN,L3,Y,1.0,39.0,2023-01-25,
ASN-003566-01,HRIS-WKR-003566,POS-TEC-L1-0181,JOB-TEC-L1-01,Technology L1 Role 01,TEC,L1,Y,,,2021-04-27,
ASN-003567-01,HRIS-WKR-003567,POS-ENG-L1-0001,JOB-ENG-L1-01,Engineering L1 Role 01,ENG,L1,Y,1.0,39.0,2018-12-22,
ASN-003568-01,HRIS-WKR-003568,POS-ENG-L1-0003,JOB-ENG-L1-03,Engineering L1 Role 03,ENG,L1,Y,1.0,39.0,2025-11-21,
ASN-003569-01,HRIS-WKR-003569,POS-OPS-L6-0072,JOB-OPS-L6-06,Operations L6 Role 06,OPS,L6,Y,0.8,31.2,2019-02-14,
ASN-003570-01,HRIS-WKR-003570,POS-FIN-L2-0082,JOB-FIN-L2-04,Finance L2 Role 04,FIN,L2,Y,0.5,19.5,2025-08-02,
ASN-003570-02,HRIS-WKR-003570,POS-ENG-L5-0029,JOB-ENG-L5-05,Engineering L5 Role 05,ENG,L5,N,0.4,15.6,2025-04-17,
ASN-003571-01,HRIS-WKR-003571,POS-TEC-L2-0191,JOB-TEC-L2-05,Technology L2 Role 05,TEC,L1,Y,0.8,31.2,2021-05-22,
ASN-003571-02,HRIS-WKR-003571,POS-FIN-L1-0074,JOB-FIN-L1-02,Finance L1 Role 02,FIN,L1,N,0.3,11.7,2018-10-05,
ASN-003572-01,HRIS-WKR-003572,POS-SAL-L3-0161,JOB-SAL-L3-05,Sales L3 Role 05,SAL,L3,Y,0.8,31.2,2021-05-12,
ASN-003573-01,HRIS-WKR-003573,POS-HR-L5-0138,JOB-HR-L5-06,People L5 Role 06,HR,L5,Y,0.8,31.2,2026-01-28,
ASN-003574-01,HRIS-WKR-003574,POS-HR-L4-0132,JOB-HR-L4-06,People L4 Role 06,HR,L4,Y,1.0,39.0,2023-10-30,
ASN-003575-01,HRIS-WKR-003575,POS-OPS-L4-0059,JOB-OPS-L4-05,Operations L4 Role 05,OPS,L4,Y,1.0,39.0,2020-07-02,
ASN-003575-02,HRIS-WKR-003575,POS-TEC-L6-0216,JOB-TEC-L6-06,Technology L6 Role 06,TEC,L6,N,0.3,11.7,2018-11-29,
ASN-003576-01,HRIS-WKR-003576,POS-ENG-L4-0019,JOB-ENG-L4-01,Engineering L4 Role 01,ENG,L4,Y,1.0,39.0,2020-11-20,
ASN-003576-02,HRIS-WKR-003576,POS-ENG-L5-0029,JOB-ENG-L5-05,Engineering L5 Role 05,ENG,L5,N,0.2,7.8,2020-05-07,
ASN-003577-01,HRIS-WKR-003577,POS-TEC-L4-0204,JOB-TEC-L4-06,Technology L4 Role 06,TEC,L4,Y,1.0,39.0,2023-10-14,
ASN-003577-02,HRIS-WKR-003577,POS-ENG-L1-0003,JOB-ENG-L1-03,Engineering L1 Role 03,ENG,L1,N,0.4,15.6,2023-03-05,
ASN-003578-01,HRIS-WKR-003578,POS-TEC-L4-0202,JOB-TEC-L4-04,Technology L4 Role 04,TEC,L4,Y,1.0,39.0,2023-11-20,
ASN-003579-01,HRIS-WKR-003579,POS-TEC-L2-0192,JOB-TEC-L2-06,Technology L2 Role 06,TEC,L2,Y,1.0,39.0,2021-03-29,
ASN-003580-01,HRIS-WKR-003580,POS-OPS-L6-0072,JOB-OPS-L6-06,Operations L6 Role 06,OPS,L6,Y,1.0,39.0,2020-09-22,
ASN-003581-01,HRIS-WKR-003581,POS-OPS-L5-0066,JOB-OPS-L5-06,Operations L5 Role 06,OPS,L5,Y,1.0,39.0,2021-11-23,
ASN-003582-01,HRIS-WKR-003582,POS-ENG-L5-0027,JOB-ENG-L5-03,Engineering L5 Role 03,ENG,L5,Y,0.8,31.2,2023-08-22,
ASN-003583-01,HRIS-WKR-003583,POS-OPS-L4-0056,JOB-OPS-L4-02,Operations L4 Role 02,OPS,L4,Y,1.0,39.0,2022-06-09,
ASN-003584-01,HRIS-WKR-003584,POS-OPS-L3-0051,JOB-OPS-L3-03,Operations L3 Role 03,OPS,L3,Y,1.0,39.0,2023-04-11,
ASN-003585-01,HRIS-WKR-003585,POS-OPS-L1-0040,JOB-OPS-L1-04,Operations L1 Role 04,OPS,L1,Y,0.8,31.2,2018-10-25,
ASN-003586-01,HRIS-WKR-003586,POS-FIN-L4-0091,JOB-FIN-L4-01,Finance L4 Role 01,FIN,L4,Y,0.6,23.4,2024-03-10,
ASN-003587-01,HRIS-WKR-003587,POS-TEC-L1-0186,JOB-TEC-L1-06,Technology L1 Role 06,TEC,L1,Y,1.0,39.0,2018-11-15,
ASN-003588-01,HRIS-WKR-003588,POS-TEC-L2-0189,JOB-TEC-L2-03,Technology L2 Role 03,TEC,L2,Y,0.6,23.4,2020-07-03,
ASN-003589-01,HRIS-WKR-003589,POS-ENG-L1-0002,JOB-ENG-L1-02,Engineering L1 Role 02,ENG,L1,Y,1.0,39.0,2023-08-06,
ASN-003590-01,HRIS-WKR-003590,POS-TEC-L2-0190,JOB-TEC-L2-04,Technology L2 Role 04,TEC,L2,Y,1.0,39.0,2024-12-28,
ASN-003591-01,HRIS-WKR-003591,POS-FIN-L6-0107,JOB-FIN-L6-05,Finance L6 Role 05,FIN,L6,Y,0.6,23.4,2022-05-12,
ASN-003592-01,HRIS-WKR-003592,POS-ENG-L4-0020,JOB-ENG-L4-02,Engineering L4 Role 02,ENG,L4,Y,1.0,39.0,2018-11-25,
ASN-003593-01,HRIS-WKR-003593,POS-HR-L3-0126,JOB-HR-L3-06,People L3 Role 06,HR,L3,Y,1.0,39.0,2021-12-24,
ASN-003593-02,HRIS-WKR-003593,POS-SAL-L2-0153,JOB-SAL-L2-03,Sales L2 Role 03,SAL,L2,N,0.4,15.6,2023-01-04,
ASN-003594-01,HRIS-WKR-003594,POS-HR-L1-0111,JOB-HR-L1-03,People L1 Role 03,HR,L1,Y,1.0,39.0,2024-08-31,
ASN-003595-01,HRIS-WKR-003595,POS-ENG-L1-0004,JOB-ENG-L1-04,Engineering L1 Role 04,ENG,L1,Y,0.6,23.4,2018-06-23,
ASN-003595-02,HRIS-WKR-003595,POS-ENG-L3-0017,JOB-ENG-L3-05,Engineering L3 Role 05,ENG,L3,N,0.2,7.8,2023-04-20,
ASN-003596-01,HRIS-WKR-003596,POS-FIN-L2-0081,JOB-FIN-L2-03,Finance L2 Role 03,FIN,L2,Y,1.0,39.0,2021-11-30,
ASN-003597-01,HRIS-WKR-003597,POS-HR-L6-0140,JOB-HR-L6-02,People L6 Role 02,HR,L6,Y,1.0,39.0,2025-08-08,
ASN-003598-01,HRIS-WKR-003598,POS-OPS-L1-0038,JOB-OPS-L1-02,Operations L1 Role 02,OPS,L1,Y,1.0,39.0,2026-01-27,
ASN-003599-01,HRIS-WKR-003599,POS-FIN-L6-0103,JOB-FIN-L6-01,Finance L6 Role 01,FIN,L6,Y,1.0,39.0,2018-10-22,
ASN-003599-02,HRIS-WKR-003599,POS-ENG-L6-0031,JOB-ENG-L6-01,Engineering L6 Role 01,ENG,L6,N,0.4,15.6,2024-11-14,
ASN-003600-01,HRIS-WKR-003600,POS-ENG-L6-0031,JOB-ENG-L6-01,Engineering L6 Role 01,ENG,L6,Y,1.0,39.0,2025-02-16,
ASN-003600-02,HRIS-WKR-003600,POS-HR-L4-0128,JOB-HR-L4-02,People L4 Role 02,HR,L4,N,0.4,15.6,2022-12-07,
ASN-003601-01,HRIS-WKR-003601,POS-TEC-L4-0202,JOB-TEC-L4-04,Technology L4 Role 04,TEC,L4,Y,1.0,39.0,2022-12-27,
ASN-003602-01,HRIS-WKR-003602,POS-ENG-L6-0031,JOB-ENG-L6-01,Engineering L6 Role 01,ENG,L6,Y,1.0,39.0,2020-04-18,
ASN-003603-01,HRIS-WKR-003603,POS-HR-L3-0121,JOB-HR-L3-01,People L3 Role 01,HR,L3,Y,1.0,39.0,2018-10-30,
ASN-003604-01,HRIS-WKR-003604,POS-HR-L4-0130,JOB-HR-L4-04,People L4 Role 04,HR,L4,Y,1.0,39.0,2021-08-25,
ASN-003605-01,HRIS-WKR-003605,POS-SAL-L6-0180,JOB-SAL-L6-06,Sales L6 Role 06,SAL,L6,Y,1.0,39.0,2019-10-14,
ASN-003606-01,HRIS-WKR-003606,POS-TEC-L3-0194,JOB-TEC-L3-02,Technology L3 Role 02,TEC,L3,Y,1.0,39.0,2024-10-04,
ASN-003607-01,HRIS-WKR-003607,POS-TEC-L5-0207,JOB-TEC-L5-03,Technology L5 Role 03,TEC,L5,Y,1.0,39.0,2024-11-30,
ASN-003608-01,HRIS-WKR-003608,POS-TEC-L6-0212,JOB-TEC-L6-02,Technology L6 Role 02,TEC,L6,Y,1.0,39.0,2019-06-16,
ASN-003609-01,HRIS-WKR-003609,POS-OPS-L1-0039,JOB-OPS-L1-03,Operations L1 Role 03,OPS,L1,Y,1.0,39.0,2020-11-27,
ASN-003610-01,HRIS-WKR-003610,POS-HR-L1-0109,JOB-HR-L1-01,People L1 Role 01,HR,L1,Y,1.0,39.0,2025-12-28,
ASN-003611-01,HRIS-WKR-003611,POS-OPS-L2-0043,JOB-OPS-L2-01,Operations L2 Role 01,OPS,L2,Y,1.0,39.0,2019-01-17,
ASN-003612-01,HRIS-WKR-003612,POS-FIN-L1-0074,JOB-FIN-L1-02,Finance L1 Role 02,FIN,L1,Y,0.8,31.2,2025-04-08,
ASN-003613-01,HRIS-WKR-003613,POS-ENG-L2-0010,JOB-ENG-L2-04,Engineering L2 Role 04,ENG,L2,Y,0.5,19.5,2022-06-05,
ASN-003614-01,HRIS-WKR-003614,POS-TEC-L5-0210,JOB-TEC-L5-06,Technology L5 Role 06,TEC,L5,Y,1.0,39.0,2021-02-08,
ASN-003615-01,HRIS-WKR-003615,POS-FIN-L3-0086,JOB-FIN-L3-02,Finance L3 Role 02,FIN,L3,Y,,,2024-03-10,
ASN-003616-01,HRIS-WKR-003616,POS-HR-L4-0129,JOB-HR-L4-03,People L4 Role 03,HR,L4,Y,1.0,39.0,2023-01-24,
ASN-003617-01,HRIS-WKR-003617,POS-OPS-L3-0052,JOB-OPS-L3-04,Operations L3 Role 04,OPS,L3,Y,0.6,23.4,2020-01-15,
ASN-003618-01,HRIS-WKR-003618,POS-SAL-L4-0168,JOB-SAL-L4-06,Sales L4 Role 06,SAL,L4,Y,1.0,39.0,2019-10-22,
ASN-003619-01,HRIS-WKR-003619,POS-ENG-L4-0024,JOB-ENG-L4-06,Engineering L4 Role 06,ENG,L4,Y,1.0,39.0,2019-08-16,
ASN-003620-01,HRIS-WKR-003620,POS-TEC-L4-0201,JOB-TEC-L4-03,Technology L4 Role 03,TEC,L4,Y,1.0,39.0,2025-06-23,
ASN-003621-01,HRIS-WKR-003621,POS-FIN-L4-0096,JOB-FIN-L4-06,Finance L4 Role 06,FIN,L4,Y,1.0,39.0,2023-05-23,
ASN-003622-01,HRIS-WKR-003622,POS-FIN-L4-0093,JOB-FIN-L4-03,Finance L4 Role 03,FIN,L4,Y,1.0,39.0,2019-07-12,
ASN-003622-02,HRIS-WKR-003622,POS-SAL-L6-0179,JOB-SAL-L6-05,Sales L6 Role 05,SAL,L6,N,0.3,11.7,2024-12-11,
ASN-003623-01,HRIS-WKR-003623,POS-ENG-L3-0014,JOB-ENG-L3-02,Engineering L3 Role 02,ENG,L3,Y,1.0,39.0,2019-06-22,
ASN-003624-01,HRIS-WKR-003624,POS-HR-L1-0114,JOB-HR-L1-06,People L1 Role 06,HR,L1,Y,1.0,39.0,2023-04-17,
ASN-003625-01,HRIS-WKR-003625,POS-OPS-L2-0047,JOB-OPS-L2-05,Operations L2 Role 05,OPS,L2,Y,1.0,39.0,2026-01-08,
ASN-003626-01,HRIS-WKR-003626,POS-ENG-L4-0020,JOB-ENG-L4-02,Engineering L4 Role 02,ENG,L4,Y,1.0,39.0,2019-02-15,
ASN-003626-02,HRIS-WKR-003626,POS-SAL-L4-0168,JOB-SAL-L4-06,Sales L4 Role 06,SAL,L4,N,0.2,7.8,2018-04-02,
ASN-003627-01,HRIS-WKR-003627,POS-HR-L3-0121,JOB-HR-L3-01,People L3 Role 01,HR,L3,Y,1.0,39.0,2023-11-16,
ASN-003627-02,HRIS-WKR-003627,POS-SAL-L4-0167,JOB-SAL-L4-05,Sales L4 Role 05,SAL,L4,N,0.2,7.8,2019-04-03,
ASN-003628-01,HRIS-WKR-003628,POS-OPS-L4-0055,JOB-OPS-L4-01,Operations L4 Role 01,OPS,L4,Y,1.0,39.0,2020-05-05,
ASN-003629-01,HRIS-WKR-003629,POS-ENG-L6-0033,JOB-ENG-L6-03,Engineering L6 Role 03,ENG,L6,Y,1.0,39.0,2025-09-03,
ASN-003630-01,HRIS-WKR-003630,POS-OPS-L1-0038,JOB-OPS-L1-02,Operations L1 Role 02,OPS,L1,Y,,,2022-11-19,
ASN-003631-01,HRIS-WKR-003631,POS-TEC-L5-0208,JOB-TEC-L5-04,Technology L5 Role 04,TEC,L5,Y,0.8,31.2,2021-03-10,
ASN-003631-02,HRIS-WKR-003631,POS-OPS-L2-0048,JOB-OPS-L2-06,Operations L2 Role 06,OPS,L2,N,0.3,11.7,2025-05-06,
ASN-003632-01,HRIS-WKR-003632,POS-ENG-L5-0028,JOB-ENG-L5-04,Engineering L5 Role 04,ENG,L5,Y,1.0,39.0,2024-04-18,
ASN-003633-01,HRIS-WKR-003633,POS-ENG-L3-0015,JOB-ENG-L3-03,Engineering L3 Role 03,ENG,L3,Y,1.0,39.0,2025-06-29,
ASN-003634-01,HRIS-WKR-003634,POS-FIN-L3-0090,JOB-FIN-L3-06,Finance L3 Role 06,FIN,L3,Y,1.0,39.0,2023-04-26,
ASN-003635-01,HRIS-WKR-003635,POS-FIN-L1-0076,JOB-FIN-L1-04,Finance L1 Role 04,FIN,L1,Y,1.0,39.0,2019-05-26,
ASN-003636-01,HRIS-WKR-003636,POS-OPS-L3-0050,JOB-OPS-L3-02,Operations L3 Role 02,OPS,L3,Y,1.0,39.0,2024-02-02,
ASN-003637-01,HRIS-WKR-003637,POS-FIN-L1-0078,JOB-FIN-L1-06,Finance L1 Role 06,FIN,L1,Y,1.0,39.0,2022-08-15,
ASN-003638-01,HRIS-WKR-003638,POS-SAL-L3-0161,JOB-SAL-L3-05,Sales L3 Role 05,SAL,L3,Y,1.0,39.0,2019-05-26,
ASN-003638-02,HRIS-WKR-003638,POS-TEC-L2-0189,JOB-TEC-L2-03,Technology L2 Role 03,TEC,L2,N,0.4,15.6,2023-02-04,
ASN-003639-01,HRIS-WKR-003639,POS-OPS-L2-0043,JOB-OPS-L2-01,Operations L2 Role 01,OPS,L2,Y,1.0,39.0,2022-08-31,
ASN-003640-01,HRIS-WKR-003640,POS-SAL-L1-0150,JOB-SAL-L1-06,Sales L1 Role 06,SAL,L1,Y,1.0,39.0,2020-10-16,
ASN-003641-01,HRIS-WKR-003641,POS-ENG-L6-0036,JOB-ENG-L6-06,Engineering L6 Role 06,ENG,L4,Y,1.0,39.0,2023-07-06,
ASN-003642-01,HRIS-WKR-003642,POS-TEC-L2-0188,JOB-TEC-L2-02,Technology L2 Role 02,TEC,L2,Y,0.4,15.6,2026-02-01,
ASN-003643-01,HRIS-WKR-003643,POS-FIN-L2-0084,JOB-FIN-L2-06,Finance L2 Role 06,FIN,L2,Y,0.8,31.2,2020-02-20,
ASN-003644-01,HRIS-WKR-003644,POS-TEC-L2-0192,JOB-TEC-L2-06,Technology L2 Role 06,TEC,L2,Y,0.8,31.2,2023-04-23,
ASN-003645-01,HRIS-WKR-003645,POS-FIN-L1-0076,JOB-FIN-L1-04,Finance L1 Role 04,FIN,L1,Y,0.5,19.5,2022-02-22,
ASN-003646-01,HRIS-WKR-003646,POS-HR-L1-0109,JOB-HR-L1-01,People L1 Role 01,HR,L1,Y,0.8,31.2,2022-03-07,
ASN-003646-02,HRIS-WKR-003646,POS-ENG-L4-0020,JOB-ENG-L4-02,Engineering L4 Role 02,ENG,L4,N,0.3,11.7,2023-05-15,
ASN-003647-01,HRIS-WKR-003647,POS-FIN-L2-0079,JOB-FIN-L2-01,Finance L2 Role 01,FIN,L2,Y,1.0,39.0,2025-03-07,
ASN-003648-01,HRIS-WKR-003648,POS-TEC-L1-0183,JOB-TEC-L1-03,Technology L1 Role 03,TEC,L1,Y,1.0,39.0,2019-03-13,
ASN-003649-01,HRIS-WKR-003649,POS-FIN-L5-0102,JOB-FIN-L5-06,Finance L5 Role 06,FIN,L5,Y,0.6,23.4,2024-10-08,
ASN-003650-01,HRIS-WKR-003650,POS-TEC-L4-0203,JOB-TEC-L4-05,Technology L4 Role 05,TEC,L4,Y,1.0,39.0,2022-11-20,
ASN-003651-01,HRIS-WKR-003651,POS-ENG-L6-0035,JOB-ENG-L6-05,Engineering L6 Role 05,ENG,L6,Y,1.0,39.0,2022-05-18,
ASN-003651-02,HRIS-WKR-003651,POS-FIN-L5-0099,JOB-FIN-L5-03,Finance L5 Role 03,FIN,L5,N,0.2,7.8,2024-03-18,
ASN-003652-01,HRIS-WKR-003652,POS-TEC-L4-0202,JOB-TEC-L4-04,Technology L4 Role 04,TEC,L4,Y,0.8,31.2,2018-08-12,
ASN-003653-01,HRIS-WKR-003653,POS-SAL-L2-0152,JOB-SAL-L2-02,Sales L2 Role 02,SAL,L2,Y,1.0,39.0,2026-01-18,
ASN-003654-01,HRIS-WKR-003654,POS-ENG-L5-0028,JOB-ENG-L5-04,Engineering L5 Role 04,ENG,L5,Y,1.0,39.0,2018-04-21,
ASN-003655-01,HRIS-WKR-003655,POS-ENG-L4-0024,JOB-ENG-L4-06,Engineering L4 Role 06,ENG,L4,Y,1.0,39.0,2020-07-24,
ASN-003656-01,HRIS-WKR-003656,POS-ENG-L4-0024,JOB-ENG-L4-06,Engineering L4 Role 06,ENG,L4,Y,1.0,39.0,2019-12-29,
ASN-003656-02,HRIS-WKR-003656,POS-OPS-L1-0040,JOB-OPS-L1-04,Operations L1 Role 04,OPS,L1,N,0.2,7.8,2022-02-27,
ASN-003657-01,HRIS-WKR-003657,POS-FIN-L1-0078,JOB-FIN-L1-06,Finance L1 Role 06,FIN,L1,Y,1.0,39.0,2025-02-14,
ASN-003658-01,HRIS-WKR-003658,POS-OPS-L4-0060,JOB-OPS-L4-06,Operations L4 Role 06,OPS,L4,Y,1.0,39.0,2019-02-24,
ASN-003659-01,HRIS-WKR-003659,POS-ENG-L2-0011,JOB-ENG-L2-05,Engineering L2 Role 05,ENG,L2,Y,1.0,39.0,2021-07-03,
ASN-003660-01,HRIS-WKR-003660,POS-OPS-L5-0062,JOB-OPS-L5-02,Operations L5 Role 02,OPS,L5,Y,1.0,39.0,2020-10-11,
ASN-003661-01,HRIS-WKR-003661,POS-OPS-L3-0049,JOB-OPS-L3-01,Operations L3 Role 01,OPS,L3,Y,1.0,39.0,2023-10-04,
ASN-003662-01,HRIS-WKR-003662,POS-ENG-L6-0032,JOB-ENG-L6-02,Engineering L6 Role 02,ENG,L6,Y,1.0,39.0,2018-12-24,
ASN-003663-01,HRIS-WKR-003663,POS-FIN-L1-0077,JOB-FIN-L1-05,Finance L1 Role 05,FIN,L1,Y,1.0,39.0,2022-10-16,
ASN-003664-01,HRIS-WKR-003664,POS-SAL-L2-0156,JOB-SAL-L2-06,Sales L2 Role 06,SAL,L2,Y,1.0,39.0,2022-06-24,
ASN-003665-01,HRIS-WKR-003665,POS-FIN-L5-0102,JOB-FIN-L5-06,Finance L5 Role 06,FIN,L5,Y,1.0,39.0,2020-11-13,
ASN-003666-01,HRIS-WKR-003666,POS-HR-L1-0110,JOB-HR-L1-02,People L1 Role 02,HR,L1,Y,1.0,39.0,2021-02-14,
ASN-003667-01,HRIS-WKR-003667,POS-OPS-L3-0052,JOB-OPS-L3-04,Operations L3 Role 04,OPS,L3,Y,1.0,39.0,2024-11-01,
ASN-003668-01,HRIS-WKR-003668,POS-FIN-L2-0084,JOB-FIN-L2-06,Finance L2 Role 06,FIN,L2,Y,1.0,39.0,2020-03-25,
ASN-003669-01,HRIS-WKR-003669,POS-ENG-L5-0028,JOB-ENG-L5-04,Engineering L5 Role 04,ENG,L5,Y,1.0,39.0,2019-05-21,
ASN-003670-01,HRIS-WKR-003670,POS-ENG-L5-0030,JOB-ENG-L5-06,Engineering L5 Role 06,ENG,L5,Y,,,2018-04-07,
ASN-003671-01,HRIS-WKR-003671,POS-SAL-L2-0154,JOB-SAL-L2-04,Sales L2 Role 04,SAL,L2,Y,1.0,39.0,2020-12-25,
ASN-003672-01,HRIS-WKR-003672,POS-TEC-L5-0206,JOB-TEC-L5-02,Technology L5 Role 02,TEC,L5,Y,1.0,39.0,2023-07-18,
ASN-003673-01,HRIS-WKR-003673,POS-TEC-L4-0199,JOB-TEC-L4-01,Technology L4 Role 01,TEC,L4,Y,1.0,39.0,2021-01-11,
ASN-003673-02,HRIS-WKR-003673,POS-OPS-L5-0063,JOB-OPS-L5-03,Operations L5 Role 03,OPS,L5,N,0.2,7.8,2025-10-23,
ASN-003674-01,HRIS-WKR-003674,POS-OPS-L3-0049,JOB-OPS-L3-01,Operations L3 Role 01,OPS,L3,Y,,,2024-12-07,
ASN-003675-01,HRIS-WKR-003675,POS-HR-L4-0127,JOB-HR-L4-01,People L4 Role 01,HR,L4,Y,0.8,31.2,2025-11-28,
ASN-003676-01,HRIS-WKR-003676,POS-FIN-L5-0098,JOB-FIN-L5-02,Finance L5 Role 02,FIN,L5,Y,1.0,39.0,2023-12-29,
ASN-003677-01,HRIS-WKR-003677,POS-SAL-L6-0176,JOB-SAL-L6-02,Sales L6 Role 02,SAL,L4,Y,1.0,39.0,2024-05-17,
ASN-003678-01,HRIS-WKR-003678,POS-OPS-L2-0044,JOB-OPS-L2-02,Operations L2 Role 02,OPS,L2,Y,1.0,39.0,2020-07-31,
ASN-003679-01,HRIS-WKR-003679,POS-ENG-L1-0002,JOB-ENG-L1-02,Engineering L1 Role 02,ENG,L1,Y,0.5,19.5,2018-08-05,
ASN-003680-01,HRIS-WKR-003680,POS-TEC-L4-0204,JOB-TEC-L4-06,Technology L4 Role 06,TEC,L4,Y,0.6,23.4,2023-09-29,
ASN-003681-01,HRIS-WKR-003681,POS-ENG-L5-0029,JOB-ENG-L5-05,Engineering L5 Role 05,ENG,L5,Y,0.6,23.4,2019-11-17,
ASN-003682-01,HRIS-WKR-003682,POS-HR-L5-0133,JOB-HR-L5-01,People L5 Role 01,HR,L5,Y,1.0,39.0,2024-06-24,
ASN-003683-01,HRIS-WKR-003683,POS-ENG-L4-0024,JOB-ENG-L4-06,Engineering L4 Role 06,ENG,L4,Y,1.0,39.0,2025-09-12,
ASN-003684-01,HRIS-WKR-003684,POS-ENG-L6-0035,JOB-ENG-L6-05,Engineering L6 Role 05,ENG,L6,Y,1.0,39.0,2022-01-07,
ASN-003685-01,HRIS-WKR-003685,POS-FIN-L2-0082,JOB-FIN-L2-04,Finance L2 Role 04,FIN,L2,Y,1.0,39.0,2025-12-23,
ASN-003686-01,HRIS-WKR-003686,POS-TEC-L5-0208,JOB-TEC-L5-04,Technology L5 Role 04,TEC,L5,Y,1.0,39.0,2025-07-12,
ASN-003687-01,HRIS-WKR-003687,POS-HR-L6-0142,JOB-HR-L6-04,People L6 Role 04,HR,L6,Y,0.5,19.5,2021-10-19,
ASN-003688-01,HRIS-WKR-003688,POS-SAL-L2-0155,JOB-SAL-L2-05,Sales L2 Role 05,SAL,L2,Y,1.0,39.0,2020-08-04,
ASN-003689-01,HRIS-WKR-003689,POS-FIN-L1-0077,JOB-FIN-L1-05,Finance L1 Role 05,FIN,L1,Y,1.0,39.0,2021-07-22,
ASN-003690-01,HRIS-WKR-003690,POS-SAL-L6-0179,JOB-SAL-L6-05,Sales L6 Role 05,SAL,L6,Y,1.0,39.0,2024-02-10,
ASN-003691-01,HRIS-WKR-003691,POS-FIN-L6-0103,JOB-FIN-L6-01,Finance L6 Role 01,FIN,L6,Y,1.0,39.0,2019-05-21,
ASN-003692-01,HRIS-WKR-003692,POS-SAL-L2-0154,JOB-SAL-L2-04,Sales L2 Role 04,SAL,L2,Y,1.0,39.0,2023-02-04,
ASN-003693-01,HRIS-WKR-003693,POS-TEC-L6-0216,JOB-TEC-L6-06,Technology L6 Role 06,TEC,L6,Y,0.8,31.2,2020-06-29,
ASN-003694-01,HRIS-WKR-003694,POS-TEC-L6-0213,JOB-TEC-L6-03,Technology L6 Role 03,TEC,L6,Y,1.0,39.0,2020-06-14,
ASN-003695-01,HRIS-WKR-003695,POS-HR-L1-0114,JOB-HR-L1-06,People L1 Role 06,HR,L1,Y,0.6,23.4,2025-07-29,
ASN-003696-01,HRIS-WKR-003696,POS-OPS-L3-0050,JOB-OPS-L3-02,Operations L3 Role 02,OPS,L3,Y,1.0,39.0,2019-06-06,
ASN-003697-01,HRIS-WKR-003697,POS-ENG-L4-0022,JOB-ENG-L4-04,Engineering L4 Role 04,ENG,L4,Y,0.8,31.2,2025-08-26,
ASN-003697-02,HRIS-WKR-003697,POS-HR-L3-0122,JOB-HR-L3-02,People L3 Role 02,HR,L3,N,0.2,7.8,2024-02-03,
ASN-003698-01,HRIS-WKR-003698,POS-OPS-L3-0049,JOB-OPS-L3-01,Operations L3 Role 01,OPS,L3,Y,1.0,39.0,2024-06-26,
ASN-003699-01,HRIS-WKR-003699,POS-OPS-L2-0048,JOB-OPS-L2-06,Operations L2 Role 06,OPS,L2,Y,1.0,39.0,2018-12-21,
ASN-003700-01,HRIS-WKR-003700,POS-OPS-L3-0054,JOB-OPS-L3-06,Operations L3 Role 06,OPS,L3,Y,1.0,39.0,2019-05-31,
ASN-003701-01,HRIS-WKR-003701,POS-FIN-L3-0085,JOB-FIN-L3-01,Finance L3 Role 01,FIN,L3,Y,0.6,23.4,2021-12-01,
ASN-003702-01,HRIS-WKR-003702,POS-ENG-L5-0026,JOB-ENG-L5-02,Engineering L5 Role 02,ENG,L5,Y,1.0,39.0,2025-05-20,
ASN-003703-01,HRIS-WKR-003703,POS-TEC-L2-0191,JOB-TEC-L2-05,Technology L2 Role 05,TEC,L2,Y,0.5,19.5,2020-12-21,
ASN-003704-01,HRIS-WKR-003704,POS-TEC-L1-0183,JOB-TEC-L1-03,Technology L1 Role 03,TEC,L1,Y,1.0,39.0,2024-03-03,
ASN-003705-01,HRIS-WKR-003705,POS-HR-L4-0127,JOB-HR-L4-01,People L4 Role 01,HR,L6,Y,0.4,15.6,2022-12-08,
ASN-003706-01,HRIS-WKR-003706,POS-HR-L4-0128,JOB-HR-L4-02,People L4 Role 02,HR,L4,Y,0.5,19.5,2018-01-02,
ASN-003707-01,HRIS-WKR-003707,POS-TEC-L3-0196,JOB-TEC-L3-04,Technology L3 Role 04,TEC,L3,Y,0.8,31.2,2019-03-15,
ASN-003708-01,HRIS-WKR-003708,POS-HR-L2-0119,JOB-HR-L2-05,People L2 Role 05,HR,L2,Y,1.0,39.0,2020-01-11,
ASN-003709-01,HRIS-WKR-003709,POS-OPS-L4-0057,JOB-OPS-L4-03,Operations L4 Role 03,OPS,L4,Y,0.6,23.4,2024-11-25,
ASN-003710-01,HRIS-WKR-003710,POS-TEC-L2-0188,JOB-TEC-L2-02,Technology L2 Role 02,TEC,L2,Y,1.0,39.0,2020-02-02,
ASN-003711-01,HRIS-WKR-003711,POS-HR-L1-0111,JOB-HR-L1-03,People L1 Role 03,HR,L1,Y,1.0,39.0,2023-01-24,
ASN-003712-01,HRIS-WKR-003712,POS-TEC-L6-0214,JOB-TEC-L6-04,Technology L6 Role 04,TEC,L6,Y,0.8,31.2,2021-03-08,
ASN-003713-01,HRIS-WKR-003713,POS-TEC-L2-0188,JOB-TEC-L2-02,Technology L2 Role 02,TEC,L2,Y,1.0,39.0,2024-12-23,
ASN-003714-01,HRIS-WKR-003714,POS-ENG-L3-0016,JOB-ENG-L3-04,Engineering L3 Role 04,ENG,L3,Y,1.0,39.0,2024-10-21,
ASN-003714-02,HRIS-WKR-003714,POS-FIN-L6-0108,JOB-FIN-L6-06,Finance L6 Role 06,FIN,L6,N,0.2,7.8,2021-12-30,
ASN-003715-01,HRIS-WKR-003715,POS-FIN-L5-0102,JOB-FIN-L5-06,Finance L5 Role 06,FIN,L5,Y,1.0,39.0,2025-12-07,
ASN-003716-01,HRIS-WKR-003716,POS-OPS-L3-0050,JOB-OPS-L3-02,Operations L3 Role 02,OPS,L3,Y,1.0,39.0,2022-12-27,
ASN-003716-02,HRIS-WKR-003716,POS-FIN-L5-0100,JOB-FIN-L5-04,Finance L5 Role 04,FIN,L5,N,0.3,11.7,2018-01-09,
ASN-003717-01,HRIS-WKR-003717,POS-HR-L4-0130,JOB-HR-L4-04,People L4 Role 04,HR,L4,Y,0.4,15.6,2023-09-14,
ASN-003718-01,HRIS-WKR-003718,POS-TEC-L1-0183,JOB-TEC-L1-03,Technology L1 Role 03,TEC,L1,Y,1.0,39.0,2025-03-31,
ASN-003719-01,HRIS-WKR-003719,POS-FIN-L6-0104,JOB-FIN-L6-02,Finance L6 Role 02,FIN,L6,Y,0.8,31.2,2018-10-26,
ASN-003720-01,HRIS-WKR-003720,POS-HR-L4-0131,JOB-HR-L4-05,People L4 Role 05,HR,L4,Y,1.0,39.0,2020-05-01,
ASN-003721-01,HRIS-WKR-003721,POS-FIN-L5-0100,JOB-FIN-L5-04,Finance L5 Role 04,FIN,L5,Y,1.0,39.0,2019-07-29,
ASN-003722-01,HRIS-WKR-003722,POS-FIN-L2-0080,JOB-FIN-L2-02,Finance L2 Role 02,FIN,L2,Y,1.0,39.0,2021-08-10,
ASN-003722-02,HRIS-WKR-003722,POS-HR-L1-0114,JOB-HR-L1-06,People L1 Role 06,HR,L1,N,0.4,15.6,2019-03-29,
ASN-003723-01,HRIS-WKR-003723,POS-SAL-L2-0151,JOB-SAL-L2-01,Sales L2 Role 01,SAL,L2,Y,1.0,39.0,2018-10-31,
ASN-003723-02,HRIS-WKR-003723,POS-ENG-L3-0014,JOB-ENG-L3-02,Engineering L3 Role 02,ENG,L3,N,0.2,7.8,2021-12-17,
ASN-003724-01,HRIS-WKR-003724,POS-TEC-L1-0181,JOB-TEC-L1-01,Technology L1 Role 01,TEC,L1,Y,1.0,39.0,2018-01-21,
ASN-003725-01,HRIS-WKR-003725,POS-SAL-L3-0157,JOB-SAL-L3-01,Sales L3 Role 01,SAL,L3,Y,1.0,39.0,2019-04-12,
ASN-003726-01,HRIS-WKR-003726,POS-TEC-L6-0216,JOB-TEC-L6-06,Technology L6 Role 06,TEC,L6,Y,0.5,19.5,2022-06-13,
ASN-003727-01,HRIS-WKR-003727,POS-SAL-L1-0148,JOB-SAL-L1-04,Sales L1 Role 04,SAL,L1,Y,1.0,39.0,2025-03-11,
ASN-003728-01,HRIS-WKR-003728,POS-TEC-L1-0184,JOB-TEC-L1-04,Technology L1 Role 04,TEC,L1,Y,0.8,31.2,2025-07-27,
ASN-003729-01,HRIS-WKR-003729,POS-SAL-L1-0145,JOB-SAL-L1-01,Sales L1 Role 01,SAL,L3,Y,0.6,23.4,2024-09-01,
ASN-003730-01,HRIS-WKR-003730,POS-SAL-L2-0154,JOB-SAL-L2-04,Sales L2 Role 04,SAL,L2,Y,1.0,39.0,2024-02-25,
ASN-003731-01,HRIS-WKR-003731,POS-TEC-L2-0191,JOB-TEC-L2-05,Technology L2 Role 05,TEC,L2,Y,1.0,39.0,2020-05-21,
ASN-003732-01,HRIS-WKR-003732,POS-TEC-L4-0200,JOB-TEC-L4-02,Technology L4 Role 02,TEC,L4,Y,1.0,39.0,2022-08-29,
ASN-003733-01,HRIS-WKR-003733,POS-ENG-L4-0019,JOB-ENG-L4-01,Engineering L4 Role 01,ENG,L4,Y,0.8,31.2,2021-08-31,
ASN-003734-01,HRIS-WKR-003734,POS-HR-L1-0112,JOB-HR-L1-04,People L1 Role 04,HR,L1,Y,1.0,39.0,2020-08-18,
ASN-003735-01,HRIS-WKR-003735,POS-OPS-L2-0044,JOB-OPS-L2-02,Operations L2 Role 02,OPS,L2,Y,1.0,39.0,2021-01-23,
ASN-003735-02,HRIS-WKR-003735,POS-TEC-L4-0201,JOB-TEC-L4-03,Technology L4 Role 03,TEC,L4,N,0.2,7.8,2020-06-01,
ASN-003736-01,HRIS-WKR-003736,POS-SAL-L4-0165,JOB-SAL-L4-03,Sales L4 Role 03,SAL,L4,Y,0.4,15.6,2021-03-26,
ASN-003737-01,HRIS-WKR-003737,POS-SAL-L6-0179,JOB-SAL-L6-05,Sales L6 Role 05,SAL,L6,Y,1.0,39.0,2023-05-18,
ASN-003738-01,HRIS-WKR-003738,POS-OPS-L2-0044,JOB-OPS-L2-02,Operations L2 Role 02,OPS,L2,Y,1.0,39.0,2021-01-15,
ASN-003739-01,HRIS-WKR-003739,POS-OPS-L3-0049,JOB-OPS-L3-01,Operations L3 Role 01,OPS,L3,Y,1.0,39.0,2021-03-19,
ASN-003740-01,HRIS-WKR-003740,POS-TEC-L6-0213,JOB-TEC-L6-03,Technology L6 Role 03,TEC,L6,Y,1.0,39.0,2025-12-13,
ASN-003741-01,HRIS-WKR-003741,POS-HR-L5-0136,JOB-HR-L5-04,People L5 Role 04,HR,L5,Y,0.8,31.2,2025-02-27,
ASN-003742-01,HRIS-WKR-003742,POS-TEC-L2-0188,JOB-TEC-L2-02,Technology L2 Role 02,TEC,L2,Y,0.4,15.6,2022-02-27,
ASN-003743-01,HRIS-WKR-003743,POS-SAL-L3-0162,JOB-SAL-L3-06,Sales L3 Role 06,SAL,L3,Y,1.0,39.0,2019-05-29,
ASN-003744-01,HRIS-WKR-003744,POS-TEC-L2-0188,JOB-TEC-L2-02,Technology L2 Role 02,TEC,L2,Y,1.0,39.0,2021-06-20,
ASN-003745-01,HRIS-WKR-003745,POS-OPS-L1-0039,JOB-OPS-L1-03,Operations L1 Role 03,OPS,L1,Y,1.0,39.0,2020-12-26,
ASN-003746-01,HRIS-WKR-003746,POS-ENG-L5-0025,JOB-ENG-L5-01,Engineering L5 Role 01,ENG,L5,Y,0.8,31.2,2022-11-24,
ASN-003747-01,HRIS-WKR-003747,POS-HR-L5-0137,JOB-HR-L5-05,People L5 Role 05,HR,L5,Y,1.0,39.0,2018-06-28,
ASN-003748-01,HRIS-WKR-003748,POS-TEC-L3-0193,JOB-TEC-L3-01,Technology L3 Role 01,TEC,L3,Y,1.0,39.0,2025-12-07,
ASN-003749-01,HRIS-WKR-003749,POS-OPS-L4-0056,JOB-OPS-L4-02,Operations L4 Role 02,OPS,L4,Y,0.4,15.6,2022-09-27,
ASN-003750-01,HRIS-WKR-003750,POS-FIN-L2-0079,JOB-FIN-L2-01,Finance L2 Role 01,FIN,L2,Y,0.8,31.2,2021-07-24,
ASN-003751-01,HRIS-WKR-003751,POS-SAL-L4-0168,JOB-SAL-L4-06,Sales L4 Role 06,SAL,L4,Y,1.0,39.0,2023-01-23,
ASN-003752-01,HRIS-WKR-003752,POS-HR-L4-0127,JOB-HR-L4-01,People L4 Role 01,HR,L4,Y,1.0,39.0,2023-07-28,
ASN-003753-01,HRIS-WKR-003753,POS-TEC-L6-0216,JOB-TEC-L6-06,Technology L6 Role 06,TEC,L6,Y,0.6,23.4,2020-06-09,
ASN-003753-02,HRIS-WKR-003753,POS-OPS-L4-0056,JOB-OPS-L4-02,Operations L4 Role 02,OPS,L4,N,0.2,7.8,2019-03-08,
ASN-003754-01,HRIS-WKR-003754,POS-OPS-L6-0068,JOB-OPS-L6-02,Operations L6 Role 02,OPS,L6,Y,1.0,39.0,2019-05-19,
ASN-003755-01,HRIS-WKR-003755,POS-FIN-L1-0076,JOB-FIN-L1-04,Finance L1 Role 04,FIN,L1,Y,1.0,39.0,2025-06-20,
ASN-003756-01,HRIS-WKR-003756,POS-TEC-L6-0214,JOB-TEC-L6-04,Technology L6 Role 04,TEC,L6,Y,1.0,39.0,2022-02-21,
ASN-003757-01,HRIS-WKR-003757,POS-TEC-L1-0182,JOB-TEC-L1-02,Technology L1 Role 02,TEC,L1,Y,1.0,39.0,2025-01-06,
ASN-003758-01,HRIS-WKR-003758,POS-OPS-L3-0051,JOB-OPS-L3-03,Operations L3 Role 03,OPS,L3,Y,1.0,39.0,2024-10-16,
ASN-003759-01,HRIS-WKR-003759,POS-FIN-L5-0101,JOB-FIN-L5-05,Finance L5 Role 05,FIN,L5,Y,1.0,39.0,2019-11-25,
ASN-003759-02,HRIS-WKR-003759,POS-TEC-L5-0209,JOB-TEC-L5-05,Technology L5 Role 05,TEC,L5,N,0.3,11.7,2018-01-31,
ASN-003760-01,HRIS-WKR-003760,POS-ENG-L4-0024,JOB-ENG-L4-06,Engineering L4 Role 06,ENG,L4,Y,0.6,23.4,2025-03-07,
ASN-003761-01,HRIS-WKR-003761,POS-FIN-L3-0090,JOB-FIN-L3-06,Finance L3 Role 06,FIN,L3,Y,0.8,31.2,2018-05-29,
ASN-003762-01,HRIS-WKR-003762,POS-ENG-L6-0035,JOB-ENG-L6-05,Engineering L6 Role 05,ENG,L6,Y,1.0,39.0,2018-08-29,
ASN-003763-01,HRIS-WKR-003763,POS-TEC-L5-0206,JOB-TEC-L5-02,Technology L5 Role 02,TEC,L5,Y,1.0,39.0,2018-07-17,
ASN-003764-01,HRIS-WKR-003764,POS-HR-L6-0139,JOB-HR-L6-01,People L6 Role 01,HR,L6,Y,1.0,39.0,2024-08-04,
ASN-003765-01,HRIS-WKR-003765,POS-HR-L1-0114,JOB-HR-L1-06,People L1 Role 06,HR,L1,Y,1.0,39.0,2024-01-14,
ASN-003766-01,HRIS-WKR-003766,POS-SAL-L3-0158,JOB-SAL-L3-02,Sales L3 Role 02,SAL,L1,Y,1.0,39.0,2025-08-03,
ASN-003767-01,HRIS-WKR-003767,POS-SAL-L6-0177,JOB-SAL-L6-03,Sales L6 Role 03,SAL,L6,Y,0.8,31.2,2018-01-09,
ASN-003768-01,HRIS-WKR-003768,POS-TEC-L5-0205,JOB-TEC-L5-01,Technology L5 Role 01,TEC,L5,Y,1.0,39.0,2023-02-26,
ASN-003769-01,HRIS-WKR-003769,POS-ENG-L5-0030,JOB-ENG-L5-06,Engineering L5 Role 06,ENG,L5,Y,1.0,39.0,2024-11-08,
ASN-003770-01,HRIS-WKR-003770,POS-OPS-L2-0047,JOB-OPS-L2-05,Operations L2 Role 05,OPS,L4,Y,0.8,31.2,2023-12-02,
ASN-003771-01,HRIS-WKR-003771,POS-TEC-L6-0216,JOB-TEC-L6-06,Technology L6 Role 06,TEC,L6,Y,0.8,31.2,2021-07-07,
ASN-003772-01,HRIS-WKR-003772,POS-HR-L4-0132,JOB-HR-L4-06,People L4 Role 06,HR,L2,Y,0.6,23.4,2021-07-30,
ASN-003773-01,HRIS-WKR-003773,POS-OPS-L2-0047,JOB-OPS-L2-05,Operations L2 Role 05,OPS,L2,Y,1.0,39.0,2019-07-23,
ASN-003774-01,HRIS-WKR-003774,POS-ENG-L6-0032,JOB-ENG-L6-02,Engineering L6 Role 02,ENG,L6,Y,1.0,39.0,2023-08-19,
ASN-003775-01,HRIS-WKR-003775,POS-SAL-L2-0155,JOB-SAL-L2-05,Sales L2 Role 05,SAL,L4,Y,0.4,15.6,2021-12-20,
ASN-003776-01,HRIS-WKR-003776,POS-OPS-L6-0072,JOB-OPS-L6-06,Operations L6 Role 06,OPS,L6,Y,1.0,39.0,2020-06-12,
ASN-003777-01,HRIS-WKR-003777,POS-FIN-L1-0075,JOB-FIN-L1-03,Finance L1 Role 03,FIN,L1,Y,1.0,39.0,2022-05-06,
ASN-003778-01,HRIS-WKR-003778,POS-HR-L2-0120,JOB-HR-L2-06,People L2 Role 06,HR,L2,Y,1.0,39.0,2018-01-02,
ASN-003779-01,HRIS-WKR-003779,POS-SAL-L4-0166,JOB-SAL-L4-04,Sales L4 Role 04,SAL,L4,Y,0.8,31.2,2018-08-17,
ASN-003780-01,HRIS-WKR-003780,POS-ENG-L5-0030,JOB-ENG-L5-06,Engineering L5 Role 06,ENG,L5,Y,1.0,39.0,2020-10-17,
ASN-003781-01,HRIS-WKR-003781,POS-OPS-L4-0057,JOB-OPS-L4-03,Operations L4 Role 03,OPS,L4,Y,1.0,39.0,2024-02-24,
ASN-003782-01,HRIS-WKR-003782,POS-ENG-L2-0010,JOB-ENG-L2-04,Engineering L2 Role 04,ENG,L2,Y,1.0,39.0,2021-12-30,
ASN-003783-01,HRIS-WKR-003783,POS-TEC-L6-0215,JOB-TEC-L6-05,Technology L6 Role 05,TEC,L6,Y,1.0,39.0,2021-12-11,
ASN-003783-02,HRIS-WKR-003783,POS-OPS-L4-0055,JOB-OPS-L4-01,Operations L4 Role 01,OPS,L4,N,0.3,11.7,2020-04-18,
ASN-003784-01,HRIS-WKR-003784,POS-FIN-L4-0093,JOB-FIN-L4-03,Finance L4 Role 03,FIN,L4,Y,0.8,31.2,2023-04-01,
ASN-003785-01,HRIS-WKR-003785,POS-TEC-L4-0202,JOB-TEC-L4-04,Technology L4 Role 04,TEC,L4,Y,0.6,23.4,2025-08-05,
ASN-003786-01,HRIS-WKR-003786,POS-SAL-L4-0164,JOB-SAL-L4-02,Sales L4 Role 02,SAL,L4,Y,1.0,39.0,2026-01-12,
ASN-003787-01,HRIS-WKR-003787,POS-SAL-L2-0154,JOB-SAL-L2-04,Sales L2 Role 04,SAL,L2,Y,0.5,19.5,2026-01-15,
ASN-003787-02,HRIS-WKR-003787,POS-OPS-L6-0072,JOB-OPS-L6-06,Operations L6 Role 06,OPS,L6,N,0.4,15.6,2021-10-14,
ASN-003788-01,HRIS-WKR-003788,POS-OPS-L1-0040,JOB-OPS-L1-04,Operations L1 Role 04,OPS,L1,Y,1.0,39.0,2024-12-14,
ASN-003789-01,HRIS-WKR-003789,POS-ENG-L1-0002,JOB-ENG-L1-02,Engineering L1 Role 02,ENG,L1,Y,1.0,39.0,2024-11-20,
ASN-003790-01,HRIS-WKR-003790,POS-OPS-L3-0053,JOB-OPS-L3-05,Operations L3 Role 05,OPS,L3,Y,1.0,39.0,2026-01-28,
ASN-003791-01,HRIS-WKR-003791,POS-TEC-L1-0184,JOB-TEC-L1-04,Technology L1 Role 04,TEC,L1,Y,1.0,39.0,2025-11-30,
ASN-003792-01,HRIS-WKR-003792,POS-ENG-L6-0035,JOB-ENG-L6-05,Engineering L6 Role 05,ENG,L6,Y,1.0,39.0,2023-12-22,
ASN-003793-01,HRIS-WKR-003793,POS-OPS-L2-0045,JOB-OPS-L2-03,Operations L2 Role 03,OPS,L2,Y,1.0,39.0,2024-11-29,
ASN-003794-01,HRIS-WKR-003794,POS-FIN-L3-0085,JOB-FIN-L3-01,Finance L3 Role 01,FIN,L3,Y,0.6,23.4,2021-02-17,
ASN-003795-01,HRIS-WKR-003795,POS-TEC-L3-0193,JOB-TEC-L3-01,Technology L3 Role 01,TEC,L3,Y,1.0,39.0,2022-02-28,
ASN-003796-01,HRIS-WKR-003796,POS-OPS-L2-0046,JOB-OPS-L2-04,Operations L2 Role 04,OPS,L2,Y,1.0,39.0,2025-11-25,
ASN-003797-01,HRIS-WKR-003797,POS-TEC-L2-0192,JOB-TEC-L2-06,Technology L2 Role 06,TEC,L2,Y,0.5,19.5,2019-07-14,
ASN-003798-01,HRIS-WKR-003798,POS-TEC-L6-0216,JOB-TEC-L6-06,Technology L6 Role 06,TEC,L6,Y,1.0,39.0,2024-10-01,
ASN-003799-01,HRIS-WKR-003799,POS-FIN-L1-0075,JOB-FIN-L1-03,Finance L1 Role 03,FIN,L1,Y,0.5,19.5,2021-09-08,
ASN-003800-01,HRIS-WKR-003800,POS-SAL-L1-0148,JOB-SAL-L1-04,Sales L1 Role 04,SAL,L1,Y,0.6,23.4,2020-07-28,
ASN-003801-01,HRIS-WKR-003801,POS-ENG-L1-0002,JOB-ENG-L1-02,Engineering L1 Role 02,ENG,L1,Y,1.0,39.0,2024-10-12,
ASN-003802-01,HRIS-WKR-003802,POS-SAL-L2-0156,JOB-SAL-L2-06,Sales L2 Role 06,SAL,L2,Y,0.6,23.4,2024-06-12,
ASN-003803-01,HRIS-WKR-003803,POS-HR-L5-0136,JOB-HR-L5-04,People L5 Role 04,HR,L5,Y,0.4,15.6,2022-03-07,
ASN-003803-02,HRIS-WKR-003803,POS-OPS-L1-0038,JOB-OPS-L1-02,Operations L1 Role 02,OPS,L1,N,0.3,11.7,2018-12-28,
ASN-003804-01,HRIS-WKR-003804,POS-SAL-L4-0167,JOB-SAL-L4-05,Sales L4 Role 05,SAL,L4,Y,1.0,39.0,2019-05-09,
ASN-003805-01,HRIS-WKR-003805,POS-TEC-L5-0206,JOB-TEC-L5-02,Technology L5 Role 02,TEC,L5,Y,1.0,39.0,2020-08-20,
ASN-003806-01,HRIS-WKR-003806,POS-SAL-L6-0175,JOB-SAL-L6-01,Sales L6 Role 01,SAL,L6,Y,1.0,39.0,2019-02-26,
ASN-003807-01,HRIS-WKR-003807,POS-OPS-L3-0053,JOB-OPS-L3-05,Operations L3 Role 05,OPS,L3,Y,1.0,39.0,2023-01-10,
ASN-003807-02,HRIS-WKR-003807,POS-SAL-L4-0167,JOB-SAL-L4-05,Sales L4 Role 05,SAL,L4,N,0.2,7.8,2024-06-09,
ASN-003808-01,HRIS-WKR-003808,POS-OPS-L4-0057,JOB-OPS-L4-03,Operations L4 Role 03,OPS,L4,Y,1.0,39.0,2025-11-25,
ASN-003809-01,HRIS-WKR-003809,POS-SAL-L4-0167,JOB-SAL-L4-05,Sales L4 Role 05,SAL,L4,Y,1.0,39.0,2024-03-07,
ASN-003810-01,HRIS-WKR-003810,POS-TEC-L3-0196,JOB-TEC-L3-04,Technology L3 Role 04,TEC,L3,Y,1.0,39.0,2024-04-19,
ASN-003811-01,HRIS-WKR-003811,POS-ENG-L3-0014,JOB-ENG-L3-02,Engineering L3 Role 02,ENG,L3,Y,1.0,39.0,2020-05-12,
ASN-003812-01,HRIS-WKR-003812,POS-ENG-L6-0033,JOB-ENG-L6-03,Engineering L6 Role 03,ENG,L6,Y,1.0,39.0,2021-04-19,
ASN-003813-01,HRIS-WKR-003813,POS-SAL-L1-0145,JOB-SAL-L1-01,Sales L1 Role 01,SAL,L1,Y,1.0,39.0,2019-05-06,
ASN-003814-01,HRIS-WKR-003814,POS-HR-L2-0120,JOB-HR-L2-06,People L2 Role 06,HR,L2,Y,1.0,39.0,2025-12-24,
ASN-003815-01,HRIS-WKR-003815,POS-FIN-L6-0104,JOB-FIN-L6-02,Finance L6 Role 02,FIN,L6,Y,0.4,15.6,2019-05-17,
ASN-003816-01,HRIS-WKR-003816,POS-TEC-L3-0196,JOB-TEC-L3-04,Technology L3 Role 04,TEC,L3,Y,1.0,39.0,2024-07-03,
ASN-003817-01,HRIS-WKR-003817,POS-ENG-L5-0025,JOB-ENG-L5-01,Engineering L5 Role 01,ENG,L5,Y,1.0,39.0,2023-03-16,
ASN-003818-01,HRIS-WKR-003818,POS-ENG-L4-0021,JOB-ENG-L4-03,Engineering L4 Role 03,ENG,L4,Y,1.0,39.0,2023-04-30,
ASN-003819-01,HRIS-WKR-003819,POS-HR-L4-0129,JOB-HR-L4-03,People L4 Role 03,HR,L4,Y,1.0,39.0,2021-05-30,
ASN-003820-01,HRIS-WKR-003820,POS-FIN-L6-0104,JOB-FIN-L6-02,Finance L6 Role 02,FIN,L6,Y,1.0,39.0,2019-06-03,
ASN-003821-01,HRIS-WKR-003821,POS-OPS-L5-0064,JOB-OPS-L5-04,Operations L5 Role 04,OPS,L5,Y,1.0,39.0,2018-09-18,
ASN-003822-01,HRIS-WKR-003822,POS-ENG-L6-0036,JOB-ENG-L6-06,Engineering L6 Role 06,ENG,L6,Y,1.0,39.0,2024-08-16,
ASN-003823-01,HRIS-WKR-003823,POS-FIN-L6-0107,JOB-FIN-L6-05,Finance L6 Role 05,FIN,L6,Y,1.0,39.0,2021-12-13,
ASN-003824-01,HRIS-WKR-003824,POS-HR-L2-0118,JOB-HR-L2-04,People L2 Role 04,HR,L4,Y,1.0,39.0,2020-09-20,
ASN-003825-01,HRIS-WKR-003825,POS-ENG-L3-0015,JOB-ENG-L3-03,Engineering L3 Role 03,ENG,L3,Y,1.0,39.0,2020-03-21,
ASN-003825-02,HRIS-WKR-003825,POS-TEC-L2-0190,JOB-TEC-L2-04,Technology L2 Role 04,TEC,L2,N,0.4,15.6,2023-03-30,
ASN-003826-01,HRIS-WKR-003826,POS-ENG-L5-0028,JOB-ENG-L5-04,Engineering L5 Role 04,ENG,L5,Y,1.0,39.0,2025-08-19,
ASN-003827-01,HRIS-WKR-003827,POS-SAL-L4-0164,JOB-SAL-L4-02,Sales L4 Role 02,SAL,L4,Y,1.0,39.0,2025-06-19,
ASN-003828-01,HRIS-WKR-003828,POS-FIN-L2-0084,JOB-FIN-L2-06,Finance L2 Role 06,FIN,L2,Y,1.0,39.0,2022-03-27,
ASN-003829-01,HRIS-WKR-003829,POS-HR-L6-0141,JOB-HR-L6-03,People L6 Role 03,HR,L6,Y,1.0,39.0,2019-02-16,
ASN-003830-01,HRIS-WKR-003830,POS-ENG-L1-0003,JOB-ENG-L1-03,Engineering L1 Role 03,ENG,L1,Y,0.5,19.5,2024-12-12,
ASN-003831-01,HRIS-WKR-003831,POS-TEC-L6-0216,JOB-TEC-L6-06,Technology L6 Role 06,TEC,L6,Y,1.0,39.0,2022-02-27,
ASN-003832-01,HRIS-WKR-003832,POS-HR-L5-0135,JOB-HR-L5-03,People L5 Role 03,HR,L5,Y,1.0,39.0,2021-08-03,
ASN-003833-01,HRIS-WKR-003833,POS-FIN-L4-0096,JOB-FIN-L4-06,Finance L4 Role 06,FIN,L4,Y,1.0,39.0,2021-04-26,
ASN-003834-01,HRIS-WKR-003834,POS-FIN-L4-0092,JOB-FIN-L4-02,Finance L4 Role 02,FIN,L6,Y,1.0,39.0,2024-07-03,
ASN-003835-01,HRIS-WKR-003835,POS-ENG-L5-0026,JOB-ENG-L5-02,Engineering L5 Role 02,ENG,L5,Y,1.0,39.0,2019-12-19,
ASN-003836-01,HRIS-WKR-003836,POS-SAL-L6-0175,JOB-SAL-L6-01,Sales L6 Role 01,SAL,L6,Y,1.0,39.0,2022-06-25,
ASN-003837-01,HRIS-WKR-003837,POS-FIN-L4-0092,JOB-FIN-L4-02,Finance L4 Role 02,FIN,L4,Y,0.5,19.5,2024-01-21,
ASN-003838-01,HRIS-WKR-003838,POS-FIN-L3-0086,JOB-FIN-L3-02,Finance L3 Role 02,FIN,L3,Y,1.0,39.0,2024-07-25,
ASN-003839-01,HRIS-WKR-003839,POS-FIN-L5-0097,JOB-FIN-L5-01,Finance L5 Role 01,FIN,L5,Y,1.0,39.0,2018-05-07,
ASN-003840-01,HRIS-WKR-003840,POS-FIN-L4-0096,JOB-FIN-L4-06,Finance L4 Role 06,FIN,L4,Y,1.0,39.0,2020-02-26,
ASN-003841-01,HRIS-WKR-003841,POS-OPS-L5-0063,JOB-OPS-L5-03,Operations L5 Role 03,OPS,L5,Y,1.0,39.0,2023-05-22,
ASN-003842-01,HRIS-WKR-003842,POS-HR-L2-0116,JOB-HR-L2-02,People L2 Role 02,HR,L2,Y,1.0,39.0,2021-12-02,
ASN-003843-01,HRIS-WKR-003843,POS-HR-L1-0109,JOB-HR-L1-01,People L1 Role 01,HR,L1,Y,1.0,39.0,2021-08-30,
ASN-003844-01,HRIS-WKR-003844,POS-ENG-L6-0035,JOB-ENG-L6-05,Engineering L6 Role 05,ENG,L6,Y,1.0,39.0,2020-12-07,
ASN-003845-01,HRIS-WKR-003845,POS-OPS-L3-0053,JOB-OPS-L3-05,Operations L3 Role 05,OPS,L3,Y,1.0,39.0,2019-10-22,
ASN-003846-01,HRIS-WKR-003846,POS-OPS-L3-0050,JOB-OPS-L3-02,Operations L3 Role 02,OPS,L3,Y,1.0,39.0,2025-12-04,
ASN-003847-01,HRIS-WKR-003847,POS-ENG-L3-0014,JOB-ENG-L3-02,Engineering L3 Role 02,ENG,L3,Y,1.0,39.0,2021-05-09,
ASN-003848-01,HRIS-WKR-003848,POS-HR-L3-0124,JOB-HR-L3-04,People L3 Role 04,HR,L3,Y,1.0,39.0,2020-01-05,
ASN-003849-01,HRIS-WKR-003849,POS-HR-L6-0143,JOB-HR-L6-05,People L6 Role 05,HR,L6,Y,0.6,23.4,2021-10-27,
ASN-003849-02,HRIS-WKR-003849,POS-OPS-L3-0051,JOB-OPS-L3-03,Operations L3 Role 03,OPS,L3,N,0.2,7.8,2019-06-23,
ASN-003850-01,HRIS-WKR-003850,POS-TEC-L4-0202,JOB-TEC-L4-04,Technology L4 Role 04,TEC,L4,Y,1.0,39.0,2022-05-09,
ASN-003851-01,HRIS-WKR-003851,POS-SAL-L2-0155,JOB-SAL-L2-05,Sales L2 Role 05,SAL,L2,Y,1.0,39.0,2019-09-29,
ASN-003852-01,HRIS-WKR-003852,POS-OPS-L6-0067,JOB-OPS-L6-01,Operations L6 Role 01,OPS,L6,Y,1.0,39.0,2025-06-02,
ASN-003853-01,HRIS-WKR-003853,POS-TEC-L3-0197,JOB-TEC-L3-05,Technology L3 Role 05,TEC,L3,Y,1.0,39.0,2021-04-13,
ASN-003854-01,HRIS-WKR-003854,POS-FIN-L4-0094,JOB-FIN-L4-04,Finance L4 Role 04,FIN,L4,Y,1.0,39.0,2024-02-15,
ASN-003855-01,HRIS-WKR-003855,POS-HR-L6-0139,JOB-HR-L6-01,People L6 Role 01,HR,L6,Y,1.0,39.0,2019-07-05,
ASN-003856-01,HRIS-WKR-003856,POS-OPS-L1-0042,JOB-OPS-L1-06,Operations L1 Role 06,OPS,L1,Y,0.6,23.4,2022-11-04,
ASN-003857-01,HRIS-WKR-003857,POS-SAL-L1-0149,JOB-SAL-L1-05,Sales L1 Role 05,SAL,L1,Y,0.6,23.4,2023-03-01,
ASN-003858-01,HRIS-WKR-003858,POS-FIN-L4-0096,JOB-FIN-L4-06,Finance L4 Role 06,FIN,L4,Y,1.0,39.0,2020-04-18,
ASN-003858-02,HRIS-WKR-003858,POS-ENG-L2-0008,JOB-ENG-L2-02,Engineering L2 Role 02,ENG,L2,N,0.2,7.8,2024-04-25,
ASN-003859-01,HRIS-WKR-003859,POS-ENG-L6-0031,JOB-ENG-L6-01,Engineering L6 Role 01,ENG,L6,Y,1.0,39.0,2021-10-06,
ASN-003860-01,HRIS-WKR-003860,POS-TEC-L6-0212,JOB-TEC-L6-02,Technology L6 Role 02,TEC,L6,Y,0.6,23.4,2018-12-29,
ASN-003861-01,HRIS-WKR-003861,POS-FIN-L4-0092,JOB-FIN-L4-02,Finance L4 Role 02,FIN,L4,Y,1.0,39.0,2018-12-05,
ASN-003861-02,HRIS-WKR-003861,POS-HR-L1-0109,JOB-HR-L1-01,People L1 Role 01,HR,L1,N,0.3,11.7,2019-07-04,
ASN-003862-01,HRIS-WKR-003862,POS-SAL-L1-0150,JOB-SAL-L1-06,Sales L1 Role 06,SAL,L1,Y,0.8,31.2,2023-10-08,
ASN-003863-01,HRIS-WKR-003863,POS-FIN-L4-0091,JOB-FIN-L4-01,Finance L4 Role 01,FIN,L4,Y,0.8,31.2,2025-10-12,
ASN-003864-01,HRIS-WKR-003864,POS-ENG-L1-0005,JOB-ENG-L1-05,Engineering L1 Role 05,ENG,L1,Y,1.0,39.0,2020-04-24,
ASN-003865-01,HRIS-WKR-003865,POS-OPS-L3-0053,JOB-OPS-L3-05,Operations L3 Role 05,OPS,L5,Y,1.0,39.0,2022-05-03,
ASN-003866-01,HRIS-WKR-003866,POS-ENG-L2-0007,JOB-ENG-L2-01,Engineering L2 Role 01,ENG,L2,Y,1.0,39.0,2025-11-25,
ASN-003867-01,HRIS-WKR-003867,POS-FIN-L1-0077,JOB-FIN-L1-05,Finance L1 Role 05,FIN,L1,Y,0.6,23.4,2021-05-03,
ASN-003868-01,HRIS-WKR-003868,POS-FIN-L1-0076,JOB-FIN-L1-04,Finance L1 Role 04,FIN,L1,Y,0.6,23.4,2023-09-02,
ASN-003869-01,HRIS-WKR-003869,POS-TEC-L5-0206,JOB-TEC-L5-02,Technology L5 Role 02,TEC,L5,Y,0.8,31.2,2024-01-04,
ASN-003870-01,HRIS-WKR-003870,POS-SAL-L5-0174,JOB-SAL-L5-06,Sales L5 Role 06,SAL,L5,Y,1.0,39.0,2026-01-08,
ASN-003871-01,HRIS-WKR-003871,POS-SAL-L2-0151,JOB-SAL-L2-01,Sales L2 Role 01,SAL,L2,Y,1.0,39.0,2019-02-19,
ASN-003871-02,HRIS-WKR-003871,POS-FIN-L3-0085,JOB-FIN-L3-01,Finance L3 Role 01,FIN,L3,N,0.3,11.7,2023-06-21,
ASN-003872-01,HRIS-WKR-003872,POS-ENG-L5-0027,JOB-ENG-L5-03,Engineering L5 Role 03,ENG,L5,Y,1.0,39.0,2020-06-17,
ASN-003873-01,HRIS-WKR-003873,POS-ENG-L2-0011,JOB-ENG-L2-05,Engineering L2 Role 05,ENG,L2,Y,1.0,39.0,2020-01-15,
ASN-003874-01,HRIS-WKR-003874,POS-HR-L2-0120,JOB-HR-L2-06,People L2 Role 06,HR,L2,Y,0.8,31.2,2021-11-22,
ASN-003875-01,HRIS-WKR-003875,POS-TEC-L2-0191,JOB-TEC-L2-05,Technology L2 Role 05,TEC,L2,Y,1.0,39.0,2024-09-16,
ASN-003876-01,HRIS-WKR-003876,POS-TEC-L2-0187,JOB-TEC-L2-01,Technology L2 Role 01,TEC,L2,Y,1.0,39.0,2020-08-07,
ASN-003877-01,HRIS-WKR-003877,POS-HR-L2-0118,JOB-HR-L2-04,People L2 Role 04,HR,L2,Y,1.0,39.0,2021-05-17,
ASN-003878-01,HRIS-WKR-003878,POS-TEC-L3-0197,JOB-TEC-L3-05,Technology L3 Role 05,TEC,L3,Y,1.0,39.0,2020-04-20,
ASN-003878-02,HRIS-WKR-003878,POS-ENG-L3-0015,JOB-ENG-L3-03,Engineering L3 Role 03,ENG,L3,N,0.2,7.8,2023-05-04,
ASN-003879-01,HRIS-WKR-003879,POS-ENG-L1-0005,JOB-ENG-L1-05,Engineering L1 Role 05,ENG,L1,Y,1.0,39.0,2024-09-15,
ASN-003880-01,HRIS-WKR-003880,POS-OPS-L3-0052,JOB-OPS-L3-04,Operations L3 Role 04,OPS,L3,Y,1.0,39.0,2024-01-17,
ASN-003881-01,HRIS-WKR-003881,POS-ENG-L3-0018,JOB-ENG-L3-06,Engineering L3 Role 06,ENG,L3,Y,1.0,39.0,2022-04-25,
ASN-003882-01,HRIS-WKR-003882,POS-SAL-L4-0167,JOB-SAL-L4-05,Sales L4 Role 05,SAL,L4,Y,1.0,39.0,2019-03-21,
ASN-003883-01,HRIS-WKR-003883,POS-HR-L2-0118,JOB-HR-L2-04,People L2 Role 04,HR,L2,Y,0.8,31.2,2019-03-30,
ASN-003884-01,HRIS-WKR-003884,POS-FIN-L4-0095,JOB-FIN-L4-05,Finance L4 Role 05,FIN,L4,Y,1.0,39.0,2022-05-11,
ASN-003885-01,HRIS-WKR-003885,POS-FIN-L6-0103,JOB-FIN-L6-01,Finance L6 Role 01,FIN,L6,Y,0.6,23.4,2023-10-11,
ASN-003886-01,HRIS-WKR-003886,POS-TEC-L1-0182,JOB-TEC-L1-02,Technology L1 Role 02,TEC,L1,Y,1.0,39.0,2023-09-01,
ASN-003887-01,HRIS-WKR-003887,POS-FIN-L2-0083,JOB-FIN-L2-05,Finance L2 Role 05,FIN,L2,Y,0.8,31.2,2020-12-31,
ASN-003888-01,HRIS-WKR-003888,POS-HR-L6-0143,JOB-HR-L6-05,People L6 Role 05,HR,L6,Y,1.0,39.0,2018-02-22,
ASN-003888-02,HRIS-WKR-003888,POS-SAL-L1-0146,JOB-SAL-L1-02,Sales L1 Role 02,SAL,L1,N,0.2,7.8,2025-11-15,
ASN-003889-01,HRIS-WKR-003889,POS-SAL-L6-0176,JOB-SAL-L6-02,Sales L6 Role 02,SAL,L6,Y,1.0,39.0,2025-02-16,
ASN-003890-01,HRIS-WKR-003890,POS-FIN-L4-0091,JOB-FIN-L4-01,Finance L4 Role 01,FIN,L4,Y,1.0,39.0,2019-01-21,
ASN-003891-01,HRIS-WKR-003891,POS-HR-L3-0125,JOB-HR-L3-05,People L3 Role 05,HR,L3,Y,1.0,39.0,2020-11-26,
ASN-003892-01,HRIS-WKR-003892,POS-FIN-L3-0088,JOB-FIN-L3-04,Finance L3 Role 04,FIN,L3,Y,1.0,39.0,2024-01-30,
ASN-003893-01,HRIS-WKR-003893,POS-ENG-L6-0031,JOB-ENG-L6-01,Engineering L6 Role 01,ENG,L6,Y,1.0,39.0,2024-12-12,
ASN-003894-01,HRIS-WKR-003894,POS-OPS-L6-0067,JOB-OPS-L6-01,Operations L6 Role 01,OPS,L6,Y,1.0,39.0,2025-02-27,
ASN-003895-01,HRIS-WKR-003895,POS-ENG-L1-0002,JOB-ENG-L1-02,Engineering L1 Role 02,ENG,L1,Y,1.0,39.0,2018-02-23,
ASN-003896-01,HRIS-WKR-003896,POS-TEC-L3-0193,JOB-TEC-L3-01,Technology L3 Role 01,TEC,L3,Y,1.0,39.0,2024-02-18,
ASN-003896-02,HRIS-WKR-003896,POS-ENG-L3-0014,JOB-ENG-L3-02,Engineering L3 Role 02,ENG,L3,N,0.2,7.8,2021-05-17,
ASN-003897-01,HRIS-WKR-003897,POS-ENG-L3-0013,JOB-ENG-L3-01,Engineering L3 Role 01,ENG,L3,Y,0.8,31.2,2018-11-11,
ASN-003898-01,HRIS-WKR-003898,POS-OPS-L2-0045,JOB-OPS-L2-03,Operations L2 Role 03,OPS,L2,Y,1.0,39.0,2019-08-07,
ASN-003899-01,HRIS-WKR-003899,POS-HR-L3-0126,JOB-HR-L3-06,People L3 Role 06,HR,L3,Y,1.0,39.0,2025-08-31,
ASN-003900-01,HRIS-WKR-003900,POS-HR-L2-0115,JOB-HR-L2-01,People L2 Role 01,HR,L2,Y,0.6,23.4,2020-11-17,
ASN-003901-01,HRIS-WKR-003901,POS-SAL-L4-0165,JOB-SAL-L4-03,Sales L4 Role 03,SAL,L4,Y,1.0,39.0,2025-01-29,
ASN-003902-01,HRIS-WKR-003902,POS-HR-L4-0128,JOB-HR-L4-02,People L4 Role 02,HR,L4,Y,1.0,39.0,2018-11-15,
ASN-003903-01,HRIS-WKR-003903,POS-SAL-L4-0167,JOB-SAL-L4-05,Sales L4 Role 05,SAL,L4,Y,0.8,31.2,2019-01-29,
ASN-003904-01,HRIS-WKR-003904,POS-TEC-L2-0192,JOB-TEC-L2-06,Technology L2 Role 06,TEC,L2,Y,0.8,31.2,2025-06-18,
ASN-003905-01,HRIS-WKR-003905,POS-TEC-L4-0201,JOB-TEC-L4-03,Technology L4 Role 03,TEC,L4,Y,1.0,39.0,2023-11-09,
ASN-003906-01,HRIS-WKR-003906,POS-TEC-L1-0185,JOB-TEC-L1-05,Technology L1 Role 05,TEC,L1,Y,1.0,39.0,2024-10-31,
ASN-003907-01,HRIS-WKR-003907,POS-FIN-L4-0093,JOB-FIN-L4-03,Finance L4 Role 03,FIN,L4,Y,0.8,31.2,2022-04-15,
ASN-003908-01,HRIS-WKR-003908,POS-FIN-L4-0092,JOB-FIN-L4-02,Finance L4 Role 02,FIN,L2,Y,1.0,39.0,2021-04-14,
ASN-003909-01,HRIS-WKR-003909,POS-SAL-L6-0175,JOB-SAL-L6-01,Sales L6 Role 01,SAL,L6,Y,1.0,39.0,2021-09-19,
ASN-003910-01,HRIS-WKR-003910,POS-FIN-L5-0099,JOB-FIN-L5-03,Finance L5 Role 03,FIN,L5,Y,1.0,39.0,2023-07-15,
ASN-003911-01,HRIS-WKR-003911,POS-FIN-L5-0098,JOB-FIN-L5-02,Finance L5 Role 02,FIN,L5,Y,1.0,39.0,2022-08-06,
ASN-003912-01,HRIS-WKR-003912,POS-OPS-L5-0063,JOB-OPS-L5-03,Operations L5 Role 03,OPS,L5,Y,1.0,39.0,2019-04-28,
ASN-003913-01,HRIS-WKR-003913,POS-FIN-L3-0085,JOB-FIN-L3-01,Finance L3 Role 01,FIN,L1,Y,1.0,39.0,2025-10-02,
ASN-003914-01,HRIS-WKR-003914,POS-FIN-L6-0108,JOB-FIN-L6-06,Finance L6 Role 06,FIN,L6,Y,1.0,39.0,2022-08-05,
ASN-003915-01,HRIS-WKR-003915,POS-SAL-L5-0174,JOB-SAL-L5-06,Sales L5 Role 06,SAL,L5,Y,1.0,39.0,2024-02-27,
ASN-003916-01,HRIS-WKR-003916,POS-FIN-L2-0079,JOB-FIN-L2-01,Finance L2 Role 01,FIN,L2,Y,1.0,39.0,2022-06-17,
ASN-003917-01,HRIS-WKR-003917,POS-ENG-L5-0028,JOB-ENG-L5-04,Engineering L5 Role 04,ENG,L5,Y,0.5,19.5,2022-04-17,
ASN-003918-01,HRIS-WKR-003918,POS-SAL-L3-0157,JOB-SAL-L3-01,Sales L3 Role 01,SAL,L3,Y,1.0,39.0,2018-09-10,
ASN-003919-01,HRIS-WKR-003919,POS-OPS-L6-0069,JOB-OPS-L6-03,Operations L6 Role 03,OPS,L6,Y,1.0,39.0,2024-07-28,
ASN-003920-01,HRIS-WKR-003920,POS-HR-L4-0127,JOB-HR-L4-01,People L4 Role 01,HR,L4,Y,1.0,39.0,2018-08-02,
ASN-003921-01,HRIS-WKR-003921,POS-ENG-L2-0009,JOB-ENG-L2-03,Engineering L2 Role 03,ENG,L2,Y,1.0,39.0,2020-09-18,
ASN-003922-01,HRIS-WKR-003922,POS-FIN-L1-0077,JOB-FIN-L1-05,Finance L1 Role 05,FIN,L1,Y,0.8,31.2,2019-12-21,
ASN-003923-01,HRIS-WKR-003923,POS-OPS-L5-0061,JOB-OPS-L5-01,Operations L5 Role 01,OPS,L5,Y,1.0,39.0,2022-10-14,
ASN-003924-01,HRIS-WKR-003924,POS-HR-L5-0136,JOB-HR-L5-04,People L5 Role 04,HR,L6,Y,1.0,39.0,2022-12-10,
ASN-003925-01,HRIS-WKR-003925,POS-HR-L1-0109,JOB-HR-L1-01,People L1 Role 01,HR,L1,Y,0.4,15.6,2024-07-26,
ASN-003925-02,HRIS-WKR-003925,POS-OPS-L6-0069,JOB-OPS-L6-03,Operations L6 Role 03,OPS,L6,N,0.2,7.8,2024-06-27,
ASN-003926-01,HRIS-WKR-003926,POS-ENG-L3-0016,JOB-ENG-L3-04,Engineering L3 Role 04,ENG,L3,Y,1.0,39.0,2022-09-13,
ASN-003926-02,HRIS-WKR-003926,POS-OPS-L6-0071,JOB-OPS-L6-05,Operations L6 Role 05,OPS,L6,N,0.2,7.8,2020-04-08,
ASN-003927-01,HRIS-WKR-003927,POS-FIN-L4-0093,JOB-FIN-L4-03,Finance L4 Role 03,FIN,L4,Y,0.8,31.2,2019-01-09,
ASN-003928-01,HRIS-WKR-003928,POS-TEC-L6-0213,JOB-TEC-L6-03,Technology L6 Role 03,TEC,L6,Y,0.4,15.6,2024-08-08,
ASN-003929-01,HRIS-WKR-003929,POS-TEC-L6-0211,JOB-TEC-L6-01,Technology L6 Role 01,TEC,L6,Y,1.0,39.0,2021-03-26,
ASN-003930-01,HRIS-WKR-003930,POS-ENG-L5-0027,JOB-ENG-L5-03,Engineering L5 Role 03,ENG,L5,Y,1.0,39.0,2025-02-26,
ASN-003931-01,HRIS-WKR-003931,POS-HR-L2-0120,JOB-HR-L2-06,People L2 Role 06,HR,L2,Y,1.0,39.0,2026-01-22,
ASN-003932-01,HRIS-WKR-003932,POS-SAL-L1-0146,JOB-SAL-L1-02,Sales L1 Role 02,SAL,L1,Y,1.0,39.0,2023-05-25,
ASN-003933-01,HRIS-WKR-003933,POS-ENG-L2-0007,JOB-ENG-L2-01,Engineering L2 Role 01,ENG,L2,Y,1.0,39.0,2025-04-02,
ASN-003934-01,HRIS-WKR-003934,POS-SAL-L2-0152,JOB-SAL-L2-02,Sales L2 Role 02,SAL,L2,Y,1.0,39.0,2023-04-16,
ASN-003935-01,HRIS-WKR-003935,POS-SAL-L3-0160,JOB-SAL-L3-04,Sales L3 Role 04,SAL,L3,Y,1.0,39.0,2021-02-25,
ASN-003935-02,HRIS-WKR-003935,POS-ENG-L1-0004,JOB-ENG-L1-04,Engineering L1 Role 04,ENG,L1,N,0.3,11.7,2023-06-06,
ASN-003936-01,HRIS-WKR-003936,POS-SAL-L5-0174,JOB-SAL-L5-06,Sales L5 Role 06,SAL,L5,Y,1.0,39.0,2021-01-14,
ASN-003937-01,HRIS-WKR-003937,POS-TEC-L6-0215,JOB-TEC-L6-05,Technology L6 Role 05,TEC,L6,Y,1.0,39.0,2020-08-26,
ASN-003938-01,HRIS-WKR-003938,POS-ENG-L2-0010,JOB-ENG-L2-04,Engineering L2 Role 04,ENG,L2,Y,1.0,39.0,2024-11-24,
ASN-003939-01,HRIS-WKR-003939,POS-SAL-L5-0174,JOB-SAL-L5-06,Sales L5 Role 06,SAL,L5,Y,1.0,39.0,2025-01-09,
ASN-003940-01,HRIS-WKR-003940,POS-OPS-L1-0040,JOB-OPS-L1-04,Operations L1 Role 04,OPS,L1,Y,1.0,39.0,2018-10-05,
ASN-003941-01,HRIS-WKR-003941,POS-FIN-L1-0075,JOB-FIN-L1-03,Finance L1 Role 03,FIN,L1,Y,1.0,39.0,2021-03-30,
ASN-003942-01,HRIS-WKR-003942,POS-OPS-L6-0068,JOB-OPS-L6-02,Operations L6 Role 02,OPS,L6,Y,1.0,39.0,2022-06-23,
ASN-003943-01,HRIS-WKR-003943,POS-ENG-L6-0034,JOB-ENG-L6-04,Engineering L6 Role 04,ENG,L6,Y,1.0,39.0,2020-05-31,
ASN-003943-02,HRIS-WKR-003943,POS-ENG-L3-0014,JOB-ENG-L3-02,Engineering L3 Role 02,ENG,L3,N,0.2,7.8,2023-09-17,
ASN-003944-01,HRIS-WKR-003944,POS-ENG-L6-0033,JOB-ENG-L6-03,Engineering L6 Role 03,ENG,L6,Y,1.0,39.0,2023-11-26,
ASN-003945-01,HRIS-WKR-003945,POS-ENG-L5-0030,JOB-ENG-L5-06,Engineering L5 Role 06,ENG,L5,Y,1.0,39.0,2022-04-14,
ASN-003946-01,HRIS-WKR-003946,POS-HR-L1-0114,JOB-HR-L1-06,People L1 Role 06,HR,L1,Y,0.8,31.2,2020-07-12,
ASN-003947-01,HRIS-WKR-003947,POS-HR-L1-0113,JOB-HR-L1-05,People L1 Role 05,HR,L1,Y,1.0,39.0,2022-07-15,
ASN-003948-01,HRIS-WKR-003948,POS-SAL-L6-0178,JOB-SAL-L6-04,Sales L6 Role 04,SAL,L6,Y,1.0,39.0,2023-10-13,
ASN-003948-02,HRIS-WKR-003948,POS-HR-L4-0130,JOB-HR-L4-04,People L4 Role 04,HR,L4,N,0.2,7.8,2026-01-17,
ASN-003949-01,HRIS-WKR-003949,POS-FIN-L6-0107,JOB-FIN-L6-05,Finance L6 Role 05,FIN,L6,Y,1.0,39.0,2023-01-05,
ASN-003950-01,HRIS-WKR-003950,POS-ENG-L2-0010,JOB-ENG-L2-04,Engineering L2 Role 04,ENG,L2,Y,1.0,39.0,2026-01-07,
ASN-003951-01,HRIS-WKR-003951,POS-FIN-L3-0088,JOB-FIN-L3-04,Finance L3 Role 04,FIN,L3,Y,,,2022-01-05,
ASN-003952-01,HRIS-WKR-003952,POS-OPS-L6-0070,JOB-OPS-L6-04,Operations L6 Role 04,OPS,L6,Y,1.0,39.0,2018-10-22,
ASN-003953-01,HRIS-WKR-003953,POS-HR-L1-0111,JOB-HR-L1-03,People L1 Role 03,HR,L1,Y,1.0,39.0,2022-04-24,
ASN-003953-02,HRIS-WKR-003953,POS-HR-L3-0123,JOB-HR-L3-03,People L3 Role 03,HR,L3,N,0.2,7.8,2024-09-24,
ASN-003954-01,HRIS-WKR-003954,POS-SAL-L3-0158,JOB-SAL-L3-02,Sales L3 Role 02,SAL,L3,Y,1.0,39.0,2023-08-27,
ASN-003955-01,HRIS-WKR-003955,POS-HR-L5-0138,JOB-HR-L5-06,People L5 Role 06,HR,L5,Y,1.0,39.0,2022-08-23,
ASN-003956-01,HRIS-WKR-003956,POS-OPS-L3-0054,JOB-OPS-L3-06,Operations L3 Role 06,OPS,L3,Y,0.4,15.6,2023-02-17,
ASN-003957-01,HRIS-WKR-003957,POS-TEC-L3-0195,JOB-TEC-L3-03,Technology L3 Role 03,TEC,L3,Y,1.0,39.0,2023-03-16,
ASN-003957-02,HRIS-WKR-003957,POS-TEC-L6-0214,JOB-TEC-L6-04,Technology L6 Role 04,TEC,L6,N,0.4,15.6,2025-06-03,
ASN-003958-01,HRIS-WKR-003958,POS-TEC-L4-0201,JOB-TEC-L4-03,Technology L4 Role 03,TEC,L4,Y,1.0,39.0,2023-05-17,
ASN-003958-02,HRIS-WKR-003958,POS-FIN-L3-0085,JOB-FIN-L3-01,Finance L3 Role 01,FIN,L3,N,0.2,7.8,2022-12-20,
ASN-003959-01,HRIS-WKR-003959,POS-TEC-L2-0187,JOB-TEC-L2-01,Technology L2 Role 01,TEC,L2,Y,1.0,39.0,2021-01-14,
ASN-003960-01,HRIS-WKR-003960,POS-TEC-L5-0207,JOB-TEC-L5-03,Technology L5 Role 03,TEC,L5,Y,1.0,39.0,2024-02-15,
ASN-003961-01,HRIS-WKR-003961,POS-OPS-L5-0065,JOB-OPS-L5-05,Operations L5 Role 05,OPS,L5,Y,1.0,39.0,2020-09-20,
ASN-003961-02,HRIS-WKR-003961,POS-HR-L1-0112,JOB-HR-L1-04,People L1 Role 04,HR,L1,N,0.2,7.8,2022-12-02,
ASN-003962-01,HRIS-WKR-003962,POS-SAL-L5-0172,JOB-SAL-L5-04,Sales L5 Role 04,SAL,L5,Y,1.0,39.0,2021-07-01,
ASN-003962-02,HRIS-WKR-003962,POS-OPS-L3-0052,JOB-OPS-L3-04,Operations L3 Role 04,OPS,L3,N,0.2,7.8,2025-02-17,
ASN-003963-01,HRIS-WKR-003963,POS-TEC-L6-0212,JOB-TEC-L6-02,Technology L6 Role 02,TEC,L6,Y,0.8,31.2,2019-09-11,
ASN-003964-01,HRIS-WKR-003964,POS-ENG-L3-0018,JOB-ENG-L3-06,Engineering L3 Role 06,ENG,L3,Y,1.0,39.0,2021-10-30,
ASN-003965-01,HRIS-WKR-003965,POS-HR-L5-0134,JOB-HR-L5-02,People L5 Role 02,HR,L5,Y,1.0,39.0,2018-07-28,
ASN-003966-01,HRIS-WKR-003966,POS-OPS-L3-0053,JOB-OPS-L3-05,Operations L3 Role 05,OPS,L3,Y,1.0,39.0,2022-12-28,
ASN-003967-01,HRIS-WKR-003967,POS-FIN-L5-0097,JOB-FIN-L5-01,Finance L5 Role 01,FIN,L5,Y,1.0,39.0,2018-08-04,
ASN-003968-01,HRIS-WKR-003968,POS-HR-L3-0126,JOB-HR-L3-06,People L3 Role 06,HR,L3,Y,0.8,31.2,2020-04-10,
ASN-003969-01,HRIS-WKR-003969,POS-OPS-L3-0053,JOB-OPS-L3-05,Operations L3 Role 05,OPS,L3,Y,0.8,31.2,2021-06-28,
ASN-003970-01,HRIS-WKR-003970,POS-FIN-L6-0108,JOB-FIN-L6-06,Finance L6 Role 06,FIN,L6,Y,1.0,39.0,2023-03-18,
ASN-003971-01,HRIS-WKR-003971,POS-SAL-L2-0151,JOB-SAL-L2-01,Sales L2 Role 01,SAL,L2,Y,1.0,39.0,2019-09-02,
ASN-003972-01,HRIS-WKR-003972,POS-FIN-L6-0103,JOB-FIN-L6-01,Finance L6 Role 01,FIN,L4,Y,0.8,31.2,2021-03-11,
ASN-003973-01,HRIS-WKR-003973,POS-OPS-L1-0037,JOB-OPS-L1-01,Operations L1 Role 01,OPS,L1,Y,1.0,39.0,2025-02-06,
ASN-003974-01,HRIS-WKR-003974,POS-OPS-L5-0062,JOB-OPS-L5-02,Operations L5 Role 02,OPS,L5,Y,1.0,39.0,2025-02-02,
ASN-003975-01,HRIS-WKR-003975,POS-SAL-L5-0172,JOB-SAL-L5-04,Sales L5 Role 04,SAL,L5,Y,1.0,39.0,2020-01-07,
ASN-003976-01,HRIS-WKR-003976,POS-OPS-L5-0063,JOB-OPS-L5-03,Operations L5 Role 03,OPS,L5,Y,1.0,39.0,2023-01-14,
ASN-003977-01,HRIS-WKR-003977,POS-SAL-L3-0159,JOB-SAL-L3-03,Sales L3 Role 03,SAL,L3,Y,1.0,39.0,2022-11-30,
ASN-003978-01,HRIS-WKR-003978,POS-OPS-L1-0037,JOB-OPS-L1-01,Operations L1 Role 01,OPS,L1,Y,1.0,39.0,2021-04-24,
ASN-003979-01,HRIS-WKR-003979,POS-SAL-L6-0177,JOB-SAL-L6-03,Sales L6 Role 03,SAL,L6,Y,1.0,39.0,2025-12-11,
ASN-003980-01,HRIS-WKR-003980,POS-HR-L1-0114,JOB-HR-L1-06,People L1 Role 06,HR,L1,Y,1.0,39.0,2022-07-24,
ASN-003981-01,HRIS-WKR-003981,POS-OPS-L6-0069,JOB-OPS-L6-03,Operations L6 Role 03,OPS,L6,Y,0.5,19.5,2023-04-25,
ASN-003982-01,HRIS-WKR-003982,POS-TEC-L1-0186,JOB-TEC-L1-06,Technology L1 Role 06,TEC,L1,Y,1.0,39.0,2023-02-13,
ASN-003982-02,HRIS-WKR-003982,POS-TEC-L6-0214,JOB-TEC-L6-04,Technology L6 Role 04,TEC,L6,N,0.2,7.8,2024-02-07,
ASN-003983-01,HRIS-WKR-003983,POS-FIN-L4-0095,JOB-FIN-L4-05,Finance L4 Role 05,FIN,L4,Y,1.0,39.0,2025-06-18,
ASN-003984-01,HRIS-WKR-003984,POS-HR-L6-0140,JOB-HR-L6-02,People L6 Role 02,HR,L6,Y,1.0,39.0,2023-04-16,
ASN-003985-01,HRIS-WKR-003985,POS-OPS-L3-0053,JOB-OPS-L3-05,Operations L3 Role 05,OPS,L3,Y,1.0,39.0,2020-08-30,
ASN-003986-01,HRIS-WKR-003986,POS-HR-L2-0115,JOB-HR-L2-01,People L2 Role 01,HR,L2,Y,0.5,19.5,2020-09-24,
ASN-003987-01,HRIS-WKR-003987,POS-HR-L6-0139,JOB-HR-L6-01,People L6 Role 01,HR,L6,Y,0.6,23.4,2021-11-21,
ASN-003988-01,HRIS-WKR-003988,POS-SAL-L4-0163,JOB-SAL-L4-01,Sales L4 Role 01,SAL,L4,Y,0.8,31.2,2024-03-30,
ASN-003989-01,HRIS-WKR-003989,POS-OPS-L1-0038,JOB-OPS-L1-02,Operations L1 Role 02,OPS,L1,Y,0.6,23.4,2021-03-01,
ASN-003990-01,HRIS-WKR-003990,POS-HR-L6-0140,JOB-HR-L6-02,People L6 Role 02,HR,L6,Y,1.0,39.0,2019-11-04,
ASN-003991-01,HRIS-WKR-003991,POS-HR-L1-0112,JOB-HR-L1-04,People L1 Role 04,HR,L1,Y,1.0,39.0,2023-12-13,
ASN-003992-01,HRIS-WKR-003992,POS-HR-L2-0119,JOB-HR-L2-05,People L2 Role 05,HR,L2,Y,1.0,39.0,2022-07-08,
ASN-003993-01,HRIS-WKR-003993,POS-HR-L6-0143,JOB-HR-L6-05,People L6 Role 05,HR,L6,Y,,,2024-03-20,
ASN-003994-01,HRIS-WKR-003994,POS-FIN-L4-0094,JOB-FIN-L4-04,Finance L4 Role 04,FIN,L4,Y,1.0,39.0,2023-01-10,
ASN-003995-01,HRIS-WKR-003995,POS-OPS-L6-0069,JOB-OPS-L6-03,Operations L6 Role 03,OPS,L6,Y,1.0,39.0,2022-02-11,
ASN-003996-01,HRIS-WKR-003996,POS-HR-L3-0122,JOB-HR-L3-02,People L3 Role 02,HR,L3,Y,1.0,39.0,2022-03-22,
ASN-003997-01,HRIS-WKR-003997,POS-HR-L4-0127,JOB-HR-L4-01,People L4 Role 01,HR,L4,Y,1.0,39.0,2020-02-08,
ASN-003998-01,HRIS-WKR-003998,POS-ENG-L6-0033,JOB-ENG-L6-03,Engineering L6 Role 03,ENG,L6,Y,0.8,31.2,2021-03-03,
ASN-003999-01,HRIS-WKR-003999,POS-TEC-L3-0196,JOB-TEC-L3-04,Technology L3 Role 04,TEC,L5,Y,1.0,39.0,2019-11-17,
ASN-004000-01,HRIS-WKR-004000,POS-HR-L1-0111,JOB-HR-L1-03,People L1 Role 03,HR,L1,Y,1.0,39.0,2024-09-12,
ASN-004001-01,HRIS-WKR-004001,POS-HR-L1-0112,JOB-HR-L1-04,People L1 Role 04,HR,L1,Y,0.8,31.2,2020-01-28,
ASN-004002-01,HRIS-WKR-004002,POS-ENG-L2-0011,JOB-ENG-L2-05,Engineering L2 Role 05,ENG,L2,Y,1.0,39.0,2018-12-26,
ASN-004003-01,HRIS-WKR-004003,POS-HR-L5-0137,JOB-HR-L5-05,People L5 Role 05,HR,L5,Y,1.0,39.0,2024-03-13,
ASN-004004-01,HRIS-WKR-004004,POS-SAL-L2-0154,JOB-SAL-L2-04,Sales L2 Role 04,SAL,L2,Y,1.0,39.0,2020-04-05,
ASN-004005-01,HRIS-WKR-004005,POS-TEC-L4-0199,JOB-TEC-L4-01,Technology L4 Role 01,TEC,L4,Y,1.0,39.0,2024-02-05,
ASN-004006-01,HRIS-WKR-004006,POS-FIN-L6-0108,JOB-FIN-L6-06,Finance L6 Role 06,FIN,L6,Y,1.0,39.0,2024-05-17,
ASN-004007-01,HRIS-WKR-004007,POS-FIN-L4-0091,JOB-FIN-L4-01,Finance L4 Role 01,FIN,L4,Y,1.0,39.0,2022-05-16,
ASN-004008-01,HRIS-WKR-004008,POS-TEC-L4-0201,JOB-TEC-L4-03,Technology L4 Role 03,TEC,L4,Y,0.8,31.2,2022-10-25,
ASN-004009-01,HRIS-WKR-004009,POS-SAL-L4-0167,JOB-SAL-L4-05,Sales L4 Role 05,SAL,L4,Y,1.0,39.0,2025-04-05,
ASN-004010-01,HRIS-WKR-004010,POS-TEC-L4-0203,JOB-TEC-L4-05,Technology L4 Role 05,TEC,L4,Y,1.0,39.0,2024-08-08,
ASN-004011-01,HRIS-WKR-004011,POS-HR-L2-0118,JOB-HR-L2-04,People L2 Role 04,HR,L2,Y,1.0,39.0,2022-07-16,
ASN-004012-01,HRIS-WKR-004012,POS-SAL-L6-0175,JOB-SAL-L6-01,Sales L6 Role 01,SAL,L6,Y,0.5,19.5,2022-01-30,
ASN-004013-01,HRIS-WKR-004013,POS-SAL-L3-0162,JOB-SAL-L3-06,Sales L3 Role 06,SAL,L3,Y,1.0,39.0,2021-10-20,
ASN-004014-01,HRIS-WKR-004014,POS-ENG-L3-0017,JOB-ENG-L3-05,Engineering L3 Role 05,ENG,L3,Y,1.0,39.0,2024-12-11,
ASN-004015-01,HRIS-WKR-004015,POS-ENG-L2-0007,JOB-ENG-L2-01,Engineering L2 Role 01,ENG,L2,Y,0.8,31.2,2021-07-25,
ASN-004016-01,HRIS-WKR-004016,POS-FIN-L4-0091,JOB-FIN-L4-01,Finance L4 Role 01,FIN,L4,Y,1.0,39.0,2024-04-20,
ASN-004017-01,HRIS-WKR-004017,POS-TEC-L5-0206,JOB-TEC-L5-02,Technology L5 Role 02,TEC,L5,Y,1.0,39.0,2021-07-01,
ASN-004018-01,HRIS-WKR-004018,POS-HR-L6-0141,JOB-HR-L6-03,People L6 Role 03,HR,L6,Y,0.6,23.4,2022-01-26,
ASN-004019-01,HRIS-WKR-004019,POS-ENG-L4-0022,JOB-ENG-L4-04,Engineering L4 Role 04,ENG,L4,Y,1.0,39.0,2020-04-19,
ASN-004020-01,HRIS-WKR-004020,POS-ENG-L4-0021,JOB-ENG-L4-03,Engineering L4 Role 03,ENG,L4,Y,1.0,39.0,2019-01-09,
ASN-004021-01,HRIS-WKR-004021,POS-HR-L2-0117,JOB-HR-L2-03,People L2 Role 03,HR,L2,Y,0.5,19.5,2024-08-09,
ASN-004022-01,HRIS-WKR-004022,POS-HR-L2-0116,JOB-HR-L2-02,People L2 Role 02,HR,L2,Y,0.5,19.5,2023-10-31,
ASN-004022-02,HRIS-WKR-004022,POS-FIN-L2-0080,JOB-FIN-L2-02,Finance L2 Role 02,FIN,L2,N,0.2,7.8,2018-05-11,
ASN-004023-01,HRIS-WKR-004023,POS-HR-L5-0138,JOB-HR-L5-06,People L5 Role 06,HR,L5,Y,0.8,31.2,2025-05-05,
ASN-004024-01,HRIS-WKR-004024,POS-TEC-L5-0208,JOB-TEC-L5-04,Technology L5 Role 04,TEC,L5,Y,1.0,39.0,2024-02-10,
ASN-004025-01,HRIS-WKR-004025,POS-TEC-L4-0202,JOB-TEC-L4-04,Technology L4 Role 04,TEC,L4,Y,0.8,31.2,2018-05-24,
ASN-004026-01,HRIS-WKR-004026,POS-OPS-L5-0063,JOB-OPS-L5-03,Operations L5 Role 03,OPS,L5,Y,1.0,39.0,2018-12-07,
ASN-004027-01,HRIS-WKR-004027,POS-FIN-L1-0074,JOB-FIN-L1-02,Finance L1 Role 02,FIN,L1,Y,1.0,39.0,2020-09-25,
ASN-004028-01,HRIS-WKR-004028,POS-OPS-L4-0057,JOB-OPS-L4-03,Operations L4 Role 03,OPS,L4,Y,1.0,39.0,2019-03-17,
ASN-004028-02,HRIS-WKR-004028,POS-HR-L5-0133,JOB-HR-L5-01,People L5 Role 01,HR,L5,N,0.2,7.8,2020-07-31,
ASN-004029-01,HRIS-WKR-004029,POS-HR-L6-0142,JOB-HR-L6-04,People L6 Role 04,HR,L6,Y,1.0,39.0,2023-06-26,
ASN-004030-01,HRIS-WKR-004030,POS-TEC-L6-0216,JOB-TEC-L6-06,Technology L6 Role 06,TEC,L6,Y,1.0,39.0,2021-04-20,
ASN-004031-01,HRIS-WKR-004031,POS-TEC-L5-0207,JOB-TEC-L5-03,Technology L5 Role 03,TEC,L5,Y,1.0,39.0,2019-04-15,
ASN-004032-01,HRIS-WKR-004032,POS-TEC-L5-0207,JOB-TEC-L5-03,Technology L5 Role 03,TEC,L5,Y,1.0,39.0,2020-03-30,
ASN-004033-01,HRIS-WKR-004033,POS-SAL-L5-0170,JOB-SAL-L5-02,Sales L5 Role 02,SAL,L5,Y,0.6,23.4,2018-05-04,
ASN-004034-01,HRIS-WKR-004034,POS-ENG-L4-0021,JOB-ENG-L4-03,Engineering L4 Role 03,ENG,L4,Y,1.0,39.0,2025-05-11,
ASN-004035-01,HRIS-WKR-004035,POS-HR-L4-0130,JOB-HR-L4-04,People L4 Role 04,HR,L4,Y,1.0,39.0,2018-03-22,
ASN-004036-01,HRIS-WKR-004036,POS-ENG-L4-0019,JOB-ENG-L4-01,Engineering L4 Role 01,ENG,L4,Y,1.0,39.0,2025-02-16,
ASN-004037-01,HRIS-WKR-004037,POS-OPS-L3-0050,JOB-OPS-L3-02,Operations L3 Role 02,OPS,L3,Y,1.0,39.0,2021-05-17,
ASN-004038-01,HRIS-WKR-004038,POS-FIN-L4-0096,JOB-FIN-L4-06,Finance L4 Role 06,FIN,L4,Y,0.6,23.4,2025-10-02,
ASN-004039-01,HRIS-WKR-004039,POS-TEC-L2-0190,JOB-TEC-L2-04,Technology L2 Role 04,TEC,L2,Y,1.0,39.0,2018-04-25,
ASN-004040-01,HRIS-WKR-004040,POS-FIN-L5-0101,JOB-FIN-L5-05,Finance L5 Role 05,FIN,L5,Y,1.0,39.0,2022-08-02,
ASN-004041-01,HRIS-WKR-004041,POS-FIN-L1-0077,JOB-FIN-L1-05,Finance L1 Role 05,FIN,L1,Y,1.0,39.0,2023-02-17,
ASN-004042-01,HRIS-WKR-004042,POS-HR-L2-0116,JOB-HR-L2-02,People L2 Role 02,HR,L2,Y,1.0,39.0,2023-05-07,
ASN-004043-01,HRIS-WKR-004043,POS-TEC-L6-0215,JOB-TEC-L6-05,Technology L6 Role 05,TEC,L6,Y,1.0,39.0,2025-08-06,
ASN-004044-01,HRIS-WKR-004044,POS-SAL-L5-0174,JOB-SAL-L5-06,Sales L5 Role 06,SAL,L5,Y,1.0,39.0,2024-11-19,
ASN-004045-01,HRIS-WKR-004045,POS-FIN-L5-0102,JOB-FIN-L5-06,Finance L5 Role 06,FIN,L5,Y,,,2023-12-04,
ASN-004046-01,HRIS-WKR-004046,POS-OPS-L1-0042,JOB-OPS-L1-06,Operations L1 Role 06,OPS,L1,Y,1.0,39.0,2021-12-22,
ASN-004047-01,HRIS-WKR-004047,POS-ENG-L3-0018,JOB-ENG-L3-06,Engineering L3 Role 06,ENG,L3,Y,1.0,39.0,2020-09-07,
ASN-004048-01,HRIS-WKR-004048,POS-HR-L3-0122,JOB-HR-L3-02,People L3 Role 02,HR,L3,Y,0.6,23.4,2023-03-24,
ASN-004049-01,HRIS-WKR-004049,POS-ENG-L2-0012,JOB-ENG-L2-06,Engineering L2 Role 06,ENG,L2,Y,0.6,23.4,2020-10-21,
ASN-004050-01,HRIS-WKR-004050,POS-TEC-L6-0213,JOB-TEC-L6-03,Technology L6 Role 03,TEC,L6,Y,1.0,39.0,2023-05-11,
ASN-004051-01,HRIS-WKR-004051,POS-ENG-L4-0019,JOB-ENG-L4-01,Engineering L4 Role 01,ENG,L4,Y,0.4,15.6,2024-05-27,
ASN-004052-01,HRIS-WKR-004052,POS-HR-L2-0119,JOB-HR-L2-05,People L2 Role 05,HR,L2,Y,1.0,39.0,2025-11-22,
ASN-004053-01,HRIS-WKR-004053,POS-TEC-L4-0201,JOB-TEC-L4-03,Technology L4 Role 03,TEC,L2,Y,1.0,39.0,2021-10-01,
ASN-004054-01,HRIS-WKR-004054,POS-HR-L4-0131,JOB-HR-L4-05,People L4 Role 05,HR,L4,Y,1.0,39.0,2024-09-19,
ASN-004055-01,HRIS-WKR-004055,POS-SAL-L5-0172,JOB-SAL-L5-04,Sales L5 Role 04,SAL,L5,Y,0.8,31.2,2020-03-13,
ASN-004056-01,HRIS-WKR-004056,POS-OPS-L2-0044,JOB-OPS-L2-02,Operations L2 Role 02,OPS,L2,Y,1.0,39.0,2018-10-07,
ASN-004057-01,HRIS-WKR-004057,POS-ENG-L2-0009,JOB-ENG-L2-03,Engineering L2 Role 03,ENG,L2,Y,1.0,39.0,2022-05-09,
ASN-004058-01,HRIS-WKR-004058,POS-FIN-L6-0106,JOB-FIN-L6-04,Finance L6 Role 04,FIN,L6,Y,,,2023-03-26,
ASN-004059-01,HRIS-WKR-004059,POS-OPS-L5-0062,JOB-OPS-L5-02,Operations L5 Role 02,OPS,L5,Y,1.0,39.0,2019-04-12,
ASN-004060-01,HRIS-WKR-004060,POS-FIN-L3-0088,JOB-FIN-L3-04,Finance L3 Role 04,FIN,L3,Y,1.0,39.0,2018-08-08,
ASN-004061-01,HRIS-WKR-004061,POS-SAL-L1-0146,JOB-SAL-L1-02,Sales L1 Role 02,SAL,L1,Y,1.0,39.0,2024-08-29,
ASN-004062-01,HRIS-WKR-004062,POS-OPS-L2-0047,JOB-OPS-L2-05,Operations L2 Role 05,OPS,L2,Y,1.0,39.0,2022-08-22,
ASN-004063-01,HRIS-WKR-004063,POS-HR-L2-0119,JOB-HR-L2-05,People L2 Role 05,HR,L2,Y,1.0,39.0,2023-08-02,
ASN-004064-01,HRIS-WKR-004064,POS-TEC-L6-0211,JOB-TEC-L6-01,Technology L6 Role 01,TEC,L6,Y,1.0,39.0,2021-04-30,
ASN-004065-01,HRIS-WKR-004065,POS-OPS-L5-0064,JOB-OPS-L5-04,Operations L5 Role 04,OPS,L5,Y,1.0,39.0,2021-07-06,
ASN-004066-01,HRIS-WKR-004066,POS-FIN-L5-0100,JOB-FIN-L5-04,Finance L5 Role 04,FIN,L5,Y,0.5,19.5,2018-11-14,
ASN-004067-01,HRIS-WKR-004067,POS-OPS-L6-0067,JOB-OPS-L6-01,Operations L6 Role 01,OPS,L6,Y,1.0,39.0,2021-06-09,
ASN-004068-01,HRIS-WKR-004068,POS-OPS-L2-0044,JOB-OPS-L2-02,Operations L2 Role 02,OPS,L2,Y,1.0,39.0,2021-02-24,
ASN-004069-01,HRIS-WKR-004069,POS-HR-L4-0132,JOB-HR-L4-06,People L4 Role 06,HR,L6,Y,1.0,39.0,2019-10-17,
ASN-004070-01,HRIS-WKR-004070,POS-TEC-L5-0205,JOB-TEC-L5-01,Technology L5 Role 01,TEC,L3,Y,1.0,39.0,2024-11-29,
ASN-004071-01,HRIS-WKR-004071,POS-HR-L6-0141,JOB-HR-L6-03,People L6 Role 03,HR,L6,Y,1.0,39.0,2019-07-11,
ASN-004072-01,HRIS-WKR-004072,POS-ENG-L3-0017,JOB-ENG-L3-05,Engineering L3 Role 05,ENG,L3,Y,0.8,31.2,2024-02-26,
ASN-004073-01,HRIS-WKR-004073,POS-SAL-L2-0152,JOB-SAL-L2-02,Sales L2 Role 02,SAL,L2,Y,0.5,19.5,2019-08-23,
ASN-004074-01,HRIS-WKR-004074,POS-HR-L1-0109,JOB-HR-L1-01,People L1 Role 01,HR,L1,Y,1.0,39.0,2019-06-11,
ASN-004075-01,HRIS-WKR-004075,POS-SAL-L5-0172,JOB-SAL-L5-04,Sales L5 Role 04,SAL,L5,Y,1.0,39.0,2020-03-24,
ASN-004076-01,HRIS-WKR-004076,POS-FIN-L3-0087,JOB-FIN-L3-03,Finance L3 Role 03,FIN,L3,Y,1.0,39.0,2025-09-18,
ASN-004077-01,HRIS-WKR-004077,POS-TEC-L3-0196,JOB-TEC-L3-04,Technology L3 Role 04,TEC,L3,Y,1.0,39.0,2019-02-24,
ASN-004078-01,HRIS-WKR-004078,POS-TEC-L3-0196,JOB-TEC-L3-04,Technology L3 Role 04,TEC,L3,Y,1.0,39.0,2020-07-08,
ASN-004079-01,HRIS-WKR-004079,POS-ENG-L4-0024,JOB-ENG-L4-06,Engineering L4 Role 06,ENG,L4,Y,1.0,39.0,2025-10-27,
ASN-004080-01,HRIS-WKR-004080,POS-OPS-L4-0060,JOB-OPS-L4-06,Operations L4 Role 06,OPS,L4,Y,1.0,39.0,2024-06-08,
ASN-004081-01,HRIS-WKR-004081,POS-FIN-L4-0096,JOB-FIN-L4-06,Finance L4 Role 06,FIN,L4,Y,1.0,39.0,2025-03-07,
ASN-004081-02,HRIS-WKR-004081,POS-FIN-L3-0086,JOB-FIN-L3-02,Finance L3 Role 02,FIN,L3,N,0.3,11.7,2023-01-15,
ASN-004082-01,HRIS-WKR-004082,POS-TEC-L5-0205,JOB-TEC-L5-01,Technology L5 Role 01,TEC,L5,Y,1.0,39.0,2025-08-16,
ASN-004083-01,HRIS-WKR-004083,POS-OPS-L2-0047,JOB-OPS-L2-05,Operations L2 Role 05,OPS,L1,Y,1.0,39.0,2018-11-08,
ASN-004083-02,HRIS-WKR-004083,POS-OPS-L1-0038,JOB-OPS-L1-02,Operations L1 Role 02,OPS,L1,N,0.3,11.7,2024-12-13,
ASN-004084-01,HRIS-WKR-004084,POS-OPS-L5-0065,JOB-OPS-L5-05,Operations L5 Role 05,OPS,L5,Y,1.0,39.0,2022-04-11,
ASN-004085-01,HRIS-WKR-004085,POS-OPS-L3-0050,JOB-OPS-L3-02,Operations L3 Role 02,OPS,L3,Y,0.8,31.2,2019-02-06,
ASN-004086-01,HRIS-WKR-004086,POS-ENG-L4-0022,JOB-ENG-L4-04,Engineering L4 Role 04,ENG,L4,Y,1.0,39.0,2022-08-07,
ASN-004086-02,HRIS-WKR-004086,POS-SAL-L3-0162,JOB-SAL-L3-06,Sales L3 Role 06,SAL,L3,N,0.2,7.8,2022-04-13,
ASN-004087-01,HRIS-WKR-004087,POS-HR-L6-0139,JOB-HR-L6-01,People L6 Role 01,HR,L6,Y,1.0,39.0,2018-04-17,
ASN-004088-01,HRIS-WKR-004088,POS-FIN-L1-0074,JOB-FIN-L1-02,Finance L1 Role 02,FIN,L1,Y,0.4,15.6,2024-07-03,
ASN-004089-01,HRIS-WKR-004089,POS-HR-L3-0124,JOB-HR-L3-04,People L3 Role 04,HR,L3,Y,1.0,39.0,2025-07-10,
ASN-004090-01,HRIS-WKR-004090,POS-FIN-L4-0095,JOB-FIN-L4-05,Finance L4 Role 05,FIN,L4,Y,1.0,39.0,2025-10-20,
ASN-004091-01,HRIS-WKR-004091,POS-TEC-L3-0193,JOB-TEC-L3-01,Technology L3 Role 01,TEC,L1,Y,1.0,39.0,2025-04-09,
ASN-004091-02,HRIS-WKR-004091,POS-OPS-L3-0053,JOB-OPS-L3-05,Operations L3 Role 05,OPS,L3,N,0.3,11.7,2018-05-22,
ASN-004092-01,HRIS-WKR-004092,POS-SAL-L6-0178,JOB-SAL-L6-04,Sales L6 Role 04,SAL,L6,Y,0.6,23.4,2021-01-17,
ASN-004093-01,HRIS-WKR-004093,POS-TEC-L4-0199,JOB-TEC-L4-01,Technology L4 Role 01,TEC,L4,Y,1.0,39.0,2025-07-21,
ASN-004094-01,HRIS-WKR-004094,POS-HR-L4-0131,JOB-HR-L4-05,People L4 Role 05,HR,L4,Y,1.0,39.0,2022-07-25,
ASN-004095-01,HRIS-WKR-004095,POS-SAL-L1-0145,JOB-SAL-L1-01,Sales L1 Role 01,SAL,L1,Y,1.0,39.0,2025-02-14,
ASN-004096-01,HRIS-WKR-004096,POS-TEC-L3-0196,JOB-TEC-L3-04,Technology L3 Role 04,TEC,L3,Y,1.0,39.0,2018-01-30,
ASN-004097-01,HRIS-WKR-004097,POS-FIN-L2-0079,JOB-FIN-L2-01,Finance L2 Role 01,FIN,L2,Y,1.0,39.0,2023-04-05,
ASN-004098-01,HRIS-WKR-004098,POS-ENG-L3-0016,JOB-ENG-L3-04,Engineering L3 Role 04,ENG,L3,Y,0.8,31.2,2019-12-26,
ASN-004099-01,HRIS-WKR-004099,POS-HR-L5-0138,JOB-HR-L5-06,People L5 Role 06,HR,L5,Y,,,2018-01-29,
ASN-004100-01,HRIS-WKR-004100,POS-TEC-L6-0214,JOB-TEC-L6-04,Technology L6 Role 04,TEC,L6,Y,1.0,39.0,2023-09-11,
ASN-004101-01,HRIS-WKR-004101,POS-ENG-L5-0025,JOB-ENG-L5-01,Engineering L5 Role 01,ENG,L5,Y,0.4,15.6,2025-05-20,
ASN-004102-01,HRIS-WKR-004102,POS-HR-L1-0114,JOB-HR-L1-06,People L1 Role 06,HR,L1,Y,1.0,39.0,2026-01-20,
ASN-004103-01,HRIS-WKR-004103,POS-TEC-L3-0194,JOB-TEC-L3-02,Technology L3 Role 02,TEC,L3,Y,1.0,39.0,2019-11-11,
ASN-004104-01,HRIS-WKR-004104,POS-TEC-L6-0216,JOB-TEC-L6-06,Technology L6 Role 06,TEC,L6,Y,1.0,39.0,2025-08-25,
ASN-004105-01,HRIS-WKR-004105,POS-SAL-L6-0176,JOB-SAL-L6-02,Sales L6 Role 02,SAL,L6,Y,1.0,39.0,2018-01-06,
ASN-004106-01,HRIS-WKR-004106,POS-TEC-L6-0212,JOB-TEC-L6-02,Technology L6 Role 02,TEC,L6,Y,1.0,39.0,2019-11-23,
ASN-004107-01,HRIS-WKR-004107,POS-FIN-L6-0105,JOB-FIN-L6-03,Finance L6 Role 03,FIN,L6,Y,1.0,39.0,2023-03-03,
ASN-004108-01,HRIS-WKR-004108,POS-OPS-L5-0065,JOB-OPS-L5-05,Operations L5 Role 05,OPS,L5,Y,1.0,39.0,2022-08-30,
ASN-004109-01,HRIS-WKR-004109,POS-OPS-L1-0037,JOB-OPS-L1-01,Operations L1 Role 01,OPS,L1,Y,1.0,39.0,2018-10-25,
ASN-004110-01,HRIS-WKR-004110,POS-FIN-L3-0090,JOB-FIN-L3-06,Finance L3 Role 06,FIN,L3,Y,0.8,31.2,2018-11-14,
ASN-004111-01,HRIS-WKR-004111,POS-HR-L1-0111,JOB-HR-L1-03,People L1 Role 03,HR,L1,Y,1.0,39.0,2022-01-06,
ASN-004112-01,HRIS-WKR-004112,POS-ENG-L2-0007,JOB-ENG-L2-01,Engineering L2 Role 01,ENG,L2,Y,0.8,31.2,2019-05-14,
ASN-004113-01,HRIS-WKR-004113,POS-TEC-L5-0209,JOB-TEC-L5-05,Technology L5 Role 05,TEC,L5,Y,1.0,39.0,2018-12-25,
ASN-004114-01,HRIS-WKR-004114,POS-HR-L4-0127,JOB-HR-L4-01,People L4 Role 01,HR,L6,Y,1.0,39.0,2023-05-24,
ASN-004115-01,HRIS-WKR-004115,POS-SAL-L5-0170,JOB-SAL-L5-02,Sales L5 Role 02,SAL,L5,Y,,,2020-06-05,
ASN-004116-01,HRIS-WKR-004116,POS-FIN-L3-0088,JOB-FIN-L3-04,Finance L3 Role 04,FIN,L3,Y,1.0,39.0,2026-01-31,
ASN-004117-01,HRIS-WKR-004117,POS-OPS-L1-0041,JOB-OPS-L1-05,Operations L1 Role 05,OPS,L1,Y,1.0,39.0,2018-12-13,
ASN-004118-01,HRIS-WKR-004118,POS-HR-L5-0138,JOB-HR-L5-06,People L5 Role 06,HR,L5,Y,0.5,19.5,2019-10-24,
ASN-004119-01,HRIS-WKR-004119,POS-FIN-L2-0084,JOB-FIN-L2-06,Finance L2 Role 06,FIN,L2,Y,1.0,39.0,2023-01-15,
ASN-004120-01,HRIS-WKR-004120,POS-SAL-L5-0172,JOB-SAL-L5-04,Sales L5 Role 04,SAL,L5,Y,1.0,39.0,2022-02-26,
ASN-004121-01,HRIS-WKR-004121,POS-SAL-L1-0149,JOB-SAL-L1-05,Sales L1 Role 05,SAL,L1,Y,1.0,39.0,2019-09-26,
ASN-004122-01,HRIS-WKR-004122,POS-FIN-L4-0096,JOB-FIN-L4-06,Finance L4 Role 06,FIN,L4,Y,1.0,39.0,2020-06-15,
ASN-004123-01,HRIS-WKR-004123,POS-ENG-L5-0027,JOB-ENG-L5-03,Engineering L5 Role 03,ENG,L5,Y,1.0,39.0,2022-05-15,
ASN-004124-01,HRIS-WKR-004124,POS-SAL-L1-0150,JOB-SAL-L1-06,Sales L1 Role 06,SAL,L1,Y,1.0,39.0,2022-05-14,
ASN-004125-01,HRIS-WKR-004125,POS-HR-L2-0118,JOB-HR-L2-04,People L2 Role 04,HR,L2,Y,1.0,39.0,2022-05-25,
ASN-004126-01,HRIS-WKR-004126,POS-OPS-L1-0041,JOB-OPS-L1-05,Operations L1 Role 05,OPS,L1,Y,0.5,19.5,2019-07-02,
ASN-004127-01,HRIS-WKR-004127,POS-OPS-L3-0050,JOB-OPS-L3-02,Operations L3 Role 02,OPS,L3,Y,1.0,39.0,2018-08-28,
ASN-004128-01,HRIS-WKR-004128,POS-OPS-L2-0047,JOB-OPS-L2-05,Operations L2 Role 05,OPS,L2,Y,0.6,23.4,2023-04-15,
ASN-004129-01,HRIS-WKR-004129,POS-FIN-L1-0076,JOB-FIN-L1-04,Finance L1 Role 04,FIN,L1,Y,0.8,31.2,2023-02-09,
ASN-004130-01,HRIS-WKR-004130,POS-ENG-L1-0005,JOB-ENG-L1-05,Engineering L1 Role 05,ENG,L1,Y,1.0,39.0,2018-10-28,
ASN-004131-01,HRIS-WKR-004131,POS-OPS-L6-0068,JOB-OPS-L6-02,Operations L6 Role 02,OPS,L6,Y,,,2025-03-06,
ASN-004132-01,HRIS-WKR-004132,POS-FIN-L3-0089,JOB-FIN-L3-05,Finance L3 Role 05,FIN,L3,Y,1.0,39.0,2023-07-03,
ASN-004133-01,HRIS-WKR-004133,POS-SAL-L3-0161,JOB-SAL-L3-05,Sales L3 Role 05,SAL,L3,Y,,,2024-10-21,
ASN-004134-01,HRIS-WKR-004134,POS-TEC-L3-0194,JOB-TEC-L3-02,Technology L3 Role 02,TEC,L3,Y,1.0,39.0,2024-06-09,
ASN-004135-01,HRIS-WKR-004135,POS-OPS-L3-0051,JOB-OPS-L3-03,Operations L3 Role 03,OPS,L3,Y,1.0,39.0,2025-06-13,
ASN-004136-01,HRIS-WKR-004136,POS-HR-L1-0111,JOB-HR-L1-03,People L1 Role 03,HR,L1,Y,1.0,39.0,2021-09-30,
ASN-004137-01,HRIS-WKR-004137,POS-FIN-L2-0079,JOB-FIN-L2-01,Finance L2 Role 01,FIN,L2,Y,1.0,39.0,2020-12-12,
ASN-004137-02,HRIS-WKR-004137,POS-FIN-L3-0090,JOB-FIN-L3-06,Finance L3 Role 06,FIN,L3,N,0.2,7.8,2018-12-12,
ASN-004138-01,HRIS-WKR-004138,POS-HR-L6-0142,JOB-HR-L6-04,People L6 Role 04,HR,L6,Y,,,2021-03-01,
ASN-004138-02,HRIS-WKR-004138,POS-HR-L3-0121,JOB-HR-L3-01,People L3 Role 01,HR,L3,N,0.3,11.7,2022-10-11,
ASN-004139-01,HRIS-WKR-004139,POS-ENG-L5-0025,JOB-ENG-L5-01,Engineering L5 Role 01,ENG,L5,Y,1.0,39.0,2020-04-07,
ASN-004140-01,HRIS-WKR-004140,POS-HR-L1-0110,JOB-HR-L1-02,People L1 Role 02,HR,L1,Y,1.0,39.0,2020-08-20,
ASN-004141-01,HRIS-WKR-004141,POS-ENG-L1-0005,JOB-ENG-L1-05,Engineering L1 Role 05,ENG,L1,Y,1.0,39.0,2024-01-13,
ASN-004142-01,HRIS-WKR-004142,POS-SAL-L1-0146,JOB-SAL-L1-02,Sales L1 Role 02,SAL,L1,Y,1.0,39.0,2024-10-30,
ASN-004143-01,HRIS-WKR-004143,POS-HR-L4-0129,JOB-HR-L4-03,People L4 Role 03,HR,L4,Y,1.0,39.0,2018-06-01,
ASN-004144-01,HRIS-WKR-004144,POS-SAL-L3-0158,JOB-SAL-L3-02,Sales L3 Role 02,SAL,L3,Y,,,2023-06-24,
ASN-004145-01,HRIS-WKR-004145,POS-OPS-L5-0062,JOB-OPS-L5-02,Operations L5 Role 02,OPS,L5,Y,0.8,31.2,2024-07-11,
ASN-004146-01,HRIS-WKR-004146,POS-OPS-L6-0072,JOB-OPS-L6-06,Operations L6 Role 06,OPS,L6,Y,1.0,39.0,2018-12-25,
ASN-004147-01,HRIS-WKR-004147,POS-FIN-L5-0100,JOB-FIN-L5-04,Finance L5 Role 04,FIN,L5,Y,1.0,39.0,2018-02-13,
ASN-004147-02,HRIS-WKR-004147,POS-SAL-L4-0164,JOB-SAL-L4-02,Sales L4 Role 02,SAL,L4,N,0.3,11.7,2023-10-19,
ASN-004148-01,HRIS-WKR-004148,POS-SAL-L3-0162,JOB-SAL-L3-06,Sales L3 Role 06,SAL,L3,Y,1.0,39.0,2023-09-25,
ASN-004149-01,HRIS-WKR-004149,POS-TEC-L5-0206,JOB-TEC-L5-02,Technology L5 Role 02,TEC,L6,Y,1.0,39.0,2018-10-27,
ASN-004150-01,HRIS-WKR-004150,POS-HR-L4-0131,JOB-HR-L4-05,People L4 Role 05,HR,L4,Y,1.0,39.0,2025-10-04,
ASN-004151-01,HRIS-WKR-004151,POS-HR-L1-0111,JOB-HR-L1-03,People L1 Role 03,HR,L1,Y,1.0,39.0,2018-09-10,
ASN-004151-02,HRIS-WKR-004151,POS-OPS-L2-0048,JOB-OPS-L2-06,Operations L2 Role 06,OPS,L2,N,0.3,11.7,2018-05-12,
ASN-004152-01,HRIS-WKR-004152,POS-ENG-L4-0023,JOB-ENG-L4-05,Engineering L4 Role 05,ENG,L4,Y,1.0,39.0,2021-04-11,
ASN-004152-02,HRIS-WKR-004152,POS-HR-L4-0127,JOB-HR-L4-01,People L4 Role 01,HR,L4,N,0.2,7.8,2019-02-06,
ASN-004153-01,HRIS-WKR-004153,POS-SAL-L6-0177,JOB-SAL-L6-03,Sales L6 Role 03,SAL,L6,Y,1.0,39.0,2021-06-04,
ASN-004154-01,HRIS-WKR-004154,POS-HR-L5-0138,JOB-HR-L5-06,People L5 Role 06,HR,L5,Y,0.6,23.4,2018-03-09,
ASN-004155-01,HRIS-WKR-004155,POS-HR-L2-0116,JOB-HR-L2-02,People L2 Role 02,HR,L2,Y,1.0,39.0,2020-06-30,
ASN-004156-01,HRIS-WKR-004156,POS-ENG-L2-0009,JOB-ENG-L2-03,Engineering L2 Role 03,ENG,L2,Y,1.0,39.0,2023-04-12,
ASN-004157-01,HRIS-WKR-004157,POS-OPS-L1-0041,JOB-OPS-L1-05,Operations L1 Role 05,OPS,L1,Y,1.0,39.0,2022-08-20,
ASN-004158-01,HRIS-WKR-004158,POS-FIN-L4-0093,JOB-FIN-L4-03,Finance L4 Role 03,FIN,L4,Y,1.0,39.0,2019-06-27,
ASN-004159-01,HRIS-WKR-004159,POS-TEC-L4-0203,JOB-TEC-L4-05,Technology L4 Role 05,TEC,L4,Y,1.0,39.0,2018-08-10,
ASN-004160-01,HRIS-WKR-004160,POS-ENG-L2-0011,JOB-ENG-L2-05,Engineering L2 Role 05,ENG,L2,Y,1.0,39.0,2019-02-23,
ASN-004161-01,HRIS-WKR-004161,POS-HR-L4-0128,JOB-HR-L4-02,People L4 Role 02,HR,L4,Y,1.0,39.0,2023-07-02,
ASN-004162-01,HRIS-WKR-004162,POS-HR-L3-0122,JOB-HR-L3-02,People L3 Role 02,HR,L3,Y,1.0,39.0,2019-04-14,
ASN-004163-01,HRIS-WKR-004163,POS-ENG-L1-0003,JOB-ENG-L1-03,Engineering L1 Role 03,ENG,L1,Y,1.0,39.0,2022-07-30,
ASN-004164-01,HRIS-WKR-004164,POS-SAL-L5-0169,JOB-SAL-L5-01,Sales L5 Role 01,SAL,L5,Y,1.0,39.0,2025-10-19,
ASN-004165-01,HRIS-WKR-004165,POS-TEC-L6-0215,JOB-TEC-L6-05,Technology L6 Role 05,TEC,L6,Y,1.0,39.0,2018-03-18,
ASN-004166-01,HRIS-WKR-004166,POS-TEC-L6-0212,JOB-TEC-L6-02,Technology L6 Role 02,TEC,L6,Y,0.5,19.5,2025-11-21,
ASN-004167-01,HRIS-WKR-004167,POS-HR-L4-0130,JOB-HR-L4-04,People L4 Role 04,HR,L4,Y,1.0,39.0,2020-08-06,
ASN-004168-01,HRIS-WKR-004168,POS-OPS-L4-0057,JOB-OPS-L4-03,Operations L4 Role 03,OPS,L4,Y,1.0,39.0,2018-03-16,
ASN-004169-01,HRIS-WKR-004169,POS-TEC-L6-0213,JOB-TEC-L6-03,Technology L6 Role 03,TEC,L6,Y,0.8,31.2,2025-04-12,
ASN-004170-01,HRIS-WKR-004170,POS-HR-L1-0112,JOB-HR-L1-04,People L1 Role 04,HR,L1,Y,1.0,39.0,2024-08-17,
ASN-004171-01,HRIS-WKR-004171,POS-SAL-L4-0168,JOB-SAL-L4-06,Sales L4 Role 06,SAL,L4,Y,1.0,39.0,2020-11-02,
ASN-004172-01,HRIS-WKR-004172,POS-SAL-L4-0166,JOB-SAL-L4-04,Sales L4 Role 04,SAL,L4,Y,1.0,39.0,2018-12-08,
ASN-004173-01,HRIS-WKR-004173,POS-OPS-L2-0046,JOB-OPS-L2-04,Operations L2 Role 04,OPS,L2,Y,1.0,39.0,2023-11-22,
ASN-004174-01,HRIS-WKR-004174,POS-HR-L4-0127,JOB-HR-L4-01,People L4 Role 01,HR,L4,Y,1.0,39.0,2024-06-12,
ASN-004175-01,HRIS-WKR-004175,POS-HR-L3-0121,JOB-HR-L3-01,People L3 Role 01,HR,L3,Y,1.0,39.0,2018-09-03,
ASN-004176-01,HRIS-WKR-004176,POS-OPS-L5-0064,JOB-OPS-L5-04,Operations L5 Role 04,OPS,L5,Y,1.0,39.0,2022-06-09,
ASN-004177-01,HRIS-WKR-004177,POS-SAL-L1-0150,JOB-SAL-L1-06,Sales L1 Role 06,SAL,L1,Y,,,2025-12-25,
ASN-004178-01,HRIS-WKR-004178,POS-FIN-L5-0097,JOB-FIN-L5-01,Finance L5 Role 01,FIN,L5,Y,1.0,39.0,2023-07-23,
ASN-004179-01,HRIS-WKR-004179,POS-OPS-L6-0067,JOB-OPS-L6-01,Operations L6 Role 01,OPS,L6,Y,0.6,23.4,2024-02-10,
ASN-004180-01,HRIS-WKR-004180,POS-FIN-L6-0104,JOB-FIN-L6-02,Finance L6 Role 02,FIN,L4,Y,1.0,39.0,2022-12-16,
ASN-004181-01,HRIS-WKR-004181,POS-HR-L3-0123,JOB-HR-L3-03,People L3 Role 03,HR,L3,Y,1.0,39.0,2019-02-22,
ASN-004182-01,HRIS-WKR-004182,POS-FIN-L6-0104,JOB-FIN-L6-02,Finance L6 Role 02,FIN,L6,Y,1.0,39.0,2025-01-25,
ASN-004183-01,HRIS-WKR-004183,POS-SAL-L5-0172,JOB-SAL-L5-04,Sales L5 Role 04,SAL,L5,Y,1.0,39.0,2021-02-28,
ASN-004184-01,HRIS-WKR-004184,POS-ENG-L4-0023,JOB-ENG-L4-05,Engineering L4 Role 05,ENG,L4,Y,1.0,39.0,2018-04-20,
ASN-004185-01,HRIS-WKR-004185,POS-FIN-L6-0107,JOB-FIN-L6-05,Finance L6 Role 05,FIN,L6,Y,1.0,39.0,2024-03-06,
ASN-004186-01,HRIS-WKR-004186,POS-ENG-L6-0033,JOB-ENG-L6-03,Engineering L6 Role 03,ENG,L6,Y,1.0,39.0,2018-07-17,
ASN-004187-01,HRIS-WKR-004187,POS-ENG-L2-0012,JOB-ENG-L2-06,Engineering L2 Role 06,ENG,L2,Y,1.0,39.0,2024-02-26,
ASN-004188-01,HRIS-WKR-004188,POS-OPS-L3-0054,JOB-OPS-L3-06,Operations L3 Role 06,OPS,L3,Y,1.0,39.0,2019-03-19,
ASN-004189-01,HRIS-WKR-004189,POS-SAL-L5-0174,JOB-SAL-L5-06,Sales L5 Role 06,SAL,L5,Y,1.0,39.0,2021-02-25,
ASN-004190-01,HRIS-WKR-004190,POS-FIN-L4-0094,JOB-FIN-L4-04,Finance L4 Role 04,FIN,L4,Y,1.0,39.0,2020-06-08,
ASN-004191-01,HRIS-WKR-004191,POS-OPS-L1-0042,JOB-OPS-L1-06,Operations L1 Role 06,OPS,L1,Y,1.0,39.0,2020-06-30,
ASN-004192-01,HRIS-WKR-004192,POS-HR-L3-0124,JOB-HR-L3-04,People L3 Role 04,HR,L3,Y,1.0,39.0,2021-10-02,
ASN-004193-01,HRIS-WKR-004193,POS-HR-L4-0129,JOB-HR-L4-03,People L4 Role 03,HR,L4,Y,0.8,31.2,2023-04-15,
ASN-004194-01,HRIS-WKR-004194,POS-HR-L1-0109,JOB-HR-L1-01,People L1 Role 01,HR,L1,Y,1.0,39.0,2025-06-01,
ASN-004195-01,HRIS-WKR-004195,POS-OPS-L4-0058,JOB-OPS-L4-04,Operations L4 Role 04,OPS,L4,Y,1.0,39.0,2019-04-18,
ASN-004195-02,HRIS-WKR-004195,POS-FIN-L5-0102,JOB-FIN-L5-06,Finance L5 Role 06,FIN,L5,N,0.3,11.7,2018-09-17,
ASN-004196-01,HRIS-WKR-004196,POS-TEC-L1-0184,JOB-TEC-L1-04,Technology L1 Role 04,TEC,L1,Y,1.0,39.0,2025-02-21,
ASN-004197-01,HRIS-WKR-004197,POS-TEC-L1-0186,JOB-TEC-L1-06,Technology L1 Role 06,TEC,L1,Y,0.4,15.6,2022-09-22,
ASN-004198-01,HRIS-WKR-004198,POS-TEC-L2-0189,JOB-TEC-L2-03,Technology L2 Role 03,TEC,L2,Y,1.0,39.0,2023-05-16,
ASN-004199-01,HRIS-WKR-004199,POS-FIN-L2-0083,JOB-FIN-L2-05,Finance L2 Role 05,FIN,L2,Y,1.0,39.0,2021-09-13,
ASN-004200-01,HRIS-WKR-004200,POS-ENG-L4-0022,JOB-ENG-L4-04,Engineering L4 Role 04,ENG,L4,Y,1.0,39.0,2023-08-19,
ASN-004201-01,HRIS-WKR-004201,POS-ENG-L5-0029,JOB-ENG-L5-05,Engineering L5 Role 05,ENG,L5,Y,1.0,39.0,2019-02-22,
ASN-004202-01,HRIS-WKR-004202,POS-FIN-L5-0102,JOB-FIN-L5-06,Finance L5 Role 06,FIN,L5,Y,1.0,39.0,2024-04-03,
ASN-004203-01,HRIS-WKR-004203,POS-ENG-L4-0021,JOB-ENG-L4-03,Engineering L4 Role 03,ENG,L4,Y,1.0,39.0,2018-09-16,
ASN-004204-01,HRIS-WKR-004204,POS-TEC-L1-0185,JOB-TEC-L1-05,Technology L1 Role 05,TEC,L1,Y,,,2020-01-25,
ASN-004205-01,HRIS-WKR-004205,POS-FIN-L3-0085,JOB-FIN-L3-01,Finance L3 Role 01,FIN,L3,Y,1.0,39.0,2019-11-23,
ASN-004206-01,HRIS-WKR-004206,POS-FIN-L1-0073,JOB-FIN-L1-01,Finance L1 Role 01,FIN,L1,Y,0.5,19.5,2023-04-19,
ASN-004207-01,HRIS-WKR-004207,POS-SAL-L2-0155,JOB-SAL-L2-05,Sales L2 Role 05,SAL,L2,Y,1.0,39.0,2018-07-06,
ASN-004208-01,HRIS-WKR-004208,POS-SAL-L5-0170,JOB-SAL-L5-02,Sales L5 Role 02,SAL,L5,Y,1.0,39.0,2020-06-14,
ASN-004209-01,HRIS-WKR-004209,POS-TEC-L4-0200,JOB-TEC-L4-02,Technology L4 Role 02,TEC,L4,Y,1.0,39.0,2023-12-13,
ASN-004210-01,HRIS-WKR-004210,POS-OPS-L1-0041,JOB-OPS-L1-05,Operations L1 Role 05,OPS,L1,Y,1.0,39.0,2024-07-31,
ASN-004211-01,HRIS-WKR-004211,POS-HR-L1-0109,JOB-HR-L1-01,People L1 Role 01,HR,L1,Y,1.0,39.0,2024-10-10,
ASN-004212-01,HRIS-WKR-004212,POS-SAL-L1-0146,JOB-SAL-L1-02,Sales L1 Role 02,SAL,L1,Y,0.5,19.5,2018-08-19,
ASN-004213-01,HRIS-WKR-004213,POS-FIN-L3-0089,JOB-FIN-L3-05,Finance L3 Role 05,FIN,L3,Y,1.0,39.0,2022-12-09,
ASN-004214-01,HRIS-WKR-004214,POS-FIN-L2-0082,JOB-FIN-L2-04,Finance L2 Role 04,FIN,L2,Y,1.0,39.0,2019-07-22,
ASN-004215-01,HRIS-WKR-004215,POS-SAL-L4-0168,JOB-SAL-L4-06,Sales L4 Role 06,SAL,L4,Y,1.0,39.0,2024-10-06,
ASN-004216-01,HRIS-WKR-004216,POS-HR-L4-0127,JOB-HR-L4-01,People L4 Role 01,HR,L4,Y,,,2022-09-09,
ASN-004217-01,HRIS-WKR-004217,POS-HR-L6-0143,JOB-HR-L6-05,People L6 Role 05,HR,L6,Y,1.0,39.0,2020-12-09,
ASN-004218-01,HRIS-WKR-004218,POS-TEC-L6-0215,JOB-TEC-L6-05,Technology L6 Role 05,TEC,L6,Y,1.0,39.0,2023-07-30,
ASN-004218-02,HRIS-WKR-004218,POS-TEC-L4-0204,JOB-TEC-L4-06,Technology L4 Role 06,TEC,L4,N,0.2,7.8,2019-08-30,
ASN-004219-01,HRIS-WKR-004219,POS-OPS-L5-0062,JOB-OPS-L5-02,Operations L5 Role 02,OPS,L5,Y,1.0,39.0,2025-12-07,
ASN-004220-01,HRIS-WKR-004220,POS-OPS-L5-0064,JOB-OPS-L5-04,Operations L5 Role 04,OPS,L5,Y,1.0,39.0,2021-11-12,
ASN-004221-01,HRIS-WKR-004221,POS-FIN-L5-0098,JOB-FIN-L5-02,Finance L5 Role 02,FIN,L5,Y,1.0,39.0,2026-01-28,
ASN-004222-01,HRIS-WKR-004222,POS-TEC-L5-0207,JOB-TEC-L5-03,Technology L5 Role 03,TEC,L5,Y,0.6,23.4,2022-10-10,
ASN-004223-01,HRIS-WKR-004223,POS-HR-L4-0130,JOB-HR-L4-04,People L4 Role 04,HR,L4,Y,1.0,39.0,2019-10-02,
ASN-004224-01,HRIS-WKR-004224,POS-OPS-L5-0065,JOB-OPS-L5-05,Operations L5 Role 05,OPS,L5,Y,0.4,15.6,2024-07-11,
ASN-004225-01,HRIS-WKR-004225,POS-SAL-L5-0171,JOB-SAL-L5-03,Sales L5 Role 03,SAL,L5,Y,1.0,39.0,2024-09-11,
ASN-004226-01,HRIS-WKR-004226,POS-FIN-L2-0080,JOB-FIN-L2-02,Finance L2 Role 02,FIN,L2,Y,1.0,39.0,2022-04-24,
ASN-004226-02,HRIS-WKR-004226,POS-SAL-L6-0177,JOB-SAL-L6-03,Sales L6 Role 03,SAL,L6,N,0.3,11.7,2022-05-02,
ASN-004227-01,HRIS-WKR-004227,POS-TEC-L1-0183,JOB-TEC-L1-03,Technology L1 Role 03,TEC,L1,Y,1.0,39.0,2024-02-24,
ASN-004228-01,HRIS-WKR-004228,POS-TEC-L6-0213,JOB-TEC-L6-03,Technology L6 Role 03,TEC,L6,Y,1.0,39.0,2025-07-01,
ASN-004229-01,HRIS-WKR-004229,POS-OPS-L1-0041,JOB-OPS-L1-05,Operations L1 Role 05,OPS,L1,Y,1.0,39.0,2023-12-07,
ASN-004229-02,HRIS-WKR-004229,POS-ENG-L6-0034,JOB-ENG-L6-04,Engineering L6 Role 04,ENG,L6,N,0.4,15.6,2019-04-12,
ASN-004230-01,HRIS-WKR-004230,POS-ENG-L4-0021,JOB-ENG-L4-03,Engineering L4 Role 03,ENG,L4,Y,0.4,15.6,2023-05-19,
ASN-004231-01,HRIS-WKR-004231,POS-ENG-L3-0014,JOB-ENG-L3-02,Engineering L3 Role 02,ENG,L3,Y,0.5,19.5,2019-12-18,
ASN-004232-01,HRIS-WKR-004232,POS-TEC-L5-0205,JOB-TEC-L5-01,Technology L5 Role 01,TEC,L5,Y,1.0,39.0,2021-11-18,
ASN-004233-01,HRIS-WKR-004233,POS-ENG-L2-0009,JOB-ENG-L2-03,Engineering L2 Role 03,ENG,L2,Y,1.0,39.0,2025-07-21,
ASN-004234-01,HRIS-WKR-004234,POS-FIN-L6-0108,JOB-FIN-L6-06,Finance L6 Role 06,FIN,L6,Y,1.0,39.0,2024-06-04,
ASN-004235-01,HRIS-WKR-004235,POS-OPS-L2-0043,JOB-OPS-L2-01,Operations L2 Role 01,OPS,L2,Y,1.0,39.0,2025-12-17,
ASN-004235-02,HRIS-WKR-004235,POS-TEC-L1-0185,JOB-TEC-L1-05,Technology L1 Role 05,TEC,L1,N,0.2,7.8,2021-12-02,
ASN-004236-01,HRIS-WKR-004236,POS-OPS-L4-0060,JOB-OPS-L4-06,Operations L4 Role 06,OPS,L4,Y,0.6,23.4,2020-03-21,
ASN-004237-01,HRIS-WKR-004237,POS-ENG-L4-0023,JOB-ENG-L4-05,Engineering L4 Role 05,ENG,L4,Y,0.4,15.6,2022-05-29,
ASN-004238-01,HRIS-WKR-004238,POS-FIN-L6-0105,JOB-FIN-L6-03,Finance L6 Role 03,FIN,L6,Y,1.0,39.0,2025-11-21,
ASN-004239-01,HRIS-WKR-004239,POS-HR-L2-0117,JOB-HR-L2-03,People L2 Role 03,HR,L2,Y,1.0,39.0,2022-05-07,
ASN-004240-01,HRIS-WKR-004240,POS-HR-L3-0124,JOB-HR-L3-04,People L3 Role 04,HR,L5,Y,1.0,39.0,2020-02-02,
ASN-004241-01,HRIS-WKR-004241,POS-HR-L1-0110,JOB-HR-L1-02,People L1 Role 02,HR,L1,Y,1.0,39.0,2020-12-09,
ASN-004242-01,HRIS-WKR-004242,POS-FIN-L1-0077,JOB-FIN-L1-05,Finance L1 Role 05,FIN,L1,Y,1.0,39.0,2019-09-21,
ASN-004243-01,HRIS-WKR-004243,POS-HR-L1-0112,JOB-HR-L1-04,People L1 Role 04,HR,L1,Y,0.6,23.4,2021-08-26,
ASN-004244-01,HRIS-WKR-004244,POS-OPS-L2-0045,JOB-OPS-L2-03,Operations L2 Role 03,OPS,L2,Y,1.0,39.0,2025-10-16,
ASN-004245-01,HRIS-WKR-004245,POS-HR-L1-0113,JOB-HR-L1-05,People L1 Role 05,HR,L3,Y,0.6,23.4,2018-01-19,
ASN-004246-01,HRIS-WKR-004246,POS-OPS-L2-0043,JOB-OPS-L2-01,Operations L2 Role 01,OPS,L2,Y,1.0,39.0,2018-01-30,
ASN-004247-01,HRIS-WKR-004247,POS-TEC-L5-0206,JOB-TEC-L5-02,Technology L5 Role 02,TEC,L5,Y,1.0,39.0,2020-01-28,
ASN-004248-01,HRIS-WKR-004248,POS-SAL-L4-0163,JOB-SAL-L4-01,Sales L4 Role 01,SAL,L4,Y,1.0,39.0,2018-07-08,
ASN-004249-01,HRIS-WKR-004249,POS-OPS-L3-0052,JOB-OPS-L3-04,Operations L3 Role 04,OPS,L3,Y,1.0,39.0,2023-08-06,
ASN-004250-01,HRIS-WKR-004250,POS-FIN-L4-0091,JOB-FIN-L4-01,Finance L4 Role 01,FIN,L4,Y,1.0,39.0,2020-12-26,
ASN-004251-01,HRIS-WKR-004251,POS-FIN-L6-0105,JOB-FIN-L6-03,Finance L6 Role 03,FIN,L6,Y,1.0,39.0,2022-02-27,
ASN-004252-01,HRIS-WKR-004252,POS-ENG-L5-0026,JOB-ENG-L5-02,Engineering L5 Role 02,ENG,L3,Y,1.0,39.0,2021-08-11,
ASN-004252-02,HRIS-WKR-004252,POS-HR-L3-0126,JOB-HR-L3-06,People L3 Role 06,HR,L3,N,0.2,7.8,2018-07-14,
ASN-004253-01,HRIS-WKR-004253,POS-HR-L4-0130,JOB-HR-L4-04,People L4 Role 04,HR,L4,Y,0.6,23.4,2025-09-02,
ASN-004253-02,HRIS-WKR-004253,POS-FIN-L5-0098,JOB-FIN-L5-02,Finance L5 Role 02,FIN,L5,N,0.2,7.8,2025-10-31,
ASN-004254-01,HRIS-WKR-004254,POS-SAL-L2-0151,JOB-SAL-L2-01,Sales L2 Role 01,SAL,L2,Y,1.0,39.0,2022-05-11,
ASN-004255-01,HRIS-WKR-004255,POS-FIN-L5-0101,JOB-FIN-L5-05,Finance L5 Role 05,FIN,L5,Y,0.6,23.4,2020-10-29,
ASN-004256-01,HRIS-WKR-004256,POS-ENG-L3-0015,JOB-ENG-L3-03,Engineering L3 Role 03,ENG,L3,Y,0.4,15.6,2022-03-22,
ASN-004257-01,HRIS-WKR-004257,POS-SAL-L1-0149,JOB-SAL-L1-05,Sales L1 Role 05,SAL,L1,Y,0.6,23.4,2023-11-08,
ASN-004258-01,HRIS-WKR-004258,POS-FIN-L4-0096,JOB-FIN-L4-06,Finance L4 Role 06,FIN,L4,Y,1.0,39.0,2020-04-22,
ASN-004259-01,HRIS-WKR-004259,POS-TEC-L5-0210,JOB-TEC-L5-06,Technology L5 Role 06,TEC,L5,Y,0.8,31.2,2024-01-28,
ASN-004260-01,HRIS-WKR-004260,POS-TEC-L5-0207,JOB-TEC-L5-03,Technology L5 Role 03,TEC,L5,Y,1.0,39.0,2022-01-16,
ASN-004261-01,HRIS-WKR-004261,POS-ENG-L4-0021,JOB-ENG-L4-03,Engineering L4 Role 03,ENG,L4,Y,1.0,39.0,2022-08-03,
ASN-004262-01,HRIS-WKR-004262,POS-TEC-L2-0191,JOB-TEC-L2-05,Technology L2 Role 05,TEC,L2,Y,1.0,39.0,2023-02-06,
ASN-004263-01,HRIS-WKR-004263,POS-OPS-L6-0070,JOB-OPS-L6-04,Operations L6 Role 04,OPS,L6,Y,1.0,39.0,2018-02-01,
ASN-004264-01,HRIS-WKR-004264,POS-OPS-L1-0038,JOB-OPS-L1-02,Operations L1 Role 02,OPS,L1,Y,1.0,39.0,2018-06-17,
ASN-004265-01,HRIS-WKR-004265,POS-ENG-L1-0001,JOB-ENG-L1-01,Engineering L1 Role 01,ENG,L1,Y,0.8,31.2,2021-10-23,
ASN-004266-01,HRIS-WKR-004266,POS-SAL-L3-0162,JOB-SAL-L3-06,Sales L3 Role 06,SAL,L3,Y,1.0,39.0,2018-06-18,
ASN-004267-01,HRIS-WKR-004267,POS-TEC-L4-0199,JOB-TEC-L4-01,Technology L4 Role 01,TEC,L4,Y,1.0,39.0,2023-11-19,
ASN-004267-02,HRIS-WKR-004267,POS-OPS-L3-0050,JOB-OPS-L3-02,Operations L3 Role 02,OPS,L3,N,0.2,7.8,2018-06-28,
ASN-004268-01,HRIS-WKR-004268,POS-SAL-L6-0178,JOB-SAL-L6-04,Sales L6 Role 04,SAL,L6,Y,1.0,39.0,2018-12-08,
ASN-004269-01,HRIS-WKR-004269,POS-TEC-L3-0194,JOB-TEC-L3-02,Technology L3 Role 02,TEC,L3,Y,1.0,39.0,2019-12-24,
ASN-004270-01,HRIS-WKR-004270,POS-ENG-L4-0019,JOB-ENG-L4-01,Engineering L4 Role 01,ENG,L4,Y,0.6,23.4,2025-11-02,
ASN-004270-02,HRIS-WKR-004270,POS-HR-L6-0142,JOB-HR-L6-04,People L6 Role 04,HR,L6,N,0.2,7.8,2018-11-04,
ASN-004271-01,HRIS-WKR-004271,POS-SAL-L1-0145,JOB-SAL-L1-01,Sales L1 Role 01,SAL,L1,Y,0.8,31.2,2020-11-27,
ASN-004271-02,HRIS-WKR-004271,POS-SAL-L6-0177,JOB-SAL-L6-03,Sales L6 Role 03,SAL,L6,N,0.2,7.8,2020-11-04,
ASN-004272-01,HRIS-WKR-004272,POS-ENG-L5-0029,JOB-ENG-L5-05,Engineering L5 Role 05,ENG,L5,Y,1.0,39.0,2022-06-19,
ASN-004273-01,HRIS-WKR-004273,POS-TEC-L1-0181,JOB-TEC-L1-01,Technology L1 Role 01,TEC,L1,Y,1.0,39.0,2025-12-19,
ASN-004274-01,HRIS-WKR-004274,POS-FIN-L6-0108,JOB-FIN-L6-06,Finance L6 Role 06,FIN,L6,Y,0.8,31.2,2025-11-27,
ASN-004274-02,HRIS-WKR-004274,POS-ENG-L3-0018,JOB-ENG-L3-06,Engineering L3 Role 06,ENG,L3,N,0.2,7.8,2019-06-25,
ASN-004275-01,HRIS-WKR-004275,POS-OPS-L4-0059,JOB-OPS-L4-05,Operations L4 Role 05,OPS,L4,Y,1.0,39.0,2020-04-14,
ASN-004276-01,HRIS-WKR-004276,POS-ENG-L3-0016,JOB-ENG-L3-04,Engineering L3 Role 04,ENG,L3,Y,0.8,31.2,2019-03-18,
ASN-004277-01,HRIS-WKR-004277,POS-HR-L5-0133,JOB-HR-L5-01,People L5 Role 01,HR,L5,Y,1.0,39.0,2025-07-19,
ASN-004278-01,HRIS-WKR-004278,POS-OPS-L3-0052,JOB-OPS-L3-04,Operations L3 Role 04,OPS,L3,Y,1.0,39.0,2021-03-05,
ASN-004279-01,HRIS-WKR-004279,POS-FIN-L2-0082,JOB-FIN-L2-04,Finance L2 Role 04,FIN,L2,Y,1.0,39.0,2018-10-06,
ASN-004280-01,HRIS-WKR-004280,POS-TEC-L4-0204,JOB-TEC-L4-06,Technology L4 Role 06,TEC,L4,Y,1.0,39.0,2021-05-05,
ASN-004281-01,HRIS-WKR-004281,POS-SAL-L2-0153,JOB-SAL-L2-03,Sales L2 Role 03,SAL,L2,Y,0.4,15.6,2019-04-05,
ASN-004282-01,HRIS-WKR-004282,POS-FIN-L3-0089,JOB-FIN-L3-05,Finance L3 Role 05,FIN,L3,Y,1.0,39.0,2023-11-03,
ASN-004283-01,HRIS-WKR-004283,POS-SAL-L1-0147,JOB-SAL-L1-03,Sales L1 Role 03,SAL,L1,Y,0.6,23.4,2021-10-23,
ASN-004284-01,HRIS-WKR-004284,POS-FIN-L2-0082,JOB-FIN-L2-04,Finance L2 Role 04,FIN,L2,Y,1.0,39.0,2022-10-01,
ASN-004285-01,HRIS-WKR-004285,POS-HR-L4-0132,JOB-HR-L4-06,People L4 Role 06,HR,L4,Y,1.0,39.0,2020-07-16,
ASN-004286-01,HRIS-WKR-004286,POS-HR-L6-0141,JOB-HR-L6-03,People L6 Role 03,HR,L6,Y,0.4,15.6,2023-07-26,
ASN-004287-01,HRIS-WKR-004287,POS-FIN-L5-0098,JOB-FIN-L5-02,Finance L5 Role 02,FIN,L5,Y,1.0,39.0,2020-06-21,
ASN-004288-01,HRIS-WKR-004288,POS-FIN-L2-0084,JOB-FIN-L2-06,Finance L2 Role 06,FIN,L2,Y,1.0,39.0,2020-02-02,
ASN-004289-01,HRIS-WKR-004289,POS-FIN-L2-0081,JOB-FIN-L2-03,Finance L2 Role 03,FIN,L2,Y,1.0,39.0,2023-08-21,
ASN-004290-01,HRIS-WKR-004290,POS-ENG-L5-0030,JOB-ENG-L5-06,Engineering L5 Role 06,ENG,L5,Y,1.0,39.0,2018-11-25,
ASN-004291-01,HRIS-WKR-004291,POS-OPS-L6-0067,JOB-OPS-L6-01,Operations L6 Role 01,OPS,L6,Y,1.0,39.0,2019-07-12,
ASN-004292-01,HRIS-WKR-004292,POS-TEC-L2-0189,JOB-TEC-L2-03,Technology L2 Role 03,TEC,L2,Y,1.0,39.0,2021-01-18,
ASN-004293-01,HRIS-WKR-004293,POS-ENG-L6-0032,JOB-ENG-L6-02,Engineering L6 Role 02,ENG,L6,Y,1.0,39.0,2023-07-27,
ASN-004294-01,HRIS-WKR-004294,POS-TEC-L1-0181,JOB-TEC-L1-01,Technology L1 Role 01,TEC,L1,Y,1.0,39.0,2021-11-17,
ASN-004295-01,HRIS-WKR-004295,POS-FIN-L2-0079,JOB-FIN-L2-01,Finance L2 Role 01,FIN,L2,Y,0.6,23.4,2024-05-19,
ASN-004296-01,HRIS-WKR-004296,POS-ENG-L4-0024,JOB-ENG-L4-06,Engineering L4 Role 06,ENG,L4,Y,0.5,19.5,2020-05-23,
ASN-004297-01,HRIS-WKR-004297,POS-FIN-L4-0093,JOB-FIN-L4-03,Finance L4 Role 03,FIN,L4,Y,1.0,39.0,2023-09-06,
ASN-004298-01,HRIS-WKR-004298,POS-OPS-L6-0070,JOB-OPS-L6-04,Operations L6 Role 04,OPS,L6,Y,0.5,19.5,2024-09-26,
ASN-004299-01,HRIS-WKR-004299,POS-FIN-L1-0077,JOB-FIN-L1-05,Finance L1 Role 05,FIN,L1,Y,1.0,39.0,2022-06-30,
ASN-004300-01,HRIS-WKR-004300,POS-SAL-L2-0154,JOB-SAL-L2-04,Sales L2 Role 04,SAL,L2,Y,1.0,39.0,2022-08-26,
ASN-004301-01,HRIS-WKR-004301,POS-TEC-L2-0191,JOB-TEC-L2-05,Technology L2 Role 05,TEC,L2,Y,0.6,23.4,2025-02-06,
ASN-004302-01,HRIS-WKR-004302,POS-SAL-L1-0145,JOB-SAL-L1-01,Sales L1 Role 01,SAL,L1,Y,1.0,39.0,2018-07-06,
ASN-004303-01,HRIS-WKR-004303,POS-SAL-L3-0160,JOB-SAL-L3-04,Sales L3 Role 04,SAL,L3,Y,1.0,39.0,2018-05-19,
ASN-004304-01,HRIS-WKR-004304,POS-HR-L1-0112,JOB-HR-L1-04,People L1 Role 04,HR,L1,Y,1.0,39.0,2018-11-29,
ASN-004305-01,HRIS-WKR-004305,POS-ENG-L4-0024,JOB-ENG-L4-06,Engineering L4 Role 06,ENG,L4,Y,0.5,19.5,2025-10-19,
ASN-004306-01,HRIS-WKR-004306,POS-TEC-L6-0211,JOB-TEC-L6-01,Technology L6 Role 01,TEC,L6,Y,1.0,39.0,2022-07-11,
ASN-004307-01,HRIS-WKR-004307,POS-HR-L5-0138,JOB-HR-L5-06,People L5 Role 06,HR,L5,Y,0.6,23.4,2024-05-02,
ASN-004308-01,HRIS-WKR-004308,POS-FIN-L5-0097,JOB-FIN-L5-01,Finance L5 Role 01,FIN,L5,Y,0.4,15.6,2025-06-03,
ASN-004309-01,HRIS-WKR-004309,POS-SAL-L5-0170,JOB-SAL-L5-02,Sales L5 Role 02,SAL,L5,Y,1.0,39.0,2018-04-14,
ASN-004310-01,HRIS-WKR-004310,POS-FIN-L2-0080,JOB-FIN-L2-02,Finance L2 Role 02,FIN,L2,Y,1.0,39.0,2018-08-10,
ASN-004310-02,HRIS-WKR-004310,POS-ENG-L2-0012,JOB-ENG-L2-06,Engineering L2 Role 06,ENG,L2,N,0.4,15.6,2023-05-08,
ASN-004311-01,HRIS-WKR-004311,POS-FIN-L5-0100,JOB-FIN-L5-04,Finance L5 Role 04,FIN,L5,Y,0.8,31.2,2018-03-15,
ASN-004312-01,HRIS-WKR-004312,POS-OPS-L2-0046,JOB-OPS-L2-04,Operations L2 Role 04,OPS,L2,Y,,,2018-03-16,
ASN-004313-01,HRIS-WKR-004313,POS-FIN-L3-0088,JOB-FIN-L3-04,Finance L3 Role 04,FIN,L3,Y,1.0,39.0,2022-07-13,
ASN-004314-01,HRIS-WKR-004314,POS-HR-L1-0110,JOB-HR-L1-02,People L1 Role 02,HR,L1,Y,1.0,39.0,2020-02-26,
ASN-004315-01,HRIS-WKR-004315,POS-SAL-L3-0158,JOB-SAL-L3-02,Sales L3 Role 02,SAL,L3,Y,1.0,39.0,2025-07-07,
ASN-004316-01,HRIS-WKR-004316,POS-ENG-L5-0030,JOB-ENG-L5-06,Engineering L5 Role 06,ENG,L5,Y,1.0,39.0,2025-09-02,
ASN-004317-01,HRIS-WKR-004317,POS-FIN-L5-0102,JOB-FIN-L5-06,Finance L5 Role 06,FIN,L5,Y,1.0,39.0,2023-03-25,
ASN-004318-01,HRIS-WKR-004318,POS-FIN-L4-0095,JOB-FIN-L4-05,Finance L4 Role 05,FIN,L4,Y,0.8,31.2,2022-09-07,
ASN-004319-01,HRIS-WKR-004319,POS-TEC-L6-0211,JOB-TEC-L6-01,Technology L6 Role 01,TEC,L6,Y,1.0,39.0,2020-12-03,
ASN-004320-01,HRIS-WKR-004320,POS-SAL-L5-0170,JOB-SAL-L5-02,Sales L5 Role 02,SAL,L5,Y,0.6,23.4,2024-12-21,
ASN-004321-01,HRIS-WKR-004321,POS-SAL-L3-0162,JOB-SAL-L3-06,Sales L3 Role 06,SAL,L3,Y,1.0,39.0,2019-02-23,
ASN-004322-01,HRIS-WKR-004322,POS-TEC-L6-0215,JOB-TEC-L6-05,Technology L6 Role 05,TEC,L6,Y,0.6,23.4,2023-10-16,
ASN-004323-01,HRIS-WKR-004323,POS-ENG-L3-0018,JOB-ENG-L3-06,Engineering L3 Role 06,ENG,L3,Y,1.0,39.0,2025-06-23,
ASN-004324-01,HRIS-WKR-004324,POS-HR-L4-0130,JOB-HR-L4-04,People L4 Role 04,HR,L4,Y,1.0,39.0,2021-12-22,
ASN-004325-01,HRIS-WKR-004325,POS-SAL-L1-0148,JOB-SAL-L1-04,Sales L1 Role 04,SAL,L1,Y,1.0,39.0,2025-04-04,
ASN-004325-02,HRIS-WKR-004325,POS-ENG-L5-0027,JOB-ENG-L5-03,Engineering L5 Role 03,ENG,L5,N,0.3,11.7,2019-02-10,
ASN-004326-01,HRIS-WKR-004326,POS-TEC-L3-0198,JOB-TEC-L3-06,Technology L3 Role 06,TEC,L3,Y,1.0,39.0,2019-09-11,
ASN-004327-01,HRIS-WKR-004327,POS-FIN-L6-0106,JOB-FIN-L6-04,Finance L6 Role 04,FIN,L6,Y,1.0,39.0,2019-11-23,
ASN-004327-02,HRIS-WKR-004327,POS-FIN-L4-0091,JOB-FIN-L4-01,Finance L4 Role 01,FIN,L4,N,0.2,7.8,2026-01-17,
ASN-004328-01,HRIS-WKR-004328,POS-ENG-L4-0021,JOB-ENG-L4-03,Engineering L4 Role 03,ENG,L4,Y,1.0,39.0,2024-01-23,
ASN-004328-02,HRIS-WKR-004328,POS-OPS-L3-0053,JOB-OPS-L3-05,Operations L3 Role 05,OPS,L3,N,0.2,7.8,2019-06-07,
ASN-004329-01,HRIS-WKR-004329,POS-FIN-L2-0081,JOB-FIN-L2-03,Finance L2 Role 03,FIN,L2,Y,1.0,39.0,2021-01-01,
ASN-004330-01,HRIS-WKR-004330,POS-FIN-L5-0101,JOB-FIN-L5-05,Finance L5 Role 05,FIN,L5,Y,0.8,31.2,2023-08-28,
ASN-004331-01,HRIS-WKR-004331,POS-FIN-L6-0105,JOB-FIN-L6-03,Finance L6 Role 03,FIN,L6,Y,0.8,31.2,2020-11-27,
ASN-004332-01,HRIS-WKR-004332,POS-FIN-L6-0104,JOB-FIN-L6-02,Finance L6 Role 02,FIN,L6,Y,1.0,39.0,2019-05-23,
ASN-004333-01,HRIS-WKR-004333,POS-FIN-L6-0104,JOB-FIN-L6-02,Finance L6 Role 02,FIN,L6,Y,,,2026-01-24,
ASN-004334-01,HRIS-WKR-004334,POS-TEC-L2-0187,JOB-TEC-L2-01,Technology L2 Role 01,TEC,L2,Y,1.0,39.0,2024-07-31,
ASN-004335-01,HRIS-WKR-004335,POS-OPS-L4-0060,JOB-OPS-L4-06,Operations L4 Role 06,OPS,L4,Y,0.6,23.4,2025-10-03,
ASN-004336-01,HRIS-WKR-004336,POS-FIN-L6-0104,JOB-FIN-L6-02,Finance L6 Role 02,FIN,L6,Y,1.0,39.0,2023-02-08,
ASN-004337-01,HRIS-WKR-004337,POS-FIN-L4-0095,JOB-FIN-L4-05,Finance L4 Role 05,FIN,L4,Y,1.0,39.0,2020-11-21,
ASN-004338-01,HRIS-WKR-004338,POS-FIN-L5-0101,JOB-FIN-L5-05,Finance L5 Role 05,FIN,L5,Y,0.6,23.4,2021-10-05,
ASN-004339-01,HRIS-WKR-004339,POS-HR-L3-0122,JOB-HR-L3-02,People L3 Role 02,HR,L3,Y,1.0,39.0,2020-10-04,
ASN-004340-01,HRIS-WKR-004340,POS-HR-L2-0117,JOB-HR-L2-03,People L2 Role 03,HR,L2,Y,1.0,39.0,2023-12-14,
ASN-004341-01,HRIS-WKR-004341,POS-FIN-L3-0085,JOB-FIN-L3-01,Finance L3 Role 01,FIN,L3,Y,1.0,39.0,2026-01-15,
ASN-004342-01,HRIS-WKR-004342,POS-SAL-L3-0158,JOB-SAL-L3-02,Sales L3 Role 02,SAL,L3,Y,0.6,23.4,2021-11-27,
ASN-004343-01,HRIS-WKR-004343,POS-HR-L2-0115,JOB-HR-L2-01,People L2 Role 01,HR,L2,Y,0.8,31.2,2020-12-18,
ASN-004344-01,HRIS-WKR-004344,POS-SAL-L1-0150,JOB-SAL-L1-06,Sales L1 Role 06,SAL,L1,Y,1.0,39.0,2022-11-30,
ASN-004345-01,HRIS-WKR-004345,POS-TEC-L5-0207,JOB-TEC-L5-03,Technology L5 Role 03,TEC,L5,Y,1.0,39.0,2020-09-10,
ASN-004346-01,HRIS-WKR-004346,POS-SAL-L4-0166,JOB-SAL-L4-04,Sales L4 Role 04,SAL,L4,Y,1.0,39.0,2019-06-11,
ASN-004347-01,HRIS-WKR-004347,POS-HR-L2-0120,JOB-HR-L2-06,People L2 Role 06,HR,L2,Y,1.0,39.0,2021-01-29,
ASN-004347-02,HRIS-WKR-004347,POS-SAL-L2-0153,JOB-SAL-L2-03,Sales L2 Role 03,SAL,L2,N,0.2,7.8,2018-04-05,
ASN-004348-01,HRIS-WKR-004348,POS-SAL-L5-0170,JOB-SAL-L5-02,Sales L5 Role 02,SAL,L5,Y,1.0,39.0,2022-01-24,
ASN-004349-01,HRIS-WKR-004349,POS-TEC-L3-0197,JOB-TEC-L3-05,Technology L3 Role 05,TEC,L3,Y,1.0,39.0,2024-02-07,
ASN-004350-01,HRIS-WKR-004350,POS-ENG-L2-0009,JOB-ENG-L2-03,Engineering L2 Role 03,ENG,L2,Y,1.0,39.0,2022-07-29,
ASN-004351-01,HRIS-WKR-004351,POS-FIN-L4-0096,JOB-FIN-L4-06,Finance L4 Role 06,FIN,L4,Y,0.6,23.4,2020-07-02,
ASN-004352-01,HRIS-WKR-004352,POS-HR-L4-0128,JOB-HR-L4-02,People L4 Role 02,HR,L4,Y,0.8,31.2,2019-08-19,
ASN-004352-02,HRIS-WKR-004352,POS-ENG-L5-0026,JOB-ENG-L5-02,Engineering L5 Role 02,ENG,L5,N,0.4,15.6,2021-05-06,
ASN-004353-01,HRIS-WKR-004353,POS-SAL-L5-0174,JOB-SAL-L5-06,Sales L5 Role 06,SAL,L5,Y,1.0,39.0,2021-04-13,
ASN-004354-01,HRIS-WKR-004354,POS-ENG-L5-0030,JOB-ENG-L5-06,Engineering L5 Role 06,ENG,L5,Y,1.0,39.0,2023-01-21,
ASN-004355-01,HRIS-WKR-004355,POS-OPS-L4-0056,JOB-OPS-L4-02,Operations L4 Role 02,OPS,L4,Y,1.0,39.0,2021-03-23,
ASN-004356-01,HRIS-WKR-004356,POS-OPS-L4-0058,JOB-OPS-L4-04,Operations L4 Role 04,OPS,L4,Y,1.0,39.0,2024-05-06,
ASN-004357-01,HRIS-WKR-004357,POS-HR-L2-0119,JOB-HR-L2-05,People L2 Role 05,HR,L2,Y,1.0,39.0,2025-01-01,
ASN-004357-02,HRIS-WKR-004357,POS-HR-L6-0140,JOB-HR-L6-02,People L6 Role 02,HR,L6,N,0.4,15.6,2019-12-01,
ASN-004358-01,HRIS-WKR-004358,POS-HR-L5-0136,JOB-HR-L5-04,People L5 Role 04,HR,L5,Y,1.0,39.0,2023-05-17,
ASN-004359-01,HRIS-WKR-004359,POS-HR-L1-0109,JOB-HR-L1-01,People L1 Role 01,HR,L1,Y,0.6,23.4,2021-10-30,
ASN-004360-01,HRIS-WKR-004360,POS-ENG-L1-0004,JOB-ENG-L1-04,Engineering L1 Role 04,ENG,L1,Y,1.0,39.0,2019-07-14,
ASN-004361-01,HRIS-WKR-004361,POS-TEC-L1-0181,JOB-TEC-L1-01,Technology L1 Role 01,TEC,L1,Y,1.0,39.0,2021-05-14,
ASN-004362-01,HRIS-WKR-004362,POS-FIN-L1-0074,JOB-FIN-L1-02,Finance L1 Role 02,FIN,L1,Y,1.0,39.0,2021-05-11,
ASN-004363-01,HRIS-WKR-004363,POS-HR-L2-0119,JOB-HR-L2-05,People L2 Role 05,HR,L2,Y,0.5,19.5,2020-02-19,
ASN-004364-01,HRIS-WKR-004364,POS-OPS-L6-0070,JOB-OPS-L6-04,Operations L6 Role 04,OPS,L6,Y,1.0,39.0,2021-10-04,
ASN-004365-01,HRIS-WKR-004365,POS-SAL-L1-0148,JOB-SAL-L1-04,Sales L1 Role 04,SAL,L1,Y,1.0,39.0,2024-02-04,
ASN-004366-01,HRIS-WKR-004366,POS-TEC-L2-0188,JOB-TEC-L2-02,Technology L2 Role 02,TEC,L2,Y,1.0,39.0,2024-11-13,
ASN-004367-01,HRIS-WKR-004367,POS-ENG-L5-0029,JOB-ENG-L5-05,Engineering L5 Role 05,ENG,L5,Y,1.0,39.0,2019-03-08,
ASN-004368-01,HRIS-WKR-004368,POS-FIN-L2-0084,JOB-FIN-L2-06,Finance L2 Role 06,FIN,L2,Y,1.0,39.0,2022-12-21,
ASN-004369-01,HRIS-WKR-004369,POS-TEC-L1-0182,JOB-TEC-L1-02,Technology L1 Role 02,TEC,L1,Y,1.0,39.0,2023-08-27,
ASN-004370-01,HRIS-WKR-004370,POS-SAL-L1-0148,JOB-SAL-L1-04,Sales L1 Role 04,SAL,L1,Y,0.8,31.2,2022-09-17,
ASN-004371-01,HRIS-WKR-004371,POS-ENG-L2-0008,JOB-ENG-L2-02,Engineering L2 Role 02,ENG,L2,Y,1.0,39.0,2024-09-06,
ASN-004372-01,HRIS-WKR-004372,POS-TEC-L4-0204,JOB-TEC-L4-06,Technology L4 Role 06,TEC,L4,Y,1.0,39.0,2023-02-19,
ASN-004373-01,HRIS-WKR-004373,POS-ENG-L4-0021,JOB-ENG-L4-03,Engineering L4 Role 03,ENG,L4,Y,1.0,39.0,2022-10-19,
ASN-004373-02,HRIS-WKR-004373,POS-HR-L1-0113,JOB-HR-L1-05,People L1 Role 05,HR,L1,N,0.2,7.8,2023-11-01,
ASN-004374-01,HRIS-WKR-004374,POS-SAL-L5-0172,JOB-SAL-L5-04,Sales L5 Role 04,SAL,L5,Y,1.0,39.0,2020-04-09,
ASN-004375-01,HRIS-WKR-004375,POS-SAL-L4-0164,JOB-SAL-L4-02,Sales L4 Role 02,SAL,L6,Y,1.0,39.0,2021-11-27,
ASN-004376-01,HRIS-WKR-004376,POS-HR-L6-0139,JOB-HR-L6-01,People L6 Role 01,HR,L6,Y,1.0,39.0,2024-08-02,
ASN-004376-02,HRIS-WKR-004376,POS-FIN-L5-0102,JOB-FIN-L5-06,Finance L5 Role 06,FIN,L5,N,0.2,7.8,2020-08-30,
ASN-004377-01,HRIS-WKR-004377,POS-HR-L4-0130,JOB-HR-L4-04,People L4 Role 04,HR,L4,Y,1.0,39.0,2025-09-29,
ASN-004378-01,HRIS-WKR-004378,POS-TEC-L2-0188,JOB-TEC-L2-02,Technology L2 Role 02,TEC,L2,Y,1.0,39.0,2018-12-10,
ASN-004379-01,HRIS-WKR-004379,POS-OPS-L3-0052,JOB-OPS-L3-04,Operations L3 Role 04,OPS,L3,Y,1.0,39.0,2021-10-26,
ASN-004380-01,HRIS-WKR-004380,POS-TEC-L4-0204,JOB-TEC-L4-06,Technology L4 Role 06,TEC,L4,Y,1.0,39.0,2024-10-18,
ASN-004381-01,HRIS-WKR-004381,POS-FIN-L5-0101,JOB-FIN-L5-05,Finance L5 Role 05,FIN,L5,Y,1.0,39.0,2021-10-20,
ASN-004381-02,HRIS-WKR-004381,POS-HR-L5-0136,JOB-HR-L5-04,People L5 Role 04,HR,L5,N,0.3,11.7,2020-02-08,
ASN-004382-01,HRIS-WKR-004382,POS-OPS-L4-0055,JOB-OPS-L4-01,Operations L4 Role 01,OPS,L4,Y,1.0,39.0,2024-02-23,
ASN-004383-01,HRIS-WKR-004383,POS-FIN-L2-0081,JOB-FIN-L2-03,Finance L2 Role 03,FIN,L2,Y,1.0,39.0,2022-04-02,
ASN-004384-01,HRIS-WKR-004384,POS-FIN-L6-0104,JOB-FIN-L6-02,Finance L6 Role 02,FIN,L6,Y,1.0,39.0,2022-11-10,
ASN-004385-01,HRIS-WKR-004385,POS-TEC-L5-0207,JOB-TEC-L5-03,Technology L5 Role 03,TEC,L5,Y,1.0,39.0,2019-01-23,
ASN-004386-01,HRIS-WKR-004386,POS-FIN-L2-0083,JOB-FIN-L2-05,Finance L2 Role 05,FIN,L2,Y,1.0,39.0,2022-12-26,
ASN-004386-02,HRIS-WKR-004386,POS-ENG-L3-0014,JOB-ENG-L3-02,Engineering L3 Role 02,ENG,L3,N,0.4,15.6,2022-04-24,
ASN-004387-01,HRIS-WKR-004387,POS-HR-L5-0133,JOB-HR-L5-01,People L5 Role 01,HR,L5,Y,1.0,39.0,2021-09-07,
ASN-004388-01,HRIS-WKR-004388,POS-HR-L4-0130,JOB-HR-L4-04,People L4 Role 04,HR,L4,Y,1.0,39.0,2019-07-17,
ASN-004389-01,HRIS-WKR-004389,POS-ENG-L3-0017,JOB-ENG-L3-05,Engineering L3 Role 05,ENG,L3,Y,1.0,39.0,2023-05-17,
ASN-004390-01,HRIS-WKR-004390,POS-FIN-L4-0094,JOB-FIN-L4-04,Finance L4 Role 04,FIN,L4,Y,1.0,39.0,2023-11-22,
ASN-004391-01,HRIS-WKR-004391,POS-FIN-L1-0076,JOB-FIN-L1-04,Finance L1 Role 04,FIN,L1,Y,1.0,39.0,2026-01-12,
ASN-004392-01,HRIS-WKR-004392,POS-TEC-L1-0182,JOB-TEC-L1-02,Technology L1 Role 02,TEC,L1,Y,0.5,19.5,2022-11-12,
ASN-004393-01,HRIS-WKR-004393,POS-ENG-L1-0006,JOB-ENG-L1-06,Engineering L1 Role 06,ENG,L1,Y,0.6,23.4,2020-02-13,
ASN-004394-01,HRIS-WKR-004394,POS-FIN-L4-0093,JOB-FIN-L4-03,Finance L4 Role 03,FIN,L4,Y,0.8,31.2,2022-12-02,
ASN-004395-01,HRIS-WKR-004395,POS-TEC-L3-0198,JOB-TEC-L3-06,Technology L3 Role 06,TEC,L1,Y,0.5,19.5,2020-03-01,
ASN-004395-02,HRIS-WKR-004395,POS-TEC-L1-0186,JOB-TEC-L1-06,Technology L1 Role 06,TEC,L1,N,0.3,11.7,2019-12-20,
ASN-004396-01,HRIS-WKR-004396,POS-ENG-L2-0008,JOB-ENG-L2-02,Engineering L2 Role 02,ENG,L2,Y,0.8,31.2,2024-09-22,
ASN-004397-01,HRIS-WKR-004397,POS-OPS-L1-0039,JOB-OPS-L1-03,Operations L1 Role 03,OPS,L1,Y,1.0,39.0,2019-11-13,
ASN-004398-01,HRIS-WKR-004398,POS-FIN-L6-0104,JOB-FIN-L6-02,Finance L6 Role 02,FIN,L6,Y,1.0,39.0,2020-05-06,
ASN-004399-01,HRIS-WKR-004399,POS-HR-L5-0138,JOB-HR-L5-06,People L5 Role 06,HR,L5,Y,1.0,39.0,2020-04-21,
ASN-004400-01,HRIS-WKR-004400,POS-SAL-L4-0167,JOB-SAL-L4-05,Sales L4 Role 05,SAL,L4,Y,1.0,39.0,2023-06-24,
ASN-004401-01,HRIS-WKR-004401,POS-HR-L3-0124,JOB-HR-L3-04,People L3 Role 04,HR,L3,Y,1.0,39.0,2021-03-30,
ASN-004402-01,HRIS-WKR-004402,POS-FIN-L1-0077,JOB-FIN-L1-05,Finance L1 Role 05,FIN,L1,Y,1.0,39.0,2018-08-01,
ASN-004403-01,HRIS-WKR-004403,POS-FIN-L3-0088,JOB-FIN-L3-04,Finance L3 Role 04,FIN,L3,Y,0.5,19.5,2026-02-01,
ASN-004404-01,HRIS-WKR-004404,POS-HR-L1-0111,JOB-HR-L1-03,People L1 Role 03,HR,L1,Y,,,2020-12-15,
ASN-004405-01,HRIS-WKR-004405,POS-FIN-L2-0084,JOB-FIN-L2-06,Finance L2 Role 06,FIN,L2,Y,0.8,31.2,2020-05-14,
ASN-004406-01,HRIS-WKR-004406,POS-OPS-L1-0038,JOB-OPS-L1-02,Operations L1 Role 02,OPS,L1,Y,1.0,39.0,2020-11-03,
ASN-004407-01,HRIS-WKR-004407,POS-FIN-L4-0093,JOB-FIN-L4-03,Finance L4 Role 03,FIN,L4,Y,1.0,39.0,2018-11-27,
ASN-004408-01,HRIS-WKR-004408,POS-SAL-L3-0159,JOB-SAL-L3-03,Sales L3 Role 03,SAL,L3,Y,0.8,31.2,2023-11-05,
ASN-004409-01,HRIS-WKR-004409,POS-SAL-L5-0169,JOB-SAL-L5-01,Sales L5 Role 01,SAL,L5,Y,1.0,39.0,2023-11-07,
ASN-004410-01,HRIS-WKR-004410,POS-ENG-L2-0008,JOB-ENG-L2-02,Engineering L2 Role 02,ENG,L2,Y,1.0,39.0,2025-02-16,
ASN-004411-01,HRIS-WKR-004411,POS-FIN-L1-0075,JOB-FIN-L1-03,Finance L1 Role 03,FIN,L1,Y,1.0,39.0,2018-01-10,
ASN-004412-01,HRIS-WKR-004412,POS-OPS-L5-0063,JOB-OPS-L5-03,Operations L5 Role 03,OPS,L5,Y,1.0,39.0,2020-07-23,
ASN-004413-01,HRIS-WKR-004413,POS-HR-L5-0138,JOB-HR-L5-06,People L5 Role 06,HR,L5,Y,1.0,39.0,2024-05-23,
ASN-004413-02,HRIS-WKR-004413,POS-OPS-L2-0043,JOB-OPS-L2-01,Operations L2 Role 01,OPS,L2,N,0.2,7.8,2021-11-20,
ASN-004414-01,HRIS-WKR-004414,POS-SAL-L1-0147,JOB-SAL-L1-03,Sales L1 Role 03,SAL,L1,Y,0.4,15.6,2021-04-18,
ASN-004415-01,HRIS-WKR-004415,POS-ENG-L2-0008,JOB-ENG-L2-02,Engineering L2 Role 02,ENG,L2,Y,0.8,31.2,2019-02-20,
ASN-004416-01,HRIS-WKR-004416,POS-TEC-L1-0185,JOB-TEC-L1-05,Technology L1 Role 05,TEC,L1,Y,1.0,39.0,2023-03-03,
ASN-004417-01,HRIS-WKR-004417,POS-OPS-L3-0053,JOB-OPS-L3-05,Operations L3 Role 05,OPS,L3,Y,1.0,39.0,2020-09-05,
ASN-004418-01,HRIS-WKR-004418,POS-HR-L5-0136,JOB-HR-L5-04,People L5 Role 04,HR,L5,Y,0.5,19.5,2018-09-04,
ASN-004419-01,HRIS-WKR-004419,POS-ENG-L6-0033,JOB-ENG-L6-03,Engineering L6 Role 03,ENG,L6,Y,1.0,39.0,2025-07-11,
ASN-004420-01,HRIS-WKR-004420,POS-SAL-L6-0178,JOB-SAL-L6-04,Sales L6 Role 04,SAL,L6,Y,1.0,39.0,2024-09-21,
ASN-004421-01,HRIS-WKR-004421,POS-HR-L3-0125,JOB-HR-L3-05,People L3 Role 05,HR,L3,Y,1.0,39.0,2021-03-03,
ASN-004422-01,HRIS-WKR-004422,POS-OPS-L4-0058,JOB-OPS-L4-04,Operations L4 Role 04,OPS,L4,Y,1.0,39.0,2024-03-14,
ASN-004423-01,HRIS-WKR-004423,POS-OPS-L3-0053,JOB-OPS-L3-05,Operations L3 Role 05,OPS,L3,Y,1.0,39.0,2019-03-27,
ASN-004424-01,HRIS-WKR-004424,POS-HR-L2-0120,JOB-HR-L2-06,People L2 Role 06,HR,L2,Y,0.8,31.2,2023-03-29,
ASN-004425-01,HRIS-WKR-004425,POS-FIN-L3-0089,JOB-FIN-L3-05,Finance L3 Role 05,FIN,L3,Y,1.0,39.0,2022-11-16,
ASN-004426-01,HRIS-WKR-004426,POS-OPS-L4-0057,JOB-OPS-L4-03,Operations L4 Role 03,OPS,L4,Y,1.0,39.0,2019-03-16,
ASN-004427-01,HRIS-WKR-004427,POS-SAL-L5-0172,JOB-SAL-L5-04,Sales L5 Role 04,SAL,L5,Y,0.8,31.2,2024-05-13,
ASN-004428-01,HRIS-WKR-004428,POS-OPS-L3-0050,JOB-OPS-L3-02,Operations L3 Role 02,OPS,L3,Y,,,2019-10-02,
ASN-004429-01,HRIS-WKR-004429,POS-ENG-L4-0022,JOB-ENG-L4-04,Engineering L4 Role 04,ENG,L4,Y,0.6,23.4,2018-04-22,
ASN-004430-01,HRIS-WKR-004430,POS-OPS-L4-0055,JOB-OPS-L4-01,Operations L4 Role 01,OPS,L4,Y,1.0,39.0,2020-12-06,
ASN-004431-01,HRIS-WKR-004431,POS-OPS-L5-0061,JOB-OPS-L5-01,Operations L5 Role 01,OPS,L5,Y,1.0,39.0,2025-12-10,
ASN-004432-01,HRIS-WKR-004432,POS-FIN-L1-0077,JOB-FIN-L1-05,Finance L1 Role 05,FIN,L1,Y,1.0,39.0,2023-01-06,
ASN-004433-01,HRIS-WKR-004433,POS-HR-L5-0135,JOB-HR-L5-03,People L5 Role 03,HR,L5,Y,1.0,39.0,2021-11-20,
ASN-004434-01,HRIS-WKR-004434,POS-SAL-L6-0177,JOB-SAL-L6-03,Sales L6 Role 03,SAL,L6,Y,1.0,39.0,2021-06-23,
ASN-004435-01,HRIS-WKR-004435,POS-TEC-L4-0203,JOB-TEC-L4-05,Technology L4 Role 05,TEC,L4,Y,1.0,39.0,2023-10-29,
ASN-004436-01,HRIS-WKR-004436,POS-HR-L1-0110,JOB-HR-L1-02,People L1 Role 02,HR,L1,Y,0.8,31.2,2018-06-03,
ASN-004437-01,HRIS-WKR-004437,POS-OPS-L5-0061,JOB-OPS-L5-01,Operations L5 Role 01,OPS,L5,Y,0.8,31.2,2023-07-24,
ASN-004438-01,HRIS-WKR-004438,POS-TEC-L5-0209,JOB-TEC-L5-05,Technology L5 Role 05,TEC,L5,Y,1.0,39.0,2019-01-10,
ASN-004439-01,HRIS-WKR-004439,POS-OPS-L3-0054,JOB-OPS-L3-06,Operations L3 Role 06,OPS,L3,Y,1.0,39.0,2021-04-19,
ASN-004440-01,HRIS-WKR-004440,POS-HR-L5-0137,JOB-HR-L5-05,People L5 Role 05,HR,L5,Y,1.0,39.0,2020-02-29,
ASN-004441-01,HRIS-WKR-004441,POS-FIN-L6-0105,JOB-FIN-L6-03,Finance L6 Role 03,FIN,L6,Y,0.6,23.4,2018-07-23,
ASN-004442-01,HRIS-WKR-004442,POS-OPS-L6-0069,JOB-OPS-L6-03,Operations L6 Role 03,OPS,L6,Y,1.0,39.0,2018-05-15,
ASN-004443-01,HRIS-WKR-004443,POS-ENG-L2-0011,JOB-ENG-L2-05,Engineering L2 Role 05,ENG,L2,Y,1.0,39.0,2025-09-17,
ASN-004443-02,HRIS-WKR-004443,POS-FIN-L2-0080,JOB-FIN-L2-02,Finance L2 Role 02,FIN,L2,N,0.4,15.6,2019-01-16,
ASN-004444-01,HRIS-WKR-004444,POS-TEC-L5-0209,JOB-TEC-L5-05,Technology L5 Role 05,TEC,L5,Y,1.0,39.0,2023-11-11,
ASN-004445-01,HRIS-WKR-004445,POS-ENG-L4-0024,JOB-ENG-L4-06,Engineering L4 Role 06,ENG,L4,Y,1.0,39.0,2024-09-30,
ASN-004446-01,HRIS-WKR-004446,POS-OPS-L2-0046,JOB-OPS-L2-04,Operations L2 Role 04,OPS,L2,Y,1.0,39.0,2025-01-28,
ASN-004447-01,HRIS-WKR-004447,POS-TEC-L2-0190,JOB-TEC-L2-04,Technology L2 Role 04,TEC,L2,Y,1.0,39.0,2024-11-22,
ASN-004448-01,HRIS-WKR-004448,POS-OPS-L4-0059,JOB-OPS-L4-05,Operations L4 Role 05,OPS,L4,Y,0.6,23.4,2019-11-16,
ASN-004449-01,HRIS-WKR-004449,POS-SAL-L4-0164,JOB-SAL-L4-02,Sales L4 Role 02,SAL,L4,Y,0.8,31.2,2019-05-08,
ASN-004450-01,HRIS-WKR-004450,POS-ENG-L4-0023,JOB-ENG-L4-05,Engineering L4 Role 05,ENG,L4,Y,1.0,39.0,2022-04-01,
ASN-004451-01,HRIS-WKR-004451,POS-TEC-L4-0202,JOB-TEC-L4-04,Technology L4 Role 04,TEC,L4,Y,0.6,23.4,2020-12-05,
ASN-004452-01,HRIS-WKR-004452,POS-OPS-L1-0037,JOB-OPS-L1-01,Operations L1 Role 01,OPS,L1,Y,1.0,39.0,2018-08-10,
ASN-004453-01,HRIS-WKR-004453,POS-SAL-L3-0161,JOB-SAL-L3-05,Sales L3 Role 05,SAL,L3,Y,1.0,39.0,2022-07-01,
ASN-004454-01,HRIS-WKR-004454,POS-HR-L2-0115,JOB-HR-L2-01,People L2 Role 01,HR,L2,Y,0.5,19.5,2022-05-04,
ASN-004455-01,HRIS-WKR-004455,POS-FIN-L4-0093,JOB-FIN-L4-03,Finance L4 Role 03,FIN,L4,Y,1.0,39.0,2020-02-24,
ASN-004455-02,HRIS-WKR-004455,POS-FIN-L2-0084,JOB-FIN-L2-06,Finance L2 Role 06,FIN,L2,N,0.3,11.7,2020-10-27,
ASN-004456-01,HRIS-WKR-004456,POS-ENG-L4-0023,JOB-ENG-L4-05,Engineering L4 Role 05,ENG,L4,Y,1.0,39.0,2021-04-13,
ASN-004457-01,HRIS-WKR-004457,POS-TEC-L5-0205,JOB-TEC-L5-01,Technology L5 Role 01,TEC,L5,Y,1.0,39.0,2021-04-21,
ASN-004458-01,HRIS-WKR-004458,POS-SAL-L2-0156,JOB-SAL-L2-06,Sales L2 Role 06,SAL,L2,Y,1.0,39.0,2023-10-12,
ASN-004459-01,HRIS-WKR-004459,POS-SAL-L3-0159,JOB-SAL-L3-03,Sales L3 Role 03,SAL,L3,Y,1.0,39.0,2021-09-17,
ASN-004460-01,HRIS-WKR-004460,POS-ENG-L4-0019,JOB-ENG-L4-01,Engineering L4 Role 01,ENG,L4,Y,1.0,39.0,2024-02-21,
ASN-004460-02,HRIS-WKR-004460,POS-HR-L1-0113,JOB-HR-L1-05,People L1 Role 05,HR,L1,N,0.3,11.7,2018-02-12,
ASN-004461-01,HRIS-WKR-004461,POS-OPS-L2-0045,JOB-OPS-L2-03,Operations L2 Role 03,OPS,L2,Y,1.0,39.0,2024-02-22,
ASN-004462-01,HRIS-WKR-004462,POS-ENG-L2-0012,JOB-ENG-L2-06,Engineering L2 Role 06,ENG,L2,Y,1.0,39.0,2025-04-26,
ASN-004462-02,HRIS-WKR-004462,POS-TEC-L1-0184,JOB-TEC-L1-04,Technology L1 Role 04,TEC,L1,N,0.4,15.6,2019-05-10,
ASN-004463-01,HRIS-WKR-004463,POS-SAL-L5-0174,JOB-SAL-L5-06,Sales L5 Role 06,SAL,L6,Y,0.6,23.4,2022-06-01,
ASN-004464-01,HRIS-WKR-004464,POS-HR-L1-0113,JOB-HR-L1-05,People L1 Role 05,HR,L1,Y,1.0,39.0,2025-08-07,
ASN-004464-02,HRIS-WKR-004464,POS-FIN-L2-0083,JOB-FIN-L2-05,Finance L2 Role 05,FIN,L2,N,0.3,11.7,2018-10-29,
ASN-004465-01,HRIS-WKR-004465,POS-TEC-L1-0182,JOB-TEC-L1-02,Technology L1 Role 02,TEC,L1,Y,1.0,39.0,2019-12-01,
ASN-004466-01,HRIS-WKR-004466,POS-OPS-L4-0056,JOB-OPS-L4-02,Operations L4 Role 02,OPS,L4,Y,1.0,39.0,2021-05-23,
ASN-004467-01,HRIS-WKR-004467,POS-TEC-L5-0205,JOB-TEC-L5-01,Technology L5 Role 01,TEC,L5,Y,0.6,23.4,2020-05-04,
ASN-004468-01,HRIS-WKR-004468,POS-OPS-L2-0048,JOB-OPS-L2-06,Operations L2 Role 06,OPS,L2,Y,0.4,15.6,2019-05-28,
ASN-004469-01,HRIS-WKR-004469,POS-OPS-L3-0052,JOB-OPS-L3-04,Operations L3 Role 04,OPS,L3,Y,1.0,39.0,2025-09-17,
ASN-004469-02,HRIS-WKR-004469,POS-TEC-L2-0191,JOB-TEC-L2-05,Technology L2 Role 05,TEC,L2,N,0.4,15.6,2021-04-28,
ASN-004470-01,HRIS-WKR-004470,POS-HR-L3-0123,JOB-HR-L3-03,People L3 Role 03,HR,L1,Y,1.0,39.0,2020-04-09,
ASN-004471-01,HRIS-WKR-004471,POS-HR-L4-0131,JOB-HR-L4-05,People L4 Role 05,HR,L4,Y,1.0,39.0,2022-01-26,
ASN-004472-01,HRIS-WKR-004472,POS-TEC-L2-0187,JOB-TEC-L2-01,Technology L2 Role 01,TEC,L2,Y,1.0,39.0,2025-08-03,
ASN-004473-01,HRIS-WKR-004473,POS-SAL-L4-0168,JOB-SAL-L4-06,Sales L4 Role 06,SAL,L4,Y,1.0,39.0,2025-07-28,
ASN-004474-01,HRIS-WKR-004474,POS-FIN-L1-0078,JOB-FIN-L1-06,Finance L1 Role 06,FIN,L1,Y,0.8,31.2,2023-12-15,
ASN-004475-01,HRIS-WKR-004475,POS-OPS-L4-0060,JOB-OPS-L4-06,Operations L4 Role 06,OPS,L4,Y,,,2018-06-28,
ASN-004476-01,HRIS-WKR-004476,POS-FIN-L5-0100,JOB-FIN-L5-04,Finance L5 Role 04,FIN,L5,Y,1.0,39.0,2018-09-20,
ASN-004477-01,HRIS-WKR-004477,POS-TEC-L3-0197,JOB-TEC-L3-05,Technology L3 Role 05,TEC,L3,Y,1.0,39.0,2025-03-02,
ASN-004478-01,HRIS-WKR-004478,POS-TEC-L6-0214,JOB-TEC-L6-04,Technology L6 Role 04,TEC,L6,Y,0.8,31.2,2021-07-07,
ASN-004478-02,HRIS-WKR-004478,POS-OPS-L1-0038,JOB-OPS-L1-02,Operations L1 Role 02,OPS,L1,N,0.2,7.8,2023-07-15,
ASN-004479-01,HRIS-WKR-004479,POS-SAL-L2-0155,JOB-SAL-L2-05,Sales L2 Role 05,SAL,L2,Y,0.4,15.6,2024-10-11,
ASN-004480-01,HRIS-WKR-004480,POS-ENG-L6-0036,JOB-ENG-L6-06,Engineering L6 Role 06,ENG,L6,Y,1.0,39.0,2025-06-27,
ASN-004481-01,HRIS-WKR-004481,POS-FIN-L4-0092,JOB-FIN-L4-02,Finance L4 Role 02,FIN,L4,Y,1.0,39.0,2020-05-24,
ASN-004482-01,HRIS-WKR-004482,POS-ENG-L3-0013,JOB-ENG-L3-01,Engineering L3 Role 01,ENG,L3,Y,1.0,39.0,2020-03-12,
ASN-004483-01,HRIS-WKR-004483,POS-OPS-L6-0070,JOB-OPS-L6-04,Operations L6 Role 04,OPS,L6,Y,1.0,39.0,2018-05-11,
ASN-004484-01,HRIS-WKR-004484,POS-FIN-L6-0108,JOB-FIN-L6-06,Finance L6 Role 06,FIN,L6,Y,1.0,39.0,2025-10-18,
ASN-004485-01,HRIS-WKR-004485,POS-TEC-L2-0191,JOB-TEC-L2-05,Technology L2 Role 05,TEC,L2,Y,,,2025-12-05,
ASN-004486-01,HRIS-WKR-004486,POS-HR-L4-0128,JOB-HR-L4-02,People L4 Role 02,HR,L4,Y,1.0,39.0,2021-08-09,
ASN-004487-01,HRIS-WKR-004487,POS-TEC-L3-0198,JOB-TEC-L3-06,Technology L3 Role 06,TEC,L3,Y,1.0,39.0,2024-04-04,
ASN-004488-01,HRIS-WKR-004488,POS-SAL-L5-0173,JOB-SAL-L5-05,Sales L5 Role 05,SAL,L5,Y,1.0,39.0,2020-02-19,
ASN-004489-01,HRIS-WKR-004489,POS-SAL-L4-0164,JOB-SAL-L4-02,Sales L4 Role 02,SAL,L4,Y,1.0,39.0,2022-01-19,
ASN-004489-02,HRIS-WKR-004489,POS-SAL-L4-0168,JOB-SAL-L4-06,Sales L4 Role 06,SAL,L4,N,0.3,11.7,2018-10-28,
ASN-004490-01,HRIS-WKR-004490,POS-OPS-L1-0037,JOB-OPS-L1-01,Operations L1 Role 01,OPS,L1,Y,1.0,39.0,2025-10-31,
ASN-004491-01,HRIS-WKR-004491,POS-ENG-L6-0032,JOB-ENG-L6-02,Engineering L6 Role 02,ENG,L6,Y,0.8,31.2,2024-08-06,
ASN-004492-01,HRIS-WKR-004492,POS-TEC-L2-0189,JOB-TEC-L2-03,Technology L2 Role 03,TEC,L2,Y,1.0,39.0,2023-07-23,
ASN-004493-01,HRIS-WKR-004493,POS-TEC-L1-0181,JOB-TEC-L1-01,Technology L1 Role 01,TEC,L1,Y,1.0,39.0,2023-04-10,
ASN-004493-02,HRIS-WKR-004493,POS-SAL-L2-0156,JOB-SAL-L2-06,Sales L2 Role 06,SAL,L2,N,0.4,15.6,2024-12-05,
ASN-004494-01,HRIS-WKR-004494,POS-TEC-L2-0192,JOB-TEC-L2-06,Technology L2 Role 06,TEC,L2,Y,1.0,39.0,2022-10-10,
ASN-004495-01,HRIS-WKR-004495,POS-SAL-L5-0169,JOB-SAL-L5-01,Sales L5 Role 01,SAL,L5,Y,1.0,39.0,2025-09-07,
ASN-004496-01,HRIS-WKR-004496,POS-TEC-L6-0215,JOB-TEC-L6-05,Technology L6 Role 05,TEC,L6,Y,0.8,31.2,2022-04-30,
ASN-004497-01,HRIS-WKR-004497,POS-OPS-L1-0041,JOB-OPS-L1-05,Operations L1 Role 05,OPS,L1,Y,1.0,39.0,2019-10-01,
ASN-004497-02,HRIS-WKR-004497,POS-SAL-L1-0147,JOB-SAL-L1-03,Sales L1 Role 03,SAL,L1,N,0.2,7.8,2025-05-09,
ASN-004498-01,HRIS-WKR-004498,POS-ENG-L6-0033,JOB-ENG-L6-03,Engineering L6 Role 03,ENG,L6,Y,0.4,15.6,2025-03-13,
ASN-004498-02,HRIS-WKR-004498,POS-HR-L5-0137,JOB-HR-L5-05,People L5 Role 05,HR,L5,N,0.4,15.6,2022-11-10,
ASN-004499-01,HRIS-WKR-004499,POS-TEC-L1-0183,JOB-TEC-L1-03,Technology L1 Role 03,TEC,L1,Y,1.0,39.0,2025-10-28,
ASN-004500-01,HRIS-WKR-004500,POS-FIN-L5-0102,JOB-FIN-L5-06,Finance L5 Role 06,FIN,L5,Y,1.0,39.0,2018-12-22,
ASN-004501-01,HRIS-WKR-004501,POS-TEC-L2-0189,JOB-TEC-L2-03,Technology L2 Role 03,TEC,L2,Y,1.0,39.0,2019-08-01,
ASN-004502-01,HRIS-WKR-004502,POS-FIN-L1-0073,JOB-FIN-L1-01,Finance L1 Role 01,FIN,L1,Y,1.0,39.0,2019-05-30,
ASN-004503-01,HRIS-WKR-004503,POS-TEC-L4-0202,JOB-TEC-L4-04,Technology L4 Role 04,TEC,L4,Y,1.0,39.0,2024-03-25,
ASN-004504-01,HRIS-WKR-004504,POS-HR-L4-0127,JOB-HR-L4-01,People L4 Role 01,HR,L4,Y,1.0,39.0,2024-05-16,
ASN-004505-01,HRIS-WKR-004505,POS-SAL-L6-0176,JOB-SAL-L6-02,Sales L6 Role 02,SAL,L6,Y,1.0,39.0,2021-12-27,
ASN-004506-01,HRIS-WKR-004506,POS-ENG-L4-0019,JOB-ENG-L4-01,Engineering L4 Role 01,ENG,L4,Y,1.0,39.0,2021-03-18,
ASN-004507-01,HRIS-WKR-004507,POS-SAL-L5-0174,JOB-SAL-L5-06,Sales L5 Role 06,SAL,L5,Y,1.0,39.0,2025-01-06,
ASN-004508-01,HRIS-WKR-004508,POS-ENG-L6-0032,JOB-ENG-L6-02,Engineering L6 Role 02,ENG,L6,Y,0.8,31.2,2023-05-23,
ASN-004509-01,HRIS-WKR-004509,POS-FIN-L3-0085,JOB-FIN-L3-01,Finance L3 Role 01,FIN,L3,Y,1.0,39.0,2025-04-27,
ASN-004510-01,HRIS-WKR-004510,POS-OPS-L5-0063,JOB-OPS-L5-03,Operations L5 Role 03,OPS,L5,Y,1.0,39.0,2020-01-14,
ASN-004511-01,HRIS-WKR-004511,POS-ENG-L5-0026,JOB-ENG-L5-02,Engineering L5 Role 02,ENG,L5,Y,0.8,31.2,2025-12-12,
ASN-004512-01,HRIS-WKR-004512,POS-HR-L2-0117,JOB-HR-L2-03,People L2 Role 03,HR,L2,Y,1.0,39.0,2024-02-23,
ASN-004513-01,HRIS-WKR-004513,POS-FIN-L3-0089,JOB-FIN-L3-05,Finance L3 Role 05,FIN,L3,Y,1.0,39.0,2020-04-10,
ASN-004514-01,HRIS-WKR-004514,POS-HR-L3-0121,JOB-HR-L3-01,People L3 Role 01,HR,L3,Y,0.5,19.5,2020-05-06,
ASN-004515-01,HRIS-WKR-004515,POS-SAL-L1-0147,JOB-SAL-L1-03,Sales L1 Role 03,SAL,L1,Y,1.0,39.0,2019-12-31,
ASN-004516-01,HRIS-WKR-004516,POS-SAL-L5-0170,JOB-SAL-L5-02,Sales L5 Role 02,SAL,L5,Y,1.0,39.0,2018-03-12,
ASN-004517-01,HRIS-WKR-004517,POS-SAL-L2-0153,JOB-SAL-L2-03,Sales L2 Role 03,SAL,L2,Y,1.0,39.0,2022-11-10,
ASN-004518-01,HRIS-WKR-004518,POS-HR-L5-0133,JOB-HR-L5-01,People L5 Role 01,HR,L5,Y,0.4,15.6,2018-10-03,
ASN-004518-02,HRIS-WKR-004518,POS-ENG-L5-0029,JOB-ENG-L5-05,Engineering L5 Role 05,ENG,L5,N,0.2,7.8,2022-01-12,
ASN-004519-01,HRIS-WKR-004519,POS-ENG-L5-0029,JOB-ENG-L5-05,Engineering L5 Role 05,ENG,L5,Y,1.0,39.0,2019-03-07,
ASN-004519-02,HRIS-WKR-004519,POS-OPS-L5-0061,JOB-OPS-L5-01,Operations L5 Role 01,OPS,L5,N,0.2,7.8,2023-01-30,
ASN-004520-01,HRIS-WKR-004520,POS-ENG-L5-0030,JOB-ENG-L5-06,Engineering L5 Role 06,ENG,L5,Y,1.0,39.0,2023-11-18,
ASN-004521-01,HRIS-WKR-004521,POS-FIN-L3-0090,JOB-FIN-L3-06,Finance L3 Role 06,FIN,L3,Y,1.0,39.0,2022-04-02,
ASN-004522-01,HRIS-WKR-004522,POS-HR-L2-0117,JOB-HR-L2-03,People L2 Role 03,HR,L2,Y,1.0,39.0,2019-10-17,
ASN-004523-01,HRIS-WKR-004523,POS-HR-L6-0140,JOB-HR-L6-02,People L6 Role 02,HR,L6,Y,1.0,39.0,2023-11-11,
ASN-004523-02,HRIS-WKR-004523,POS-SAL-L4-0167,JOB-SAL-L4-05,Sales L4 Role 05,SAL,L4,N,0.4,15.6,2023-11-03,
ASN-004524-01,HRIS-WKR-004524,POS-OPS-L5-0064,JOB-OPS-L5-04,Operations L5 Role 04,OPS,L5,Y,1.0,39.0,2020-04-14,
ASN-004525-01,HRIS-WKR-004525,POS-FIN-L5-0100,JOB-FIN-L5-04,Finance L5 Role 04,FIN,L5,Y,1.0,39.0,2019-05-29,
ASN-004526-01,HRIS-WKR-004526,POS-OPS-L6-0067,JOB-OPS-L6-01,Operations L6 Role 01,OPS,L6,Y,1.0,39.0,2025-09-13,
ASN-004527-01,HRIS-WKR-004527,POS-OPS-L2-0044,JOB-OPS-L2-02,Operations L2 Role 02,OPS,L2,Y,1.0,39.0,2024-05-20,
ASN-004528-01,HRIS-WKR-004528,POS-FIN-L5-0102,JOB-FIN-L5-06,Finance L5 Role 06,FIN,L5,Y,0.6,23.4,2024-12-19,
ASN-004529-01,HRIS-WKR-004529,POS-TEC-L2-0192,JOB-TEC-L2-06,Technology L2 Role 06,TEC,L2,Y,1.0,39.0,2024-02-25,
ASN-004530-01,HRIS-WKR-004530,POS-ENG-L5-0028,JOB-ENG-L5-04,Engineering L5 Role 04,ENG,L5,Y,,,2021-08-30,
ASN-004531-01,HRIS-WKR-004531,POS-ENG-L1-0004,JOB-ENG-L1-04,Engineering L1 Role 04,ENG,L1,Y,1.0,39.0,2021-08-14,
ASN-004532-01,HRIS-WKR-004532,POS-SAL-L4-0165,JOB-SAL-L4-03,Sales L4 Role 03,SAL,L4,Y,1.0,39.0,2019-05-06,
ASN-004533-01,HRIS-WKR-004533,POS-ENG-L2-0008,JOB-ENG-L2-02,Engineering L2 Role 02,ENG,L2,Y,1.0,39.0,2020-05-03,
ASN-004534-01,HRIS-WKR-004534,POS-SAL-L6-0175,JOB-SAL-L6-01,Sales L6 Role 01,SAL,L6,Y,1.0,39.0,2021-08-31,
ASN-004535-01,HRIS-WKR-004535,POS-FIN-L1-0078,JOB-FIN-L1-06,Finance L1 Role 06,FIN,L1,Y,1.0,39.0,2020-09-13,
ASN-004536-01,HRIS-WKR-004536,POS-SAL-L3-0160,JOB-SAL-L3-04,Sales L3 Role 04,SAL,L3,Y,0.8,31.2,2021-06-29,
ASN-004537-01,HRIS-WKR-004537,POS-OPS-L3-0053,JOB-OPS-L3-05,Operations L3 Role 05,OPS,L3,Y,0.8,31.2,2022-11-22,
ASN-004538-01,HRIS-WKR-004538,POS-FIN-L2-0082,JOB-FIN-L2-04,Finance L2 Role 04,FIN,L2,Y,1.0,39.0,2020-12-29,
ASN-004539-01,HRIS-WKR-004539,POS-TEC-L1-0186,JOB-TEC-L1-06,Technology L1 Role 06,TEC,L1,Y,1.0,39.0,2023-04-09,
ASN-004539-02,HRIS-WKR-004539,POS-FIN-L5-0100,JOB-FIN-L5-04,Finance L5 Role 04,FIN,L5,N,0.2,7.8,2021-09-20,
ASN-004540-01,HRIS-WKR-004540,POS-HR-L2-0118,JOB-HR-L2-04,People L2 Role 04,HR,L2,Y,,,2019-01-29,
ASN-004541-01,HRIS-WKR-004541,POS-TEC-L4-0203,JOB-TEC-L4-05,Technology L4 Role 05,TEC,L4,Y,0.6,23.4,2020-06-06,
ASN-004541-02,HRIS-WKR-004541,POS-ENG-L4-0019,JOB-ENG-L4-01,Engineering L4 Role 01,ENG,L4,N,0.4,15.6,2026-01-27,
ASN-004542-01,HRIS-WKR-004542,POS-FIN-L5-0097,JOB-FIN-L5-01,Finance L5 Role 01,FIN,L5,Y,0.8,31.2,2021-11-09,
ASN-004543-01,HRIS-WKR-004543,POS-OPS-L2-0046,JOB-OPS-L2-04,Operations L2 Role 04,OPS,L2,Y,1.0,39.0,2021-09-22,
ASN-004544-01,HRIS-WKR-004544,POS-FIN-L6-0103,JOB-FIN-L6-01,Finance L6 Role 01,FIN,L6,Y,1.0,39.0,2023-12-28,
ASN-004545-01,HRIS-WKR-004545,POS-OPS-L5-0061,JOB-OPS-L5-01,Operations L5 Role 01,OPS,L5,Y,0.8,31.2,2024-09-21,
ASN-004546-01,HRIS-WKR-004546,POS-SAL-L4-0166,JOB-SAL-L4-04,Sales L4 Role 04,SAL,L4,Y,,,2019-07-31,
ASN-004547-01,HRIS-WKR-004547,POS-TEC-L6-0215,JOB-TEC-L6-05,Technology L6 Role 05,TEC,L6,Y,1.0,39.0,2024-06-21,
ASN-004547-02,HRIS-WKR-004547,POS-HR-L2-0115,JOB-HR-L2-01,People L2 Role 01,HR,L2,N,0.2,7.8,2025-10-03,
ASN-004548-01,HRIS-WKR-004548,POS-ENG-L6-0034,JOB-ENG-L6-04,Engineering L6 Role 04,ENG,L6,Y,0.5,19.5,2026-01-21,
ASN-004549-01,HRIS-WKR-004549,POS-FIN-L3-0088,JOB-FIN-L3-04,Finance L3 Role 04,FIN,L3,Y,1.0,39.0,2018-04-23,
ASN-004550-01,HRIS-WKR-004550,POS-HR-L3-0122,JOB-HR-L3-02,People L3 Role 02,HR,L3,Y,1.0,39.0,2020-09-12,
ASN-004551-01,HRIS-WKR-004551,POS-SAL-L6-0179,JOB-SAL-L6-05,Sales L6 Role 05,SAL,L6,Y,1.0,39.0,2024-07-20,
ASN-004552-01,HRIS-WKR-004552,POS-TEC-L1-0182,JOB-TEC-L1-02,Technology L1 Role 02,TEC,L1,Y,1.0,39.0,2019-02-12,
ASN-004553-01,HRIS-WKR-004553,POS-HR-L3-0121,JOB-HR-L3-01,People L3 Role 01,HR,L1,Y,1.0,39.0,2019-08-12,
ASN-004554-01,HRIS-WKR-004554,POS-TEC-L2-0189,JOB-TEC-L2-03,Technology L2 Role 03,TEC,L2,Y,1.0,39.0,2024-08-17,
ASN-004555-01,HRIS-WKR-004555,POS-HR-L4-0130,JOB-HR-L4-04,People L4 Role 04,HR,L4,Y,1.0,39.0,2024-07-22,
ASN-004555-02,HRIS-WKR-004555,POS-OPS-L3-0050,JOB-OPS-L3-02,Operations L3 Role 02,OPS,L3,N,0.2,7.8,2018-11-12,
ASN-004556-01,HRIS-WKR-004556,POS-ENG-L3-0016,JOB-ENG-L3-04,Engineering L3 Role 04,ENG,L3,Y,1.0,39.0,2023-07-27,
ASN-004557-01,HRIS-WKR-004557,POS-OPS-L2-0043,JOB-OPS-L2-01,Operations L2 Role 01,OPS,L2,Y,1.0,39.0,2020-05-09,
ASN-004558-01,HRIS-WKR-004558,POS-FIN-L5-0098,JOB-FIN-L5-02,Finance L5 Role 02,FIN,L5,Y,1.0,39.0,2024-12-13,
ASN-004559-01,HRIS-WKR-004559,POS-ENG-L4-0020,JOB-ENG-L4-02,Engineering L4 Role 02,ENG,L4,Y,0.8,31.2,2025-10-21,
ASN-004560-01,HRIS-WKR-004560,POS-ENG-L2-0007,JOB-ENG-L2-01,Engineering L2 Role 01,ENG,L2,Y,1.0,39.0,2023-01-29,
ASN-004561-01,HRIS-WKR-004561,POS-OPS-L1-0040,JOB-OPS-L1-04,Operations L1 Role 04,OPS,L1,Y,1.0,39.0,2023-09-11,
ASN-004562-01,HRIS-WKR-004562,POS-TEC-L4-0199,JOB-TEC-L4-01,Technology L4 Role 01,TEC,L4,Y,1.0,39.0,2019-09-30,
ASN-004563-01,HRIS-WKR-004563,POS-ENG-L2-0007,JOB-ENG-L2-01,Engineering L2 Role 01,ENG,L2,Y,1.0,39.0,2020-11-19,
ASN-004564-01,HRIS-WKR-004564,POS-ENG-L4-0019,JOB-ENG-L4-01,Engineering L4 Role 01,ENG,L4,Y,0.6,23.4,2024-06-28,
ASN-004565-01,HRIS-WKR-004565,POS-FIN-L2-0082,JOB-FIN-L2-04,Finance L2 Role 04,FIN,L4,Y,1.0,39.0,2024-03-08,
ASN-004566-01,HRIS-WKR-004566,POS-SAL-L5-0169,JOB-SAL-L5-01,Sales L5 Role 01,SAL,L5,Y,0.5,19.5,2021-07-14,
ASN-004567-01,HRIS-WKR-004567,POS-TEC-L3-0193,JOB-TEC-L3-01,Technology L3 Role 01,TEC,L3,Y,1.0,39.0,2024-03-16,
ASN-004568-01,HRIS-WKR-004568,POS-TEC-L5-0210,JOB-TEC-L5-06,Technology L5 Role 06,TEC,L5,Y,1.0,39.0,2021-07-18,
ASN-004569-01,HRIS-WKR-004569,POS-ENG-L3-0013,JOB-ENG-L3-01,Engineering L3 Role 01,ENG,L3,Y,0.8,31.2,2022-02-07,
ASN-004570-01,HRIS-WKR-004570,POS-FIN-L2-0081,JOB-FIN-L2-03,Finance L2 Role 03,FIN,L2,Y,1.0,39.0,2023-06-23,
ASN-004571-01,HRIS-WKR-004571,POS-SAL-L5-0170,JOB-SAL-L5-02,Sales L5 Role 02,SAL,L5,Y,1.0,39.0,2021-10-05,
ASN-004572-01,HRIS-WKR-004572,POS-HR-L4-0129,JOB-HR-L4-03,People L4 Role 03,HR,L4,Y,1.0,39.0,2019-06-02,
ASN-004573-01,HRIS-WKR-004573,POS-HR-L3-0124,JOB-HR-L3-04,People L3 Role 04,HR,L3,Y,1.0,39.0,2023-10-09,
ASN-004574-01,HRIS-WKR-004574,POS-FIN-L4-0093,JOB-FIN-L4-03,Finance L4 Role 03,FIN,L4,Y,0.5,19.5,2024-01-22,
ASN-004575-01,HRIS-WKR-004575,POS-HR-L1-0109,JOB-HR-L1-01,People L1 Role 01,HR,L1,Y,1.0,39.0,2018-02-07,
ASN-004576-01,HRIS-WKR-004576,POS-OPS-L4-0055,JOB-OPS-L4-01,Operations L4 Role 01,OPS,L4,Y,0.8,31.2,2018-06-20,
ASN-004577-01,HRIS-WKR-004577,POS-OPS-L3-0050,JOB-OPS-L3-02,Operations L3 Role 02,OPS,L3,Y,1.0,39.0,2021-05-16,
ASN-004578-01,HRIS-WKR-004578,POS-ENG-L5-0027,JOB-ENG-L5-03,Engineering L5 Role 03,ENG,L5,Y,1.0,39.0,2020-09-13,
ASN-004579-01,HRIS-WKR-004579,POS-TEC-L3-0196,JOB-TEC-L3-04,Technology L3 Role 04,TEC,L3,Y,1.0,39.0,2023-05-16,
ASN-004579-02,HRIS-WKR-004579,POS-TEC-L5-0205,JOB-TEC-L5-01,Technology L5 Role 01,TEC,L5,N,0.3,11.7,2022-08-01,
ASN-004580-01,HRIS-WKR-004580,POS-HR-L6-0141,JOB-HR-L6-03,People L6 Role 03,HR,L6,Y,0.6,23.4,2025-01-05,
ASN-004581-01,HRIS-WKR-004581,POS-OPS-L5-0062,JOB-OPS-L5-02,Operations L5 Role 02,OPS,L5,Y,0.5,19.5,2018-04-13,
ASN-004582-01,HRIS-WKR-004582,POS-SAL-L6-0180,JOB-SAL-L6-06,Sales L6 Role 06,SAL,L6,Y,1.0,39.0,2018-03-15,
ASN-004583-01,HRIS-WKR-004583,POS-ENG-L3-0016,JOB-ENG-L3-04,Engineering L3 Role 04,ENG,L3,Y,0.8,31.2,2022-03-28,
ASN-004584-01,HRIS-WKR-004584,POS-TEC-L1-0184,JOB-TEC-L1-04,Technology L1 Role 04,TEC,L1,Y,1.0,39.0,2022-03-06,
ASN-004585-01,HRIS-WKR-004585,POS-SAL-L1-0146,JOB-SAL-L1-02,Sales L1 Role 02,SAL,L1,Y,1.0,39.0,2020-09-19,
ASN-004586-01,HRIS-WKR-004586,POS-OPS-L5-0063,JOB-OPS-L5-03,Operations L5 Role 03,OPS,L5,Y,1.0,39.0,2024-07-05,
ASN-004587-01,HRIS-WKR-004587,POS-HR-L3-0126,JOB-HR-L3-06,People L3 Role 06,HR,L3,Y,0.5,19.5,2019-12-13,
ASN-004588-01,HRIS-WKR-004588,POS-ENG-L6-0036,JOB-ENG-L6-06,Engineering L6 Role 06,ENG,L6,Y,1.0,39.0,2022-03-09,
ASN-004589-01,HRIS-WKR-004589,POS-ENG-L3-0017,JOB-ENG-L3-05,Engineering L3 Role 05,ENG,L3,Y,0.6,23.4,2021-10-30,
ASN-004590-01,HRIS-WKR-004590,POS-OPS-L5-0061,JOB-OPS-L5-01,Operations L5 Role 01,OPS,L5,Y,0.8,31.2,2019-01-10,
ASN-004591-01,HRIS-WKR-004591,POS-OPS-L3-0052,JOB-OPS-L3-04,Operations L3 Role 04,OPS,L3,Y,1.0,39.0,2024-02-18,
ASN-004591-02,HRIS-WKR-004591,POS-HR-L2-0120,JOB-HR-L2-06,People L2 Role 06,HR,L2,N,0.4,15.6,2023-01-07,
ASN-004592-01,HRIS-WKR-004592,POS-SAL-L3-0157,JOB-SAL-L3-01,Sales L3 Role 01,SAL,L1,Y,0.8,31.2,2018-12-31,
ASN-004593-01,HRIS-WKR-004593,POS-OPS-L1-0040,JOB-OPS-L1-04,Operations L1 Role 04,OPS,L1,Y,1.0,39.0,2018-03-11,
ASN-004594-01,HRIS-WKR-004594,POS-HR-L2-0115,JOB-HR-L2-01,People L2 Role 01,HR,L2,Y,0.8,31.2,2020-08-13,
ASN-004595-01,HRIS-WKR-004595,POS-SAL-L3-0158,JOB-SAL-L3-02,Sales L3 Role 02,SAL,L3,Y,0.6,23.4,2023-09-06,
ASN-004596-01,HRIS-WKR-004596,POS-FIN-L6-0106,JOB-FIN-L6-04,Finance L6 Role 04,FIN,L6,Y,1.0,39.0,2023-02-24,
ASN-004597-01,HRIS-WKR-004597,POS-ENG-L1-0006,JOB-ENG-L1-06,Engineering L1 Role 06,ENG,L1,Y,1.0,39.0,2021-07-09,
ASN-004598-01,HRIS-WKR-004598,POS-HR-L5-0134,JOB-HR-L5-02,People L5 Role 02,HR,L5,Y,0.8,31.2,2022-09-30,
ASN-004599-01,HRIS-WKR-004599,POS-SAL-L4-0167,JOB-SAL-L4-05,Sales L4 Role 05,SAL,L4,Y,1.0,39.0,2020-08-02,
ASN-004600-01,HRIS-WKR-004600,POS-HR-L4-0128,JOB-HR-L4-02,People L4 Role 02,HR,L4,Y,0.6,23.4,2018-09-24,
ASN-004600-02,HRIS-WKR-004600,POS-FIN-L2-0080,JOB-FIN-L2-02,Finance L2 Role 02,FIN,L2,N,0.2,7.8,2019-11-22,
ASN-004601-01,HRIS-WKR-004601,POS-FIN-L3-0088,JOB-FIN-L3-04,Finance L3 Role 04,FIN,L3,Y,1.0,39.0,2023-10-30,
ASN-004602-01,HRIS-WKR-004602,POS-TEC-L1-0183,JOB-TEC-L1-03,Technology L1 Role 03,TEC,L1,Y,1.0,39.0,2023-03-15,
ASN-004603-01,HRIS-WKR-004603,POS-ENG-L3-0013,JOB-ENG-L3-01,Engineering L3 Role 01,ENG,L3,Y,1.0,39.0,2020-06-19,
ASN-004604-01,HRIS-WKR-004604,POS-OPS-L1-0040,JOB-OPS-L1-04,Operations L1 Role 04,OPS,L1,Y,1.0,39.0,2023-05-12,
ASN-004605-01,HRIS-WKR-004605,POS-ENG-L5-0028,JOB-ENG-L5-04,Engineering L5 Role 04,ENG,L5,Y,1.0,39.0,2022-11-12,
ASN-004606-01,HRIS-WKR-004606,POS-TEC-L6-0214,JOB-TEC-L6-04,Technology L6 Role 04,TEC,L6,Y,1.0,39.0,2020-06-16,
ASN-004607-01,HRIS-WKR-004607,POS-HR-L5-0137,JOB-HR-L5-05,People L5 Role 05,HR,L5,Y,0.8,31.2,2022-09-12,
ASN-004607-02,HRIS-WKR-004607,POS-SAL-L4-0167,JOB-SAL-L4-05,Sales L4 Role 05,SAL,L4,N,0.2,7.8,2025-05-28,
ASN-004608-01,HRIS-WKR-004608,POS-SAL-L4-0168,JOB-SAL-L4-06,Sales L4 Role 06,SAL,L4,Y,1.0,39.0,2019-09-22,
ASN-004608-02,HRIS-WKR-004608,POS-HR-L5-0136,JOB-HR-L5-04,People L5 Role 04,HR,L5,N,0.2,7.8,2025-07-01,
ASN-004609-01,HRIS-WKR-004609,POS-ENG-L3-0014,JOB-ENG-L3-02,Engineering L3 Role 02,ENG,L1,Y,0.6,23.4,2022-09-04,
ASN-004610-01,HRIS-WKR-004610,POS-OPS-L6-0068,JOB-OPS-L6-02,Operations L6 Role 02,OPS,L6,Y,1.0,39.0,2024-10-09,
ASN-004610-02,HRIS-WKR-004610,POS-HR-L3-0125,JOB-HR-L3-05,People L3 Role 05,HR,L3,N,0.2,7.8,2025-11-17,
ASN-004611-01,HRIS-WKR-004611,POS-TEC-L3-0193,JOB-TEC-L3-01,Technology L3 Role 01,TEC,L3,Y,1.0,39.0,2018-11-26,
ASN-004612-01,HRIS-WKR-004612,POS-FIN-L4-0096,JOB-FIN-L4-06,Finance L4 Role 06,FIN,L4,Y,1.0,39.0,2023-03-24,
ASN-004613-01,HRIS-WKR-004613,POS-TEC-L3-0197,JOB-TEC-L3-05,Technology L3 Role 05,TEC,L3,Y,1.0,39.0,2020-10-25,
ASN-004613-02,HRIS-WKR-004613,POS-HR-L1-0111,JOB-HR-L1-03,People L1 Role 03,HR,L1,N,0.2,7.8,2022-08-13,
ASN-004614-01,HRIS-WKR-004614,POS-ENG-L4-0019,JOB-ENG-L4-01,Engineering L4 Role 01,ENG,L4,Y,1.0,39.0,2025-09-04,
ASN-004615-01,HRIS-WKR-004615,POS-FIN-L5-0099,JOB-FIN-L5-03,Finance L5 Role 03,FIN,L5,Y,1.0,39.0,2019-07-03,
ASN-004616-01,HRIS-WKR-004616,POS-ENG-L4-0021,JOB-ENG-L4-03,Engineering L4 Role 03,ENG,L4,Y,1.0,39.0,2021-12-28,
ASN-004617-01,HRIS-WKR-004617,POS-FIN-L1-0075,JOB-FIN-L1-03,Finance L1 Role 03,FIN,L1,Y,1.0,39.0,2018-12-13,
ASN-004618-01,HRIS-WKR-004618,POS-ENG-L2-0011,JOB-ENG-L2-05,Engineering L2 Role 05,ENG,L2,Y,0.8,31.2,2021-06-22,
ASN-004618-02,HRIS-WKR-004618,POS-SAL-L1-0145,JOB-SAL-L1-01,Sales L1 Role 01,SAL,L1,N,0.3,11.7,2025-02-08,
ASN-004619-01,HRIS-WKR-004619,POS-TEC-L1-0183,JOB-TEC-L1-03,Technology L1 Role 03,TEC,L1,Y,0.8,31.2,2020-08-19,
ASN-004620-01,HRIS-WKR-004620,POS-ENG-L1-0003,JOB-ENG-L1-03,Engineering L1 Role 03,ENG,L1,Y,1.0,39.0,2022-06-25,
ASN-004621-01,HRIS-WKR-004621,POS-HR-L2-0116,JOB-HR-L2-02,People L2 Role 02,HR,L2,Y,0.8,31.2,2019-08-03,
ASN-004622-01,HRIS-WKR-004622,POS-HR-L6-0143,JOB-HR-L6-05,People L6 Role 05,HR,L6,Y,1.0,39.0,2026-01-01,
ASN-004623-01,HRIS-WKR-004623,POS-HR-L4-0127,JOB-HR-L4-01,People L4 Role 01,HR,L4,Y,1.0,39.0,2018-02-13,
ASN-004624-01,HRIS-WKR-004624,POS-TEC-L2-0191,JOB-TEC-L2-05,Technology L2 Role 05,TEC,L2,Y,1.0,39.0,2019-01-13,
ASN-004625-01,HRIS-WKR-004625,POS-SAL-L6-0177,JOB-SAL-L6-03,Sales L6 Role 03,SAL,L6,Y,1.0,39.0,2021-05-19,
ASN-004626-01,HRIS-WKR-004626,POS-HR-L1-0113,JOB-HR-L1-05,People L1 Role 05,HR,L1,Y,1.0,39.0,2025-07-29,
ASN-004627-01,HRIS-WKR-004627,POS-TEC-L3-0197,JOB-TEC-L3-05,Technology L3 Role 05,TEC,L3,Y,1.0,39.0,2022-03-01,
ASN-004628-01,HRIS-WKR-004628,POS-ENG-L1-0005,JOB-ENG-L1-05,Engineering L1 Role 05,ENG,L1,Y,0.6,23.4,2019-01-13,
ASN-004629-01,HRIS-WKR-004629,POS-HR-L1-0113,JOB-HR-L1-05,People L1 Role 05,HR,L1,Y,1.0,39.0,2021-09-15,
ASN-004630-01,HRIS-WKR-004630,POS-ENG-L4-0022,JOB-ENG-L4-04,Engineering L4 Role 04,ENG,L4,Y,1.0,39.0,2024-05-24,
ASN-004631-01,HRIS-WKR-004631,POS-SAL-L3-0162,JOB-SAL-L3-06,Sales L3 Role 06,SAL,L3,Y,1.0,39.0,2021-04-26,
ASN-004632-01,HRIS-WKR-004632,POS-ENG-L6-0034,JOB-ENG-L6-04,Engineering L6 Role 04,ENG,L6,Y,1.0,39.0,2024-01-26,
ASN-004633-01,HRIS-WKR-004633,POS-SAL-L1-0145,JOB-SAL-L1-01,Sales L1 Role 01,SAL,L1,Y,0.8,31.2,2021-03-09,
ASN-004634-01,HRIS-WKR-004634,POS-TEC-L6-0215,JOB-TEC-L6-05,Technology L6 Role 05,TEC,L6,Y,1.0,39.0,2023-12-13,
ASN-004635-01,HRIS-WKR-004635,POS-SAL-L5-0172,JOB-SAL-L5-04,Sales L5 Role 04,SAL,L5,Y,0.5,19.5,2022-11-27,
ASN-004636-01,HRIS-WKR-004636,POS-FIN-L2-0082,JOB-FIN-L2-04,Finance L2 Role 04,FIN,L2,Y,1.0,39.0,2019-07-26,
ASN-004637-01,HRIS-WKR-004637,POS-SAL-L3-0157,JOB-SAL-L3-01,Sales L3 Role 01,SAL,L3,Y,1.0,39.0,2025-10-15,
ASN-004638-01,HRIS-WKR-004638,POS-TEC-L5-0208,JOB-TEC-L5-04,Technology L5 Role 04,TEC,L5,Y,1.0,39.0,2025-06-27,
ASN-004639-01,HRIS-WKR-004639,POS-SAL-L3-0158,JOB-SAL-L3-02,Sales L3 Role 02,SAL,L3,Y,1.0,39.0,2022-08-04,
ASN-004640-01,HRIS-WKR-004640,POS-ENG-L6-0034,JOB-ENG-L6-04,Engineering L6 Role 04,ENG,L6,Y,1.0,39.0,2020-05-28,
ASN-004641-01,HRIS-WKR-004641,POS-SAL-L1-0146,JOB-SAL-L1-02,Sales L1 Role 02,SAL,L1,Y,0.8,31.2,2018-08-27,
ASN-004642-01,HRIS-WKR-004642,POS-HR-L6-0140,JOB-HR-L6-02,People L6 Role 02,HR,L6,Y,1.0,39.0,2024-05-23,
ASN-004643-01,HRIS-WKR-004643,POS-OPS-L4-0060,JOB-OPS-L4-06,Operations L4 Role 06,OPS,L4,Y,0.8,31.2,2022-10-13,
ASN-004643-02,HRIS-WKR-004643,POS-ENG-L3-0014,JOB-ENG-L3-02,Engineering L3 Role 02,ENG,L3,N,0.2,7.8,2023-01-18,
ASN-004644-01,HRIS-WKR-004644,POS-FIN-L5-0101,JOB-FIN-L5-05,Finance L5 Role 05,FIN,L5,Y,0.8,31.2,2024-07-21,
ASN-004645-01,HRIS-WKR-004645,POS-HR-L3-0124,JOB-HR-L3-04,People L3 Role 04,HR,L1,Y,1.0,39.0,2019-04-14,
ASN-004646-01,HRIS-WKR-004646,POS-OPS-L5-0062,JOB-OPS-L5-02,Operations L5 Role 02,OPS,L5,Y,1.0,39.0,2023-06-18,
ASN-004647-01,HRIS-WKR-004647,POS-OPS-L1-0037,JOB-OPS-L1-01,Operations L1 Role 01,OPS,L1,Y,1.0,39.0,2023-12-04,
ASN-004648-01,HRIS-WKR-004648,POS-TEC-L2-0192,JOB-TEC-L2-06,Technology L2 Role 06,TEC,L1,Y,0.4,15.6,2018-01-20,
ASN-004649-01,HRIS-WKR-004649,POS-HR-L4-0129,JOB-HR-L4-03,People L4 Role 03,HR,L2,Y,0.8,31.2,2021-10-14,
ASN-004650-01,HRIS-WKR-004650,POS-FIN-L3-0090,JOB-FIN-L3-06,Finance L3 Role 06,FIN,L3,Y,1.0,39.0,2020-07-15,
ASN-004651-01,HRIS-WKR-004651,POS-SAL-L3-0160,JOB-SAL-L3-04,Sales L3 Role 04,SAL,L3,Y,1.0,39.0,2025-10-03,
ASN-004652-01,HRIS-WKR-004652,POS-SAL-L1-0149,JOB-SAL-L1-05,Sales L1 Role 05,SAL,L1,Y,1.0,39.0,2024-02-24,
ASN-004653-01,HRIS-WKR-004653,POS-HR-L3-0126,JOB-HR-L3-06,People L3 Role 06,HR,L3,Y,1.0,39.0,2021-03-30,
ASN-004654-01,HRIS-WKR-004654,POS-ENG-L6-0031,JOB-ENG-L6-01,Engineering L6 Role 01,ENG,L6,Y,,,2019-05-08,
ASN-004655-01,HRIS-WKR-004655,POS-HR-L2-0117,JOB-HR-L2-03,People L2 Role 03,HR,L2,Y,1.0,39.0,2022-05-20,
ASN-004656-01,HRIS-WKR-004656,POS-FIN-L1-0076,JOB-FIN-L1-04,Finance L1 Role 04,FIN,L1,Y,1.0,39.0,2024-08-17,
ASN-004657-01,HRIS-WKR-004657,POS-TEC-L5-0205,JOB-TEC-L5-01,Technology L5 Role 01,TEC,L5,Y,0.8,31.2,2020-04-17,
ASN-004658-01,HRIS-WKR-004658,POS-HR-L5-0134,JOB-HR-L5-02,People L5 Role 02,HR,L5,Y,1.0,39.0,2021-08-06,
ASN-004658-02,HRIS-WKR-004658,POS-TEC-L5-0208,JOB-TEC-L5-04,Technology L5 Role 04,TEC,L5,N,0.2,7.8,2018-11-13,
ASN-004659-01,HRIS-WKR-004659,POS-OPS-L1-0041,JOB-OPS-L1-05,Operations L1 Role 05,OPS,L1,Y,1.0,39.0,2023-12-17,
ASN-004660-01,HRIS-WKR-004660,POS-OPS-L4-0056,JOB-OPS-L4-02,Operations L4 Role 02,OPS,L4,Y,1.0,39.0,2022-07-05,
ASN-004661-01,HRIS-WKR-004661,POS-TEC-L6-0216,JOB-TEC-L6-06,Technology L6 Role 06,TEC,L6,Y,1.0,39.0,2020-09-12,
ASN-004661-02,HRIS-WKR-004661,POS-SAL-L3-0159,JOB-SAL-L3-03,Sales L3 Role 03,SAL,L3,N,0.3,11.7,2026-01-13,
ASN-004662-01,HRIS-WKR-004662,POS-HR-L1-0112,JOB-HR-L1-04,People L1 Role 04,HR,L1,Y,1.0,39.0,2022-05-06,
ASN-004663-01,HRIS-WKR-004663,POS-SAL-L3-0160,JOB-SAL-L3-04,Sales L3 Role 04,SAL,L3,Y,1.0,39.0,2023-03-13,
ASN-004664-01,HRIS-WKR-004664,POS-ENG-L1-0005,JOB-ENG-L1-05,Engineering L1 Role 05,ENG,L1,Y,1.0,39.0,2022-11-05,
ASN-004665-01,HRIS-WKR-004665,POS-FIN-L1-0075,JOB-FIN-L1-03,Finance L1 Role 03,FIN,L1,Y,1.0,39.0,2020-11-25,
ASN-004666-01,HRIS-WKR-004666,POS-OPS-L1-0038,JOB-OPS-L1-02,Operations L1 Role 02,OPS,L1,Y,1.0,39.0,2023-02-17,
ASN-004666-02,HRIS-WKR-004666,POS-SAL-L6-0180,JOB-SAL-L6-06,Sales L6 Role 06,SAL,L6,N,0.3,11.7,2020-05-01,
ASN-004667-01,HRIS-WKR-004667,POS-HR-L4-0128,JOB-HR-L4-02,People L4 Role 02,HR,L4,Y,1.0,39.0,2021-08-15,
ASN-004668-01,HRIS-WKR-004668,POS-OPS-L3-0054,JOB-OPS-L3-06,Operations L3 Role 06,OPS,L3,Y,1.0,39.0,2025-01-17,
ASN-004669-01,HRIS-WKR-004669,POS-FIN-L2-0080,JOB-FIN-L2-02,Finance L2 Role 02,FIN,L2,Y,,,2018-09-30,
ASN-004670-01,HRIS-WKR-004670,POS-SAL-L2-0156,JOB-SAL-L2-06,Sales L2 Role 06,SAL,L2,Y,1.0,39.0,2023-12-26,
ASN-004671-01,HRIS-WKR-004671,POS-OPS-L4-0058,JOB-OPS-L4-04,Operations L4 Role 04,OPS,L4,Y,1.0,39.0,2018-04-27,
ASN-004672-01,HRIS-WKR-004672,POS-FIN-L6-0106,JOB-FIN-L6-04,Finance L6 Role 04,FIN,L6,Y,1.0,39.0,2025-01-29,
ASN-004673-01,HRIS-WKR-004673,POS-FIN-L5-0102,JOB-FIN-L5-06,Finance L5 Role 06,FIN,L5,Y,1.0,39.0,2019-02-04,
ASN-004674-01,HRIS-WKR-004674,POS-TEC-L4-0203,JOB-TEC-L4-05,Technology L4 Role 05,TEC,L4,Y,1.0,39.0,2019-12-01,
ASN-004675-01,HRIS-WKR-004675,POS-FIN-L1-0075,JOB-FIN-L1-03,Finance L1 Role 03,FIN,L1,Y,1.0,39.0,2019-10-09,
ASN-004676-01,HRIS-WKR-004676,POS-SAL-L1-0146,JOB-SAL-L1-02,Sales L1 Role 02,SAL,L1,Y,1.0,39.0,2020-06-03,
ASN-004677-01,HRIS-WKR-004677,POS-OPS-L6-0068,JOB-OPS-L6-02,Operations L6 Role 02,OPS,L6,Y,0.8,31.2,2018-12-08,
ASN-004678-01,HRIS-WKR-004678,POS-OPS-L6-0068,JOB-OPS-L6-02,Operations L6 Role 02,OPS,L6,Y,1.0,39.0,2018-11-30,
ASN-004679-01,HRIS-WKR-004679,POS-HR-L4-0128,JOB-HR-L4-02,People L4 Role 02,HR,L4,Y,0.8,31.2,2021-07-30,
ASN-004680-01,HRIS-WKR-004680,POS-OPS-L4-0060,JOB-OPS-L4-06,Operations L4 Role 06,OPS,L4,Y,1.0,39.0,2022-06-08,
ASN-004681-01,HRIS-WKR-004681,POS-OPS-L1-0041,JOB-OPS-L1-05,Operations L1 Role 05,OPS,L1,Y,0.8,31.2,2025-03-22,
ASN-004682-01,HRIS-WKR-004682,POS-HR-L5-0138,JOB-HR-L5-06,People L5 Role 06,HR,L5,Y,1.0,39.0,2024-06-12,
ASN-004683-01,HRIS-WKR-004683,POS-SAL-L1-0149,JOB-SAL-L1-05,Sales L1 Role 05,SAL,L1,Y,0.8,31.2,2024-08-05,
ASN-004684-01,HRIS-WKR-004684,POS-HR-L6-0139,JOB-HR-L6-01,People L6 Role 01,HR,L6,Y,1.0,39.0,2019-12-26,
ASN-004685-01,HRIS-WKR-004685,POS-SAL-L5-0172,JOB-SAL-L5-04,Sales L5 Role 04,SAL,L5,Y,0.5,19.5,2025-04-04,
ASN-004685-02,HRIS-WKR-004685,POS-FIN-L2-0083,JOB-FIN-L2-05,Finance L2 Role 05,FIN,L2,N,0.3,11.7,2019-01-13,
ASN-004686-01,HRIS-WKR-004686,POS-HR-L5-0134,JOB-HR-L5-02,People L5 Role 02,HR,L5,Y,1.0,39.0,2019-02-07,
ASN-004687-01,HRIS-WKR-004687,POS-SAL-L5-0172,JOB-SAL-L5-04,Sales L5 Role 04,SAL,L5,Y,0.6,23.4,2025-10-26,
ASN-004688-01,HRIS-WKR-004688,POS-SAL-L5-0173,JOB-SAL-L5-05,Sales L5 Role 05,SAL,L5,Y,0.6,23.4,2018-02-16,
ASN-004689-01,HRIS-WKR-004689,POS-FIN-L3-0088,JOB-FIN-L3-04,Finance L3 Role 04,FIN,L3,Y,1.0,39.0,2024-03-08,
ASN-004689-02,HRIS-WKR-004689,POS-OPS-L3-0049,JOB-OPS-L3-01,Operations L3 Role 01,OPS,L3,N,0.2,7.8,2019-06-22,
ASN-004690-01,HRIS-WKR-004690,POS-SAL-L3-0162,JOB-SAL-L3-06,Sales L3 Role 06,SAL,L3,Y,0.6,23.4,2018-12-07,
ASN-004691-01,HRIS-WKR-004691,POS-FIN-L3-0089,JOB-FIN-L3-05,Finance L3 Role 05,FIN,L3,Y,1.0,39.0,2022-05-19,
ASN-004692-01,HRIS-WKR-004692,POS-HR-L3-0125,JOB-HR-L3-05,People L3 Role 05,HR,L3,Y,1.0,39.0,2023-07-07,
ASN-004693-01,HRIS-WKR-004693,POS-ENG-L3-0015,JOB-ENG-L3-03,Engineering L3 Role 03,ENG,L3,Y,1.0,39.0,2025-05-22,
ASN-004694-01,HRIS-WKR-004694,POS-HR-L4-0131,JOB-HR-L4-05,People L4 Role 05,HR,L4,Y,1.0,39.0,2025-12-04,
ASN-004695-01,HRIS-WKR-004695,POS-FIN-L2-0080,JOB-FIN-L2-02,Finance L2 Role 02,FIN,L2,Y,1.0,39.0,2023-11-05,
ASN-004696-01,HRIS-WKR-004696,POS-TEC-L1-0186,JOB-TEC-L1-06,Technology L1 Role 06,TEC,L1,Y,0.6,23.4,2025-02-02,
ASN-004697-01,HRIS-WKR-004697,POS-ENG-L4-0021,JOB-ENG-L4-03,Engineering L4 Role 03,ENG,L4,Y,1.0,39.0,2018-06-17,
ASN-004698-01,HRIS-WKR-004698,POS-FIN-L3-0087,JOB-FIN-L3-03,Finance L3 Role 03,FIN,L3,Y,1.0,39.0,2025-01-21,
ASN-004699-01,HRIS-WKR-004699,POS-OPS-L6-0072,JOB-OPS-L6-06,Operations L6 Role 06,OPS,L6,Y,1.0,39.0,2024-12-06,
ASN-004700-01,HRIS-WKR-004700,POS-FIN-L5-0099,JOB-FIN-L5-03,Finance L5 Role 03,FIN,L5,Y,1.0,39.0,2019-07-12,
ASN-004701-01,HRIS-WKR-004701,POS-SAL-L1-0149,JOB-SAL-L1-05,Sales L1 Role 05,SAL,L1,Y,1.0,39.0,2022-09-30,
ASN-004702-01,HRIS-WKR-004702,POS-FIN-L1-0075,JOB-FIN-L1-03,Finance L1 Role 03,FIN,L1,Y,1.0,39.0,2024-05-24,
ASN-004703-01,HRIS-WKR-004703,POS-HR-L2-0115,JOB-HR-L2-01,People L2 Role 01,HR,L2,Y,1.0,39.0,2018-12-14,
ASN-004704-01,HRIS-WKR-004704,POS-SAL-L1-0150,JOB-SAL-L1-06,Sales L1 Role 06,SAL,L1,Y,0.8,31.2,2020-04-09,
ASN-004705-01,HRIS-WKR-004705,POS-OPS-L2-0043,JOB-OPS-L2-01,Operations L2 Role 01,OPS,L2,Y,1.0,39.0,2024-09-09,
ASN-004706-01,HRIS-WKR-004706,POS-SAL-L6-0176,JOB-SAL-L6-02,Sales L6 Role 02,SAL,L6,Y,1.0,39.0,2021-05-27,
ASN-004707-01,HRIS-WKR-004707,POS-OPS-L6-0070,JOB-OPS-L6-04,Operations L6 Role 04,OPS,L6,Y,1.0,39.0,2025-12-21,
ASN-004708-01,HRIS-WKR-004708,POS-FIN-L2-0081,JOB-FIN-L2-03,Finance L2 Role 03,FIN,L2,Y,1.0,39.0,2025-06-04,
ASN-004709-01,HRIS-WKR-004709,POS-ENG-L1-0004,JOB-ENG-L1-04,Engineering L1 Role 04,ENG,L1,Y,1.0,39.0,2020-11-29,
ASN-004710-01,HRIS-WKR-004710,POS-ENG-L3-0016,JOB-ENG-L3-04,Engineering L3 Role 04,ENG,L1,Y,0.8,31.2,2021-08-15,
ASN-004711-01,HRIS-WKR-004711,POS-HR-L4-0131,JOB-HR-L4-05,People L4 Role 05,HR,L4,Y,1.0,39.0,2021-03-24,
ASN-004712-01,HRIS-WKR-004712,POS-OPS-L6-0069,JOB-OPS-L6-03,Operations L6 Role 03,OPS,L6,Y,1.0,39.0,2021-05-11,
ASN-004713-01,HRIS-WKR-004713,POS-SAL-L2-0154,JOB-SAL-L2-04,Sales L2 Role 04,SAL,L2,Y,1.0,39.0,2022-06-04,
ASN-004714-01,HRIS-WKR-004714,POS-HR-L4-0132,JOB-HR-L4-06,People L4 Role 06,HR,L4,Y,1.0,39.0,2021-04-08,
ASN-004715-01,HRIS-WKR-004715,POS-FIN-L1-0073,JOB-FIN-L1-01,Finance L1 Role 01,FIN,L1,Y,1.0,39.0,2018-04-09,
ASN-004715-02,HRIS-WKR-004715,POS-OPS-L6-0072,JOB-OPS-L6-06,Operations L6 Role 06,OPS,L6,N,0.2,7.8,2021-08-08,
ASN-004716-01,HRIS-WKR-004716,POS-SAL-L3-0159,JOB-SAL-L3-03,Sales L3 Role 03,SAL,L3,Y,1.0,39.0,2021-02-18,
ASN-004717-01,HRIS-WKR-004717,POS-TEC-L2-0191,JOB-TEC-L2-05,Technology L2 Role 05,TEC,L1,Y,1.0,39.0,2025-03-10,
ASN-004718-01,HRIS-WKR-004718,POS-HR-L6-0142,JOB-HR-L6-04,People L6 Role 04,HR,L6,Y,1.0,39.0,2020-02-20,
ASN-004718-02,HRIS-WKR-004718,POS-OPS-L1-0037,JOB-OPS-L1-01,Operations L1 Role 01,OPS,L1,N,0.2,7.8,2018-07-07,
ASN-004719-01,HRIS-WKR-004719,POS-HR-L6-0141,JOB-HR-L6-03,People L6 Role 03,HR,L6,Y,1.0,39.0,2018-10-27,
ASN-004720-01,HRIS-WKR-004720,POS-HR-L5-0138,JOB-HR-L5-06,People L5 Role 06,HR,L5,Y,0.5,19.5,2022-08-05,
ASN-004721-01,HRIS-WKR-004721,POS-FIN-L1-0077,JOB-FIN-L1-05,Finance L1 Role 05,FIN,L1,Y,0.8,31.2,2025-03-16,
ASN-004721-02,HRIS-WKR-004721,POS-ENG-L5-0027,JOB-ENG-L5-03,Engineering L5 Role 03,ENG,L5,N,0.2,7.8,2021-01-05,
ASN-004722-01,HRIS-WKR-004722,POS-HR-L1-0110,JOB-HR-L1-02,People L1 Role 02,HR,L1,Y,1.0,39.0,2020-05-22,
ASN-004723-01,HRIS-WKR-004723,POS-HR-L1-0112,JOB-HR-L1-04,People L1 Role 04,HR,L1,Y,0.6,23.4,2020-01-05,
ASN-004724-01,HRIS-WKR-004724,POS-OPS-L1-0039,JOB-OPS-L1-03,Operations L1 Role 03,OPS,L1,Y,1.0,39.0,2021-08-07,
ASN-004725-01,HRIS-WKR-004725,POS-HR-L6-0143,JOB-HR-L6-05,People L6 Role 05,HR,L6,Y,1.0,39.0,2020-06-07,
ASN-004726-01,HRIS-WKR-004726,POS-HR-L4-0130,JOB-HR-L4-04,People L4 Role 04,HR,L2,Y,0.8,31.2,2018-04-08,
ASN-004727-01,HRIS-WKR-004727,POS-FIN-L3-0087,JOB-FIN-L3-03,Finance L3 Role 03,FIN,L3,Y,1.0,39.0,2022-07-22,
ASN-004728-01,HRIS-WKR-004728,POS-SAL-L4-0165,JOB-SAL-L4-03,Sales L4 Role 03,SAL,L4,Y,0.8,31.2,2019-02-27,
ASN-004729-01,HRIS-WKR-004729,POS-HR-L1-0112,JOB-HR-L1-04,People L1 Role 04,HR,L1,Y,0.8,31.2,2024-07-21,
ASN-004730-01,HRIS-WKR-004730,POS-HR-L3-0122,JOB-HR-L3-02,People L3 Role 02,HR,L3,Y,1.0,39.0,2022-06-27,
ASN-004731-01,HRIS-WKR-004731,POS-TEC-L1-0186,JOB-TEC-L1-06,Technology L1 Role 06,TEC,L1,Y,1.0,39.0,2025-03-29,
ASN-004732-01,HRIS-WKR-004732,POS-OPS-L6-0068,JOB-OPS-L6-02,Operations L6 Role 02,OPS,L6,Y,1.0,39.0,2023-01-28,
ASN-004732-02,HRIS-WKR-004732,POS-OPS-L6-0072,JOB-OPS-L6-06,Operations L6 Role 06,OPS,L6,N,0.2,7.8,2022-02-06,
ASN-004733-01,HRIS-WKR-004733,POS-SAL-L6-0177,JOB-SAL-L6-03,Sales L6 Role 03,SAL,L6,Y,1.0,39.0,2018-08-03,
ASN-004734-01,HRIS-WKR-004734,POS-FIN-L4-0091,JOB-FIN-L4-01,Finance L4 Role 01,FIN,L4,Y,1.0,39.0,2024-02-17,
ASN-004735-01,HRIS-WKR-004735,POS-TEC-L6-0213,JOB-TEC-L6-03,Technology L6 Role 03,TEC,L6,Y,1.0,39.0,2023-06-16,
ASN-004736-01,HRIS-WKR-004736,POS-ENG-L4-0023,JOB-ENG-L4-05,Engineering L4 Role 05,ENG,L4,Y,1.0,39.0,2021-11-26,
ASN-004737-01,HRIS-WKR-004737,POS-HR-L1-0112,JOB-HR-L1-04,People L1 Role 04,HR,L1,Y,1.0,39.0,2021-03-16,
ASN-004738-01,HRIS-WKR-004738,POS-OPS-L4-0056,JOB-OPS-L4-02,Operations L4 Role 02,OPS,L4,Y,1.0,39.0,2018-01-05,
ASN-004739-01,HRIS-WKR-004739,POS-TEC-L4-0204,JOB-TEC-L4-06,Technology L4 Role 06,TEC,L4,Y,1.0,39.0,2018-10-31,
ASN-004740-01,HRIS-WKR-004740,POS-TEC-L4-0204,JOB-TEC-L4-06,Technology L4 Role 06,TEC,L4,Y,1.0,39.0,2025-08-28,
ASN-004741-01,HRIS-WKR-004741,POS-FIN-L4-0093,JOB-FIN-L4-03,Finance L4 Role 03,FIN,L4,Y,0.8,31.2,2020-02-23,
ASN-004742-01,HRIS-WKR-004742,POS-OPS-L5-0062,JOB-OPS-L5-02,Operations L5 Role 02,OPS,L5,Y,1.0,39.0,2018-09-11,
ASN-004743-01,HRIS-WKR-004743,POS-OPS-L5-0061,JOB-OPS-L5-01,Operations L5 Role 01,OPS,L5,Y,1.0,39.0,2023-08-25,
ASN-004744-01,HRIS-WKR-004744,POS-OPS-L1-0037,JOB-OPS-L1-01,Operations L1 Role 01,OPS,L1,Y,1.0,39.0,2021-05-27,
ASN-004744-02,HRIS-WKR-004744,POS-OPS-L4-0058,JOB-OPS-L4-04,Operations L4 Role 04,OPS,L4,N,0.2,7.8,2021-03-13,
ASN-004745-01,HRIS-WKR-004745,POS-OPS-L5-0065,JOB-OPS-L5-05,Operations L5 Role 05,OPS,L5,Y,1.0,39.0,2020-07-22,
ASN-004746-01,HRIS-WKR-004746,POS-SAL-L1-0148,JOB-SAL-L1-04,Sales L1 Role 04,SAL,L1,Y,1.0,39.0,2019-06-29,
ASN-004747-01,HRIS-WKR-004747,POS-TEC-L3-0193,JOB-TEC-L3-01,Technology L3 Role 01,TEC,L3,Y,1.0,39.0,2022-08-01,
ASN-004748-01,HRIS-WKR-004748,POS-OPS-L2-0045,JOB-OPS-L2-03,Operations L2 Role 03,OPS,L2,Y,0.5,19.5,2024-06-28,
ASN-004749-01,HRIS-WKR-004749,POS-FIN-L3-0086,JOB-FIN-L3-02,Finance L3 Role 02,FIN,L3,Y,1.0,39.0,2018-09-30,
ASN-004750-01,HRIS-WKR-004750,POS-TEC-L4-0204,JOB-TEC-L4-06,Technology L4 Role 06,TEC,L4,Y,1.0,39.0,2020-08-06,
ASN-004751-01,HRIS-WKR-004751,POS-OPS-L2-0043,JOB-OPS-L2-01,Operations L2 Role 01,OPS,L2,Y,1.0,39.0,2018-10-19,
ASN-004752-01,HRIS-WKR-004752,POS-FIN-L2-0082,JOB-FIN-L2-04,Finance L2 Role 04,FIN,L2,Y,0.8,31.2,2018-11-05,
ASN-004753-01,HRIS-WKR-004753,POS-OPS-L1-0042,JOB-OPS-L1-06,Operations L1 Role 06,OPS,L1,Y,0.6,23.4,2022-06-20,
ASN-004754-01,HRIS-WKR-004754,POS-FIN-L5-0102,JOB-FIN-L5-06,Finance L5 Role 06,FIN,L5,Y,1.0,39.0,2021-08-13,
ASN-004755-01,HRIS-WKR-004755,POS-FIN-L6-0105,JOB-FIN-L6-03,Finance L6 Role 03,FIN,L6,Y,1.0,39.0,2023-04-03,
ASN-004756-01,HRIS-WKR-004756,POS-HR-L5-0137,JOB-HR-L5-05,People L5 Role 05,HR,L5,Y,0.8,31.2,2022-02-06,
ASN-004757-01,HRIS-WKR-004757,POS-SAL-L4-0168,JOB-SAL-L4-06,Sales L4 Role 06,SAL,L4,Y,0.6,23.4,2021-09-06,
ASN-004758-01,HRIS-WKR-004758,POS-TEC-L4-0203,JOB-TEC-L4-05,Technology L4 Role 05,TEC,L6,Y,1.0,39.0,2018-09-28,
ASN-004758-02,HRIS-WKR-004758,POS-OPS-L2-0043,JOB-OPS-L2-01,Operations L2 Role 01,OPS,L2,N,0.4,15.6,2019-12-13,
ASN-004759-01,HRIS-WKR-004759,POS-ENG-L1-0001,JOB-ENG-L1-01,Engineering L1 Role 01,ENG,L1,Y,1.0,39.0,2020-06-26,
ASN-004760-01,HRIS-WKR-004760,POS-OPS-L2-0047,JOB-OPS-L2-05,Operations L2 Role 05,OPS,L2,Y,1.0,39.0,2018-07-29,
ASN-004760-02,HRIS-WKR-004760,POS-SAL-L1-0147,JOB-SAL-L1-03,Sales L1 Role 03,SAL,L1,N,0.2,7.8,2022-01-04,
ASN-004761-01,HRIS-WKR-004761,POS-FIN-L3-0090,JOB-FIN-L3-06,Finance L3 Role 06,FIN,L3,Y,1.0,39.0,2019-05-12,
ASN-004762-01,HRIS-WKR-004762,POS-ENG-L4-0019,JOB-ENG-L4-01,Engineering L4 Role 01,ENG,L4,Y,1.0,39.0,2024-03-02,
ASN-004763-01,HRIS-WKR-004763,POS-FIN-L4-0092,JOB-FIN-L4-02,Finance L4 Role 02,FIN,L4,Y,,,2022-09-19,
ASN-004764-01,HRIS-WKR-004764,POS-SAL-L4-0164,JOB-SAL-L4-02,Sales L4 Role 02,SAL,L4,Y,,,2020-05-30,
ASN-004764-02,HRIS-WKR-004764,POS-HR-L6-0143,JOB-HR-L6-05,People L6 Role 05,HR,L6,N,0.3,11.7,2019-04-27,
ASN-004765-01,HRIS-WKR-004765,POS-OPS-L6-0072,JOB-OPS-L6-06,Operations L6 Role 06,OPS,L6,Y,1.0,39.0,2022-07-20,
ASN-004766-01,HRIS-WKR-004766,POS-SAL-L4-0166,JOB-SAL-L4-04,Sales L4 Role 04,SAL,L4,Y,1.0,39.0,2023-11-07,
ASN-004767-01,HRIS-WKR-004767,POS-ENG-L3-0014,JOB-ENG-L3-02,Engineering L3 Role 02,ENG,L3,Y,1.0,39.0,2024-08-06,
ASN-004768-01,HRIS-WKR-004768,POS-TEC-L6-0215,JOB-TEC-L6-05,Technology L6 Role 05,TEC,L6,Y,1.0,39.0,2018-08-09,
ASN-004769-01,HRIS-WKR-004769,POS-SAL-L3-0159,JOB-SAL-L3-03,Sales L3 Role 03,SAL,L3,Y,1.0,39.0,2021-10-08,
ASN-004770-01,HRIS-WKR-004770,POS-SAL-L3-0157,JOB-SAL-L3-01,Sales L3 Role 01,SAL,L3,Y,1.0,39.0,2019-03-21,
ASN-004771-01,HRIS-WKR-004771,POS-SAL-L2-0151,JOB-SAL-L2-01,Sales L2 Role 01,SAL,L2,Y,1.0,39.0,2020-06-18,
ASN-004772-01,HRIS-WKR-004772,POS-OPS-L5-0063,JOB-OPS-L5-03,Operations L5 Role 03,OPS,L5,Y,1.0,39.0,2023-04-30,
ASN-004772-02,HRIS-WKR-004772,POS-OPS-L6-0067,JOB-OPS-L6-01,Operations L6 Role 01,OPS,L6,N,0.2,7.8,2020-12-24,
ASN-004773-01,HRIS-WKR-004773,POS-TEC-L5-0209,JOB-TEC-L5-05,Technology L5 Role 05,TEC,L5,Y,0.6,23.4,2024-01-06,
ASN-004774-01,HRIS-WKR-004774,POS-SAL-L4-0163,JOB-SAL-L4-01,Sales L4 Role 01,SAL,L4,Y,1.0,39.0,2019-03-28,
ASN-004775-01,HRIS-WKR-004775,POS-FIN-L5-0099,JOB-FIN-L5-03,Finance L5 Role 03,FIN,L5,Y,1.0,39.0,2023-01-01,
ASN-004776-01,HRIS-WKR-004776,POS-OPS-L2-0047,JOB-OPS-L2-05,Operations L2 Role 05,OPS,L2,Y,1.0,39.0,2018-12-12,
ASN-004777-01,HRIS-WKR-004777,POS-ENG-L4-0021,JOB-ENG-L4-03,Engineering L4 Role 03,ENG,L4,Y,0.8,31.2,2025-05-20,
ASN-004778-01,HRIS-WKR-004778,POS-OPS-L1-0041,JOB-OPS-L1-05,Operations L1 Role 05,OPS,L1,Y,1.0,39.0,2021-03-12,
ASN-004779-01,HRIS-WKR-004779,POS-HR-L3-0124,JOB-HR-L3-04,People L3 Role 04,HR,L3,Y,1.0,39.0,2019-12-10,
ASN-004779-02,HRIS-WKR-004779,POS-TEC-L5-0208,JOB-TEC-L5-04,Technology L5 Role 04,TEC,L5,N,0.3,11.7,2025-04-01,
ASN-004780-01,HRIS-WKR-004780,POS-TEC-L3-0193,JOB-TEC-L3-01,Technology L3 Role 01,TEC,L3,Y,0.4,15.6,2020-04-19,
ASN-004781-01,HRIS-WKR-004781,POS-ENG-L4-0022,JOB-ENG-L4-04,Engineering L4 Role 04,ENG,L4,Y,1.0,39.0,2019-04-16,
ASN-004782-01,HRIS-WKR-004782,POS-SAL-L3-0157,JOB-SAL-L3-01,Sales L3 Role 01,SAL,L3,Y,1.0,39.0,2022-04-14,
ASN-004783-01,HRIS-WKR-004783,POS-HR-L6-0141,JOB-HR-L6-03,People L6 Role 03,HR,L6,Y,1.0,39.0,2025-04-15,
ASN-004784-01,HRIS-WKR-004784,POS-FIN-L6-0104,JOB-FIN-L6-02,Finance L6 Role 02,FIN,L6,Y,1.0,39.0,2021-08-26,
ASN-004785-01,HRIS-WKR-004785,POS-HR-L4-0128,JOB-HR-L4-02,People L4 Role 02,HR,L4,Y,1.0,39.0,2018-12-10,
ASN-004786-01,HRIS-WKR-004786,POS-ENG-L2-0007,JOB-ENG-L2-01,Engineering L2 Role 01,ENG,L2,Y,0.8,31.2,2018-11-11,
ASN-004787-01,HRIS-WKR-004787,POS-HR-L6-0140,JOB-HR-L6-02,People L6 Role 02,HR,L6,Y,1.0,39.0,2022-08-02,
ASN-004788-01,HRIS-WKR-004788,POS-FIN-L2-0084,JOB-FIN-L2-06,Finance L2 Role 06,FIN,L2,Y,1.0,39.0,2020-11-02,
ASN-004789-01,HRIS-WKR-004789,POS-ENG-L1-0004,JOB-ENG-L1-04,Engineering L1 Role 04,ENG,L1,Y,0.6,23.4,2021-01-28,
ASN-004790-01,HRIS-WKR-004790,POS-HR-L2-0120,JOB-HR-L2-06,People L2 Role 06,HR,L2,Y,0.5,19.5,2021-04-26,
ASN-004791-01,HRIS-WKR-004791,POS-SAL-L5-0171,JOB-SAL-L5-03,Sales L5 Role 03,SAL,L5,Y,1.0,39.0,2023-09-22,
ASN-004792-01,HRIS-WKR-004792,POS-OPS-L6-0067,JOB-OPS-L6-01,Operations L6 Role 01,OPS,L6,Y,0.6,23.4,2024-03-01,
ASN-004793-01,HRIS-WKR-004793,POS-OPS-L4-0059,JOB-OPS-L4-05,Operations L4 Role 05,OPS,L4,Y,1.0,39.0,2019-09-08,
ASN-004794-01,HRIS-WKR-004794,POS-OPS-L5-0066,JOB-OPS-L5-06,Operations L5 Role 06,OPS,L5,Y,1.0,39.0,2019-02-17,
ASN-004795-01,HRIS-WKR-004795,POS-TEC-L4-0202,JOB-TEC-L4-04,Technology L4 Role 04,TEC,L4,Y,1.0,39.0,2019-03-30,
ASN-004795-02,HRIS-WKR-004795,POS-SAL-L6-0176,JOB-SAL-L6-02,Sales L6 Role 02,SAL,L6,N,0.2,7.8,2021-02-09,
ASN-004796-01,HRIS-WKR-004796,POS-TEC-L2-0187,JOB-TEC-L2-01,Technology L2 Role 01,TEC,L2,Y,1.0,39.0,2022-04-11,
ASN-004797-01,HRIS-WKR-004797,POS-TEC-L2-0190,JOB-TEC-L2-04,Technology L2 Role 04,TEC,L4,Y,1.0,39.0,2021-02-27,
ASN-004798-01,HRIS-WKR-004798,POS-ENG-L6-0036,JOB-ENG-L6-06,Engineering L6 Role 06,ENG,L6,Y,1.0,39.0,2018-08-15,
ASN-004799-01,HRIS-WKR-004799,POS-OPS-L3-0052,JOB-OPS-L3-04,Operations L3 Role 04,OPS,L3,Y,1.0,39.0,2020-05-16,
ASN-004800-01,HRIS-WKR-004800,POS-TEC-L2-0189,JOB-TEC-L2-03,Technology L2 Role 03,TEC,L2,Y,0.8,31.2,2023-04-03,
ASN-004801-01,HRIS-WKR-004801,POS-OPS-L1-0041,JOB-OPS-L1-05,Operations L1 Role 05,OPS,L1,Y,0.5,19.5,2018-02-15,
ASN-004802-01,HRIS-WKR-004802,POS-SAL-L3-0159,JOB-SAL-L3-03,Sales L3 Role 03,SAL,L3,Y,1.0,39.0,2022-10-21,
ASN-004803-01,HRIS-WKR-004803,POS-ENG-L2-0012,JOB-ENG-L2-06,Engineering L2 Role 06,ENG,L2,Y,1.0,39.0,2018-11-26,
ASN-004804-01,HRIS-WKR-004804,POS-OPS-L5-0065,JOB-OPS-L5-05,Operations L5 Role 05,OPS,L5,Y,1.0,39.0,2018-08-05,
ASN-004805-01,HRIS-WKR-004805,POS-TEC-L3-0196,JOB-TEC-L3-04,Technology L3 Role 04,TEC,L3,Y,1.0,39.0,2018-02-10,
ASN-004806-01,HRIS-WKR-004806,POS-ENG-L1-0001,JOB-ENG-L1-01,Engineering L1 Role 01,ENG,L1,Y,1.0,39.0,2022-06-30,
ASN-004807-01,HRIS-WKR-004807,POS-OPS-L5-0065,JOB-OPS-L5-05,Operations L5 Role 05,OPS,L5,Y,1.0,39.0,2023-12-22,
ASN-004808-01,HRIS-WKR-004808,POS-SAL-L1-0148,JOB-SAL-L1-04,Sales L1 Role 04,SAL,L1,Y,1.0,39.0,2024-07-18,
ASN-004809-01,HRIS-WKR-004809,POS-TEC-L6-0213,JOB-TEC-L6-03,Technology L6 Role 03,TEC,L6,Y,1.0,39.0,2024-07-24,
ASN-004809-02,HRIS-WKR-004809,POS-FIN-L5-0102,JOB-FIN-L5-06,Finance L5 Role 06,FIN,L5,N,0.3,11.7,2018-03-20,
ASN-004810-01,HRIS-WKR-004810,POS-SAL-L5-0171,JOB-SAL-L5-03,Sales L5 Role 03,SAL,L5,Y,0.8,31.2,2020-01-26,
ASN-004811-01,HRIS-WKR-004811,POS-OPS-L1-0038,JOB-OPS-L1-02,Operations L1 Role 02,OPS,L1,Y,1.0,39.0,2021-01-16,
ASN-004812-01,HRIS-WKR-004812,POS-SAL-L6-0175,JOB-SAL-L6-01,Sales L6 Role 01,SAL,L6,Y,1.0,39.0,2018-06-15,
ASN-004813-01,HRIS-WKR-004813,POS-HR-L6-0143,JOB-HR-L6-05,People L6 Role 05,HR,L6,Y,1.0,39.0,2024-02-26,
ASN-004814-01,HRIS-WKR-004814,POS-OPS-L1-0039,JOB-OPS-L1-03,Operations L1 Role 03,OPS,L1,Y,0.6,23.4,2024-06-12,
ASN-004815-01,HRIS-WKR-004815,POS-OPS-L4-0059,JOB-OPS-L4-05,Operations L4 Role 05,OPS,L4,Y,1.0,39.0,2018-05-11,
ASN-004816-01,HRIS-WKR-004816,POS-SAL-L6-0179,JOB-SAL-L6-05,Sales L6 Role 05,SAL,L6,Y,1.0,39.0,2021-04-12,
ASN-004817-01,HRIS-WKR-004817,POS-SAL-L1-0145,JOB-SAL-L1-01,Sales L1 Role 01,SAL,L1,Y,0.5,19.5,2022-10-01,
ASN-004818-01,HRIS-WKR-004818,POS-ENG-L5-0026,JOB-ENG-L5-02,Engineering L5 Role 02,ENG,L5,Y,0.8,31.2,2023-11-12,
ASN-004819-01,HRIS-WKR-004819,POS-OPS-L3-0052,JOB-OPS-L3-04,Operations L3 Role 04,OPS,L3,Y,1.0,39.0,2024-07-18,
ASN-004820-01,HRIS-WKR-004820,POS-SAL-L6-0177,JOB-SAL-L6-03,Sales L6 Role 03,SAL,L6,Y,1.0,39.0,2020-11-27,
ASN-004821-01,HRIS-WKR-004821,POS-OPS-L5-0066,JOB-OPS-L5-06,Operations L5 Role 06,OPS,L5,Y,0.8,31.2,2025-11-18,
ASN-004822-01,HRIS-WKR-004822,POS-SAL-L3-0160,JOB-SAL-L3-04,Sales L3 Role 04,SAL,L3,Y,1.0,39.0,2025-05-01,
ASN-004823-01,HRIS-WKR-004823,POS-HR-L5-0137,JOB-HR-L5-05,People L5 Role 05,HR,L5,Y,1.0,39.0,2025-05-23,
ASN-004824-01,HRIS-WKR-004824,POS-TEC-L6-0216,JOB-TEC-L6-06,Technology L6 Role 06,TEC,L6,Y,0.6,23.4,2024-03-22,
ASN-004825-01,HRIS-WKR-004825,POS-TEC-L6-0214,JOB-TEC-L6-04,Technology L6 Role 04,TEC,L6,Y,1.0,39.0,2024-02-10,
ASN-004826-01,HRIS-WKR-004826,POS-HR-L5-0138,JOB-HR-L5-06,People L5 Role 06,HR,L5,Y,1.0,39.0,2023-11-24,
ASN-004827-01,HRIS-WKR-004827,POS-OPS-L5-0061,JOB-OPS-L5-01,Operations L5 Role 01,OPS,L5,Y,1.0,39.0,2020-05-25,
ASN-004828-01,HRIS-WKR-004828,POS-FIN-L1-0078,JOB-FIN-L1-06,Finance L1 Role 06,FIN,L1,Y,1.0,39.0,2019-08-03,
ASN-004829-01,HRIS-WKR-004829,POS-OPS-L5-0062,JOB-OPS-L5-02,Operations L5 Role 02,OPS,L5,Y,0.8,31.2,2021-09-03,
ASN-004830-01,HRIS-WKR-004830,POS-HR-L4-0127,JOB-HR-L4-01,People L4 Role 01,HR,L4,Y,0.8,31.2,2023-12-10,
ASN-004831-01,HRIS-WKR-004831,POS-TEC-L6-0216,JOB-TEC-L6-06,Technology L6 Role 06,TEC,L6,Y,1.0,39.0,2023-06-13,
ASN-004832-01,HRIS-WKR-004832,POS-OPS-L2-0046,JOB-OPS-L2-04,Operations L2 Role 04,OPS,L2,Y,1.0,39.0,2024-01-15,
ASN-004833-01,HRIS-WKR-004833,POS-TEC-L3-0194,JOB-TEC-L3-02,Technology L3 Role 02,TEC,L3,Y,0.8,31.2,2023-10-19,
ASN-004834-01,HRIS-WKR-004834,POS-SAL-L5-0174,JOB-SAL-L5-06,Sales L5 Role 06,SAL,L5,Y,1.0,39.0,2018-03-28,
ASN-004835-01,HRIS-WKR-004835,POS-TEC-L5-0208,JOB-TEC-L5-04,Technology L5 Role 04,TEC,L5,Y,0.6,23.4,2024-12-05,
ASN-004835-02,HRIS-WKR-004835,POS-HR-L1-0113,JOB-HR-L1-05,People L1 Role 05,HR,L1,N,0.4,15.6,2018-08-08,
ASN-004836-01,HRIS-WKR-004836,POS-SAL-L1-0149,JOB-SAL-L1-05,Sales L1 Role 05,SAL,L1,Y,0.6,23.4,2021-06-12,
ASN-004837-01,HRIS-WKR-004837,POS-FIN-L6-0105,JOB-FIN-L6-03,Finance L6 Role 03,FIN,L6,Y,1.0,39.0,2021-11-15,
ASN-004837-02,HRIS-WKR-004837,POS-ENG-L3-0015,JOB-ENG-L3-03,Engineering L3 Role 03,ENG,L3,N,0.4,15.6,2025-09-03,
ASN-004838-01,HRIS-WKR-004838,POS-HR-L6-0141,JOB-HR-L6-03,People L6 Role 03,HR,L6,Y,1.0,39.0,2025-11-18,
ASN-004839-01,HRIS-WKR-004839,POS-FIN-L3-0086,JOB-FIN-L3-02,Finance L3 Role 02,FIN,L3,Y,1.0,39.0,2024-01-16,
ASN-004840-01,HRIS-WKR-004840,POS-ENG-L6-0031,JOB-ENG-L6-01,Engineering L6 Role 01,ENG,L6,Y,1.0,39.0,2023-06-26,
ASN-004841-01,HRIS-WKR-004841,POS-OPS-L3-0054,JOB-OPS-L3-06,Operations L3 Role 06,OPS,L3,Y,0.6,23.4,2025-07-07,
ASN-004842-01,HRIS-WKR-004842,POS-ENG-L2-0008,JOB-ENG-L2-02,Engineering L2 Role 02,ENG,L2,Y,1.0,39.0,2022-04-07,
ASN-004843-01,HRIS-WKR-004843,POS-ENG-L3-0016,JOB-ENG-L3-04,Engineering L3 Role 04,ENG,L3,Y,1.0,39.0,2024-04-10,
ASN-004844-01,HRIS-WKR-004844,POS-SAL-L5-0171,JOB-SAL-L5-03,Sales L5 Role 03,SAL,L5,Y,0.8,31.2,2024-06-04,
ASN-004845-01,HRIS-WKR-004845,POS-FIN-L4-0094,JOB-FIN-L4-04,Finance L4 Role 04,FIN,L4,Y,0.8,31.2,2022-09-15,
ASN-004846-01,HRIS-WKR-004846,POS-ENG-L4-0021,JOB-ENG-L4-03,Engineering L4 Role 03,ENG,L4,Y,1.0,39.0,2019-02-25,
ASN-004847-01,HRIS-WKR-004847,POS-TEC-L4-0202,JOB-TEC-L4-04,Technology L4 Role 04,TEC,L4,Y,1.0,39.0,2025-03-19,
ASN-004848-01,HRIS-WKR-004848,POS-HR-L2-0115,JOB-HR-L2-01,People L2 Role 01,HR,L1,Y,1.0,39.0,2024-01-04,
ASN-004849-01,HRIS-WKR-004849,POS-FIN-L5-0099,JOB-FIN-L5-03,Finance L5 Role 03,FIN,L5,Y,1.0,39.0,2023-07-01,
ASN-004850-01,HRIS-WKR-004850,POS-FIN-L5-0101,JOB-FIN-L5-05,Finance L5 Role 05,FIN,L5,Y,0.5,19.5,2021-01-18,
ASN-004851-01,HRIS-WKR-004851,POS-FIN-L4-0093,JOB-FIN-L4-03,Finance L4 Role 03,FIN,L4,Y,1.0,39.0,2020-05-01,
ASN-004852-01,HRIS-WKR-004852,POS-ENG-L1-0004,JOB-ENG-L1-04,Engineering L1 Role 04,ENG,L1,Y,1.0,39.0,2020-03-09,
ASN-004853-01,HRIS-WKR-004853,POS-OPS-L1-0040,JOB-OPS-L1-04,Operations L1 Role 04,OPS,L1,Y,1.0,39.0,2018-07-07,
ASN-004854-01,HRIS-WKR-004854,POS-ENG-L2-0007,JOB-ENG-L2-01,Engineering L2 Role 01,ENG,L2,Y,1.0,39.0,2019-12-10,
ASN-004855-01,HRIS-WKR-004855,POS-SAL-L3-0158,JOB-SAL-L3-02,Sales L3 Role 02,SAL,L3,Y,1.0,39.0,2020-03-19,
ASN-004856-01,HRIS-WKR-004856,POS-OPS-L3-0054,JOB-OPS-L3-06,Operations L3 Role 06,OPS,L3,Y,1.0,39.0,2023-09-03,
ASN-004857-01,HRIS-WKR-004857,POS-HR-L2-0120,JOB-HR-L2-06,People L2 Role 06,HR,L2,Y,1.0,39.0,2018-09-24,
ASN-004858-01,HRIS-WKR-004858,POS-OPS-L3-0050,JOB-OPS-L3-02,Operations L3 Role 02,OPS,L3,Y,0.8,31.2,2020-01-15,
ASN-004859-01,HRIS-WKR-004859,POS-FIN-L1-0073,JOB-FIN-L1-01,Finance L1 Role 01,FIN,L1,Y,1.0,39.0,2024-03-14,
ASN-004860-01,HRIS-WKR-004860,POS-FIN-L3-0089,JOB-FIN-L3-05,Finance L3 Role 05,FIN,L3,Y,1.0,39.0,2022-05-07,
ASN-004861-01,HRIS-WKR-004861,POS-HR-L4-0132,JOB-HR-L4-06,People L4 Role 06,HR,L4,Y,1.0,39.0,2021-08-15,
ASN-004862-01,HRIS-WKR-004862,POS-ENG-L2-0012,JOB-ENG-L2-06,Engineering L2 Role 06,ENG,L1,Y,0.4,15.6,2022-06-29,
ASN-004863-01,HRIS-WKR-004863,POS-TEC-L4-0204,JOB-TEC-L4-06,Technology L4 Role 06,TEC,L4,Y,1.0,39.0,2018-08-03,
ASN-004864-01,HRIS-WKR-004864,POS-HR-L1-0110,JOB-HR-L1-02,People L1 Role 02,HR,L1,Y,1.0,39.0,2018-12-19,
ASN-004865-01,HRIS-WKR-004865,POS-OPS-L6-0070,JOB-OPS-L6-04,Operations L6 Role 04,OPS,L6,Y,1.0,39.0,2025-12-21,
ASN-004866-01,HRIS-WKR-004866,POS-HR-L3-0122,JOB-HR-L3-02,People L3 Role 02,HR,L3,Y,1.0,39.0,2025-10-17,
ASN-004867-01,HRIS-WKR-004867,POS-ENG-L3-0016,JOB-ENG-L3-04,Engineering L3 Role 04,ENG,L3,Y,1.0,39.0,2021-03-19,
ASN-004868-01,HRIS-WKR-004868,POS-FIN-L2-0084,JOB-FIN-L2-06,Finance L2 Role 06,FIN,L2,Y,1.0,39.0,2024-09-27,
ASN-004869-01,HRIS-WKR-004869,POS-HR-L5-0134,JOB-HR-L5-02,People L5 Role 02,HR,L5,Y,1.0,39.0,2024-03-14,
ASN-004870-01,HRIS-WKR-004870,POS-FIN-L4-0094,JOB-FIN-L4-04,Finance L4 Role 04,FIN,L4,Y,0.5,19.5,2022-02-04,
ASN-004871-01,HRIS-WKR-004871,POS-FIN-L6-0107,JOB-FIN-L6-05,Finance L6 Role 05,FIN,L6,Y,0.5,19.5,2019-07-02,
ASN-004872-01,HRIS-WKR-004872,POS-SAL-L3-0158,JOB-SAL-L3-02,Sales L3 Role 02,SAL,L3,Y,1.0,39.0,2022-05-04,
ASN-004873-01,HRIS-WKR-004873,POS-FIN-L6-0103,JOB-FIN-L6-01,Finance L6 Role 01,FIN,L6,Y,1.0,39.0,2022-04-21,
ASN-004874-01,HRIS-WKR-004874,POS-SAL-L3-0157,JOB-SAL-L3-01,Sales L3 Role 01,SAL,L3,Y,1.0,39.0,2019-04-23,
ASN-004875-01,HRIS-WKR-004875,POS-ENG-L5-0026,JOB-ENG-L5-02,Engineering L5 Role 02,ENG,L5,Y,1.0,39.0,2023-09-04,
ASN-004876-01,HRIS-WKR-004876,POS-OPS-L6-0071,JOB-OPS-L6-05,Operations L6 Role 05,OPS,L6,Y,1.0,39.0,2025-01-11,
ASN-004877-01,HRIS-WKR-004877,POS-OPS-L5-0062,JOB-OPS-L5-02,Operations L5 Role 02,OPS,L5,Y,1.0,39.0,2022-01-24,
ASN-004878-01,HRIS-WKR-004878,POS-HR-L3-0125,JOB-HR-L3-05,People L3 Role 05,HR,L3,Y,1.0,39.0,2018-09-30,
ASN-004879-01,HRIS-WKR-004879,POS-HR-L6-0143,JOB-HR-L6-05,People L6 Role 05,HR,L6,Y,1.0,39.0,2019-01-20,
ASN-004880-01,HRIS-WKR-004880,POS-ENG-L6-0034,JOB-ENG-L6-04,Engineering L6 Role 04,ENG,L6,Y,1.0,39.0,2024-09-25,
ASN-004881-01,HRIS-WKR-004881,POS-HR-L1-0109,JOB-HR-L1-01,People L1 Role 01,HR,L1,Y,1.0,39.0,2025-09-01,
ASN-004882-01,HRIS-WKR-004882,POS-HR-L2-0118,JOB-HR-L2-04,People L2 Role 04,HR,L2,Y,1.0,39.0,2024-09-16,
ASN-004883-01,HRIS-WKR-004883,POS-OPS-L1-0041,JOB-OPS-L1-05,Operations L1 Role 05,OPS,L1,Y,0.8,31.2,2025-07-02,
ASN-004884-01,HRIS-WKR-004884,POS-FIN-L4-0094,JOB-FIN-L4-04,Finance L4 Role 04,FIN,L4,Y,1.0,39.0,2023-01-20,
ASN-004885-01,HRIS-WKR-004885,POS-FIN-L1-0074,JOB-FIN-L1-02,Finance L1 Role 02,FIN,L1,Y,1.0,39.0,2020-01-10,
ASN-004886-01,HRIS-WKR-004886,POS-SAL-L2-0154,JOB-SAL-L2-04,Sales L2 Role 04,SAL,L2,Y,0.8,31.2,2023-04-05,
ASN-004887-01,HRIS-WKR-004887,POS-ENG-L5-0028,JOB-ENG-L5-04,Engineering L5 Role 04,ENG,L5,Y,1.0,39.0,2018-12-02,
ASN-004888-01,HRIS-WKR-004888,POS-SAL-L4-0167,JOB-SAL-L4-05,Sales L4 Role 05,SAL,L4,Y,1.0,39.0,2018-04-29,
ASN-004889-01,HRIS-WKR-004889,POS-TEC-L2-0190,JOB-TEC-L2-04,Technology L2 Role 04,TEC,L2,Y,1.0,39.0,2023-08-24,
ASN-004890-01,HRIS-WKR-004890,POS-SAL-L6-0175,JOB-SAL-L6-01,Sales L6 Role 01,SAL,L6,Y,1.0,39.0,2019-04-11,
ASN-004891-01,HRIS-WKR-004891,POS-ENG-L2-0010,JOB-ENG-L2-04,Engineering L2 Role 04,ENG,L2,Y,1.0,39.0,2022-04-14,
ASN-004892-01,HRIS-WKR-004892,POS-SAL-L6-0176,JOB-SAL-L6-02,Sales L6 Role 02,SAL,L6,Y,1.0,39.0,2023-03-16,
ASN-004893-01,HRIS-WKR-004893,POS-HR-L1-0109,JOB-HR-L1-01,People L1 Role 01,HR,L1,Y,1.0,39.0,2025-04-22,
ASN-004894-01,HRIS-WKR-004894,POS-SAL-L6-0178,JOB-SAL-L6-04,Sales L6 Role 04,SAL,L6,Y,0.5,19.5,2023-03-08,
ASN-004894-02,HRIS-WKR-004894,POS-HR-L2-0115,JOB-HR-L2-01,People L2 Role 01,HR,L2,N,0.2,7.8,2023-06-04,
ASN-004895-01,HRIS-WKR-004895,POS-OPS-L2-0047,JOB-OPS-L2-05,Operations L2 Role 05,OPS,L2,Y,1.0,39.0,2021-04-12,
ASN-004896-01,HRIS-WKR-004896,POS-FIN-L3-0090,JOB-FIN-L3-06,Finance L3 Role 06,FIN,L3,Y,0.4,15.6,2024-02-21,
ASN-004897-01,HRIS-WKR-004897,POS-TEC-L1-0185,JOB-TEC-L1-05,Technology L1 Role 05,TEC,L1,Y,1.0,39.0,2022-06-18,
ASN-004898-01,HRIS-WKR-004898,POS-TEC-L6-0214,JOB-TEC-L6-04,Technology L6 Role 04,TEC,L6,Y,0.8,31.2,2020-12-21,
ASN-004899-01,HRIS-WKR-004899,POS-ENG-L5-0025,JOB-ENG-L5-01,Engineering L5 Role 01,ENG,L5,Y,1.0,39.0,2025-08-05,
ASN-004900-01,HRIS-WKR-004900,POS-OPS-L3-0052,JOB-OPS-L3-04,Operations L3 Role 04,OPS,L3,Y,1.0,39.0,2023-05-20,
ASN-004901-01,HRIS-WKR-004901,POS-SAL-L6-0180,JOB-SAL-L6-06,Sales L6 Role 06,SAL,L4,Y,1.0,39.0,2020-05-04,
ASN-004902-01,HRIS-WKR-004902,POS-FIN-L1-0076,JOB-FIN-L1-04,Finance L1 Role 04,FIN,L1,Y,1.0,39.0,2025-02-07,
ASN-004902-02,HRIS-WKR-004902,POS-FIN-L5-0097,JOB-FIN-L5-01,Finance L5 Role 01,FIN,L5,N,0.2,7.8,2019-03-19,
ASN-004903-01,HRIS-WKR-004903,POS-FIN-L2-0081,JOB-FIN-L2-03,Finance L2 Role 03,FIN,L2,Y,0.8,31.2,2023-02-26,
ASN-004904-01,HRIS-WKR-004904,POS-OPS-L1-0041,JOB-OPS-L1-05,Operations L1 Role 05,OPS,L1,Y,1.0,39.0,2020-12-08,
ASN-004904-02,HRIS-WKR-004904,POS-FIN-L3-0085,JOB-FIN-L3-01,Finance L3 Role 01,FIN,L3,N,0.4,15.6,2019-06-23,
ASN-004905-01,HRIS-WKR-004905,POS-HR-L1-0114,JOB-HR-L1-06,People L1 Role 06,HR,L1,Y,1.0,39.0,2025-11-24,
ASN-004906-01,HRIS-WKR-004906,POS-HR-L2-0119,JOB-HR-L2-05,People L2 Role 05,HR,L2,Y,1.0,39.0,2022-03-28,
ASN-004907-01,HRIS-WKR-004907,POS-TEC-L4-0203,JOB-TEC-L4-05,Technology L4 Role 05,TEC,L4,Y,1.0,39.0,2018-02-28,
ASN-004908-01,HRIS-WKR-004908,POS-FIN-L3-0089,JOB-FIN-L3-05,Finance L3 Role 05,FIN,L3,Y,1.0,39.0,2024-12-12,
ASN-004909-01,HRIS-WKR-004909,POS-HR-L6-0143,JOB-HR-L6-05,People L6 Role 05,HR,L6,Y,1.0,39.0,2019-10-07,
ASN-004910-01,HRIS-WKR-004910,POS-OPS-L2-0045,JOB-OPS-L2-03,Operations L2 Role 03,OPS,L2,Y,1.0,39.0,2025-05-16,
ASN-004911-01,HRIS-WKR-004911,POS-OPS-L1-0042,JOB-OPS-L1-06,Operations L1 Role 06,OPS,L1,Y,1.0,39.0,2022-04-27,
ASN-004912-01,HRIS-WKR-004912,POS-OPS-L1-0042,JOB-OPS-L1-06,Operations L1 Role 06,OPS,L1,Y,1.0,39.0,2018-01-05,
ASN-004913-01,HRIS-WKR-004913,POS-FIN-L1-0073,JOB-FIN-L1-01,Finance L1 Role 01,FIN,L1,Y,1.0,39.0,2019-08-24,
ASN-004914-01,HRIS-WKR-004914,POS-TEC-L5-0206,JOB-TEC-L5-02,Technology L5 Role 02,TEC,L5,Y,1.0,39.0,2025-11-05,
ASN-004915-01,HRIS-WKR-004915,POS-FIN-L5-0102,JOB-FIN-L5-06,Finance L5 Role 06,FIN,L5,Y,1.0,39.0,2021-07-10,
ASN-004916-01,HRIS-WKR-004916,POS-HR-L5-0136,JOB-HR-L5-04,People L5 Role 04,HR,L5,Y,0.5,19.5,2024-09-01,
ASN-004916-02,HRIS-WKR-004916,POS-OPS-L4-0056,JOB-OPS-L4-02,Operations L4 Role 02,OPS,L4,N,0.4,15.6,2021-03-23,
ASN-004917-01,HRIS-WKR-004917,POS-SAL-L4-0166,JOB-SAL-L4-04,Sales L4 Role 04,SAL,L4,Y,1.0,39.0,2020-05-05,
ASN-004918-01,HRIS-WKR-004918,POS-OPS-L3-0053,JOB-OPS-L3-05,Operations L3 Role 05,OPS,L3,Y,1.0,39.0,2025-05-04,
ASN-004919-01,HRIS-WKR-004919,POS-HR-L3-0123,JOB-HR-L3-03,People L3 Role 03,HR,L3,Y,1.0,39.0,2018-11-07,
ASN-004920-01,HRIS-WKR-004920,POS-HR-L2-0115,JOB-HR-L2-01,People L2 Role 01,HR,L2,Y,1.0,39.0,2020-04-20,
ASN-004921-01,HRIS-WKR-004921,POS-HR-L5-0137,JOB-HR-L5-05,People L5 Role 05,HR,L5,Y,1.0,39.0,2021-12-26,
ASN-004922-01,HRIS-WKR-004922,POS-HR-L3-0121,JOB-HR-L3-01,People L3 Role 01,HR,L3,Y,0.8,31.2,2021-09-20,
ASN-004923-01,HRIS-WKR-004923,POS-FIN-L4-0094,JOB-FIN-L4-04,Finance L4 Role 04,FIN,L4,Y,0.4,15.6,2025-04-25,
ASN-004923-02,HRIS-WKR-004923,POS-OPS-L4-0060,JOB-OPS-L4-06,Operations L4 Role 06,OPS,L4,N,0.2,7.8,2018-01-06,
ASN-004924-01,HRIS-WKR-004924,POS-TEC-L3-0196,JOB-TEC-L3-04,Technology L3 Role 04,TEC,L3,Y,1.0,39.0,2018-11-04,
ASN-004925-01,HRIS-WKR-004925,POS-FIN-L1-0076,JOB-FIN-L1-04,Finance L1 Role 04,FIN,L1,Y,0.6,23.4,2020-08-05,
ASN-004925-02,HRIS-WKR-004925,POS-SAL-L1-0145,JOB-SAL-L1-01,Sales L1 Role 01,SAL,L1,N,0.3,11.7,2020-05-08,
ASN-004926-01,HRIS-WKR-004926,POS-HR-L3-0123,JOB-HR-L3-03,People L3 Role 03,HR,L3,Y,1.0,39.0,2019-11-21,
ASN-004927-01,HRIS-WKR-004927,POS-ENG-L1-0001,JOB-ENG-L1-01,Engineering L1 Role 01,ENG,L3,Y,1.0,39.0,2024-11-15,
ASN-004928-01,HRIS-WKR-004928,POS-FIN-L1-0078,JOB-FIN-L1-06,Finance L1 Role 06,FIN,L1,Y,1.0,39.0,2023-09-06,
ASN-004929-01,HRIS-WKR-004929,POS-FIN-L6-0106,JOB-FIN-L6-04,Finance L6 Role 04,FIN,L6,Y,1.0,39.0,2021-02-25,
ASN-004930-01,HRIS-WKR-004930,POS-OPS-L2-0046,JOB-OPS-L2-04,Operations L2 Role 04,OPS,L2,Y,1.0,39.0,2022-07-27,
ASN-004931-01,HRIS-WKR-004931,POS-SAL-L1-0149,JOB-SAL-L1-05,Sales L1 Role 05,SAL,L1,Y,1.0,39.0,2019-04-04,
ASN-004932-01,HRIS-WKR-004932,POS-TEC-L4-0204,JOB-TEC-L4-06,Technology L4 Role 06,TEC,L4,Y,0.8,31.2,2025-05-13,
ASN-004933-01,HRIS-WKR-004933,POS-FIN-L2-0084,JOB-FIN-L2-06,Finance L2 Role 06,FIN,L2,Y,1.0,39.0,2022-06-07,
ASN-004934-01,HRIS-WKR-004934,POS-TEC-L3-0196,JOB-TEC-L3-04,Technology L3 Role 04,TEC,L3,Y,0.8,31.2,2023-01-03,
ASN-004935-01,HRIS-WKR-004935,POS-FIN-L3-0090,JOB-FIN-L3-06,Finance L3 Role 06,FIN,L3,Y,1.0,39.0,2020-06-30,
ASN-004936-01,HRIS-WKR-004936,POS-TEC-L2-0190,JOB-TEC-L2-04,Technology L2 Role 04,TEC,L2,Y,0.5,19.5,2025-02-12,
ASN-004937-01,HRIS-WKR-004937,POS-TEC-L1-0185,JOB-TEC-L1-05,Technology L1 Role 05,TEC,L1,Y,1.0,39.0,2021-04-06,
ASN-004938-01,HRIS-WKR-004938,POS-ENG-L6-0032,JOB-ENG-L6-02,Engineering L6 Role 02,ENG,L6,Y,1.0,39.0,2020-03-22,
ASN-004939-01,HRIS-WKR-004939,POS-FIN-L3-0085,JOB-FIN-L3-01,Finance L3 Role 01,FIN,L3,Y,1.0,39.0,2023-04-16,
ASN-004940-01,HRIS-WKR-004940,POS-SAL-L6-0179,JOB-SAL-L6-05,Sales L6 Role 05,SAL,L6,Y,1.0,39.0,2018-03-28,
ASN-004941-01,HRIS-WKR-004941,POS-OPS-L5-0061,JOB-OPS-L5-01,Operations L5 Role 01,OPS,L5,Y,0.8,31.2,2018-06-10,
ASN-004941-02,HRIS-WKR-004941,POS-SAL-L3-0159,JOB-SAL-L3-03,Sales L3 Role 03,SAL,L3,N,0.3,11.7,2019-11-25,
ASN-004942-01,HRIS-WKR-004942,POS-ENG-L3-0015,JOB-ENG-L3-03,Engineering L3 Role 03,ENG,L3,Y,1.0,39.0,2021-02-19,
ASN-004942-02,HRIS-WKR-004942,POS-SAL-L6-0177,JOB-SAL-L6-03,Sales L6 Role 03,SAL,L6,N,0.3,11.7,2019-08-25,
ASN-004943-01,HRIS-WKR-004943,POS-ENG-L6-0034,JOB-ENG-L6-04,Engineering L6 Role 04,ENG,L6,Y,1.0,39.0,2024-12-30,
ASN-004944-01,HRIS-WKR-004944,POS-TEC-L4-0203,JOB-TEC-L4-05,Technology L4 Role 05,TEC,L4,Y,0.8,31.2,2025-09-01,
ASN-004945-01,HRIS-WKR-004945,POS-HR-L5-0136,JOB-HR-L5-04,People L5 Role 04,HR,L5,Y,1.0,39.0,2024-10-18,
ASN-004946-01,HRIS-WKR-004946,POS-ENG-L3-0014,JOB-ENG-L3-02,Engineering L3 Role 02,ENG,L3,Y,1.0,39.0,2022-03-22,
ASN-004947-01,HRIS-WKR-004947,POS-OPS-L2-0045,JOB-OPS-L2-03,Operations L2 Role 03,OPS,L2,Y,1.0,39.0,2021-03-12,
ASN-004948-01,HRIS-WKR-004948,POS-FIN-L6-0104,JOB-FIN-L6-02,Finance L6 Role 02,FIN,L6,Y,1.0,39.0,2023-11-27,
ASN-004949-01,HRIS-WKR-004949,POS-SAL-L3-0158,JOB-SAL-L3-02,Sales L3 Role 02,SAL,L3,Y,1.0,39.0,2022-10-24,
ASN-004950-01,HRIS-WKR-004950,POS-TEC-L6-0213,JOB-TEC-L6-03,Technology L6 Role 03,TEC,L6,Y,1.0,39.0,2018-07-21,
ASN-004951-01,HRIS-WKR-004951,POS-HR-L3-0123,JOB-HR-L3-03,People L3 Role 03,HR,L3,Y,1.0,39.0,2023-11-27,
ASN-004952-01,HRIS-WKR-004952,POS-TEC-L6-0211,JOB-TEC-L6-01,Technology L6 Role 01,TEC,L6,Y,1.0,39.0,2022-11-07,
ASN-004953-01,HRIS-WKR-004953,POS-FIN-L1-0075,JOB-FIN-L1-03,Finance L1 Role 03,FIN,L1,Y,0.5,19.5,2021-12-11,
ASN-004954-01,HRIS-WKR-004954,POS-FIN-L2-0080,JOB-FIN-L2-02,Finance L2 Role 02,FIN,L2,Y,0.4,15.6,2022-11-26,
ASN-004955-01,HRIS-WKR-004955,POS-HR-L5-0136,JOB-HR-L5-04,People L5 Role 04,HR,L5,Y,1.0,39.0,2024-07-04,
ASN-004956-01,HRIS-WKR-004956,POS-SAL-L2-0154,JOB-SAL-L2-04,Sales L2 Role 04,SAL,L2,Y,1.0,39.0,2023-04-16,
ASN-004957-01,HRIS-WKR-004957,POS-HR-L1-0110,JOB-HR-L1-02,People L1 Role 02,HR,L1,Y,1.0,39.0,2024-01-22,
ASN-004957-02,HRIS-WKR-004957,POS-HR-L6-0144,JOB-HR-L6-06,People L6 Role 06,HR,L6,N,0.3,11.7,2020-01-28,
ASN-004958-01,HRIS-WKR-004958,POS-HR-L4-0130,JOB-HR-L4-04,People L4 Role 04,HR,L4,Y,1.0,39.0,2022-05-18,
ASN-004959-01,HRIS-WKR-004959,POS-ENG-L5-0029,JOB-ENG-L5-05,Engineering L5 Role 05,ENG,L5,Y,0.8,31.2,2021-07-10,
ASN-004960-01,HRIS-WKR-004960,POS-OPS-L4-0056,JOB-OPS-L4-02,Operations L4 Role 02,OPS,L4,Y,1.0,39.0,2022-10-11,
ASN-004960-02,HRIS-WKR-004960,POS-ENG-L4-0024,JOB-ENG-L4-06,Engineering L4 Role 06,ENG,L4,N,0.2,7.8,2020-11-26,
ASN-004961-01,HRIS-WKR-004961,POS-OPS-L3-0053,JOB-OPS-L3-05,Operations L3 Role 05,OPS,L3,Y,1.0,39.0,2018-09-21,
ASN-004962-01,HRIS-WKR-004962,POS-HR-L5-0135,JOB-HR-L5-03,People L5 Role 03,HR,L5,Y,1.0,39.0,2020-04-07,
ASN-004963-01,HRIS-WKR-004963,POS-HR-L3-0121,JOB-HR-L3-01,People L3 Role 01,HR,L3,Y,0.5,19.5,2019-08-29,
ASN-004964-01,HRIS-WKR-004964,POS-TEC-L5-0206,JOB-TEC-L5-02,Technology L5 Role 02,TEC,L5,Y,0.8,31.2,2024-06-14,
ASN-004965-01,HRIS-WKR-004965,POS-SAL-L2-0154,JOB-SAL-L2-04,Sales L2 Role 04,SAL,L2,Y,1.0,39.0,2025-08-17,
ASN-004966-01,HRIS-WKR-004966,POS-FIN-L3-0089,JOB-FIN-L3-05,Finance L3 Role 05,FIN,L3,Y,1.0,39.0,2025-01-18,
ASN-004967-01,HRIS-WKR-004967,POS-OPS-L5-0064,JOB-OPS-L5-04,Operations L5 Role 04,OPS,L5,Y,1.0,39.0,2022-08-24,
ASN-004968-01,HRIS-WKR-004968,POS-TEC-L1-0183,JOB-TEC-L1-03,Technology L1 Role 03,TEC,L1,Y,1.0,39.0,2021-11-05,
ASN-004969-01,HRIS-WKR-004969,POS-TEC-L6-0214,JOB-TEC-L6-04,Technology L6 Role 04,TEC,L6,Y,1.0,39.0,2024-09-01,
ASN-004970-01,HRIS-WKR-004970,POS-FIN-L3-0085,JOB-FIN-L3-01,Finance L3 Role 01,FIN,L3,Y,1.0,39.0,2020-07-04,
ASN-004971-01,HRIS-WKR-004971,POS-TEC-L5-0206,JOB-TEC-L5-02,Technology L5 Role 02,TEC,L5,Y,1.0,39.0,2018-04-08,
ASN-004972-01,HRIS-WKR-004972,POS-OPS-L1-0041,JOB-OPS-L1-05,Operations L1 Role 05,OPS,L1,Y,1.0,39.0,2020-03-29,
ASN-004973-01,HRIS-WKR-004973,POS-SAL-L6-0180,JOB-SAL-L6-06,Sales L6 Role 06,SAL,L6,Y,0.8,31.2,2020-11-08,
ASN-004974-01,HRIS-WKR-004974,POS-SAL-L4-0165,JOB-SAL-L4-03,Sales L4 Role 03,SAL,L4,Y,1.0,39.0,2023-01-20,
ASN-004975-01,HRIS-WKR-004975,POS-FIN-L3-0086,JOB-FIN-L3-02,Finance L3 Role 02,FIN,L3,Y,1.0,39.0,2024-04-08,
ASN-004976-01,HRIS-WKR-004976,POS-ENG-L5-0028,JOB-ENG-L5-04,Engineering L5 Role 04,ENG,L5,Y,1.0,39.0,2020-10-26,
ASN-004977-01,HRIS-WKR-004977,POS-OPS-L5-0063,JOB-OPS-L5-03,Operations L5 Role 03,OPS,L5,Y,1.0,39.0,2024-02-05,
ASN-004978-01,HRIS-WKR-004978,POS-FIN-L2-0083,JOB-FIN-L2-05,Finance L2 Role 05,FIN,L2,Y,1.0,39.0,2023-07-22,
ASN-004979-01,HRIS-WKR-004979,POS-OPS-L4-0055,JOB-OPS-L4-01,Operations L4 Role 01,OPS,L4,Y,1.0,39.0,2018-05-21,
ASN-004980-01,HRIS-WKR-004980,POS-ENG-L1-0006,JOB-ENG-L1-06,Engineering L1 Role 06,ENG,L1,Y,1.0,39.0,2020-11-21,
ASN-004981-01,HRIS-WKR-004981,POS-ENG-L5-0027,JOB-ENG-L5-03,Engineering L5 Role 03,ENG,L5,Y,0.8,31.2,2021-01-10,
ASN-004982-01,HRIS-WKR-004982,POS-ENG-L3-0018,JOB-ENG-L3-06,Engineering L3 Role 06,ENG,L3,Y,1.0,39.0,2019-03-11,
ASN-004982-02,HRIS-WKR-004982,POS-TEC-L5-0205,JOB-TEC-L5-01,Technology L5 Role 01,TEC,L5,N,0.2,7.8,2022-06-27,
ASN-004983-01,HRIS-WKR-004983,POS-FIN-L6-0104,JOB-FIN-L6-02,Finance L6 Role 02,FIN,L6,Y,1.0,39.0,2025-03-26,
ASN-004984-01,HRIS-WKR-004984,POS-SAL-L1-0150,JOB-SAL-L1-06,Sales L1 Role 06,SAL,L1,Y,1.0,39.0,2021-02-07,
ASN-004985-01,HRIS-WKR-004985,POS-SAL-L5-0171,JOB-SAL-L5-03,Sales L5 Role 03,SAL,L5,Y,1.0,39.0,2023-03-25,
ASN-004986-01,HRIS-WKR-004986,POS-FIN-L2-0079,JOB-FIN-L2-01,Finance L2 Role 01,FIN,L4,Y,1.0,39.0,2023-01-23,
ASN-004987-01,HRIS-WKR-004987,POS-ENG-L4-0021,JOB-ENG-L4-03,Engineering L4 Role 03,ENG,L4,Y,1.0,39.0,2021-10-31,
ASN-004988-01,HRIS-WKR-004988,POS-SAL-L3-0162,JOB-SAL-L3-06,Sales L3 Role 06,SAL,L3,Y,1.0,39.0,2019-06-21,
ASN-004989-01,HRIS-WKR-004989,POS-ENG-L6-0033,JOB-ENG-L6-03,Engineering L6 Role 03,ENG,L6,Y,1.0,39.0,2021-03-13,
ASN-004990-01,HRIS-WKR-004990,POS-ENG-L2-0007,JOB-ENG-L2-01,Engineering L2 Role 01,ENG,L1,Y,1.0,39.0,2025-07-07,
ASN-004991-01,HRIS-WKR-004991,POS-HR-L1-0109,JOB-HR-L1-01,People L1 Role 01,HR,L1,Y,1.0,39.0,2025-11-12,
ASN-004992-01,HRIS-WKR-004992,POS-ENG-L3-0013,JOB-ENG-L3-01,Engineering L3 Role 01,ENG,L3,Y,0.5,19.5,2023-06-20,
ASN-004993-01,HRIS-WKR-004993,POS-SAL-L6-0176,JOB-SAL-L6-02,Sales L6 Role 02,SAL,L6,Y,1.0,39.0,2024-06-22,
ASN-004994-01,HRIS-WKR-004994,POS-HR-L4-0128,JOB-HR-L4-02,People L4 Role 02,HR,L4,Y,1.0,39.0,2018-06-26,
ASN-004995-01,HRIS-WKR-004995,POS-ENG-L4-0019,JOB-ENG-L4-01,Engineering L4 Role 01,ENG,L4,Y,1.0,39.0,2021-01-18,
ASN-004996-01,HRIS-WKR-004996,POS-TEC-L3-0197,JOB-TEC-L3-05,Technology L3 Role 05,TEC,L3,Y,0.8,31.2,2023-04-14,
ASN-004997-01,HRIS-WKR-004997,POS-TEC-L2-0187,JOB-TEC-L2-01,Technology L2 Role 01,TEC,L2,Y,1.0,39.0,2020-07-03,
ASN-004998-01,HRIS-WKR-004998,POS-FIN-L1-0073,JOB-FIN-L1-01,Finance L1 Role 01,FIN,L1,Y,1.0,39.0,2025-10-12,
ASN-004999-01,HRIS-WKR-004999,POS-SAL-L1-0145,JOB-SAL-L1-01,Sales L1 Role 01,SAL,L1,Y,1.0,39.0,2018-01-01,
ASN-005000-01,HRIS-WKR-005000,POS-TEC-L4-0203,JOB-TEC-L4-05,Technology L4 Role 05,TEC,L4,Y,1.0,39.0,2023-03-30,
ASN-005000-02,HRIS-WKR-005000,POS-FIN-L6-0107,JOB-FIN-L6-05,Finance L6 Role 05,FIN,L6,N,0.2,7.8,2019-10-13,
ASN-005001-01,HRIS-WKR-005001,POS-HR-L4-0129,JOB-HR-L4-03,People L4 Role 03,HR,L4,Y,1.0,39.0,2020-09-13,
ASN-005002-01,HRIS-WKR-005002,POS-SAL-L6-0176,JOB-SAL-L6-02,Sales L6 Role 02,SAL,L6,Y,0.6,23.4,2021-09-12,
ASN-005003-01,HRIS-WKR-005003,POS-FIN-L6-0106,JOB-FIN-L6-04,Finance L6 Role 04,FIN,L6,Y,1.0,39.0,2023-01-31,
ASN-005004-01,HRIS-WKR-005004,POS-OPS-L5-0062,JOB-OPS-L5-02,Operations L5 Role 02,OPS,L5,Y,1.0,39.0,2022-03-02,
ASN-005005-01,HRIS-WKR-005005,POS-HR-L2-0116,JOB-HR-L2-02,People L2 Role 02,HR,L2,Y,0.8,31.2,2018-01-12,
ASN-005006-01,HRIS-WKR-005006,POS-HR-L5-0136,JOB-HR-L5-04,People L5 Role 04,HR,L5,Y,1.0,39.0,2022-02-27,
ASN-005006-02,HRIS-WKR-005006,POS-OPS-L5-0061,JOB-OPS-L5-01,Operations L5 Role 01,OPS,L5,N,0.4,15.6,2021-05-09,
ASN-005007-01,HRIS-WKR-005007,POS-OPS-L1-0042,JOB-OPS-L1-06,Operations L1 Role 06,OPS,L1,Y,0.5,19.5,2020-05-07,
ASN-005008-01,HRIS-WKR-005008,POS-FIN-L3-0086,JOB-FIN-L3-02,Finance L3 Role 02,FIN,L3,Y,1.0,39.0,2020-10-07,
ASN-005009-01,HRIS-WKR-005009,POS-SAL-L5-0169,JOB-SAL-L5-01,Sales L5 Role 01,SAL,L5,Y,1.0,39.0,2018-11-06,
ASN-005010-01,HRIS-WKR-005010,POS-FIN-L1-0077,JOB-FIN-L1-05,Finance L1 Role 05,FIN,L1,Y,0.8,31.2,2019-08-20,
ASN-005011-01,HRIS-WKR-005011,POS-TEC-L3-0198,JOB-TEC-L3-06,Technology L3 Role 06,TEC,L3,Y,1.0,39.0,2018-03-24,
ASN-005012-01,HRIS-WKR-005012,POS-FIN-L6-0107,JOB-FIN-L6-05,Finance L6 Role 05,FIN,L6,Y,1.0,39.0,2018-05-12,
ASN-005013-01,HRIS-WKR-005013,POS-SAL-L5-0170,JOB-SAL-L5-02,Sales L5 Role 02,SAL,L5,Y,1.0,39.0,2024-08-15,
ASN-005014-01,HRIS-WKR-005014,POS-FIN-L2-0079,JOB-FIN-L2-01,Finance L2 Role 01,FIN,L2,Y,,,2018-04-21,
ASN-005015-01,HRIS-WKR-005015,POS-HR-L1-0109,JOB-HR-L1-01,People L1 Role 01,HR,L1,Y,1.0,39.0,2021-10-28,
ASN-005016-01,HRIS-WKR-005016,POS-ENG-L2-0012,JOB-ENG-L2-06,Engineering L2 Role 06,ENG,L2,Y,1.0,39.0,2018-06-15,
ASN-005017-01,HRIS-WKR-005017,POS-TEC-L1-0184,JOB-TEC-L1-04,Technology L1 Role 04,TEC,L1,Y,1.0,39.0,2022-07-26,
ASN-005018-01,HRIS-WKR-005018,POS-HR-L2-0120,JOB-HR-L2-06,People L2 Role 06,HR,L2,Y,0.4,15.6,2025-11-16,
ASN-005019-01,HRIS-WKR-005019,POS-ENG-L2-0009,JOB-ENG-L2-03,Engineering L2 Role 03,ENG,L2,Y,0.5,19.5,2024-04-04,
ASN-005020-01,HRIS-WKR-005020,POS-FIN-L3-0086,JOB-FIN-L3-02,Finance L3 Role 02,FIN,L5,Y,1.0,39.0,2025-06-02,
ASN-005021-01,HRIS-WKR-005021,POS-SAL-L2-0151,JOB-SAL-L2-01,Sales L2 Role 01,SAL,L2,Y,1.0,39.0,2021-12-21,
ASN-005022-01,HRIS-WKR-005022,POS-ENG-L6-0036,JOB-ENG-L6-06,Engineering L6 Role 06,ENG,L6,Y,1.0,39.0,2021-11-11,
ASN-005023-01,HRIS-WKR-005023,POS-TEC-L4-0202,JOB-TEC-L4-04,Technology L4 Role 04,TEC,L4,Y,1.0,39.0,2021-02-04,
ASN-005024-01,HRIS-WKR-005024,POS-SAL-L5-0173,JOB-SAL-L5-05,Sales L5 Role 05,SAL,L5,Y,0.8,31.2,2023-12-06,
ASN-005025-01,HRIS-WKR-005025,POS-SAL-L2-0156,JOB-SAL-L2-06,Sales L2 Role 06,SAL,L2,Y,1.0,39.0,2020-10-11,
ASN-005026-01,HRIS-WKR-005026,POS-TEC-L4-0199,JOB-TEC-L4-01,Technology L4 Role 01,TEC,L4,Y,1.0,39.0,2025-01-07,
ASN-005027-01,HRIS-WKR-005027,POS-OPS-L2-0044,JOB-OPS-L2-02,Operations L2 Role 02,OPS,L2,Y,1.0,39.0,2023-04-17,
ASN-005028-01,HRIS-WKR-005028,POS-SAL-L5-0174,JOB-SAL-L5-06,Sales L5 Role 06,SAL,L5,Y,0.5,19.5,2021-09-14,
ASN-005029-01,HRIS-WKR-005029,POS-OPS-L5-0064,JOB-OPS-L5-04,Operations L5 Role 04,OPS,L5,Y,1.0,39.0,2025-02-21,
ASN-005030-01,HRIS-WKR-005030,POS-HR-L5-0133,JOB-HR-L5-01,People L5 Role 01,HR,L5,Y,1.0,39.0,2023-12-10,
ASN-005031-01,HRIS-WKR-005031,POS-HR-L5-0133,JOB-HR-L5-01,People L5 Role 01,HR,L5,Y,0.6,23.4,2018-06-21,
ASN-005032-01,HRIS-WKR-005032,POS-SAL-L2-0151,JOB-SAL-L2-01,Sales L2 Role 01,SAL,L2,Y,1.0,39.0,2019-04-03,
ASN-005033-01,HRIS-WKR-005033,POS-FIN-L5-0099,JOB-FIN-L5-03,Finance L5 Role 03,FIN,L5,Y,0.5,19.5,2024-01-25,
ASN-005034-01,HRIS-WKR-005034,POS-TEC-L6-0214,JOB-TEC-L6-04,Technology L6 Role 04,TEC,L6,Y,0.4,15.6,2019-10-17,
ASN-005035-01,HRIS-WKR-005035,POS-TEC-L6-0216,JOB-TEC-L6-06,Technology L6 Role 06,TEC,L6,Y,0.8,31.2,2022-08-19,
ASN-005036-01,HRIS-WKR-005036,POS-SAL-L6-0176,JOB-SAL-L6-02,Sales L6 Role 02,SAL,L6,Y,1.0,39.0,2018-05-15,
ASN-005037-01,HRIS-WKR-005037,POS-FIN-L6-0107,JOB-FIN-L6-05,Finance L6 Role 05,FIN,L6,Y,1.0,39.0,2018-03-05,
ASN-005038-01,HRIS-WKR-005038,POS-TEC-L1-0182,JOB-TEC-L1-02,Technology L1 Role 02,TEC,L1,Y,1.0,39.0,2021-11-12,
ASN-005038-02,HRIS-WKR-005038,POS-HR-L5-0133,JOB-HR-L5-01,People L5 Role 01,HR,L5,N,0.3,11.7,2023-06-20,
ASN-005039-01,HRIS-WKR-005039,POS-FIN-L4-0096,JOB-FIN-L4-06,Finance L4 Role 06,FIN,L4,Y,0.4,15.6,2021-04-28,
ASN-005040-01,HRIS-WKR-005040,POS-OPS-L1-0037,JOB-OPS-L1-01,Operations L1 Role 01,OPS,L1,Y,0.8,31.2,2025-11-02,
ASN-005041-01,HRIS-WKR-005041,POS-ENG-L1-0004,JOB-ENG-L1-04,Engineering L1 Role 04,ENG,L1,Y,1.0,39.0,2018-02-15,
ASN-005041-02,HRIS-WKR-005041,POS-ENG-L2-0007,JOB-ENG-L2-01,Engineering L2 Role 01,ENG,L2,N,0.2,7.8,2022-05-25,
ASN-005042-01,HRIS-WKR-005042,POS-OPS-L1-0041,JOB-OPS-L1-05,Operations L1 Role 05,OPS,L1,Y,1.0,39.0,2022-09-29,
ASN-005043-01,HRIS-WKR-005043,POS-FIN-L5-0100,JOB-FIN-L5-04,Finance L5 Role 04,FIN,L5,Y,1.0,39.0,2020-08-10,
ASN-005044-01,HRIS-WKR-005044,POS-HR-L6-0144,JOB-HR-L6-06,People L6 Role 06,HR,L6,Y,1.0,39.0,2018-04-01,
ASN-005045-01,HRIS-WKR-005045,POS-HR-L4-0127,JOB-HR-L4-01,People L4 Role 01,HR,L4,Y,1.0,39.0,2024-10-01,
ASN-005046-01,HRIS-WKR-005046,POS-TEC-L5-0209,JOB-TEC-L5-05,Technology L5 Role 05,TEC,L5,Y,1.0,39.0,2021-06-29,
ASN-005047-01,HRIS-WKR-005047,POS-OPS-L3-0051,JOB-OPS-L3-03,Operations L3 Role 03,OPS,L3,Y,1.0,39.0,2019-04-04,
ASN-005048-01,HRIS-WKR-005048,POS-SAL-L2-0152,JOB-SAL-L2-02,Sales L2 Role 02,SAL,L2,Y,1.0,39.0,2024-04-13,
ASN-005048-02,HRIS-WKR-005048,POS-TEC-L6-0213,JOB-TEC-L6-03,Technology L6 Role 03,TEC,L6,N,0.3,11.7,2021-06-03,
ASN-005049-01,HRIS-WKR-005049,POS-TEC-L1-0184,JOB-TEC-L1-04,Technology L1 Role 04,TEC,L1,Y,0.5,19.5,2022-08-23,
ASN-005050-01,HRIS-WKR-005050,POS-SAL-L3-0160,JOB-SAL-L3-04,Sales L3 Role 04,SAL,L3,Y,1.0,39.0,2024-03-04,
ASN-005051-01,HRIS-WKR-005051,POS-OPS-L1-0037,JOB-OPS-L1-01,Operations L1 Role 01,OPS,L1,Y,0.8,31.2,2021-11-30,
ASN-005052-01,HRIS-WKR-005052,POS-HR-L6-0139,JOB-HR-L6-01,People L6 Role 01,HR,L6,Y,1.0,39.0,2021-02-18,
ASN-005052-02,HRIS-WKR-005052,POS-TEC-L4-0201,JOB-TEC-L4-03,Technology L4 Role 03,TEC,L4,N,0.2,7.8,2020-06-06,
ASN-005053-01,HRIS-WKR-005053,POS-ENG-L5-0026,JOB-ENG-L5-02,Engineering L5 Role 02,ENG,L5,Y,1.0,39.0,2021-04-29,
ASN-005054-01,HRIS-WKR-005054,POS-ENG-L6-0036,JOB-ENG-L6-06,Engineering L6 Role 06,ENG,L6,Y,1.0,39.0,2026-01-18,
ASN-005055-01,HRIS-WKR-005055,POS-TEC-L1-0186,JOB-TEC-L1-06,Technology L1 Role 06,TEC,L1,Y,1.0,39.0,2020-08-23,
ASN-005056-01,HRIS-WKR-005056,POS-TEC-L1-0186,JOB-TEC-L1-06,Technology L1 Role 06,TEC,L1,Y,1.0,39.0,2018-02-01,
ASN-005057-01,HRIS-WKR-005057,POS-TEC-L4-0202,JOB-TEC-L4-04,Technology L4 Role 04,TEC,L4,Y,0.5,19.5,2025-11-16,
ASN-005058-01,HRIS-WKR-005058,POS-TEC-L1-0183,JOB-TEC-L1-03,Technology L1 Role 03,TEC,L1,Y,0.4,15.6,2021-04-03,
ASN-005059-01,HRIS-WKR-005059,POS-SAL-L2-0156,JOB-SAL-L2-06,Sales L2 Role 06,SAL,L2,Y,,,2018-03-06,
ASN-005060-01,HRIS-WKR-005060,POS-HR-L5-0137,JOB-HR-L5-05,People L5 Role 05,HR,L5,Y,0.6,23.4,2025-10-23,
ASN-005061-01,HRIS-WKR-005061,POS-FIN-L3-0085,JOB-FIN-L3-01,Finance L3 Role 01,FIN,L5,Y,1.0,39.0,2021-10-16,
ASN-005062-01,HRIS-WKR-005062,POS-SAL-L3-0159,JOB-SAL-L3-03,Sales L3 Role 03,SAL,L3,Y,0.8,31.2,2022-04-03,
ASN-005063-01,HRIS-WKR-005063,POS-SAL-L3-0158,JOB-SAL-L3-02,Sales L3 Role 02,SAL,L3,Y,1.0,39.0,2024-08-28,
ASN-005064-01,HRIS-WKR-005064,POS-OPS-L4-0056,JOB-OPS-L4-02,Operations L4 Role 02,OPS,L4,Y,1.0,39.0,2019-03-12,
ASN-005065-01,HRIS-WKR-005065,POS-HR-L4-0130,JOB-HR-L4-04,People L4 Role 04,HR,L4,Y,1.0,39.0,2020-08-11,
ASN-005065-02,HRIS-WKR-005065,POS-OPS-L4-0058,JOB-OPS-L4-04,Operations L4 Role 04,OPS,L4,N,0.2,7.8,2020-03-10,
ASN-005066-01,HRIS-WKR-005066,POS-SAL-L6-0180,JOB-SAL-L6-06,Sales L6 Role 06,SAL,L6,Y,0.8,31.2,2019-07-02,
ASN-005067-01,HRIS-WKR-005067,POS-OPS-L4-0057,JOB-OPS-L4-03,Operations L4 Role 03,OPS,L2,Y,0.6,23.4,2018-04-22,
ASN-005067-02,HRIS-WKR-005067,POS-FIN-L1-0076,JOB-FIN-L1-04,Finance L1 Role 04,FIN,L1,N,0.3,11.7,2025-02-17,
ASN-005068-01,HRIS-WKR-005068,POS-ENG-L2-0012,JOB-ENG-L2-06,Engineering L2 Role 06,ENG,L2,Y,1.0,39.0,2021-07-13,
ASN-005069-01,HRIS-WKR-005069,POS-SAL-L2-0154,JOB-SAL-L2-04,Sales L2 Role 04,SAL,L2,Y,0.8,31.2,2025-06-01,
ASN-005070-01,HRIS-WKR-005070,POS-FIN-L1-0076,JOB-FIN-L1-04,Finance L1 Role 04,FIN,L1,Y,1.0,39.0,2026-01-31,
ASN-005071-01,HRIS-WKR-005071,POS-FIN-L1-0077,JOB-FIN-L1-05,Finance L1 Role 05,FIN,L1,Y,1.0,39.0,2023-07-21,
ASN-005072-01,HRIS-WKR-005072,POS-SAL-L1-0150,JOB-SAL-L1-06,Sales L1 Role 06,SAL,L1,Y,1.0,39.0,2019-08-24,
ASN-005073-01,HRIS-WKR-005073,POS-ENG-L2-0010,JOB-ENG-L2-04,Engineering L2 Role 04,ENG,L2,Y,1.0,39.0,2024-03-03,
ASN-005074-01,HRIS-WKR-005074,POS-TEC-L1-0184,JOB-TEC-L1-04,Technology L1 Role 04,TEC,L1,Y,1.0,39.0,2024-05-18,
ASN-005075-01,HRIS-WKR-005075,POS-ENG-L5-0029,JOB-ENG-L5-05,Engineering L5 Role 05,ENG,L5,Y,1.0,39.0,2023-07-16,
ASN-005075-02,HRIS-WKR-005075,POS-TEC-L5-0205,JOB-TEC-L5-01,Technology L5 Role 01,TEC,L5,N,0.2,7.8,2019-03-05,
ASN-005076-01,HRIS-WKR-005076,POS-TEC-L1-0183,JOB-TEC-L1-03,Technology L1 Role 03,TEC,L1,Y,1.0,39.0,2021-09-12,
ASN-005077-01,HRIS-WKR-005077,POS-SAL-L3-0157,JOB-SAL-L3-01,Sales L3 Role 01,SAL,L3,Y,0.8,31.2,2022-08-24,
ASN-005078-01,HRIS-WKR-005078,POS-OPS-L2-0047,JOB-OPS-L2-05,Operations L2 Role 05,OPS,L2,Y,0.6,23.4,2018-11-29,
ASN-005079-01,HRIS-WKR-005079,POS-TEC-L6-0214,JOB-TEC-L6-04,Technology L6 Role 04,TEC,L6,Y,1.0,39.0,2021-02-14,
ASN-005080-01,HRIS-WKR-005080,POS-HR-L6-0143,JOB-HR-L6-05,People L6 Role 05,HR,L6,Y,0.8,31.2,2022-03-24,
ASN-005081-01,HRIS-WKR-005081,POS-FIN-L6-0108,JOB-FIN-L6-06,Finance L6 Role 06,FIN,L6,Y,1.0,39.0,2025-01-29,
ASN-005082-01,HRIS-WKR-005082,POS-FIN-L3-0085,JOB-FIN-L3-01,Finance L3 Role 01,FIN,L3,Y,1.0,39.0,2021-10-19,
ASN-005083-01,HRIS-WKR-005083,POS-HR-L4-0132,JOB-HR-L4-06,People L4 Role 06,HR,L4,Y,1.0,39.0,2020-09-07,
ASN-005084-01,HRIS-WKR-005084,POS-ENG-L4-0024,JOB-ENG-L4-06,Engineering L4 Role 06,ENG,L4,Y,1.0,39.0,2024-05-04,
ASN-005085-01,HRIS-WKR-005085,POS-SAL-L6-0177,JOB-SAL-L6-03,Sales L6 Role 03,SAL,L6,Y,1.0,39.0,2021-03-15,
ASN-005086-01,HRIS-WKR-005086,POS-TEC-L4-0199,JOB-TEC-L4-01,Technology L4 Role 01,TEC,L4,Y,1.0,39.0,2025-09-16,
ASN-005087-01,HRIS-WKR-005087,POS-TEC-L5-0208,JOB-TEC-L5-04,Technology L5 Role 04,TEC,L5,Y,1.0,39.0,2018-04-18,
ASN-005088-01,HRIS-WKR-005088,POS-ENG-L5-0028,JOB-ENG-L5-04,Engineering L5 Role 04,ENG,L5,Y,1.0,39.0,2022-06-19,
ASN-005089-01,HRIS-WKR-005089,POS-HR-L3-0124,JOB-HR-L3-04,People L3 Role 04,HR,L3,Y,1.0,39.0,2019-03-16,
ASN-005090-01,HRIS-WKR-005090,POS-ENG-L5-0028,JOB-ENG-L5-04,Engineering L5 Role 04,ENG,L5,Y,0.8,31.2,2022-05-21,
ASN-005091-01,HRIS-WKR-005091,POS-TEC-L4-0203,JOB-TEC-L4-05,Technology L4 Role 05,TEC,L4,Y,1.0,39.0,2020-07-05,
ASN-005092-01,HRIS-WKR-005092,POS-FIN-L3-0085,JOB-FIN-L3-01,Finance L3 Role 01,FIN,L3,Y,0.5,19.5,2018-09-13,
ASN-005093-01,HRIS-WKR-005093,POS-ENG-L4-0022,JOB-ENG-L4-04,Engineering L4 Role 04,ENG,L4,Y,0.8,31.2,2024-09-22,
ASN-005094-01,HRIS-WKR-005094,POS-OPS-L3-0054,JOB-OPS-L3-06,Operations L3 Role 06,OPS,L3,Y,1.0,39.0,2019-04-13,
ASN-005095-01,HRIS-WKR-005095,POS-OPS-L5-0065,JOB-OPS-L5-05,Operations L5 Role 05,OPS,L5,Y,1.0,39.0,2020-07-13,
ASN-005095-02,HRIS-WKR-005095,POS-SAL-L5-0172,JOB-SAL-L5-04,Sales L5 Role 04,SAL,L5,N,0.2,7.8,2020-03-10,
ASN-005096-01,HRIS-WKR-005096,POS-SAL-L6-0178,JOB-SAL-L6-04,Sales L6 Role 04,SAL,L6,Y,1.0,39.0,2025-11-23,
ASN-005097-01,HRIS-WKR-005097,POS-TEC-L3-0197,JOB-TEC-L3-05,Technology L3 Role 05,TEC,L3,Y,1.0,39.0,2020-04-25,
ASN-005098-01,HRIS-WKR-005098,POS-ENG-L5-0027,JOB-ENG-L5-03,Engineering L5 Role 03,ENG,L5,Y,0.8,31.2,2022-03-19,
ASN-005098-02,HRIS-WKR-005098,POS-FIN-L3-0087,JOB-FIN-L3-03,Finance L3 Role 03,FIN,L3,N,0.4,15.6,2020-03-06,
ASN-005099-01,HRIS-WKR-005099,POS-OPS-L1-0039,JOB-OPS-L1-03,Operations L1 Role 03,OPS,L1,Y,1.0,39.0,2025-05-07,
ASN-005100-01,HRIS-WKR-005100,POS-HR-L5-0135,JOB-HR-L5-03,People L5 Role 03,HR,L5,Y,0.4,15.6,2024-09-28,
ASN-005101-01,HRIS-WKR-005101,POS-SAL-L4-0168,JOB-SAL-L4-06,Sales L4 Role 06,SAL,L4,Y,1.0,39.0,2022-02-23,
ASN-005101-02,HRIS-WKR-005101,POS-OPS-L1-0038,JOB-OPS-L1-02,Operations L1 Role 02,OPS,L1,N,0.3,11.7,2018-08-05,
ASN-005102-01,HRIS-WKR-005102,POS-SAL-L1-0148,JOB-SAL-L1-04,Sales L1 Role 04,SAL,L1,Y,1.0,39.0,2024-04-29,
ASN-005103-01,HRIS-WKR-005103,POS-FIN-L6-0106,JOB-FIN-L6-04,Finance L6 Role 04,FIN,L6,Y,1.0,39.0,2019-09-11,
ASN-005104-01,HRIS-WKR-005104,POS-FIN-L6-0105,JOB-FIN-L6-03,Finance L6 Role 03,FIN,L6,Y,1.0,39.0,2019-04-25,
ASN-005104-02,HRIS-WKR-005104,POS-TEC-L6-0212,JOB-TEC-L6-02,Technology L6 Role 02,TEC,L6,N,0.4,15.6,2019-07-22,
ASN-005105-01,HRIS-WKR-005105,POS-HR-L4-0130,JOB-HR-L4-04,People L4 Role 04,HR,L4,Y,,,2019-05-08,
ASN-005106-01,HRIS-WKR-005106,POS-ENG-L4-0024,JOB-ENG-L4-06,Engineering L4 Role 06,ENG,L4,Y,0.8,31.2,2025-12-17,
ASN-005107-01,HRIS-WKR-005107,POS-TEC-L4-0199,JOB-TEC-L4-01,Technology L4 Role 01,TEC,L2,Y,1.0,39.0,2018-03-07,
ASN-005107-02,HRIS-WKR-005107,POS-ENG-L2-0011,JOB-ENG-L2-05,Engineering L2 Role 05,ENG,L2,N,0.2,7.8,2024-08-25,
ASN-005108-01,HRIS-WKR-005108,POS-OPS-L4-0056,JOB-OPS-L4-02,Operations L4 Role 02,OPS,L4,Y,1.0,39.0,2024-10-16,
ASN-005109-01,HRIS-WKR-005109,POS-SAL-L5-0173,JOB-SAL-L5-05,Sales L5 Role 05,SAL,L5,Y,1.0,39.0,2018-06-25,
ASN-005110-01,HRIS-WKR-005110,POS-TEC-L2-0189,JOB-TEC-L2-03,Technology L2 Role 03,TEC,L2,Y,0.8,31.2,2021-06-20,
ASN-005111-01,HRIS-WKR-005111,POS-SAL-L1-0146,JOB-SAL-L1-02,Sales L1 Role 02,SAL,L1,Y,1.0,39.0,2023-01-29,
ASN-005112-01,HRIS-WKR-005112,POS-TEC-L3-0196,JOB-TEC-L3-04,Technology L3 Role 04,TEC,L3,Y,1.0,39.0,2021-08-17,
ASN-005112-02,HRIS-WKR-005112,POS-HR-L6-0139,JOB-HR-L6-01,People L6 Role 01,HR,L6,N,0.3,11.7,2018-04-12,
ASN-005113-01,HRIS-WKR-005113,POS-FIN-L1-0078,JOB-FIN-L1-06,Finance L1 Role 06,FIN,L1,Y,1.0,39.0,2019-04-24,
ASN-005114-01,HRIS-WKR-005114,POS-TEC-L5-0208,JOB-TEC-L5-04,Technology L5 Role 04,TEC,L5,Y,1.0,39.0,2024-07-04,
ASN-005115-01,HRIS-WKR-005115,POS-SAL-L6-0178,JOB-SAL-L6-04,Sales L6 Role 04,SAL,L6,Y,0.8,31.2,2022-10-15,
ASN-005116-01,HRIS-WKR-005116,POS-OPS-L5-0061,JOB-OPS-L5-01,Operations L5 Role 01,OPS,L5,Y,0.5,19.5,2023-07-21,
ASN-005117-01,HRIS-WKR-005117,POS-HR-L2-0118,JOB-HR-L2-04,People L2 Role 04,HR,L2,Y,1.0,39.0,2020-04-05,
ASN-005118-01,HRIS-WKR-005118,POS-SAL-L6-0179,JOB-SAL-L6-05,Sales L6 Role 05,SAL,L6,Y,1.0,39.0,2024-07-07,
ASN-005119-01,HRIS-WKR-005119,POS-OPS-L4-0057,JOB-OPS-L4-03,Operations L4 Role 03,OPS,L4,Y,1.0,39.0,2023-01-23,
ASN-005120-01,HRIS-WKR-005120,POS-HR-L4-0128,JOB-HR-L4-02,People L4 Role 02,HR,L4,Y,1.0,39.0,2018-10-15,
ASN-005121-01,HRIS-WKR-005121,POS-SAL-L5-0173,JOB-SAL-L5-05,Sales L5 Role 05,SAL,L5,Y,1.0,39.0,2022-08-05,
ASN-005122-01,HRIS-WKR-005122,POS-HR-L5-0135,JOB-HR-L5-03,People L5 Role 03,HR,L5,Y,0.8,31.2,2024-06-12,
ASN-005123-01,HRIS-WKR-005123,POS-FIN-L5-0101,JOB-FIN-L5-05,Finance L5 Role 05,FIN,L5,Y,1.0,39.0,2020-04-15,
ASN-005123-02,HRIS-WKR-005123,POS-TEC-L2-0188,JOB-TEC-L2-02,Technology L2 Role 02,TEC,L2,N,0.2,7.8,2018-09-01,
ASN-005124-01,HRIS-WKR-005124,POS-TEC-L3-0195,JOB-TEC-L3-03,Technology L3 Role 03,TEC,L3,Y,1.0,39.0,2019-09-02,
ASN-005125-01,HRIS-WKR-005125,POS-ENG-L5-0027,JOB-ENG-L5-03,Engineering L5 Role 03,ENG,L5,Y,1.0,39.0,2020-04-03,
ASN-005126-01,HRIS-WKR-005126,POS-FIN-L2-0084,JOB-FIN-L2-06,Finance L2 Role 06,FIN,L2,Y,0.8,31.2,2025-05-25,
ASN-005127-01,HRIS-WKR-005127,POS-SAL-L2-0156,JOB-SAL-L2-06,Sales L2 Role 06,SAL,L1,Y,1.0,39.0,2025-09-03,
ASN-005128-01,HRIS-WKR-005128,POS-FIN-L2-0080,JOB-FIN-L2-02,Finance L2 Role 02,FIN,L2,Y,1.0,39.0,2018-12-09,
ASN-005129-01,HRIS-WKR-005129,POS-FIN-L4-0093,JOB-FIN-L4-03,Finance L4 Role 03,FIN,L4,Y,1.0,39.0,2019-05-02,
ASN-005130-01,HRIS-WKR-005130,POS-TEC-L6-0212,JOB-TEC-L6-02,Technology L6 Role 02,TEC,L6,Y,0.8,31.2,2024-03-14,
ASN-005131-01,HRIS-WKR-005131,POS-ENG-L1-0002,JOB-ENG-L1-02,Engineering L1 Role 02,ENG,L1,Y,1.0,39.0,2021-08-23,
ASN-005132-01,HRIS-WKR-005132,POS-OPS-L2-0047,JOB-OPS-L2-05,Operations L2 Role 05,OPS,L2,Y,1.0,39.0,2019-11-15,
ASN-005133-01,HRIS-WKR-005133,POS-SAL-L6-0177,JOB-SAL-L6-03,Sales L6 Role 03,SAL,L6,Y,0.6,23.4,2022-11-27,
ASN-005134-01,HRIS-WKR-005134,POS-ENG-L3-0014,JOB-ENG-L3-02,Engineering L3 Role 02,ENG,L3,Y,1.0,39.0,2025-02-12,
ASN-005134-02,HRIS-WKR-005134,POS-HR-L1-0109,JOB-HR-L1-01,People L1 Role 01,HR,L1,N,0.2,7.8,2018-01-09,
ASN-005135-01,HRIS-WKR-005135,POS-TEC-L5-0209,JOB-TEC-L5-05,Technology L5 Role 05,TEC,L5,Y,0.8,31.2,2019-09-24,
ASN-005136-01,HRIS-WKR-005136,POS-ENG-L3-0015,JOB-ENG-L3-03,Engineering L3 Role 03,ENG,L3,Y,1.0,39.0,2025-12-11,
ASN-005137-01,HRIS-WKR-005137,POS-SAL-L6-0177,JOB-SAL-L6-03,Sales L6 Role 03,SAL,L6,Y,0.6,23.4,2024-08-27,
ASN-005138-01,HRIS-WKR-005138,POS-OPS-L3-0049,JOB-OPS-L3-01,Operations L3 Role 01,OPS,L3,Y,1.0,39.0,2024-02-10,
ASN-005139-01,HRIS-WKR-005139,POS-TEC-L1-0186,JOB-TEC-L1-06,Technology L1 Role 06,TEC,L1,Y,0.8,31.2,2023-06-09,
ASN-005140-01,HRIS-WKR-005140,POS-HR-L5-0138,JOB-HR-L5-06,People L5 Role 06,HR,L6,Y,0.8,31.2,2023-11-16,
ASN-005141-01,HRIS-WKR-005141,POS-TEC-L3-0195,JOB-TEC-L3-03,Technology L3 Role 03,TEC,L3,Y,0.6,23.4,2023-02-24,
ASN-005142-01,HRIS-WKR-005142,POS-HR-L5-0137,JOB-HR-L5-05,People L5 Role 05,HR,L5,Y,0.4,15.6,2021-08-18,
ASN-005143-01,HRIS-WKR-005143,POS-ENG-L6-0031,JOB-ENG-L6-01,Engineering L6 Role 01,ENG,L6,Y,1.0,39.0,2020-07-10,
ASN-005144-01,HRIS-WKR-005144,POS-HR-L4-0127,JOB-HR-L4-01,People L4 Role 01,HR,L4,Y,1.0,39.0,2022-05-04,
ASN-005145-01,HRIS-WKR-005145,POS-HR-L1-0109,JOB-HR-L1-01,People L1 Role 01,HR,L1,Y,1.0,39.0,2024-05-28,
ASN-005146-01,HRIS-WKR-005146,POS-OPS-L1-0041,JOB-OPS-L1-05,Operations L1 Role 05,OPS,L1,Y,,,2023-11-28,
ASN-005147-01,HRIS-WKR-005147,POS-ENG-L4-0021,JOB-ENG-L4-03,Engineering L4 Role 03,ENG,L4,Y,1.0,39.0,2022-06-17,
ASN-005148-01,HRIS-WKR-005148,POS-TEC-L2-0192,JOB-TEC-L2-06,Technology L2 Role 06,TEC,L2,Y,1.0,39.0,2023-08-17,
ASN-005149-01,HRIS-WKR-005149,POS-OPS-L1-0040,JOB-OPS-L1-04,Operations L1 Role 04,OPS,L1,Y,1.0,39.0,2023-06-23,
ASN-005150-01,HRIS-WKR-005150,POS-ENG-L6-0036,JOB-ENG-L6-06,Engineering L6 Role 06,ENG,L6,Y,0.8,31.2,2023-02-12,
ASN-005151-01,HRIS-WKR-005151,POS-FIN-L1-0073,JOB-FIN-L1-01,Finance L1 Role 01,FIN,L1,Y,0.8,31.2,2022-04-21,
ASN-005152-01,HRIS-WKR-005152,POS-OPS-L6-0069,JOB-OPS-L6-03,Operations L6 Role 03,OPS,L6,Y,1.0,39.0,2022-07-15,
ASN-005153-01,HRIS-WKR-005153,POS-TEC-L6-0215,JOB-TEC-L6-05,Technology L6 Role 05,TEC,L6,Y,1.0,39.0,2025-09-16,
ASN-005154-01,HRIS-WKR-005154,POS-SAL-L2-0152,JOB-SAL-L2-02,Sales L2 Role 02,SAL,L2,Y,1.0,39.0,2024-11-01,
ASN-005155-01,HRIS-WKR-005155,POS-HR-L1-0112,JOB-HR-L1-04,People L1 Role 04,HR,L1,Y,1.0,39.0,2024-10-11,
ASN-005155-02,HRIS-WKR-005155,POS-ENG-L5-0029,JOB-ENG-L5-05,Engineering L5 Role 05,ENG,L5,N,0.2,7.8,2018-08-09,
ASN-005156-01,HRIS-WKR-005156,POS-SAL-L3-0159,JOB-SAL-L3-03,Sales L3 Role 03,SAL,L3,Y,1.0,39.0,2025-10-19,
ASN-005157-01,HRIS-WKR-005157,POS-SAL-L5-0174,JOB-SAL-L5-06,Sales L5 Role 06,SAL,L5,Y,1.0,39.0,2023-10-08,
ASN-005158-01,HRIS-WKR-005158,POS-FIN-L2-0080,JOB-FIN-L2-02,Finance L2 Role 02,FIN,L2,Y,1.0,39.0,2020-01-21,
ASN-005159-01,HRIS-WKR-005159,POS-FIN-L5-0102,JOB-FIN-L5-06,Finance L5 Role 06,FIN,L5,Y,1.0,39.0,2025-03-18,
ASN-005160-01,HRIS-WKR-005160,POS-HR-L1-0114,JOB-HR-L1-06,People L1 Role 06,HR,L1,Y,1.0,39.0,2024-05-15,
ASN-005161-01,HRIS-WKR-005161,POS-SAL-L1-0148,JOB-SAL-L1-04,Sales L1 Role 04,SAL,L1,Y,0.8,31.2,2021-11-26,
ASN-005162-01,HRIS-WKR-005162,POS-FIN-L4-0094,JOB-FIN-L4-04,Finance L4 Role 04,FIN,L4,Y,1.0,39.0,2023-06-07,
ASN-005163-01,HRIS-WKR-005163,POS-SAL-L2-0154,JOB-SAL-L2-04,Sales L2 Role 04,SAL,L2,Y,1.0,39.0,2023-09-01,
ASN-005164-01,HRIS-WKR-005164,POS-HR-L1-0111,JOB-HR-L1-03,People L1 Role 03,HR,L1,Y,1.0,39.0,2023-03-10,
ASN-005164-02,HRIS-WKR-005164,POS-FIN-L3-0085,JOB-FIN-L3-01,Finance L3 Role 01,FIN,L3,N,0.2,7.8,2021-12-05,
ASN-005165-01,HRIS-WKR-005165,POS-FIN-L2-0083,JOB-FIN-L2-05,Finance L2 Role 05,FIN,L2,Y,0.8,31.2,2018-11-17,
ASN-005166-01,HRIS-WKR-005166,POS-FIN-L6-0103,JOB-FIN-L6-01,Finance L6 Role 01,FIN,L6,Y,1.0,39.0,2019-12-17,
ASN-005167-01,HRIS-WKR-005167,POS-OPS-L6-0071,JOB-OPS-L6-05,Operations L6 Role 05,OPS,L6,Y,1.0,39.0,2023-10-09,
ASN-005168-01,HRIS-WKR-005168,POS-HR-L6-0144,JOB-HR-L6-06,People L6 Role 06,HR,L6,Y,1.0,39.0,2020-04-10,
ASN-005169-01,HRIS-WKR-005169,POS-HR-L5-0138,JOB-HR-L5-06,People L5 Role 06,HR,L5,Y,0.6,23.4,2020-09-14,
ASN-005169-02,HRIS-WKR-005169,POS-FIN-L6-0107,JOB-FIN-L6-05,Finance L6 Role 05,FIN,L6,N,0.4,15.6,2021-05-28,
ASN-005170-01,HRIS-WKR-005170,POS-TEC-L4-0202,JOB-TEC-L4-04,Technology L4 Role 04,TEC,L4,Y,1.0,39.0,2023-07-02,
ASN-005171-01,HRIS-WKR-005171,POS-ENG-L2-0007,JOB-ENG-L2-01,Engineering L2 Role 01,ENG,L2,Y,1.0,39.0,2025-01-27,
ASN-005172-01,HRIS-WKR-005172,POS-ENG-L2-0007,JOB-ENG-L2-01,Engineering L2 Role 01,ENG,L2,Y,1.0,39.0,2020-03-03,
ASN-005173-01,HRIS-WKR-005173,POS-SAL-L4-0165,JOB-SAL-L4-03,Sales L4 Role 03,SAL,L4,Y,0.6,23.4,2025-05-16,
ASN-005174-01,HRIS-WKR-005174,POS-FIN-L5-0101,JOB-FIN-L5-05,Finance L5 Role 05,FIN,L5,Y,1.0,39.0,2021-09-14,
ASN-005174-02,HRIS-WKR-005174,POS-ENG-L1-0003,JOB-ENG-L1-03,Engineering L1 Role 03,ENG,L1,N,0.2,7.8,2021-05-24,
ASN-005175-01,HRIS-WKR-005175,POS-SAL-L1-0150,JOB-SAL-L1-06,Sales L1 Role 06,SAL,L1,Y,1.0,39.0,2023-11-17,
ASN-005176-01,HRIS-WKR-005176,POS-FIN-L2-0082,JOB-FIN-L2-04,Finance L2 Role 04,FIN,L2,Y,0.4,15.6,2022-03-14,
ASN-005177-01,HRIS-WKR-005177,POS-TEC-L1-0184,JOB-TEC-L1-04,Technology L1 Role 04,TEC,L1,Y,1.0,39.0,2018-07-04,
ASN-005178-01,HRIS-WKR-005178,POS-OPS-L5-0063,JOB-OPS-L5-03,Operations L5 Role 03,OPS,L5,Y,1.0,39.0,2021-01-03,
ASN-005179-01,HRIS-WKR-005179,POS-SAL-L4-0168,JOB-SAL-L4-06,Sales L4 Role 06,SAL,L4,Y,1.0,39.0,2022-09-11,
ASN-005180-01,HRIS-WKR-005180,POS-OPS-L6-0070,JOB-OPS-L6-04,Operations L6 Role 04,OPS,L6,Y,1.0,39.0,2024-12-22,
ASN-005181-01,HRIS-WKR-005181,POS-HR-L4-0132,JOB-HR-L4-06,People L4 Role 06,HR,L4,Y,0.4,15.6,2024-05-05,
ASN-005182-01,HRIS-WKR-005182,POS-HR-L4-0127,JOB-HR-L4-01,People L4 Role 01,HR,L4,Y,1.0,39.0,2022-05-18,
ASN-005183-01,HRIS-WKR-005183,POS-TEC-L2-0189,JOB-TEC-L2-03,Technology L2 Role 03,TEC,L2,Y,1.0,39.0,2024-10-04,
ASN-005184-01,HRIS-WKR-005184,POS-ENG-L5-0025,JOB-ENG-L5-01,Engineering L5 Role 01,ENG,L5,Y,0.5,19.5,2024-07-24,
ASN-005185-01,HRIS-WKR-005185,POS-ENG-L5-0029,JOB-ENG-L5-05,Engineering L5 Role 05,ENG,L5,Y,1.0,39.0,2022-05-08,
ASN-005186-01,HRIS-WKR-005186,POS-SAL-L4-0167,JOB-SAL-L4-05,Sales L4 Role 05,SAL,L4,Y,1.0,39.0,2024-02-25,
ASN-005186-02,HRIS-WKR-005186,POS-SAL-L1-0149,JOB-SAL-L1-05,Sales L1 Role 05,SAL,L1,N,0.3,11.7,2020-12-04,
ASN-005187-01,HRIS-WKR-005187,POS-HR-L2-0115,JOB-HR-L2-01,People L2 Role 01,HR,L2,Y,1.0,39.0,2022-04-10,
ASN-005187-02,HRIS-WKR-005187,POS-OPS-L6-0072,JOB-OPS-L6-06,Operations L6 Role 06,OPS,L6,N,0.2,7.8,2022-11-13,
ASN-005188-01,HRIS-WKR-005188,POS-SAL-L4-0164,JOB-SAL-L4-02,Sales L4 Role 02,SAL,L4,Y,1.0,39.0,2020-08-26,
ASN-005189-01,HRIS-WKR-005189,POS-SAL-L5-0172,JOB-SAL-L5-04,Sales L5 Role 04,SAL,L5,Y,1.0,39.0,2020-12-27,
ASN-005190-01,HRIS-WKR-005190,POS-FIN-L5-0098,JOB-FIN-L5-02,Finance L5 Role 02,FIN,L5,Y,1.0,39.0,2024-01-10,
ASN-005191-01,HRIS-WKR-005191,POS-ENG-L5-0025,JOB-ENG-L5-01,Engineering L5 Role 01,ENG,L5,Y,1.0,39.0,2024-09-04,
ASN-005191-02,HRIS-WKR-005191,POS-FIN-L2-0079,JOB-FIN-L2-01,Finance L2 Role 01,FIN,L2,N,0.3,11.7,2018-09-30,
ASN-005192-01,HRIS-WKR-005192,POS-SAL-L5-0172,JOB-SAL-L5-04,Sales L5 Role 04,SAL,L5,Y,1.0,39.0,2020-09-26,
ASN-005193-01,HRIS-WKR-005193,POS-HR-L5-0133,JOB-HR-L5-01,People L5 Role 01,HR,L5,Y,1.0,39.0,2020-08-10,
ASN-005194-01,HRIS-WKR-005194,POS-HR-L3-0124,JOB-HR-L3-04,People L3 Role 04,HR,L3,Y,1.0,39.0,2021-11-20,
ASN-005195-01,HRIS-WKR-005195,POS-FIN-L3-0087,JOB-FIN-L3-03,Finance L3 Role 03,FIN,L3,Y,1.0,39.0,2018-06-09,
ASN-005196-01,HRIS-WKR-005196,POS-HR-L1-0112,JOB-HR-L1-04,People L1 Role 04,HR,L1,Y,0.4,15.6,2025-12-16,
ASN-005197-01,HRIS-WKR-005197,POS-FIN-L4-0096,JOB-FIN-L4-06,Finance L4 Role 06,FIN,L4,Y,1.0,39.0,2024-07-17,
ASN-005198-01,HRIS-WKR-005198,POS-FIN-L6-0103,JOB-FIN-L6-01,Finance L6 Role 01,FIN,L6,Y,1.0,39.0,2026-02-01,
ASN-005199-01,HRIS-WKR-005199,POS-HR-L4-0132,JOB-HR-L4-06,People L4 Role 06,HR,L4,Y,0.8,31.2,2025-10-19,
ASN-005200-01,HRIS-WKR-005200,POS-SAL-L1-0150,JOB-SAL-L1-06,Sales L1 Role 06,SAL,L1,Y,1.0,39.0,2022-02-24,
ASN-005201-01,HRIS-WKR-005201,POS-HR-L1-0110,JOB-HR-L1-02,People L1 Role 02,HR,L1,Y,1.0,39.0,2023-01-31,
ASN-005202-01,HRIS-WKR-005202,POS-SAL-L2-0153,JOB-SAL-L2-03,Sales L2 Role 03,SAL,L2,Y,1.0,39.0,2025-07-11,
ASN-005203-01,HRIS-WKR-005203,POS-FIN-L6-0104,JOB-FIN-L6-02,Finance L6 Role 02,FIN,L6,Y,1.0,39.0,2022-05-06,
ASN-005204-01,HRIS-WKR-005204,POS-OPS-L1-0038,JOB-OPS-L1-02,Operations L1 Role 02,OPS,L1,Y,1.0,39.0,2021-05-04,
ASN-005205-01,HRIS-WKR-005205,POS-OPS-L4-0055,JOB-OPS-L4-01,Operations L4 Role 01,OPS,L4,Y,1.0,39.0,2019-01-13,
ASN-005206-01,HRIS-WKR-005206,POS-OPS-L2-0043,JOB-OPS-L2-01,Operations L2 Role 01,OPS,L2,Y,1.0,39.0,2024-03-09,
ASN-005206-02,HRIS-WKR-005206,POS-ENG-L2-0008,JOB-ENG-L2-02,Engineering L2 Role 02,ENG,L2,N,0.3,11.7,2025-04-25,
ASN-005207-01,HRIS-WKR-005207,POS-SAL-L2-0153,JOB-SAL-L2-03,Sales L2 Role 03,SAL,L2,Y,1.0,39.0,2022-07-15,
ASN-005208-01,HRIS-WKR-005208,POS-HR-L1-0111,JOB-HR-L1-03,People L1 Role 03,HR,L1,Y,1.0,39.0,2020-05-29,
ASN-005208-02,HRIS-WKR-005208,POS-TEC-L1-0184,JOB-TEC-L1-04,Technology L1 Role 04,TEC,L1,N,0.4,15.6,2024-01-21,
ASN-005209-01,HRIS-WKR-005209,POS-ENG-L6-0034,JOB-ENG-L6-04,Engineering L6 Role 04,ENG,L6,Y,1.0,39.0,2025-02-01,
ASN-005210-01,HRIS-WKR-005210,POS-SAL-L4-0163,JOB-SAL-L4-01,Sales L4 Role 01,SAL,L4,Y,0.8,31.2,2026-01-08,
ASN-005210-02,HRIS-WKR-005210,POS-OPS-L4-0060,JOB-OPS-L4-06,Operations L4 Role 06,OPS,L4,N,0.3,11.7,2019-03-03,
ASN-005211-01,HRIS-WKR-005211,POS-HR-L2-0118,JOB-HR-L2-04,People L2 Role 04,HR,L2,Y,1.0,39.0,2021-09-04,
ASN-005212-01,HRIS-WKR-005212,POS-FIN-L5-0097,JOB-FIN-L5-01,Finance L5 Role 01,FIN,L5,Y,1.0,39.0,2023-09-09,
ASN-005213-01,HRIS-WKR-005213,POS-OPS-L4-0055,JOB-OPS-L4-01,Operations L4 Role 01,OPS,L4,Y,1.0,39.0,2023-07-11,
ASN-005214-01,HRIS-WKR-005214,POS-ENG-L3-0018,JOB-ENG-L3-06,Engineering L3 Role 06,ENG,L3,Y,1.0,39.0,2019-03-25,
ASN-005215-01,HRIS-WKR-005215,POS-OPS-L6-0068,JOB-OPS-L6-02,Operations L6 Role 02,OPS,L6,Y,1.0,39.0,2022-09-24,
ASN-005215-02,HRIS-WKR-005215,POS-FIN-L5-0097,JOB-FIN-L5-01,Finance L5 Role 01,FIN,L5,N,0.4,15.6,2025-06-14,
ASN-005216-01,HRIS-WKR-005216,POS-ENG-L2-0007,JOB-ENG-L2-01,Engineering L2 Role 01,ENG,L2,Y,0.8,31.2,2025-08-17,
ASN-005217-01,HRIS-WKR-005217,POS-OPS-L1-0040,JOB-OPS-L1-04,Operations L1 Role 04,OPS,L1,Y,0.6,23.4,2023-02-11,
ASN-005218-01,HRIS-WKR-005218,POS-TEC-L6-0212,JOB-TEC-L6-02,Technology L6 Role 02,TEC,L6,Y,1.0,39.0,2019-02-04,
ASN-005219-01,HRIS-WKR-005219,POS-OPS-L1-0040,JOB-OPS-L1-04,Operations L1 Role 04,OPS,L1,Y,0.5,19.5,2018-12-04,
ASN-005220-01,HRIS-WKR-005220,POS-OPS-L1-0037,JOB-OPS-L1-01,Operations L1 Role 01,OPS,L1,Y,1.0,39.0,2024-12-18,
ASN-005221-01,HRIS-WKR-005221,POS-TEC-L1-0186,JOB-TEC-L1-06,Technology L1 Role 06,TEC,L1,Y,1.0,39.0,2021-12-16,
ASN-005222-01,HRIS-WKR-005222,POS-SAL-L6-0178,JOB-SAL-L6-04,Sales L6 Role 04,SAL,L6,Y,1.0,39.0,2019-03-02,
ASN-005223-01,HRIS-WKR-005223,POS-OPS-L6-0071,JOB-OPS-L6-05,Operations L6 Role 05,OPS,L6,Y,1.0,39.0,2022-05-27,
ASN-005223-02,HRIS-WKR-005223,POS-SAL-L1-0149,JOB-SAL-L1-05,Sales L1 Role 05,SAL,L1,N,0.2,7.8,2025-11-16,
ASN-005224-01,HRIS-WKR-005224,POS-SAL-L6-0178,JOB-SAL-L6-04,Sales L6 Role 04,SAL,L6,Y,1.0,39.0,2025-05-14,
ASN-005225-01,HRIS-WKR-005225,POS-SAL-L6-0178,JOB-SAL-L6-04,Sales L6 Role 04,SAL,L6,Y,1.0,39.0,2019-03-21,
ASN-005226-01,HRIS-WKR-005226,POS-ENG-L4-0023,JOB-ENG-L4-05,Engineering L4 Role 05,ENG,L4,Y,1.0,39.0,2018-04-07,
ASN-005227-01,HRIS-WKR-005227,POS-ENG-L4-0023,JOB-ENG-L4-05,Engineering L4 Role 05,ENG,L4,Y,1.0,39.0,2025-05-27,
ASN-005228-01,HRIS-WKR-005228,POS-HR-L3-0122,JOB-HR-L3-02,People L3 Role 02,HR,L3,Y,1.0,39.0,2024-08-14,
ASN-005229-01,HRIS-WKR-005229,POS-SAL-L6-0177,JOB-SAL-L6-03,Sales L6 Role 03,SAL,L6,Y,1.0,39.0,2020-01-03,
ASN-005230-01,HRIS-WKR-005230,POS-ENG-L4-0022,JOB-ENG-L4-04,Engineering L4 Role 04,ENG,L4,Y,1.0,39.0,2022-06-09,
ASN-005231-01,HRIS-WKR-005231,POS-ENG-L1-0001,JOB-ENG-L1-01,Engineering L1 Role 01,ENG,L1,Y,1.0,39.0,2022-01-06,
ASN-005232-01,HRIS-WKR-005232,POS-HR-L4-0129,JOB-HR-L4-03,People L4 Role 03,HR,L4,Y,1.0,39.0,2023-08-20,
ASN-005233-01,HRIS-WKR-005233,POS-FIN-L1-0075,JOB-FIN-L1-03,Finance L1 Role 03,FIN,L1,Y,1.0,39.0,2018-03-22,
ASN-005234-01,HRIS-WKR-005234,POS-TEC-L1-0184,JOB-TEC-L1-04,Technology L1 Role 04,TEC,L1,Y,1.0,39.0,2019-09-15,
ASN-005235-01,HRIS-WKR-005235,POS-ENG-L6-0031,JOB-ENG-L6-01,Engineering L6 Role 01,ENG,L6,Y,1.0,39.0,2022-09-02,
ASN-005236-01,HRIS-WKR-005236,POS-OPS-L5-0062,JOB-OPS-L5-02,Operations L5 Role 02,OPS,L5,Y,1.0,39.0,2023-05-25,
ASN-005237-01,HRIS-WKR-005237,POS-TEC-L2-0190,JOB-TEC-L2-04,Technology L2 Role 04,TEC,L2,Y,1.0,39.0,2022-03-12,
ASN-005238-01,HRIS-WKR-005238,POS-ENG-L6-0035,JOB-ENG-L6-05,Engineering L6 Role 05,ENG,L6,Y,1.0,39.0,2024-02-29,
ASN-005239-01,HRIS-WKR-005239,POS-FIN-L5-0098,JOB-FIN-L5-02,Finance L5 Role 02,FIN,L5,Y,1.0,39.0,2020-12-09,
ASN-005239-02,HRIS-WKR-005239,POS-SAL-L1-0147,JOB-SAL-L1-03,Sales L1 Role 03,SAL,L1,N,0.2,7.8,2020-09-10,
ASN-005240-01,HRIS-WKR-005240,POS-OPS-L2-0048,JOB-OPS-L2-06,Operations L2 Role 06,OPS,L1,Y,1.0,39.0,2019-03-06,
ASN-005241-01,HRIS-WKR-005241,POS-FIN-L1-0078,JOB-FIN-L1-06,Finance L1 Role 06,FIN,L1,Y,0.6,23.4,2018-12-16,
ASN-005242-01,HRIS-WKR-005242,POS-OPS-L2-0045,JOB-OPS-L2-03,Operations L2 Role 03,OPS,L2,Y,1.0,39.0,2023-05-18,
ASN-005243-01,HRIS-WKR-005243,POS-HR-L5-0138,JOB-HR-L5-06,People L5 Role 06,HR,L5,Y,1.0,39.0,2018-07-04,
ASN-005244-01,HRIS-WKR-005244,POS-HR-L5-0138,JOB-HR-L5-06,People L5 Role 06,HR,L5,Y,1.0,39.0,2022-06-28,
ASN-005245-01,HRIS-WKR-005245,POS-TEC-L6-0213,JOB-TEC-L6-03,Technology L6 Role 03,TEC,L6,Y,1.0,39.0,2018-01-22,
ASN-005246-01,HRIS-WKR-005246,POS-SAL-L5-0172,JOB-SAL-L5-04,Sales L5 Role 04,SAL,L5,Y,0.6,23.4,2024-11-23,
ASN-005247-01,HRIS-WKR-005247,POS-TEC-L6-0213,JOB-TEC-L6-03,Technology L6 Role 03,TEC,L6,Y,,,2023-04-22,
ASN-005248-01,HRIS-WKR-005248,POS-TEC-L6-0212,JOB-TEC-L6-02,Technology L6 Role 02,TEC,L6,Y,1.0,39.0,2025-08-04,
ASN-005248-02,HRIS-WKR-005248,POS-FIN-L3-0089,JOB-FIN-L3-05,Finance L3 Role 05,FIN,L3,N,0.2,7.8,2024-09-01,
ASN-005249-01,HRIS-WKR-005249,POS-ENG-L2-0009,JOB-ENG-L2-03,Engineering L2 Role 03,ENG,L2,Y,0.8,31.2,2021-07-02,
ASN-005250-01,HRIS-WKR-005250,POS-TEC-L3-0195,JOB-TEC-L3-03,Technology L3 Role 03,TEC,L3,Y,0.8,31.2,2020-08-25,
ASN-005250-02,HRIS-WKR-005250,POS-HR-L4-0131,JOB-HR-L4-05,People L4 Role 05,HR,L4,N,0.2,7.8,2021-09-27,
ASN-005251-01,HRIS-WKR-005251,POS-FIN-L2-0080,JOB-FIN-L2-02,Finance L2 Role 02,FIN,L2,Y,1.0,39.0,2023-12-16,
ASN-005252-01,HRIS-WKR-005252,POS-ENG-L3-0015,JOB-ENG-L3-03,Engineering L3 Role 03,ENG,L1,Y,1.0,39.0,2025-02-25,
ASN-005253-01,HRIS-WKR-005253,POS-FIN-L1-0077,JOB-FIN-L1-05,Finance L1 Role 05,FIN,L1,Y,1.0,39.0,2024-07-26,
ASN-005254-01,HRIS-WKR-005254,POS-HR-L4-0128,JOB-HR-L4-02,People L4 Role 02,HR,L4,Y,1.0,39.0,2021-02-01,
ASN-005254-02,HRIS-WKR-005254,POS-FIN-L1-0076,JOB-FIN-L1-04,Finance L1 Role 04,FIN,L1,N,0.3,11.7,2025-02-14,
ASN-005255-01,HRIS-WKR-005255,POS-SAL-L6-0179,JOB-SAL-L6-05,Sales L6 Role 05,SAL,L6,Y,0.8,31.2,2024-05-20,
ASN-005256-01,HRIS-WKR-005256,POS-ENG-L4-0024,JOB-ENG-L4-06,Engineering L4 Role 06,ENG,L4,Y,1.0,39.0,2019-07-31,
ASN-005257-01,HRIS-WKR-005257,POS-SAL-L5-0174,JOB-SAL-L5-06,Sales L5 Role 06,SAL,L5,Y,1.0,39.0,2025-10-12,
ASN-005258-01,HRIS-WKR-005258,POS-ENG-L5-0029,JOB-ENG-L5-05,Engineering L5 Role 05,ENG,L5,Y,1.0,39.0,2019-01-24,
ASN-005259-01,HRIS-WKR-005259,POS-ENG-L5-0025,JOB-ENG-L5-01,Engineering L5 Role 01,ENG,L5,Y,1.0,39.0,2021-03-16,
ASN-005260-01,HRIS-WKR-005260,POS-HR-L6-0144,JOB-HR-L6-06,People L6 Role 06,HR,L6,Y,1.0,39.0,2019-11-09,
ASN-005261-01,HRIS-WKR-005261,POS-ENG-L3-0015,JOB-ENG-L3-03,Engineering L3 Role 03,ENG,L3,Y,1.0,39.0,2019-10-20,
ASN-005262-01,HRIS-WKR-005262,POS-TEC-L5-0206,JOB-TEC-L5-02,Technology L5 Role 02,TEC,L5,Y,0.8,31.2,2020-11-27,
ASN-005263-01,HRIS-WKR-005263,POS-HR-L3-0123,JOB-HR-L3-03,People L3 Role 03,HR,L3,Y,1.0,39.0,2018-02-14,
ASN-005263-02,HRIS-WKR-005263,POS-OPS-L6-0068,JOB-OPS-L6-02,Operations L6 Role 02,OPS,L6,N,0.3,11.7,2024-03-15,
ASN-005264-01,HRIS-WKR-005264,POS-HR-L6-0144,JOB-HR-L6-06,People L6 Role 06,HR,L6,Y,0.5,19.5,2019-07-08,
ASN-005265-01,HRIS-WKR-005265,POS-SAL-L3-0162,JOB-SAL-L3-06,Sales L3 Role 06,SAL,L3,Y,1.0,39.0,2024-05-01,
ASN-005266-01,HRIS-WKR-005266,POS-OPS-L2-0048,JOB-OPS-L2-06,Operations L2 Role 06,OPS,L2,Y,1.0,39.0,2018-03-02,
ASN-005267-01,HRIS-WKR-005267,POS-HR-L1-0110,JOB-HR-L1-02,People L1 Role 02,HR,L1,Y,1.0,39.0,2026-01-10,
ASN-005268-01,HRIS-WKR-005268,POS-TEC-L6-0216,JOB-TEC-L6-06,Technology L6 Role 06,TEC,L6,Y,1.0,39.0,2022-09-23,
ASN-005269-01,HRIS-WKR-005269,POS-SAL-L1-0150,JOB-SAL-L1-06,Sales L1 Role 06,SAL,L1,Y,1.0,39.0,2018-06-12,
ASN-005270-01,HRIS-WKR-005270,POS-ENG-L6-0036,JOB-ENG-L6-06,Engineering L6 Role 06,ENG,L6,Y,1.0,39.0,2026-01-12,
ASN-005271-01,HRIS-WKR-005271,POS-TEC-L3-0198,JOB-TEC-L3-06,Technology L3 Role 06,TEC,L3,Y,1.0,39.0,2019-11-26,
ASN-005272-01,HRIS-WKR-005272,POS-FIN-L5-0097,JOB-FIN-L5-01,Finance L5 Role 01,FIN,L5,Y,1.0,39.0,2018-01-27,
ASN-005273-01,HRIS-WKR-005273,POS-OPS-L1-0038,JOB-OPS-L1-02,Operations L1 Role 02,OPS,L1,Y,1.0,39.0,2025-01-16,
ASN-005274-01,HRIS-WKR-005274,POS-SAL-L4-0168,JOB-SAL-L4-06,Sales L4 Role 06,SAL,L4,Y,1.0,39.0,2018-03-23,
ASN-005274-02,HRIS-WKR-005274,POS-OPS-L3-0049,JOB-OPS-L3-01,Operations L3 Role 01,OPS,L3,N,0.2,7.8,2020-11-15,
ASN-005275-01,HRIS-WKR-005275,POS-ENG-L1-0003,JOB-ENG-L1-03,Engineering L1 Role 03,ENG,L1,Y,1.0,39.0,2019-05-04,
ASN-005276-01,HRIS-WKR-005276,POS-SAL-L1-0148,JOB-SAL-L1-04,Sales L1 Role 04,SAL,L1,Y,1.0,39.0,2023-09-18,
ASN-005277-01,HRIS-WKR-005277,POS-HR-L1-0111,JOB-HR-L1-03,People L1 Role 03,HR,L1,Y,0.6,23.4,2018-08-08,
ASN-005278-01,HRIS-WKR-005278,POS-OPS-L3-0053,JOB-OPS-L3-05,Operations L3 Role 05,OPS,L3,Y,1.0,39.0,2022-06-24,
ASN-005279-01,HRIS-WKR-005279,POS-SAL-L3-0158,JOB-SAL-L3-02,Sales L3 Role 02,SAL,L3,Y,1.0,39.0,2021-05-16,
ASN-005280-01,HRIS-WKR-005280,POS-FIN-L2-0081,JOB-FIN-L2-03,Finance L2 Role 03,FIN,L2,Y,1.0,39.0,2024-10-09,
ASN-005281-01,HRIS-WKR-005281,POS-FIN-L6-0106,JOB-FIN-L6-04,Finance L6 Role 04,FIN,L6,Y,1.0,39.0,2024-09-23,
ASN-005282-01,HRIS-WKR-005282,POS-SAL-L1-0147,JOB-SAL-L1-03,Sales L1 Role 03,SAL,L1,Y,0.8,31.2,2021-02-22,
ASN-005283-01,HRIS-WKR-005283,POS-ENG-L2-0011,JOB-ENG-L2-05,Engineering L2 Role 05,ENG,L2,Y,1.0,39.0,2022-05-12,
ASN-005284-01,HRIS-WKR-005284,POS-ENG-L5-0026,JOB-ENG-L5-02,Engineering L5 Role 02,ENG,L5,Y,0.5,19.5,2022-12-15,
ASN-005285-01,HRIS-WKR-005285,POS-HR-L3-0121,JOB-HR-L3-01,People L3 Role 01,HR,L3,Y,0.8,31.2,2018-01-17,
ASN-005286-01,HRIS-WKR-005286,POS-OPS-L4-0059,JOB-OPS-L4-05,Operations L4 Role 05,OPS,L4,Y,1.0,39.0,2023-05-07,
ASN-005287-01,HRIS-WKR-005287,POS-FIN-L5-0102,JOB-FIN-L5-06,Finance L5 Role 06,FIN,L5,Y,1.0,39.0,2018-10-12,
ASN-005288-01,HRIS-WKR-005288,POS-SAL-L5-0173,JOB-SAL-L5-05,Sales L5 Role 05,SAL,L5,Y,1.0,39.0,2018-02-05,
ASN-005289-01,HRIS-WKR-005289,POS-FIN-L5-0100,JOB-FIN-L5-04,Finance L5 Role 04,FIN,L5,Y,1.0,39.0,2024-04-22,
ASN-005290-01,HRIS-WKR-005290,POS-FIN-L6-0107,JOB-FIN-L6-05,Finance L6 Role 05,FIN,L6,Y,0.6,23.4,2019-08-26,
ASN-005291-01,HRIS-WKR-005291,POS-ENG-L4-0024,JOB-ENG-L4-06,Engineering L4 Role 06,ENG,L4,Y,0.5,19.5,2019-09-12,
ASN-005292-01,HRIS-WKR-005292,POS-ENG-L4-0021,JOB-ENG-L4-03,Engineering L4 Role 03,ENG,L4,Y,1.0,39.0,2019-04-29,
ASN-005293-01,HRIS-WKR-005293,POS-OPS-L6-0069,JOB-OPS-L6-03,Operations L6 Role 03,OPS,L6,Y,1.0,39.0,2020-11-02,
ASN-005294-01,HRIS-WKR-005294,POS-HR-L6-0142,JOB-HR-L6-04,People L6 Role 04,HR,L6,Y,1.0,39.0,2019-01-13,
ASN-005294-02,HRIS-WKR-005294,POS-OPS-L4-0059,JOB-OPS-L4-05,Operations L4 Role 05,OPS,L4,N,0.3,11.7,2022-12-02,
ASN-005295-01,HRIS-WKR-005295,POS-SAL-L6-0176,JOB-SAL-L6-02,Sales L6 Role 02,SAL,L6,Y,0.5,19.5,2020-11-10,
ASN-005296-01,HRIS-WKR-005296,POS-FIN-L3-0087,JOB-FIN-L3-03,Finance L3 Role 03,FIN,L3,Y,1.0,39.0,2018-08-01,
ASN-005297-01,HRIS-WKR-005297,POS-SAL-L5-0174,JOB-SAL-L5-06,Sales L5 Role 06,SAL,L5,Y,0.8,31.2,2023-07-28,
ASN-005298-01,HRIS-WKR-005298,POS-SAL-L3-0158,JOB-SAL-L3-02,Sales L3 Role 02,SAL,L3,Y,0.8,31.2,2023-01-22,
ASN-005299-01,HRIS-WKR-005299,POS-SAL-L2-0154,JOB-SAL-L2-04,Sales L2 Role 04,SAL,L2,Y,1.0,39.0,2020-04-04,
ASN-005300-01,HRIS-WKR-005300,POS-ENG-L3-0015,JOB-ENG-L3-03,Engineering L3 Role 03,ENG,L3,Y,0.8,31.2,2020-11-15,
ASN-005301-01,HRIS-WKR-005301,POS-ENG-L2-0012,JOB-ENG-L2-06,Engineering L2 Role 06,ENG,L2,Y,0.8,31.2,2021-06-23,
ASN-005302-01,HRIS-WKR-005302,POS-HR-L1-0109,JOB-HR-L1-01,People L1 Role 01,HR,L1,Y,1.0,39.0,2026-01-21,
ASN-005303-01,HRIS-WKR-005303,POS-OPS-L5-0064,JOB-OPS-L5-04,Operations L5 Role 04,OPS,L5,Y,1.0,39.0,2018-07-26,
ASN-005304-01,HRIS-WKR-005304,POS-SAL-L1-0145,JOB-SAL-L1-01,Sales L1 Role 01,SAL,L1,Y,1.0,39.0,2023-12-31,
ASN-005305-01,HRIS-WKR-005305,POS-SAL-L3-0162,JOB-SAL-L3-06,Sales L3 Role 06,SAL,L3,Y,1.0,39.0,2021-01-02,
ASN-005306-01,HRIS-WKR-005306,POS-HR-L5-0137,JOB-HR-L5-05,People L5 Role 05,HR,L5,Y,1.0,39.0,2018-06-16,
ASN-005307-01,HRIS-WKR-005307,POS-HR-L4-0128,JOB-HR-L4-02,People L4 Role 02,HR,L4,Y,1.0,39.0,2024-11-24,
ASN-005308-01,HRIS-WKR-005308,POS-OPS-L4-0056,JOB-OPS-L4-02,Operations L4 Role 02,OPS,L4,Y,1.0,39.0,2023-05-29,
ASN-005309-01,HRIS-WKR-005309,POS-OPS-L2-0047,JOB-OPS-L2-05,Operations L2 Role 05,OPS,L2,Y,1.0,39.0,2019-07-01,
ASN-005310-01,HRIS-WKR-005310,POS-FIN-L6-0108,JOB-FIN-L6-06,Finance L6 Role 06,FIN,L6,Y,1.0,39.0,2024-03-18,
ASN-005311-01,HRIS-WKR-005311,POS-HR-L6-0139,JOB-HR-L6-01,People L6 Role 01,HR,L6,Y,1.0,39.0,2022-10-18,
ASN-005312-01,HRIS-WKR-005312,POS-FIN-L5-0099,JOB-FIN-L5-03,Finance L5 Role 03,FIN,L5,Y,1.0,39.0,2022-01-13,
ASN-005313-01,HRIS-WKR-005313,POS-ENG-L2-0010,JOB-ENG-L2-04,Engineering L2 Role 04,ENG,L2,Y,1.0,39.0,2025-04-08,
ASN-005314-01,HRIS-WKR-005314,POS-FIN-L1-0074,JOB-FIN-L1-02,Finance L1 Role 02,FIN,L1,Y,1.0,39.0,2022-11-26,
ASN-005315-01,HRIS-WKR-005315,POS-FIN-L3-0088,JOB-FIN-L3-04,Finance L3 Role 04,FIN,L3,Y,1.0,39.0,2021-01-24,
ASN-005316-01,HRIS-WKR-005316,POS-TEC-L2-0192,JOB-TEC-L2-06,Technology L2 Role 06,TEC,L2,Y,0.8,31.2,2025-07-23,
ASN-005317-01,HRIS-WKR-005317,POS-ENG-L3-0016,JOB-ENG-L3-04,Engineering L3 Role 04,ENG,L3,Y,1.0,39.0,2023-09-23,
ASN-005318-01,HRIS-WKR-005318,POS-OPS-L5-0064,JOB-OPS-L5-04,Operations L5 Role 04,OPS,L5,Y,1.0,39.0,2023-03-30,
ASN-005319-01,HRIS-WKR-005319,POS-OPS-L3-0049,JOB-OPS-L3-01,Operations L3 Role 01,OPS,L3,Y,1.0,39.0,2022-07-12,
ASN-005320-01,HRIS-WKR-005320,POS-OPS-L3-0054,JOB-OPS-L3-06,Operations L3 Role 06,OPS,L3,Y,1.0,39.0,2019-02-18,
ASN-005321-01,HRIS-WKR-005321,POS-FIN-L5-0099,JOB-FIN-L5-03,Finance L5 Role 03,FIN,L5,Y,,,2022-11-18,
ASN-005322-01,HRIS-WKR-005322,POS-FIN-L4-0093,JOB-FIN-L4-03,Finance L4 Role 03,FIN,L4,Y,0.8,31.2,2022-08-16,
ASN-005323-01,HRIS-WKR-005323,POS-ENG-L3-0018,JOB-ENG-L3-06,Engineering L3 Role 06,ENG,L3,Y,1.0,39.0,2022-11-24,
ASN-005324-01,HRIS-WKR-005324,POS-FIN-L5-0102,JOB-FIN-L5-06,Finance L5 Role 06,FIN,L5,Y,1.0,39.0,2021-09-09,
ASN-005324-02,HRIS-WKR-005324,POS-TEC-L4-0203,JOB-TEC-L4-05,Technology L4 Role 05,TEC,L4,N,0.2,7.8,2026-01-01,
ASN-005325-01,HRIS-WKR-005325,POS-ENG-L1-0006,JOB-ENG-L1-06,Engineering L1 Role 06,ENG,L1,Y,1.0,39.0,2022-11-24,
ASN-005325-02,HRIS-WKR-005325,POS-OPS-L4-0055,JOB-OPS-L4-01,Operations L4 Role 01,OPS,L4,N,0.2,7.8,2020-03-12,
ASN-005326-01,HRIS-WKR-005326,POS-TEC-L6-0214,JOB-TEC-L6-04,Technology L6 Role 04,TEC,L6,Y,1.0,39.0,2021-05-12,
ASN-005327-01,HRIS-WKR-005327,POS-SAL-L2-0152,JOB-SAL-L2-02,Sales L2 Role 02,SAL,L4,Y,1.0,39.0,2022-10-06,
ASN-005328-01,HRIS-WKR-005328,POS-FIN-L2-0084,JOB-FIN-L2-06,Finance L2 Role 06,FIN,L2,Y,0.5,19.5,2025-06-17,
ASN-005329-01,HRIS-WKR-005329,POS-FIN-L2-0079,JOB-FIN-L2-01,Finance L2 Role 01,FIN,L2,Y,0.8,31.2,2020-08-12,
ASN-005330-01,HRIS-WKR-005330,POS-ENG-L1-0006,JOB-ENG-L1-06,Engineering L1 Role 06,ENG,L1,Y,0.6,23.4,2023-12-10,
ASN-005331-01,HRIS-WKR-005331,POS-TEC-L2-0187,JOB-TEC-L2-01,Technology L2 Role 01,TEC,L2,Y,1.0,39.0,2021-01-31,
ASN-005332-01,HRIS-WKR-005332,POS-HR-L5-0133,JOB-HR-L5-01,People L5 Role 01,HR,L5,Y,1.0,39.0,2023-12-26,
ASN-005333-01,HRIS-WKR-005333,POS-HR-L4-0129,JOB-HR-L4-03,People L4 Role 03,HR,L4,Y,,,2023-12-13,
ASN-005334-01,HRIS-WKR-005334,POS-ENG-L1-0006,JOB-ENG-L1-06,Engineering L1 Role 06,ENG,L1,Y,0.8,31.2,2023-12-28,
ASN-005335-01,HRIS-WKR-005335,POS-OPS-L5-0061,JOB-OPS-L5-01,Operations L5 Role 01,OPS,L5,Y,0.6,23.4,2022-06-05,
ASN-005336-01,HRIS-WKR-005336,POS-OPS-L4-0059,JOB-OPS-L4-05,Operations L4 Role 05,OPS,L4,Y,0.5,19.5,2018-08-06,
ASN-005337-01,HRIS-WKR-005337,POS-TEC-L2-0187,JOB-TEC-L2-01,Technology L2 Role 01,TEC,L2,Y,1.0,39.0,2024-08-03,
ASN-005338-01,HRIS-WKR-005338,POS-SAL-L2-0156,JOB-SAL-L2-06,Sales L2 Role 06,SAL,L2,Y,0.8,31.2,2020-05-28,
ASN-005339-01,HRIS-WKR-005339,POS-TEC-L2-0189,JOB-TEC-L2-03,Technology L2 Role 03,TEC,L2,Y,1.0,39.0,2019-12-25,
ASN-005340-01,HRIS-WKR-005340,POS-TEC-L5-0205,JOB-TEC-L5-01,Technology L5 Role 01,TEC,L5,Y,0.8,31.2,2019-01-05,
ASN-005341-01,HRIS-WKR-005341,POS-FIN-L6-0106,JOB-FIN-L6-04,Finance L6 Role 04,FIN,L6,Y,1.0,39.0,2019-12-14,
ASN-005342-01,HRIS-WKR-005342,POS-OPS-L2-0046,JOB-OPS-L2-04,Operations L2 Role 04,OPS,L2,Y,1.0,39.0,2020-11-06,
ASN-005343-01,HRIS-WKR-005343,POS-FIN-L1-0074,JOB-FIN-L1-02,Finance L1 Role 02,FIN,L1,Y,1.0,39.0,2020-06-17,
ASN-005344-01,HRIS-WKR-005344,POS-HR-L1-0113,JOB-HR-L1-05,People L1 Role 05,HR,L1,Y,1.0,39.0,2025-07-18,
ASN-005345-01,HRIS-WKR-005345,POS-TEC-L5-0205,JOB-TEC-L5-01,Technology L5 Role 01,TEC,L5,Y,1.0,39.0,2023-08-12,
ASN-005346-01,HRIS-WKR-005346,POS-OPS-L4-0058,JOB-OPS-L4-04,Operations L4 Role 04,OPS,L2,Y,1.0,39.0,2022-04-13,
ASN-005347-01,HRIS-WKR-005347,POS-ENG-L3-0015,JOB-ENG-L3-03,Engineering L3 Role 03,ENG,L3,Y,1.0,39.0,2020-08-13,
ASN-005348-01,HRIS-WKR-005348,POS-TEC-L1-0186,JOB-TEC-L1-06,Technology L1 Role 06,TEC,L1,Y,1.0,39.0,2019-04-09,
ASN-005349-01,HRIS-WKR-005349,POS-HR-L4-0132,JOB-HR-L4-06,People L4 Role 06,HR,L4,Y,1.0,39.0,2018-01-09,
ASN-005350-01,HRIS-WKR-005350,POS-TEC-L6-0216,JOB-TEC-L6-06,Technology L6 Role 06,TEC,L6,Y,0.4,15.6,2025-06-02,
ASN-005350-02,HRIS-WKR-005350,POS-ENG-L4-0022,JOB-ENG-L4-04,Engineering L4 Role 04,ENG,L4,N,0.2,7.8,2021-02-27,
ASN-005351-01,HRIS-WKR-005351,POS-ENG-L6-0036,JOB-ENG-L6-06,Engineering L6 Role 06,ENG,L6,Y,1.0,39.0,2024-04-22,
ASN-005352-01,HRIS-WKR-005352,POS-OPS-L6-0072,JOB-OPS-L6-06,Operations L6 Role 06,OPS,L6,Y,1.0,39.0,2022-03-23,
ASN-005352-02,HRIS-WKR-005352,POS-SAL-L6-0180,JOB-SAL-L6-06,Sales L6 Role 06,SAL,L6,N,0.3,11.7,2023-02-06,
ASN-005353-01,HRIS-WKR-005353,POS-ENG-L5-0028,JOB-ENG-L5-04,Engineering L5 Role 04,ENG,L5,Y,1.0,39.0,2023-02-26,
ASN-005354-01,HRIS-WKR-005354,POS-TEC-L1-0186,JOB-TEC-L1-06,Technology L1 Role 06,TEC,L1,Y,0.6,23.4,2023-10-27,
ASN-005355-01,HRIS-WKR-005355,POS-HR-L5-0136,JOB-HR-L5-04,People L5 Role 04,HR,L5,Y,1.0,39.0,2018-06-18,
ASN-005356-01,HRIS-WKR-005356,POS-FIN-L6-0105,JOB-FIN-L6-03,Finance L6 Role 03,FIN,L6,Y,1.0,39.0,2023-05-24,
ASN-005357-01,HRIS-WKR-005357,POS-HR-L3-0126,JOB-HR-L3-06,People L3 Role 06,HR,L3,Y,1.0,39.0,2019-12-19,
ASN-005358-01,HRIS-WKR-005358,POS-ENG-L4-0021,JOB-ENG-L4-03,Engineering L4 Role 03,ENG,L4,Y,1.0,39.0,2024-10-22,
ASN-005359-01,HRIS-WKR-005359,POS-ENG-L2-0008,JOB-ENG-L2-02,Engineering L2 Role 02,ENG,L2,Y,1.0,39.0,2020-05-26,
ASN-005359-02,HRIS-WKR-005359,POS-TEC-L5-0207,JOB-TEC-L5-03,Technology L5 Role 03,TEC,L5,N,0.2,7.8,2024-01-01,
ASN-005360-01,HRIS-WKR-005360,POS-SAL-L3-0158,JOB-SAL-L3-02,Sales L3 Role 02,SAL,L3,Y,1.0,39.0,2025-01-23,
ASN-005361-01,HRIS-WKR-005361,POS-FIN-L5-0097,JOB-FIN-L5-01,Finance L5 Role 01,FIN,L5,Y,,,2019-07-09,
ASN-005362-01,HRIS-WKR-005362,POS-OPS-L3-0053,JOB-OPS-L3-05,Operations L3 Role 05,OPS,L3,Y,1.0,39.0,2022-01-16,
ASN-005363-01,HRIS-WKR-005363,POS-HR-L1-0112,JOB-HR-L1-04,People L1 Role 04,HR,L1,Y,1.0,39.0,2021-05-11,
ASN-005364-01,HRIS-WKR-005364,POS-OPS-L5-0063,JOB-OPS-L5-03,Operations L5 Role 03,OPS,L5,Y,0.6,23.4,2020-08-07,
ASN-005365-01,HRIS-WKR-005365,POS-ENG-L6-0035,JOB-ENG-L6-05,Engineering L6 Role 05,ENG,L6,Y,1.0,39.0,2020-07-16,
ASN-005366-01,HRIS-WKR-005366,POS-ENG-L2-0008,JOB-ENG-L2-02,Engineering L2 Role 02,ENG,L2,Y,1.0,39.0,2021-02-06,
ASN-005367-01,HRIS-WKR-005367,POS-ENG-L6-0032,JOB-ENG-L6-02,Engineering L6 Role 02,ENG,L6,Y,1.0,39.0,2024-07-11,
ASN-005368-01,HRIS-WKR-005368,POS-SAL-L5-0173,JOB-SAL-L5-05,Sales L5 Role 05,SAL,L5,Y,1.0,39.0,2025-01-11,
ASN-005369-01,HRIS-WKR-005369,POS-ENG-L6-0034,JOB-ENG-L6-04,Engineering L6 Role 04,ENG,L6,Y,1.0,39.0,2018-05-15,
ASN-005369-02,HRIS-WKR-005369,POS-TEC-L4-0199,JOB-TEC-L4-01,Technology L4 Role 01,TEC,L4,N,0.4,15.6,2025-07-01,
ASN-005370-01,HRIS-WKR-005370,POS-TEC-L2-0190,JOB-TEC-L2-04,Technology L2 Role 04,TEC,L2,Y,1.0,39.0,2019-04-05,
ASN-005371-01,HRIS-WKR-005371,POS-HR-L4-0127,JOB-HR-L4-01,People L4 Role 01,HR,L4,Y,1.0,39.0,2018-08-14,
ASN-005372-01,HRIS-WKR-005372,POS-TEC-L4-0199,JOB-TEC-L4-01,Technology L4 Role 01,TEC,L4,Y,1.0,39.0,2022-05-05,
ASN-005373-01,HRIS-WKR-005373,POS-SAL-L4-0168,JOB-SAL-L4-06,Sales L4 Role 06,SAL,L4,Y,1.0,39.0,2025-09-16,
ASN-005374-01,HRIS-WKR-005374,POS-FIN-L3-0090,JOB-FIN-L3-06,Finance L3 Role 06,FIN,L3,Y,1.0,39.0,2025-02-26,
ASN-005375-01,HRIS-WKR-005375,POS-HR-L1-0114,JOB-HR-L1-06,People L1 Role 06,HR,L1,Y,1.0,39.0,2025-12-26,
ASN-005376-01,HRIS-WKR-005376,POS-ENG-L6-0033,JOB-ENG-L6-03,Engineering L6 Role 03,ENG,L6,Y,1.0,39.0,2020-07-21,
ASN-005377-01,HRIS-WKR-005377,POS-FIN-L5-0097,JOB-FIN-L5-01,Finance L5 Role 01,FIN,L5,Y,1.0,39.0,2022-01-29,
ASN-005378-01,HRIS-WKR-005378,POS-FIN-L4-0094,JOB-FIN-L4-04,Finance L4 Role 04,FIN,L4,Y,0.8,31.2,2025-02-09,
ASN-005379-01,HRIS-WKR-005379,POS-OPS-L6-0069,JOB-OPS-L6-03,Operations L6 Role 03,OPS,L6,Y,1.0,39.0,2025-11-04,
ASN-005380-01,HRIS-WKR-005380,POS-ENG-L1-0001,JOB-ENG-L1-01,Engineering L1 Role 01,ENG,L3,Y,1.0,39.0,2021-05-05,
ASN-005381-01,HRIS-WKR-005381,POS-TEC-L3-0198,JOB-TEC-L3-06,Technology L3 Role 06,TEC,L3,Y,1.0,39.0,2025-10-16,
ASN-005382-01,HRIS-WKR-005382,POS-ENG-L5-0026,JOB-ENG-L5-02,Engineering L5 Role 02,ENG,L5,Y,1.0,39.0,2022-03-19,
ASN-005383-01,HRIS-WKR-005383,POS-FIN-L1-0077,JOB-FIN-L1-05,Finance L1 Role 05,FIN,L1,Y,1.0,39.0,2024-03-03,
ASN-005384-01,HRIS-WKR-005384,POS-TEC-L6-0211,JOB-TEC-L6-01,Technology L6 Role 01,TEC,L6,Y,1.0,39.0,2022-08-21,
ASN-005385-01,HRIS-WKR-005385,POS-TEC-L5-0210,JOB-TEC-L5-06,Technology L5 Role 06,TEC,L5,Y,1.0,39.0,2019-03-13,
ASN-005386-01,HRIS-WKR-005386,POS-TEC-L3-0197,JOB-TEC-L3-05,Technology L3 Role 05,TEC,L3,Y,1.0,39.0,2020-11-07,
ASN-005387-01,HRIS-WKR-005387,POS-FIN-L6-0104,JOB-FIN-L6-02,Finance L6 Role 02,FIN,L6,Y,1.0,39.0,2019-09-13,
ASN-005388-01,HRIS-WKR-005388,POS-FIN-L2-0080,JOB-FIN-L2-02,Finance L2 Role 02,FIN,L4,Y,1.0,39.0,2025-11-04,
ASN-005389-01,HRIS-WKR-005389,POS-HR-L6-0139,JOB-HR-L6-01,People L6 Role 01,HR,L6,Y,0.5,19.5,2020-01-29,
ASN-005390-01,HRIS-WKR-005390,POS-SAL-L4-0166,JOB-SAL-L4-04,Sales L4 Role 04,SAL,L4,Y,1.0,39.0,2019-02-26,
ASN-005391-01,HRIS-WKR-005391,POS-ENG-L6-0032,JOB-ENG-L6-02,Engineering L6 Role 02,ENG,L6,Y,0.8,31.2,2019-01-17,
ASN-005392-01,HRIS-WKR-005392,POS-HR-L2-0118,JOB-HR-L2-04,People L2 Role 04,HR,L2,Y,1.0,39.0,2021-04-23,
ASN-005393-01,HRIS-WKR-005393,POS-SAL-L5-0170,JOB-SAL-L5-02,Sales L5 Role 02,SAL,L5,Y,0.4,15.6,2022-01-11,
ASN-005394-01,HRIS-WKR-005394,POS-HR-L6-0140,JOB-HR-L6-02,People L6 Role 02,HR,L6,Y,1.0,39.0,2025-06-11,
ASN-005395-01,HRIS-WKR-005395,POS-ENG-L2-0009,JOB-ENG-L2-03,Engineering L2 Role 03,ENG,L2,Y,1.0,39.0,2023-11-19,
ASN-005396-01,HRIS-WKR-005396,POS-TEC-L6-0211,JOB-TEC-L6-01,Technology L6 Role 01,TEC,L6,Y,1.0,39.0,2021-08-27,
ASN-005397-01,HRIS-WKR-005397,POS-FIN-L1-0078,JOB-FIN-L1-06,Finance L1 Role 06,FIN,L1,Y,1.0,39.0,2019-07-12,
ASN-005398-01,HRIS-WKR-005398,POS-SAL-L1-0145,JOB-SAL-L1-01,Sales L1 Role 01,SAL,L1,Y,1.0,39.0,2020-07-15,
ASN-005399-01,HRIS-WKR-005399,POS-SAL-L2-0153,JOB-SAL-L2-03,Sales L2 Role 03,SAL,L2,Y,1.0,39.0,2023-04-23,
ASN-005400-01,HRIS-WKR-005400,POS-HR-L4-0131,JOB-HR-L4-05,People L4 Role 05,HR,L4,Y,0.6,23.4,2018-07-27,
ASN-005401-01,HRIS-WKR-005401,POS-TEC-L5-0209,JOB-TEC-L5-05,Technology L5 Role 05,TEC,L5,Y,1.0,39.0,2019-10-06,
ASN-005402-01,HRIS-WKR-005402,POS-ENG-L3-0015,JOB-ENG-L3-03,Engineering L3 Role 03,ENG,L3,Y,0.8,31.2,2018-12-31,
ASN-005403-01,HRIS-WKR-005403,POS-HR-L3-0123,JOB-HR-L3-03,People L3 Role 03,HR,L3,Y,1.0,39.0,2024-09-03,
ASN-005404-01,HRIS-WKR-005404,POS-ENG-L6-0033,JOB-ENG-L6-03,Engineering L6 Role 03,ENG,L6,Y,1.0,39.0,2019-08-14,
ASN-005405-01,HRIS-WKR-005405,POS-OPS-L1-0040,JOB-OPS-L1-04,Operations L1 Role 04,OPS,L1,Y,1.0,39.0,2020-04-13,
ASN-005406-01,HRIS-WKR-005406,POS-TEC-L2-0191,JOB-TEC-L2-05,Technology L2 Role 05,TEC,L2,Y,1.0,39.0,2025-06-19,
ASN-005407-01,HRIS-WKR-005407,POS-TEC-L4-0203,JOB-TEC-L4-05,Technology L4 Role 05,TEC,L4,Y,1.0,39.0,2022-02-24,
ASN-005408-01,HRIS-WKR-005408,POS-HR-L6-0143,JOB-HR-L6-05,People L6 Role 05,HR,L6,Y,0.6,23.4,2024-07-24,
ASN-005409-01,HRIS-WKR-005409,POS-OPS-L1-0039,JOB-OPS-L1-03,Operations L1 Role 03,OPS,L1,Y,1.0,39.0,2019-10-20,
ASN-005410-01,HRIS-WKR-005410,POS-SAL-L4-0165,JOB-SAL-L4-03,Sales L4 Role 03,SAL,L4,Y,1.0,39.0,2018-09-10,
ASN-005411-01,HRIS-WKR-005411,POS-SAL-L6-0177,JOB-SAL-L6-03,Sales L6 Role 03,SAL,L6,Y,1.0,39.0,2018-02-11,
ASN-005412-01,HRIS-WKR-005412,POS-OPS-L3-0051,JOB-OPS-L3-03,Operations L3 Role 03,OPS,L3,Y,1.0,39.0,2025-04-18,
ASN-005412-02,HRIS-WKR-005412,POS-HR-L4-0131,JOB-HR-L4-05,People L4 Role 05,HR,L4,N,0.2,7.8,2024-08-12,
ASN-005413-01,HRIS-WKR-005413,POS-OPS-L4-0057,JOB-OPS-L4-03,Operations L4 Role 03,OPS,L4,Y,1.0,39.0,2019-03-31,
ASN-005414-01,HRIS-WKR-005414,POS-TEC-L1-0184,JOB-TEC-L1-04,Technology L1 Role 04,TEC,L1,Y,,,2021-11-28,
ASN-005414-02,HRIS-WKR-005414,POS-OPS-L2-0048,JOB-OPS-L2-06,Operations L2 Role 06,OPS,L2,N,0.3,11.7,2025-06-04,
ASN-005415-01,HRIS-WKR-005415,POS-ENG-L6-0032,JOB-ENG-L6-02,Engineering L6 Role 02,ENG,L6,Y,1.0,39.0,2025-10-16,
ASN-005416-01,HRIS-WKR-005416,POS-OPS-L3-0051,JOB-OPS-L3-03,Operations L3 Role 03,OPS,L3,Y,1.0,39.0,2018-12-15,
ASN-005417-01,HRIS-WKR-005417,POS-OPS-L2-0048,JOB-OPS-L2-06,Operations L2 Role 06,OPS,L2,Y,1.0,39.0,2020-10-28,
ASN-005418-01,HRIS-WKR-005418,POS-TEC-L3-0198,JOB-TEC-L3-06,Technology L3 Role 06,TEC,L3,Y,1.0,39.0,2018-03-02,
ASN-005418-02,HRIS-WKR-005418,POS-FIN-L3-0090,JOB-FIN-L3-06,Finance L3 Role 06,FIN,L3,N,0.2,7.8,2020-10-01,
ASN-005419-01,HRIS-WKR-005419,POS-SAL-L1-0148,JOB-SAL-L1-04,Sales L1 Role 04,SAL,L1,Y,1.0,39.0,2025-02-18,
ASN-005420-01,HRIS-WKR-005420,POS-ENG-L5-0027,JOB-ENG-L5-03,Engineering L5 Role 03,ENG,L5,Y,1.0,39.0,2019-12-28,
ASN-005421-01,HRIS-WKR-005421,POS-FIN-L3-0090,JOB-FIN-L3-06,Finance L3 Role 06,FIN,L3,Y,0.5,19.5,2024-09-28,
ASN-005422-01,HRIS-WKR-005422,POS-TEC-L3-0193,JOB-TEC-L3-01,Technology L3 Role 01,TEC,L3,Y,0.8,31.2,2021-03-21,
ASN-005423-01,HRIS-WKR-005423,POS-ENG-L4-0019,JOB-ENG-L4-01,Engineering L4 Role 01,ENG,L6,Y,1.0,39.0,2019-08-28,
ASN-005424-01,HRIS-WKR-005424,POS-TEC-L5-0206,JOB-TEC-L5-02,Technology L5 Role 02,TEC,L5,Y,1.0,39.0,2020-06-01,
ASN-005425-01,HRIS-WKR-005425,POS-ENG-L1-0006,JOB-ENG-L1-06,Engineering L1 Role 06,ENG,L1,Y,1.0,39.0,2025-07-27,
ASN-005426-01,HRIS-WKR-005426,POS-FIN-L5-0097,JOB-FIN-L5-01,Finance L5 Role 01,FIN,L5,Y,1.0,39.0,2021-07-09,
ASN-005427-01,HRIS-WKR-005427,POS-TEC-L3-0197,JOB-TEC-L3-05,Technology L3 Role 05,TEC,L3,Y,0.4,15.6,2024-02-13,
ASN-005428-01,HRIS-WKR-005428,POS-OPS-L2-0044,JOB-OPS-L2-02,Operations L2 Role 02,OPS,L2,Y,1.0,39.0,2025-10-06,
ASN-005429-01,HRIS-WKR-005429,POS-FIN-L2-0082,JOB-FIN-L2-04,Finance L2 Role 04,FIN,L2,Y,0.6,23.4,2021-11-24,
ASN-005430-01,HRIS-WKR-005430,POS-FIN-L1-0076,JOB-FIN-L1-04,Finance L1 Role 04,FIN,L1,Y,1.0,39.0,2024-09-18,
ASN-005431-01,HRIS-WKR-005431,POS-TEC-L5-0205,JOB-TEC-L5-01,Technology L5 Role 01,TEC,L5,Y,1.0,39.0,2020-05-15,
ASN-005432-01,HRIS-WKR-005432,POS-ENG-L6-0031,JOB-ENG-L6-01,Engineering L6 Role 01,ENG,L6,Y,1.0,39.0,2025-04-17,
ASN-005433-01,HRIS-WKR-005433,POS-TEC-L3-0196,JOB-TEC-L3-04,Technology L3 Role 04,TEC,L3,Y,1.0,39.0,2018-11-28,
ASN-005434-01,HRIS-WKR-005434,POS-ENG-L6-0031,JOB-ENG-L6-01,Engineering L6 Role 01,ENG,L6,Y,1.0,39.0,2018-09-06,
ASN-005435-01,HRIS-WKR-005435,POS-FIN-L2-0082,JOB-FIN-L2-04,Finance L2 Role 04,FIN,L2,Y,0.4,15.6,2020-09-20,
ASN-005436-01,HRIS-WKR-005436,POS-OPS-L2-0046,JOB-OPS-L2-04,Operations L2 Role 04,OPS,L2,Y,0.5,19.5,2025-10-20,
ASN-005437-01,HRIS-WKR-005437,POS-HR-L3-0121,JOB-HR-L3-01,People L3 Role 01,HR,L3,Y,,,2018-02-27,
ASN-005438-01,HRIS-WKR-005438,POS-ENG-L5-0030,JOB-ENG-L5-06,Engineering L5 Role 06,ENG,L5,Y,1.0,39.0,2023-10-01,
ASN-005439-01,HRIS-WKR-005439,POS-FIN-L2-0082,JOB-FIN-L2-04,Finance L2 Role 04,FIN,L2,Y,1.0,39.0,2022-10-19,
ASN-005440-01,HRIS-WKR-005440,POS-FIN-L4-0092,JOB-FIN-L4-02,Finance L4 Role 02,FIN,L4,Y,,,2021-06-11,
ASN-005441-01,HRIS-WKR-005441,POS-FIN-L5-0100,JOB-FIN-L5-04,Finance L5 Role 04,FIN,L5,Y,0.8,31.2,2018-07-22,
ASN-005442-01,HRIS-WKR-005442,POS-TEC-L5-0207,JOB-TEC-L5-03,Technology L5 Role 03,TEC,L5,Y,1.0,39.0,2019-11-02,
ASN-005443-01,HRIS-WKR-005443,POS-SAL-L4-0166,JOB-SAL-L4-04,Sales L4 Role 04,SAL,L4,Y,0.4,15.6,2024-04-21,
ASN-005444-01,HRIS-WKR-005444,POS-TEC-L6-0211,JOB-TEC-L6-01,Technology L6 Role 01,TEC,L6,Y,1.0,39.0,2019-06-23,
ASN-005445-01,HRIS-WKR-005445,POS-TEC-L3-0198,JOB-TEC-L3-06,Technology L3 Role 06,TEC,L3,Y,1.0,39.0,2025-12-29,
ASN-005446-01,HRIS-WKR-005446,POS-ENG-L3-0017,JOB-ENG-L3-05,Engineering L3 Role 05,ENG,L3,Y,0.8,31.2,2020-01-20,
ASN-005447-01,HRIS-WKR-005447,POS-TEC-L1-0181,JOB-TEC-L1-01,Technology L1 Role 01,TEC,L1,Y,1.0,39.0,2025-12-14,
ASN-005448-01,HRIS-WKR-005448,POS-HR-L1-0109,JOB-HR-L1-01,People L1 Role 01,HR,L1,Y,1.0,39.0,2021-01-09,
ASN-005449-01,HRIS-WKR-005449,POS-ENG-L2-0011,JOB-ENG-L2-05,Engineering L2 Role 05,ENG,L2,Y,1.0,39.0,2020-08-22,
ASN-005450-01,HRIS-WKR-005450,POS-SAL-L3-0159,JOB-SAL-L3-03,Sales L3 Role 03,SAL,L3,Y,1.0,39.0,2020-03-28,
ASN-005450-02,HRIS-WKR-005450,POS-OPS-L4-0057,JOB-OPS-L4-03,Operations L4 Role 03,OPS,L4,N,0.2,7.8,2020-04-06,
ASN-005451-01,HRIS-WKR-005451,POS-FIN-L6-0105,JOB-FIN-L6-03,Finance L6 Role 03,FIN,L6,Y,1.0,39.0,2022-09-11,
ASN-005452-01,HRIS-WKR-005452,POS-SAL-L4-0168,JOB-SAL-L4-06,Sales L4 Role 06,SAL,L4,Y,,,2022-07-02,
ASN-005453-01,HRIS-WKR-005453,POS-TEC-L4-0204,JOB-TEC-L4-06,Technology L4 Role 06,TEC,L4,Y,1.0,39.0,2020-10-08,
ASN-005454-01,HRIS-WKR-005454,POS-TEC-L6-0212,JOB-TEC-L6-02,Technology L6 Role 02,TEC,L4,Y,1.0,39.0,2019-01-06,
ASN-005455-01,HRIS-WKR-005455,POS-ENG-L5-0028,JOB-ENG-L5-04,Engineering L5 Role 04,ENG,L5,Y,1.0,39.0,2018-07-22,
ASN-005455-02,HRIS-WKR-005455,POS-HR-L5-0135,JOB-HR-L5-03,People L5 Role 03,HR,L5,N,0.4,15.6,2019-02-25,
ASN-005456-01,HRIS-WKR-005456,POS-ENG-L4-0022,JOB-ENG-L4-04,Engineering L4 Role 04,ENG,L4,Y,1.0,39.0,2021-04-24,
ASN-005457-01,HRIS-WKR-005457,POS-FIN-L3-0090,JOB-FIN-L3-06,Finance L3 Role 06,FIN,L3,Y,1.0,39.0,2026-01-27,
ASN-005458-01,HRIS-WKR-005458,POS-TEC-L2-0192,JOB-TEC-L2-06,Technology L2 Role 06,TEC,L2,Y,,,2025-10-07,
ASN-005459-01,HRIS-WKR-005459,POS-SAL-L3-0157,JOB-SAL-L3-01,Sales L3 Role 01,SAL,L3,Y,1.0,39.0,2021-04-03,
ASN-005460-01,HRIS-WKR-005460,POS-ENG-L3-0015,JOB-ENG-L3-03,Engineering L3 Role 03,ENG,L3,Y,1.0,39.0,2021-12-14,
ASN-005461-01,HRIS-WKR-005461,POS-HR-L1-0112,JOB-HR-L1-04,People L1 Role 04,HR,L1,Y,0.6,23.4,2021-04-03,
ASN-005461-02,HRIS-WKR-005461,POS-ENG-L5-0025,JOB-ENG-L5-01,Engineering L5 Role 01,ENG,L5,N,0.3,11.7,2020-02-04,
ASN-005462-01,HRIS-WKR-005462,POS-TEC-L4-0200,JOB-TEC-L4-02,Technology L4 Role 02,TEC,L4,Y,1.0,39.0,2018-11-23,
ASN-005462-02,HRIS-WKR-005462,POS-ENG-L5-0027,JOB-ENG-L5-03,Engineering L5 Role 03,ENG,L5,N,0.2,7.8,2022-11-11,
ASN-005463-01,HRIS-WKR-005463,POS-OPS-L4-0060,JOB-OPS-L4-06,Operations L4 Role 06,OPS,L4,Y,1.0,39.0,2020-05-23,
ASN-005464-01,HRIS-WKR-005464,POS-SAL-L5-0173,JOB-SAL-L5-05,Sales L5 Role 05,SAL,L5,Y,1.0,39.0,2025-10-27,
ASN-005465-01,HRIS-WKR-005465,POS-ENG-L3-0013,JOB-ENG-L3-01,Engineering L3 Role 01,ENG,L3,Y,0.8,31.2,2018-01-11,
ASN-005466-01,HRIS-WKR-005466,POS-ENG-L6-0033,JOB-ENG-L6-03,Engineering L6 Role 03,ENG,L6,Y,0.6,23.4,2024-12-20,
ASN-005467-01,HRIS-WKR-005467,POS-ENG-L4-0019,JOB-ENG-L4-01,Engineering L4 Role 01,ENG,L4,Y,1.0,39.0,2024-02-05,
ASN-005468-01,HRIS-WKR-005468,POS-SAL-L3-0160,JOB-SAL-L3-04,Sales L3 Role 04,SAL,L3,Y,0.8,31.2,2021-12-28,
ASN-005469-01,HRIS-WKR-005469,POS-HR-L6-0140,JOB-HR-L6-02,People L6 Role 02,HR,L6,Y,1.0,39.0,2023-11-14,
ASN-005470-01,HRIS-WKR-005470,POS-TEC-L5-0205,JOB-TEC-L5-01,Technology L5 Role 01,TEC,L5,Y,1.0,39.0,2021-03-15,
ASN-005471-01,HRIS-WKR-005471,POS-OPS-L2-0046,JOB-OPS-L2-04,Operations L2 Role 04,OPS,L2,Y,,,2020-12-04,
ASN-005472-01,HRIS-WKR-005472,POS-HR-L6-0141,JOB-HR-L6-03,People L6 Role 03,HR,L6,Y,1.0,39.0,2025-07-21,
ASN-005472-02,HRIS-WKR-005472,POS-FIN-L4-0095,JOB-FIN-L4-05,Finance L4 Role 05,FIN,L4,N,0.2,7.8,2025-11-20,
ASN-005473-01,HRIS-WKR-005473,POS-ENG-L3-0018,JOB-ENG-L3-06,Engineering L3 Role 06,ENG,L3,Y,1.0,39.0,2020-10-18,
ASN-005474-01,HRIS-WKR-005474,POS-HR-L3-0121,JOB-HR-L3-01,People L3 Role 01,HR,L3,Y,1.0,39.0,2023-03-31,
ASN-005474-02,HRIS-WKR-005474,POS-ENG-L3-0014,JOB-ENG-L3-02,Engineering L3 Role 02,ENG,L3,N,0.4,15.6,2018-10-18,
ASN-005475-01,HRIS-WKR-005475,POS-FIN-L5-0097,JOB-FIN-L5-01,Finance L5 Role 01,FIN,L5,Y,1.0,39.0,2022-12-07,
ASN-005476-01,HRIS-WKR-005476,POS-HR-L4-0132,JOB-HR-L4-06,People L4 Role 06,HR,L4,Y,1.0,39.0,2023-08-05,
ASN-005476-02,HRIS-WKR-005476,POS-TEC-L4-0203,JOB-TEC-L4-05,Technology L4 Role 05,TEC,L4,N,0.2,7.8,2021-10-02,
ASN-005477-01,HRIS-WKR-005477,POS-TEC-L2-0192,JOB-TEC-L2-06,Technology L2 Role 06,TEC,L2,Y,1.0,39.0,2022-03-22,
ASN-005478-01,HRIS-WKR-005478,POS-TEC-L1-0181,JOB-TEC-L1-01,Technology L1 Role 01,TEC,L1,Y,1.0,39.0,2018-11-02,
ASN-005479-01,HRIS-WKR-005479,POS-OPS-L1-0038,JOB-OPS-L1-02,Operations L1 Role 02,OPS,L1,Y,,,2019-05-18,
ASN-005480-01,HRIS-WKR-005480,POS-HR-L3-0122,JOB-HR-L3-02,People L3 Role 02,HR,L3,Y,1.0,39.0,2021-08-08,
ASN-005480-02,HRIS-WKR-005480,POS-OPS-L4-0058,JOB-OPS-L4-04,Operations L4 Role 04,OPS,L4,N,0.2,7.8,2023-09-29,
ASN-005481-01,HRIS-WKR-005481,POS-HR-L2-0115,JOB-HR-L2-01,People L2 Role 01,HR,L2,Y,1.0,39.0,2020-09-20,
ASN-005481-02,HRIS-WKR-005481,POS-SAL-L6-0178,JOB-SAL-L6-04,Sales L6 Role 04,SAL,L6,N,0.2,7.8,2022-10-15,
ASN-005482-01,HRIS-WKR-005482,POS-ENG-L4-0022,JOB-ENG-L4-04,Engineering L4 Role 04,ENG,L4,Y,1.0,39.0,2022-07-20,
ASN-005483-01,HRIS-WKR-005483,POS-FIN-L1-0074,JOB-FIN-L1-02,Finance L1 Role 02,FIN,L1,Y,1.0,39.0,2024-10-16,
ASN-005484-01,HRIS-WKR-005484,POS-FIN-L5-0097,JOB-FIN-L5-01,Finance L5 Role 01,FIN,L5,Y,1.0,39.0,2025-11-23,
ASN-005485-01,HRIS-WKR-005485,POS-TEC-L4-0201,JOB-TEC-L4-03,Technology L4 Role 03,TEC,L4,Y,0.4,15.6,2020-02-15,
ASN-005486-01,HRIS-WKR-005486,POS-SAL-L5-0172,JOB-SAL-L5-04,Sales L5 Role 04,SAL,L5,Y,1.0,39.0,2020-09-14,
ASN-005487-01,HRIS-WKR-005487,POS-ENG-L4-0019,JOB-ENG-L4-01,Engineering L4 Role 01,ENG,L4,Y,1.0,39.0,2025-02-05,
ASN-005488-01,HRIS-WKR-005488,POS-OPS-L1-0040,JOB-OPS-L1-04,Operations L1 Role 04,OPS,L1,Y,1.0,39.0,2022-09-17,
ASN-005489-01,HRIS-WKR-005489,POS-HR-L3-0121,JOB-HR-L3-01,People L3 Role 01,HR,L3,Y,1.0,39.0,2025-05-07,
ASN-005490-01,HRIS-WKR-005490,POS-HR-L2-0119,JOB-HR-L2-05,People L2 Role 05,HR,L2,Y,,,2019-01-08,
ASN-005491-01,HRIS-WKR-005491,POS-OPS-L3-0050,JOB-OPS-L3-02,Operations L3 Role 02,OPS,L3,Y,1.0,39.0,2019-08-01,
ASN-005492-01,HRIS-WKR-005492,POS-TEC-L3-0196,JOB-TEC-L3-04,Technology L3 Role 04,TEC,L3,Y,1.0,39.0,2025-10-10,
ASN-005493-01,HRIS-WKR-005493,POS-ENG-L5-0025,JOB-ENG-L5-01,Engineering L5 Role 01,ENG,L5,Y,1.0,39.0,2018-12-27,
ASN-005494-01,HRIS-WKR-005494,POS-HR-L2-0116,JOB-HR-L2-02,People L2 Role 02,HR,L4,Y,1.0,39.0,2018-11-08,
ASN-005495-01,HRIS-WKR-005495,POS-HR-L5-0133,JOB-HR-L5-01,People L5 Role 01,HR,L5,Y,1.0,39.0,2021-08-23,
ASN-005496-01,HRIS-WKR-005496,POS-TEC-L5-0205,JOB-TEC-L5-01,Technology L5 Role 01,TEC,L5,Y,1.0,39.0,2026-01-12,
ASN-005497-01,HRIS-WKR-005497,POS-HR-L4-0127,JOB-HR-L4-01,People L4 Role 01,HR,L4,Y,1.0,39.0,2018-03-28,
ASN-005497-02,HRIS-WKR-005497,POS-TEC-L5-0209,JOB-TEC-L5-05,Technology L5 Role 05,TEC,L5,N,0.4,15.6,2019-12-11,
ASN-005498-01,HRIS-WKR-005498,POS-FIN-L1-0078,JOB-FIN-L1-06,Finance L1 Role 06,FIN,L1,Y,0.6,23.4,2023-11-25,
ASN-005499-01,HRIS-WKR-005499,POS-ENG-L4-0023,JOB-ENG-L4-05,Engineering L4 Role 05,ENG,L4,Y,1.0,39.0,2018-07-12,
ASN-005500-01,HRIS-WKR-005500,POS-ENG-L4-0023,JOB-ENG-L4-05,Engineering L4 Role 05,ENG,L4,Y,1.0,39.0,2022-10-31,
ASN-005501-01,HRIS-WKR-005501,POS-OPS-L3-0050,JOB-OPS-L3-02,Operations L3 Role 02,OPS,L3,Y,1.0,39.0,2022-08-10,
ASN-005502-01,HRIS-WKR-005502,POS-ENG-L3-0015,JOB-ENG-L3-03,Engineering L3 Role 03,ENG,L3,Y,1.0,39.0,2019-05-08,
ASN-005503-01,HRIS-WKR-005503,POS-SAL-L6-0175,JOB-SAL-L6-01,Sales L6 Role 01,SAL,L6,Y,,,2023-06-14,
ASN-005504-01,HRIS-WKR-005504,POS-HR-L2-0116,JOB-HR-L2-02,People L2 Role 02,HR,L2,Y,1.0,39.0,2024-05-26,
ASN-005505-01,HRIS-WKR-005505,POS-TEC-L3-0198,JOB-TEC-L3-06,Technology L3 Role 06,TEC,L3,Y,1.0,39.0,2022-03-09,
ASN-005506-01,HRIS-WKR-005506,POS-OPS-L6-0071,JOB-OPS-L6-05,Operations L6 Role 05,OPS,L6,Y,1.0,39.0,2025-03-02,
ASN-005507-01,HRIS-WKR-005507,POS-OPS-L1-0038,JOB-OPS-L1-02,Operations L1 Role 02,OPS,L1,Y,1.0,39.0,2023-11-29,
ASN-005507-02,HRIS-WKR-005507,POS-SAL-L4-0163,JOB-SAL-L4-01,Sales L4 Role 01,SAL,L4,N,0.2,7.8,2018-11-15,
ASN-005508-01,HRIS-WKR-005508,POS-SAL-L2-0154,JOB-SAL-L2-04,Sales L2 Role 04,SAL,L2,Y,1.0,39.0,2024-02-17,
ASN-005509-01,HRIS-WKR-005509,POS-ENG-L2-0011,JOB-ENG-L2-05,Engineering L2 Role 05,ENG,L2,Y,1.0,39.0,2019-02-02,
ASN-005510-01,HRIS-WKR-005510,POS-ENG-L3-0014,JOB-ENG-L3-02,Engineering L3 Role 02,ENG,L3,Y,1.0,39.0,2024-04-03,
ASN-005511-01,HRIS-WKR-005511,POS-OPS-L2-0047,JOB-OPS-L2-05,Operations L2 Role 05,OPS,L2,Y,1.0,39.0,2022-01-01,
ASN-005512-01,HRIS-WKR-005512,POS-SAL-L5-0174,JOB-SAL-L5-06,Sales L5 Role 06,SAL,L5,Y,1.0,39.0,2022-04-02,
ASN-005513-01,HRIS-WKR-005513,POS-TEC-L6-0215,JOB-TEC-L6-05,Technology L6 Role 05,TEC,L6,Y,1.0,39.0,2022-10-30,
ASN-005514-01,HRIS-WKR-005514,POS-OPS-L1-0039,JOB-OPS-L1-03,Operations L1 Role 03,OPS,L1,Y,1.0,39.0,2020-08-16,
ASN-005515-01,HRIS-WKR-005515,POS-HR-L6-0141,JOB-HR-L6-03,People L6 Role 03,HR,L6,Y,1.0,39.0,2020-04-09,
ASN-005516-01,HRIS-WKR-005516,POS-HR-L1-0111,JOB-HR-L1-03,People L1 Role 03,HR,L1,Y,1.0,39.0,2021-11-28,
ASN-005517-01,HRIS-WKR-005517,POS-ENG-L6-0031,JOB-ENG-L6-01,Engineering L6 Role 01,ENG,L6,Y,1.0,39.0,2024-08-13,
ASN-005518-01,HRIS-WKR-005518,POS-OPS-L6-0067,JOB-OPS-L6-01,Operations L6 Role 01,OPS,L6,Y,0.6,23.4,2018-09-26,
ASN-005519-01,HRIS-WKR-005519,POS-SAL-L1-0148,JOB-SAL-L1-04,Sales L1 Role 04,SAL,L1,Y,1.0,39.0,2019-11-19,
ASN-005520-01,HRIS-WKR-005520,POS-OPS-L2-0043,JOB-OPS-L2-01,Operations L2 Role 01,OPS,L2,Y,1.0,39.0,2024-11-17,
ASN-005521-01,HRIS-WKR-005521,POS-OPS-L5-0062,JOB-OPS-L5-02,Operations L5 Role 02,OPS,L5,Y,,,2021-01-03,
ASN-005522-01,HRIS-WKR-005522,POS-SAL-L3-0159,JOB-SAL-L3-03,Sales L3 Role 03,SAL,L5,Y,1.0,39.0,2024-07-31,
ASN-005523-01,HRIS-WKR-005523,POS-ENG-L6-0032,JOB-ENG-L6-02,Engineering L6 Role 02,ENG,L6,Y,1.0,39.0,2022-01-28,
ASN-005524-01,HRIS-WKR-005524,POS-TEC-L4-0201,JOB-TEC-L4-03,Technology L4 Role 03,TEC,L4,Y,0.4,15.6,2025-02-26,
ASN-005525-01,HRIS-WKR-005525,POS-FIN-L4-0094,JOB-FIN-L4-04,Finance L4 Role 04,FIN,L4,Y,1.0,39.0,2025-09-01,
ASN-005526-01,HRIS-WKR-005526,POS-SAL-L4-0168,JOB-SAL-L4-06,Sales L4 Role 06,SAL,L4,Y,1.0,39.0,2025-10-19,
ASN-005527-01,HRIS-WKR-005527,POS-ENG-L6-0035,JOB-ENG-L6-05,Engineering L6 Role 05,ENG,L6,Y,0.6,23.4,2020-03-16,
ASN-005528-01,HRIS-WKR-005528,POS-FIN-L1-0075,JOB-FIN-L1-03,Finance L1 Role 03,FIN,L1,Y,1.0,39.0,2020-06-03,
ASN-005529-01,HRIS-WKR-005529,POS-SAL-L4-0167,JOB-SAL-L4-05,Sales L4 Role 05,SAL,L4,Y,1.0,39.0,2020-12-28,
ASN-005530-01,HRIS-WKR-005530,POS-SAL-L4-0164,JOB-SAL-L4-02,Sales L4 Role 02,SAL,L4,Y,1.0,39.0,2021-02-25,
ASN-005531-01,HRIS-WKR-005531,POS-TEC-L6-0214,JOB-TEC-L6-04,Technology L6 Role 04,TEC,L6,Y,1.0,39.0,2021-06-16,
ASN-005532-01,HRIS-WKR-005532,POS-HR-L5-0136,JOB-HR-L5-04,People L5 Role 04,HR,L5,Y,1.0,39.0,2019-07-07,
ASN-005533-01,HRIS-WKR-005533,POS-TEC-L2-0188,JOB-TEC-L2-02,Technology L2 Role 02,TEC,L2,Y,1.0,39.0,2018-06-15,
ASN-005534-01,HRIS-WKR-005534,POS-FIN-L2-0084,JOB-FIN-L2-06,Finance L2 Role 06,FIN,L2,Y,1.0,39.0,2023-02-09,
ASN-005535-01,HRIS-WKR-005535,POS-FIN-L1-0076,JOB-FIN-L1-04,Finance L1 Role 04,FIN,L1,Y,1.0,39.0,2019-12-15,
ASN-005536-01,HRIS-WKR-005536,POS-OPS-L1-0038,JOB-OPS-L1-02,Operations L1 Role 02,OPS,L3,Y,0.4,15.6,2022-09-01,
ASN-005537-01,HRIS-WKR-005537,POS-ENG-L1-0002,JOB-ENG-L1-02,Engineering L1 Role 02,ENG,L1,Y,0.4,15.6,2021-04-11,
ASN-005538-01,HRIS-WKR-005538,POS-SAL-L6-0177,JOB-SAL-L6-03,Sales L6 Role 03,SAL,L6,Y,0.8,31.2,2021-01-02,
ASN-005539-01,HRIS-WKR-005539,POS-HR-L4-0131,JOB-HR-L4-05,People L4 Role 05,HR,L4,Y,1.0,39.0,2018-12-12,
ASN-005540-01,HRIS-WKR-005540,POS-FIN-L5-0102,JOB-FIN-L5-06,Finance L5 Role 06,FIN,L5,Y,1.0,39.0,2020-02-24,
ASN-005541-01,HRIS-WKR-005541,POS-FIN-L5-0098,JOB-FIN-L5-02,Finance L5 Role 02,FIN,L5,Y,1.0,39.0,2020-06-16,
ASN-005542-01,HRIS-WKR-005542,POS-FIN-L3-0088,JOB-FIN-L3-04,Finance L3 Role 04,FIN,L3,Y,0.4,15.6,2021-03-04,
ASN-005543-01,HRIS-WKR-005543,POS-HR-L3-0121,JOB-HR-L3-01,People L3 Role 01,HR,L5,Y,1.0,39.0,2020-10-12,
ASN-005544-01,HRIS-WKR-005544,POS-SAL-L1-0150,JOB-SAL-L1-06,Sales L1 Role 06,SAL,L1,Y,1.0,39.0,2019-03-01,
ASN-005544-02,HRIS-WKR-005544,POS-SAL-L6-0180,JOB-SAL-L6-06,Sales L6 Role 06,SAL,L6,N,0.2,7.8,2018-12-12,
ASN-005545-01,HRIS-WKR-005545,POS-ENG-L1-0001,JOB-ENG-L1-01,Engineering L1 Role 01,ENG,L1,Y,0.5,19.5,2020-04-23,
ASN-005546-01,HRIS-WKR-005546,POS-OPS-L5-0063,JOB-OPS-L5-03,Operations L5 Role 03,OPS,L5,Y,1.0,39.0,2022-09-28,
ASN-005547-01,HRIS-WKR-005547,POS-FIN-L2-0084,JOB-FIN-L2-06,Finance L2 Role 06,FIN,L2,Y,1.0,39.0,2024-02-24,
ASN-005548-01,HRIS-WKR-005548,POS-FIN-L5-0099,JOB-FIN-L5-03,Finance L5 Role 03,FIN,L5,Y,1.0,39.0,2021-09-05,
ASN-005549-01,HRIS-WKR-005549,POS-TEC-L5-0206,JOB-TEC-L5-02,Technology L5 Role 02,TEC,L5,Y,1.0,39.0,2024-08-10,
ASN-005550-01,HRIS-WKR-005550,POS-HR-L5-0133,JOB-HR-L5-01,People L5 Role 01,HR,L5,Y,1.0,39.0,2025-09-27,
ASN-005551-01,HRIS-WKR-005551,POS-HR-L5-0137,JOB-HR-L5-05,People L5 Role 05,HR,L5,Y,1.0,39.0,2022-07-26,
ASN-005552-01,HRIS-WKR-005552,POS-OPS-L3-0052,JOB-OPS-L3-04,Operations L3 Role 04,OPS,L3,Y,0.6,23.4,2022-01-23,
ASN-005553-01,HRIS-WKR-005553,POS-FIN-L4-0094,JOB-FIN-L4-04,Finance L4 Role 04,FIN,L4,Y,1.0,39.0,2024-08-20,
ASN-005554-01,HRIS-WKR-005554,POS-FIN-L4-0094,JOB-FIN-L4-04,Finance L4 Role 04,FIN,L4,Y,,,2024-03-26,
ASN-005555-01,HRIS-WKR-005555,POS-OPS-L1-0039,JOB-OPS-L1-03,Operations L1 Role 03,OPS,L1,Y,1.0,39.0,2019-11-25,
ASN-005556-01,HRIS-WKR-005556,POS-FIN-L5-0098,JOB-FIN-L5-02,Finance L5 Role 02,FIN,L3,Y,1.0,39.0,2023-05-28,
ASN-005557-01,HRIS-WKR-005557,POS-SAL-L4-0163,JOB-SAL-L4-01,Sales L4 Role 01,SAL,L4,Y,1.0,39.0,2022-06-02,
ASN-005558-01,HRIS-WKR-005558,POS-HR-L2-0115,JOB-HR-L2-01,People L2 Role 01,HR,L2,Y,1.0,39.0,2024-12-06,
ASN-005559-01,HRIS-WKR-005559,POS-HR-L6-0144,JOB-HR-L6-06,People L6 Role 06,HR,L6,Y,1.0,39.0,2020-03-21,
ASN-005560-01,HRIS-WKR-005560,POS-ENG-L5-0028,JOB-ENG-L5-04,Engineering L5 Role 04,ENG,L5,Y,1.0,39.0,2020-01-31,
ASN-005560-02,HRIS-WKR-005560,POS-OPS-L6-0071,JOB-OPS-L6-05,Operations L6 Role 05,OPS,L6,N,0.2,7.8,2018-07-12,
ASN-005561-01,HRIS-WKR-005561,POS-OPS-L3-0054,JOB-OPS-L3-06,Operations L3 Role 06,OPS,L3,Y,0.8,31.2,2022-07-05,
ASN-005562-01,HRIS-WKR-005562,POS-TEC-L2-0189,JOB-TEC-L2-03,Technology L2 Role 03,TEC,L2,Y,0.8,31.2,2020-02-08,
ASN-005563-01,HRIS-WKR-005563,POS-ENG-L2-0011,JOB-ENG-L2-05,Engineering L2 Role 05,ENG,L2,Y,1.0,39.0,2021-07-10,
ASN-005563-02,HRIS-WKR-005563,POS-OPS-L3-0054,JOB-OPS-L3-06,Operations L3 Role 06,OPS,L3,N,0.2,7.8,2019-07-25,
ASN-005564-01,HRIS-WKR-005564,POS-HR-L4-0132,JOB-HR-L4-06,People L4 Role 06,HR,L4,Y,1.0,39.0,2024-10-28,
ASN-005565-01,HRIS-WKR-005565,POS-SAL-L3-0161,JOB-SAL-L3-05,Sales L3 Role 05,SAL,L3,Y,1.0,39.0,2019-11-13,
ASN-005566-01,HRIS-WKR-005566,POS-ENG-L6-0033,JOB-ENG-L6-03,Engineering L6 Role 03,ENG,L6,Y,1.0,39.0,2018-12-17,
ASN-005567-01,HRIS-WKR-005567,POS-TEC-L2-0189,JOB-TEC-L2-03,Technology L2 Role 03,TEC,L2,Y,1.0,39.0,2024-08-10,
ASN-005568-01,HRIS-WKR-005568,POS-SAL-L1-0145,JOB-SAL-L1-01,Sales L1 Role 01,SAL,L1,Y,0.8,31.2,2021-11-11,
ASN-005569-01,HRIS-WKR-005569,POS-OPS-L5-0061,JOB-OPS-L5-01,Operations L5 Role 01,OPS,L5,Y,1.0,39.0,2021-06-27,
ASN-005570-01,HRIS-WKR-005570,POS-HR-L1-0112,JOB-HR-L1-04,People L1 Role 04,HR,L1,Y,1.0,39.0,2019-03-29,
ASN-005571-01,HRIS-WKR-005571,POS-OPS-L2-0046,JOB-OPS-L2-04,Operations L2 Role 04,OPS,L2,Y,0.6,23.4,2024-11-10,
ASN-005572-01,HRIS-WKR-005572,POS-OPS-L6-0068,JOB-OPS-L6-02,Operations L6 Role 02,OPS,L6,Y,1.0,39.0,2020-09-02,
ASN-005573-01,HRIS-WKR-005573,POS-FIN-L1-0074,JOB-FIN-L1-02,Finance L1 Role 02,FIN,L1,Y,,,2021-02-02,
ASN-005574-01,HRIS-WKR-005574,POS-HR-L3-0123,JOB-HR-L3-03,People L3 Role 03,HR,L3,Y,1.0,39.0,2018-01-16,
ASN-005574-02,HRIS-WKR-005574,POS-HR-L6-0144,JOB-HR-L6-06,People L6 Role 06,HR,L6,N,0.3,11.7,2024-07-13,
ASN-005575-01,HRIS-WKR-005575,POS-HR-L4-0127,JOB-HR-L4-01,People L4 Role 01,HR,L4,Y,0.6,23.4,2021-11-19,
ASN-005576-01,HRIS-WKR-005576,POS-FIN-L3-0086,JOB-FIN-L3-02,Finance L3 Role 02,FIN,L3,Y,1.0,39.0,2022-12-28,
ASN-005577-01,HRIS-WKR-005577,POS-OPS-L4-0056,JOB-OPS-L4-02,Operations L4 Role 02,OPS,L4,Y,1.0,39.0,2024-11-20,
ASN-005578-01,HRIS-WKR-005578,POS-HR-L1-0113,JOB-HR-L1-05,People L1 Role 05,HR,L1,Y,1.0,39.0,2018-06-04,
ASN-005579-01,HRIS-WKR-005579,POS-OPS-L1-0042,JOB-OPS-L1-06,Operations L1 Role 06,OPS,L1,Y,1.0,39.0,2025-03-08,
ASN-005580-01,HRIS-WKR-005580,POS-OPS-L4-0058,JOB-OPS-L4-04,Operations L4 Role 04,OPS,L4,Y,0.8,31.2,2024-04-29,
ASN-005581-01,HRIS-WKR-005581,POS-ENG-L5-0030,JOB-ENG-L5-06,Engineering L5 Role 06,ENG,L5,Y,1.0,39.0,2019-03-16,
ASN-005582-01,HRIS-WKR-005582,POS-ENG-L4-0022,JOB-ENG-L4-04,Engineering L4 Role 04,ENG,L4,Y,1.0,39.0,2021-03-05,
ASN-005582-02,HRIS-WKR-005582,POS-FIN-L5-0098,JOB-FIN-L5-02,Finance L5 Role 02,FIN,L5,N,0.2,7.8,2021-12-11,
ASN-005583-01,HRIS-WKR-005583,POS-FIN-L5-0098,JOB-FIN-L5-02,Finance L5 Role 02,FIN,L5,Y,1.0,39.0,2020-07-30,
ASN-005584-01,HRIS-WKR-005584,POS-TEC-L1-0186,JOB-TEC-L1-06,Technology L1 Role 06,TEC,L1,Y,0.8,31.2,2026-01-09,
ASN-005585-01,HRIS-WKR-005585,POS-TEC-L3-0193,JOB-TEC-L3-01,Technology L3 Role 01,TEC,L3,Y,1.0,39.0,2022-10-13,
ASN-005586-01,HRIS-WKR-005586,POS-SAL-L4-0166,JOB-SAL-L4-04,Sales L4 Role 04,SAL,L4,Y,0.6,23.4,2023-12-27,
ASN-005587-01,HRIS-WKR-005587,POS-SAL-L4-0168,JOB-SAL-L4-06,Sales L4 Role 06,SAL,L4,Y,1.0,39.0,2025-09-15,
ASN-005588-01,HRIS-WKR-005588,POS-OPS-L4-0057,JOB-OPS-L4-03,Operations L4 Role 03,OPS,L4,Y,1.0,39.0,2024-08-06,
ASN-005589-01,HRIS-WKR-005589,POS-OPS-L1-0037,JOB-OPS-L1-01,Operations L1 Role 01,OPS,L1,Y,1.0,39.0,2020-01-21,
ASN-005590-01,HRIS-WKR-005590,POS-FIN-L2-0079,JOB-FIN-L2-01,Finance L2 Role 01,FIN,L2,Y,1.0,39.0,2018-07-17,
ASN-005591-01,HRIS-WKR-005591,POS-SAL-L6-0179,JOB-SAL-L6-05,Sales L6 Role 05,SAL,L6,Y,1.0,39.0,2020-06-26,
ASN-005592-01,HRIS-WKR-005592,POS-OPS-L3-0053,JOB-OPS-L3-05,Operations L3 Role 05,OPS,L3,Y,1.0,39.0,2020-09-16,
ASN-005593-01,HRIS-WKR-005593,POS-FIN-L6-0106,JOB-FIN-L6-04,Finance L6 Role 04,FIN,L6,Y,0.8,31.2,2024-05-13,
ASN-005594-01,HRIS-WKR-005594,POS-FIN-L3-0086,JOB-FIN-L3-02,Finance L3 Role 02,FIN,L3,Y,1.0,39.0,2018-06-15,
ASN-005595-01,HRIS-WKR-005595,POS-SAL-L6-0177,JOB-SAL-L6-03,Sales L6 Role 03,SAL,L6,Y,1.0,39.0,2025-10-27,
ASN-005596-01,HRIS-WKR-005596,POS-HR-L5-0136,JOB-HR-L5-04,People L5 Role 04,HR,L5,Y,1.0,39.0,2023-06-27,
ASN-005597-01,HRIS-WKR-005597,POS-FIN-L1-0075,JOB-FIN-L1-03,Finance L1 Role 03,FIN,L1,Y,1.0,39.0,2022-07-29,
ASN-005598-01,HRIS-WKR-005598,POS-HR-L3-0123,JOB-HR-L3-03,People L3 Role 03,HR,L3,Y,1.0,39.0,2019-09-10,
ASN-005599-01,HRIS-WKR-005599,POS-ENG-L3-0016,JOB-ENG-L3-04,Engineering L3 Role 04,ENG,L3,Y,1.0,39.0,2024-05-17,
ASN-005600-01,HRIS-WKR-005600,POS-TEC-L2-0192,JOB-TEC-L2-06,Technology L2 Role 06,TEC,L2,Y,1.0,39.0,2020-11-10,
ASN-005601-01,HRIS-WKR-005601,POS-HR-L5-0135,JOB-HR-L5-03,People L5 Role 03,HR,L5,Y,1.0,39.0,2024-11-04,
ASN-005602-01,HRIS-WKR-005602,POS-OPS-L1-0038,JOB-OPS-L1-02,Operations L1 Role 02,OPS,L1,Y,1.0,39.0,2024-07-14,
ASN-005603-01,HRIS-WKR-005603,POS-SAL-L1-0146,JOB-SAL-L1-02,Sales L1 Role 02,SAL,L3,Y,1.0,39.0,2022-12-19,
ASN-005604-01,HRIS-WKR-005604,POS-TEC-L2-0188,JOB-TEC-L2-02,Technology L2 Role 02,TEC,L2,Y,1.0,39.0,2024-03-08,
ASN-005605-01,HRIS-WKR-005605,POS-FIN-L5-0100,JOB-FIN-L5-04,Finance L5 Role 04,FIN,L5,Y,1.0,39.0,2022-07-30,
ASN-005606-01,HRIS-WKR-005606,POS-TEC-L1-0183,JOB-TEC-L1-03,Technology L1 Role 03,TEC,L1,Y,1.0,39.0,2023-03-21,
ASN-005606-02,HRIS-WKR-005606,POS-HR-L3-0122,JOB-HR-L3-02,People L3 Role 02,HR,L3,N,0.2,7.8,2021-05-02,
ASN-005607-01,HRIS-WKR-005607,POS-TEC-L3-0195,JOB-TEC-L3-03,Technology L3 Role 03,TEC,L3,Y,1.0,39.0,2021-06-26,
ASN-005608-01,HRIS-WKR-005608,POS-HR-L5-0135,JOB-HR-L5-03,People L5 Role 03,HR,L5,Y,1.0,39.0,2022-03-25,
ASN-005608-02,HRIS-WKR-005608,POS-HR-L6-0144,JOB-HR-L6-06,People L6 Role 06,HR,L6,N,0.3,11.7,2025-10-16,
ASN-005609-01,HRIS-WKR-005609,POS-TEC-L5-0210,JOB-TEC-L5-06,Technology L5 Role 06,TEC,L5,Y,0.5,19.5,2025-11-05,
ASN-005610-01,HRIS-WKR-005610,POS-OPS-L1-0037,JOB-OPS-L1-01,Operations L1 Role 01,OPS,L1,Y,1.0,39.0,2025-12-21,
ASN-005611-01,HRIS-WKR-005611,POS-FIN-L6-0104,JOB-FIN-L6-02,Finance L6 Role 02,FIN,L6,Y,1.0,39.0,2018-02-09,
ASN-005612-01,HRIS-WKR-005612,POS-ENG-L6-0031,JOB-ENG-L6-01,Engineering L6 Role 01,ENG,L6,Y,1.0,39.0,2022-08-01,
ASN-005613-01,HRIS-WKR-005613,POS-HR-L4-0132,JOB-HR-L4-06,People L4 Role 06,HR,L4,Y,1.0,39.0,2019-12-19,
ASN-005614-01,HRIS-WKR-005614,POS-SAL-L4-0168,JOB-SAL-L4-06,Sales L4 Role 06,SAL,L4,Y,0.8,31.2,2022-07-26,
ASN-005615-01,HRIS-WKR-005615,POS-OPS-L3-0051,JOB-OPS-L3-03,Operations L3 Role 03,OPS,L3,Y,1.0,39.0,2025-10-06,
ASN-005616-01,HRIS-WKR-005616,POS-ENG-L1-0003,JOB-ENG-L1-03,Engineering L1 Role 03,ENG,L1,Y,1.0,39.0,2022-01-24,
ASN-005617-01,HRIS-WKR-005617,POS-TEC-L3-0196,JOB-TEC-L3-04,Technology L3 Role 04,TEC,L3,Y,1.0,39.0,2020-04-18,
ASN-005618-01,HRIS-WKR-005618,POS-OPS-L5-0061,JOB-OPS-L5-01,Operations L5 Role 01,OPS,L5,Y,1.0,39.0,2018-04-01,
ASN-005619-01,HRIS-WKR-005619,POS-FIN-L4-0096,JOB-FIN-L4-06,Finance L4 Role 06,FIN,L4,Y,0.6,23.4,2018-06-04,
ASN-005620-01,HRIS-WKR-005620,POS-FIN-L3-0086,JOB-FIN-L3-02,Finance L3 Role 02,FIN,L3,Y,1.0,39.0,2020-07-16,
ASN-005621-01,HRIS-WKR-005621,POS-TEC-L1-0185,JOB-TEC-L1-05,Technology L1 Role 05,TEC,L1,Y,1.0,39.0,2018-02-15,
ASN-005622-01,HRIS-WKR-005622,POS-HR-L1-0109,JOB-HR-L1-01,People L1 Role 01,HR,L1,Y,1.0,39.0,2022-06-22,
ASN-005623-01,HRIS-WKR-005623,POS-TEC-L1-0186,JOB-TEC-L1-06,Technology L1 Role 06,TEC,L1,Y,1.0,39.0,2019-06-05,
ASN-005624-01,HRIS-WKR-005624,POS-SAL-L4-0165,JOB-SAL-L4-03,Sales L4 Role 03,SAL,L4,Y,0.6,23.4,2025-03-24,
ASN-005625-01,HRIS-WKR-005625,POS-ENG-L1-0005,JOB-ENG-L1-05,Engineering L1 Role 05,ENG,L1,Y,1.0,39.0,2024-07-27,
ASN-005625-02,HRIS-WKR-005625,POS-FIN-L4-0092,JOB-FIN-L4-02,Finance L4 Role 02,FIN,L4,N,0.3,11.7,2023-04-03,
ASN-005626-01,HRIS-WKR-005626,POS-OPS-L5-0062,JOB-OPS-L5-02,Operations L5 Role 02,OPS,L5,Y,1.0,39.0,2021-09-14,
ASN-005627-01,HRIS-WKR-005627,POS-HR-L2-0119,JOB-HR-L2-05,People L2 Role 05,HR,L2,Y,1.0,39.0,2020-11-12,
ASN-005628-01,HRIS-WKR-005628,POS-ENG-L1-0006,JOB-ENG-L1-06,Engineering L1 Role 06,ENG,L1,Y,1.0,39.0,2023-10-09,
ASN-005629-01,HRIS-WKR-005629,POS-ENG-L6-0034,JOB-ENG-L6-04,Engineering L6 Role 04,ENG,L6,Y,1.0,39.0,2018-09-23,
ASN-005630-01,HRIS-WKR-005630,POS-SAL-L3-0159,JOB-SAL-L3-03,Sales L3 Role 03,SAL,L3,Y,1.0,39.0,2018-03-24,
ASN-005631-01,HRIS-WKR-005631,POS-TEC-L6-0215,JOB-TEC-L6-05,Technology L6 Role 05,TEC,L6,Y,1.0,39.0,2024-04-29,
ASN-005631-02,HRIS-WKR-005631,POS-OPS-L4-0060,JOB-OPS-L4-06,Operations L4 Role 06,OPS,L4,N,0.2,7.8,2018-03-24,
ASN-005632-01,HRIS-WKR-005632,POS-OPS-L2-0044,JOB-OPS-L2-02,Operations L2 Role 02,OPS,L2,Y,0.5,19.5,2024-09-02,
ASN-005633-01,HRIS-WKR-005633,POS-FIN-L1-0076,JOB-FIN-L1-04,Finance L1 Role 04,FIN,L1,Y,1.0,39.0,2021-05-30,
ASN-005634-01,HRIS-WKR-005634,POS-SAL-L5-0173,JOB-SAL-L5-05,Sales L5 Role 05,SAL,L5,Y,0.8,31.2,2024-11-04,
ASN-005635-01,HRIS-WKR-005635,POS-OPS-L3-0052,JOB-OPS-L3-04,Operations L3 Role 04,OPS,L3,Y,0.6,23.4,2025-04-30,
ASN-005636-01,HRIS-WKR-005636,POS-OPS-L1-0037,JOB-OPS-L1-01,Operations L1 Role 01,OPS,L1,Y,1.0,39.0,2020-12-05,
ASN-005637-01,HRIS-WKR-005637,POS-TEC-L6-0212,JOB-TEC-L6-02,Technology L6 Role 02,TEC,L6,Y,1.0,39.0,2023-09-27,
ASN-005638-01,HRIS-WKR-005638,POS-FIN-L5-0100,JOB-FIN-L5-04,Finance L5 Role 04,FIN,L5,Y,1.0,39.0,2024-05-04,
ASN-005639-01,HRIS-WKR-005639,POS-SAL-L2-0153,JOB-SAL-L2-03,Sales L2 Role 03,SAL,L2,Y,1.0,39.0,2024-09-21,
ASN-005640-01,HRIS-WKR-005640,POS-ENG-L1-0001,JOB-ENG-L1-01,Engineering L1 Role 01,ENG,L1,Y,1.0,39.0,2018-06-18,
ASN-005641-01,HRIS-WKR-005641,POS-HR-L2-0117,JOB-HR-L2-03,People L2 Role 03,HR,L1,Y,1.0,39.0,2023-11-15,
ASN-005642-01,HRIS-WKR-005642,POS-ENG-L3-0018,JOB-ENG-L3-06,Engineering L3 Role 06,ENG,L3,Y,0.6,23.4,2024-06-12,
ASN-005643-01,HRIS-WKR-005643,POS-HR-L1-0111,JOB-HR-L1-03,People L1 Role 03,HR,L1,Y,1.0,39.0,2022-09-14,
ASN-005644-01,HRIS-WKR-005644,POS-TEC-L4-0200,JOB-TEC-L4-02,Technology L4 Role 02,TEC,L4,Y,0.6,23.4,2019-02-16,
ASN-005645-01,HRIS-WKR-005645,POS-FIN-L1-0078,JOB-FIN-L1-06,Finance L1 Role 06,FIN,L1,Y,1.0,39.0,2023-12-12,
ASN-005646-01,HRIS-WKR-005646,POS-HR-L1-0111,JOB-HR-L1-03,People L1 Role 03,HR,L1,Y,1.0,39.0,2020-11-27,
ASN-005647-01,HRIS-WKR-005647,POS-ENG-L4-0024,JOB-ENG-L4-06,Engineering L4 Role 06,ENG,L4,Y,1.0,39.0,2018-09-10,
ASN-005648-01,HRIS-WKR-005648,POS-FIN-L2-0080,JOB-FIN-L2-02,Finance L2 Role 02,FIN,L2,Y,1.0,39.0,2025-01-14,
ASN-005649-01,HRIS-WKR-005649,POS-ENG-L5-0027,JOB-ENG-L5-03,Engineering L5 Role 03,ENG,L5,Y,1.0,39.0,2023-04-20,
ASN-005650-01,HRIS-WKR-005650,POS-SAL-L4-0164,JOB-SAL-L4-02,Sales L4 Role 02,SAL,L4,Y,1.0,39.0,2023-12-21,
ASN-005651-01,HRIS-WKR-005651,POS-FIN-L4-0091,JOB-FIN-L4-01,Finance L4 Role 01,FIN,L4,Y,1.0,39.0,2025-04-19,
ASN-005652-01,HRIS-WKR-005652,POS-OPS-L1-0039,JOB-OPS-L1-03,Operations L1 Role 03,OPS,L1,Y,1.0,39.0,2024-06-16,
ASN-005653-01,HRIS-WKR-005653,POS-ENG-L4-0020,JOB-ENG-L4-02,Engineering L4 Role 02,ENG,L4,Y,1.0,39.0,2024-05-15,
ASN-005654-01,HRIS-WKR-005654,POS-HR-L1-0110,JOB-HR-L1-02,People L1 Role 02,HR,L1,Y,1.0,39.0,2022-01-14,
ASN-005655-01,HRIS-WKR-005655,POS-OPS-L6-0067,JOB-OPS-L6-01,Operations L6 Role 01,OPS,L6,Y,1.0,39.0,2020-03-14,
ASN-005655-02,HRIS-WKR-005655,POS-HR-L2-0120,JOB-HR-L2-06,People L2 Role 06,HR,L2,N,0.2,7.8,2018-06-29,
ASN-005656-01,HRIS-WKR-005656,POS-OPS-L5-0061,JOB-OPS-L5-01,Operations L5 Role 01,OPS,L5,Y,1.0,39.0,2019-02-09,
ASN-005657-01,HRIS-WKR-005657,POS-TEC-L6-0213,JOB-TEC-L6-03,Technology L6 Role 03,TEC,L6,Y,1.0,39.0,2021-12-26,
ASN-005658-01,HRIS-WKR-005658,POS-OPS-L5-0061,JOB-OPS-L5-01,Operations L5 Role 01,OPS,L5,Y,1.0,39.0,2018-05-03,
ASN-005658-02,HRIS-WKR-005658,POS-SAL-L1-0146,JOB-SAL-L1-02,Sales L1 Role 02,SAL,L1,N,0.2,7.8,2024-03-20,
ASN-005659-01,HRIS-WKR-005659,POS-OPS-L6-0067,JOB-OPS-L6-01,Operations L6 Role 01,OPS,L6,Y,1.0,39.0,2023-11-21,
ASN-005660-01,HRIS-WKR-005660,POS-HR-L3-0125,JOB-HR-L3-05,People L3 Role 05,HR,L3,Y,1.0,39.0,2021-04-08,
ASN-005661-01,HRIS-WKR-005661,POS-ENG-L2-0008,JOB-ENG-L2-02,Engineering L2 Role 02,ENG,L2,Y,1.0,39.0,2023-03-28,
ASN-005662-01,HRIS-WKR-005662,POS-FIN-L5-0099,JOB-FIN-L5-03,Finance L5 Role 03,FIN,L5,Y,1.0,39.0,2024-11-11,
ASN-005663-01,HRIS-WKR-005663,POS-TEC-L4-0203,JOB-TEC-L4-05,Technology L4 Role 05,TEC,L4,Y,1.0,39.0,2019-06-15,
ASN-005664-01,HRIS-WKR-005664,POS-TEC-L6-0213,JOB-TEC-L6-03,Technology L6 Role 03,TEC,L6,Y,1.0,39.0,2024-11-05,
ASN-005665-01,HRIS-WKR-005665,POS-ENG-L1-0002,JOB-ENG-L1-02,Engineering L1 Role 02,ENG,L1,Y,,,2019-08-29,
ASN-005666-01,HRIS-WKR-005666,POS-TEC-L6-0214,JOB-TEC-L6-04,Technology L6 Role 04,TEC,L6,Y,1.0,39.0,2022-02-26,
ASN-005667-01,HRIS-WKR-005667,POS-ENG-L6-0032,JOB-ENG-L6-02,Engineering L6 Role 02,ENG,L6,Y,0.8,31.2,2018-01-27,
ASN-005668-01,HRIS-WKR-005668,POS-OPS-L6-0071,JOB-OPS-L6-05,Operations L6 Role 05,OPS,L6,Y,1.0,39.0,2020-06-03,
ASN-005669-01,HRIS-WKR-005669,POS-ENG-L4-0024,JOB-ENG-L4-06,Engineering L4 Role 06,ENG,L4,Y,1.0,39.0,2023-01-13,
ASN-005670-01,HRIS-WKR-005670,POS-FIN-L6-0105,JOB-FIN-L6-03,Finance L6 Role 03,FIN,L6,Y,0.8,31.2,2021-06-16,
ASN-005671-01,HRIS-WKR-005671,POS-TEC-L4-0204,JOB-TEC-L4-06,Technology L4 Role 06,TEC,L4,Y,1.0,39.0,2020-12-30,
ASN-005671-02,HRIS-WKR-005671,POS-ENG-L2-0010,JOB-ENG-L2-04,Engineering L2 Role 04,ENG,L2,N,0.4,15.6,2022-02-25,
ASN-005672-01,HRIS-WKR-005672,POS-TEC-L4-0204,JOB-TEC-L4-06,Technology L4 Role 06,TEC,L4,Y,1.0,39.0,2018-07-07,
ASN-005673-01,HRIS-WKR-005673,POS-FIN-L4-0092,JOB-FIN-L4-02,Finance L4 Role 02,FIN,L4,Y,1.0,39.0,2019-12-11,
ASN-005674-01,HRIS-WKR-005674,POS-HR-L2-0117,JOB-HR-L2-03,People L2 Role 03,HR,L2,Y,1.0,39.0,2018-12-28,
ASN-005675-01,HRIS-WKR-005675,POS-TEC-L4-0199,JOB-TEC-L4-01,Technology L4 Role 01,TEC,L4,Y,1.0,39.0,2025-07-03,
ASN-005676-01,HRIS-WKR-005676,POS-OPS-L1-0042,JOB-OPS-L1-06,Operations L1 Role 06,OPS,L1,Y,0.5,19.5,2022-11-13,
ASN-005677-01,HRIS-WKR-005677,POS-OPS-L3-0050,JOB-OPS-L3-02,Operations L3 Role 02,OPS,L3,Y,1.0,39.0,2025-06-29,
ASN-005678-01,HRIS-WKR-005678,POS-TEC-L1-0182,JOB-TEC-L1-02,Technology L1 Role 02,TEC,L1,Y,1.0,39.0,2020-04-01,
ASN-005679-01,HRIS-WKR-005679,POS-FIN-L3-0086,JOB-FIN-L3-02,Finance L3 Role 02,FIN,L3,Y,1.0,39.0,2022-06-23,
ASN-005680-01,HRIS-WKR-005680,POS-TEC-L3-0194,JOB-TEC-L3-02,Technology L3 Role 02,TEC,L3,Y,1.0,39.0,2025-10-15,
ASN-005681-01,HRIS-WKR-005681,POS-ENG-L1-0003,JOB-ENG-L1-03,Engineering L1 Role 03,ENG,L1,Y,1.0,39.0,2018-08-25,
ASN-005682-01,HRIS-WKR-005682,POS-HR-L3-0122,JOB-HR-L3-02,People L3 Role 02,HR,L3,Y,0.8,31.2,2024-04-25,
ASN-005683-01,HRIS-WKR-005683,POS-TEC-L6-0213,JOB-TEC-L6-03,Technology L6 Role 03,TEC,L6,Y,1.0,39.0,2022-06-01,
ASN-005684-01,HRIS-WKR-005684,POS-SAL-L6-0176,JOB-SAL-L6-02,Sales L6 Role 02,SAL,L6,Y,0.8,31.2,2023-02-16,
ASN-005685-01,HRIS-WKR-005685,POS-OPS-L3-0052,JOB-OPS-L3-04,Operations L3 Role 04,OPS,L3,Y,1.0,39.0,2023-07-24,
ASN-005686-01,HRIS-WKR-005686,POS-FIN-L4-0095,JOB-FIN-L4-05,Finance L4 Role 05,FIN,L4,Y,,,2025-07-16,
ASN-005687-01,HRIS-WKR-005687,POS-OPS-L5-0064,JOB-OPS-L5-04,Operations L5 Role 04,OPS,L5,Y,1.0,39.0,2026-01-22,
ASN-005688-01,HRIS-WKR-005688,POS-HR-L4-0130,JOB-HR-L4-04,People L4 Role 04,HR,L2,Y,1.0,39.0,2022-04-16,
ASN-005689-01,HRIS-WKR-005689,POS-TEC-L2-0187,JOB-TEC-L2-01,Technology L2 Role 01,TEC,L2,Y,0.5,19.5,2024-03-22,
ASN-005690-01,HRIS-WKR-005690,POS-TEC-L4-0204,JOB-TEC-L4-06,Technology L4 Role 06,TEC,L4,Y,0.8,31.2,2021-05-27,
ASN-005691-01,HRIS-WKR-005691,POS-ENG-L1-0004,JOB-ENG-L1-04,Engineering L1 Role 04,ENG,L1,Y,1.0,39.0,2025-11-12,
ASN-005692-01,HRIS-WKR-005692,POS-HR-L5-0138,JOB-HR-L5-06,People L5 Role 06,HR,L5,Y,1.0,39.0,2019-08-27,
ASN-005693-01,HRIS-WKR-005693,POS-FIN-L5-0102,JOB-FIN-L5-06,Finance L5 Role 06,FIN,L5,Y,1.0,39.0,2021-05-26,
ASN-005694-01,HRIS-WKR-005694,POS-SAL-L2-0151,JOB-SAL-L2-01,Sales L2 Role 01,SAL,L2,Y,1.0,39.0,2018-08-29,
ASN-005695-01,HRIS-WKR-005695,POS-OPS-L3-0050,JOB-OPS-L3-02,Operations L3 Role 02,OPS,L3,Y,1.0,39.0,2021-06-03,
ASN-005696-01,HRIS-WKR-005696,POS-ENG-L3-0017,JOB-ENG-L3-05,Engineering L3 Role 05,ENG,L3,Y,1.0,39.0,2021-04-14,
ASN-005697-01,HRIS-WKR-005697,POS-ENG-L2-0008,JOB-ENG-L2-02,Engineering L2 Role 02,ENG,L2,Y,1.0,39.0,2021-10-16,
ASN-005698-01,HRIS-WKR-005698,POS-TEC-L2-0192,JOB-TEC-L2-06,Technology L2 Role 06,TEC,L2,Y,0.5,19.5,2024-01-07,
ASN-005699-01,HRIS-WKR-005699,POS-FIN-L6-0108,JOB-FIN-L6-06,Finance L6 Role 06,FIN,L6,Y,0.8,31.2,2022-03-12,
ASN-005700-01,HRIS-WKR-005700,POS-HR-L6-0140,JOB-HR-L6-02,People L6 Role 02,HR,L6,Y,0.8,31.2,2021-06-14,
ASN-005701-01,HRIS-WKR-005701,POS-ENG-L1-0006,JOB-ENG-L1-06,Engineering L1 Role 06,ENG,L1,Y,0.8,31.2,2024-10-09,
ASN-005701-02,HRIS-WKR-005701,POS-FIN-L1-0077,JOB-FIN-L1-05,Finance L1 Role 05,FIN,L1,N,0.2,7.8,2024-09-27,
ASN-005702-01,HRIS-WKR-005702,POS-SAL-L5-0173,JOB-SAL-L5-05,Sales L5 Role 05,SAL,L5,Y,1.0,39.0,2021-08-08,
ASN-005702-02,HRIS-WKR-005702,POS-FIN-L5-0102,JOB-FIN-L5-06,Finance L5 Role 06,FIN,L5,N,0.3,11.7,2024-07-17,
ASN-005703-01,HRIS-WKR-005703,POS-SAL-L2-0154,JOB-SAL-L2-04,Sales L2 Role 04,SAL,L2,Y,1.0,39.0,2019-08-26,
ASN-005704-01,HRIS-WKR-005704,POS-OPS-L2-0048,JOB-OPS-L2-06,Operations L2 Role 06,OPS,L2,Y,1.0,39.0,2025-11-19,
ASN-005705-01,HRIS-WKR-005705,POS-ENG-L1-0006,JOB-ENG-L1-06,Engineering L1 Role 06,ENG,L1,Y,1.0,39.0,2023-01-26,
ASN-005706-01,HRIS-WKR-005706,POS-ENG-L2-0007,JOB-ENG-L2-01,Engineering L2 Role 01,ENG,L2,Y,1.0,39.0,2020-02-08,
ASN-005707-01,HRIS-WKR-005707,POS-OPS-L3-0051,JOB-OPS-L3-03,Operations L3 Role 03,OPS,L3,Y,1.0,39.0,2025-04-15,
ASN-005708-01,HRIS-WKR-005708,POS-OPS-L3-0049,JOB-OPS-L3-01,Operations L3 Role 01,OPS,L3,Y,1.0,39.0,2025-01-05,
ASN-005709-01,HRIS-WKR-005709,POS-TEC-L5-0210,JOB-TEC-L5-06,Technology L5 Role 06,TEC,L5,Y,0.8,31.2,2019-05-02,
ASN-005710-01,HRIS-WKR-005710,POS-OPS-L3-0049,JOB-OPS-L3-01,Operations L3 Role 01,OPS,L3,Y,1.0,39.0,2024-11-13,
ASN-005711-01,HRIS-WKR-005711,POS-HR-L1-0110,JOB-HR-L1-02,People L1 Role 02,HR,L1,Y,1.0,39.0,2022-06-19,
ASN-005712-01,HRIS-WKR-005712,POS-OPS-L2-0045,JOB-OPS-L2-03,Operations L2 Role 03,OPS,L2,Y,0.4,15.6,2021-10-24,
ASN-005712-02,HRIS-WKR-005712,POS-TEC-L5-0209,JOB-TEC-L5-05,Technology L5 Role 05,TEC,L5,N,0.2,7.8,2020-09-22,
ASN-005713-01,HRIS-WKR-005713,POS-HR-L5-0134,JOB-HR-L5-02,People L5 Role 02,HR,L5,Y,1.0,39.0,2023-06-14,
ASN-005714-01,HRIS-WKR-005714,POS-SAL-L6-0180,JOB-SAL-L6-06,Sales L6 Role 06,SAL,L6,Y,1.0,39.0,2026-01-28,
ASN-005715-01,HRIS-WKR-005715,POS-ENG-L1-0006,JOB-ENG-L1-06,Engineering L1 Role 06,ENG,L1,Y,1.0,39.0,2023-04-09,
ASN-005715-02,HRIS-WKR-005715,POS-HR-L2-0117,JOB-HR-L2-03,People L2 Role 03,HR,L2,N,0.2,7.8,2019-04-17,
ASN-005716-01,HRIS-WKR-005716,POS-SAL-L3-0158,JOB-SAL-L3-02,Sales L3 Role 02,SAL,L3,Y,1.0,39.0,2018-11-13,
ASN-005717-01,HRIS-WKR-005717,POS-HR-L1-0111,JOB-HR-L1-03,People L1 Role 03,HR,L1,Y,1.0,39.0,2025-04-24,
ASN-005718-01,HRIS-WKR-005718,POS-SAL-L6-0178,JOB-SAL-L6-04,Sales L6 Role 04,SAL,L4,Y,1.0,39.0,2021-06-26,
ASN-005719-01,HRIS-WKR-005719,POS-TEC-L3-0194,JOB-TEC-L3-02,Technology L3 Role 02,TEC,L3,Y,1.0,39.0,2025-08-13,
ASN-005720-01,HRIS-WKR-005720,POS-TEC-L1-0181,JOB-TEC-L1-01,Technology L1 Role 01,TEC,L1,Y,1.0,39.0,2023-07-05,
ASN-005721-01,HRIS-WKR-005721,POS-FIN-L5-0100,JOB-FIN-L5-04,Finance L5 Role 04,FIN,L5,Y,1.0,39.0,2024-10-11,
ASN-005722-01,HRIS-WKR-005722,POS-HR-L4-0128,JOB-HR-L4-02,People L4 Role 02,HR,L4,Y,0.8,31.2,2024-01-31,
ASN-005723-01,HRIS-WKR-005723,POS-OPS-L6-0069,JOB-OPS-L6-03,Operations L6 Role 03,OPS,L6,Y,1.0,39.0,2025-01-27,
ASN-005724-01,HRIS-WKR-005724,POS-HR-L2-0117,JOB-HR-L2-03,People L2 Role 03,HR,L2,Y,1.0,39.0,2023-04-30,
ASN-005725-01,HRIS-WKR-005725,POS-OPS-L3-0053,JOB-OPS-L3-05,Operations L3 Role 05,OPS,L3,Y,1.0,39.0,2020-11-28,
ASN-005726-01,HRIS-WKR-005726,POS-TEC-L1-0181,JOB-TEC-L1-01,Technology L1 Role 01,TEC,L1,Y,1.0,39.0,2019-07-09,
ASN-005726-02,HRIS-WKR-005726,POS-SAL-L6-0179,JOB-SAL-L6-05,Sales L6 Role 05,SAL,L6,N,0.2,7.8,2020-04-04,
ASN-005727-01,HRIS-WKR-005727,POS-FIN-L5-0100,JOB-FIN-L5-04,Finance L5 Role 04,FIN,L5,Y,1.0,39.0,2025-05-14,
ASN-005728-01,HRIS-WKR-005728,POS-SAL-L4-0168,JOB-SAL-L4-06,Sales L4 Role 06,SAL,L4,Y,0.5,19.5,2024-01-04,
ASN-005729-01,HRIS-WKR-005729,POS-OPS-L3-0049,JOB-OPS-L3-01,Operations L3 Role 01,OPS,L3,Y,1.0,39.0,2025-12-27,
ASN-005730-01,HRIS-WKR-005730,POS-FIN-L3-0085,JOB-FIN-L3-01,Finance L3 Role 01,FIN,L3,Y,1.0,39.0,2020-04-11,
ASN-005731-01,HRIS-WKR-005731,POS-SAL-L6-0179,JOB-SAL-L6-05,Sales L6 Role 05,SAL,L6,Y,0.4,15.6,2018-11-10,
ASN-005732-01,HRIS-WKR-005732,POS-TEC-L3-0195,JOB-TEC-L3-03,Technology L3 Role 03,TEC,L3,Y,1.0,39.0,2023-02-18,
ASN-005732-02,HRIS-WKR-005732,POS-SAL-L6-0179,JOB-SAL-L6-05,Sales L6 Role 05,SAL,L6,N,0.3,11.7,2018-08-29,
ASN-005733-01,HRIS-WKR-005733,POS-HR-L4-0132,JOB-HR-L4-06,People L4 Role 06,HR,L4,Y,1.0,39.0,2023-08-16,
ASN-005734-01,HRIS-WKR-005734,POS-SAL-L4-0165,JOB-SAL-L4-03,Sales L4 Role 03,SAL,L4,Y,0.8,31.2,2019-01-31,
ASN-005735-01,HRIS-WKR-005735,POS-ENG-L1-0006,JOB-ENG-L1-06,Engineering L1 Role 06,ENG,L3,Y,1.0,39.0,2024-04-05,
ASN-005736-01,HRIS-WKR-005736,POS-ENG-L6-0034,JOB-ENG-L6-04,Engineering L6 Role 04,ENG,L6,Y,1.0,39.0,2024-05-27,
ASN-005737-01,HRIS-WKR-005737,POS-ENG-L1-0002,JOB-ENG-L1-02,Engineering L1 Role 02,ENG,L1,Y,0.8,31.2,2023-07-26,
ASN-005738-01,HRIS-WKR-005738,POS-ENG-L4-0024,JOB-ENG-L4-06,Engineering L4 Role 06,ENG,L4,Y,1.0,39.0,2024-07-21,
ASN-005739-01,HRIS-WKR-005739,POS-FIN-L2-0080,JOB-FIN-L2-02,Finance L2 Role 02,FIN,L4,Y,1.0,39.0,2021-06-25,
ASN-005740-01,HRIS-WKR-005740,POS-ENG-L3-0013,JOB-ENG-L3-01,Engineering L3 Role 01,ENG,L3,Y,1.0,39.0,2024-08-25,
ASN-005741-01,HRIS-WKR-005741,POS-FIN-L1-0075,JOB-FIN-L1-03,Finance L1 Role 03,FIN,L1,Y,1.0,39.0,2023-03-30,
ASN-005742-01,HRIS-WKR-005742,POS-ENG-L1-0006,JOB-ENG-L1-06,Engineering L1 Role 06,ENG,L1,Y,1.0,39.0,2024-04-20,
ASN-005743-01,HRIS-WKR-005743,POS-ENG-L5-0028,JOB-ENG-L5-04,Engineering L5 Role 04,ENG,L5,Y,0.5,19.5,2025-02-26,
ASN-005744-01,HRIS-WKR-005744,POS-TEC-L2-0189,JOB-TEC-L2-03,Technology L2 Role 03,TEC,L2,Y,1.0,39.0,2024-05-03,
ASN-005745-01,HRIS-WKR-005745,POS-OPS-L4-0058,JOB-OPS-L4-04,Operations L4 Role 04,OPS,L4,Y,1.0,39.0,2018-07-18,
ASN-005746-01,HRIS-WKR-005746,POS-ENG-L5-0025,JOB-ENG-L5-01,Engineering L5 Role 01,ENG,L5,Y,1.0,39.0,2020-05-31,
ASN-005747-01,HRIS-WKR-005747,POS-FIN-L6-0106,JOB-FIN-L6-04,Finance L6 Role 04,FIN,L6,Y,0.8,31.2,2020-02-13,
ASN-005748-01,HRIS-WKR-005748,POS-ENG-L6-0036,JOB-ENG-L6-06,Engineering L6 Role 06,ENG,L6,Y,1.0,39.0,2018-07-06,
ASN-005749-01,HRIS-WKR-005749,POS-HR-L6-0141,JOB-HR-L6-03,People L6 Role 03,HR,L6,Y,0.5,19.5,2022-09-17,
ASN-005750-01,HRIS-WKR-005750,POS-TEC-L2-0187,JOB-TEC-L2-01,Technology L2 Role 01,TEC,L2,Y,,,2023-06-04,
ASN-005751-01,HRIS-WKR-005751,POS-TEC-L6-0212,JOB-TEC-L6-02,Technology L6 Role 02,TEC,L6,Y,0.8,31.2,2026-01-01,
ASN-005752-01,HRIS-WKR-005752,POS-TEC-L5-0207,JOB-TEC-L5-03,Technology L5 Role 03,TEC,L5,Y,1.0,39.0,2018-02-21,
ASN-005753-01,HRIS-WKR-005753,POS-SAL-L6-0179,JOB-SAL-L6-05,Sales L6 Role 05,SAL,L6,Y,1.0,39.0,2020-03-10,
ASN-005754-01,HRIS-WKR-005754,POS-HR-L2-0118,JOB-HR-L2-04,People L2 Role 04,HR,L2,Y,1.0,39.0,2024-01-14,
ASN-005755-01,HRIS-WKR-005755,POS-ENG-L1-0002,JOB-ENG-L1-02,Engineering L1 Role 02,ENG,L1,Y,1.0,39.0,2022-05-20,
ASN-005756-01,HRIS-WKR-005756,POS-TEC-L4-0200,JOB-TEC-L4-02,Technology L4 Role 02,TEC,L4,Y,1.0,39.0,2024-08-27,
ASN-005757-01,HRIS-WKR-005757,POS-HR-L3-0122,JOB-HR-L3-02,People L3 Role 02,HR,L3,Y,0.8,31.2,2018-06-18,
ASN-005757-02,HRIS-WKR-005757,POS-OPS-L2-0044,JOB-OPS-L2-02,Operations L2 Role 02,OPS,L2,N,0.4,15.6,2023-07-27,
ASN-005758-01,HRIS-WKR-005758,POS-FIN-L5-0098,JOB-FIN-L5-02,Finance L5 Role 02,FIN,L5,Y,1.0,39.0,2022-09-12,
ASN-005759-01,HRIS-WKR-005759,POS-FIN-L5-0098,JOB-FIN-L5-02,Finance L5 Role 02,FIN,L5,Y,1.0,39.0,2022-08-09,
ASN-005760-01,HRIS-WKR-005760,POS-ENG-L5-0026,JOB-ENG-L5-02,Engineering L5 Role 02,ENG,L5,Y,,,2025-09-06,
ASN-005761-01,HRIS-WKR-005761,POS-FIN-L6-0103,JOB-FIN-L6-01,Finance L6 Role 01,FIN,L6,Y,1.0,39.0,2020-12-18,
ASN-005762-01,HRIS-WKR-005762,POS-TEC-L4-0199,JOB-TEC-L4-01,Technology L4 Role 01,TEC,L4,Y,0.6,23.4,2022-11-22,
ASN-005763-01,HRIS-WKR-005763,POS-SAL-L3-0158,JOB-SAL-L3-02,Sales L3 Role 02,SAL,L3,Y,1.0,39.0,2023-11-13,
ASN-005764-01,HRIS-WKR-005764,POS-ENG-L5-0027,JOB-ENG-L5-03,Engineering L5 Role 03,ENG,L5,Y,1.0,39.0,2019-10-12,
ASN-005765-01,HRIS-WKR-005765,POS-FIN-L5-0102,JOB-FIN-L5-06,Finance L5 Role 06,FIN,L6,Y,1.0,39.0,2018-09-09,
ASN-005766-01,HRIS-WKR-005766,POS-HR-L2-0116,JOB-HR-L2-02,People L2 Role 02,HR,L2,Y,1.0,39.0,2022-03-30,
ASN-005767-01,HRIS-WKR-005767,POS-FIN-L3-0086,JOB-FIN-L3-02,Finance L3 Role 02,FIN,L3,Y,1.0,39.0,2023-06-15,
ASN-005768-01,HRIS-WKR-005768,POS-ENG-L3-0017,JOB-ENG-L3-05,Engineering L3 Role 05,ENG,L1,Y,1.0,39.0,2022-10-19,
ASN-005769-01,HRIS-WKR-005769,POS-FIN-L6-0107,JOB-FIN-L6-05,Finance L6 Role 05,FIN,L6,Y,0.8,31.2,2022-04-23,
ASN-005770-01,HRIS-WKR-005770,POS-OPS-L1-0039,JOB-OPS-L1-03,Operations L1 Role 03,OPS,L1,Y,1.0,39.0,2018-05-26,
ASN-005771-01,HRIS-WKR-005771,POS-FIN-L2-0083,JOB-FIN-L2-05,Finance L2 Role 05,FIN,L2,Y,0.4,15.6,2019-08-19,
ASN-005772-01,HRIS-WKR-005772,POS-OPS-L6-0071,JOB-OPS-L6-05,Operations L6 Role 05,OPS,L6,Y,1.0,39.0,2020-09-12,
ASN-005773-01,HRIS-WKR-005773,POS-TEC-L3-0194,JOB-TEC-L3-02,Technology L3 Role 02,TEC,L3,Y,1.0,39.0,2023-12-27,
ASN-005774-01,HRIS-WKR-005774,POS-FIN-L1-0076,JOB-FIN-L1-04,Finance L1 Role 04,FIN,L1,Y,1.0,39.0,2024-12-27,
ASN-005775-01,HRIS-WKR-005775,POS-FIN-L3-0086,JOB-FIN-L3-02,Finance L3 Role 02,FIN,L3,Y,1.0,39.0,2018-01-18,
ASN-005776-01,HRIS-WKR-005776,POS-TEC-L3-0195,JOB-TEC-L3-03,Technology L3 Role 03,TEC,L3,Y,1.0,39.0,2024-09-12,
ASN-005777-01,HRIS-WKR-005777,POS-HR-L4-0129,JOB-HR-L4-03,People L4 Role 03,HR,L4,Y,1.0,39.0,2023-01-05,
ASN-005778-01,HRIS-WKR-005778,POS-HR-L6-0142,JOB-HR-L6-04,People L6 Role 04,HR,L6,Y,0.5,19.5,2020-02-27,
ASN-005779-01,HRIS-WKR-005779,POS-ENG-L2-0008,JOB-ENG-L2-02,Engineering L2 Role 02,ENG,L2,Y,1.0,39.0,2020-03-07,
ASN-005780-01,HRIS-WKR-005780,POS-FIN-L2-0080,JOB-FIN-L2-02,Finance L2 Role 02,FIN,L2,Y,1.0,39.0,2023-03-10,
ASN-005781-01,HRIS-WKR-005781,POS-TEC-L1-0185,JOB-TEC-L1-05,Technology L1 Role 05,TEC,L1,Y,1.0,39.0,2024-02-09,
ASN-005782-01,HRIS-WKR-005782,POS-SAL-L2-0154,JOB-SAL-L2-04,Sales L2 Role 04,SAL,L2,Y,1.0,39.0,2020-01-05,
ASN-005783-01,HRIS-WKR-005783,POS-TEC-L5-0205,JOB-TEC-L5-01,Technology L5 Role 01,TEC,L5,Y,0.8,31.2,2025-08-15,
ASN-005784-01,HRIS-WKR-005784,POS-HR-L4-0131,JOB-HR-L4-05,People L4 Role 05,HR,L4,Y,1.0,39.0,2021-12-13,
ASN-005785-01,HRIS-WKR-005785,POS-SAL-L2-0151,JOB-SAL-L2-01,Sales L2 Role 01,SAL,L2,Y,1.0,39.0,2022-08-09,
ASN-005786-01,HRIS-WKR-005786,POS-ENG-L5-0028,JOB-ENG-L5-04,Engineering L5 Role 04,ENG,L5,Y,1.0,39.0,2026-01-01,
ASN-005787-01,HRIS-WKR-005787,POS-ENG-L3-0013,JOB-ENG-L3-01,Engineering L3 Role 01,ENG,L3,Y,1.0,39.0,2021-03-22,
ASN-005788-01,HRIS-WKR-005788,POS-TEC-L5-0207,JOB-TEC-L5-03,Technology L5 Role 03,TEC,L5,Y,1.0,39.0,2024-06-26,
ASN-005788-02,HRIS-WKR-005788,POS-OPS-L6-0071,JOB-OPS-L6-05,Operations L6 Role 05,OPS,L6,N,0.2,7.8,2023-07-21,
ASN-005789-01,HRIS-WKR-005789,POS-FIN-L4-0091,JOB-FIN-L4-01,Finance L4 Role 01,FIN,L2,Y,0.6,23.4,2022-08-14,
ASN-005790-01,HRIS-WKR-005790,POS-OPS-L3-0051,JOB-OPS-L3-03,Operations L3 Role 03,OPS,L3,Y,0.6,23.4,2022-02-05,
ASN-005791-01,HRIS-WKR-005791,POS-HR-L6-0141,JOB-HR-L6-03,People L6 Role 03,HR,L6,Y,1.0,39.0,2021-01-14,
ASN-005791-02,HRIS-WKR-005791,POS-HR-L2-0117,JOB-HR-L2-03,People L2 Role 03,HR,L2,N,0.2,7.8,2023-06-04,
ASN-005792-01,HRIS-WKR-005792,POS-TEC-L1-0181,JOB-TEC-L1-01,Technology L1 Role 01,TEC,L1,Y,1.0,39.0,2019-02-24,
ASN-005793-01,HRIS-WKR-005793,POS-HR-L6-0143,JOB-HR-L6-05,People L6 Role 05,HR,L6,Y,0.5,19.5,2021-04-10,
ASN-005794-01,HRIS-WKR-005794,POS-SAL-L6-0179,JOB-SAL-L6-05,Sales L6 Role 05,SAL,L6,Y,1.0,39.0,2020-03-17,
ASN-005795-01,HRIS-WKR-005795,POS-SAL-L1-0146,JOB-SAL-L1-02,Sales L1 Role 02,SAL,L1,Y,1.0,39.0,2022-06-19,
ASN-005796-01,HRIS-WKR-005796,POS-ENG-L5-0029,JOB-ENG-L5-05,Engineering L5 Role 05,ENG,L5,Y,1.0,39.0,2018-04-18,
ASN-005796-02,HRIS-WKR-005796,POS-ENG-L2-0011,JOB-ENG-L2-05,Engineering L2 Role 05,ENG,L2,N,0.2,7.8,2023-04-08,
ASN-005797-01,HRIS-WKR-005797,POS-TEC-L1-0183,JOB-TEC-L1-03,Technology L1 Role 03,TEC,L1,Y,0.8,31.2,2019-03-05,
ASN-005797-02,HRIS-WKR-005797,POS-TEC-L5-0210,JOB-TEC-L5-06,Technology L5 Role 06,TEC,L5,N,0.3,11.7,2023-09-05,
ASN-005798-01,HRIS-WKR-005798,POS-SAL-L2-0155,JOB-SAL-L2-05,Sales L2 Role 05,SAL,L2,Y,1.0,39.0,2022-07-15,
ASN-005799-01,HRIS-WKR-005799,POS-HR-L4-0129,JOB-HR-L4-03,People L4 Role 03,HR,L4,Y,1.0,39.0,2023-06-19,
ASN-005799-02,HRIS-WKR-005799,POS-FIN-L2-0083,JOB-FIN-L2-05,Finance L2 Role 05,FIN,L2,N,0.4,15.6,2022-12-17,
ASN-005800-01,HRIS-WKR-005800,POS-SAL-L5-0173,JOB-SAL-L5-05,Sales L5 Role 05,SAL,L5,Y,0.5,19.5,2026-01-03,
ASN-005801-01,HRIS-WKR-005801,POS-ENG-L4-0023,JOB-ENG-L4-05,Engineering L4 Role 05,ENG,L4,Y,1.0,39.0,2019-01-18,
ASN-005802-01,HRIS-WKR-005802,POS-FIN-L1-0074,JOB-FIN-L1-02,Finance L1 Role 02,FIN,L1,Y,0.8,31.2,2020-10-18,
ASN-005803-01,HRIS-WKR-005803,POS-TEC-L4-0200,JOB-TEC-L4-02,Technology L4 Role 02,TEC,L4,Y,0.4,15.6,2021-01-25,
ASN-005804-01,HRIS-WKR-005804,POS-TEC-L2-0188,JOB-TEC-L2-02,Technology L2 Role 02,TEC,L2,Y,1.0,39.0,2024-06-12,
ASN-005805-01,HRIS-WKR-005805,POS-HR-L2-0116,JOB-HR-L2-02,People L2 Role 02,HR,L2,Y,1.0,39.0,2024-07-22,
ASN-005806-01,HRIS-WKR-005806,POS-FIN-L6-0105,JOB-FIN-L6-03,Finance L6 Role 03,FIN,L6,Y,1.0,39.0,2023-11-10,
ASN-005807-01,HRIS-WKR-005807,POS-SAL-L3-0162,JOB-SAL-L3-06,Sales L3 Role 06,SAL,L3,Y,1.0,39.0,2021-06-05,
ASN-005808-01,HRIS-WKR-005808,POS-FIN-L1-0075,JOB-FIN-L1-03,Finance L1 Role 03,FIN,L1,Y,0.6,23.4,2025-02-26,
ASN-005809-01,HRIS-WKR-005809,POS-TEC-L2-0191,JOB-TEC-L2-05,Technology L2 Role 05,TEC,L2,Y,0.8,31.2,2018-03-13,
ASN-005810-01,HRIS-WKR-005810,POS-TEC-L4-0202,JOB-TEC-L4-04,Technology L4 Role 04,TEC,L4,Y,1.0,39.0,2020-02-25,
ASN-005811-01,HRIS-WKR-005811,POS-OPS-L3-0049,JOB-OPS-L3-01,Operations L3 Role 01,OPS,L3,Y,1.0,39.0,2018-08-15,
ASN-005812-01,HRIS-WKR-005812,POS-FIN-L1-0074,JOB-FIN-L1-02,Finance L1 Role 02,FIN,L1,Y,1.0,39.0,2021-12-18,
ASN-005813-01,HRIS-WKR-005813,POS-SAL-L2-0156,JOB-SAL-L2-06,Sales L2 Role 06,SAL,L2,Y,,,2021-08-21,
ASN-005814-01,HRIS-WKR-005814,POS-FIN-L3-0086,JOB-FIN-L3-02,Finance L3 Role 02,FIN,L3,Y,1.0,39.0,2020-06-23,
ASN-005815-01,HRIS-WKR-005815,POS-OPS-L3-0050,JOB-OPS-L3-02,Operations L3 Role 02,OPS,L3,Y,0.8,31.2,2019-01-07,
ASN-005816-01,HRIS-WKR-005816,POS-FIN-L5-0098,JOB-FIN-L5-02,Finance L5 Role 02,FIN,L5,Y,1.0,39.0,2026-01-12,
ASN-005817-01,HRIS-WKR-005817,POS-SAL-L5-0171,JOB-SAL-L5-03,Sales L5 Role 03,SAL,L5,Y,1.0,39.0,2020-08-24,
ASN-005818-01,HRIS-WKR-005818,POS-OPS-L2-0045,JOB-OPS-L2-03,Operations L2 Role 03,OPS,L2,Y,1.0,39.0,2020-01-24,
ASN-005818-02,HRIS-WKR-005818,POS-ENG-L2-0007,JOB-ENG-L2-01,Engineering L2 Role 01,ENG,L2,N,0.2,7.8,2021-06-08,
ASN-005819-01,HRIS-WKR-005819,POS-ENG-L6-0034,JOB-ENG-L6-04,Engineering L6 Role 04,ENG,L6,Y,0.6,23.4,2024-05-26,
ASN-005819-02,HRIS-WKR-005819,POS-ENG-L1-0002,JOB-ENG-L1-02,Engineering L1 Role 02,ENG,L1,N,0.2,7.8,2021-06-30,
ASN-005820-01,HRIS-WKR-005820,POS-ENG-L4-0023,JOB-ENG-L4-05,Engineering L4 Role 05,ENG,L4,Y,0.5,19.5,2020-07-08,
ASN-005821-01,HRIS-WKR-005821,POS-TEC-L1-0186,JOB-TEC-L1-06,Technology L1 Role 06,TEC,L1,Y,1.0,39.0,2020-10-24,
ASN-005822-01,HRIS-WKR-005822,POS-SAL-L2-0153,JOB-SAL-L2-03,Sales L2 Role 03,SAL,L2,Y,1.0,39.0,2018-07-23,
ASN-005823-01,HRIS-WKR-005823,POS-FIN-L4-0093,JOB-FIN-L4-03,Finance L4 Role 03,FIN,L4,Y,1.0,39.0,2022-04-08,
ASN-005824-01,HRIS-WKR-005824,POS-SAL-L1-0149,JOB-SAL-L1-05,Sales L1 Role 05,SAL,L1,Y,1.0,39.0,2019-11-06,
ASN-005825-01,HRIS-WKR-005825,POS-TEC-L2-0190,JOB-TEC-L2-04,Technology L2 Role 04,TEC,L2,Y,0.8,31.2,2024-01-15,
ASN-005826-01,HRIS-WKR-005826,POS-OPS-L6-0067,JOB-OPS-L6-01,Operations L6 Role 01,OPS,L6,Y,1.0,39.0,2024-06-28,
ASN-005827-01,HRIS-WKR-005827,POS-OPS-L3-0054,JOB-OPS-L3-06,Operations L3 Role 06,OPS,L3,Y,1.0,39.0,2021-02-11,
ASN-005828-01,HRIS-WKR-005828,POS-TEC-L2-0192,JOB-TEC-L2-06,Technology L2 Role 06,TEC,L2,Y,,,2020-10-27,
ASN-005828-02,HRIS-WKR-005828,POS-HR-L3-0124,JOB-HR-L3-04,People L3 Role 04,HR,L3,N,0.2,7.8,2022-03-21,
ASN-005829-01,HRIS-WKR-005829,POS-HR-L5-0137,JOB-HR-L5-05,People L5 Role 05,HR,L5,Y,1.0,39.0,2018-11-18,
ASN-005830-01,HRIS-WKR-005830,POS-OPS-L5-0066,JOB-OPS-L5-06,Operations L5 Role 06,OPS,L5,Y,1.0,39.0,2019-11-17,
ASN-005831-01,HRIS-WKR-005831,POS-ENG-L2-0011,JOB-ENG-L2-05,Engineering L2 Role 05,ENG,L2,Y,1.0,39.0,2021-05-20,
ASN-005832-01,HRIS-WKR-005832,POS-OPS-L4-0056,JOB-OPS-L4-02,Operations L4 Role 02,OPS,L4,Y,1.0,39.0,2023-04-20,
ASN-005833-01,HRIS-WKR-005833,POS-HR-L6-0139,JOB-HR-L6-01,People L6 Role 01,HR,L6,Y,1.0,39.0,2022-02-09,
ASN-005834-01,HRIS-WKR-005834,POS-ENG-L1-0002,JOB-ENG-L1-02,Engineering L1 Role 02,ENG,L1,Y,1.0,39.0,2025-03-19,
ASN-005834-02,HRIS-WKR-005834,POS-SAL-L2-0151,JOB-SAL-L2-01,Sales L2 Role 01,SAL,L2,N,0.2,7.8,2025-04-22,
ASN-005835-01,HRIS-WKR-005835,POS-OPS-L4-0055,JOB-OPS-L4-01,Operations L4 Role 01,OPS,L4,Y,1.0,39.0,2021-11-17,
ASN-005836-01,HRIS-WKR-005836,POS-ENG-L5-0028,JOB-ENG-L5-04,Engineering L5 Role 04,ENG,L5,Y,1.0,39.0,2022-04-21,
ASN-005837-01,HRIS-WKR-005837,POS-SAL-L1-0145,JOB-SAL-L1-01,Sales L1 Role 01,SAL,L1,Y,0.4,15.6,2020-10-07,
ASN-005838-01,HRIS-WKR-005838,POS-ENG-L4-0021,JOB-ENG-L4-03,Engineering L4 Role 03,ENG,L4,Y,1.0,39.0,2018-05-07,
ASN-005839-01,HRIS-WKR-005839,POS-OPS-L3-0052,JOB-OPS-L3-04,Operations L3 Role 04,OPS,L3,Y,1.0,39.0,2020-04-04,
ASN-005840-01,HRIS-WKR-005840,POS-ENG-L6-0033,JOB-ENG-L6-03,Engineering L6 Role 03,ENG,L6,Y,1.0,39.0,2024-09-14,
ASN-005841-01,HRIS-WKR-005841,POS-FIN-L2-0083,JOB-FIN-L2-05,Finance L2 Role 05,FIN,L2,Y,0.8,31.2,2018-01-24,
ASN-005842-01,HRIS-WKR-005842,POS-OPS-L3-0051,JOB-OPS-L3-03,Operations L3 Role 03,OPS,L3,Y,0.8,31.2,2021-05-03,
ASN-005843-01,HRIS-WKR-005843,POS-HR-L1-0109,JOB-HR-L1-01,People L1 Role 01,HR,L1,Y,1.0,39.0,2023-07-24,
ASN-005844-01,HRIS-WKR-005844,POS-HR-L3-0126,JOB-HR-L3-06,People L3 Role 06,HR,L3,Y,1.0,39.0,2023-06-03,
ASN-005845-01,HRIS-WKR-005845,POS-TEC-L1-0182,JOB-TEC-L1-02,Technology L1 Role 02,TEC,L1,Y,1.0,39.0,2022-12-25,
ASN-005846-01,HRIS-WKR-005846,POS-OPS-L3-0051,JOB-OPS-L3-03,Operations L3 Role 03,OPS,L3,Y,1.0,39.0,2025-08-27,
ASN-005847-01,HRIS-WKR-005847,POS-FIN-L5-0102,JOB-FIN-L5-06,Finance L5 Role 06,FIN,L5,Y,1.0,39.0,2025-03-05,
ASN-005848-01,HRIS-WKR-005848,POS-ENG-L3-0015,JOB-ENG-L3-03,Engineering L3 Role 03,ENG,L3,Y,1.0,39.0,2018-08-17,
ASN-005849-01,HRIS-WKR-005849,POS-FIN-L3-0087,JOB-FIN-L3-03,Finance L3 Role 03,FIN,L3,Y,1.0,39.0,2020-05-27,
ASN-005850-01,HRIS-WKR-005850,POS-TEC-L1-0181,JOB-TEC-L1-01,Technology L1 Role 01,TEC,L1,Y,0.8,31.2,2024-09-12,
ASN-005851-01,HRIS-WKR-005851,POS-TEC-L3-0197,JOB-TEC-L3-05,Technology L3 Role 05,TEC,L3,Y,1.0,39.0,2023-03-28,
ASN-005852-01,HRIS-WKR-005852,POS-ENG-L2-0012,JOB-ENG-L2-06,Engineering L2 Role 06,ENG,L2,Y,0.8,31.2,2019-09-17,
ASN-005853-01,HRIS-WKR-005853,POS-OPS-L6-0070,JOB-OPS-L6-04,Operations L6 Role 04,OPS,L6,Y,1.0,39.0,2022-05-19,
ASN-005854-01,HRIS-WKR-005854,POS-TEC-L6-0216,JOB-TEC-L6-06,Technology L6 Role 06,TEC,L6,Y,1.0,39.0,2025-02-28,
ASN-005855-01,HRIS-WKR-005855,POS-FIN-L6-0105,JOB-FIN-L6-03,Finance L6 Role 03,FIN,L6,Y,1.0,39.0,2019-08-25,
ASN-005856-01,HRIS-WKR-005856,POS-TEC-L5-0207,JOB-TEC-L5-03,Technology L5 Role 03,TEC,L5,Y,0.6,23.4,2019-04-18,
ASN-005857-01,HRIS-WKR-005857,POS-SAL-L2-0152,JOB-SAL-L2-02,Sales L2 Role 02,SAL,L2,Y,1.0,39.0,2020-10-16,
ASN-005858-01,HRIS-WKR-005858,POS-SAL-L1-0149,JOB-SAL-L1-05,Sales L1 Role 05,SAL,L1,Y,1.0,39.0,2021-08-12,
ASN-005859-01,HRIS-WKR-005859,POS-ENG-L1-0004,JOB-ENG-L1-04,Engineering L1 Role 04,ENG,L1,Y,1.0,39.0,2018-02-24,
ASN-005860-01,HRIS-WKR-005860,POS-SAL-L3-0161,JOB-SAL-L3-05,Sales L3 Role 05,SAL,L3,Y,1.0,39.0,2023-12-27,
ASN-005861-01,HRIS-WKR-005861,POS-TEC-L3-0193,JOB-TEC-L3-01,Technology L3 Role 01,TEC,L3,Y,1.0,39.0,2023-04-15,
ASN-005862-01,HRIS-WKR-005862,POS-HR-L1-0109,JOB-HR-L1-01,People L1 Role 01,HR,L1,Y,1.0,39.0,2019-07-14,
ASN-005863-01,HRIS-WKR-005863,POS-SAL-L1-0147,JOB-SAL-L1-03,Sales L1 Role 03,SAL,L1,Y,1.0,39.0,2024-12-30,
ASN-005864-01,HRIS-WKR-005864,POS-FIN-L1-0075,JOB-FIN-L1-03,Finance L1 Role 03,FIN,L1,Y,1.0,39.0,2022-01-08,
ASN-005865-01,HRIS-WKR-005865,POS-HR-L2-0116,JOB-HR-L2-02,People L2 Role 02,HR,L2,Y,1.0,39.0,2018-10-15,
ASN-005866-01,HRIS-WKR-005866,POS-OPS-L5-0062,JOB-OPS-L5-02,Operations L5 Role 02,OPS,L5,Y,1.0,39.0,2019-07-20,
ASN-005867-01,HRIS-WKR-005867,POS-OPS-L4-0058,JOB-OPS-L4-04,Operations L4 Role 04,OPS,L4,Y,1.0,39.0,2019-02-24,
ASN-005868-01,HRIS-WKR-005868,POS-ENG-L5-0027,JOB-ENG-L5-03,Engineering L5 Role 03,ENG,L5,Y,0.8,31.2,2025-04-29,
ASN-005869-01,HRIS-WKR-005869,POS-HR-L2-0117,JOB-HR-L2-03,People L2 Role 03,HR,L2,Y,,,2018-09-16,
ASN-005870-01,HRIS-WKR-005870,POS-SAL-L2-0155,JOB-SAL-L2-05,Sales L2 Role 05,SAL,L2,Y,1.0,39.0,2019-07-04,
ASN-005871-01,HRIS-WKR-005871,POS-TEC-L3-0198,JOB-TEC-L3-06,Technology L3 Role 06,TEC,L3,Y,1.0,39.0,2019-06-06,
ASN-005871-02,HRIS-WKR-005871,POS-TEC-L6-0214,JOB-TEC-L6-04,Technology L6 Role 04,TEC,L6,N,0.2,7.8,2020-08-02,
ASN-005872-01,HRIS-WKR-005872,POS-TEC-L6-0212,JOB-TEC-L6-02,Technology L6 Role 02,TEC,L6,Y,1.0,39.0,2021-10-17,
ASN-005873-01,HRIS-WKR-005873,POS-OPS-L6-0071,JOB-OPS-L6-05,Operations L6 Role 05,OPS,L6,Y,,,2025-09-19,
ASN-005874-01,HRIS-WKR-005874,POS-HR-L1-0114,JOB-HR-L1-06,People L1 Role 06,HR,L1,Y,1.0,39.0,2018-11-29,
ASN-005874-02,HRIS-WKR-005874,POS-OPS-L6-0070,JOB-OPS-L6-04,Operations L6 Role 04,OPS,L6,N,0.2,7.8,2019-08-08,
ASN-005875-01,HRIS-WKR-005875,POS-OPS-L3-0050,JOB-OPS-L3-02,Operations L3 Role 02,OPS,L3,Y,1.0,39.0,2021-02-19,
ASN-005876-01,HRIS-WKR-005876,POS-TEC-L1-0183,JOB-TEC-L1-03,Technology L1 Role 03,TEC,L1,Y,1.0,39.0,2021-07-18,
ASN-005877-01,HRIS-WKR-005877,POS-TEC-L1-0182,JOB-TEC-L1-02,Technology L1 Role 02,TEC,L1,Y,1.0,39.0,2024-12-13,
ASN-005878-01,HRIS-WKR-005878,POS-ENG-L2-0009,JOB-ENG-L2-03,Engineering L2 Role 03,ENG,L2,Y,1.0,39.0,2025-12-26,
ASN-005878-02,HRIS-WKR-005878,POS-HR-L1-0111,JOB-HR-L1-03,People L1 Role 03,HR,L1,N,0.2,7.8,2019-01-04,
ASN-005879-01,HRIS-WKR-005879,POS-ENG-L3-0017,JOB-ENG-L3-05,Engineering L3 Role 05,ENG,L3,Y,1.0,39.0,2021-02-13,
ASN-005880-01,HRIS-WKR-005880,POS-TEC-L4-0204,JOB-TEC-L4-06,Technology L4 Role 06,TEC,L4,Y,1.0,39.0,2019-06-18,
ASN-005881-01,HRIS-WKR-005881,POS-HR-L6-0139,JOB-HR-L6-01,People L6 Role 01,HR,L6,Y,0.6,23.4,2023-04-21,
ASN-005882-01,HRIS-WKR-005882,POS-TEC-L4-0203,JOB-TEC-L4-05,Technology L4 Role 05,TEC,L4,Y,0.5,19.5,2025-11-08,
ASN-005883-01,HRIS-WKR-005883,POS-HR-L4-0130,JOB-HR-L4-04,People L4 Role 04,HR,L4,Y,1.0,39.0,2018-11-10,
ASN-005884-01,HRIS-WKR-005884,POS-HR-L6-0140,JOB-HR-L6-02,People L6 Role 02,HR,L6,Y,1.0,39.0,2019-11-04,
ASN-005885-01,HRIS-WKR-005885,POS-HR-L1-0110,JOB-HR-L1-02,People L1 Role 02,HR,L1,Y,0.8,31.2,2021-02-11,
ASN-005885-02,HRIS-WKR-005885,POS-HR-L5-0136,JOB-HR-L5-04,People L5 Role 04,HR,L5,N,0.2,7.8,2019-10-02,
ASN-005886-01,HRIS-WKR-005886,POS-TEC-L1-0186,JOB-TEC-L1-06,Technology L1 Role 06,TEC,L1,Y,1.0,39.0,2018-04-24,
ASN-005887-01,HRIS-WKR-005887,POS-FIN-L2-0084,JOB-FIN-L2-06,Finance L2 Role 06,FIN,L2,Y,1.0,39.0,2020-11-26,
ASN-005888-01,HRIS-WKR-005888,POS-ENG-L5-0027,JOB-ENG-L5-03,Engineering L5 Role 03,ENG,L5,Y,1.0,39.0,2020-12-19,
ASN-005889-01,HRIS-WKR-005889,POS-TEC-L5-0205,JOB-TEC-L5-01,Technology L5 Role 01,TEC,L5,Y,1.0,39.0,2020-09-06,
ASN-005890-01,HRIS-WKR-005890,POS-ENG-L6-0035,JOB-ENG-L6-05,Engineering L6 Role 05,ENG,L6,Y,1.0,39.0,2023-12-25,
ASN-005891-01,HRIS-WKR-005891,POS-ENG-L5-0027,JOB-ENG-L5-03,Engineering L5 Role 03,ENG,L5,Y,0.5,19.5,2024-07-01,
ASN-005892-01,HRIS-WKR-005892,POS-HR-L3-0122,JOB-HR-L3-02,People L3 Role 02,HR,L3,Y,1.0,39.0,2024-02-18,
ASN-005893-01,HRIS-WKR-005893,POS-SAL-L6-0175,JOB-SAL-L6-01,Sales L6 Role 01,SAL,L6,Y,1.0,39.0,2020-07-27,
ASN-005894-01,HRIS-WKR-005894,POS-TEC-L6-0211,JOB-TEC-L6-01,Technology L6 Role 01,TEC,L6,Y,1.0,39.0,2022-05-28,
ASN-005895-01,HRIS-WKR-005895,POS-SAL-L6-0177,JOB-SAL-L6-03,Sales L6 Role 03,SAL,L6,Y,1.0,39.0,2021-08-24,
ASN-005895-02,HRIS-WKR-005895,POS-OPS-L4-0055,JOB-OPS-L4-01,Operations L4 Role 01,OPS,L4,N,0.2,7.8,2020-07-19,
ASN-005896-01,HRIS-WKR-005896,POS-ENG-L1-0001,JOB-ENG-L1-01,Engineering L1 Role 01,ENG,L1,Y,1.0,39.0,2020-11-02,
ASN-005897-01,HRIS-WKR-005897,POS-OPS-L6-0068,JOB-OPS-L6-02,Operations L6 Role 02,OPS,L6,Y,1.0,39.0,2025-11-08,
ASN-005898-01,HRIS-WKR-005898,POS-OPS-L6-0069,JOB-OPS-L6-03,Operations L6 Role 03,OPS,L6,Y,1.0,39.0,2018-04-19,
ASN-005898-02,HRIS-WKR-005898,POS-FIN-L6-0105,JOB-FIN-L6-03,Finance L6 Role 03,FIN,L6,N,0.2,7.8,2026-01-25,
ASN-005899-01,HRIS-WKR-005899,POS-OPS-L2-0045,JOB-OPS-L2-03,Operations L2 Role 03,OPS,L2,Y,1.0,39.0,2025-12-21,
ASN-005900-01,HRIS-WKR-005900,POS-SAL-L3-0158,JOB-SAL-L3-02,Sales L3 Role 02,SAL,L3,Y,1.0,39.0,2020-10-16,
ASN-005901-01,HRIS-WKR-005901,POS-ENG-L2-0010,JOB-ENG-L2-04,Engineering L2 Role 04,ENG,L2,Y,1.0,39.0,2023-02-04,
ASN-005902-01,HRIS-WKR-005902,POS-TEC-L4-0199,JOB-TEC-L4-01,Technology L4 Role 01,TEC,L4,Y,1.0,39.0,2020-03-19,
ASN-005903-01,HRIS-WKR-005903,POS-OPS-L2-0044,JOB-OPS-L2-02,Operations L2 Role 02,OPS,L2,Y,0.5,19.5,2020-07-11,
ASN-005904-01,HRIS-WKR-005904,POS-FIN-L2-0083,JOB-FIN-L2-05,Finance L2 Role 05,FIN,L2,Y,1.0,39.0,2019-09-26,
ASN-005905-01,HRIS-WKR-005905,POS-TEC-L4-0204,JOB-TEC-L4-06,Technology L4 Role 06,TEC,L4,Y,1.0,39.0,2021-05-11,
ASN-005906-01,HRIS-WKR-005906,POS-ENG-L2-0009,JOB-ENG-L2-03,Engineering L2 Role 03,ENG,L2,Y,1.0,39.0,2023-09-28,
ASN-005907-01,HRIS-WKR-005907,POS-HR-L5-0137,JOB-HR-L5-05,People L5 Role 05,HR,L5,Y,1.0,39.0,2021-10-09,
ASN-005908-01,HRIS-WKR-005908,POS-TEC-L2-0189,JOB-TEC-L2-03,Technology L2 Role 03,TEC,L2,Y,1.0,39.0,2019-01-16,
ASN-005909-01,HRIS-WKR-005909,POS-TEC-L1-0184,JOB-TEC-L1-04,Technology L1 Role 04,TEC,L1,Y,1.0,39.0,2024-01-02,
ASN-005910-01,HRIS-WKR-005910,POS-OPS-L3-0050,JOB-OPS-L3-02,Operations L3 Role 02,OPS,L3,Y,0.5,19.5,2020-11-19,
ASN-005911-01,HRIS-WKR-005911,POS-ENG-L2-0008,JOB-ENG-L2-02,Engineering L2 Role 02,ENG,L2,Y,1.0,39.0,2018-08-21,
ASN-005912-01,HRIS-WKR-005912,POS-HR-L4-0129,JOB-HR-L4-03,People L4 Role 03,HR,L4,Y,1.0,39.0,2020-03-01,
ASN-005913-01,HRIS-WKR-005913,POS-FIN-L4-0093,JOB-FIN-L4-03,Finance L4 Role 03,FIN,L4,Y,0.8,31.2,2019-09-15,
ASN-005914-01,HRIS-WKR-005914,POS-OPS-L2-0046,JOB-OPS-L2-04,Operations L2 Role 04,OPS,L2,Y,1.0,39.0,2025-09-30,
ASN-005915-01,HRIS-WKR-005915,POS-FIN-L1-0073,JOB-FIN-L1-01,Finance L1 Role 01,FIN,L1,Y,1.0,39.0,2023-04-25,
ASN-005916-01,HRIS-WKR-005916,POS-SAL-L2-0154,JOB-SAL-L2-04,Sales L2 Role 04,SAL,L2,Y,0.8,31.2,2019-12-22,
ASN-005917-01,HRIS-WKR-005917,POS-ENG-L4-0024,JOB-ENG-L4-06,Engineering L4 Role 06,ENG,L4,Y,1.0,39.0,2024-11-01,
ASN-005918-01,HRIS-WKR-005918,POS-HR-L3-0121,JOB-HR-L3-01,People L3 Role 01,HR,L3,Y,0.4,15.6,2023-01-03,
ASN-005919-01,HRIS-WKR-005919,POS-FIN-L2-0081,JOB-FIN-L2-03,Finance L2 Role 03,FIN,L2,Y,1.0,39.0,2020-03-19,
ASN-005920-01,HRIS-WKR-005920,POS-ENG-L5-0029,JOB-ENG-L5-05,Engineering L5 Role 05,ENG,L5,Y,0.8,31.2,2022-01-30,
ASN-005920-02,HRIS-WKR-005920,POS-ENG-L5-0028,JOB-ENG-L5-04,Engineering L5 Role 04,ENG,L5,N,0.3,11.7,2023-02-12,
ASN-005921-01,HRIS-WKR-005921,POS-HR-L3-0125,JOB-HR-L3-05,People L3 Role 05,HR,L3,Y,1.0,39.0,2018-09-19,
ASN-005922-01,HRIS-WKR-005922,POS-HR-L3-0121,JOB-HR-L3-01,People L3 Role 01,HR,L3,Y,1.0,39.0,2024-02-06,
ASN-005923-01,HRIS-WKR-005923,POS-FIN-L6-0107,JOB-FIN-L6-05,Finance L6 Role 05,FIN,L6,Y,0.8,31.2,2020-06-18,
ASN-005924-01,HRIS-WKR-005924,POS-ENG-L4-0021,JOB-ENG-L4-03,Engineering L4 Role 03,ENG,L4,Y,1.0,39.0,2025-11-22,
ASN-005925-01,HRIS-WKR-005925,POS-OPS-L1-0039,JOB-OPS-L1-03,Operations L1 Role 03,OPS,L1,Y,0.6,23.4,2022-01-06,
ASN-005926-01,HRIS-WKR-005926,POS-HR-L2-0120,JOB-HR-L2-06,People L2 Role 06,HR,L2,Y,,,2022-02-25,
ASN-005927-01,HRIS-WKR-005927,POS-OPS-L6-0071,JOB-OPS-L6-05,Operations L6 Role 05,OPS,L6,Y,1.0,39.0,2024-05-28,
ASN-005928-01,HRIS-WKR-005928,POS-OPS-L1-0038,JOB-OPS-L1-02,Operations L1 Role 02,OPS,L1,Y,,,2018-01-23,
ASN-005929-01,HRIS-WKR-005929,POS-TEC-L3-0193,JOB-TEC-L3-01,Technology L3 Role 01,TEC,L3,Y,1.0,39.0,2018-12-21,
ASN-005930-01,HRIS-WKR-005930,POS-ENG-L3-0013,JOB-ENG-L3-01,Engineering L3 Role 01,ENG,L3,Y,1.0,39.0,2022-07-25,
ASN-005931-01,HRIS-WKR-005931,POS-OPS-L1-0042,JOB-OPS-L1-06,Operations L1 Role 06,OPS,L1,Y,1.0,39.0,2021-10-22,
ASN-005932-01,HRIS-WKR-005932,POS-FIN-L2-0081,JOB-FIN-L2-03,Finance L2 Role 03,FIN,L2,Y,1.0,39.0,2021-06-13,
ASN-005933-01,HRIS-WKR-005933,POS-SAL-L3-0160,JOB-SAL-L3-04,Sales L3 Role 04,SAL,L3,Y,1.0,39.0,2025-01-22,
ASN-005934-01,HRIS-WKR-005934,POS-FIN-L5-0097,JOB-FIN-L5-01,Finance L5 Role 01,FIN,L5,Y,1.0,39.0,2019-06-05,
ASN-005935-01,HRIS-WKR-005935,POS-ENG-L5-0025,JOB-ENG-L5-01,Engineering L5 Role 01,ENG,L5,Y,1.0,39.0,2022-07-31,
ASN-005936-01,HRIS-WKR-005936,POS-FIN-L6-0107,JOB-FIN-L6-05,Finance L6 Role 05,FIN,L6,Y,1.0,39.0,2019-03-05,
ASN-005937-01,HRIS-WKR-005937,POS-OPS-L6-0070,JOB-OPS-L6-04,Operations L6 Role 04,OPS,L6,Y,1.0,39.0,2021-08-21,
ASN-005938-01,HRIS-WKR-005938,POS-HR-L4-0128,JOB-HR-L4-02,People L4 Role 02,HR,L4,Y,1.0,39.0,2019-04-07,
ASN-005939-01,HRIS-WKR-005939,POS-TEC-L5-0208,JOB-TEC-L5-04,Technology L5 Role 04,TEC,L5,Y,1.0,39.0,2024-05-04,
ASN-005940-01,HRIS-WKR-005940,POS-FIN-L3-0090,JOB-FIN-L3-06,Finance L3 Role 06,FIN,L3,Y,0.8,31.2,2023-05-07,
ASN-005941-01,HRIS-WKR-005941,POS-TEC-L4-0200,JOB-TEC-L4-02,Technology L4 Role 02,TEC,L4,Y,1.0,39.0,2023-07-29,
ASN-005942-01,HRIS-WKR-005942,POS-HR-L6-0144,JOB-HR-L6-06,People L6 Role 06,HR,L6,Y,1.0,39.0,2025-09-25,
ASN-005943-01,HRIS-WKR-005943,POS-TEC-L5-0206,JOB-TEC-L5-02,Technology L5 Role 02,TEC,L5,Y,1.0,39.0,2023-08-10,
ASN-005944-01,HRIS-WKR-005944,POS-ENG-L6-0031,JOB-ENG-L6-01,Engineering L6 Role 01,ENG,L6,Y,1.0,39.0,2023-02-21,
ASN-005945-01,HRIS-WKR-005945,POS-OPS-L5-0064,JOB-OPS-L5-04,Operations L5 Role 04,OPS,L5,Y,0.6,23.4,2020-10-08,
ASN-005946-01,HRIS-WKR-005946,POS-TEC-L3-0197,JOB-TEC-L3-05,Technology L3 Role 05,TEC,L3,Y,0.8,31.2,2019-01-06,
ASN-005947-01,HRIS-WKR-005947,POS-OPS-L2-0046,JOB-OPS-L2-04,Operations L2 Role 04,OPS,L2,Y,1.0,39.0,2023-09-23,
ASN-005948-01,HRIS-WKR-005948,POS-OPS-L6-0068,JOB-OPS-L6-02,Operations L6 Role 02,OPS,L6,Y,1.0,39.0,2018-11-11,
ASN-005949-01,HRIS-WKR-005949,POS-OPS-L5-0065,JOB-OPS-L5-05,Operations L5 Role 05,OPS,L5,Y,0.8,31.2,2025-01-23,
ASN-005950-01,HRIS-WKR-005950,POS-SAL-L1-0146,JOB-SAL-L1-02,Sales L1 Role 02,SAL,L1,Y,1.0,39.0,2019-02-05,
ASN-005951-01,HRIS-WKR-005951,POS-ENG-L1-0001,JOB-ENG-L1-01,Engineering L1 Role 01,ENG,L1,Y,1.0,39.0,2026-01-24,
ASN-005952-01,HRIS-WKR-005952,POS-TEC-L6-0214,JOB-TEC-L6-04,Technology L6 Role 04,TEC,L6,Y,1.0,39.0,2018-07-12,
ASN-005953-01,HRIS-WKR-005953,POS-ENG-L6-0031,JOB-ENG-L6-01,Engineering L6 Role 01,ENG,L6,Y,1.0,39.0,2020-09-06,
ASN-005954-01,HRIS-WKR-005954,POS-SAL-L5-0174,JOB-SAL-L5-06,Sales L5 Role 06,SAL,L5,Y,1.0,39.0,2023-10-21,
ASN-005955-01,HRIS-WKR-005955,POS-SAL-L2-0152,JOB-SAL-L2-02,Sales L2 Role 02,SAL,L2,Y,1.0,39.0,2024-09-19,
ASN-005956-01,HRIS-WKR-005956,POS-FIN-L2-0079,JOB-FIN-L2-01,Finance L2 Role 01,FIN,L2,Y,1.0,39.0,2024-05-14,
ASN-005957-01,HRIS-WKR-005957,POS-FIN-L4-0092,JOB-FIN-L4-02,Finance L4 Role 02,FIN,L4,Y,1.0,39.0,2024-10-22,
ASN-005958-01,HRIS-WKR-005958,POS-ENG-L1-0004,JOB-ENG-L1-04,Engineering L1 Role 04,ENG,L1,Y,0.8,31.2,2024-09-02,
ASN-005959-01,HRIS-WKR-005959,POS-SAL-L6-0175,JOB-SAL-L6-01,Sales L6 Role 01,SAL,L6,Y,1.0,39.0,2022-06-17,
ASN-005960-01,HRIS-WKR-005960,POS-HR-L6-0142,JOB-HR-L6-04,People L6 Role 04,HR,L6,Y,1.0,39.0,2019-01-08,
ASN-005961-01,HRIS-WKR-005961,POS-HR-L6-0143,JOB-HR-L6-05,People L6 Role 05,HR,L6,Y,1.0,39.0,2020-05-28,
ASN-005962-01,HRIS-WKR-005962,POS-FIN-L1-0077,JOB-FIN-L1-05,Finance L1 Role 05,FIN,L1,Y,1.0,39.0,2025-12-24,
ASN-005963-01,HRIS-WKR-005963,POS-OPS-L3-0050,JOB-OPS-L3-02,Operations L3 Role 02,OPS,L3,Y,1.0,39.0,2018-09-05,
ASN-005964-01,HRIS-WKR-005964,POS-FIN-L1-0074,JOB-FIN-L1-02,Finance L1 Role 02,FIN,L1,Y,1.0,39.0,2020-11-10,
ASN-005965-01,HRIS-WKR-005965,POS-OPS-L5-0061,JOB-OPS-L5-01,Operations L5 Role 01,OPS,L5,Y,1.0,39.0,2025-06-06,
ASN-005966-01,HRIS-WKR-005966,POS-FIN-L2-0083,JOB-FIN-L2-05,Finance L2 Role 05,FIN,L2,Y,1.0,39.0,2021-03-17,
ASN-005967-01,HRIS-WKR-005967,POS-HR-L1-0113,JOB-HR-L1-05,People L1 Role 05,HR,L1,Y,1.0,39.0,2021-09-12,
ASN-005968-01,HRIS-WKR-005968,POS-FIN-L6-0103,JOB-FIN-L6-01,Finance L6 Role 01,FIN,L6,Y,1.0,39.0,2023-12-31,
ASN-005969-01,HRIS-WKR-005969,POS-TEC-L3-0194,JOB-TEC-L3-02,Technology L3 Role 02,TEC,L3,Y,1.0,39.0,2020-02-16,
ASN-005970-01,HRIS-WKR-005970,POS-ENG-L1-0001,JOB-ENG-L1-01,Engineering L1 Role 01,ENG,L1,Y,1.0,39.0,2018-06-12,
ASN-005971-01,HRIS-WKR-005971,POS-FIN-L3-0089,JOB-FIN-L3-05,Finance L3 Role 05,FIN,L3,Y,1.0,39.0,2018-08-16,
ASN-005972-01,HRIS-WKR-005972,POS-SAL-L2-0152,JOB-SAL-L2-02,Sales L2 Role 02,SAL,L2,Y,1.0,39.0,2019-08-03,
ASN-005972-02,HRIS-WKR-005972,POS-SAL-L3-0158,JOB-SAL-L3-02,Sales L3 Role 02,SAL,L3,N,0.3,11.7,2019-06-23,
ASN-005973-01,HRIS-WKR-005973,POS-ENG-L2-0010,JOB-ENG-L2-04,Engineering L2 Role 04,ENG,L2,Y,1.0,39.0,2023-02-01,
ASN-005974-01,HRIS-WKR-005974,POS-HR-L3-0124,JOB-HR-L3-04,People L3 Role 04,HR,L1,Y,1.0,39.0,2021-04-06,
ASN-005975-01,HRIS-WKR-005975,POS-TEC-L1-0186,JOB-TEC-L1-06,Technology L1 Role 06,TEC,L1,Y,1.0,39.0,2019-10-04,
ASN-005976-01,HRIS-WKR-005976,POS-ENG-L6-0031,JOB-ENG-L6-01,Engineering L6 Role 01,ENG,L6,Y,1.0,39.0,2023-12-31,
ASN-005977-01,HRIS-WKR-005977,POS-SAL-L2-0156,JOB-SAL-L2-06,Sales L2 Role 06,SAL,L2,Y,0.8,31.2,2024-03-10,
ASN-005978-01,HRIS-WKR-005978,POS-FIN-L5-0099,JOB-FIN-L5-03,Finance L5 Role 03,FIN,L5,Y,1.0,39.0,2020-12-10,
ASN-005978-02,HRIS-WKR-005978,POS-FIN-L5-0102,JOB-FIN-L5-06,Finance L5 Role 06,FIN,L5,N,0.4,15.6,2018-03-21,
ASN-005979-01,HRIS-WKR-005979,POS-FIN-L1-0076,JOB-FIN-L1-04,Finance L1 Role 04,FIN,L1,Y,1.0,39.0,2022-08-02,
ASN-005980-01,HRIS-WKR-005980,POS-TEC-L4-0201,JOB-TEC-L4-03,Technology L4 Role 03,TEC,L4,Y,1.0,39.0,2024-05-08,
ASN-005981-01,HRIS-WKR-005981,POS-HR-L2-0119,JOB-HR-L2-05,People L2 Role 05,HR,L2,Y,1.0,39.0,2022-02-06,
ASN-005982-01,HRIS-WKR-005982,POS-OPS-L5-0062,JOB-OPS-L5-02,Operations L5 Role 02,OPS,L5,Y,1.0,39.0,2022-12-22,
ASN-005983-01,HRIS-WKR-005983,POS-ENG-L6-0031,JOB-ENG-L6-01,Engineering L6 Role 01,ENG,L6,Y,0.8,31.2,2021-07-21,
ASN-005984-01,HRIS-WKR-005984,POS-FIN-L2-0084,JOB-FIN-L2-06,Finance L2 Role 06,FIN,L2,Y,1.0,39.0,2021-04-08,
ASN-005985-01,HRIS-WKR-005985,POS-OPS-L2-0045,JOB-OPS-L2-03,Operations L2 Role 03,OPS,L2,Y,1.0,39.0,2025-11-19,
ASN-005986-01,HRIS-WKR-005986,POS-OPS-L2-0047,JOB-OPS-L2-05,Operations L2 Role 05,OPS,L2,Y,0.5,19.5,2025-03-05,
ASN-005987-01,HRIS-WKR-005987,POS-HR-L5-0138,JOB-HR-L5-06,People L5 Role 06,HR,L5,Y,1.0,39.0,2021-09-17,
ASN-005988-01,HRIS-WKR-005988,POS-HR-L4-0127,JOB-HR-L4-01,People L4 Role 01,HR,L4,Y,1.0,39.0,2021-03-19,
ASN-005989-01,HRIS-WKR-005989,POS-SAL-L6-0177,JOB-SAL-L6-03,Sales L6 Role 03,SAL,L6,Y,1.0,39.0,2024-11-16,
ASN-005990-01,HRIS-WKR-005990,POS-SAL-L2-0155,JOB-SAL-L2-05,Sales L2 Role 05,SAL,L2,Y,1.0,39.0,2020-03-12,
ASN-005990-02,HRIS-WKR-005990,POS-SAL-L6-0178,JOB-SAL-L6-04,Sales L6 Role 04,SAL,L6,N,0.2,7.8,2025-11-13,
ASN-005991-01,HRIS-WKR-005991,POS-ENG-L5-0027,JOB-ENG-L5-03,Engineering L5 Role 03,ENG,L5,Y,1.0,39.0,2018-03-22,
ASN-005992-01,HRIS-WKR-005992,POS-OPS-L2-0043,JOB-OPS-L2-01,Operations L2 Role 01,OPS,L2,Y,1.0,39.0,2020-11-03,
ASN-005993-01,HRIS-WKR-005993,POS-OPS-L1-0038,JOB-OPS-L1-02,Operations L1 Role 02,OPS,L1,Y,1.0,39.0,2021-04-18,
ASN-005994-01,HRIS-WKR-005994,POS-FIN-L4-0093,JOB-FIN-L4-03,Finance L4 Role 03,FIN,L4,Y,1.0,39.0,2018-08-08,
ASN-005995-01,HRIS-WKR-005995,POS-HR-L6-0139,JOB-HR-L6-01,People L6 Role 01,HR,L4,Y,1.0,39.0,2019-01-28,
ASN-005996-01,HRIS-WKR-005996,POS-FIN-L5-0101,JOB-FIN-L5-05,Finance L5 Role 05,FIN,L5,Y,1.0,39.0,2023-05-26,
ASN-005996-02,HRIS-WKR-005996,POS-ENG-L3-0018,JOB-ENG-L3-06,Engineering L3 Role 06,ENG,L3,N,0.3,11.7,2025-03-09,
ASN-005997-01,HRIS-WKR-005997,POS-FIN-L6-0104,JOB-FIN-L6-02,Finance L6 Role 02,FIN,L6,Y,1.0,39.0,2025-12-16,
ASN-005998-01,HRIS-WKR-005998,POS-TEC-L2-0187,JOB-TEC-L2-01,Technology L2 Role 01,TEC,L2,Y,0.8,31.2,2021-06-28,
ASN-005999-01,HRIS-WKR-005999,POS-FIN-L2-0080,JOB-FIN-L2-02,Finance L2 Role 02,FIN,L2,Y,1.0,39.0,2020-11-06,
ASN-006000-01,HRIS-WKR-006000,POS-OPS-L5-0063,JOB-OPS-L5-03,Operations L5 Role 03,OPS,L5,Y,1.0,39.0,2023-02-14,
ASN-006001-01,HRIS-WKR-006001,POS-SAL-L4-0165,JOB-SAL-L4-03,Sales L4 Role 03,SAL,L4,Y,1.0,39.0,2023-05-16,
ASN-006002-01,HRIS-WKR-006002,POS-ENG-L3-0014,JOB-ENG-L3-02,Engineering L3 Role 02,ENG,L3,Y,1.0,39.0,2022-09-18,
ASN-006003-01,HRIS-WKR-006003,POS-SAL-L4-0168,JOB-SAL-L4-06,Sales L4 Role 06,SAL,L4,Y,1.0,39.0,2021-08-28,
ASN-006004-01,HRIS-WKR-006004,POS-TEC-L6-0214,JOB-TEC-L6-04,Technology L6 Role 04,TEC,L6,Y,1.0,39.0,2024-01-24,
ASN-006005-01,HRIS-WKR-006005,POS-ENG-L5-0026,JOB-ENG-L5-02,Engineering L5 Role 02,ENG,L5,Y,1.0,39.0,2022-05-30,
ASN-006006-01,HRIS-WKR-006006,POS-OPS-L6-0067,JOB-OPS-L6-01,Operations L6 Role 01,OPS,L6,Y,1.0,39.0,2019-06-15,
ASN-006007-01,HRIS-WKR-006007,POS-TEC-L4-0204,JOB-TEC-L4-06,Technology L4 Role 06,TEC,L4,Y,1.0,39.0,2022-03-07,
ASN-006008-01,HRIS-WKR-006008,POS-OPS-L4-0060,JOB-OPS-L4-06,Operations L4 Role 06,OPS,L4,Y,0.8,31.2,2022-04-07,
ASN-006009-01,HRIS-WKR-006009,POS-OPS-L5-0062,JOB-OPS-L5-02,Operations L5 Role 02,OPS,L5,Y,1.0,39.0,2019-06-04,
ASN-006010-01,HRIS-WKR-006010,POS-HR-L6-0144,JOB-HR-L6-06,People L6 Role 06,HR,L6,Y,1.0,39.0,2023-06-14,
ASN-006011-01,HRIS-WKR-006011,POS-ENG-L1-0001,JOB-ENG-L1-01,Engineering L1 Role 01,ENG,L1,Y,1.0,39.0,2022-08-14,
ASN-006011-02,HRIS-WKR-006011,POS-TEC-L2-0189,JOB-TEC-L2-03,Technology L2 Role 03,TEC,L2,N,0.3,11.7,2020-03-24,
ASN-006012-01,HRIS-WKR-006012,POS-FIN-L6-0103,JOB-FIN-L6-01,Finance L6 Role 01,FIN,L6,Y,1.0,39.0,2018-06-16,
ASN-006013-01,HRIS-WKR-006013,POS-ENG-L5-0029,JOB-ENG-L5-05,Engineering L5 Role 05,ENG,L5,Y,1.0,39.0,2018-10-01,
ASN-006014-01,HRIS-WKR-006014,POS-FIN-L4-0092,JOB-FIN-L4-02,Finance L4 Role 02,FIN,L4,Y,1.0,39.0,2023-08-31,
ASN-006015-01,HRIS-WKR-006015,POS-TEC-L2-0191,JOB-TEC-L2-05,Technology L2 Role 05,TEC,L2,Y,1.0,39.0,2024-11-23,
ASN-006015-02,HRIS-WKR-006015,POS-SAL-L1-0146,JOB-SAL-L1-02,Sales L1 Role 02,SAL,L1,N,0.3,11.7,2025-03-26,
ASN-006016-01,HRIS-WKR-006016,POS-TEC-L5-0208,JOB-TEC-L5-04,Technology L5 Role 04,TEC,L5,Y,1.0,39.0,2024-12-28,
ASN-006017-01,HRIS-WKR-006017,POS-TEC-L6-0211,JOB-TEC-L6-01,Technology L6 Role 01,TEC,L6,Y,1.0,39.0,2024-09-21,
ASN-006018-01,HRIS-WKR-006018,POS-ENG-L6-0031,JOB-ENG-L6-01,Engineering L6 Role 01,ENG,L6,Y,1.0,39.0,2024-11-12,
ASN-006019-01,HRIS-WKR-006019,POS-TEC-L5-0206,JOB-TEC-L5-02,Technology L5 Role 02,TEC,L5,Y,1.0,39.0,2025-02-13,
ASN-006020-01,HRIS-WKR-006020,POS-OPS-L4-0055,JOB-OPS-L4-01,Operations L4 Role 01,OPS,L4,Y,1.0,39.0,2025-04-23,
ASN-006021-01,HRIS-WKR-006021,POS-ENG-L1-0002,JOB-ENG-L1-02,Engineering L1 Role 02,ENG,L1,Y,1.0,39.0,2022-04-22,
ASN-006022-01,HRIS-WKR-006022,POS-TEC-L2-0191,JOB-TEC-L2-05,Technology L2 Role 05,TEC,L2,Y,1.0,39.0,2022-12-20,
ASN-006023-01,HRIS-WKR-006023,POS-ENG-L5-0025,JOB-ENG-L5-01,Engineering L5 Role 01,ENG,L5,Y,1.0,39.0,2022-09-11,
ASN-006023-02,HRIS-WKR-006023,POS-OPS-L5-0062,JOB-OPS-L5-02,Operations L5 Role 02,OPS,L5,N,0.3,11.7,2025-05-22,
ASN-006024-01,HRIS-WKR-006024,POS-SAL-L5-0171,JOB-SAL-L5-03,Sales L5 Role 03,SAL,L5,Y,1.0,39.0,2019-05-06,
ASN-006025-01,HRIS-WKR-006025,POS-FIN-L1-0077,JOB-FIN-L1-05,Finance L1 Role 05,FIN,L1,Y,1.0,39.0,2024-07-14,
ASN-006026-01,HRIS-WKR-006026,POS-FIN-L2-0084,JOB-FIN-L2-06,Finance L2 Role 06,FIN,L2,Y,1.0,39.0,2024-10-22,
ASN-006026-02,HRIS-WKR-006026,POS-HR-L4-0128,JOB-HR-L4-02,People L4 Role 02,HR,L4,N,0.3,11.7,2021-11-14,
ASN-006027-01,HRIS-WKR-006027,POS-TEC-L6-0215,JOB-TEC-L6-05,Technology L6 Role 05,TEC,L6,Y,0.4,15.6,2023-05-14,
ASN-006028-01,HRIS-WKR-006028,POS-ENG-L5-0029,JOB-ENG-L5-05,Engineering L5 Role 05,ENG,L5,Y,1.0,39.0,2023-02-13,
ASN-006028-02,HRIS-WKR-006028,POS-OPS-L5-0061,JOB-OPS-L5-01,Operations L5 Role 01,OPS,L5,N,0.2,7.8,2018-01-03,
ASN-006029-01,HRIS-WKR-006029,POS-TEC-L4-0202,JOB-TEC-L4-04,Technology L4 Role 04,TEC,L4,Y,1.0,39.0,2022-10-10,
ASN-006030-01,HRIS-WKR-006030,POS-SAL-L1-0145,JOB-SAL-L1-01,Sales L1 Role 01,SAL,L1,Y,,,2018-11-28,
ASN-006031-01,HRIS-WKR-006031,POS-ENG-L4-0024,JOB-ENG-L4-06,Engineering L4 Role 06,ENG,L4,Y,1.0,39.0,2023-10-16,
ASN-006031-02,HRIS-WKR-006031,POS-FIN-L5-0099,JOB-FIN-L5-03,Finance L5 Role 03,FIN,L5,N,0.2,7.8,2021-07-19,
ASN-006032-01,HRIS-WKR-006032,POS-SAL-L4-0164,JOB-SAL-L4-02,Sales L4 Role 02,SAL,L4,Y,1.0,39.0,2018-12-16,
ASN-006033-01,HRIS-WKR-006033,POS-OPS-L5-0064,JOB-OPS-L5-04,Operations L5 Role 04,OPS,L6,Y,0.5,19.5,2021-02-15,
ASN-006034-01,HRIS-WKR-006034,POS-OPS-L1-0041,JOB-OPS-L1-05,Operations L1 Role 05,OPS,L1,Y,1.0,39.0,2021-10-06,
ASN-006035-01,HRIS-WKR-006035,POS-OPS-L5-0063,JOB-OPS-L5-03,Operations L5 Role 03,OPS,L5,Y,1.0,39.0,2020-12-21,
ASN-006036-01,HRIS-WKR-006036,POS-ENG-L4-0022,JOB-ENG-L4-04,Engineering L4 Role 04,ENG,L4,Y,1.0,39.0,2025-04-16,
ASN-006037-01,HRIS-WKR-006037,POS-FIN-L2-0081,JOB-FIN-L2-03,Finance L2 Role 03,FIN,L2,Y,1.0,39.0,2021-01-10,
ASN-006038-01,HRIS-WKR-006038,POS-OPS-L5-0066,JOB-OPS-L5-06,Operations L5 Role 06,OPS,L5,Y,1.0,39.0,2023-02-10,
ASN-006039-01,HRIS-WKR-006039,POS-FIN-L2-0083,JOB-FIN-L2-05,Finance L2 Role 05,FIN,L2,Y,1.0,39.0,2025-12-06,
ASN-006040-01,HRIS-WKR-006040,POS-OPS-L6-0072,JOB-OPS-L6-06,Operations L6 Role 06,OPS,L6,Y,0.8,31.2,2018-02-15,
ASN-006041-01,HRIS-WKR-006041,POS-ENG-L2-0009,JOB-ENG-L2-03,Engineering L2 Role 03,ENG,L2,Y,1.0,39.0,2023-06-16,
ASN-006041-02,HRIS-WKR-006041,POS-OPS-L5-0065,JOB-OPS-L5-05,Operations L5 Role 05,OPS,L5,N,0.2,7.8,2024-11-28,
ASN-006042-01,HRIS-WKR-006042,POS-OPS-L1-0042,JOB-OPS-L1-06,Operations L1 Role 06,OPS,L1,Y,1.0,39.0,2025-06-28,
ASN-006043-01,HRIS-WKR-006043,POS-FIN-L5-0097,JOB-FIN-L5-01,Finance L5 Role 01,FIN,L5,Y,0.5,19.5,2022-03-05,
ASN-006044-01,HRIS-WKR-006044,POS-FIN-L3-0086,JOB-FIN-L3-02,Finance L3 Role 02,FIN,L3,Y,1.0,39.0,2020-11-04,
ASN-006045-01,HRIS-WKR-006045,POS-TEC-L3-0197,JOB-TEC-L3-05,Technology L3 Role 05,TEC,L3,Y,,,2022-05-17,
ASN-006046-01,HRIS-WKR-006046,POS-ENG-L4-0020,JOB-ENG-L4-02,Engineering L4 Role 02,ENG,L4,Y,1.0,39.0,2021-11-05,
ASN-006047-01,HRIS-WKR-006047,POS-HR-L6-0143,JOB-HR-L6-05,People L6 Role 05,HR,L6,Y,1.0,39.0,2023-06-09,
ASN-006048-01,HRIS-WKR-006048,POS-SAL-L5-0174,JOB-SAL-L5-06,Sales L5 Role 06,SAL,L5,Y,0.5,19.5,2020-11-11,
ASN-006049-01,HRIS-WKR-006049,POS-ENG-L3-0016,JOB-ENG-L3-04,Engineering L3 Role 04,ENG,L3,Y,0.8,31.2,2024-05-06,
ASN-006050-01,HRIS-WKR-006050,POS-TEC-L2-0192,JOB-TEC-L2-06,Technology L2 Role 06,TEC,L2,Y,1.0,39.0,2023-06-29,
ASN-006051-01,HRIS-WKR-006051,POS-OPS-L1-0039,JOB-OPS-L1-03,Operations L1 Role 03,OPS,L1,Y,1.0,39.0,2021-11-25,
ASN-006052-01,HRIS-WKR-006052,POS-TEC-L1-0181,JOB-TEC-L1-01,Technology L1 Role 01,TEC,L1,Y,1.0,39.0,2025-01-11,
ASN-006053-01,HRIS-WKR-006053,POS-ENG-L5-0025,JOB-ENG-L5-01,Engineering L5 Role 01,ENG,L5,Y,1.0,39.0,2025-02-19,
ASN-006054-01,HRIS-WKR-006054,POS-TEC-L4-0204,JOB-TEC-L4-06,Technology L4 Role 06,TEC,L4,Y,1.0,39.0,2025-03-27,
ASN-006055-01,HRIS-WKR-006055,POS-HR-L2-0118,JOB-HR-L2-04,People L2 Role 04,HR,L2,Y,1.0,39.0,2022-03-13,
ASN-006056-01,HRIS-WKR-006056,POS-FIN-L6-0106,JOB-FIN-L6-04,Finance L6 Role 04,FIN,L6,Y,1.0,39.0,2023-02-16,
ASN-006057-01,HRIS-WKR-006057,POS-FIN-L1-0076,JOB-FIN-L1-04,Finance L1 Role 04,FIN,L1,Y,0.8,31.2,2024-10-17,
ASN-006058-01,HRIS-WKR-006058,POS-OPS-L6-0069,JOB-OPS-L6-03,Operations L6 Role 03,OPS,L6,Y,1.0,39.0,2024-07-18,
ASN-006058-02,HRIS-WKR-006058,POS-SAL-L4-0167,JOB-SAL-L4-05,Sales L4 Role 05,SAL,L4,N,0.2,7.8,2024-03-19,
ASN-006059-01,HRIS-WKR-006059,POS-ENG-L5-0029,JOB-ENG-L5-05,Engineering L5 Role 05,ENG,L5,Y,1.0,39.0,2021-01-23,
ASN-006060-01,HRIS-WKR-006060,POS-FIN-L6-0103,JOB-FIN-L6-01,Finance L6 Role 01,FIN,L6,Y,1.0,39.0,2018-07-30,
ASN-006061-01,HRIS-WKR-006061,POS-TEC-L4-0199,JOB-TEC-L4-01,Technology L4 Role 01,TEC,L4,Y,0.6,23.4,2018-08-12,
ASN-006062-01,HRIS-WKR-006062,POS-TEC-L3-0194,JOB-TEC-L3-02,Technology L3 Role 02,TEC,L3,Y,1.0,39.0,2025-10-09,
ASN-006063-01,HRIS-WKR-006063,POS-ENG-L3-0015,JOB-ENG-L3-03,Engineering L3 Role 03,ENG,L3,Y,0.5,19.5,2018-08-17,
ASN-006064-01,HRIS-WKR-006064,POS-FIN-L1-0074,JOB-FIN-L1-02,Finance L1 Role 02,FIN,L1,Y,0.6,23.4,2024-02-07,
ASN-006065-01,HRIS-WKR-006065,POS-OPS-L5-0064,JOB-OPS-L5-04,Operations L5 Role 04,OPS,L5,Y,,,2022-06-08,
ASN-006066-01,HRIS-WKR-006066,POS-HR-L2-0117,JOB-HR-L2-03,People L2 Role 03,HR,L2,Y,1.0,39.0,2021-12-19,
ASN-006067-01,HRIS-WKR-006067,POS-FIN-L3-0088,JOB-FIN-L3-04,Finance L3 Role 04,FIN,L3,Y,1.0,39.0,2023-01-19,
ASN-006068-01,HRIS-WKR-006068,POS-SAL-L6-0178,JOB-SAL-L6-04,Sales L6 Role 04,SAL,L6,Y,1.0,39.0,2023-12-31,
ASN-006069-01,HRIS-WKR-006069,POS-TEC-L5-0206,JOB-TEC-L5-02,Technology L5 Role 02,TEC,L5,Y,1.0,39.0,2025-03-14,
ASN-006070-01,HRIS-WKR-006070,POS-TEC-L6-0216,JOB-TEC-L6-06,Technology L6 Role 06,TEC,L6,Y,1.0,39.0,2020-12-02,
ASN-006071-01,HRIS-WKR-006071,POS-TEC-L1-0186,JOB-TEC-L1-06,Technology L1 Role 06,TEC,L1,Y,1.0,39.0,2024-07-01,
ASN-006072-01,HRIS-WKR-006072,POS-HR-L5-0137,JOB-HR-L5-05,People L5 Role 05,HR,L5,Y,1.0,39.0,2023-04-14,
ASN-006073-01,HRIS-WKR-006073,POS-TEC-L1-0181,JOB-TEC-L1-01,Technology L1 Role 01,TEC,L1,Y,1.0,39.0,2022-01-12,
ASN-006074-01,HRIS-WKR-006074,POS-FIN-L6-0103,JOB-FIN-L6-01,Finance L6 Role 01,FIN,L6,Y,0.8,31.2,2025-04-13,
ASN-006075-01,HRIS-WKR-006075,POS-HR-L6-0139,JOB-HR-L6-01,People L6 Role 01,HR,L6,Y,1.0,39.0,2020-02-10,
ASN-006076-01,HRIS-WKR-006076,POS-HR-L5-0133,JOB-HR-L5-01,People L5 Role 01,HR,L5,Y,1.0,39.0,2019-10-30,
ASN-006077-01,HRIS-WKR-006077,POS-FIN-L6-0105,JOB-FIN-L6-03,Finance L6 Role 03,FIN,L6,Y,1.0,39.0,2020-04-12,
ASN-006078-01,HRIS-WKR-006078,POS-FIN-L1-0078,JOB-FIN-L1-06,Finance L1 Role 06,FIN,L1,Y,1.0,39.0,2026-01-27,
ASN-006079-01,HRIS-WKR-006079,POS-TEC-L1-0182,JOB-TEC-L1-02,Technology L1 Role 02,TEC,L1,Y,0.5,19.5,2025-12-12,
ASN-006080-01,HRIS-WKR-006080,POS-OPS-L3-0054,JOB-OPS-L3-06,Operations L3 Role 06,OPS,L3,Y,1.0,39.0,2018-11-24,
ASN-006081-01,HRIS-WKR-006081,POS-SAL-L5-0171,JOB-SAL-L5-03,Sales L5 Role 03,SAL,L5,Y,1.0,39.0,2019-08-09,
ASN-006082-01,HRIS-WKR-006082,POS-FIN-L3-0089,JOB-FIN-L3-05,Finance L3 Role 05,FIN,L3,Y,1.0,39.0,2024-09-28,
ASN-006083-01,HRIS-WKR-006083,POS-HR-L6-0141,JOB-HR-L6-03,People L6 Role 03,HR,L6,Y,1.0,39.0,2025-04-20,
ASN-006084-01,HRIS-WKR-006084,POS-FIN-L2-0082,JOB-FIN-L2-04,Finance L2 Role 04,FIN,L2,Y,1.0,39.0,2022-01-12,
ASN-006085-01,HRIS-WKR-006085,POS-TEC-L4-0203,JOB-TEC-L4-05,Technology L4 Role 05,TEC,L4,Y,1.0,39.0,2020-07-02,
ASN-006085-02,HRIS-WKR-006085,POS-ENG-L4-0022,JOB-ENG-L4-04,Engineering L4 Role 04,ENG,L4,N,0.3,11.7,2024-12-06,
ASN-006086-01,HRIS-WKR-006086,POS-FIN-L3-0090,JOB-FIN-L3-06,Finance L3 Role 06,FIN,L3,Y,1.0,39.0,2021-01-19,
ASN-006087-01,HRIS-WKR-006087,POS-HR-L1-0112,JOB-HR-L1-04,People L1 Role 04,HR,L1,Y,0.6,23.4,2025-02-03,
ASN-006088-01,HRIS-WKR-006088,POS-ENG-L3-0017,JOB-ENG-L3-05,Engineering L3 Role 05,ENG,L3,Y,1.0,39.0,2022-10-01,
ASN-006088-02,HRIS-WKR-006088,POS-OPS-L5-0064,JOB-OPS-L5-04,Operations L5 Role 04,OPS,L5,N,0.2,7.8,2022-08-12,
ASN-006089-01,HRIS-WKR-006089,POS-OPS-L4-0055,JOB-OPS-L4-01,Operations L4 Role 01,OPS,L4,Y,1.0,39.0,2021-09-05,
ASN-006090-01,HRIS-WKR-006090,POS-TEC-L3-0198,JOB-TEC-L3-06,Technology L3 Role 06,TEC,L3,Y,1.0,39.0,2026-01-07,
ASN-006091-01,HRIS-WKR-006091,POS-SAL-L3-0160,JOB-SAL-L3-04,Sales L3 Role 04,SAL,L3,Y,1.0,39.0,2022-11-09,
ASN-006092-01,HRIS-WKR-006092,POS-OPS-L3-0053,JOB-OPS-L3-05,Operations L3 Role 05,OPS,L3,Y,1.0,39.0,2022-09-13,
ASN-006093-01,HRIS-WKR-006093,POS-OPS-L2-0047,JOB-OPS-L2-05,Operations L2 Role 05,OPS,L2,Y,1.0,39.0,2019-02-01,
ASN-006094-01,HRIS-WKR-006094,POS-ENG-L5-0026,JOB-ENG-L5-02,Engineering L5 Role 02,ENG,L5,Y,0.8,31.2,2019-08-06,
ASN-006095-01,HRIS-WKR-006095,POS-FIN-L1-0073,JOB-FIN-L1-01,Finance L1 Role 01,FIN,L1,Y,1.0,39.0,2025-10-13,
ASN-006096-01,HRIS-WKR-006096,POS-OPS-L1-0037,JOB-OPS-L1-01,Operations L1 Role 01,OPS,L1,Y,1.0,39.0,2023-05-25,
ASN-006097-01,HRIS-WKR-006097,POS-ENG-L4-0021,JOB-ENG-L4-03,Engineering L4 Role 03,ENG,L4,Y,1.0,39.0,2018-08-25,
ASN-006098-01,HRIS-WKR-006098,POS-ENG-L4-0019,JOB-ENG-L4-01,Engineering L4 Role 01,ENG,L2,Y,0.8,31.2,2023-06-10,
ASN-006099-01,HRIS-WKR-006099,POS-FIN-L6-0105,JOB-FIN-L6-03,Finance L6 Role 03,FIN,L6,Y,1.0,39.0,2018-10-28,
ASN-006100-01,HRIS-WKR-006100,POS-SAL-L2-0153,JOB-SAL-L2-03,Sales L2 Role 03,SAL,L2,Y,1.0,39.0,2021-02-21,
ASN-006101-01,HRIS-WKR-006101,POS-TEC-L6-0212,JOB-TEC-L6-02,Technology L6 Role 02,TEC,L6,Y,1.0,39.0,2018-04-14,
ASN-006102-01,HRIS-WKR-006102,POS-ENG-L4-0023,JOB-ENG-L4-05,Engineering L4 Role 05,ENG,L4,Y,1.0,39.0,2018-03-22,
ASN-006103-01,HRIS-WKR-006103,POS-ENG-L4-0020,JOB-ENG-L4-02,Engineering L4 Role 02,ENG,L2,Y,1.0,39.0,2024-03-07,
ASN-006104-01,HRIS-WKR-006104,POS-SAL-L4-0165,JOB-SAL-L4-03,Sales L4 Role 03,SAL,L4,Y,1.0,39.0,2025-11-04,
ASN-006105-01,HRIS-WKR-006105,POS-SAL-L5-0169,JOB-SAL-L5-01,Sales L5 Role 01,SAL,L5,Y,1.0,39.0,2022-12-23,
ASN-006106-01,HRIS-WKR-006106,POS-HR-L6-0144,JOB-HR-L6-06,People L6 Role 06,HR,L6,Y,1.0,39.0,2023-05-11,
ASN-006107-01,HRIS-WKR-006107,POS-HR-L3-0123,JOB-HR-L3-03,People L3 Role 03,HR,L3,Y,0.6,23.4,2021-10-10,
ASN-006108-01,HRIS-WKR-006108,POS-FIN-L5-0097,JOB-FIN-L5-01,Finance L5 Role 01,FIN,L5,Y,0.8,31.2,2018-11-23,
ASN-006109-01,HRIS-WKR-006109,POS-OPS-L3-0049,JOB-OPS-L3-01,Operations L3 Role 01,OPS,L3,Y,1.0,39.0,2026-01-28,
ASN-006110-01,HRIS-WKR-006110,POS-ENG-L5-0029,JOB-ENG-L5-05,Engineering L5 Role 05,ENG,L5,Y,1.0,39.0,2023-02-11,
ASN-006111-01,HRIS-WKR-006111,POS-FIN-L6-0103,JOB-FIN-L6-01,Finance L6 Role 01,FIN,L6,Y,1.0,39.0,2021-07-24,
ASN-006112-01,HRIS-WKR-006112,POS-FIN-L2-0080,JOB-FIN-L2-02,Finance L2 Role 02,FIN,L2,Y,1.0,39.0,2024-08-09,
ASN-006113-01,HRIS-WKR-006113,POS-SAL-L2-0152,JOB-SAL-L2-02,Sales L2 Role 02,SAL,L4,Y,1.0,39.0,2023-11-13,
ASN-006114-01,HRIS-WKR-006114,POS-HR-L4-0128,JOB-HR-L4-02,People L4 Role 02,HR,L4,Y,1.0,39.0,2022-05-20,
ASN-006115-01,HRIS-WKR-006115,POS-SAL-L6-0178,JOB-SAL-L6-04,Sales L6 Role 04,SAL,L6,Y,1.0,39.0,2019-07-28,
ASN-006116-01,HRIS-WKR-006116,POS-FIN-L1-0073,JOB-FIN-L1-01,Finance L1 Role 01,FIN,L1,Y,1.0,39.0,2021-04-16,
ASN-006117-01,HRIS-WKR-006117,POS-OPS-L2-0046,JOB-OPS-L2-04,Operations L2 Role 04,OPS,L2,Y,1.0,39.0,2020-11-02,
ASN-006118-01,HRIS-WKR-006118,POS-TEC-L2-0191,JOB-TEC-L2-05,Technology L2 Role 05,TEC,L2,Y,1.0,39.0,2019-05-30,
ASN-006118-02,HRIS-WKR-006118,POS-FIN-L1-0073,JOB-FIN-L1-01,Finance L1 Role 01,FIN,L1,N,0.4,15.6,2023-12-16,
ASN-006119-01,HRIS-WKR-006119,POS-OPS-L5-0063,JOB-OPS-L5-03,Operations L5 Role 03,OPS,L5,Y,1.0,39.0,2025-03-17,
ASN-006120-01,HRIS-WKR-006120,POS-SAL-L3-0159,JOB-SAL-L3-03,Sales L3 Role 03,SAL,L3,Y,1.0,39.0,2025-08-09,
ASN-006121-01,HRIS-WKR-006121,POS-SAL-L5-0172,JOB-SAL-L5-04,Sales L5 Role 04,SAL,L5,Y,0.6,23.4,2024-03-27,
ASN-006122-01,HRIS-WKR-006122,POS-SAL-L3-0161,JOB-SAL-L3-05,Sales L3 Role 05,SAL,L3,Y,1.0,39.0,2020-09-01,
ASN-006123-01,HRIS-WKR-006123,POS-OPS-L4-0058,JOB-OPS-L4-04,Operations L4 Role 04,OPS,L4,Y,1.0,39.0,2024-11-15,
ASN-006124-01,HRIS-WKR-006124,POS-FIN-L5-0098,JOB-FIN-L5-02,Finance L5 Role 02,FIN,L5,Y,1.0,39.0,2025-05-28,
ASN-006125-01,HRIS-WKR-006125,POS-ENG-L2-0008,JOB-ENG-L2-02,Engineering L2 Role 02,ENG,L2,Y,1.0,39.0,2022-09-29,
ASN-006125-02,HRIS-WKR-006125,POS-SAL-L6-0178,JOB-SAL-L6-04,Sales L6 Role 04,SAL,L6,N,0.2,7.8,2023-08-23,
ASN-006126-01,HRIS-WKR-006126,POS-TEC-L5-0207,JOB-TEC-L5-03,Technology L5 Role 03,TEC,L5,Y,1.0,39.0,2022-09-01,
ASN-006127-01,HRIS-WKR-006127,POS-SAL-L1-0145,JOB-SAL-L1-01,Sales L1 Role 01,SAL,L1,Y,1.0,39.0,2019-01-22,
ASN-006127-02,HRIS-WKR-006127,POS-ENG-L4-0021,JOB-ENG-L4-03,Engineering L4 Role 03,ENG,L4,N,0.3,11.7,2018-11-20,
ASN-006128-01,HRIS-WKR-006128,POS-TEC-L2-0187,JOB-TEC-L2-01,Technology L2 Role 01,TEC,L2,Y,1.0,39.0,2024-11-05,
ASN-006129-01,HRIS-WKR-006129,POS-TEC-L6-0211,JOB-TEC-L6-01,Technology L6 Role 01,TEC,L6,Y,1.0,39.0,2021-04-04,
ASN-006130-01,HRIS-WKR-006130,POS-OPS-L6-0072,JOB-OPS-L6-06,Operations L6 Role 06,OPS,L6,Y,1.0,39.0,2020-12-16,
ASN-006131-01,HRIS-WKR-006131,POS-SAL-L3-0159,JOB-SAL-L3-03,Sales L3 Role 03,SAL,L3,Y,1.0,39.0,2022-01-29,
ASN-006132-01,HRIS-WKR-006132,POS-ENG-L1-0002,JOB-ENG-L1-02,Engineering L1 Role 02,ENG,L1,Y,1.0,39.0,2023-07-12,
ASN-006133-01,HRIS-WKR-006133,POS-ENG-L1-0003,JOB-ENG-L1-03,Engineering L1 Role 03,ENG,L1,Y,0.6,23.4,2021-02-22,
ASN-006134-01,HRIS-WKR-006134,POS-FIN-L4-0095,JOB-FIN-L4-05,Finance L4 Role 05,FIN,L4,Y,1.0,39.0,2019-07-01,
ASN-006135-01,HRIS-WKR-006135,POS-TEC-L5-0206,JOB-TEC-L5-02,Technology L5 Role 02,TEC,L5,Y,1.0,39.0,2022-12-11,
ASN-006136-01,HRIS-WKR-006136,POS-OPS-L3-0052,JOB-OPS-L3-04,Operations L3 Role 04,OPS,L3,Y,1.0,39.0,2020-04-10,
ASN-006137-01,HRIS-WKR-006137,POS-FIN-L5-0097,JOB-FIN-L5-01,Finance L5 Role 01,FIN,L5,Y,0.5,19.5,2021-06-09,
ASN-006138-01,HRIS-WKR-006138,POS-FIN-L2-0083,JOB-FIN-L2-05,Finance L2 Role 05,FIN,L2,Y,1.0,39.0,2018-02-17,
ASN-006139-01,HRIS-WKR-006139,POS-SAL-L1-0145,JOB-SAL-L1-01,Sales L1 Role 01,SAL,L1,Y,1.0,39.0,2021-05-22,
ASN-006140-01,HRIS-WKR-006140,POS-SAL-L6-0177,JOB-SAL-L6-03,Sales L6 Role 03,SAL,L6,Y,1.0,39.0,2019-05-29,
ASN-006141-01,HRIS-WKR-006141,POS-FIN-L3-0089,JOB-FIN-L3-05,Finance L3 Role 05,FIN,L3,Y,0.6,23.4,2025-04-24,
ASN-006142-01,HRIS-WKR-006142,POS-TEC-L6-0213,JOB-TEC-L6-03,Technology L6 Role 03,TEC,L6,Y,1.0,39.0,2025-12-19,
ASN-006143-01,HRIS-WKR-006143,POS-ENG-L3-0017,JOB-ENG-L3-05,Engineering L3 Role 05,ENG,L3,Y,1.0,39.0,2019-06-05,
ASN-006144-01,HRIS-WKR-006144,POS-HR-L4-0127,JOB-HR-L4-01,People L4 Role 01,HR,L4,Y,0.6,23.4,2018-12-21,
ASN-006145-01,HRIS-WKR-006145,POS-TEC-L1-0186,JOB-TEC-L1-06,Technology L1 Role 06,TEC,L1,Y,0.4,15.6,2023-09-06,
ASN-006146-01,HRIS-WKR-006146,POS-TEC-L1-0181,JOB-TEC-L1-01,Technology L1 Role 01,TEC,L1,Y,1.0,39.0,2018-08-11,
ASN-006147-01,HRIS-WKR-006147,POS-ENG-L4-0023,JOB-ENG-L4-05,Engineering L4 Role 05,ENG,L4,Y,1.0,39.0,2022-08-20,
ASN-006148-01,HRIS-WKR-006148,POS-TEC-L6-0213,JOB-TEC-L6-03,Technology L6 Role 03,TEC,L6,Y,1.0,39.0,2020-04-19,
ASN-006149-01,HRIS-WKR-006149,POS-SAL-L2-0155,JOB-SAL-L2-05,Sales L2 Role 05,SAL,L4,Y,1.0,39.0,2018-06-30,
ASN-006150-01,HRIS-WKR-006150,POS-FIN-L1-0076,JOB-FIN-L1-04,Finance L1 Role 04,FIN,L1,Y,1.0,39.0,2018-01-28,
ASN-006151-01,HRIS-WKR-006151,POS-TEC-L5-0206,JOB-TEC-L5-02,Technology L5 Role 02,TEC,L5,Y,1.0,39.0,2022-06-05,
ASN-006152-01,HRIS-WKR-006152,POS-ENG-L4-0022,JOB-ENG-L4-04,Engineering L4 Role 04,ENG,L4,Y,1.0,39.0,2023-10-14,
ASN-006153-01,HRIS-WKR-006153,POS-ENG-L2-0007,JOB-ENG-L2-01,Engineering L2 Role 01,ENG,L4,Y,1.0,39.0,2021-02-21,
ASN-006154-01,HRIS-WKR-006154,POS-HR-L3-0121,JOB-HR-L3-01,People L3 Role 01,HR,L3,Y,1.0,39.0,2025-09-28,
ASN-006155-01,HRIS-WKR-006155,POS-TEC-L2-0191,JOB-TEC-L2-05,Technology L2 Role 05,TEC,L2,Y,1.0,39.0,2020-08-29,
ASN-006156-01,HRIS-WKR-006156,POS-HR-L3-0125,JOB-HR-L3-05,People L3 Role 05,HR,L3,Y,1.0,39.0,2025-09-19,
ASN-006157-01,HRIS-WKR-006157,POS-ENG-L2-0012,JOB-ENG-L2-06,Engineering L2 Role 06,ENG,L2,Y,1.0,39.0,2026-01-03,
ASN-006158-01,HRIS-WKR-006158,POS-OPS-L5-0062,JOB-OPS-L5-02,Operations L5 Role 02,OPS,L5,Y,1.0,39.0,2020-09-21,
ASN-006158-02,HRIS-WKR-006158,POS-OPS-L2-0045,JOB-OPS-L2-03,Operations L2 Role 03,OPS,L2,N,0.2,7.8,2020-05-12,
ASN-006159-01,HRIS-WKR-006159,POS-FIN-L6-0107,JOB-FIN-L6-05,Finance L6 Role 05,FIN,L6,Y,1.0,39.0,2023-04-01,
ASN-006160-01,HRIS-WKR-006160,POS-HR-L1-0113,JOB-HR-L1-05,People L1 Role 05,HR,L1,Y,1.0,39.0,2025-03-06,
ASN-006161-01,HRIS-WKR-006161,POS-OPS-L5-0065,JOB-OPS-L5-05,Operations L5 Role 05,OPS,L5,Y,1.0,39.0,2018-03-08,
ASN-006162-01,HRIS-WKR-006162,POS-ENG-L5-0028,JOB-ENG-L5-04,Engineering L5 Role 04,ENG,L5,Y,1.0,39.0,2021-10-07,
ASN-006163-01,HRIS-WKR-006163,POS-FIN-L4-0093,JOB-FIN-L4-03,Finance L4 Role 03,FIN,L4,Y,1.0,39.0,2023-02-21,
ASN-006164-01,HRIS-WKR-006164,POS-ENG-L2-0008,JOB-ENG-L2-02,Engineering L2 Role 02,ENG,L2,Y,0.5,19.5,2023-08-09,
ASN-006165-01,HRIS-WKR-006165,POS-OPS-L2-0046,JOB-OPS-L2-04,Operations L2 Role 04,OPS,L2,Y,1.0,39.0,2019-11-15,
ASN-006166-01,HRIS-WKR-006166,POS-TEC-L6-0213,JOB-TEC-L6-03,Technology L6 Role 03,TEC,L6,Y,1.0,39.0,2019-01-16,
ASN-006167-01,HRIS-WKR-006167,POS-TEC-L2-0190,JOB-TEC-L2-04,Technology L2 Role 04,TEC,L2,Y,1.0,39.0,2019-09-11,
ASN-006168-01,HRIS-WKR-006168,POS-ENG-L6-0031,JOB-ENG-L6-01,Engineering L6 Role 01,ENG,L6,Y,1.0,39.0,2024-10-26,
ASN-006169-01,HRIS-WKR-006169,POS-ENG-L2-0010,JOB-ENG-L2-04,Engineering L2 Role 04,ENG,L2,Y,0.8,31.2,2024-11-18,
ASN-006170-01,HRIS-WKR-006170,POS-OPS-L6-0072,JOB-OPS-L6-06,Operations L6 Role 06,OPS,L6,Y,1.0,39.0,2025-07-15,
ASN-006171-01,HRIS-WKR-006171,POS-OPS-L2-0044,JOB-OPS-L2-02,Operations L2 Role 02,OPS,L2,Y,1.0,39.0,2025-05-17,
ASN-006171-02,HRIS-WKR-006171,POS-SAL-L2-0153,JOB-SAL-L2-03,Sales L2 Role 03,SAL,L2,N,0.2,7.8,2022-04-02,
ASN-006172-01,HRIS-WKR-006172,POS-ENG-L3-0015,JOB-ENG-L3-03,Engineering L3 Role 03,ENG,L3,Y,0.8,31.2,2024-08-18,
ASN-006173-01,HRIS-WKR-006173,POS-TEC-L6-0212,JOB-TEC-L6-02,Technology L6 Role 02,TEC,L6,Y,1.0,39.0,2023-10-21,
ASN-006174-01,HRIS-WKR-006174,POS-OPS-L4-0058,JOB-OPS-L4-04,Operations L4 Role 04,OPS,L4,Y,1.0,39.0,2021-06-17,
ASN-006175-01,HRIS-WKR-006175,POS-ENG-L5-0029,JOB-ENG-L5-05,Engineering L5 Role 05,ENG,L5,Y,1.0,39.0,2024-08-12,
ASN-006176-01,HRIS-WKR-006176,POS-OPS-L3-0053,JOB-OPS-L3-05,Operations L3 Role 05,OPS,L3,Y,0.8,31.2,2024-06-23,
ASN-006177-01,HRIS-WKR-006177,POS-SAL-L1-0146,JOB-SAL-L1-02,Sales L1 Role 02,SAL,L1,Y,1.0,39.0,2023-11-06,
ASN-006178-01,HRIS-WKR-006178,POS-SAL-L6-0180,JOB-SAL-L6-06,Sales L6 Role 06,SAL,L6,Y,0.8,31.2,2019-09-21,
ASN-006179-01,HRIS-WKR-006179,POS-ENG-L3-0014,JOB-ENG-L3-02,Engineering L3 Role 02,ENG,L3,Y,1.0,39.0,2020-03-04,
ASN-006179-02,HRIS-WKR-006179,POS-HR-L1-0112,JOB-HR-L1-04,People L1 Role 04,HR,L1,N,0.3,11.7,2018-09-04,
ASN-006180-01,HRIS-WKR-006180,POS-FIN-L1-0076,JOB-FIN-L1-04,Finance L1 Role 04,FIN,L1,Y,0.8,31.2,2021-05-30,
ASN-006181-01,HRIS-WKR-006181,POS-HR-L4-0129,JOB-HR-L4-03,People L4 Role 03,HR,L4,Y,1.0,39.0,2022-12-05,
ASN-006182-01,HRIS-WKR-006182,POS-TEC-L3-0193,JOB-TEC-L3-01,Technology L3 Role 01,TEC,L3,Y,1.0,39.0,2025-11-15,
ASN-006183-01,HRIS-WKR-006183,POS-ENG-L1-0004,JOB-ENG-L1-04,Engineering L1 Role 04,ENG,L1,Y,1.0,39.0,2018-06-07,
ASN-006184-01,HRIS-WKR-006184,POS-OPS-L5-0063,JOB-OPS-L5-03,Operations L5 Role 03,OPS,L5,Y,1.0,39.0,2025-11-19,
ASN-006185-01,HRIS-WKR-006185,POS-HR-L2-0118,JOB-HR-L2-04,People L2 Role 04,HR,L2,Y,0.8,31.2,2025-04-23,
ASN-006186-01,HRIS-WKR-006186,POS-HR-L2-0115,JOB-HR-L2-01,People L2 Role 01,HR,L2,Y,1.0,39.0,2018-07-07,
ASN-006187-01,HRIS-WKR-006187,POS-TEC-L2-0189,JOB-TEC-L2-03,Technology L2 Role 03,TEC,L2,Y,0.6,23.4,2022-05-24,
ASN-006188-01,HRIS-WKR-006188,POS-ENG-L1-0006,JOB-ENG-L1-06,Engineering L1 Role 06,ENG,L1,Y,1.0,39.0,2025-04-17,
ASN-006189-01,HRIS-WKR-006189,POS-OPS-L5-0064,JOB-OPS-L5-04,Operations L5 Role 04,OPS,L5,Y,0.8,31.2,2025-07-03,
ASN-006190-01,HRIS-WKR-006190,POS-ENG-L1-0006,JOB-ENG-L1-06,Engineering L1 Role 06,ENG,L1,Y,1.0,39.0,2024-10-29,
ASN-006191-01,HRIS-WKR-006191,POS-FIN-L5-0100,JOB-FIN-L5-04,Finance L5 Role 04,FIN,L5,Y,1.0,39.0,2025-03-19,
ASN-006192-01,HRIS-WKR-006192,POS-FIN-L1-0075,JOB-FIN-L1-03,Finance L1 Role 03,FIN,L1,Y,,,2025-09-22,
ASN-006193-01,HRIS-WKR-006193,POS-SAL-L2-0155,JOB-SAL-L2-05,Sales L2 Role 05,SAL,L2,Y,1.0,39.0,2023-01-06,
ASN-006194-01,HRIS-WKR-006194,POS-OPS-L5-0063,JOB-OPS-L5-03,Operations L5 Role 03,OPS,L5,Y,1.0,39.0,2018-05-22,
ASN-006195-01,HRIS-WKR-006195,POS-HR-L1-0113,JOB-HR-L1-05,People L1 Role 05,HR,L1,Y,1.0,39.0,2018-09-13,
ASN-006196-01,HRIS-WKR-006196,POS-TEC-L1-0183,JOB-TEC-L1-03,Technology L1 Role 03,TEC,L1,Y,1.0,39.0,2022-05-08,
ASN-006197-01,HRIS-WKR-006197,POS-OPS-L2-0044,JOB-OPS-L2-02,Operations L2 Role 02,OPS,L2,Y,1.0,39.0,2025-12-30,
ASN-006197-02,HRIS-WKR-006197,POS-FIN-L1-0078,JOB-FIN-L1-06,Finance L1 Role 06,FIN,L1,N,0.3,11.7,2023-04-16,
ASN-006198-01,HRIS-WKR-006198,POS-SAL-L2-0154,JOB-SAL-L2-04,Sales L2 Role 04,SAL,L2,Y,1.0,39.0,2018-12-23,
ASN-006199-01,HRIS-WKR-006199,POS-TEC-L3-0194,JOB-TEC-L3-02,Technology L3 Role 02,TEC,L3,Y,0.8,31.2,2024-06-11,
ASN-006200-01,HRIS-WKR-006200,POS-FIN-L4-0095,JOB-FIN-L4-05,Finance L4 Role 05,FIN,L4,Y,0.5,19.5,2025-10-20,
ASN-006201-01,HRIS-WKR-006201,POS-OPS-L5-0061,JOB-OPS-L5-01,Operations L5 Role 01,OPS,L5,Y,1.0,39.0,2024-11-14,
ASN-006202-01,HRIS-WKR-006202,POS-OPS-L6-0067,JOB-OPS-L6-01,Operations L6 Role 01,OPS,L6,Y,0.8,31.2,2025-03-20,
ASN-006203-01,HRIS-WKR-006203,POS-OPS-L2-0046,JOB-OPS-L2-04,Operations L2 Role 04,OPS,L2,Y,1.0,39.0,2019-01-31,
ASN-006203-02,HRIS-WKR-006203,POS-OPS-L3-0050,JOB-OPS-L3-02,Operations L3 Role 02,OPS,L3,N,0.3,11.7,2025-03-07,
ASN-006204-01,HRIS-WKR-006204,POS-FIN-L2-0081,JOB-FIN-L2-03,Finance L2 Role 03,FIN,L2,Y,0.5,19.5,2018-01-25,
ASN-006205-01,HRIS-WKR-006205,POS-SAL-L5-0173,JOB-SAL-L5-05,Sales L5 Role 05,SAL,L5,Y,0.8,31.2,2021-02-05,
ASN-006206-01,HRIS-WKR-006206,POS-SAL-L1-0149,JOB-SAL-L1-05,Sales L1 Role 05,SAL,L1,Y,1.0,39.0,2024-08-14,
ASN-006207-01,HRIS-WKR-006207,POS-SAL-L6-0180,JOB-SAL-L6-06,Sales L6 Role 06,SAL,L6,Y,1.0,39.0,2018-04-02,
ASN-006208-01,HRIS-WKR-006208,POS-TEC-L4-0200,JOB-TEC-L4-02,Technology L4 Role 02,TEC,L4,Y,1.0,39.0,2023-09-24,
ASN-006209-01,HRIS-WKR-006209,POS-SAL-L2-0154,JOB-SAL-L2-04,Sales L2 Role 04,SAL,L2,Y,1.0,39.0,2022-05-03,
ASN-006210-01,HRIS-WKR-006210,POS-HR-L5-0133,JOB-HR-L5-01,People L5 Role 01,HR,L5,Y,1.0,39.0,2018-09-22,
ASN-006211-01,HRIS-WKR-006211,POS-OPS-L3-0054,JOB-OPS-L3-06,Operations L3 Role 06,OPS,L3,Y,1.0,39.0,2019-11-28,
ASN-006212-01,HRIS-WKR-006212,POS-ENG-L3-0013,JOB-ENG-L3-01,Engineering L3 Role 01,ENG,L3,Y,1.0,39.0,2024-03-14,
ASN-006213-01,HRIS-WKR-006213,POS-FIN-L6-0106,JOB-FIN-L6-04,Finance L6 Role 04,FIN,L6,Y,1.0,39.0,2021-02-28,
ASN-006214-01,HRIS-WKR-006214,POS-HR-L6-0144,JOB-HR-L6-06,People L6 Role 06,HR,L6,Y,0.8,31.2,2020-02-11,
ASN-006215-01,HRIS-WKR-006215,POS-SAL-L4-0163,JOB-SAL-L4-01,Sales L4 Role 01,SAL,L4,Y,1.0,39.0,2022-01-02,
ASN-006215-02,HRIS-WKR-006215,POS-SAL-L2-0156,JOB-SAL-L2-06,Sales L2 Role 06,SAL,L2,N,0.3,11.7,2020-02-01,
ASN-006216-01,HRIS-WKR-006216,POS-SAL-L2-0156,JOB-SAL-L2-06,Sales L2 Role 06,SAL,L2,Y,1.0,39.0,2023-10-27,
ASN-006217-01,HRIS-WKR-006217,POS-FIN-L4-0091,JOB-FIN-L4-01,Finance L4 Role 01,FIN,L4,Y,0.8,31.2,2019-01-02,
ASN-006218-01,HRIS-WKR-006218,POS-FIN-L3-0085,JOB-FIN-L3-01,Finance L3 Role 01,FIN,L3,Y,1.0,39.0,2020-05-18,
ASN-006219-01,HRIS-WKR-006219,POS-FIN-L3-0090,JOB-FIN-L3-06,Finance L3 Role 06,FIN,L3,Y,,,2021-09-09,
ASN-006220-01,HRIS-WKR-006220,POS-SAL-L2-0151,JOB-SAL-L2-01,Sales L2 Role 01,SAL,L2,Y,1.0,39.0,2020-07-25,
ASN-006220-02,HRIS-WKR-006220,POS-ENG-L2-0008,JOB-ENG-L2-02,Engineering L2 Role 02,ENG,L2,N,0.4,15.6,2018-03-13,
ASN-006221-01,HRIS-WKR-006221,POS-FIN-L4-0096,JOB-FIN-L4-06,Finance L4 Role 06,FIN,L4,Y,1.0,39.0,2025-06-03,
ASN-006222-01,HRIS-WKR-006222,POS-TEC-L5-0208,JOB-TEC-L5-04,Technology L5 Role 04,TEC,L5,Y,1.0,39.0,2018-04-11,
ASN-006223-01,HRIS-WKR-006223,POS-ENG-L1-0001,JOB-ENG-L1-01,Engineering L1 Role 01,ENG,L1,Y,0.8,31.2,2025-10-28,
ASN-006224-01,HRIS-WKR-006224,POS-SAL-L6-0180,JOB-SAL-L6-06,Sales L6 Role 06,SAL,L6,Y,0.5,19.5,2019-07-04,
ASN-006225-01,HRIS-WKR-006225,POS-SAL-L5-0174,JOB-SAL-L5-06,Sales L5 Role 06,SAL,L5,Y,1.0,39.0,2023-11-25,
ASN-006226-01,HRIS-WKR-006226,POS-OPS-L3-0053,JOB-OPS-L3-05,Operations L3 Role 05,OPS,L3,Y,1.0,39.0,2024-10-06,
ASN-006226-02,HRIS-WKR-006226,POS-TEC-L2-0187,JOB-TEC-L2-01,Technology L2 Role 01,TEC,L2,N,0.4,15.6,2025-03-11,
ASN-006227-01,HRIS-WKR-006227,POS-TEC-L2-0191,JOB-TEC-L2-05,Technology L2 Role 05,TEC,L2,Y,1.0,39.0,2018-05-11,
ASN-006228-01,HRIS-WKR-006228,POS-TEC-L4-0202,JOB-TEC-L4-04,Technology L4 Role 04,TEC,L4,Y,1.0,39.0,2021-06-27,
ASN-006229-01,HRIS-WKR-006229,POS-HR-L5-0137,JOB-HR-L5-05,People L5 Role 05,HR,L5,Y,1.0,39.0,2025-06-04,
ASN-006230-01,HRIS-WKR-006230,POS-FIN-L1-0073,JOB-FIN-L1-01,Finance L1 Role 01,FIN,L1,Y,0.4,15.6,2018-10-27,
ASN-006231-01,HRIS-WKR-006231,POS-FIN-L5-0098,JOB-FIN-L5-02,Finance L5 Role 02,FIN,L5,Y,0.8,31.2,2020-04-22,
ASN-006232-01,HRIS-WKR-006232,POS-FIN-L2-0080,JOB-FIN-L2-02,Finance L2 Role 02,FIN,L2,Y,1.0,39.0,2022-07-30,
ASN-006233-01,HRIS-WKR-006233,POS-TEC-L5-0206,JOB-TEC-L5-02,Technology L5 Role 02,TEC,L5,Y,1.0,39.0,2024-11-30,
ASN-006234-01,HRIS-WKR-006234,POS-SAL-L4-0163,JOB-SAL-L4-01,Sales L4 Role 01,SAL,L4,Y,0.5,19.5,2019-02-25,
ASN-006235-01,HRIS-WKR-006235,POS-SAL-L3-0158,JOB-SAL-L3-02,Sales L3 Role 02,SAL,L3,Y,1.0,39.0,2022-08-28,
ASN-006236-01,HRIS-WKR-006236,POS-HR-L2-0119,JOB-HR-L2-05,People L2 Role 05,HR,L2,Y,1.0,39.0,2022-10-28,
ASN-006237-01,HRIS-WKR-006237,POS-HR-L3-0123,JOB-HR-L3-03,People L3 Role 03,HR,L3,Y,1.0,39.0,2025-10-07,
ASN-006238-01,HRIS-WKR-006238,POS-ENG-L3-0017,JOB-ENG-L3-05,Engineering L3 Role 05,ENG,L3,Y,1.0,39.0,2022-05-30,
ASN-006239-01,HRIS-WKR-006239,POS-OPS-L5-0063,JOB-OPS-L5-03,Operations L5 Role 03,OPS,L5,Y,1.0,39.0,2020-08-14,
ASN-006240-01,HRIS-WKR-006240,POS-FIN-L4-0092,JOB-FIN-L4-02,Finance L4 Role 02,FIN,L4,Y,1.0,39.0,2020-06-15,
ASN-006241-01,HRIS-WKR-006241,POS-ENG-L6-0036,JOB-ENG-L6-06,Engineering L6 Role 06,ENG,L6,Y,0.8,31.2,2025-01-15,
ASN-006242-01,HRIS-WKR-006242,POS-SAL-L6-0180,JOB-SAL-L6-06,Sales L6 Role 06,SAL,L6,Y,1.0,39.0,2019-11-23,
ASN-006243-01,HRIS-WKR-006243,POS-HR-L6-0143,JOB-HR-L6-05,People L6 Role 05,HR,L6,Y,1.0,39.0,2022-09-06,
ASN-006244-01,HRIS-WKR-006244,POS-ENG-L1-0002,JOB-ENG-L1-02,Engineering L1 Role 02,ENG,L1,Y,0.6,23.4,2022-02-24,
ASN-006245-01,HRIS-WKR-006245,POS-SAL-L5-0173,JOB-SAL-L5-05,Sales L5 Role 05,SAL,L6,Y,1.0,39.0,2019-02-11,
ASN-006246-01,HRIS-WKR-006246,POS-FIN-L5-0099,JOB-FIN-L5-03,Finance L5 Role 03,FIN,L5,Y,1.0,39.0,2025-01-16,
ASN-006247-01,HRIS-WKR-006247,POS-FIN-L4-0092,JOB-FIN-L4-02,Finance L4 Role 02,FIN,L4,Y,1.0,39.0,2019-06-01,
ASN-006248-01,HRIS-WKR-006248,POS-HR-L6-0141,JOB-HR-L6-03,People L6 Role 03,HR,L6,Y,1.0,39.0,2019-12-03,
ASN-006249-01,HRIS-WKR-006249,POS-FIN-L6-0107,JOB-FIN-L6-05,Finance L6 Role 05,FIN,L6,Y,0.4,15.6,2022-07-23,
ASN-006250-01,HRIS-WKR-006250,POS-SAL-L6-0175,JOB-SAL-L6-01,Sales L6 Role 01,SAL,L6,Y,1.0,39.0,2019-03-20,
ASN-006250-02,HRIS-WKR-006250,POS-TEC-L6-0216,JOB-TEC-L6-06,Technology L6 Role 06,TEC,L6,N,0.3,11.7,2024-11-16,
ASN-006251-01,HRIS-WKR-006251,POS-FIN-L2-0083,JOB-FIN-L2-05,Finance L2 Role 05,FIN,L1,Y,1.0,39.0,2025-06-01,
ASN-006252-01,HRIS-WKR-006252,POS-OPS-L2-0044,JOB-OPS-L2-02,Operations L2 Role 02,OPS,L2,Y,1.0,39.0,2025-12-20,
ASN-006253-01,HRIS-WKR-006253,POS-FIN-L4-0093,JOB-FIN-L4-03,Finance L4 Role 03,FIN,L4,Y,1.0,39.0,2024-09-11,
ASN-006254-01,HRIS-WKR-006254,POS-TEC-L1-0184,JOB-TEC-L1-04,Technology L1 Role 04,TEC,L1,Y,1.0,39.0,2019-10-20,
ASN-006255-01,HRIS-WKR-006255,POS-HR-L5-0138,JOB-HR-L5-06,People L5 Role 06,HR,L5,Y,1.0,39.0,2023-07-23,
ASN-006256-01,HRIS-WKR-006256,POS-OPS-L4-0055,JOB-OPS-L4-01,Operations L4 Role 01,OPS,L4,Y,1.0,39.0,2024-03-12,
ASN-006257-01,HRIS-WKR-006257,POS-OPS-L2-0045,JOB-OPS-L2-03,Operations L2 Role 03,OPS,L2,Y,1.0,39.0,2024-09-11,
ASN-006258-01,HRIS-WKR-006258,POS-ENG-L6-0034,JOB-ENG-L6-04,Engineering L6 Role 04,ENG,L6,Y,1.0,39.0,2019-10-31,
ASN-006259-01,HRIS-WKR-006259,POS-OPS-L6-0068,JOB-OPS-L6-02,Operations L6 Role 02,OPS,L6,Y,1.0,39.0,2022-11-07,
ASN-006260-01,HRIS-WKR-006260,POS-TEC-L3-0194,JOB-TEC-L3-02,Technology L3 Role 02,TEC,L3,Y,1.0,39.0,2018-08-15,
ASN-006260-02,HRIS-WKR-006260,POS-TEC-L5-0205,JOB-TEC-L5-01,Technology L5 Role 01,TEC,L5,N,0.3,11.7,2021-09-03,
ASN-006261-01,HRIS-WKR-006261,POS-ENG-L1-0003,JOB-ENG-L1-03,Engineering L1 Role 03,ENG,L1,Y,0.8,31.2,2019-10-15,
ASN-006262-01,HRIS-WKR-006262,POS-ENG-L6-0032,JOB-ENG-L6-02,Engineering L6 Role 02,ENG,L6,Y,1.0,39.0,2022-04-29,
ASN-006263-01,HRIS-WKR-006263,POS-FIN-L2-0083,JOB-FIN-L2-05,Finance L2 Role 05,FIN,L2,Y,1.0,39.0,2019-06-05,
ASN-006264-01,HRIS-WKR-006264,POS-SAL-L2-0154,JOB-SAL-L2-04,Sales L2 Role 04,SAL,L2,Y,1.0,39.0,2018-01-05,
ASN-006265-01,HRIS-WKR-006265,POS-TEC-L1-0182,JOB-TEC-L1-02,Technology L1 Role 02,TEC,L1,Y,0.8,31.2,2019-05-25,
ASN-006266-01,HRIS-WKR-006266,POS-OPS-L1-0038,JOB-OPS-L1-02,Operations L1 Role 02,OPS,L1,Y,0.6,23.4,2023-01-18,
ASN-006267-01,HRIS-WKR-006267,POS-FIN-L3-0086,JOB-FIN-L3-02,Finance L3 Role 02,FIN,L5,Y,1.0,39.0,2018-09-20,
ASN-006268-01,HRIS-WKR-006268,POS-FIN-L5-0100,JOB-FIN-L5-04,Finance L5 Role 04,FIN,L5,Y,,,2022-06-12,
ASN-006269-01,HRIS-WKR-006269,POS-HR-L5-0134,JOB-HR-L5-02,People L5 Role 02,HR,L5,Y,0.8,31.2,2023-04-19,
ASN-006270-01,HRIS-WKR-006270,POS-HR-L5-0135,JOB-HR-L5-03,People L5 Role 03,HR,L5,Y,1.0,39.0,2018-01-15,
ASN-006270-02,HRIS-WKR-006270,POS-FIN-L6-0106,JOB-FIN-L6-04,Finance L6 Role 04,FIN,L6,N,0.3,11.7,2025-07-15,
ASN-006271-01,HRIS-WKR-006271,POS-TEC-L6-0214,JOB-TEC-L6-04,Technology L6 Role 04,TEC,L6,Y,1.0,39.0,2021-06-19,
ASN-006272-01,HRIS-WKR-006272,POS-ENG-L4-0019,JOB-ENG-L4-01,Engineering L4 Role 01,ENG,L4,Y,1.0,39.0,2023-03-20,
ASN-006272-02,HRIS-WKR-006272,POS-TEC-L3-0198,JOB-TEC-L3-06,Technology L3 Role 06,TEC,L3,N,0.2,7.8,2024-07-30,
ASN-006273-01,HRIS-WKR-006273,POS-SAL-L1-0147,JOB-SAL-L1-03,Sales L1 Role 03,SAL,L1,Y,1.0,39.0,2018-06-02,
ASN-006274-01,HRIS-WKR-006274,POS-OPS-L5-0062,JOB-OPS-L5-02,Operations L5 Role 02,OPS,L5,Y,0.6,23.4,2025-11-14,
ASN-006275-01,HRIS-WKR-006275,POS-SAL-L5-0173,JOB-SAL-L5-05,Sales L5 Role 05,SAL,L5,Y,1.0,39.0,2018-11-13,
ASN-006276-01,HRIS-WKR-006276,POS-FIN-L3-0088,JOB-FIN-L3-04,Finance L3 Role 04,FIN,L3,Y,1.0,39.0,2022-05-29,
ASN-006277-01,HRIS-WKR-006277,POS-OPS-L4-0057,JOB-OPS-L4-03,Operations L4 Role 03,OPS,L4,Y,0.5,19.5,2019-07-03,
ASN-006278-01,HRIS-WKR-006278,POS-ENG-L5-0025,JOB-ENG-L5-01,Engineering L5 Role 01,ENG,L5,Y,0.8,31.2,2022-04-15,
ASN-006279-01,HRIS-WKR-006279,POS-OPS-L2-0046,JOB-OPS-L2-04,Operations L2 Role 04,OPS,L2,Y,0.4,15.6,2022-08-29,
ASN-006280-01,HRIS-WKR-006280,POS-SAL-L1-0146,JOB-SAL-L1-02,Sales L1 Role 02,SAL,L1,Y,1.0,39.0,2020-01-21,
ASN-006281-01,HRIS-WKR-006281,POS-FIN-L2-0079,JOB-FIN-L2-01,Finance L2 Role 01,FIN,L2,Y,1.0,39.0,2025-05-06,
ASN-006281-02,HRIS-WKR-006281,POS-SAL-L6-0180,JOB-SAL-L6-06,Sales L6 Role 06,SAL,L6,N,0.2,7.8,2018-03-12,
ASN-006282-01,HRIS-WKR-006282,POS-SAL-L5-0172,JOB-SAL-L5-04,Sales L5 Role 04,SAL,L5,Y,0.5,19.5,2022-03-14,
ASN-006283-01,HRIS-WKR-006283,POS-OPS-L1-0041,JOB-OPS-L1-05,Operations L1 Role 05,OPS,L1,Y,0.8,31.2,2019-04-10,
ASN-006284-01,HRIS-WKR-006284,POS-OPS-L1-0039,JOB-OPS-L1-03,Operations L1 Role 03,OPS,L1,Y,0.8,31.2,2018-04-03,
ASN-006285-01,HRIS-WKR-006285,POS-HR-L6-0144,JOB-HR-L6-06,People L6 Role 06,HR,L6,Y,0.8,31.2,2021-07-07,
ASN-006285-02,HRIS-WKR-006285,POS-HR-L2-0116,JOB-HR-L2-02,People L2 Role 02,HR,L2,N,0.4,15.6,2022-04-24,
ASN-006286-01,HRIS-WKR-006286,POS-ENG-L1-0006,JOB-ENG-L1-06,Engineering L1 Role 06,ENG,L1,Y,1.0,39.0,2020-10-13,
ASN-006287-01,HRIS-WKR-006287,POS-SAL-L6-0177,JOB-SAL-L6-03,Sales L6 Role 03,SAL,L6,Y,1.0,39.0,2018-02-09,
ASN-006288-01,HRIS-WKR-006288,POS-FIN-L3-0088,JOB-FIN-L3-04,Finance L3 Role 04,FIN,L3,Y,1.0,39.0,2023-08-22,
ASN-006288-02,HRIS-WKR-006288,POS-OPS-L4-0056,JOB-OPS-L4-02,Operations L4 Role 02,OPS,L4,N,0.2,7.8,2021-08-19,
ASN-006289-01,HRIS-WKR-006289,POS-OPS-L2-0046,JOB-OPS-L2-04,Operations L2 Role 04,OPS,L2,Y,1.0,39.0,2024-07-15,
ASN-006290-01,HRIS-WKR-006290,POS-SAL-L1-0148,JOB-SAL-L1-04,Sales L1 Role 04,SAL,L1,Y,1.0,39.0,2022-05-20,
ASN-006291-01,HRIS-WKR-006291,POS-TEC-L2-0191,JOB-TEC-L2-05,Technology L2 Role 05,TEC,L2,Y,1.0,39.0,2024-02-02,
ASN-006292-01,HRIS-WKR-006292,POS-OPS-L1-0037,JOB-OPS-L1-01,Operations L1 Role 01,OPS,L1,Y,1.0,39.0,2023-07-19,
ASN-006293-01,HRIS-WKR-006293,POS-OPS-L5-0062,JOB-OPS-L5-02,Operations L5 Role 02,OPS,L5,Y,1.0,39.0,2020-08-16,
ASN-006294-01,HRIS-WKR-006294,POS-HR-L3-0123,JOB-HR-L3-03,People L3 Role 03,HR,L3,Y,1.0,39.0,2021-12-17,
ASN-006295-01,HRIS-WKR-006295,POS-OPS-L3-0054,JOB-OPS-L3-06,Operations L3 Role 06,OPS,L3,Y,1.0,39.0,2021-12-23,
ASN-006296-01,HRIS-WKR-006296,POS-ENG-L6-0033,JOB-ENG-L6-03,Engineering L6 Role 03,ENG,L6,Y,1.0,39.0,2019-12-11,
ASN-006297-01,HRIS-WKR-006297,POS-HR-L6-0140,JOB-HR-L6-02,People L6 Role 02,HR,L6,Y,1.0,39.0,2020-03-04,
ASN-006298-01,HRIS-WKR-006298,POS-ENG-L3-0015,JOB-ENG-L3-03,Engineering L3 Role 03,ENG,L3,Y,1.0,39.0,2018-01-26,
ASN-006299-01,HRIS-WKR-006299,POS-OPS-L5-0063,JOB-OPS-L5-03,Operations L5 Role 03,OPS,L6,Y,1.0,39.0,2025-03-12,
ASN-006300-01,HRIS-WKR-006300,POS-TEC-L1-0183,JOB-TEC-L1-03,Technology L1 Role 03,TEC,L1,Y,1.0,39.0,2021-08-11,
ASN-006301-01,HRIS-WKR-006301,POS-OPS-L2-0044,JOB-OPS-L2-02,Operations L2 Role 02,OPS,L2,Y,0.6,23.4,2021-04-22,
ASN-006302-01,HRIS-WKR-006302,POS-TEC-L1-0182,JOB-TEC-L1-02,Technology L1 Role 02,TEC,L1,Y,1.0,39.0,2020-08-02,
ASN-006303-01,HRIS-WKR-006303,POS-SAL-L2-0153,JOB-SAL-L2-03,Sales L2 Role 03,SAL,L2,Y,1.0,39.0,2025-02-18,
ASN-006304-01,HRIS-WKR-006304,POS-FIN-L5-0097,JOB-FIN-L5-01,Finance L5 Role 01,FIN,L5,Y,1.0,39.0,2020-08-16,
ASN-006305-01,HRIS-WKR-006305,POS-OPS-L2-0047,JOB-OPS-L2-05,Operations L2 Role 05,OPS,L2,Y,0.5,19.5,2019-03-16,
ASN-006306-01,HRIS-WKR-006306,POS-HR-L2-0118,JOB-HR-L2-04,People L2 Role 04,HR,L2,Y,,,2022-05-20,
ASN-006307-01,HRIS-WKR-006307,POS-TEC-L3-0194,JOB-TEC-L3-02,Technology L3 Role 02,TEC,L3,Y,1.0,39.0,2018-06-09,
ASN-006308-01,HRIS-WKR-006308,POS-ENG-L4-0024,JOB-ENG-L4-06,Engineering L4 Role 06,ENG,L4,Y,1.0,39.0,2018-05-02,
ASN-006309-01,HRIS-WKR-006309,POS-SAL-L3-0162,JOB-SAL-L3-06,Sales L3 Role 06,SAL,L3,Y,1.0,39.0,2021-08-22,
ASN-006310-01,HRIS-WKR-006310,POS-TEC-L3-0196,JOB-TEC-L3-04,Technology L3 Role 04,TEC,L3,Y,0.5,19.5,2018-02-17,
ASN-006311-01,HRIS-WKR-006311,POS-HR-L2-0120,JOB-HR-L2-06,People L2 Role 06,HR,L2,Y,1.0,39.0,2024-05-04,
ASN-006312-01,HRIS-WKR-006312,POS-SAL-L5-0172,JOB-SAL-L5-04,Sales L5 Role 04,SAL,L5,Y,,,2021-11-01,
ASN-006313-01,HRIS-WKR-006313,POS-OPS-L1-0039,JOB-OPS-L1-03,Operations L1 Role 03,OPS,L1,Y,0.6,23.4,2018-09-08,
ASN-006314-01,HRIS-WKR-006314,POS-SAL-L1-0150,JOB-SAL-L1-06,Sales L1 Role 06,SAL,L1,Y,1.0,39.0,2018-10-10,
ASN-006315-01,HRIS-WKR-006315,POS-FIN-L5-0098,JOB-FIN-L5-02,Finance L5 Role 02,FIN,L5,Y,0.8,31.2,2025-02-26,
ASN-006316-01,HRIS-WKR-006316,POS-ENG-L1-0004,JOB-ENG-L1-04,Engineering L1 Role 04,ENG,L1,Y,1.0,39.0,2023-05-19,
ASN-006317-01,HRIS-WKR-006317,POS-FIN-L5-0097,JOB-FIN-L5-01,Finance L5 Role 01,FIN,L5,Y,0.6,23.4,2023-11-03,
ASN-006318-01,HRIS-WKR-006318,POS-SAL-L1-0150,JOB-SAL-L1-06,Sales L1 Role 06,SAL,L1,Y,1.0,39.0,2018-12-26,
ASN-006319-01,HRIS-WKR-006319,POS-SAL-L6-0176,JOB-SAL-L6-02,Sales L6 Role 02,SAL,L6,Y,1.0,39.0,2020-04-02,
ASN-006320-01,HRIS-WKR-006320,POS-OPS-L5-0062,JOB-OPS-L5-02,Operations L5 Role 02,OPS,L5,Y,0.4,15.6,2023-07-31,
ASN-006321-01,HRIS-WKR-006321,POS-TEC-L3-0194,JOB-TEC-L3-02,Technology L3 Role 02,TEC,L3,Y,1.0,39.0,2023-12-07,
ASN-006322-01,HRIS-WKR-006322,POS-HR-L6-0143,JOB-HR-L6-05,People L6 Role 05,HR,L6,Y,0.6,23.4,2020-02-26,
ASN-006323-01,HRIS-WKR-006323,POS-SAL-L1-0148,JOB-SAL-L1-04,Sales L1 Role 04,SAL,L1,Y,1.0,39.0,2025-03-13,
ASN-006324-01,HRIS-WKR-006324,POS-FIN-L6-0104,JOB-FIN-L6-02,Finance L6 Role 02,FIN,L6,Y,1.0,39.0,2024-09-24,
ASN-006325-01,HRIS-WKR-006325,POS-ENG-L3-0016,JOB-ENG-L3-04,Engineering L3 Role 04,ENG,L3,Y,0.8,31.2,2018-06-27,
ASN-006326-01,HRIS-WKR-006326,POS-ENG-L4-0021,JOB-ENG-L4-03,Engineering L4 Role 03,ENG,L4,Y,0.8,31.2,2021-07-22,
ASN-006327-01,HRIS-WKR-006327,POS-OPS-L6-0067,JOB-OPS-L6-01,Operations L6 Role 01,OPS,L6,Y,1.0,39.0,2020-11-13,
ASN-006328-01,HRIS-WKR-006328,POS-ENG-L5-0026,JOB-ENG-L5-02,Engineering L5 Role 02,ENG,L5,Y,1.0,39.0,2019-11-14,
ASN-006329-01,HRIS-WKR-006329,POS-FIN-L5-0099,JOB-FIN-L5-03,Finance L5 Role 03,FIN,L5,Y,1.0,39.0,2020-07-16,
ASN-006330-01,HRIS-WKR-006330,POS-FIN-L3-0089,JOB-FIN-L3-05,Finance L3 Role 05,FIN,L3,Y,1.0,39.0,2021-03-05,
ASN-006331-01,HRIS-WKR-006331,POS-TEC-L1-0186,JOB-TEC-L1-06,Technology L1 Role 06,TEC,L1,Y,1.0,39.0,2019-09-26,
ASN-006332-01,HRIS-WKR-006332,POS-HR-L2-0117,JOB-HR-L2-03,People L2 Role 03,HR,L2,Y,1.0,39.0,2022-04-07,
ASN-006333-01,HRIS-WKR-006333,POS-HR-L5-0136,JOB-HR-L5-04,People L5 Role 04,HR,L5,Y,0.6,23.4,2023-05-25,
ASN-006333-02,HRIS-WKR-006333,POS-TEC-L1-0183,JOB-TEC-L1-03,Technology L1 Role 03,TEC,L1,N,0.2,7.8,2021-03-05,
ASN-006334-01,HRIS-WKR-006334,POS-HR-L2-0120,JOB-HR-L2-06,People L2 Role 06,HR,L2,Y,,,2021-06-06,
ASN-006335-01,HRIS-WKR-006335,POS-SAL-L3-0160,JOB-SAL-L3-04,Sales L3 Role 04,SAL,L3,Y,,,2025-02-06,
ASN-006336-01,HRIS-WKR-006336,POS-FIN-L1-0074,JOB-FIN-L1-02,Finance L1 Role 02,FIN,L1,Y,1.0,39.0,2019-07-03,
ASN-006336-02,HRIS-WKR-006336,POS-SAL-L5-0172,JOB-SAL-L5-04,Sales L5 Role 04,SAL,L5,N,0.3,11.7,2023-09-09,
ASN-006337-01,HRIS-WKR-006337,POS-HR-L3-0123,JOB-HR-L3-03,People L3 Role 03,HR,L1,Y,1.0,39.0,2019-05-20,
ASN-006338-01,HRIS-WKR-006338,POS-FIN-L1-0075,JOB-FIN-L1-03,Finance L1 Role 03,FIN,L1,Y,1.0,39.0,2025-08-14,
ASN-006339-01,HRIS-WKR-006339,POS-HR-L6-0141,JOB-HR-L6-03,People L6 Role 03,HR,L6,Y,1.0,39.0,2020-07-04,
ASN-006340-01,HRIS-WKR-006340,POS-ENG-L3-0015,JOB-ENG-L3-03,Engineering L3 Role 03,ENG,L3,Y,0.8,31.2,2020-04-27,
ASN-006341-01,HRIS-WKR-006341,POS-HR-L3-0125,JOB-HR-L3-05,People L3 Role 05,HR,L3,Y,1.0,39.0,2024-06-02,
ASN-006341-02,HRIS-WKR-006341,POS-FIN-L3-0085,JOB-FIN-L3-01,Finance L3 Role 01,FIN,L3,N,0.4,15.6,2023-11-04,
ASN-006342-01,HRIS-WKR-006342,POS-HR-L3-0124,JOB-HR-L3-04,People L3 Role 04,HR,L5,Y,1.0,39.0,2025-07-24,
ASN-006343-01,HRIS-WKR-006343,POS-HR-L5-0138,JOB-HR-L5-06,People L5 Role 06,HR,L5,Y,1.0,39.0,2024-12-30,
ASN-006344-01,HRIS-WKR-006344,POS-OPS-L5-0063,JOB-OPS-L5-03,Operations L5 Role 03,OPS,L5,Y,1.0,39.0,2024-11-01,
ASN-006345-01,HRIS-WKR-006345,POS-FIN-L3-0090,JOB-FIN-L3-06,Finance L3 Role 06,FIN,L3,Y,1.0,39.0,2023-03-24,
ASN-006346-01,HRIS-WKR-006346,POS-HR-L1-0109,JOB-HR-L1-01,People L1 Role 01,HR,L1,Y,1.0,39.0,2023-04-20,
ASN-006347-01,HRIS-WKR-006347,POS-OPS-L3-0051,JOB-OPS-L3-03,Operations L3 Role 03,OPS,L3,Y,1.0,39.0,2025-10-26,
ASN-006348-01,HRIS-WKR-006348,POS-FIN-L3-0090,JOB-FIN-L3-06,Finance L3 Role 06,FIN,L3,Y,1.0,39.0,2021-03-11,
ASN-006349-01,HRIS-WKR-006349,POS-TEC-L4-0204,JOB-TEC-L4-06,Technology L4 Role 06,TEC,L4,Y,1.0,39.0,2025-10-02,
ASN-006349-02,HRIS-WKR-006349,POS-TEC-L2-0189,JOB-TEC-L2-03,Technology L2 Role 03,TEC,L2,N,0.4,15.6,2018-03-18,
ASN-006350-01,HRIS-WKR-006350,POS-HR-L2-0120,JOB-HR-L2-06,People L2 Role 06,HR,L2,Y,1.0,39.0,2025-09-11,
ASN-006351-01,HRIS-WKR-006351,POS-ENG-L3-0018,JOB-ENG-L3-06,Engineering L3 Role 06,ENG,L3,Y,1.0,39.0,2018-02-09,
ASN-006352-01,HRIS-WKR-006352,POS-FIN-L1-0078,JOB-FIN-L1-06,Finance L1 Role 06,FIN,L1,Y,1.0,39.0,2025-03-06,
ASN-006352-02,HRIS-WKR-006352,POS-TEC-L6-0213,JOB-TEC-L6-03,Technology L6 Role 03,TEC,L6,N,0.2,7.8,2020-11-15,
ASN-006353-01,HRIS-WKR-006353,POS-OPS-L5-0065,JOB-OPS-L5-05,Operations L5 Role 05,OPS,L5,Y,1.0,39.0,2025-07-31,
ASN-006354-01,HRIS-WKR-006354,POS-ENG-L2-0009,JOB-ENG-L2-03,Engineering L2 Role 03,ENG,L2,Y,1.0,39.0,2023-12-09,
ASN-006355-01,HRIS-WKR-006355,POS-TEC-L3-0195,JOB-TEC-L3-03,Technology L3 Role 03,TEC,L3,Y,1.0,39.0,2018-05-25,
ASN-006356-01,HRIS-WKR-006356,POS-TEC-L4-0204,JOB-TEC-L4-06,Technology L4 Role 06,TEC,L4,Y,1.0,39.0,2019-06-09,
ASN-006357-01,HRIS-WKR-006357,POS-SAL-L6-0180,JOB-SAL-L6-06,Sales L6 Role 06,SAL,L6,Y,0.8,31.2,2022-07-15,
ASN-006358-01,HRIS-WKR-006358,POS-HR-L4-0131,JOB-HR-L4-05,People L4 Role 05,HR,L4,Y,1.0,39.0,2024-03-02,
ASN-006359-01,HRIS-WKR-006359,POS-OPS-L1-0039,JOB-OPS-L1-03,Operations L1 Role 03,OPS,L1,Y,1.0,39.0,2019-12-26,
ASN-006360-01,HRIS-WKR-006360,POS-ENG-L5-0028,JOB-ENG-L5-04,Engineering L5 Role 04,ENG,L5,Y,1.0,39.0,2023-09-05,
ASN-006361-01,HRIS-WKR-006361,POS-HR-L1-0109,JOB-HR-L1-01,People L1 Role 01,HR,L1,Y,1.0,39.0,2024-10-28,
ASN-006361-02,HRIS-WKR-006361,POS-TEC-L3-0197,JOB-TEC-L3-05,Technology L3 Role 05,TEC,L3,N,0.4,15.6,2025-07-20,
ASN-006362-01,HRIS-WKR-006362,POS-SAL-L5-0170,JOB-SAL-L5-02,Sales L5 Role 02,SAL,L5,Y,1.0,39.0,2023-03-22,
ASN-006363-01,HRIS-WKR-006363,POS-HR-L4-0127,JOB-HR-L4-01,People L4 Role 01,HR,L4,Y,1.0,39.0,2023-07-20,
ASN-006364-01,HRIS-WKR-006364,POS-FIN-L4-0091,JOB-FIN-L4-01,Finance L4 Role 01,FIN,L4,Y,1.0,39.0,2020-02-06,
ASN-006365-01,HRIS-WKR-006365,POS-SAL-L3-0158,JOB-SAL-L3-02,Sales L3 Role 02,SAL,L3,Y,0.8,31.2,2021-10-19,
ASN-006366-01,HRIS-WKR-006366,POS-FIN-L3-0088,JOB-FIN-L3-04,Finance L3 Role 04,FIN,L3,Y,1.0,39.0,2019-11-21,
ASN-006367-01,HRIS-WKR-006367,POS-TEC-L5-0208,JOB-TEC-L5-04,Technology L5 Role 04,TEC,L5,Y,1.0,39.0,2020-06-28,
ASN-006368-01,HRIS-WKR-006368,POS-TEC-L1-0182,JOB-TEC-L1-02,Technology L1 Role 02,TEC,L1,Y,1.0,39.0,2022-04-01,
ASN-006369-01,HRIS-WKR-006369,POS-ENG-L3-0016,JOB-ENG-L3-04,Engineering L3 Role 04,ENG,L3,Y,1.0,39.0,2021-02-11,
ASN-006370-01,HRIS-WKR-006370,POS-OPS-L1-0041,JOB-OPS-L1-05,Operations L1 Role 05,OPS,L1,Y,1.0,39.0,2021-05-23,
ASN-006371-01,HRIS-WKR-006371,POS-OPS-L2-0045,JOB-OPS-L2-03,Operations L2 Role 03,OPS,L2,Y,0.8,31.2,2023-09-25,
ASN-006372-01,HRIS-WKR-006372,POS-TEC-L3-0196,JOB-TEC-L3-04,Technology L3 Role 04,TEC,L3,Y,1.0,39.0,2022-10-03,
ASN-006373-01,HRIS-WKR-006373,POS-SAL-L4-0164,JOB-SAL-L4-02,Sales L4 Role 02,SAL,L4,Y,1.0,39.0,2020-02-28,
ASN-006373-02,HRIS-WKR-006373,POS-TEC-L1-0186,JOB-TEC-L1-06,Technology L1 Role 06,TEC,L1,N,0.2,7.8,2024-04-03,
ASN-006374-01,HRIS-WKR-006374,POS-FIN-L6-0103,JOB-FIN-L6-01,Finance L6 Role 01,FIN,L6,Y,0.8,31.2,2018-10-03,
ASN-006375-01,HRIS-WKR-006375,POS-SAL-L5-0174,JOB-SAL-L5-06,Sales L5 Role 06,SAL,L5,Y,,,2020-08-10,
ASN-006376-01,HRIS-WKR-006376,POS-OPS-L1-0039,JOB-OPS-L1-03,Operations L1 Role 03,OPS,L1,Y,1.0,39.0,2020-05-21,
ASN-006377-01,HRIS-WKR-006377,POS-TEC-L4-0204,JOB-TEC-L4-06,Technology L4 Role 06,TEC,L4,Y,1.0,39.0,2018-07-17,
ASN-006378-01,HRIS-WKR-006378,POS-FIN-L6-0103,JOB-FIN-L6-01,Finance L6 Role 01,FIN,L6,Y,1.0,39.0,2021-07-29,
ASN-006379-01,HRIS-WKR-006379,POS-ENG-L1-0004,JOB-ENG-L1-04,Engineering L1 Role 04,ENG,L1,Y,1.0,39.0,2019-01-14,
ASN-006380-01,HRIS-WKR-006380,POS-FIN-L3-0086,JOB-FIN-L3-02,Finance L3 Role 02,FIN,L3,Y,1.0,39.0,2023-12-08,
ASN-006381-01,HRIS-WKR-006381,POS-FIN-L5-0102,JOB-FIN-L5-06,Finance L5 Role 06,FIN,L5,Y,1.0,39.0,2020-06-08,
ASN-006382-01,HRIS-WKR-006382,POS-SAL-L5-0171,JOB-SAL-L5-03,Sales L5 Role 03,SAL,L5,Y,1.0,39.0,2020-08-01,
ASN-006383-01,HRIS-WKR-006383,POS-ENG-L3-0013,JOB-ENG-L3-01,Engineering L3 Role 01,ENG,L3,Y,0.8,31.2,2023-06-09,
ASN-006384-01,HRIS-WKR-006384,POS-ENG-L2-0011,JOB-ENG-L2-05,Engineering L2 Role 05,ENG,L2,Y,,,2022-09-28,
ASN-006385-01,HRIS-WKR-006385,POS-TEC-L2-0190,JOB-TEC-L2-04,Technology L2 Role 04,TEC,L2,Y,1.0,39.0,2021-10-30,
ASN-006386-01,HRIS-WKR-006386,POS-FIN-L6-0106,JOB-FIN-L6-04,Finance L6 Role 04,FIN,L6,Y,1.0,39.0,2019-03-11,
ASN-006387-01,HRIS-WKR-006387,POS-OPS-L6-0070,JOB-OPS-L6-04,Operations L6 Role 04,OPS,L6,Y,1.0,39.0,2023-11-12,
ASN-006388-01,HRIS-WKR-006388,POS-TEC-L1-0181,JOB-TEC-L1-01,Technology L1 Role 01,TEC,L1,Y,1.0,39.0,2025-02-06,
ASN-006389-01,HRIS-WKR-006389,POS-TEC-L6-0212,JOB-TEC-L6-02,Technology L6 Role 02,TEC,L6,Y,0.8,31.2,2023-10-08,
ASN-006390-01,HRIS-WKR-006390,POS-HR-L6-0141,JOB-HR-L6-03,People L6 Role 03,HR,L6,Y,1.0,39.0,2022-12-23,
ASN-006391-01,HRIS-WKR-006391,POS-HR-L1-0111,JOB-HR-L1-03,People L1 Role 03,HR,L1,Y,1.0,39.0,2018-06-14,
ASN-006392-01,HRIS-WKR-006392,POS-ENG-L1-0002,JOB-ENG-L1-02,Engineering L1 Role 02,ENG,L1,Y,1.0,39.0,2018-07-23,
ASN-006393-01,HRIS-WKR-006393,POS-HR-L2-0115,JOB-HR-L2-01,People L2 Role 01,HR,L2,Y,1.0,39.0,2025-09-30,
ASN-006393-02,HRIS-WKR-006393,POS-TEC-L3-0194,JOB-TEC-L3-02,Technology L3 Role 02,TEC,L3,N,0.3,11.7,2021-03-03,
ASN-006394-01,HRIS-WKR-006394,POS-TEC-L6-0212,JOB-TEC-L6-02,Technology L6 Role 02,TEC,L6,Y,1.0,39.0,2020-05-11,
ASN-006395-01,HRIS-WKR-006395,POS-TEC-L2-0188,JOB-TEC-L2-02,Technology L2 Role 02,TEC,L2,Y,1.0,39.0,2024-01-21,
ASN-006396-01,HRIS-WKR-006396,POS-ENG-L3-0013,JOB-ENG-L3-01,Engineering L3 Role 01,ENG,L3,Y,1.0,39.0,2022-03-02,
ASN-006397-01,HRIS-WKR-006397,POS-HR-L6-0144,JOB-HR-L6-06,People L6 Role 06,HR,L6,Y,1.0,39.0,2024-01-19,
ASN-006398-01,HRIS-WKR-006398,POS-ENG-L2-0009,JOB-ENG-L2-03,Engineering L2 Role 03,ENG,L2,Y,1.0,39.0,2024-12-07,
ASN-006399-01,HRIS-WKR-006399,POS-TEC-L4-0203,JOB-TEC-L4-05,Technology L4 Role 05,TEC,L4,Y,0.8,31.2,2021-04-28,
ASN-006400-01,HRIS-WKR-006400,POS-ENG-L4-0023,JOB-ENG-L4-05,Engineering L4 Role 05,ENG,L4,Y,1.0,39.0,2024-02-04,
ASN-006401-01,HRIS-WKR-006401,POS-TEC-L4-0204,JOB-TEC-L4-06,Technology L4 Role 06,TEC,L4,Y,0.5,19.5,2023-05-27,
ASN-006402-01,HRIS-WKR-006402,POS-TEC-L2-0188,JOB-TEC-L2-02,Technology L2 Role 02,TEC,L2,Y,1.0,39.0,2019-05-22,
ASN-006403-01,HRIS-WKR-006403,POS-HR-L1-0112,JOB-HR-L1-04,People L1 Role 04,HR,L1,Y,0.6,23.4,2024-08-17,
ASN-006404-01,HRIS-WKR-006404,POS-OPS-L4-0057,JOB-OPS-L4-03,Operations L4 Role 03,OPS,L4,Y,,,2022-11-22,
ASN-006405-01,HRIS-WKR-006405,POS-FIN-L3-0086,JOB-FIN-L3-02,Finance L3 Role 02,FIN,L3,Y,1.0,39.0,2025-04-07,
ASN-006406-01,HRIS-WKR-006406,POS-HR-L1-0109,JOB-HR-L1-01,People L1 Role 01,HR,L1,Y,1.0,39.0,2022-02-24,
ASN-006407-01,HRIS-WKR-006407,POS-TEC-L2-0192,JOB-TEC-L2-06,Technology L2 Role 06,TEC,L2,Y,1.0,39.0,2019-08-31,
ASN-006408-01,HRIS-WKR-006408,POS-OPS-L2-0045,JOB-OPS-L2-03,Operations L2 Role 03,OPS,L2,Y,1.0,39.0,2020-11-23,
ASN-006409-01,HRIS-WKR-006409,POS-OPS-L1-0038,JOB-OPS-L1-02,Operations L1 Role 02,OPS,L1,Y,0.8,31.2,2018-04-30,
ASN-006410-01,HRIS-WKR-006410,POS-ENG-L1-0005,JOB-ENG-L1-05,Engineering L1 Role 05,ENG,L1,Y,1.0,39.0,2022-10-11,
ASN-006411-01,HRIS-WKR-006411,POS-OPS-L2-0046,JOB-OPS-L2-04,Operations L2 Role 04,OPS,L2,Y,1.0,39.0,2024-08-14,
ASN-006411-02,HRIS-WKR-006411,POS-TEC-L6-0212,JOB-TEC-L6-02,Technology L6 Role 02,TEC,L6,N,0.2,7.8,2023-05-20,
ASN-006412-01,HRIS-WKR-006412,POS-ENG-L3-0017,JOB-ENG-L3-05,Engineering L3 Role 05,ENG,L3,Y,1.0,39.0,2021-07-10,
ASN-006413-01,HRIS-WKR-006413,POS-TEC-L4-0200,JOB-TEC-L4-02,Technology L4 Role 02,TEC,L4,Y,1.0,39.0,2019-07-10,
ASN-006414-01,HRIS-WKR-006414,POS-SAL-L4-0166,JOB-SAL-L4-04,Sales L4 Role 04,SAL,L4,Y,1.0,39.0,2025-09-13,
ASN-006415-01,HRIS-WKR-006415,POS-TEC-L3-0198,JOB-TEC-L3-06,Technology L3 Role 06,TEC,L3,Y,1.0,39.0,2023-07-18,
ASN-006416-01,HRIS-WKR-006416,POS-HR-L5-0134,JOB-HR-L5-02,People L5 Role 02,HR,L3,Y,1.0,39.0,2022-03-24,
ASN-006417-01,HRIS-WKR-006417,POS-OPS-L5-0065,JOB-OPS-L5-05,Operations L5 Role 05,OPS,L5,Y,1.0,39.0,2024-11-30,
ASN-006417-02,HRIS-WKR-006417,POS-SAL-L4-0164,JOB-SAL-L4-02,Sales L4 Role 02,SAL,L4,N,0.4,15.6,2020-09-17,
ASN-006418-01,HRIS-WKR-006418,POS-TEC-L1-0183,JOB-TEC-L1-03,Technology L1 Role 03,TEC,L1,Y,1.0,39.0,2025-06-10,
ASN-006419-01,HRIS-WKR-006419,POS-OPS-L4-0055,JOB-OPS-L4-01,Operations L4 Role 01,OPS,L4,Y,1.0,39.0,2020-04-13,
ASN-006420-01,HRIS-WKR-006420,POS-OPS-L2-0046,JOB-OPS-L2-04,Operations L2 Role 04,OPS,L1,Y,1.0,39.0,2019-07-17,
ASN-006420-02,HRIS-WKR-006420,POS-OPS-L3-0051,JOB-OPS-L3-03,Operations L3 Role 03,OPS,L3,N,0.2,7.8,2024-05-12,
ASN-006421-01,HRIS-WKR-006421,POS-OPS-L6-0071,JOB-OPS-L6-05,Operations L6 Role 05,OPS,L6,Y,1.0,39.0,2018-06-13,
ASN-006422-01,HRIS-WKR-006422,POS-TEC-L2-0189,JOB-TEC-L2-03,Technology L2 Role 03,TEC,L2,Y,1.0,39.0,2023-11-03,
ASN-006423-01,HRIS-WKR-006423,POS-SAL-L3-0157,JOB-SAL-L3-01,Sales L3 Role 01,SAL,L3,Y,1.0,39.0,2024-01-28,
ASN-006424-01,HRIS-WKR-006424,POS-TEC-L5-0210,JOB-TEC-L5-06,Technology L5 Role 06,TEC,L5,Y,0.8,31.2,2025-05-05,
ASN-006424-02,HRIS-WKR-006424,POS-HR-L4-0131,JOB-HR-L4-05,People L4 Role 05,HR,L4,N,0.2,7.8,2024-10-21,
ASN-006425-01,HRIS-WKR-006425,POS-HR-L1-0113,JOB-HR-L1-05,People L1 Role 05,HR,L1,Y,1.0,39.0,2020-03-23,
ASN-006426-01,HRIS-WKR-006426,POS-SAL-L2-0154,JOB-SAL-L2-04,Sales L2 Role 04,SAL,L2,Y,1.0,39.0,2025-01-16,
ASN-006427-01,HRIS-WKR-006427,POS-FIN-L3-0088,JOB-FIN-L3-04,Finance L3 Role 04,FIN,L3,Y,0.6,23.4,2022-10-05,
ASN-006428-01,HRIS-WKR-006428,POS-OPS-L6-0070,JOB-OPS-L6-04,Operations L6 Role 04,OPS,L6,Y,1.0,39.0,2023-12-06,
ASN-006429-01,HRIS-WKR-006429,POS-FIN-L2-0079,JOB-FIN-L2-01,Finance L2 Role 01,FIN,L2,Y,1.0,39.0,2018-03-12,
ASN-006430-01,HRIS-WKR-006430,POS-TEC-L4-0199,JOB-TEC-L4-01,Technology L4 Role 01,TEC,L4,Y,1.0,39.0,2024-04-10,
ASN-006431-01,HRIS-WKR-006431,POS-OPS-L4-0057,JOB-OPS-L4-03,Operations L4 Role 03,OPS,L4,Y,1.0,39.0,2024-01-16,
ASN-006432-01,HRIS-WKR-006432,POS-HR-L2-0116,JOB-HR-L2-02,People L2 Role 02,HR,L2,Y,1.0,39.0,2022-10-25,
ASN-006433-01,HRIS-WKR-006433,POS-ENG-L1-0003,JOB-ENG-L1-03,Engineering L1 Role 03,ENG,L1,Y,0.4,15.6,2023-05-10,
ASN-006434-01,HRIS-WKR-006434,POS-SAL-L2-0156,JOB-SAL-L2-06,Sales L2 Role 06,SAL,L2,Y,1.0,39.0,2020-03-31,
ASN-006435-01,HRIS-WKR-006435,POS-SAL-L2-0155,JOB-SAL-L2-05,Sales L2 Role 05,SAL,L2,Y,1.0,39.0,2021-08-27,
ASN-006435-02,HRIS-WKR-006435,POS-ENG-L4-0021,JOB-ENG-L4-03,Engineering L4 Role 03,ENG,L4,N,0.3,11.7,2018-01-21,
ASN-006436-01,HRIS-WKR-006436,POS-SAL-L4-0167,JOB-SAL-L4-05,Sales L4 Role 05,SAL,L4,Y,1.0,39.0,2022-02-02,
ASN-006437-01,HRIS-WKR-006437,POS-HR-L5-0133,JOB-HR-L5-01,People L5 Role 01,HR,L5,Y,1.0,39.0,2022-09-26,
ASN-006438-01,HRIS-WKR-006438,POS-SAL-L2-0151,JOB-SAL-L2-01,Sales L2 Role 01,SAL,L2,Y,,,2021-01-10,
ASN-006439-01,HRIS-WKR-006439,POS-HR-L6-0141,JOB-HR-L6-03,People L6 Role 03,HR,L6,Y,0.6,23.4,2019-08-08,
ASN-006440-01,HRIS-WKR-006440,POS-HR-L4-0132,JOB-HR-L4-06,People L4 Role 06,HR,L4,Y,1.0,39.0,2022-03-31,
ASN-006441-01,HRIS-WKR-006441,POS-HR-L3-0121,JOB-HR-L3-01,People L3 Role 01,HR,L5,Y,0.8,31.2,2022-04-28,
ASN-006442-01,HRIS-WKR-006442,POS-SAL-L1-0149,JOB-SAL-L1-05,Sales L1 Role 05,SAL,L1,Y,1.0,39.0,2019-12-05,
ASN-006443-01,HRIS-WKR-006443,POS-HR-L4-0128,JOB-HR-L4-02,People L4 Role 02,HR,L4,Y,,,2020-07-14,
ASN-006443-02,HRIS-WKR-006443,POS-TEC-L6-0211,JOB-TEC-L6-01,Technology L6 Role 01,TEC,L6,N,0.4,15.6,2022-01-21,
ASN-006444-01,HRIS-WKR-006444,POS-SAL-L2-0153,JOB-SAL-L2-03,Sales L2 Role 03,SAL,L2,Y,1.0,39.0,2025-01-15,
ASN-006445-01,HRIS-WKR-006445,POS-TEC-L2-0192,JOB-TEC-L2-06,Technology L2 Role 06,TEC,L2,Y,1.0,39.0,2023-08-26,
ASN-006445-02,HRIS-WKR-006445,POS-ENG-L2-0011,JOB-ENG-L2-05,Engineering L2 Role 05,ENG,L2,N,0.2,7.8,2019-10-08,
ASN-006446-01,HRIS-WKR-006446,POS-SAL-L4-0167,JOB-SAL-L4-05,Sales L4 Role 05,SAL,L4,Y,1.0,39.0,2020-09-12,
ASN-006447-01,HRIS-WKR-006447,POS-TEC-L3-0197,JOB-TEC-L3-05,Technology L3 Role 05,TEC,L3,Y,,,2025-07-20,
ASN-006448-01,HRIS-WKR-006448,POS-ENG-L5-0028,JOB-ENG-L5-04,Engineering L5 Role 04,ENG,L5,Y,1.0,39.0,2024-03-09,
ASN-006449-01,HRIS-WKR-006449,POS-ENG-L4-0019,JOB-ENG-L4-01,Engineering L4 Role 01,ENG,L4,Y,1.0,39.0,2024-08-06,
ASN-006449-02,HRIS-WKR-006449,POS-HR-L4-0128,JOB-HR-L4-02,People L4 Role 02,HR,L4,N,0.2,7.8,2025-10-30,
ASN-006450-01,HRIS-WKR-006450,POS-OPS-L6-0067,JOB-OPS-L6-01,Operations L6 Role 01,OPS,L6,Y,1.0,39.0,2024-09-19,
ASN-006451-01,HRIS-WKR-006451,POS-HR-L5-0135,JOB-HR-L5-03,People L5 Role 03,HR,L5,Y,0.8,31.2,2021-12-28,
ASN-006452-01,HRIS-WKR-006452,POS-OPS-L3-0053,JOB-OPS-L3-05,Operations L3 Role 05,OPS,L3,Y,1.0,39.0,2020-04-22,
ASN-006453-01,HRIS-WKR-006453,POS-SAL-L2-0153,JOB-SAL-L2-03,Sales L2 Role 03,SAL,L2,Y,1.0,39.0,2025-04-28,
ASN-006454-01,HRIS-WKR-006454,POS-TEC-L6-0216,JOB-TEC-L6-06,Technology L6 Role 06,TEC,L6,Y,0.8,31.2,2018-10-30,
ASN-006455-01,HRIS-WKR-006455,POS-ENG-L2-0011,JOB-ENG-L2-05,Engineering L2 Role 05,ENG,L2,Y,0.8,31.2,2023-06-28,
ASN-006456-01,HRIS-WKR-006456,POS-FIN-L5-0100,JOB-FIN-L5-04,Finance L5 Role 04,FIN,L5,Y,1.0,39.0,2023-08-03,
ASN-006457-01,HRIS-WKR-006457,POS-HR-L4-0129,JOB-HR-L4-03,People L4 Role 03,HR,L4,Y,1.0,39.0,2018-03-23,
ASN-006458-01,HRIS-WKR-006458,POS-SAL-L1-0147,JOB-SAL-L1-03,Sales L1 Role 03,SAL,L1,Y,1.0,39.0,2019-12-05,
ASN-006459-01,HRIS-WKR-006459,POS-SAL-L2-0153,JOB-SAL-L2-03,Sales L2 Role 03,SAL,L2,Y,,,2023-07-21,
ASN-006460-01,HRIS-WKR-006460,POS-TEC-L1-0182,JOB-TEC-L1-02,Technology L1 Role 02,TEC,L1,Y,0.5,19.5,2019-09-19,
ASN-006461-01,HRIS-WKR-006461,POS-HR-L1-0112,JOB-HR-L1-04,People L1 Role 04,HR,L1,Y,1.0,39.0,2021-02-28,
ASN-006462-01,HRIS-WKR-006462,POS-SAL-L5-0170,JOB-SAL-L5-02,Sales L5 Role 02,SAL,L6,Y,1.0,39.0,2023-09-23,
ASN-006463-01,HRIS-WKR-006463,POS-TEC-L6-0215,JOB-TEC-L6-05,Technology L6 Role 05,TEC,L6,Y,1.0,39.0,2022-09-07,
ASN-006464-01,HRIS-WKR-006464,POS-SAL-L4-0167,JOB-SAL-L4-05,Sales L4 Role 05,SAL,L4,Y,1.0,39.0,2019-01-13,
ASN-006465-01,HRIS-WKR-006465,POS-TEC-L6-0214,JOB-TEC-L6-04,Technology L6 Role 04,TEC,L6,Y,1.0,39.0,2021-02-26,
ASN-006466-01,HRIS-WKR-006466,POS-OPS-L1-0037,JOB-OPS-L1-01,Operations L1 Role 01,OPS,L1,Y,0.8,31.2,2022-06-08,
ASN-006467-01,HRIS-WKR-006467,POS-ENG-L3-0013,JOB-ENG-L3-01,Engineering L3 Role 01,ENG,L3,Y,1.0,39.0,2020-01-22,
ASN-006468-01,HRIS-WKR-006468,POS-HR-L5-0134,JOB-HR-L5-02,People L5 Role 02,HR,L5,Y,,,2024-08-17,
ASN-006469-01,HRIS-WKR-006469,POS-SAL-L6-0180,JOB-SAL-L6-06,Sales L6 Role 06,SAL,L6,Y,1.0,39.0,2022-06-21,
ASN-006470-01,HRIS-WKR-006470,POS-OPS-L4-0059,JOB-OPS-L4-05,Operations L4 Role 05,OPS,L4,Y,0.8,31.2,2019-12-28,
ASN-006471-01,HRIS-WKR-006471,POS-HR-L6-0139,JOB-HR-L6-01,People L6 Role 01,HR,L6,Y,1.0,39.0,2024-04-22,
ASN-006472-01,HRIS-WKR-006472,POS-TEC-L2-0190,JOB-TEC-L2-04,Technology L2 Role 04,TEC,L2,Y,0.6,23.4,2021-03-03,
ASN-006472-02,HRIS-WKR-006472,POS-FIN-L3-0086,JOB-FIN-L3-02,Finance L3 Role 02,FIN,L3,N,0.3,11.7,2025-04-10,
ASN-006473-01,HRIS-WKR-006473,POS-ENG-L4-0019,JOB-ENG-L4-01,Engineering L4 Role 01,ENG,L4,Y,1.0,39.0,2022-05-15,
ASN-006474-01,HRIS-WKR-006474,POS-SAL-L4-0164,JOB-SAL-L4-02,Sales L4 Role 02,SAL,L4,Y,1.0,39.0,2022-07-03,
ASN-006475-01,HRIS-WKR-006475,POS-TEC-L4-0201,JOB-TEC-L4-03,Technology L4 Role 03,TEC,L4,Y,1.0,39.0,2024-01-30,
ASN-006476-01,HRIS-WKR-006476,POS-FIN-L6-0103,JOB-FIN-L6-01,Finance L6 Role 01,FIN,L6,Y,0.4,15.6,2019-06-21,
ASN-006477-01,HRIS-WKR-006477,POS-SAL-L5-0171,JOB-SAL-L5-03,Sales L5 Role 03,SAL,L3,Y,1.0,39.0,2021-10-26,
ASN-006478-01,HRIS-WKR-006478,POS-OPS-L2-0047,JOB-OPS-L2-05,Operations L2 Role 05,OPS,L2,Y,1.0,39.0,2021-11-23,
ASN-006478-02,HRIS-WKR-006478,POS-ENG-L5-0025,JOB-ENG-L5-01,Engineering L5 Role 01,ENG,L5,N,0.2,7.8,2025-01-23,
ASN-006479-01,HRIS-WKR-006479,POS-ENG-L2-0008,JOB-ENG-L2-02,Engineering L2 Role 02,ENG,L2,Y,1.0,39.0,2021-09-20,
ASN-006480-01,HRIS-WKR-006480,POS-ENG-L1-0006,JOB-ENG-L1-06,Engineering L1 Role 06,ENG,L1,Y,0.8,31.2,2025-04-14,
ASN-006481-01,HRIS-WKR-006481,POS-SAL-L3-0160,JOB-SAL-L3-04,Sales L3 Role 04,SAL,L3,Y,1.0,39.0,2022-06-15,
ASN-006482-01,HRIS-WKR-006482,POS-HR-L6-0139,JOB-HR-L6-01,People L6 Role 01,HR,L6,Y,0.4,15.6,2024-06-24,
ASN-006482-02,HRIS-WKR-006482,POS-SAL-L3-0158,JOB-SAL-L3-02,Sales L3 Role 02,SAL,L3,N,0.4,15.6,2023-12-13,
ASN-006483-01,HRIS-WKR-006483,POS-TEC-L1-0186,JOB-TEC-L1-06,Technology L1 Role 06,TEC,L1,Y,1.0,39.0,2022-06-22,
ASN-006484-01,HRIS-WKR-006484,POS-FIN-L2-0084,JOB-FIN-L2-06,Finance L2 Role 06,FIN,L2,Y,1.0,39.0,2019-09-22,
ASN-006485-01,HRIS-WKR-006485,POS-HR-L3-0125,JOB-HR-L3-05,People L3 Role 05,HR,L3,Y,1.0,39.0,2022-09-19,
ASN-006486-01,HRIS-WKR-006486,POS-FIN-L3-0085,JOB-FIN-L3-01,Finance L3 Role 01,FIN,L3,Y,1.0,39.0,2023-03-05,
ASN-006487-01,HRIS-WKR-006487,POS-ENG-L6-0034,JOB-ENG-L6-04,Engineering L6 Role 04,ENG,L6,Y,1.0,39.0,2018-08-22,
ASN-006488-01,HRIS-WKR-006488,POS-OPS-L4-0058,JOB-OPS-L4-04,Operations L4 Role 04,OPS,L4,Y,1.0,39.0,2020-09-10,
ASN-006489-01,HRIS-WKR-006489,POS-SAL-L1-0147,JOB-SAL-L1-03,Sales L1 Role 03,SAL,L1,Y,1.0,39.0,2025-08-15,
ASN-006490-01,HRIS-WKR-006490,POS-TEC-L3-0196,JOB-TEC-L3-04,Technology L3 Role 04,TEC,L3,Y,1.0,39.0,2018-04-09,
ASN-006491-01,HRIS-WKR-006491,POS-ENG-L3-0013,JOB-ENG-L3-01,Engineering L3 Role 01,ENG,L3,Y,1.0,39.0,2023-12-06,
ASN-006492-01,HRIS-WKR-006492,POS-OPS-L2-0048,JOB-OPS-L2-06,Operations L2 Role 06,OPS,L2,Y,1.0,39.0,2022-12-06,
ASN-006493-01,HRIS-WKR-006493,POS-ENG-L3-0017,JOB-ENG-L3-05,Engineering L3 Role 05,ENG,L3,Y,1.0,39.0,2025-11-18,
ASN-006494-01,HRIS-WKR-006494,POS-OPS-L6-0070,JOB-OPS-L6-04,Operations L6 Role 04,OPS,L6,Y,1.0,39.0,2020-05-27,
ASN-006494-02,HRIS-WKR-006494,POS-OPS-L1-0040,JOB-OPS-L1-04,Operations L1 Role 04,OPS,L1,N,0.2,7.8,2024-04-08,
ASN-006495-01,HRIS-WKR-006495,POS-SAL-L3-0158,JOB-SAL-L3-02,Sales L3 Role 02,SAL,L3,Y,0.4,15.6,2023-03-15,
ASN-006496-01,HRIS-WKR-006496,POS-OPS-L1-0041,JOB-OPS-L1-05,Operations L1 Role 05,OPS,L1,Y,0.5,19.5,2021-07-25,
ASN-006497-01,HRIS-WKR-006497,POS-FIN-L1-0075,JOB-FIN-L1-03,Finance L1 Role 03,FIN,L1,Y,1.0,39.0,2020-02-20,
ASN-006498-01,HRIS-WKR-006498,POS-SAL-L2-0154,JOB-SAL-L2-04,Sales L2 Role 04,SAL,L2,Y,1.0,39.0,2026-01-16,
ASN-006499-01,HRIS-WKR-006499,POS-HR-L1-0109,JOB-HR-L1-01,People L1 Role 01,HR,L1,Y,,,2025-04-24,
ASN-006500-01,HRIS-WKR-006500,POS-OPS-L4-0057,JOB-OPS-L4-03,Operations L4 Role 03,OPS,L4,Y,1.0,39.0,2023-12-21,
ASN-006501-01,HRIS-WKR-006501,POS-HR-L4-0131,JOB-HR-L4-05,People L4 Role 05,HR,L4,Y,1.0,39.0,2024-05-15,
ASN-006502-01,HRIS-WKR-006502,POS-SAL-L2-0152,JOB-SAL-L2-02,Sales L2 Role 02,SAL,L2,Y,1.0,39.0,2023-09-28,
ASN-006503-01,HRIS-WKR-006503,POS-FIN-L4-0096,JOB-FIN-L4-06,Finance L4 Role 06,FIN,L4,Y,1.0,39.0,2023-11-24,
ASN-006504-01,HRIS-WKR-006504,POS-ENG-L5-0025,JOB-ENG-L5-01,Engineering L5 Role 01,ENG,L5,Y,1.0,39.0,2020-06-22,
ASN-006505-01,HRIS-WKR-006505,POS-TEC-L1-0185,JOB-TEC-L1-05,Technology L1 Role 05,TEC,L1,Y,1.0,39.0,2020-11-22,
ASN-006506-01,HRIS-WKR-006506,POS-FIN-L6-0106,JOB-FIN-L6-04,Finance L6 Role 04,FIN,L6,Y,0.6,23.4,2021-05-10,
ASN-006507-01,HRIS-WKR-006507,POS-FIN-L1-0074,JOB-FIN-L1-02,Finance L1 Role 02,FIN,L1,Y,1.0,39.0,2019-08-08,
ASN-006508-01,HRIS-WKR-006508,POS-HR-L5-0136,JOB-HR-L5-04,People L5 Role 04,HR,L5,Y,1.0,39.0,2019-06-19,
ASN-006509-01,HRIS-WKR-006509,POS-ENG-L1-0006,JOB-ENG-L1-06,Engineering L1 Role 06,ENG,L1,Y,0.6,23.4,2021-10-28,
ASN-006510-01,HRIS-WKR-006510,POS-TEC-L2-0190,JOB-TEC-L2-04,Technology L2 Role 04,TEC,L2,Y,1.0,39.0,2018-12-17,
ASN-006511-01,HRIS-WKR-006511,POS-OPS-L2-0047,JOB-OPS-L2-05,Operations L2 Role 05,OPS,L2,Y,1.0,39.0,2023-12-22,
ASN-006511-02,HRIS-WKR-006511,POS-ENG-L6-0033,JOB-ENG-L6-03,Engineering L6 Role 03,ENG,L6,N,0.3,11.7,2022-06-29,
ASN-006512-01,HRIS-WKR-006512,POS-OPS-L2-0044,JOB-OPS-L2-02,Operations L2 Role 02,OPS,L2,Y,1.0,39.0,2020-12-31,
ASN-006513-01,HRIS-WKR-006513,POS-FIN-L5-0102,JOB-FIN-L5-06,Finance L5 Role 06,FIN,L6,Y,1.0,39.0,2021-10-20,
ASN-006514-01,HRIS-WKR-006514,POS-TEC-L6-0214,JOB-TEC-L6-04,Technology L6 Role 04,TEC,L6,Y,1.0,39.0,2019-11-16,
ASN-006515-01,HRIS-WKR-006515,POS-TEC-L1-0183,JOB-TEC-L1-03,Technology L1 Role 03,TEC,L1,Y,1.0,39.0,2023-02-02,
ASN-006516-01,HRIS-WKR-006516,POS-SAL-L2-0153,JOB-SAL-L2-03,Sales L2 Role 03,SAL,L4,Y,0.8,31.2,2025-01-15,
ASN-006517-01,HRIS-WKR-006517,POS-OPS-L6-0067,JOB-OPS-L6-01,Operations L6 Role 01,OPS,L6,Y,0.8,31.2,2020-09-13,
ASN-006518-01,HRIS-WKR-006518,POS-TEC-L1-0182,JOB-TEC-L1-02,Technology L1 Role 02,TEC,L1,Y,0.6,23.4,2022-02-11,
ASN-006519-01,HRIS-WKR-006519,POS-OPS-L4-0060,JOB-OPS-L4-06,Operations L4 Role 06,OPS,L4,Y,1.0,39.0,2022-12-08,
ASN-006520-01,HRIS-WKR-006520,POS-FIN-L5-0100,JOB-FIN-L5-04,Finance L5 Role 04,FIN,L5,Y,1.0,39.0,2021-05-10,
ASN-006521-01,HRIS-WKR-006521,POS-TEC-L6-0216,JOB-TEC-L6-06,Technology L6 Role 06,TEC,L6,Y,1.0,39.0,2025-01-22,
ASN-006521-02,HRIS-WKR-006521,POS-SAL-L3-0158,JOB-SAL-L3-02,Sales L3 Role 02,SAL,L3,N,0.4,15.6,2024-11-15,
ASN-006522-01,HRIS-WKR-006522,POS-OPS-L1-0037,JOB-OPS-L1-01,Operations L1 Role 01,OPS,L1,Y,1.0,39.0,2021-04-22,
ASN-006523-01,HRIS-WKR-006523,POS-FIN-L2-0080,JOB-FIN-L2-02,Finance L2 Role 02,FIN,L2,Y,0.8,31.2,2020-11-23,
ASN-006523-02,HRIS-WKR-006523,POS-HR-L6-0141,JOB-HR-L6-03,People L6 Role 03,HR,L6,N,0.3,11.7,2020-01-10,
ASN-006524-01,HRIS-WKR-006524,POS-TEC-L2-0190,JOB-TEC-L2-04,Technology L2 Role 04,TEC,L2,Y,1.0,39.0,2019-01-28,
ASN-006525-01,HRIS-WKR-006525,POS-HR-L5-0134,JOB-HR-L5-02,People L5 Role 02,HR,L5,Y,1.0,39.0,2025-10-06,
ASN-006526-01,HRIS-WKR-006526,POS-SAL-L3-0161,JOB-SAL-L3-05,Sales L3 Role 05,SAL,L3,Y,0.4,15.6,2019-08-18,
ASN-006527-01,HRIS-WKR-006527,POS-SAL-L4-0165,JOB-SAL-L4-03,Sales L4 Role 03,SAL,L4,Y,0.6,23.4,2022-11-23,
ASN-006528-01,HRIS-WKR-006528,POS-HR-L6-0139,JOB-HR-L6-01,People L6 Role 01,HR,L6,Y,1.0,39.0,2020-07-22,
ASN-006529-01,HRIS-WKR-006529,POS-TEC-L2-0188,JOB-TEC-L2-02,Technology L2 Role 02,TEC,L2,Y,1.0,39.0,2025-12-01,
ASN-006530-01,HRIS-WKR-006530,POS-OPS-L3-0052,JOB-OPS-L3-04,Operations L3 Role 04,OPS,L1,Y,0.6,23.4,2020-01-30,
ASN-006531-01,HRIS-WKR-006531,POS-HR-L3-0125,JOB-HR-L3-05,People L3 Role 05,HR,L3,Y,,,2020-02-02,
ASN-006532-01,HRIS-WKR-006532,POS-ENG-L4-0020,JOB-ENG-L4-02,Engineering L4 Role 02,ENG,L4,Y,1.0,39.0,2024-04-17,
ASN-006533-01,HRIS-WKR-006533,POS-OPS-L2-0045,JOB-OPS-L2-03,Operations L2 Role 03,OPS,L2,Y,1.0,39.0,2024-06-23,
ASN-006534-01,HRIS-WKR-006534,POS-TEC-L2-0190,JOB-TEC-L2-04,Technology L2 Role 04,TEC,L2,Y,1.0,39.0,2022-01-12,
ASN-006535-01,HRIS-WKR-006535,POS-OPS-L2-0044,JOB-OPS-L2-02,Operations L2 Role 02,OPS,L2,Y,1.0,39.0,2024-12-17,
ASN-006536-01,HRIS-WKR-006536,POS-OPS-L2-0045,JOB-OPS-L2-03,Operations L2 Role 03,OPS,L2,Y,1.0,39.0,2024-10-13,
ASN-006537-01,HRIS-WKR-006537,POS-OPS-L2-0044,JOB-OPS-L2-02,Operations L2 Role 02,OPS,L2,Y,0.5,19.5,2022-06-10,
ASN-006538-01,HRIS-WKR-006538,POS-FIN-L1-0076,JOB-FIN-L1-04,Finance L1 Role 04,FIN,L1,Y,1.0,39.0,2020-02-29,
ASN-006539-01,HRIS-WKR-006539,POS-HR-L1-0113,JOB-HR-L1-05,People L1 Role 05,HR,L1,Y,1.0,39.0,2024-11-01,
ASN-006540-01,HRIS-WKR-006540,POS-OPS-L1-0039,JOB-OPS-L1-03,Operations L1 Role 03,OPS,L1,Y,1.0,39.0,2023-08-04,
ASN-006541-01,HRIS-WKR-006541,POS-ENG-L2-0011,JOB-ENG-L2-05,Engineering L2 Role 05,ENG,L2,Y,1.0,39.0,2019-12-03,
ASN-006542-01,HRIS-WKR-006542,POS-SAL-L1-0145,JOB-SAL-L1-01,Sales L1 Role 01,SAL,L1,Y,1.0,39.0,2018-08-13,
ASN-006542-02,HRIS-WKR-006542,POS-TEC-L6-0212,JOB-TEC-L6-02,Technology L6 Role 02,TEC,L6,N,0.2,7.8,2026-01-07,
ASN-006543-01,HRIS-WKR-006543,POS-ENG-L4-0022,JOB-ENG-L4-04,Engineering L4 Role 04,ENG,L4,Y,1.0,39.0,2019-10-12,
ASN-006544-01,HRIS-WKR-006544,POS-HR-L2-0118,JOB-HR-L2-04,People L2 Role 04,HR,L2,Y,1.0,39.0,2022-11-14,
ASN-006545-01,HRIS-WKR-006545,POS-TEC-L2-0189,JOB-TEC-L2-03,Technology L2 Role 03,TEC,L2,Y,1.0,39.0,2018-01-10,
ASN-006546-01,HRIS-WKR-006546,POS-HR-L5-0134,JOB-HR-L5-02,People L5 Role 02,HR,L5,Y,1.0,39.0,2020-05-06,
ASN-006547-01,HRIS-WKR-006547,POS-ENG-L5-0030,JOB-ENG-L5-06,Engineering L5 Role 06,ENG,L5,Y,1.0,39.0,2021-09-10,
ASN-006548-01,HRIS-WKR-006548,POS-SAL-L4-0163,JOB-SAL-L4-01,Sales L4 Role 01,SAL,L4,Y,,,2023-01-19,
ASN-006549-01,HRIS-WKR-006549,POS-TEC-L6-0211,JOB-TEC-L6-01,Technology L6 Role 01,TEC,L6,Y,1.0,39.0,2021-09-08,
ASN-006550-01,HRIS-WKR-006550,POS-OPS-L1-0038,JOB-OPS-L1-02,Operations L1 Role 02,OPS,L1,Y,1.0,39.0,2024-05-10,
ASN-006551-01,HRIS-WKR-006551,POS-HR-L3-0124,JOB-HR-L3-04,People L3 Role 04,HR,L3,Y,1.0,39.0,2020-09-07,
ASN-006552-01,HRIS-WKR-006552,POS-ENG-L5-0029,JOB-ENG-L5-05,Engineering L5 Role 05,ENG,L5,Y,1.0,39.0,2019-03-06,
ASN-006553-01,HRIS-WKR-006553,POS-ENG-L6-0034,JOB-ENG-L6-04,Engineering L6 Role 04,ENG,L6,Y,1.0,39.0,2021-04-29,
ASN-006554-01,HRIS-WKR-006554,POS-SAL-L6-0176,JOB-SAL-L6-02,Sales L6 Role 02,SAL,L6,Y,0.6,23.4,2019-05-03,
ASN-006555-01,HRIS-WKR-006555,POS-ENG-L1-0002,JOB-ENG-L1-02,Engineering L1 Role 02,ENG,L1,Y,1.0,39.0,2021-02-05,
ASN-006556-01,HRIS-WKR-006556,POS-HR-L4-0130,JOB-HR-L4-04,People L4 Role 04,HR,L4,Y,1.0,39.0,2020-03-28,
ASN-006557-01,HRIS-WKR-006557,POS-ENG-L2-0012,JOB-ENG-L2-06,Engineering L2 Role 06,ENG,L2,Y,0.5,19.5,2020-01-10,
ASN-006558-01,HRIS-WKR-006558,POS-ENG-L2-0009,JOB-ENG-L2-03,Engineering L2 Role 03,ENG,L2,Y,0.8,31.2,2018-07-22,
ASN-006559-01,HRIS-WKR-006559,POS-OPS-L1-0038,JOB-OPS-L1-02,Operations L1 Role 02,OPS,L1,Y,1.0,39.0,2020-12-13,
ASN-006560-01,HRIS-WKR-006560,POS-SAL-L6-0176,JOB-SAL-L6-02,Sales L6 Role 02,SAL,L6,Y,0.6,23.4,2018-08-04,
ASN-006561-01,HRIS-WKR-006561,POS-ENG-L4-0023,JOB-ENG-L4-05,Engineering L4 Role 05,ENG,L4,Y,1.0,39.0,2022-02-28,
ASN-006562-01,HRIS-WKR-006562,POS-FIN-L1-0075,JOB-FIN-L1-03,Finance L1 Role 03,FIN,L1,Y,1.0,39.0,2023-11-23,
ASN-006563-01,HRIS-WKR-006563,POS-OPS-L1-0038,JOB-OPS-L1-02,Operations L1 Role 02,OPS,L1,Y,1.0,39.0,2023-05-19,
ASN-006564-01,HRIS-WKR-006564,POS-HR-L4-0130,JOB-HR-L4-04,People L4 Role 04,HR,L4,Y,1.0,39.0,2022-01-21,
ASN-006565-01,HRIS-WKR-006565,POS-FIN-L2-0080,JOB-FIN-L2-02,Finance L2 Role 02,FIN,L2,Y,1.0,39.0,2022-11-12,
ASN-006566-01,HRIS-WKR-006566,POS-OPS-L2-0044,JOB-OPS-L2-02,Operations L2 Role 02,OPS,L2,Y,1.0,39.0,2021-03-15,
ASN-006567-01,HRIS-WKR-006567,POS-FIN-L6-0105,JOB-FIN-L6-03,Finance L6 Role 03,FIN,L6,Y,1.0,39.0,2020-12-08,
ASN-006567-02,HRIS-WKR-006567,POS-ENG-L3-0018,JOB-ENG-L3-06,Engineering L3 Role 06,ENG,L3,N,0.2,7.8,2022-06-11,
ASN-006568-01,HRIS-WKR-006568,POS-OPS-L5-0066,JOB-OPS-L5-06,Operations L5 Role 06,OPS,L5,Y,1.0,39.0,2024-01-25,
ASN-006569-01,HRIS-WKR-006569,POS-FIN-L6-0104,JOB-FIN-L6-02,Finance L6 Role 02,FIN,L6,Y,0.5,19.5,2020-02-05,
ASN-006570-01,HRIS-WKR-006570,POS-ENG-L6-0034,JOB-ENG-L6-04,Engineering L6 Role 04,ENG,L6,Y,0.8,31.2,2023-08-23,
ASN-006571-01,HRIS-WKR-006571,POS-HR-L1-0113,JOB-HR-L1-05,People L1 Role 05,HR,L1,Y,0.8,31.2,2025-02-21,
ASN-006572-01,HRIS-WKR-006572,POS-TEC-L3-0193,JOB-TEC-L3-01,Technology L3 Role 01,TEC,L3,Y,0.6,23.4,2018-05-21,
ASN-006573-01,HRIS-WKR-006573,POS-OPS-L4-0060,JOB-OPS-L4-06,Operations L4 Role 06,OPS,L4,Y,1.0,39.0,2024-02-04,
ASN-006573-02,HRIS-WKR-006573,POS-OPS-L3-0052,JOB-OPS-L3-04,Operations L3 Role 04,OPS,L3,N,0.2,7.8,2019-01-08,
ASN-006574-01,HRIS-WKR-006574,POS-ENG-L4-0019,JOB-ENG-L4-01,Engineering L4 Role 01,ENG,L4,Y,1.0,39.0,2025-02-13,
ASN-006575-01,HRIS-WKR-006575,POS-FIN-L6-0105,JOB-FIN-L6-03,Finance L6 Role 03,FIN,L6,Y,1.0,39.0,2024-12-21,
ASN-006576-01,HRIS-WKR-006576,POS-SAL-L4-0164,JOB-SAL-L4-02,Sales L4 Role 02,SAL,L4,Y,1.0,39.0,2024-05-16,
ASN-006577-01,HRIS-WKR-006577,POS-HR-L2-0120,JOB-HR-L2-06,People L2 Role 06,HR,L2,Y,1.0,39.0,2019-05-07,
ASN-006578-01,HRIS-WKR-006578,POS-TEC-L1-0184,JOB-TEC-L1-04,Technology L1 Role 04,TEC,L1,Y,1.0,39.0,2024-03-21,
ASN-006579-01,HRIS-WKR-006579,POS-TEC-L4-0201,JOB-TEC-L4-03,Technology L4 Role 03,TEC,L4,Y,1.0,39.0,2021-03-02,
ASN-006580-01,HRIS-WKR-006580,POS-FIN-L2-0084,JOB-FIN-L2-06,Finance L2 Role 06,FIN,L4,Y,0.6,23.4,2019-06-03,
ASN-006581-01,HRIS-WKR-006581,POS-FIN-L3-0089,JOB-FIN-L3-05,Finance L3 Role 05,FIN,L3,Y,1.0,39.0,2020-05-21,
ASN-006582-01,HRIS-WKR-006582,POS-FIN-L4-0091,JOB-FIN-L4-01,Finance L4 Role 01,FIN,L4,Y,1.0,39.0,2024-02-02,
ASN-006582-02,HRIS-WKR-006582,POS-TEC-L1-0186,JOB-TEC-L1-06,Technology L1 Role 06,TEC,L1,N,0.2,7.8,2019-03-27,
ASN-006583-01,HRIS-WKR-006583,POS-ENG-L4-0022,JOB-ENG-L4-04,Engineering L4 Role 04,ENG,L4,Y,1.0,39.0,2024-05-15,
ASN-006584-01,HRIS-WKR-006584,POS-OPS-L4-0058,JOB-OPS-L4-04,Operations L4 Role 04,OPS,L4,Y,0.6,23.4,2021-01-19,
ASN-006585-01,HRIS-WKR-006585,POS-FIN-L3-0086,JOB-FIN-L3-02,Finance L3 Role 02,FIN,L3,Y,0.5,19.5,2023-08-23,
ASN-006586-01,HRIS-WKR-006586,POS-HR-L2-0116,JOB-HR-L2-02,People L2 Role 02,HR,L2,Y,1.0,39.0,2022-01-11,
ASN-006587-01,HRIS-WKR-006587,POS-FIN-L2-0080,JOB-FIN-L2-02,Finance L2 Role 02,FIN,L2,Y,,,2018-10-16,
ASN-006588-01,HRIS-WKR-006588,POS-OPS-L6-0067,JOB-OPS-L6-01,Operations L6 Role 01,OPS,L6,Y,1.0,39.0,2023-08-31,
ASN-006589-01,HRIS-WKR-006589,POS-ENG-L3-0017,JOB-ENG-L3-05,Engineering L3 Role 05,ENG,L3,Y,0.4,15.6,2020-02-10,
ASN-006590-01,HRIS-WKR-006590,POS-SAL-L3-0159,JOB-SAL-L3-03,Sales L3 Role 03,SAL,L3,Y,1.0,39.0,2025-03-26,
ASN-006590-02,HRIS-WKR-006590,POS-HR-L2-0118,JOB-HR-L2-04,People L2 Role 04,HR,L2,N,0.3,11.7,2023-11-17,
ASN-006591-01,HRIS-WKR-006591,POS-SAL-L2-0152,JOB-SAL-L2-02,Sales L2 Role 02,SAL,L2,Y,1.0,39.0,2023-04-15,
ASN-006592-01,HRIS-WKR-006592,POS-ENG-L1-0005,JOB-ENG-L1-05,Engineering L1 Role 05,ENG,L1,Y,1.0,39.0,2022-07-17,
ASN-006592-02,HRIS-WKR-006592,POS-OPS-L3-0052,JOB-OPS-L3-04,Operations L3 Role 04,OPS,L3,N,0.2,7.8,2022-08-23,
ASN-006593-01,HRIS-WKR-006593,POS-FIN-L1-0076,JOB-FIN-L1-04,Finance L1 Role 04,FIN,L1,Y,1.0,39.0,2018-04-15,
ASN-006594-01,HRIS-WKR-006594,POS-ENG-L4-0021,JOB-ENG-L4-03,Engineering L4 Role 03,ENG,L4,Y,1.0,39.0,2025-09-01,
ASN-006594-02,HRIS-WKR-006594,POS-OPS-L3-0053,JOB-OPS-L3-05,Operations L3 Role 05,OPS,L3,N,0.2,7.8,2021-07-24,
ASN-006595-01,HRIS-WKR-006595,POS-ENG-L5-0029,JOB-ENG-L5-05,Engineering L5 Role 05,ENG,L5,Y,1.0,39.0,2022-02-15,
ASN-006596-01,HRIS-WKR-006596,POS-ENG-L4-0019,JOB-ENG-L4-01,Engineering L4 Role 01,ENG,L6,Y,1.0,39.0,2024-02-07,
ASN-006597-01,HRIS-WKR-006597,POS-SAL-L5-0174,JOB-SAL-L5-06,Sales L5 Role 06,SAL,L5,Y,1.0,39.0,2024-05-19,
ASN-006597-02,HRIS-WKR-006597,POS-HR-L1-0112,JOB-HR-L1-04,People L1 Role 04,HR,L1,N,0.3,11.7,2021-10-16,
ASN-006598-01,HRIS-WKR-006598,POS-OPS-L6-0069,JOB-OPS-L6-03,Operations L6 Role 03,OPS,L6,Y,1.0,39.0,2019-10-01,
ASN-006598-02,HRIS-WKR-006598,POS-FIN-L2-0084,JOB-FIN-L2-06,Finance L2 Role 06,FIN,L2,N,0.2,7.8,2020-03-31,
ASN-006599-01,HRIS-WKR-006599,POS-ENG-L1-0001,JOB-ENG-L1-01,Engineering L1 Role 01,ENG,L1,Y,0.8,31.2,2018-12-21,
ASN-006600-01,HRIS-WKR-006600,POS-HR-L4-0129,JOB-HR-L4-03,People L4 Role 03,HR,L4,Y,1.0,39.0,2024-06-19,
ASN-006601-01,HRIS-WKR-006601,POS-OPS-L4-0059,JOB-OPS-L4-05,Operations L4 Role 05,OPS,L4,Y,0.8,31.2,2018-12-05,
ASN-006602-01,HRIS-WKR-006602,POS-ENG-L4-0019,JOB-ENG-L4-01,Engineering L4 Role 01,ENG,L4,Y,1.0,39.0,2025-02-15,
ASN-006603-01,HRIS-WKR-006603,POS-FIN-L5-0098,JOB-FIN-L5-02,Finance L5 Role 02,FIN,L5,Y,1.0,39.0,2021-05-23,
ASN-006604-01,HRIS-WKR-006604,POS-HR-L5-0135,JOB-HR-L5-03,People L5 Role 03,HR,L5,Y,1.0,39.0,2022-01-12,
ASN-006605-01,HRIS-WKR-006605,POS-OPS-L2-0043,JOB-OPS-L2-01,Operations L2 Role 01,OPS,L2,Y,1.0,39.0,2018-06-19,
ASN-006606-01,HRIS-WKR-006606,POS-ENG-L1-0001,JOB-ENG-L1-01,Engineering L1 Role 01,ENG,L1,Y,0.8,31.2,2024-08-03,
ASN-006607-01,HRIS-WKR-006607,POS-HR-L2-0115,JOB-HR-L2-01,People L2 Role 01,HR,L2,Y,,,2025-11-16,
ASN-006608-01,HRIS-WKR-006608,POS-SAL-L2-0152,JOB-SAL-L2-02,Sales L2 Role 02,SAL,L2,Y,1.0,39.0,2024-12-15,
ASN-006609-01,HRIS-WKR-006609,POS-SAL-L1-0149,JOB-SAL-L1-05,Sales L1 Role 05,SAL,L1,Y,1.0,39.0,2018-07-20,
ASN-006610-01,HRIS-WKR-006610,POS-FIN-L1-0075,JOB-FIN-L1-03,Finance L1 Role 03,FIN,L1,Y,1.0,39.0,2018-12-12,
ASN-006611-01,HRIS-WKR-006611,POS-TEC-L5-0209,JOB-TEC-L5-05,Technology L5 Role 05,TEC,L5,Y,0.6,23.4,2023-02-22,
ASN-006612-01,HRIS-WKR-006612,POS-OPS-L6-0067,JOB-OPS-L6-01,Operations L6 Role 01,OPS,L6,Y,1.0,39.0,2022-09-14,
ASN-006613-01,HRIS-WKR-006613,POS-ENG-L5-0025,JOB-ENG-L5-01,Engineering L5 Role 01,ENG,L5,Y,0.6,23.4,2019-07-02,
ASN-006614-01,HRIS-WKR-006614,POS-ENG-L2-0010,JOB-ENG-L2-04,Engineering L2 Role 04,ENG,L2,Y,1.0,39.0,2020-09-18,
ASN-006615-01,HRIS-WKR-006615,POS-HR-L3-0122,JOB-HR-L3-02,People L3 Role 02,HR,L3,Y,1.0,39.0,2021-11-14,
ASN-006616-01,HRIS-WKR-006616,POS-OPS-L1-0039,JOB-OPS-L1-03,Operations L1 Role 03,OPS,L1,Y,1.0,39.0,2020-07-24,
ASN-006617-01,HRIS-WKR-006617,POS-OPS-L5-0066,JOB-OPS-L5-06,Operations L5 Role 06,OPS,L5,Y,1.0,39.0,2019-06-27,
ASN-006618-01,HRIS-WKR-006618,POS-OPS-L4-0058,JOB-OPS-L4-04,Operations L4 Role 04,OPS,L4,Y,1.0,39.0,2020-11-02,
ASN-006618-02,HRIS-WKR-006618,POS-SAL-L3-0160,JOB-SAL-L3-04,Sales L3 Role 04,SAL,L3,N,0.2,7.8,2021-10-16,
ASN-006619-01,HRIS-WKR-006619,POS-HR-L2-0115,JOB-HR-L2-01,People L2 Role 01,HR,L2,Y,0.5,19.5,2018-12-27,
ASN-006620-01,HRIS-WKR-006620,POS-ENG-L3-0015,JOB-ENG-L3-03,Engineering L3 Role 03,ENG,L3,Y,0.8,31.2,2018-05-15,
ASN-006621-01,HRIS-WKR-006621,POS-OPS-L1-0040,JOB-OPS-L1-04,Operations L1 Role 04,OPS,L1,Y,1.0,39.0,2022-11-22,
ASN-006622-01,HRIS-WKR-006622,POS-SAL-L1-0145,JOB-SAL-L1-01,Sales L1 Role 01,SAL,L1,Y,1.0,39.0,2021-08-24,
ASN-006623-01,HRIS-WKR-006623,POS-OPS-L5-0062,JOB-OPS-L5-02,Operations L5 Role 02,OPS,L5,Y,1.0,39.0,2018-08-14,
ASN-006624-01,HRIS-WKR-006624,POS-OPS-L4-0058,JOB-OPS-L4-04,Operations L4 Role 04,OPS,L4,Y,1.0,39.0,2021-06-15,
ASN-006625-01,HRIS-WKR-006625,POS-FIN-L6-0106,JOB-FIN-L6-04,Finance L6 Role 04,FIN,L6,Y,1.0,39.0,2018-06-17,
ASN-006626-01,HRIS-WKR-006626,POS-ENG-L1-0002,JOB-ENG-L1-02,Engineering L1 Role 02,ENG,L1,Y,1.0,39.0,2025-10-12,
ASN-006627-01,HRIS-WKR-006627,POS-OPS-L2-0043,JOB-OPS-L2-01,Operations L2 Role 01,OPS,L2,Y,1.0,39.0,2019-08-08,
ASN-006627-02,HRIS-WKR-006627,POS-SAL-L4-0167,JOB-SAL-L4-05,Sales L4 Role 05,SAL,L4,N,0.2,7.8,2021-02-25,
ASN-006628-01,HRIS-WKR-006628,POS-HR-L1-0114,JOB-HR-L1-06,People L1 Role 06,HR,L3,Y,0.6,23.4,2025-09-10,
ASN-006629-01,HRIS-WKR-006629,POS-FIN-L1-0075,JOB-FIN-L1-03,Finance L1 Role 03,FIN,L1,Y,0.8,31.2,2018-11-18,
ASN-006630-01,HRIS-WKR-006630,POS-OPS-L2-0045,JOB-OPS-L2-03,Operations L2 Role 03,OPS,L2,Y,1.0,39.0,2020-03-18,
ASN-006631-01,HRIS-WKR-006631,POS-TEC-L4-0204,JOB-TEC-L4-06,Technology L4 Role 06,TEC,L4,Y,1.0,39.0,2022-05-06,
ASN-006632-01,HRIS-WKR-006632,POS-ENG-L6-0036,JOB-ENG-L6-06,Engineering L6 Role 06,ENG,L6,Y,1.0,39.0,2023-04-23,
ASN-006633-01,HRIS-WKR-006633,POS-TEC-L3-0194,JOB-TEC-L3-02,Technology L3 Role 02,TEC,L3,Y,1.0,39.0,2019-08-08,
ASN-006634-01,HRIS-WKR-006634,POS-OPS-L6-0069,JOB-OPS-L6-03,Operations L6 Role 03,OPS,L6,Y,1.0,39.0,2025-02-13,
ASN-006635-01,HRIS-WKR-006635,POS-ENG-L1-0001,JOB-ENG-L1-01,Engineering L1 Role 01,ENG,L1,Y,0.8,31.2,2021-09-24,
ASN-006636-01,HRIS-WKR-006636,POS-SAL-L4-0163,JOB-SAL-L4-01,Sales L4 Role 01,SAL,L4,Y,1.0,39.0,2025-12-06,
ASN-006637-01,HRIS-WKR-006637,POS-SAL-L3-0160,JOB-SAL-L3-04,Sales L3 Role 04,SAL,L3,Y,0.5,19.5,2018-09-13,
ASN-006638-01,HRIS-WKR-006638,POS-FIN-L2-0079,JOB-FIN-L2-01,Finance L2 Role 01,FIN,L2,Y,0.8,31.2,2018-05-02,
ASN-006639-01,HRIS-WKR-006639,POS-SAL-L2-0156,JOB-SAL-L2-06,Sales L2 Role 06,SAL,L2,Y,1.0,39.0,2022-08-16,
ASN-006640-01,HRIS-WKR-006640,POS-HR-L1-0111,JOB-HR-L1-03,People L1 Role 03,HR,L1,Y,1.0,39.0,2019-05-02,
ASN-006640-02,HRIS-WKR-006640,POS-OPS-L2-0046,JOB-OPS-L2-04,Operations L2 Role 04,OPS,L2,N,0.2,7.8,2019-04-16,
ASN-006641-01,HRIS-WKR-006641,POS-OPS-L1-0041,JOB-OPS-L1-05,Operations L1 Role 05,OPS,L1,Y,0.8,31.2,2023-07-13,
ASN-006642-01,HRIS-WKR-006642,POS-ENG-L1-0002,JOB-ENG-L1-02,Engineering L1 Role 02,ENG,L1,Y,1.0,39.0,2021-01-06,
ASN-006643-01,HRIS-WKR-006643,POS-SAL-L6-0176,JOB-SAL-L6-02,Sales L6 Role 02,SAL,L6,Y,1.0,39.0,2022-07-28,
ASN-006644-01,HRIS-WKR-006644,POS-SAL-L6-0175,JOB-SAL-L6-01,Sales L6 Role 01,SAL,L6,Y,1.0,39.0,2023-09-04,
ASN-006645-01,HRIS-WKR-006645,POS-ENG-L3-0017,JOB-ENG-L3-05,Engineering L3 Role 05,ENG,L3,Y,1.0,39.0,2021-11-22,
ASN-006646-01,HRIS-WKR-006646,POS-HR-L6-0140,JOB-HR-L6-02,People L6 Role 02,HR,L6,Y,1.0,39.0,2022-12-01,
ASN-006647-01,HRIS-WKR-006647,POS-FIN-L2-0084,JOB-FIN-L2-06,Finance L2 Role 06,FIN,L2,Y,1.0,39.0,2022-05-15,
ASN-006648-01,HRIS-WKR-006648,POS-TEC-L5-0208,JOB-TEC-L5-04,Technology L5 Role 04,TEC,L5,Y,1.0,39.0,2020-06-30,
ASN-006649-01,HRIS-WKR-006649,POS-TEC-L5-0210,JOB-TEC-L5-06,Technology L5 Role 06,TEC,L6,Y,1.0,39.0,2023-01-14,
ASN-006649-02,HRIS-WKR-006649,POS-TEC-L3-0193,JOB-TEC-L3-01,Technology L3 Role 01,TEC,L3,N,0.3,11.7,2024-07-27,
ASN-006650-01,HRIS-WKR-006650,POS-TEC-L3-0194,JOB-TEC-L3-02,Technology L3 Role 02,TEC,L1,Y,1.0,39.0,2020-02-18,
ASN-006651-01,HRIS-WKR-006651,POS-TEC-L5-0210,JOB-TEC-L5-06,Technology L5 Role 06,TEC,L5,Y,1.0,39.0,2021-02-20,
ASN-006652-01,HRIS-WKR-006652,POS-HR-L2-0118,JOB-HR-L2-04,People L2 Role 04,HR,L2,Y,1.0,39.0,2019-12-29,
ASN-006653-01,HRIS-WKR-006653,POS-HR-L5-0133,JOB-HR-L5-01,People L5 Role 01,HR,L5,Y,0.8,31.2,2025-01-07,
ASN-006654-01,HRIS-WKR-006654,POS-FIN-L1-0078,JOB-FIN-L1-06,Finance L1 Role 06,FIN,L1,Y,1.0,39.0,2020-12-18,
ASN-006655-01,HRIS-WKR-006655,POS-FIN-L2-0084,JOB-FIN-L2-06,Finance L2 Role 06,FIN,L2,Y,1.0,39.0,2022-10-18,
ASN-006656-01,HRIS-WKR-006656,POS-ENG-L4-0020,JOB-ENG-L4-02,Engineering L4 Role 02,ENG,L4,Y,1.0,39.0,2018-10-13,
ASN-006656-02,HRIS-WKR-006656,POS-OPS-L4-0060,JOB-OPS-L4-06,Operations L4 Role 06,OPS,L4,N,0.2,7.8,2023-12-08,
ASN-006657-01,HRIS-WKR-006657,POS-TEC-L4-0200,JOB-TEC-L4-02,Technology L4 Role 02,TEC,L4,Y,1.0,39.0,2021-05-01,
ASN-006658-01,HRIS-WKR-006658,POS-TEC-L1-0185,JOB-TEC-L1-05,Technology L1 Role 05,TEC,L1,Y,1.0,39.0,2021-11-04,
ASN-006659-01,HRIS-WKR-006659,POS-TEC-L4-0199,JOB-TEC-L4-01,Technology L4 Role 01,TEC,L4,Y,1.0,39.0,2019-12-06,
ASN-006660-01,HRIS-WKR-006660,POS-SAL-L1-0150,JOB-SAL-L1-06,Sales L1 Role 06,SAL,L1,Y,1.0,39.0,2024-04-20,
ASN-006661-01,HRIS-WKR-006661,POS-OPS-L3-0053,JOB-OPS-L3-05,Operations L3 Role 05,OPS,L3,Y,1.0,39.0,2020-09-19,
ASN-006662-01,HRIS-WKR-006662,POS-OPS-L5-0061,JOB-OPS-L5-01,Operations L5 Role 01,OPS,L5,Y,1.0,39.0,2024-04-21,
ASN-006662-02,HRIS-WKR-006662,POS-FIN-L5-0102,JOB-FIN-L5-06,Finance L5 Role 06,FIN,L5,N,0.3,11.7,2022-11-27,
ASN-006663-01,HRIS-WKR-006663,POS-FIN-L3-0087,JOB-FIN-L3-03,Finance L3 Role 03,FIN,L3,Y,1.0,39.0,2024-08-25,
ASN-006664-01,HRIS-WKR-006664,POS-SAL-L1-0148,JOB-SAL-L1-04,Sales L1 Role 04,SAL,L1,Y,1.0,39.0,2022-07-22,
ASN-006665-01,HRIS-WKR-006665,POS-ENG-L3-0016,JOB-ENG-L3-04,Engineering L3 Role 04,ENG,L3,Y,1.0,39.0,2024-05-07,
ASN-006666-01,HRIS-WKR-006666,POS-OPS-L2-0047,JOB-OPS-L2-05,Operations L2 Role 05,OPS,L2,Y,1.0,39.0,2023-12-11,
ASN-006666-02,HRIS-WKR-006666,POS-HR-L2-0116,JOB-HR-L2-02,People L2 Role 02,HR,L2,N,0.2,7.8,2022-11-27,
ASN-006667-01,HRIS-WKR-006667,POS-SAL-L1-0145,JOB-SAL-L1-01,Sales L1 Role 01,SAL,L1,Y,1.0,39.0,2020-09-03,
ASN-006668-01,HRIS-WKR-006668,POS-FIN-L4-0095,JOB-FIN-L4-05,Finance L4 Role 05,FIN,L4,Y,0.5,19.5,2022-11-11,
ASN-006669-01,HRIS-WKR-006669,POS-TEC-L4-0204,JOB-TEC-L4-06,Technology L4 Role 06,TEC,L4,Y,1.0,39.0,2023-09-14,
ASN-006670-01,HRIS-WKR-006670,POS-OPS-L4-0060,JOB-OPS-L4-06,Operations L4 Role 06,OPS,L4,Y,0.8,31.2,2019-09-23,
ASN-006671-01,HRIS-WKR-006671,POS-FIN-L3-0085,JOB-FIN-L3-01,Finance L3 Role 01,FIN,L3,Y,1.0,39.0,2020-01-10,
ASN-006672-01,HRIS-WKR-006672,POS-TEC-L6-0215,JOB-TEC-L6-05,Technology L6 Role 05,TEC,L6,Y,1.0,39.0,2021-09-04,
ASN-006673-01,HRIS-WKR-006673,POS-TEC-L6-0212,JOB-TEC-L6-02,Technology L6 Role 02,TEC,L6,Y,1.0,39.0,2021-10-08,
ASN-006674-01,HRIS-WKR-006674,POS-OPS-L2-0044,JOB-OPS-L2-02,Operations L2 Role 02,OPS,L2,Y,1.0,39.0,2020-02-12,
ASN-006675-01,HRIS-WKR-006675,POS-ENG-L6-0033,JOB-ENG-L6-03,Engineering L6 Role 03,ENG,L6,Y,1.0,39.0,2021-05-09,
ASN-006676-01,HRIS-WKR-006676,POS-HR-L5-0133,JOB-HR-L5-01,People L5 Role 01,HR,L3,Y,1.0,39.0,2018-06-18,
ASN-006677-01,HRIS-WKR-006677,POS-SAL-L5-0169,JOB-SAL-L5-01,Sales L5 Role 01,SAL,L5,Y,1.0,39.0,2018-01-06,
ASN-006678-01,HRIS-WKR-006678,POS-TEC-L4-0202,JOB-TEC-L4-04,Technology L4 Role 04,TEC,L2,Y,1.0,39.0,2024-11-02,
ASN-006679-01,HRIS-WKR-006679,POS-ENG-L2-0010,JOB-ENG-L2-04,Engineering L2 Role 04,ENG,L2,Y,0.6,23.4,2022-03-12,
ASN-006680-01,HRIS-WKR-006680,POS-ENG-L2-0010,JOB-ENG-L2-04,Engineering L2 Role 04,ENG,L2,Y,1.0,39.0,2018-04-28,
ASN-006681-01,HRIS-WKR-006681,POS-FIN-L6-0104,JOB-FIN-L6-02,Finance L6 Role 02,FIN,L6,Y,1.0,39.0,2021-09-08,
ASN-006682-01,HRIS-WKR-006682,POS-SAL-L6-0179,JOB-SAL-L6-05,Sales L6 Role 05,SAL,L6,Y,1.0,39.0,2023-11-12,
ASN-006682-02,HRIS-WKR-006682,POS-SAL-L3-0158,JOB-SAL-L3-02,Sales L3 Role 02,SAL,L3,N,0.3,11.7,2019-10-15,
ASN-006683-01,HRIS-WKR-006683,POS-TEC-L6-0212,JOB-TEC-L6-02,Technology L6 Role 02,TEC,L6,Y,0.6,23.4,2024-01-08,
ASN-006683-02,HRIS-WKR-006683,POS-OPS-L3-0049,JOB-OPS-L3-01,Operations L3 Role 01,OPS,L3,N,0.2,7.8,2022-05-31,
ASN-006684-01,HRIS-WKR-006684,POS-OPS-L4-0055,JOB-OPS-L4-01,Operations L4 Role 01,OPS,L4,Y,1.0,39.0,2018-03-25,
ASN-006685-01,HRIS-WKR-006685,POS-SAL-L6-0175,JOB-SAL-L6-01,Sales L6 Role 01,SAL,L6,Y,1.0,39.0,2019-08-24,
ASN-006686-01,HRIS-WKR-006686,POS-TEC-L5-0209,JOB-TEC-L5-05,Technology L5 Role 05,TEC,L5,Y,0.8,31.2,2024-09-01,
ASN-006687-01,HRIS-WKR-006687,POS-OPS-L3-0050,JOB-OPS-L3-02,Operations L3 Role 02,OPS,L3,Y,1.0,39.0,2025-12-03,
ASN-006688-01,HRIS-WKR-006688,POS-ENG-L6-0034,JOB-ENG-L6-04,Engineering L6 Role 04,ENG,L6,Y,1.0,39.0,2023-08-18,
ASN-006689-01,HRIS-WKR-006689,POS-ENG-L6-0034,JOB-ENG-L6-04,Engineering L6 Role 04,ENG,L6,Y,1.0,39.0,2020-06-15,
ASN-006690-01,HRIS-WKR-006690,POS-FIN-L4-0095,JOB-FIN-L4-05,Finance L4 Role 05,FIN,L4,Y,1.0,39.0,2023-07-12,
ASN-006690-02,HRIS-WKR-006690,POS-HR-L4-0129,JOB-HR-L4-03,People L4 Role 03,HR,L4,N,0.3,11.7,2019-11-30,
ASN-006691-01,HRIS-WKR-006691,POS-HR-L1-0110,JOB-HR-L1-02,People L1 Role 02,HR,L1,Y,0.6,23.4,2024-01-29,
ASN-006692-01,HRIS-WKR-006692,POS-FIN-L1-0074,JOB-FIN-L1-02,Finance L1 Role 02,FIN,L1,Y,1.0,39.0,2020-12-20,
ASN-006693-01,HRIS-WKR-006693,POS-OPS-L5-0064,JOB-OPS-L5-04,Operations L5 Role 04,OPS,L5,Y,1.0,39.0,2023-04-06,
ASN-006694-01,HRIS-WKR-006694,POS-TEC-L6-0214,JOB-TEC-L6-04,Technology L6 Role 04,TEC,L6,Y,,,2022-08-04,
ASN-006695-01,HRIS-WKR-006695,POS-HR-L6-0141,JOB-HR-L6-03,People L6 Role 03,HR,L6,Y,1.0,39.0,2020-10-07,
ASN-006696-01,HRIS-WKR-006696,POS-FIN-L6-0103,JOB-FIN-L6-01,Finance L6 Role 01,FIN,L6,Y,1.0,39.0,2020-10-06,
ASN-006697-01,HRIS-WKR-006697,POS-TEC-L3-0195,JOB-TEC-L3-03,Technology L3 Role 03,TEC,L3,Y,1.0,39.0,2024-07-30,
ASN-006698-01,HRIS-WKR-006698,POS-SAL-L3-0157,JOB-SAL-L3-01,Sales L3 Role 01,SAL,L3,Y,1.0,39.0,2019-07-03,
ASN-006699-01,HRIS-WKR-006699,POS-SAL-L3-0160,JOB-SAL-L3-04,Sales L3 Role 04,SAL,L3,Y,,,2020-11-01,
ASN-006699-02,HRIS-WKR-006699,POS-FIN-L1-0074,JOB-FIN-L1-02,Finance L1 Role 02,FIN,L1,N,0.2,7.8,2024-06-03,
ASN-006700-01,HRIS-WKR-006700,POS-HR-L6-0143,JOB-HR-L6-05,People L6 Role 05,HR,L6,Y,1.0,39.0,2018-09-03,
ASN-006701-01,HRIS-WKR-006701,POS-SAL-L3-0160,JOB-SAL-L3-04,Sales L3 Role 04,SAL,L5,Y,0.8,31.2,2022-04-29,
ASN-006702-01,HRIS-WKR-006702,POS-ENG-L6-0033,JOB-ENG-L6-03,Engineering L6 Role 03,ENG,L6,Y,1.0,39.0,2026-01-27,
ASN-006703-01,HRIS-WKR-006703,POS-SAL-L2-0153,JOB-SAL-L2-03,Sales L2 Role 03,SAL,L2,Y,1.0,39.0,2019-11-01,
ASN-006704-01,HRIS-WKR-006704,POS-HR-L5-0133,JOB-HR-L5-01,People L5 Role 01,HR,L5,Y,1.0,39.0,2026-01-29,
ASN-006705-01,HRIS-WKR-006705,POS-TEC-L6-0215,JOB-TEC-L6-05,Technology L6 Role 05,TEC,L6,Y,1.0,39.0,2023-12-19,
ASN-006706-01,HRIS-WKR-006706,POS-TEC-L2-0189,JOB-TEC-L2-03,Technology L2 Role 03,TEC,L2,Y,1.0,39.0,2020-06-10,
ASN-006707-01,HRIS-WKR-006707,POS-ENG-L5-0029,JOB-ENG-L5-05,Engineering L5 Role 05,ENG,L5,Y,0.8,31.2,2025-04-10,
ASN-006708-01,HRIS-WKR-006708,POS-OPS-L2-0046,JOB-OPS-L2-04,Operations L2 Role 04,OPS,L2,Y,1.0,39.0,2024-05-01,
ASN-006709-01,HRIS-WKR-006709,POS-SAL-L6-0178,JOB-SAL-L6-04,Sales L6 Role 04,SAL,L6,Y,1.0,39.0,2019-03-12,
ASN-006710-01,HRIS-WKR-006710,POS-TEC-L3-0196,JOB-TEC-L3-04,Technology L3 Role 04,TEC,L3,Y,0.8,31.2,2022-06-12,
ASN-006710-02,HRIS-WKR-006710,POS-FIN-L6-0103,JOB-FIN-L6-01,Finance L6 Role 01,FIN,L6,N,0.3,11.7,2025-11-09,
ASN-006711-01,HRIS-WKR-006711,POS-SAL-L1-0146,JOB-SAL-L1-02,Sales L1 Role 02,SAL,L1,Y,1.0,39.0,2018-01-24,
ASN-006712-01,HRIS-WKR-006712,POS-FIN-L4-0094,JOB-FIN-L4-04,Finance L4 Role 04,FIN,L4,Y,1.0,39.0,2020-07-14,
ASN-006713-01,HRIS-WKR-006713,POS-FIN-L6-0107,JOB-FIN-L6-05,Finance L6 Role 05,FIN,L6,Y,0.6,23.4,2020-07-20,
ASN-006714-01,HRIS-WKR-006714,POS-OPS-L6-0070,JOB-OPS-L6-04,Operations L6 Role 04,OPS,L6,Y,1.0,39.0,2024-11-28,
ASN-006715-01,HRIS-WKR-006715,POS-HR-L6-0143,JOB-HR-L6-05,People L6 Role 05,HR,L6,Y,1.0,39.0,2018-08-03,
ASN-006716-01,HRIS-WKR-006716,POS-SAL-L4-0168,JOB-SAL-L4-06,Sales L4 Role 06,SAL,L4,Y,1.0,39.0,2019-02-20,
ASN-006717-01,HRIS-WKR-006717,POS-OPS-L3-0052,JOB-OPS-L3-04,Operations L3 Role 04,OPS,L3,Y,1.0,39.0,2020-05-30,
ASN-006718-01,HRIS-WKR-006718,POS-SAL-L6-0180,JOB-SAL-L6-06,Sales L6 Role 06,SAL,L6,Y,0.5,19.5,2022-02-23,
ASN-006719-01,HRIS-WKR-006719,POS-HR-L2-0116,JOB-HR-L2-02,People L2 Role 02,HR,L2,Y,1.0,39.0,2022-10-17,
ASN-006720-01,HRIS-WKR-006720,POS-OPS-L4-0058,JOB-OPS-L4-04,Operations L4 Role 04,OPS,L4,Y,1.0,39.0,2024-09-02,
ASN-006721-01,HRIS-WKR-006721,POS-ENG-L4-0023,JOB-ENG-L4-05,Engineering L4 Role 05,ENG,L4,Y,1.0,39.0,2021-03-30,
ASN-006722-01,HRIS-WKR-006722,POS-FIN-L5-0097,JOB-FIN-L5-01,Finance L5 Role 01,FIN,L5,Y,1.0,39.0,2019-03-16,
ASN-006723-01,HRIS-WKR-006723,POS-ENG-L4-0021,JOB-ENG-L4-03,Engineering L4 Role 03,ENG,L4,Y,1.0,39.0,2021-03-22,
ASN-006723-02,HRIS-WKR-006723,POS-ENG-L1-0005,JOB-ENG-L1-05,Engineering L1 Role 05,ENG,L1,N,0.4,15.6,2020-08-30,
ASN-006724-01,HRIS-WKR-006724,POS-ENG-L3-0014,JOB-ENG-L3-02,Engineering L3 Role 02,ENG,L3,Y,1.0,39.0,2022-06-09,
ASN-006725-01,HRIS-WKR-006725,POS-ENG-L3-0017,JOB-ENG-L3-05,Engineering L3 Role 05,ENG,L3,Y,1.0,39.0,2020-07-09,
ASN-006726-01,HRIS-WKR-006726,POS-TEC-L6-0212,JOB-TEC-L6-02,Technology L6 Role 02,TEC,L6,Y,1.0,39.0,2018-10-24,
ASN-006727-01,HRIS-WKR-006727,POS-ENG-L6-0034,JOB-ENG-L6-04,Engineering L6 Role 04,ENG,L6,Y,1.0,39.0,2022-10-14,
ASN-006728-01,HRIS-WKR-006728,POS-HR-L6-0144,JOB-HR-L6-06,People L6 Role 06,HR,L6,Y,1.0,39.0,2022-08-02,
ASN-006729-01,HRIS-WKR-006729,POS-ENG-L3-0017,JOB-ENG-L3-05,Engineering L3 Role 05,ENG,L3,Y,1.0,39.0,2018-01-24,
ASN-006729-02,HRIS-WKR-006729,POS-OPS-L6-0072,JOB-OPS-L6-06,Operations L6 Role 06,OPS,L6,N,0.2,7.8,2021-01-13,
ASN-006730-01,HRIS-WKR-006730,POS-OPS-L3-0052,JOB-OPS-L3-04,Operations L3 Role 04,OPS,L3,Y,0.6,23.4,2023-03-24,
ASN-006731-01,HRIS-WKR-006731,POS-TEC-L1-0186,JOB-TEC-L1-06,Technology L1 Role 06,TEC,L1,Y,1.0,39.0,2019-11-04,
ASN-006732-01,HRIS-WKR-006732,POS-HR-L4-0131,JOB-HR-L4-05,People L4 Role 05,HR,L4,Y,1.0,39.0,2020-01-17,
ASN-006733-01,HRIS-WKR-006733,POS-FIN-L4-0096,JOB-FIN-L4-06,Finance L4 Role 06,FIN,L4,Y,0.4,15.6,2018-09-02,
ASN-006734-01,HRIS-WKR-006734,POS-TEC-L3-0193,JOB-TEC-L3-01,Technology L3 Role 01,TEC,L3,Y,1.0,39.0,2024-04-09,
ASN-006735-01,HRIS-WKR-006735,POS-OPS-L1-0040,JOB-OPS-L1-04,Operations L1 Role 04,OPS,L1,Y,1.0,39.0,2020-04-14,
ASN-006736-01,HRIS-WKR-006736,POS-TEC-L5-0206,JOB-TEC-L5-02,Technology L5 Role 02,TEC,L5,Y,1.0,39.0,2025-02-11,
ASN-006737-01,HRIS-WKR-006737,POS-HR-L4-0127,JOB-HR-L4-01,People L4 Role 01,HR,L4,Y,1.0,39.0,2024-08-30,
ASN-006738-01,HRIS-WKR-006738,POS-TEC-L2-0191,JOB-TEC-L2-05,Technology L2 Role 05,TEC,L2,Y,0.8,31.2,2021-11-05,
ASN-006739-01,HRIS-WKR-006739,POS-TEC-L5-0206,JOB-TEC-L5-02,Technology L5 Role 02,TEC,L5,Y,0.8,31.2,2020-07-18,
ASN-006740-01,HRIS-WKR-006740,POS-OPS-L2-0047,JOB-OPS-L2-05,Operations L2 Role 05,OPS,L2,Y,1.0,39.0,2019-11-03,
ASN-006741-01,HRIS-WKR-006741,POS-ENG-L1-0002,JOB-ENG-L1-02,Engineering L1 Role 02,ENG,L1,Y,1.0,39.0,2020-01-04,
ASN-006742-01,HRIS-WKR-006742,POS-OPS-L1-0038,JOB-OPS-L1-02,Operations L1 Role 02,OPS,L1,Y,1.0,39.0,2025-02-06,
ASN-006743-01,HRIS-WKR-006743,POS-SAL-L6-0179,JOB-SAL-L6-05,Sales L6 Role 05,SAL,L6,Y,1.0,39.0,2020-09-08,
ASN-006744-01,HRIS-WKR-006744,POS-HR-L1-0110,JOB-HR-L1-02,People L1 Role 02,HR,L1,Y,1.0,39.0,2018-10-22,
ASN-006745-01,HRIS-WKR-006745,POS-SAL-L4-0165,JOB-SAL-L4-03,Sales L4 Role 03,SAL,L4,Y,1.0,39.0,2024-09-23,
ASN-006746-01,HRIS-WKR-006746,POS-TEC-L4-0200,JOB-TEC-L4-02,Technology L4 Role 02,TEC,L4,Y,1.0,39.0,2020-08-20,
ASN-006747-01,HRIS-WKR-006747,POS-FIN-L6-0103,JOB-FIN-L6-01,Finance L6 Role 01,FIN,L6,Y,1.0,39.0,2020-09-04,
ASN-006748-01,HRIS-WKR-006748,POS-SAL-L6-0176,JOB-SAL-L6-02,Sales L6 Role 02,SAL,L6,Y,1.0,39.0,2025-03-23,
ASN-006749-01,HRIS-WKR-006749,POS-FIN-L6-0106,JOB-FIN-L6-04,Finance L6 Role 04,FIN,L4,Y,1.0,39.0,2018-04-24,
ASN-006749-02,HRIS-WKR-006749,POS-HR-L3-0121,JOB-HR-L3-01,People L3 Role 01,HR,L3,N,0.3,11.7,2023-06-14,
ASN-006750-01,HRIS-WKR-006750,POS-SAL-L5-0171,JOB-SAL-L5-03,Sales L5 Role 03,SAL,L5,Y,1.0,39.0,2025-03-12,
ASN-006751-01,HRIS-WKR-006751,POS-TEC-L3-0196,JOB-TEC-L3-04,Technology L3 Role 04,TEC,L3,Y,1.0,39.0,2023-08-21,
ASN-006752-01,HRIS-WKR-006752,POS-ENG-L5-0025,JOB-ENG-L5-01,Engineering L5 Role 01,ENG,L5,Y,0.8,31.2,2025-06-30,
ASN-006753-01,HRIS-WKR-006753,POS-HR-L1-0109,JOB-HR-L1-01,People L1 Role 01,HR,L1,Y,1.0,39.0,2021-12-18,
ASN-006753-02,HRIS-WKR-006753,POS-SAL-L6-0178,JOB-SAL-L6-04,Sales L6 Role 04,SAL,L6,N,0.2,7.8,2018-10-24,
ASN-006754-01,HRIS-WKR-006754,POS-OPS-L1-0040,JOB-OPS-L1-04,Operations L1 Role 04,OPS,L1,Y,0.8,31.2,2021-07-02,
ASN-006754-02,HRIS-WKR-006754,POS-OPS-L6-0070,JOB-OPS-L6-04,Operations L6 Role 04,OPS,L6,N,0.3,11.7,2020-04-28,
ASN-006755-01,HRIS-WKR-006755,POS-SAL-L1-0146,JOB-SAL-L1-02,Sales L1 Role 02,SAL,L1,Y,1.0,39.0,2024-11-12,
ASN-006756-01,HRIS-WKR-006756,POS-OPS-L2-0045,JOB-OPS-L2-03,Operations L2 Role 03,OPS,L2,Y,0.8,31.2,2024-04-24,
ASN-006757-01,HRIS-WKR-006757,POS-HR-L5-0134,JOB-HR-L5-02,People L5 Role 02,HR,L3,Y,1.0,39.0,2024-06-18,
ASN-006758-01,HRIS-WKR-006758,POS-OPS-L2-0047,JOB-OPS-L2-05,Operations L2 Role 05,OPS,L2,Y,0.5,19.5,2022-05-13,
ASN-006759-01,HRIS-WKR-006759,POS-HR-L3-0123,JOB-HR-L3-03,People L3 Role 03,HR,L3,Y,1.0,39.0,2021-12-19,
ASN-006760-01,HRIS-WKR-006760,POS-FIN-L2-0083,JOB-FIN-L2-05,Finance L2 Role 05,FIN,L2,Y,0.8,31.2,2022-12-24,
ASN-006761-01,HRIS-WKR-006761,POS-OPS-L6-0072,JOB-OPS-L6-06,Operations L6 Role 06,OPS,L6,Y,1.0,39.0,2020-04-23,
ASN-006762-01,HRIS-WKR-006762,POS-OPS-L4-0057,JOB-OPS-L4-03,Operations L4 Role 03,OPS,L4,Y,1.0,39.0,2026-01-02,
ASN-006763-01,HRIS-WKR-006763,POS-SAL-L6-0176,JOB-SAL-L6-02,Sales L6 Role 02,SAL,L6,Y,,,2025-04-30,
ASN-006763-02,HRIS-WKR-006763,POS-TEC-L4-0202,JOB-TEC-L4-04,Technology L4 Role 04,TEC,L4,N,0.2,7.8,2020-06-16,
ASN-006764-01,HRIS-WKR-006764,POS-TEC-L2-0187,JOB-TEC-L2-01,Technology L2 Role 01,TEC,L2,Y,1.0,39.0,2018-04-26,
ASN-006765-01,HRIS-WKR-006765,POS-HR-L5-0133,JOB-HR-L5-01,People L5 Role 01,HR,L5,Y,0.8,31.2,2018-08-03,
ASN-006766-01,HRIS-WKR-006766,POS-ENG-L6-0031,JOB-ENG-L6-01,Engineering L6 Role 01,ENG,L6,Y,1.0,39.0,2023-12-25,
ASN-006767-01,HRIS-WKR-006767,POS-FIN-L3-0089,JOB-FIN-L3-05,Finance L3 Role 05,FIN,L3,Y,0.8,31.2,2025-01-06,
ASN-006768-01,HRIS-WKR-006768,POS-FIN-L1-0075,JOB-FIN-L1-03,Finance L1 Role 03,FIN,L1,Y,1.0,39.0,2025-12-07,
ASN-006769-01,HRIS-WKR-006769,POS-ENG-L2-0009,JOB-ENG-L2-03,Engineering L2 Role 03,ENG,L2,Y,1.0,39.0,2020-10-03,
ASN-006769-02,HRIS-WKR-006769,POS-FIN-L1-0078,JOB-FIN-L1-06,Finance L1 Role 06,FIN,L1,N,0.3,11.7,2022-08-07,
ASN-006770-01,HRIS-WKR-006770,POS-FIN-L3-0086,JOB-FIN-L3-02,Finance L3 Role 02,FIN,L1,Y,0.4,15.6,2021-05-28,
ASN-006771-01,HRIS-WKR-006771,POS-FIN-L4-0096,JOB-FIN-L4-06,Finance L4 Role 06,FIN,L4,Y,1.0,39.0,2021-04-30,
ASN-006772-01,HRIS-WKR-006772,POS-SAL-L3-0159,JOB-SAL-L3-03,Sales L3 Role 03,SAL,L3,Y,,,2020-09-20,
ASN-006773-01,HRIS-WKR-006773,POS-SAL-L4-0166,JOB-SAL-L4-04,Sales L4 Role 04,SAL,L4,Y,0.5,19.5,2020-11-16,
ASN-006774-01,HRIS-WKR-006774,POS-FIN-L2-0081,JOB-FIN-L2-03,Finance L2 Role 03,FIN,L2,Y,1.0,39.0,2022-07-26,
ASN-006775-01,HRIS-WKR-006775,POS-SAL-L6-0179,JOB-SAL-L6-05,Sales L6 Role 05,SAL,L6,Y,1.0,39.0,2018-11-16,
ASN-006776-01,HRIS-WKR-006776,POS-ENG-L2-0008,JOB-ENG-L2-02,Engineering L2 Role 02,ENG,L2,Y,1.0,39.0,2024-06-03,
ASN-006777-01,HRIS-WKR-006777,POS-TEC-L1-0183,JOB-TEC-L1-03,Technology L1 Role 03,TEC,L1,Y,0.5,19.5,2019-06-23,
ASN-006778-01,HRIS-WKR-006778,POS-ENG-L3-0015,JOB-ENG-L3-03,Engineering L3 Role 03,ENG,L3,Y,1.0,39.0,2019-10-12,
ASN-006779-01,HRIS-WKR-006779,POS-HR-L3-0121,JOB-HR-L3-01,People L3 Role 01,HR,L3,Y,0.6,23.4,2024-04-10,
ASN-006780-01,HRIS-WKR-006780,POS-FIN-L5-0097,JOB-FIN-L5-01,Finance L5 Role 01,FIN,L5,Y,1.0,39.0,2019-11-29,
ASN-006781-01,HRIS-WKR-006781,POS-ENG-L1-0002,JOB-ENG-L1-02,Engineering L1 Role 02,ENG,L1,Y,1.0,39.0,2020-07-19,
ASN-006782-01,HRIS-WKR-006782,POS-OPS-L4-0060,JOB-OPS-L4-06,Operations L4 Role 06,OPS,L4,Y,1.0,39.0,2025-06-21,
ASN-006783-01,HRIS-WKR-006783,POS-TEC-L4-0202,JOB-TEC-L4-04,Technology L4 Role 04,TEC,L4,Y,1.0,39.0,2022-12-29,
ASN-006784-01,HRIS-WKR-006784,POS-TEC-L2-0189,JOB-TEC-L2-03,Technology L2 Role 03,TEC,L2,Y,1.0,39.0,2023-08-12,
ASN-006785-01,HRIS-WKR-006785,POS-TEC-L2-0188,JOB-TEC-L2-02,Technology L2 Role 02,TEC,L2,Y,1.0,39.0,2021-08-18,
ASN-006785-02,HRIS-WKR-006785,POS-HR-L4-0127,JOB-HR-L4-01,People L4 Role 01,HR,L4,N,0.3,11.7,2020-07-27,
ASN-006786-01,HRIS-WKR-006786,POS-HR-L3-0126,JOB-HR-L3-06,People L3 Role 06,HR,L3,Y,0.4,15.6,2019-03-26,
ASN-006787-01,HRIS-WKR-006787,POS-OPS-L3-0050,JOB-OPS-L3-02,Operations L3 Role 02,OPS,L3,Y,1.0,39.0,2025-03-28,
ASN-006788-01,HRIS-WKR-006788,POS-SAL-L2-0155,JOB-SAL-L2-05,Sales L2 Role 05,SAL,L2,Y,0.8,31.2,2020-08-31,
ASN-006789-01,HRIS-WKR-006789,POS-HR-L2-0119,JOB-HR-L2-05,People L2 Role 05,HR,L2,Y,0.8,31.2,2019-05-20,
ASN-006790-01,HRIS-WKR-006790,POS-HR-L3-0125,JOB-HR-L3-05,People L3 Role 05,HR,L3,Y,1.0,39.0,2021-09-28,
ASN-006791-01,HRIS-WKR-006791,POS-ENG-L1-0005,JOB-ENG-L1-05,Engineering L1 Role 05,ENG,L1,Y,1.0,39.0,2022-12-14,
ASN-006791-02,HRIS-WKR-006791,POS-TEC-L1-0186,JOB-TEC-L1-06,Technology L1 Role 06,TEC,L1,N,0.3,11.7,2026-01-04,
ASN-006792-01,HRIS-WKR-006792,POS-OPS-L5-0065,JOB-OPS-L5-05,Operations L5 Role 05,OPS,L5,Y,1.0,39.0,2018-12-23,
ASN-006793-01,HRIS-WKR-006793,POS-FIN-L1-0074,JOB-FIN-L1-02,Finance L1 Role 02,FIN,L1,Y,1.0,39.0,2018-09-24,
ASN-006794-01,HRIS-WKR-006794,POS-OPS-L5-0064,JOB-OPS-L5-04,Operations L5 Role 04,OPS,L5,Y,1.0,39.0,2024-05-29,
ASN-006795-01,HRIS-WKR-006795,POS-TEC-L6-0213,JOB-TEC-L6-03,Technology L6 Role 03,TEC,L6,Y,0.8,31.2,2024-07-31,
ASN-006796-01,HRIS-WKR-006796,POS-HR-L1-0112,JOB-HR-L1-04,People L1 Role 04,HR,L3,Y,1.0,39.0,2022-05-27,
ASN-006796-02,HRIS-WKR-006796,POS-OPS-L1-0039,JOB-OPS-L1-03,Operations L1 Role 03,OPS,L1,N,0.2,7.8,2024-03-11,
ASN-006797-01,HRIS-WKR-006797,POS-ENG-L4-0019,JOB-ENG-L4-01,Engineering L4 Role 01,ENG,L4,Y,1.0,39.0,2020-08-07,
ASN-006798-01,HRIS-WKR-006798,POS-ENG-L2-0011,JOB-ENG-L2-05,Engineering L2 Role 05,ENG,L2,Y,1.0,39.0,2025-12-15,
ASN-006799-01,HRIS-WKR-006799,POS-HR-L2-0116,JOB-HR-L2-02,People L2 Role 02,HR,L4,Y,1.0,39.0,2018-09-05,
ASN-006800-01,HRIS-WKR-006800,POS-TEC-L3-0197,JOB-TEC-L3-05,Technology L3 Role 05,TEC,L3,Y,0.8,31.2,2023-12-13,
ASN-006801-01,HRIS-WKR-006801,POS-HR-L2-0116,JOB-HR-L2-02,People L2 Role 02,HR,L2,Y,0.8,31.2,2020-11-01,
ASN-006802-01,HRIS-WKR-006802,POS-FIN-L1-0073,JOB-FIN-L1-01,Finance L1 Role 01,FIN,L1,Y,1.0,39.0,2021-08-26,
ASN-006803-01,HRIS-WKR-006803,POS-FIN-L1-0078,JOB-FIN-L1-06,Finance L1 Role 06,FIN,L1,Y,1.0,39.0,2022-06-11,
ASN-006804-01,HRIS-WKR-006804,POS-FIN-L3-0087,JOB-FIN-L3-03,Finance L3 Role 03,FIN,L3,Y,0.8,31.2,2019-04-04,
ASN-006805-01,HRIS-WKR-006805,POS-FIN-L2-0084,JOB-FIN-L2-06,Finance L2 Role 06,FIN,L2,Y,0.6,23.4,2020-08-08,
ASN-006806-01,HRIS-WKR-006806,POS-ENG-L3-0016,JOB-ENG-L3-04,Engineering L3 Role 04,ENG,L3,Y,1.0,39.0,2025-04-21,
ASN-006807-01,HRIS-WKR-006807,POS-FIN-L5-0100,JOB-FIN-L5-04,Finance L5 Role 04,FIN,L5,Y,1.0,39.0,2023-10-02,
ASN-006808-01,HRIS-WKR-006808,POS-SAL-L3-0162,JOB-SAL-L3-06,Sales L3 Role 06,SAL,L3,Y,1.0,39.0,2023-02-23,
ASN-006809-01,HRIS-WKR-006809,POS-ENG-L3-0018,JOB-ENG-L3-06,Engineering L3 Role 06,ENG,L3,Y,0.5,19.5,2019-03-12,
ASN-006810-01,HRIS-WKR-006810,POS-HR-L2-0116,JOB-HR-L2-02,People L2 Role 02,HR,L2,Y,1.0,39.0,2018-09-24,
ASN-006810-02,HRIS-WKR-006810,POS-FIN-L3-0090,JOB-FIN-L3-06,Finance L3 Role 06,FIN,L3,N,0.2,7.8,2018-05-04,
ASN-006811-01,HRIS-WKR-006811,POS-HR-L1-0111,JOB-HR-L1-03,People L1 Role 03,HR,L1,Y,1.0,39.0,2021-10-10,
ASN-006812-01,HRIS-WKR-006812,POS-OPS-L6-0067,JOB-OPS-L6-01,Operations L6 Role 01,OPS,L6,Y,1.0,39.0,2022-08-01,
ASN-006812-02,HRIS-WKR-006812,POS-ENG-L2-0007,JOB-ENG-L2-01,Engineering L2 Role 01,ENG,L2,N,0.3,11.7,2025-05-07,
ASN-006813-01,HRIS-WKR-006813,POS-HR-L2-0115,JOB-HR-L2-01,People L2 Role 01,HR,L2,Y,0.8,31.2,2018-09-14,
ASN-006814-01,HRIS-WKR-006814,POS-TEC-L3-0195,JOB-TEC-L3-03,Technology L3 Role 03,TEC,L3,Y,1.0,39.0,2018-12-19,
ASN-006815-01,HRIS-WKR-006815,POS-HR-L5-0137,JOB-HR-L5-05,People L5 Role 05,HR,L5,Y,1.0,39.0,2021-04-16,
ASN-006816-01,HRIS-WKR-006816,POS-HR-L1-0109,JOB-HR-L1-01,People L1 Role 01,HR,L1,Y,0.5,19.5,2020-03-15,
ASN-006817-01,HRIS-WKR-006817,POS-SAL-L1-0149,JOB-SAL-L1-05,Sales L1 Role 05,SAL,L1,Y,1.0,39.0,2022-09-29,
ASN-006818-01,HRIS-WKR-006818,POS-SAL-L3-0162,JOB-SAL-L3-06,Sales L3 Role 06,SAL,L3,Y,1.0,39.0,2022-01-04,
ASN-006819-01,HRIS-WKR-006819,POS-TEC-L4-0200,JOB-TEC-L4-02,Technology L4 Role 02,TEC,L4,Y,1.0,39.0,2020-12-11,
ASN-006819-02,HRIS-WKR-006819,POS-TEC-L4-0199,JOB-TEC-L4-01,Technology L4 Role 01,TEC,L4,N,0.3,11.7,2022-01-14,
ASN-006820-01,HRIS-WKR-006820,POS-TEC-L1-0182,JOB-TEC-L1-02,Technology L1 Role 02,TEC,L1,Y,1.0,39.0,2024-12-27,
ASN-006821-01,HRIS-WKR-006821,POS-SAL-L6-0179,JOB-SAL-L6-05,Sales L6 Role 05,SAL,L6,Y,0.5,19.5,2024-02-03,
ASN-006822-01,HRIS-WKR-006822,POS-OPS-L3-0050,JOB-OPS-L3-02,Operations L3 Role 02,OPS,L3,Y,0.4,15.6,2025-10-23,
ASN-006823-01,HRIS-WKR-006823,POS-ENG-L6-0031,JOB-ENG-L6-01,Engineering L6 Role 01,ENG,L6,Y,1.0,39.0,2021-10-11,
ASN-006824-01,HRIS-WKR-006824,POS-ENG-L6-0034,JOB-ENG-L6-04,Engineering L6 Role 04,ENG,L6,Y,1.0,39.0,2023-05-12,
ASN-006825-01,HRIS-WKR-006825,POS-HR-L1-0110,JOB-HR-L1-02,People L1 Role 02,HR,L1,Y,1.0,39.0,2022-02-11,
ASN-006826-01,HRIS-WKR-006826,POS-TEC-L5-0205,JOB-TEC-L5-01,Technology L5 Role 01,TEC,L5,Y,1.0,39.0,2021-03-01,
ASN-006827-01,HRIS-WKR-006827,POS-FIN-L5-0099,JOB-FIN-L5-03,Finance L5 Role 03,FIN,L5,Y,1.0,39.0,2024-11-09,
ASN-006828-01,HRIS-WKR-006828,POS-FIN-L6-0106,JOB-FIN-L6-04,Finance L6 Role 04,FIN,L6,Y,1.0,39.0,2024-05-11,
ASN-006829-01,HRIS-WKR-006829,POS-OPS-L4-0056,JOB-OPS-L4-02,Operations L4 Role 02,OPS,L4,Y,0.6,23.4,2025-01-01,
ASN-006830-01,HRIS-WKR-006830,POS-ENG-L5-0029,JOB-ENG-L5-05,Engineering L5 Role 05,ENG,L5,Y,1.0,39.0,2019-02-08,
ASN-006831-01,HRIS-WKR-006831,POS-SAL-L4-0168,JOB-SAL-L4-06,Sales L4 Role 06,SAL,L4,Y,1.0,39.0,2022-03-22,
ASN-006832-01,HRIS-WKR-006832,POS-HR-L1-0110,JOB-HR-L1-02,People L1 Role 02,HR,L1,Y,1.0,39.0,2022-07-30,
ASN-006832-02,HRIS-WKR-006832,POS-FIN-L6-0107,JOB-FIN-L6-05,Finance L6 Role 05,FIN,L6,N,0.3,11.7,2018-11-26,
ASN-006833-01,HRIS-WKR-006833,POS-OPS-L3-0054,JOB-OPS-L3-06,Operations L3 Role 06,OPS,L3,Y,1.0,39.0,2019-10-07,
ASN-006834-01,HRIS-WKR-006834,POS-HR-L6-0141,JOB-HR-L6-03,People L6 Role 03,HR,L6,Y,0.6,23.4,2021-11-20,
ASN-006835-01,HRIS-WKR-006835,POS-ENG-L1-0006,JOB-ENG-L1-06,Engineering L1 Role 06,ENG,L1,Y,0.8,31.2,2023-03-05,
ASN-006836-01,HRIS-WKR-006836,POS-ENG-L2-0010,JOB-ENG-L2-04,Engineering L2 Role 04,ENG,L2,Y,1.0,39.0,2020-04-08,
ASN-006837-01,HRIS-WKR-006837,POS-SAL-L4-0167,JOB-SAL-L4-05,Sales L4 Role 05,SAL,L4,Y,1.0,39.0,2025-10-09,
ASN-006838-01,HRIS-WKR-006838,POS-OPS-L5-0064,JOB-OPS-L5-04,Operations L5 Role 04,OPS,L5,Y,,,2023-06-09,
ASN-006839-01,HRIS-WKR-006839,POS-OPS-L2-0047,JOB-OPS-L2-05,Operations L2 Role 05,OPS,L2,Y,0.8,31.2,2020-12-22,
ASN-006840-01,HRIS-WKR-006840,POS-ENG-L5-0026,JOB-ENG-L5-02,Engineering L5 Role 02,ENG,L5,Y,1.0,39.0,2025-08-24,
ASN-006841-01,HRIS-WKR-006841,POS-ENG-L4-0023,JOB-ENG-L4-05,Engineering L4 Role 05,ENG,L4,Y,1.0,39.0,2019-02-02,
ASN-006842-01,HRIS-WKR-006842,POS-FIN-L5-0098,JOB-FIN-L5-02,Finance L5 Role 02,FIN,L5,Y,1.0,39.0,2022-04-30,
ASN-006843-01,HRIS-WKR-006843,POS-TEC-L2-0187,JOB-TEC-L2-01,Technology L2 Role 01,TEC,L2,Y,0.8,31.2,2019-10-10,
ASN-006844-01,HRIS-WKR-006844,POS-OPS-L6-0067,JOB-OPS-L6-01,Operations L6 Role 01,OPS,L6,Y,1.0,39.0,2025-02-01,
ASN-006845-01,HRIS-WKR-006845,POS-ENG-L6-0032,JOB-ENG-L6-02,Engineering L6 Role 02,ENG,L6,Y,1.0,39.0,2025-09-15,
ASN-006846-01,HRIS-WKR-006846,POS-SAL-L3-0162,JOB-SAL-L3-06,Sales L3 Role 06,SAL,L3,Y,1.0,39.0,2019-04-26,
ASN-006846-02,HRIS-WKR-006846,POS-TEC-L5-0206,JOB-TEC-L5-02,Technology L5 Role 02,TEC,L5,N,0.4,15.6,2019-08-12,
ASN-006847-01,HRIS-WKR-006847,POS-HR-L6-0142,JOB-HR-L6-04,People L6 Role 04,HR,L6,Y,0.8,31.2,2019-03-31,
ASN-006847-02,HRIS-WKR-006847,POS-OPS-L5-0061,JOB-OPS-L5-01,Operations L5 Role 01,OPS,L5,N,0.2,7.8,2018-09-22,
ASN-006848-01,HRIS-WKR-006848,POS-HR-L3-0124,JOB-HR-L3-04,People L3 Role 04,HR,L3,Y,1.0,39.0,2022-06-12,
ASN-006849-01,HRIS-WKR-006849,POS-TEC-L5-0205,JOB-TEC-L5-01,Technology L5 Role 01,TEC,L5,Y,0.4,15.6,2021-04-27,
ASN-006850-01,HRIS-WKR-006850,POS-TEC-L4-0199,JOB-TEC-L4-01,Technology L4 Role 01,TEC,L4,Y,0.8,31.2,2019-06-14,
ASN-006851-01,HRIS-WKR-006851,POS-SAL-L2-0154,JOB-SAL-L2-04,Sales L2 Role 04,SAL,L2,Y,1.0,39.0,2022-05-18,
ASN-006852-01,HRIS-WKR-006852,POS-OPS-L4-0058,JOB-OPS-L4-04,Operations L4 Role 04,OPS,L4,Y,1.0,39.0,2024-11-21,
ASN-006853-01,HRIS-WKR-006853,POS-SAL-L6-0177,JOB-SAL-L6-03,Sales L6 Role 03,SAL,L6,Y,0.8,31.2,2022-06-28,
ASN-006854-01,HRIS-WKR-006854,POS-TEC-L6-0216,JOB-TEC-L6-06,Technology L6 Role 06,TEC,L6,Y,1.0,39.0,2021-12-12,
ASN-006855-01,HRIS-WKR-006855,POS-SAL-L6-0180,JOB-SAL-L6-06,Sales L6 Role 06,SAL,L6,Y,1.0,39.0,2022-12-26,
ASN-006856-01,HRIS-WKR-006856,POS-ENG-L4-0020,JOB-ENG-L4-02,Engineering L4 Role 02,ENG,L4,Y,1.0,39.0,2021-08-29,
ASN-006857-01,HRIS-WKR-006857,POS-ENG-L1-0006,JOB-ENG-L1-06,Engineering L1 Role 06,ENG,L1,Y,1.0,39.0,2024-11-13,
ASN-006858-01,HRIS-WKR-006858,POS-HR-L2-0116,JOB-HR-L2-02,People L2 Role 02,HR,L2,Y,1.0,39.0,2024-07-10,
ASN-006859-01,HRIS-WKR-006859,POS-ENG-L6-0036,JOB-ENG-L6-06,Engineering L6 Role 06,ENG,L6,Y,0.8,31.2,2023-06-01,
ASN-006860-01,HRIS-WKR-006860,POS-OPS-L6-0072,JOB-OPS-L6-06,Operations L6 Role 06,OPS,L6,Y,0.8,31.2,2021-10-12,
ASN-006861-01,HRIS-WKR-006861,POS-FIN-L4-0091,JOB-FIN-L4-01,Finance L4 Role 01,FIN,L4,Y,0.8,31.2,2024-04-30,
ASN-006861-02,HRIS-WKR-006861,POS-TEC-L5-0209,JOB-TEC-L5-05,Technology L5 Role 05,TEC,L5,N,0.3,11.7,2024-07-27,
ASN-006862-01,HRIS-WKR-006862,POS-ENG-L6-0031,JOB-ENG-L6-01,Engineering L6 Role 01,ENG,L6,Y,1.0,39.0,2018-09-25,
ASN-006863-01,HRIS-WKR-006863,POS-FIN-L3-0088,JOB-FIN-L3-04,Finance L3 Role 04,FIN,L3,Y,1.0,39.0,2020-06-23,
ASN-006863-02,HRIS-WKR-006863,POS-ENG-L6-0033,JOB-ENG-L6-03,Engineering L6 Role 03,ENG,L6,N,0.4,15.6,2020-06-29,
ASN-006864-01,HRIS-WKR-006864,POS-HR-L4-0127,JOB-HR-L4-01,People L4 Role 01,HR,L4,Y,1.0,39.0,2023-04-20,
ASN-006865-01,HRIS-WKR-006865,POS-OPS-L5-0064,JOB-OPS-L5-04,Operations L5 Role 04,OPS,L5,Y,1.0,39.0,2021-12-11,
ASN-006866-01,HRIS-WKR-006866,POS-FIN-L2-0083,JOB-FIN-L2-05,Finance L2 Role 05,FIN,L2,Y,1.0,39.0,2024-12-16,
ASN-006867-01,HRIS-WKR-006867,POS-HR-L2-0119,JOB-HR-L2-05,People L2 Role 05,HR,L2,Y,1.0,39.0,2022-04-27,
ASN-006868-01,HRIS-WKR-006868,POS-ENG-L1-0002,JOB-ENG-L1-02,Engineering L1 Role 02,ENG,L1,Y,1.0,39.0,2024-05-02,
ASN-006869-01,HRIS-WKR-006869,POS-SAL-L2-0153,JOB-SAL-L2-03,Sales L2 Role 03,SAL,L2,Y,1.0,39.0,2021-03-17,
ASN-006870-01,HRIS-WKR-006870,POS-SAL-L1-0149,JOB-SAL-L1-05,Sales L1 Role 05,SAL,L1,Y,1.0,39.0,2023-10-22,
ASN-006871-01,HRIS-WKR-006871,POS-FIN-L2-0082,JOB-FIN-L2-04,Finance L2 Role 04,FIN,L1,Y,0.8,31.2,2023-01-17,
ASN-006872-01,HRIS-WKR-006872,POS-TEC-L4-0202,JOB-TEC-L4-04,Technology L4 Role 04,TEC,L6,Y,1.0,39.0,2020-03-27,
ASN-006873-01,HRIS-WKR-006873,POS-FIN-L2-0080,JOB-FIN-L2-02,Finance L2 Role 02,FIN,L2,Y,1.0,39.0,2026-01-30,
ASN-006874-01,HRIS-WKR-006874,POS-FIN-L2-0084,JOB-FIN-L2-06,Finance L2 Role 06,FIN,L2,Y,1.0,39.0,2018-02-12,
ASN-006875-01,HRIS-WKR-006875,POS-SAL-L2-0151,JOB-SAL-L2-01,Sales L2 Role 01,SAL,L2,Y,0.8,31.2,2020-10-30,
ASN-006876-01,HRIS-WKR-006876,POS-ENG-L5-0027,JOB-ENG-L5-03,Engineering L5 Role 03,ENG,L6,Y,1.0,39.0,2021-08-31,
ASN-006877-01,HRIS-WKR-006877,POS-ENG-L2-0010,JOB-ENG-L2-04,Engineering L2 Role 04,ENG,L2,Y,1.0,39.0,2019-12-12,
ASN-006878-01,HRIS-WKR-006878,POS-SAL-L6-0177,JOB-SAL-L6-03,Sales L6 Role 03,SAL,L6,Y,1.0,39.0,2022-07-07,
ASN-006879-01,HRIS-WKR-006879,POS-OPS-L5-0061,JOB-OPS-L5-01,Operations L5 Role 01,OPS,L5,Y,1.0,39.0,2023-11-21,
ASN-006880-01,HRIS-WKR-006880,POS-TEC-L4-0199,JOB-TEC-L4-01,Technology L4 Role 01,TEC,L4,Y,0.6,23.4,2020-06-25,
ASN-006881-01,HRIS-WKR-006881,POS-OPS-L1-0038,JOB-OPS-L1-02,Operations L1 Role 02,OPS,L1,Y,1.0,39.0,2024-03-11,
ASN-006882-01,HRIS-WKR-006882,POS-OPS-L6-0068,JOB-OPS-L6-02,Operations L6 Role 02,OPS,L6,Y,0.8,31.2,2021-05-22,
ASN-006882-02,HRIS-WKR-006882,POS-FIN-L4-0091,JOB-FIN-L4-01,Finance L4 Role 01,FIN,L4,N,0.2,7.8,2022-06-19,
ASN-006883-01,HRIS-WKR-006883,POS-HR-L2-0119,JOB-HR-L2-05,People L2 Role 05,HR,L2,Y,0.8,31.2,2018-09-30,
ASN-006884-01,HRIS-WKR-006884,POS-FIN-L1-0078,JOB-FIN-L1-06,Finance L1 Role 06,FIN,L1,Y,1.0,39.0,2020-05-04,
ASN-006885-01,HRIS-WKR-006885,POS-OPS-L5-0066,JOB-OPS-L5-06,Operations L5 Role 06,OPS,L5,Y,0.5,19.5,2019-03-24,
ASN-006886-01,HRIS-WKR-006886,POS-HR-L5-0134,JOB-HR-L5-02,People L5 Role 02,HR,L5,Y,1.0,39.0,2024-05-03,
ASN-006887-01,HRIS-WKR-006887,POS-ENG-L2-0012,JOB-ENG-L2-06,Engineering L2 Role 06,ENG,L2,Y,0.8,31.2,2018-10-19,
ASN-006888-01,HRIS-WKR-006888,POS-SAL-L5-0170,JOB-SAL-L5-02,Sales L5 Role 02,SAL,L5,Y,1.0,39.0,2020-08-11,
ASN-006889-01,HRIS-WKR-006889,POS-ENG-L5-0028,JOB-ENG-L5-04,Engineering L5 Role 04,ENG,L5,Y,1.0,39.0,2024-01-23,
ASN-006890-01,HRIS-WKR-006890,POS-HR-L2-0120,JOB-HR-L2-06,People L2 Role 06,HR,L2,Y,0.8,31.2,2024-10-19,
ASN-006891-01,HRIS-WKR-006891,POS-TEC-L6-0215,JOB-TEC-L6-05,Technology L6 Role 05,TEC,L6,Y,0.5,19.5,2025-02-05,
ASN-006892-01,HRIS-WKR-006892,POS-TEC-L6-0211,JOB-TEC-L6-01,Technology L6 Role 01,TEC,L6,Y,0.8,31.2,2020-11-19,
ASN-006893-01,HRIS-WKR-006893,POS-OPS-L4-0057,JOB-OPS-L4-03,Operations L4 Role 03,OPS,L4,Y,1.0,39.0,2018-04-05,
ASN-006894-01,HRIS-WKR-006894,POS-SAL-L1-0149,JOB-SAL-L1-05,Sales L1 Role 05,SAL,L1,Y,0.8,31.2,2022-12-01,
ASN-006895-01,HRIS-WKR-006895,POS-ENG-L4-0020,JOB-ENG-L4-02,Engineering L4 Role 02,ENG,L4,Y,1.0,39.0,2025-03-27,
ASN-006896-01,HRIS-WKR-006896,POS-OPS-L2-0048,JOB-OPS-L2-06,Operations L2 Role 06,OPS,L2,Y,1.0,39.0,2024-09-04,
ASN-006897-01,HRIS-WKR-006897,POS-TEC-L1-0184,JOB-TEC-L1-04,Technology L1 Role 04,TEC,L1,Y,1.0,39.0,2020-09-08,
ASN-006897-02,HRIS-WKR-006897,POS-FIN-L5-0101,JOB-FIN-L5-05,Finance L5 Role 05,FIN,L5,N,0.2,7.8,2023-10-17,
ASN-006898-01,HRIS-WKR-006898,POS-TEC-L1-0186,JOB-TEC-L1-06,Technology L1 Role 06,TEC,L1,Y,1.0,39.0,2021-06-29,
ASN-006899-01,HRIS-WKR-006899,POS-SAL-L1-0146,JOB-SAL-L1-02,Sales L1 Role 02,SAL,L1,Y,1.0,39.0,2018-08-26,
ASN-006900-01,HRIS-WKR-006900,POS-TEC-L2-0188,JOB-TEC-L2-02,Technology L2 Role 02,TEC,L2,Y,1.0,39.0,2024-01-08,
ASN-006901-01,HRIS-WKR-006901,POS-FIN-L2-0083,JOB-FIN-L2-05,Finance L2 Role 05,FIN,L2,Y,1.0,39.0,2021-04-13,
ASN-006902-01,HRIS-WKR-006902,POS-OPS-L4-0057,JOB-OPS-L4-03,Operations L4 Role 03,OPS,L4,Y,1.0,39.0,2019-10-16,
ASN-006902-02,HRIS-WKR-006902,POS-FIN-L3-0085,JOB-FIN-L3-01,Finance L3 Role 01,FIN,L3,N,0.4,15.6,2019-01-28,
ASN-006903-01,HRIS-WKR-006903,POS-FIN-L1-0077,JOB-FIN-L1-05,Finance L1 Role 05,FIN,L1,Y,1.0,39.0,2018-08-11,
ASN-006904-01,HRIS-WKR-006904,POS-SAL-L5-0170,JOB-SAL-L5-02,Sales L5 Role 02,SAL,L5,Y,0.4,15.6,2018-09-16,
ASN-006905-01,HRIS-WKR-006905,POS-ENG-L2-0007,JOB-ENG-L2-01,Engineering L2 Role 01,ENG,L2,Y,1.0,39.0,2022-06-26,
ASN-006906-01,HRIS-WKR-006906,POS-FIN-L1-0078,JOB-FIN-L1-06,Finance L1 Role 06,FIN,L1,Y,1.0,39.0,2025-04-07,
ASN-006907-01,HRIS-WKR-006907,POS-ENG-L4-0024,JOB-ENG-L4-06,Engineering L4 Role 06,ENG,L4,Y,1.0,39.0,2024-10-05,
ASN-006908-01,HRIS-WKR-006908,POS-HR-L3-0125,JOB-HR-L3-05,People L3 Role 05,HR,L3,Y,1.0,39.0,2024-04-16,
ASN-006908-02,HRIS-WKR-006908,POS-HR-L6-0140,JOB-HR-L6-02,People L6 Role 02,HR,L6,N,0.2,7.8,2022-10-07,
ASN-006909-01,HRIS-WKR-006909,POS-SAL-L5-0174,JOB-SAL-L5-06,Sales L5 Role 06,SAL,L5,Y,0.6,23.4,2020-04-22,
ASN-006910-01,HRIS-WKR-006910,POS-SAL-L4-0167,JOB-SAL-L4-05,Sales L4 Role 05,SAL,L4,Y,1.0,39.0,2020-12-09,
ASN-006911-01,HRIS-WKR-006911,POS-ENG-L6-0032,JOB-ENG-L6-02,Engineering L6 Role 02,ENG,L6,Y,1.0,39.0,2022-09-10,
ASN-006912-01,HRIS-WKR-006912,POS-HR-L6-0142,JOB-HR-L6-04,People L6 Role 04,HR,L6,Y,0.6,23.4,2020-10-04,
ASN-006913-01,HRIS-WKR-006913,POS-FIN-L5-0098,JOB-FIN-L5-02,Finance L5 Role 02,FIN,L5,Y,,,2023-05-09,
ASN-006913-02,HRIS-WKR-006913,POS-OPS-L6-0068,JOB-OPS-L6-02,Operations L6 Role 02,OPS,L6,N,0.2,7.8,2021-08-06,
ASN-006914-01,HRIS-WKR-006914,POS-SAL-L4-0167,JOB-SAL-L4-05,Sales L4 Role 05,SAL,L4,Y,0.8,31.2,2023-02-12,
ASN-006915-01,HRIS-WKR-006915,POS-FIN-L2-0084,JOB-FIN-L2-06,Finance L2 Role 06,FIN,L2,Y,1.0,39.0,2023-06-08,
ASN-006916-01,HRIS-WKR-006916,POS-TEC-L5-0210,JOB-TEC-L5-06,Technology L5 Role 06,TEC,L5,Y,1.0,39.0,2024-05-13,
ASN-006917-01,HRIS-WKR-006917,POS-SAL-L3-0158,JOB-SAL-L3-02,Sales L3 Role 02,SAL,L3,Y,1.0,39.0,2023-01-11,
ASN-006918-01,HRIS-WKR-006918,POS-SAL-L1-0149,JOB-SAL-L1-05,Sales L1 Role 05,SAL,L1,Y,0.8,31.2,2018-04-16,
ASN-006919-01,HRIS-WKR-006919,POS-SAL-L3-0159,JOB-SAL-L3-03,Sales L3 Role 03,SAL,L3,Y,1.0,39.0,2018-03-06,
ASN-006920-01,HRIS-WKR-006920,POS-ENG-L6-0033,JOB-ENG-L6-03,Engineering L6 Role 03,ENG,L6,Y,1.0,39.0,2019-08-04,
ASN-006921-01,HRIS-WKR-006921,POS-HR-L5-0134,JOB-HR-L5-02,People L5 Role 02,HR,L5,Y,1.0,39.0,2019-05-13,
ASN-006922-01,HRIS-WKR-006922,POS-SAL-L6-0176,JOB-SAL-L6-02,Sales L6 Role 02,SAL,L6,Y,1.0,39.0,2020-06-02,
ASN-006922-02,HRIS-WKR-006922,POS-OPS-L1-0038,JOB-OPS-L1-02,Operations L1 Role 02,OPS,L1,N,0.2,7.8,2021-11-16,
ASN-006923-01,HRIS-WKR-006923,POS-FIN-L6-0106,JOB-FIN-L6-04,Finance L6 Role 04,FIN,L6,Y,0.6,23.4,2023-05-30,
ASN-006924-01,HRIS-WKR-006924,POS-ENG-L6-0035,JOB-ENG-L6-05,Engineering L6 Role 05,ENG,L6,Y,1.0,39.0,2021-08-17,
ASN-006925-01,HRIS-WKR-006925,POS-TEC-L3-0193,JOB-TEC-L3-01,Technology L3 Role 01,TEC,L3,Y,1.0,39.0,2019-08-25,
ASN-006926-01,HRIS-WKR-006926,POS-OPS-L6-0067,JOB-OPS-L6-01,Operations L6 Role 01,OPS,L6,Y,1.0,39.0,2018-06-04,
ASN-006927-01,HRIS-WKR-006927,POS-FIN-L4-0096,JOB-FIN-L4-06,Finance L4 Role 06,FIN,L4,Y,1.0,39.0,2021-01-13,
ASN-006928-01,HRIS-WKR-006928,POS-ENG-L6-0035,JOB-ENG-L6-05,Engineering L6 Role 05,ENG,L6,Y,0.6,23.4,2022-10-25,
ASN-006928-02,HRIS-WKR-006928,POS-OPS-L6-0068,JOB-OPS-L6-02,Operations L6 Role 02,OPS,L6,N,0.3,11.7,2020-11-22,
ASN-006929-01,HRIS-WKR-006929,POS-FIN-L4-0093,JOB-FIN-L4-03,Finance L4 Role 03,FIN,L4,Y,1.0,39.0,2025-03-19,
ASN-006930-01,HRIS-WKR-006930,POS-OPS-L4-0057,JOB-OPS-L4-03,Operations L4 Role 03,OPS,L4,Y,1.0,39.0,2022-03-25,
ASN-006931-01,HRIS-WKR-006931,POS-OPS-L1-0041,JOB-OPS-L1-05,Operations L1 Role 05,OPS,L1,Y,0.4,15.6,2018-08-27,
ASN-006932-01,HRIS-WKR-006932,POS-HR-L5-0136,JOB-HR-L5-04,People L5 Role 04,HR,L5,Y,1.0,39.0,2022-09-13,
ASN-006932-02,HRIS-WKR-006932,POS-FIN-L4-0092,JOB-FIN-L4-02,Finance L4 Role 02,FIN,L4,N,0.2,7.8,2023-10-12,
ASN-006933-01,HRIS-WKR-006933,POS-HR-L6-0142,JOB-HR-L6-04,People L6 Role 04,HR,L6,Y,1.0,39.0,2018-09-03,
ASN-006934-01,HRIS-WKR-006934,POS-OPS-L4-0058,JOB-OPS-L4-04,Operations L4 Role 04,OPS,L4,Y,1.0,39.0,2024-02-04,
ASN-006935-01,HRIS-WKR-006935,POS-SAL-L6-0180,JOB-SAL-L6-06,Sales L6 Role 06,SAL,L6,Y,1.0,39.0,2020-05-14,
ASN-006936-01,HRIS-WKR-006936,POS-OPS-L5-0062,JOB-OPS-L5-02,Operations L5 Role 02,OPS,L5,Y,1.0,39.0,2020-08-27,
ASN-006937-01,HRIS-WKR-006937,POS-ENG-L4-0023,JOB-ENG-L4-05,Engineering L4 Role 05,ENG,L4,Y,1.0,39.0,2019-03-09,
ASN-006938-01,HRIS-WKR-006938,POS-HR-L1-0112,JOB-HR-L1-04,People L1 Role 04,HR,L1,Y,1.0,39.0,2019-09-23,
ASN-006939-01,HRIS-WKR-006939,POS-SAL-L2-0151,JOB-SAL-L2-01,Sales L2 Role 01,SAL,L1,Y,1.0,39.0,2024-05-19,
ASN-006940-01,HRIS-WKR-006940,POS-FIN-L4-0096,JOB-FIN-L4-06,Finance L4 Role 06,FIN,L4,Y,1.0,39.0,2022-01-07,
ASN-006941-01,HRIS-WKR-006941,POS-ENG-L4-0020,JOB-ENG-L4-02,Engineering L4 Role 02,ENG,L4,Y,1.0,39.0,2020-08-13,
ASN-006942-01,HRIS-WKR-006942,POS-HR-L3-0123,JOB-HR-L3-03,People L3 Role 03,HR,L3,Y,1.0,39.0,2022-10-29,
ASN-006943-01,HRIS-WKR-006943,POS-SAL-L1-0150,JOB-SAL-L1-06,Sales L1 Role 06,SAL,L1,Y,0.8,31.2,2026-01-31,
ASN-006943-02,HRIS-WKR-006943,POS-FIN-L1-0073,JOB-FIN-L1-01,Finance L1 Role 01,FIN,L1,N,0.3,11.7,2021-06-18,
ASN-006944-01,HRIS-WKR-006944,POS-HR-L3-0124,JOB-HR-L3-04,People L3 Role 04,HR,L3,Y,,,2018-05-22,
ASN-006945-01,HRIS-WKR-006945,POS-TEC-L4-0204,JOB-TEC-L4-06,Technology L4 Role 06,TEC,L4,Y,0.6,23.4,2023-03-15,
ASN-006946-01,HRIS-WKR-006946,POS-TEC-L1-0182,JOB-TEC-L1-02,Technology L1 Role 02,TEC,L1,Y,1.0,39.0,2021-06-11,
ASN-006947-01,HRIS-WKR-006947,POS-FIN-L4-0096,JOB-FIN-L4-06,Finance L4 Role 06,FIN,L4,Y,1.0,39.0,2021-09-01,
ASN-006948-01,HRIS-WKR-006948,POS-ENG-L2-0012,JOB-ENG-L2-06,Engineering L2 Role 06,ENG,L2,Y,1.0,39.0,2023-05-07,
ASN-006949-01,HRIS-WKR-006949,POS-HR-L3-0121,JOB-HR-L3-01,People L3 Role 01,HR,L3,Y,1.0,39.0,2021-03-24,
ASN-006950-01,HRIS-WKR-006950,POS-HR-L3-0124,JOB-HR-L3-04,People L3 Role 04,HR,L3,Y,1.0,39.0,2018-07-20,
ASN-006951-01,HRIS-WKR-006951,POS-SAL-L6-0177,JOB-SAL-L6-03,Sales L6 Role 03,SAL,L4,Y,0.6,23.4,2018-02-27,
ASN-006952-01,HRIS-WKR-006952,POS-TEC-L3-0194,JOB-TEC-L3-02,Technology L3 Role 02,TEC,L3,Y,1.0,39.0,2025-04-21,
ASN-006953-01,HRIS-WKR-006953,POS-TEC-L2-0192,JOB-TEC-L2-06,Technology L2 Role 06,TEC,L2,Y,1.0,39.0,2022-04-12,
ASN-006954-01,HRIS-WKR-006954,POS-HR-L5-0137,JOB-HR-L5-05,People L5 Role 05,HR,L5,Y,1.0,39.0,2022-11-10,
ASN-006955-01,HRIS-WKR-006955,POS-SAL-L4-0165,JOB-SAL-L4-03,Sales L4 Role 03,SAL,L4,Y,1.0,39.0,2018-12-19,
ASN-006956-01,HRIS-WKR-006956,POS-OPS-L5-0065,JOB-OPS-L5-05,Operations L5 Role 05,OPS,L5,Y,0.8,31.2,2026-01-07,
ASN-006957-01,HRIS-WKR-006957,POS-ENG-L5-0028,JOB-ENG-L5-04,Engineering L5 Role 04,ENG,L5,Y,0.6,23.4,2022-01-19,
ASN-006958-01,HRIS-WKR-006958,POS-ENG-L4-0021,JOB-ENG-L4-03,Engineering L4 Role 03,ENG,L6,Y,0.5,19.5,2023-10-24,
ASN-006958-02,HRIS-WKR-006958,POS-HR-L3-0121,JOB-HR-L3-01,People L3 Role 01,HR,L3,N,0.2,7.8,2019-05-07,
ASN-006959-01,HRIS-WKR-006959,POS-FIN-L6-0105,JOB-FIN-L6-03,Finance L6 Role 03,FIN,L6,Y,1.0,39.0,2019-06-20,
ASN-006960-01,HRIS-WKR-006960,POS-OPS-L1-0040,JOB-OPS-L1-04,Operations L1 Role 04,OPS,L1,Y,1.0,39.0,2025-04-19,
ASN-006961-01,HRIS-WKR-006961,POS-OPS-L5-0061,JOB-OPS-L5-01,Operations L5 Role 01,OPS,L5,Y,1.0,39.0,2020-06-02,
ASN-006962-01,HRIS-WKR-006962,POS-SAL-L4-0166,JOB-SAL-L4-04,Sales L4 Role 04,SAL,L4,Y,1.0,39.0,2021-05-20,
ASN-006963-01,HRIS-WKR-006963,POS-OPS-L4-0058,JOB-OPS-L4-04,Operations L4 Role 04,OPS,L4,Y,1.0,39.0,2025-01-04,
ASN-006964-01,HRIS-WKR-006964,POS-HR-L3-0121,JOB-HR-L3-01,People L3 Role 01,HR,L3,Y,1.0,39.0,2021-12-03,
ASN-006965-01,HRIS-WKR-006965,POS-ENG-L5-0030,JOB-ENG-L5-06,Engineering L5 Role 06,ENG,L5,Y,1.0,39.0,2024-06-09,
ASN-006966-01,HRIS-WKR-006966,POS-TEC-L2-0187,JOB-TEC-L2-01,Technology L2 Role 01,TEC,L2,Y,0.6,23.4,2024-08-23,
ASN-006967-01,HRIS-WKR-006967,POS-TEC-L1-0182,JOB-TEC-L1-02,Technology L1 Role 02,TEC,L1,Y,0.5,19.5,2020-09-07,
ASN-006968-01,HRIS-WKR-006968,POS-HR-L3-0123,JOB-HR-L3-03,People L3 Role 03,HR,L3,Y,1.0,39.0,2025-12-19,
ASN-006969-01,HRIS-WKR-006969,POS-SAL-L2-0153,JOB-SAL-L2-03,Sales L2 Role 03,SAL,L2,Y,,,2020-07-17,
ASN-006970-01,HRIS-WKR-006970,POS-OPS-L5-0061,JOB-OPS-L5-01,Operations L5 Role 01,OPS,L5,Y,1.0,39.0,2023-09-11,
ASN-006971-01,HRIS-WKR-006971,POS-SAL-L4-0166,JOB-SAL-L4-04,Sales L4 Role 04,SAL,L4,Y,1.0,39.0,2023-06-04,
ASN-006972-01,HRIS-WKR-006972,POS-ENG-L5-0025,JOB-ENG-L5-01,Engineering L5 Role 01,ENG,L5,Y,1.0,39.0,2018-01-12,
ASN-006973-01,HRIS-WKR-006973,POS-ENG-L3-0013,JOB-ENG-L3-01,Engineering L3 Role 01,ENG,L3,Y,1.0,39.0,2023-09-26,
ASN-006974-01,HRIS-WKR-006974,POS-OPS-L4-0060,JOB-OPS-L4-06,Operations L4 Role 06,OPS,L4,Y,1.0,39.0,2023-11-01,
ASN-006974-02,HRIS-WKR-006974,POS-ENG-L6-0032,JOB-ENG-L6-02,Engineering L6 Role 02,ENG,L6,N,0.2,7.8,2025-08-04,
ASN-006975-01,HRIS-WKR-006975,POS-FIN-L1-0074,JOB-FIN-L1-02,Finance L1 Role 02,FIN,L1,Y,1.0,39.0,2019-12-11,
ASN-006975-02,HRIS-WKR-006975,POS-FIN-L5-0099,JOB-FIN-L5-03,Finance L5 Role 03,FIN,L5,N,0.4,15.6,2021-06-18,
ASN-006976-01,HRIS-WKR-006976,POS-OPS-L1-0042,JOB-OPS-L1-06,Operations L1 Role 06,OPS,L1,Y,1.0,39.0,2018-11-12,
ASN-006977-01,HRIS-WKR-006977,POS-HR-L6-0144,JOB-HR-L6-06,People L6 Role 06,HR,L6,Y,1.0,39.0,2019-03-17,
ASN-006978-01,HRIS-WKR-006978,POS-FIN-L6-0108,JOB-FIN-L6-06,Finance L6 Role 06,FIN,L6,Y,0.4,15.6,2020-02-02,
ASN-006979-01,HRIS-WKR-006979,POS-FIN-L4-0096,JOB-FIN-L4-06,Finance L4 Role 06,FIN,L4,Y,1.0,39.0,2022-12-12,
ASN-006980-01,HRIS-WKR-006980,POS-FIN-L5-0099,JOB-FIN-L5-03,Finance L5 Role 03,FIN,L5,Y,1.0,39.0,2025-05-12,
ASN-006981-01,HRIS-WKR-006981,POS-SAL-L4-0167,JOB-SAL-L4-05,Sales L4 Role 05,SAL,L2,Y,1.0,39.0,2024-01-15,
ASN-006981-02,HRIS-WKR-006981,POS-HR-L6-0144,JOB-HR-L6-06,People L6 Role 06,HR,L6,N,0.4,15.6,2024-09-15,
ASN-006982-01,HRIS-WKR-006982,POS-OPS-L3-0050,JOB-OPS-L3-02,Operations L3 Role 02,OPS,L3,Y,0.8,31.2,2018-05-04,
ASN-006983-01,HRIS-WKR-006983,POS-HR-L2-0116,JOB-HR-L2-02,People L2 Role 02,HR,L2,Y,1.0,39.0,2025-09-11,
ASN-006984-01,HRIS-WKR-006984,POS-HR-L6-0142,JOB-HR-L6-04,People L6 Role 04,HR,L6,Y,0.8,31.2,2020-11-22,
ASN-006985-01,HRIS-WKR-006985,POS-HR-L1-0114,JOB-HR-L1-06,People L1 Role 06,HR,L1,Y,1.0,39.0,2018-11-27,
ASN-006986-01,HRIS-WKR-006986,POS-OPS-L6-0069,JOB-OPS-L6-03,Operations L6 Role 03,OPS,L6,Y,1.0,39.0,2023-02-16,
ASN-006987-01,HRIS-WKR-006987,POS-FIN-L3-0088,JOB-FIN-L3-04,Finance L3 Role 04,FIN,L3,Y,1.0,39.0,2022-05-18,
ASN-006988-01,HRIS-WKR-006988,POS-FIN-L5-0101,JOB-FIN-L5-05,Finance L5 Role 05,FIN,L5,Y,0.4,15.6,2023-02-18,
ASN-006989-01,HRIS-WKR-006989,POS-TEC-L2-0190,JOB-TEC-L2-04,Technology L2 Role 04,TEC,L2,Y,1.0,39.0,2019-09-18,
ASN-006990-01,HRIS-WKR-006990,POS-FIN-L5-0101,JOB-FIN-L5-05,Finance L5 Role 05,FIN,L5,Y,1.0,39.0,2018-07-31,
ASN-006991-01,HRIS-WKR-006991,POS-ENG-L6-0033,JOB-ENG-L6-03,Engineering L6 Role 03,ENG,L6,Y,1.0,39.0,2018-02-13,
ASN-006992-01,HRIS-WKR-006992,POS-TEC-L1-0183,JOB-TEC-L1-03,Technology L1 Role 03,TEC,L1,Y,1.0,39.0,2025-01-10,
ASN-006992-02,HRIS-WKR-006992,POS-ENG-L6-0036,JOB-ENG-L6-06,Engineering L6 Role 06,ENG,L6,N,0.2,7.8,2018-12-11,
ASN-006993-01,HRIS-WKR-006993,POS-HR-L5-0136,JOB-HR-L5-04,People L5 Role 04,HR,L5,Y,0.8,31.2,2022-12-09,
ASN-006994-01,HRIS-WKR-006994,POS-OPS-L4-0057,JOB-OPS-L4-03,Operations L4 Role 03,OPS,L2,Y,1.0,39.0,2024-11-11,
ASN-006995-01,HRIS-WKR-006995,POS-OPS-L3-0049,JOB-OPS-L3-01,Operations L3 Role 01,OPS,L3,Y,1.0,39.0,2024-10-08,
ASN-006996-01,HRIS-WKR-006996,POS-SAL-L6-0180,JOB-SAL-L6-06,Sales L6 Role 06,SAL,L6,Y,1.0,39.0,2020-06-04,
ASN-006997-01,HRIS-WKR-006997,POS-TEC-L1-0183,JOB-TEC-L1-03,Technology L1 Role 03,TEC,L1,Y,0.8,31.2,2018-04-04,
ASN-006998-01,HRIS-WKR-006998,POS-FIN-L4-0091,JOB-FIN-L4-01,Finance L4 Role 01,FIN,L4,Y,1.0,39.0,2022-07-02,
ASN-006999-01,HRIS-WKR-006999,POS-SAL-L4-0164,JOB-SAL-L4-02,Sales L4 Role 02,SAL,L4,Y,1.0,39.0,2018-12-30,
ASN-007000-01,HRIS-WKR-007000,POS-TEC-L2-0191,JOB-TEC-L2-05,Technology L2 Role 05,TEC,L2,Y,1.0,39.0,2022-06-02,
ASN-007001-01,HRIS-WKR-007001,POS-SAL-L5-0173,JOB-SAL-L5-05,Sales L5 Role 05,SAL,L5,Y,0.8,31.2,2024-10-29,
ASN-007002-01,HRIS-WKR-007002,POS-TEC-L5-0205,JOB-TEC-L5-01,Technology L5 Role 01,TEC,L5,Y,1.0,39.0,2021-06-03,
ASN-007003-01,HRIS-WKR-007003,POS-SAL-L5-0174,JOB-SAL-L5-06,Sales L5 Role 06,SAL,L5,Y,,,2019-01-05,
ASN-007004-01,HRIS-WKR-007004,POS-SAL-L5-0170,JOB-SAL-L5-02,Sales L5 Role 02,SAL,L5,Y,1.0,39.0,2022-12-01,
ASN-007005-01,HRIS-WKR-007005,POS-OPS-L1-0037,JOB-OPS-L1-01,Operations L1 Role 01,OPS,L1,Y,1.0,39.0,2019-03-25,
ASN-007006-01,HRIS-WKR-007006,POS-TEC-L2-0191,JOB-TEC-L2-05,Technology L2 Role 05,TEC,L2,Y,1.0,39.0,2022-03-24,
ASN-007007-01,HRIS-WKR-007007,POS-ENG-L2-0008,JOB-ENG-L2-02,Engineering L2 Role 02,ENG,L2,Y,1.0,39.0,2023-02-16,
ASN-007008-01,HRIS-WKR-007008,POS-FIN-L6-0106,JOB-FIN-L6-04,Finance L6 Role 04,FIN,L6,Y,0.6,23.4,2023-09-10,
ASN-007009-01,HRIS-WKR-007009,POS-TEC-L2-0188,JOB-TEC-L2-02,Technology L2 Role 02,TEC,L2,Y,0.8,31.2,2023-01-11,
ASN-007010-01,HRIS-WKR-007010,POS-OPS-L3-0053,JOB-OPS-L3-05,Operations L3 Role 05,OPS,L3,Y,1.0,39.0,2024-05-29,
ASN-007011-01,HRIS-WKR-007011,POS-ENG-L5-0027,JOB-ENG-L5-03,Engineering L5 Role 03,ENG,L5,Y,1.0,39.0,2021-05-07,
ASN-007011-02,HRIS-WKR-007011,POS-TEC-L1-0185,JOB-TEC-L1-05,Technology L1 Role 05,TEC,L1,N,0.2,7.8,2019-08-24,
ASN-007012-01,HRIS-WKR-007012,POS-TEC-L5-0207,JOB-TEC-L5-03,Technology L5 Role 03,TEC,L5,Y,0.5,19.5,2020-01-16,
ASN-007013-01,HRIS-WKR-007013,POS-TEC-L3-0193,JOB-TEC-L3-01,Technology L3 Role 01,TEC,L3,Y,0.6,23.4,2024-04-21,
ASN-007014-01,HRIS-WKR-007014,POS-FIN-L5-0097,JOB-FIN-L5-01,Finance L5 Role 01,FIN,L5,Y,,,2021-11-12,
ASN-007014-02,HRIS-WKR-007014,POS-TEC-L4-0199,JOB-TEC-L4-01,Technology L4 Role 01,TEC,L4,N,0.2,7.8,2021-07-30,
ASN-007015-01,HRIS-WKR-007015,POS-SAL-L2-0154,JOB-SAL-L2-04,Sales L2 Role 04,SAL,L2,Y,0.4,15.6,2021-12-31,
ASN-007016-01,HRIS-WKR-007016,POS-HR-L4-0127,JOB-HR-L4-01,People L4 Role 01,HR,L4,Y,1.0,39.0,2021-02-17,
ASN-007017-01,HRIS-WKR-007017,POS-HR-L3-0122,JOB-HR-L3-02,People L3 Role 02,HR,L3,Y,1.0,39.0,2025-02-28,
ASN-007018-01,HRIS-WKR-007018,POS-SAL-L4-0165,JOB-SAL-L4-03,Sales L4 Role 03,SAL,L4,Y,1.0,39.0,2023-10-06,
ASN-007019-01,HRIS-WKR-007019,POS-FIN-L1-0073,JOB-FIN-L1-01,Finance L1 Role 01,FIN,L1,Y,1.0,39.0,2021-05-29,
ASN-007020-01,HRIS-WKR-007020,POS-OPS-L6-0072,JOB-OPS-L6-06,Operations L6 Role 06,OPS,L6,Y,1.0,39.0,2024-10-29,
ASN-007021-01,HRIS-WKR-007021,POS-SAL-L1-0147,JOB-SAL-L1-03,Sales L1 Role 03,SAL,L1,Y,1.0,39.0,2022-04-07,
ASN-007021-02,HRIS-WKR-007021,POS-TEC-L4-0201,JOB-TEC-L4-03,Technology L4 Role 03,TEC,L4,N,0.2,7.8,2025-11-17,
ASN-007022-01,HRIS-WKR-007022,POS-SAL-L4-0167,JOB-SAL-L4-05,Sales L4 Role 05,SAL,L4,Y,1.0,39.0,2021-08-03,
ASN-007023-01,HRIS-WKR-007023,POS-TEC-L1-0182,JOB-TEC-L1-02,Technology L1 Role 02,TEC,L1,Y,1.0,39.0,2022-01-06,
ASN-007024-01,HRIS-WKR-007024,POS-TEC-L2-0192,JOB-TEC-L2-06,Technology L2 Role 06,TEC,L2,Y,1.0,39.0,2020-12-11,
ASN-007025-01,HRIS-WKR-007025,POS-OPS-L4-0057,JOB-OPS-L4-03,Operations L4 Role 03,OPS,L4,Y,1.0,39.0,2025-05-24,
ASN-007026-01,HRIS-WKR-007026,POS-HR-L2-0119,JOB-HR-L2-05,People L2 Role 05,HR,L2,Y,1.0,39.0,2025-01-15,
ASN-007027-01,HRIS-WKR-007027,POS-OPS-L1-0037,JOB-OPS-L1-01,Operations L1 Role 01,OPS,L1,Y,1.0,39.0,2025-09-26,
ASN-007028-01,HRIS-WKR-007028,POS-TEC-L3-0193,JOB-TEC-L3-01,Technology L3 Role 01,TEC,L3,Y,1.0,39.0,2024-04-18,
ASN-007029-01,HRIS-WKR-007029,POS-SAL-L3-0157,JOB-SAL-L3-01,Sales L3 Role 01,SAL,L3,Y,1.0,39.0,2019-02-26,
ASN-007030-01,HRIS-WKR-007030,POS-HR-L3-0122,JOB-HR-L3-02,People L3 Role 02,HR,L3,Y,0.8,31.2,2023-09-11,
ASN-007031-01,HRIS-WKR-007031,POS-FIN-L6-0105,JOB-FIN-L6-03,Finance L6 Role 03,FIN,L6,Y,1.0,39.0,2018-10-05,
ASN-007032-01,HRIS-WKR-007032,POS-OPS-L5-0063,JOB-OPS-L5-03,Operations L5 Role 03,OPS,L5,Y,1.0,39.0,2019-09-17,
ASN-007032-02,HRIS-WKR-007032,POS-OPS-L1-0037,JOB-OPS-L1-01,Operations L1 Role 01,OPS,L1,N,0.3,11.7,2022-08-04,
ASN-007033-01,HRIS-WKR-007033,POS-OPS-L3-0049,JOB-OPS-L3-01,Operations L3 Role 01,OPS,L3,Y,1.0,39.0,2025-01-07,
ASN-007034-01,HRIS-WKR-007034,POS-ENG-L2-0010,JOB-ENG-L2-04,Engineering L2 Role 04,ENG,L2,Y,1.0,39.0,2019-02-10,
ASN-007035-01,HRIS-WKR-007035,POS-FIN-L1-0074,JOB-FIN-L1-02,Finance L1 Role 02,FIN,L1,Y,1.0,39.0,2021-07-27,
ASN-007036-01,HRIS-WKR-007036,POS-TEC-L3-0197,JOB-TEC-L3-05,Technology L3 Role 05,TEC,L3,Y,1.0,39.0,2022-01-24,
ASN-007037-01,HRIS-WKR-007037,POS-TEC-L2-0187,JOB-TEC-L2-01,Technology L2 Role 01,TEC,L2,Y,1.0,39.0,2025-10-27,
ASN-007038-01,HRIS-WKR-007038,POS-ENG-L5-0030,JOB-ENG-L5-06,Engineering L5 Role 06,ENG,L5,Y,1.0,39.0,2019-11-14,
ASN-007039-01,HRIS-WKR-007039,POS-HR-L2-0115,JOB-HR-L2-01,People L2 Role 01,HR,L2,Y,1.0,39.0,2022-03-30,
ASN-007040-01,HRIS-WKR-007040,POS-HR-L1-0110,JOB-HR-L1-02,People L1 Role 02,HR,L1,Y,1.0,39.0,2024-12-27,
ASN-007041-01,HRIS-WKR-007041,POS-TEC-L4-0200,JOB-TEC-L4-02,Technology L4 Role 02,TEC,L4,Y,1.0,39.0,2025-05-22,
ASN-007042-01,HRIS-WKR-007042,POS-ENG-L6-0031,JOB-ENG-L6-01,Engineering L6 Role 01,ENG,L6,Y,1.0,39.0,2022-11-17,
ASN-007043-01,HRIS-WKR-007043,POS-TEC-L2-0190,JOB-TEC-L2-04,Technology L2 Role 04,TEC,L2,Y,1.0,39.0,2023-01-17,
ASN-007044-01,HRIS-WKR-007044,POS-FIN-L6-0103,JOB-FIN-L6-01,Finance L6 Role 01,FIN,L6,Y,1.0,39.0,2018-10-20,
ASN-007045-01,HRIS-WKR-007045,POS-SAL-L1-0146,JOB-SAL-L1-02,Sales L1 Role 02,SAL,L1,Y,1.0,39.0,2021-04-17,
ASN-007046-01,HRIS-WKR-007046,POS-OPS-L2-0048,JOB-OPS-L2-06,Operations L2 Role 06,OPS,L2,Y,1.0,39.0,2024-05-04,
ASN-007047-01,HRIS-WKR-007047,POS-HR-L4-0127,JOB-HR-L4-01,People L4 Role 01,HR,L4,Y,0.8,31.2,2025-06-28,
ASN-007048-01,HRIS-WKR-007048,POS-OPS-L5-0061,JOB-OPS-L5-01,Operations L5 Role 01,OPS,L5,Y,1.0,39.0,2021-05-15,
ASN-007049-01,HRIS-WKR-007049,POS-SAL-L4-0165,JOB-SAL-L4-03,Sales L4 Role 03,SAL,L4,Y,0.8,31.2,2023-04-10,
ASN-007050-01,HRIS-WKR-007050,POS-SAL-L4-0168,JOB-SAL-L4-06,Sales L4 Role 06,SAL,L4,Y,1.0,39.0,2024-11-11,
ASN-007051-01,HRIS-WKR-007051,POS-SAL-L2-0152,JOB-SAL-L2-02,Sales L2 Role 02,SAL,L2,Y,1.0,39.0,2020-04-26,
ASN-007052-01,HRIS-WKR-007052,POS-HR-L2-0118,JOB-HR-L2-04,People L2 Role 04,HR,L2,Y,1.0,39.0,2021-06-01,
ASN-007052-02,HRIS-WKR-007052,POS-TEC-L6-0213,JOB-TEC-L6-03,Technology L6 Role 03,TEC,L6,N,0.3,11.7,2023-08-19,
ASN-007053-01,HRIS-WKR-007053,POS-FIN-L4-0096,JOB-FIN-L4-06,Finance L4 Role 06,FIN,L4,Y,1.0,39.0,2023-07-29,
ASN-007054-01,HRIS-WKR-007054,POS-ENG-L2-0010,JOB-ENG-L2-04,Engineering L2 Role 04,ENG,L2,Y,1.0,39.0,2023-10-18,
ASN-007055-01,HRIS-WKR-007055,POS-TEC-L6-0212,JOB-TEC-L6-02,Technology L6 Role 02,TEC,L6,Y,0.6,23.4,2025-01-08,
ASN-007056-01,HRIS-WKR-007056,POS-SAL-L5-0172,JOB-SAL-L5-04,Sales L5 Role 04,SAL,L5,Y,0.6,23.4,2025-08-19,
ASN-007057-01,HRIS-WKR-007057,POS-TEC-L5-0209,JOB-TEC-L5-05,Technology L5 Role 05,TEC,L5,Y,0.5,19.5,2022-04-19,
ASN-007057-02,HRIS-WKR-007057,POS-FIN-L4-0094,JOB-FIN-L4-04,Finance L4 Role 04,FIN,L4,N,0.4,15.6,2023-05-12,
ASN-007058-01,HRIS-WKR-007058,POS-TEC-L1-0184,JOB-TEC-L1-04,Technology L1 Role 04,TEC,L1,Y,1.0,39.0,2023-09-18,
ASN-007058-02,HRIS-WKR-007058,POS-ENG-L3-0016,JOB-ENG-L3-04,Engineering L3 Role 04,ENG,L3,N,0.2,7.8,2018-02-21,
ASN-007059-01,HRIS-WKR-007059,POS-OPS-L1-0041,JOB-OPS-L1-05,Operations L1 Role 05,OPS,L1,Y,1.0,39.0,2024-06-24,
ASN-007060-01,HRIS-WKR-007060,POS-FIN-L5-0097,JOB-FIN-L5-01,Finance L5 Role 01,FIN,L5,Y,1.0,39.0,2023-10-21,
ASN-007061-01,HRIS-WKR-007061,POS-OPS-L3-0051,JOB-OPS-L3-03,Operations L3 Role 03,OPS,L3,Y,,,2019-12-07,
ASN-007062-01,HRIS-WKR-007062,POS-FIN-L5-0101,JOB-FIN-L5-05,Finance L5 Role 05,FIN,L5,Y,1.0,39.0,2023-01-24,
ASN-007063-01,HRIS-WKR-007063,POS-TEC-L4-0200,JOB-TEC-L4-02,Technology L4 Role 02,TEC,L4,Y,1.0,39.0,2024-01-31,
ASN-007064-01,HRIS-WKR-007064,POS-ENG-L1-0001,JOB-ENG-L1-01,Engineering L1 Role 01,ENG,L1,Y,1.0,39.0,2018-06-13,
ASN-007064-02,HRIS-WKR-007064,POS-ENG-L3-0015,JOB-ENG-L3-03,Engineering L3 Role 03,ENG,L3,N,0.4,15.6,2022-04-24,
ASN-007065-01,HRIS-WKR-007065,POS-OPS-L4-0060,JOB-OPS-L4-06,Operations L4 Role 06,OPS,L4,Y,1.0,39.0,2023-02-05,
ASN-007066-01,HRIS-WKR-007066,POS-HR-L5-0135,JOB-HR-L5-03,People L5 Role 03,HR,L5,Y,1.0,39.0,2021-10-30,
ASN-007067-01,HRIS-WKR-007067,POS-ENG-L1-0003,JOB-ENG-L1-03,Engineering L1 Role 03,ENG,L1,Y,1.0,39.0,2021-04-09,
ASN-007067-02,HRIS-WKR-007067,POS-OPS-L5-0062,JOB-OPS-L5-02,Operations L5 Role 02,OPS,L5,N,0.4,15.6,2021-01-08,
ASN-007068-01,HRIS-WKR-007068,POS-ENG-L2-0008,JOB-ENG-L2-02,Engineering L2 Role 02,ENG,L2,Y,1.0,39.0,2019-06-20,
ASN-007069-01,HRIS-WKR-007069,POS-FIN-L5-0098,JOB-FIN-L5-02,Finance L5 Role 02,FIN,L5,Y,1.0,39.0,2021-09-21,
ASN-007070-01,HRIS-WKR-007070,POS-FIN-L1-0075,JOB-FIN-L1-03,Finance L1 Role 03,FIN,L1,Y,1.0,39.0,2022-09-04,
ASN-007071-01,HRIS-WKR-007071,POS-TEC-L3-0196,JOB-TEC-L3-04,Technology L3 Role 04,TEC,L3,Y,1.0,39.0,2020-02-28,
ASN-007072-01,HRIS-WKR-007072,POS-ENG-L6-0033,JOB-ENG-L6-03,Engineering L6 Role 03,ENG,L6,Y,1.0,39.0,2024-04-18,
ASN-007073-01,HRIS-WKR-007073,POS-FIN-L6-0104,JOB-FIN-L6-02,Finance L6 Role 02,FIN,L6,Y,1.0,39.0,2024-01-27,
ASN-007074-01,HRIS-WKR-007074,POS-FIN-L5-0099,JOB-FIN-L5-03,Finance L5 Role 03,FIN,L5,Y,1.0,39.0,2025-07-10,
ASN-007075-01,HRIS-WKR-007075,POS-TEC-L4-0202,JOB-TEC-L4-04,Technology L4 Role 04,TEC,L4,Y,1.0,39.0,2024-01-05,
ASN-007076-01,HRIS-WKR-007076,POS-TEC-L6-0216,JOB-TEC-L6-06,Technology L6 Role 06,TEC,L6,Y,1.0,39.0,2020-01-06,
ASN-007077-01,HRIS-WKR-007077,POS-SAL-L3-0161,JOB-SAL-L3-05,Sales L3 Role 05,SAL,L3,Y,1.0,39.0,2025-05-18,
ASN-007078-01,HRIS-WKR-007078,POS-OPS-L6-0068,JOB-OPS-L6-02,Operations L6 Role 02,OPS,L6,Y,1.0,39.0,2021-08-02,
ASN-007079-01,HRIS-WKR-007079,POS-OPS-L2-0044,JOB-OPS-L2-02,Operations L2 Role 02,OPS,L2,Y,1.0,39.0,2025-01-07,
ASN-007080-01,HRIS-WKR-007080,POS-ENG-L4-0020,JOB-ENG-L4-02,Engineering L4 Role 02,ENG,L4,Y,1.0,39.0,2023-11-30,
ASN-007080-02,HRIS-WKR-007080,POS-OPS-L3-0051,JOB-OPS-L3-03,Operations L3 Role 03,OPS,L3,N,0.4,15.6,2020-11-14,
ASN-007081-01,HRIS-WKR-007081,POS-FIN-L4-0096,JOB-FIN-L4-06,Finance L4 Role 06,FIN,L4,Y,1.0,39.0,2018-06-02,
ASN-007081-02,HRIS-WKR-007081,POS-OPS-L6-0071,JOB-OPS-L6-05,Operations L6 Role 05,OPS,L6,N,0.3,11.7,2019-01-26,
ASN-007082-01,HRIS-WKR-007082,POS-TEC-L2-0188,JOB-TEC-L2-02,Technology L2 Role 02,TEC,L2,Y,1.0,39.0,2026-01-04,
ASN-007083-01,HRIS-WKR-007083,POS-SAL-L3-0162,JOB-SAL-L3-06,Sales L3 Role 06,SAL,L3,Y,0.4,15.6,2024-07-20,
ASN-007084-01,HRIS-WKR-007084,POS-ENG-L1-0004,JOB-ENG-L1-04,Engineering L1 Role 04,ENG,L1,Y,1.0,39.0,2021-11-14,
ASN-007085-01,HRIS-WKR-007085,POS-HR-L3-0126,JOB-HR-L3-06,People L3 Role 06,HR,L3,Y,1.0,39.0,2019-01-21,
ASN-007086-01,HRIS-WKR-007086,POS-ENG-L2-0011,JOB-ENG-L2-05,Engineering L2 Role 05,ENG,L2,Y,1.0,39.0,2019-12-01,
ASN-007087-01,HRIS-WKR-007087,POS-HR-L2-0116,JOB-HR-L2-02,People L2 Role 02,HR,L2,Y,1.0,39.0,2019-03-21,
ASN-007088-01,HRIS-WKR-007088,POS-SAL-L2-0155,JOB-SAL-L2-05,Sales L2 Role 05,SAL,L2,Y,1.0,39.0,2018-01-28,
ASN-007089-01,HRIS-WKR-007089,POS-TEC-L2-0188,JOB-TEC-L2-02,Technology L2 Role 02,TEC,L2,Y,1.0,39.0,2022-01-05,
ASN-007090-01,HRIS-WKR-007090,POS-TEC-L1-0184,JOB-TEC-L1-04,Technology L1 Role 04,TEC,L1,Y,0.8,31.2,2023-06-02,
ASN-007091-01,HRIS-WKR-007091,POS-ENG-L2-0007,JOB-ENG-L2-01,Engineering L2 Role 01,ENG,L2,Y,1.0,39.0,2022-06-25,
ASN-007091-02,HRIS-WKR-007091,POS-ENG-L4-0020,JOB-ENG-L4-02,Engineering L4 Role 02,ENG,L4,N,0.4,15.6,2022-12-10,
ASN-007092-01,HRIS-WKR-007092,POS-HR-L6-0142,JOB-HR-L6-04,People L6 Role 04,HR,L6,Y,1.0,39.0,2021-11-25,
ASN-007093-01,HRIS-WKR-007093,POS-ENG-L5-0028,JOB-ENG-L5-04,Engineering L5 Role 04,ENG,L5,Y,1.0,39.0,2018-06-04,
ASN-007094-01,HRIS-WKR-007094,POS-TEC-L5-0206,JOB-TEC-L5-02,Technology L5 Role 02,TEC,L5,Y,1.0,39.0,2024-02-06,
ASN-007095-01,HRIS-WKR-007095,POS-FIN-L5-0098,JOB-FIN-L5-02,Finance L5 Role 02,FIN,L5,Y,1.0,39.0,2023-05-10,
ASN-007096-01,HRIS-WKR-007096,POS-ENG-L5-0028,JOB-ENG-L5-04,Engineering L5 Role 04,ENG,L5,Y,1.0,39.0,2021-11-19,
ASN-007097-01,HRIS-WKR-007097,POS-HR-L2-0115,JOB-HR-L2-01,People L2 Role 01,HR,L2,Y,1.0,39.0,2023-10-08,
ASN-007098-01,HRIS-WKR-007098,POS-TEC-L4-0199,JOB-TEC-L4-01,Technology L4 Role 01,TEC,L2,Y,1.0,39.0,2023-11-05,
ASN-007099-01,HRIS-WKR-007099,POS-OPS-L3-0050,JOB-OPS-L3-02,Operations L3 Role 02,OPS,L3,Y,1.0,39.0,2025-10-23,
ASN-007100-01,HRIS-WKR-007100,POS-SAL-L3-0157,JOB-SAL-L3-01,Sales L3 Role 01,SAL,L3,Y,1.0,39.0,2022-11-29,
ASN-007101-01,HRIS-WKR-007101,POS-SAL-L1-0148,JOB-SAL-L1-04,Sales L1 Role 04,SAL,L1,Y,0.8,31.2,2022-12-29,
ASN-007102-01,HRIS-WKR-007102,POS-FIN-L3-0089,JOB-FIN-L3-05,Finance L3 Role 05,FIN,L3,Y,1.0,39.0,2020-07-27,
ASN-007103-01,HRIS-WKR-007103,POS-TEC-L1-0185,JOB-TEC-L1-05,Technology L1 Role 05,TEC,L1,Y,1.0,39.0,2019-03-11,
ASN-007104-01,HRIS-WKR-007104,POS-TEC-L6-0214,JOB-TEC-L6-04,Technology L6 Role 04,TEC,L6,Y,1.0,39.0,2019-12-03,
ASN-007105-01,HRIS-WKR-007105,POS-FIN-L3-0090,JOB-FIN-L3-06,Finance L3 Role 06,FIN,L3,Y,1.0,39.0,2020-10-03,
ASN-007106-01,HRIS-WKR-007106,POS-OPS-L4-0058,JOB-OPS-L4-04,Operations L4 Role 04,OPS,L4,Y,0.6,23.4,2018-03-09,
ASN-007107-01,HRIS-WKR-007107,POS-ENG-L3-0013,JOB-ENG-L3-01,Engineering L3 Role 01,ENG,L3,Y,1.0,39.0,2022-12-02,
ASN-007108-01,HRIS-WKR-007108,POS-TEC-L5-0209,JOB-TEC-L5-05,Technology L5 Role 05,TEC,L5,Y,1.0,39.0,2022-03-18,
ASN-007109-01,HRIS-WKR-007109,POS-TEC-L3-0193,JOB-TEC-L3-01,Technology L3 Role 01,TEC,L3,Y,1.0,39.0,2019-09-26,
ASN-007110-01,HRIS-WKR-007110,POS-FIN-L2-0083,JOB-FIN-L2-05,Finance L2 Role 05,FIN,L2,Y,0.8,31.2,2020-04-09,
ASN-007111-01,HRIS-WKR-007111,POS-TEC-L5-0207,JOB-TEC-L5-03,Technology L5 Role 03,TEC,L5,Y,1.0,39.0,2024-10-02,
ASN-007111-02,HRIS-WKR-007111,POS-HR-L2-0116,JOB-HR-L2-02,People L2 Role 02,HR,L2,N,0.3,11.7,2024-08-25,
ASN-007112-01,HRIS-WKR-007112,POS-HR-L3-0125,JOB-HR-L3-05,People L3 Role 05,HR,L3,Y,1.0,39.0,2021-05-19,
ASN-007113-01,HRIS-WKR-007113,POS-HR-L5-0136,JOB-HR-L5-04,People L5 Role 04,HR,L5,Y,1.0,39.0,2024-12-17,
ASN-007114-01,HRIS-WKR-007114,POS-ENG-L2-0008,JOB-ENG-L2-02,Engineering L2 Role 02,ENG,L2,Y,1.0,39.0,2018-10-23,
ASN-007115-01,HRIS-WKR-007115,POS-SAL-L2-0152,JOB-SAL-L2-02,Sales L2 Role 02,SAL,L2,Y,0.8,31.2,2021-08-18,
ASN-007115-02,HRIS-WKR-007115,POS-TEC-L1-0186,JOB-TEC-L1-06,Technology L1 Role 06,TEC,L1,N,0.2,7.8,2018-07-04,
ASN-007116-01,HRIS-WKR-007116,POS-TEC-L1-0181,JOB-TEC-L1-01,Technology L1 Role 01,TEC,L1,Y,1.0,39.0,2018-10-20,
ASN-007117-01,HRIS-WKR-007117,POS-OPS-L4-0055,JOB-OPS-L4-01,Operations L4 Role 01,OPS,L4,Y,0.8,31.2,2021-03-26,
ASN-007118-01,HRIS-WKR-007118,POS-FIN-L3-0087,JOB-FIN-L3-03,Finance L3 Role 03,FIN,L3,Y,1.0,39.0,2020-11-26,
ASN-007118-02,HRIS-WKR-007118,POS-ENG-L1-0002,JOB-ENG-L1-02,Engineering L1 Role 02,ENG,L1,N,0.3,11.7,2025-12-06,
ASN-007119-01,HRIS-WKR-007119,POS-HR-L1-0109,JOB-HR-L1-01,People L1 Role 01,HR,L1,Y,1.0,39.0,2019-11-17,
ASN-007120-01,HRIS-WKR-007120,POS-SAL-L2-0152,JOB-SAL-L2-02,Sales L2 Role 02,SAL,L2,Y,1.0,39.0,2024-06-15,
ASN-007121-01,HRIS-WKR-007121,POS-ENG-L1-0001,JOB-ENG-L1-01,Engineering L1 Role 01,ENG,L1,Y,1.0,39.0,2022-04-16,
ASN-007121-02,HRIS-WKR-007121,POS-SAL-L2-0156,JOB-SAL-L2-06,Sales L2 Role 06,SAL,L2,N,0.2,7.8,2025-05-28,
ASN-007122-01,HRIS-WKR-007122,POS-FIN-L6-0107,JOB-FIN-L6-05,Finance L6 Role 05,FIN,L6,Y,1.0,39.0,2018-08-10,
ASN-007123-01,HRIS-WKR-007123,POS-SAL-L5-0170,JOB-SAL-L5-02,Sales L5 Role 02,SAL,L5,Y,1.0,39.0,2022-03-07,
ASN-007123-02,HRIS-WKR-007123,POS-SAL-L2-0152,JOB-SAL-L2-02,Sales L2 Role 02,SAL,L2,N,0.4,15.6,2025-02-05,
ASN-007124-01,HRIS-WKR-007124,POS-OPS-L1-0039,JOB-OPS-L1-03,Operations L1 Role 03,OPS,L1,Y,,,2019-10-20,
ASN-007125-01,HRIS-WKR-007125,POS-HR-L4-0131,JOB-HR-L4-05,People L4 Role 05,HR,L4,Y,0.6,23.4,2019-02-11,
ASN-007126-01,HRIS-WKR-007126,POS-HR-L4-0131,JOB-HR-L4-05,People L4 Role 05,HR,L4,Y,1.0,39.0,2021-09-16,
ASN-007127-01,HRIS-WKR-007127,POS-FIN-L1-0075,JOB-FIN-L1-03,Finance L1 Role 03,FIN,L1,Y,1.0,39.0,2019-05-16,
ASN-007127-02,HRIS-WKR-007127,POS-FIN-L2-0079,JOB-FIN-L2-01,Finance L2 Role 01,FIN,L2,N,0.2,7.8,2024-08-15,
ASN-007128-01,HRIS-WKR-007128,POS-HR-L1-0110,JOB-HR-L1-02,People L1 Role 02,HR,L1,Y,1.0,39.0,2020-03-03,
ASN-007129-01,HRIS-WKR-007129,POS-TEC-L3-0194,JOB-TEC-L3-02,Technology L3 Role 02,TEC,L3,Y,1.0,39.0,2023-07-28,
ASN-007130-01,HRIS-WKR-007130,POS-SAL-L6-0180,JOB-SAL-L6-06,Sales L6 Role 06,SAL,L6,Y,1.0,39.0,2025-03-06,
ASN-007131-01,HRIS-WKR-007131,POS-HR-L6-0140,JOB-HR-L6-02,People L6 Role 02,HR,L4,Y,1.0,39.0,2021-01-27,
ASN-007132-01,HRIS-WKR-007132,POS-FIN-L6-0104,JOB-FIN-L6-02,Finance L6 Role 02,FIN,L6,Y,1.0,39.0,2018-08-28,
ASN-007133-01,HRIS-WKR-007133,POS-HR-L6-0140,JOB-HR-L6-02,People L6 Role 02,HR,L6,Y,0.8,31.2,2024-09-11,
ASN-007134-01,HRIS-WKR-007134,POS-OPS-L6-0072,JOB-OPS-L6-06,Operations L6 Role 06,OPS,L4,Y,1.0,39.0,2018-09-28,
ASN-007135-01,HRIS-WKR-007135,POS-OPS-L4-0060,JOB-OPS-L4-06,Operations L4 Role 06,OPS,L2,Y,1.0,39.0,2022-07-31,
ASN-007136-01,HRIS-WKR-007136,POS-HR-L6-0144,JOB-HR-L6-06,People L6 Role 06,HR,L6,Y,1.0,39.0,2019-08-13,
ASN-007137-01,HRIS-WKR-007137,POS-OPS-L2-0048,JOB-OPS-L2-06,Operations L2 Role 06,OPS,L2,Y,1.0,39.0,2021-02-22,
ASN-007138-01,HRIS-WKR-007138,POS-FIN-L4-0091,JOB-FIN-L4-01,Finance L4 Role 01,FIN,L4,Y,0.5,19.5,2019-07-15,
ASN-007139-01,HRIS-WKR-007139,POS-OPS-L3-0053,JOB-OPS-L3-05,Operations L3 Role 05,OPS,L3,Y,1.0,39.0,2023-06-13,
ASN-007140-01,HRIS-WKR-007140,POS-OPS-L5-0061,JOB-OPS-L5-01,Operations L5 Role 01,OPS,L5,Y,1.0,39.0,2022-09-22,
ASN-007141-01,HRIS-WKR-007141,POS-FIN-L6-0108,JOB-FIN-L6-06,Finance L6 Role 06,FIN,L6,Y,1.0,39.0,2023-09-18,
ASN-007142-01,HRIS-WKR-007142,POS-SAL-L5-0170,JOB-SAL-L5-02,Sales L5 Role 02,SAL,L5,Y,1.0,39.0,2018-07-06,
ASN-007143-01,HRIS-WKR-007143,POS-TEC-L3-0198,JOB-TEC-L3-06,Technology L3 Role 06,TEC,L3,Y,1.0,39.0,2024-09-04,
ASN-007144-01,HRIS-WKR-007144,POS-ENG-L6-0034,JOB-ENG-L6-04,Engineering L6 Role 04,ENG,L6,Y,1.0,39.0,2018-08-17,
ASN-007145-01,HRIS-WKR-007145,POS-HR-L1-0114,JOB-HR-L1-06,People L1 Role 06,HR,L1,Y,1.0,39.0,2021-12-31,
ASN-007146-01,HRIS-WKR-007146,POS-TEC-L1-0184,JOB-TEC-L1-04,Technology L1 Role 04,TEC,L1,Y,1.0,39.0,2024-09-10,
ASN-007147-01,HRIS-WKR-007147,POS-HR-L2-0120,JOB-HR-L2-06,People L2 Role 06,HR,L2,Y,1.0,39.0,2019-01-22,
ASN-007148-01,HRIS-WKR-007148,POS-HR-L1-0110,JOB-HR-L1-02,People L1 Role 02,HR,L1,Y,1.0,39.0,2018-02-15,
ASN-007149-01,HRIS-WKR-007149,POS-OPS-L2-0044,JOB-OPS-L2-02,Operations L2 Role 02,OPS,L2,Y,1.0,39.0,2019-04-02,
ASN-007150-01,HRIS-WKR-007150,POS-HR-L1-0112,JOB-HR-L1-04,People L1 Role 04,HR,L1,Y,1.0,39.0,2019-01-27,
ASN-007151-01,HRIS-WKR-007151,POS-OPS-L6-0069,JOB-OPS-L6-03,Operations L6 Role 03,OPS,L6,Y,1.0,39.0,2024-01-22,
ASN-007152-01,HRIS-WKR-007152,POS-HR-L2-0120,JOB-HR-L2-06,People L2 Role 06,HR,L2,Y,1.0,39.0,2024-06-09,
ASN-007152-02,HRIS-WKR-007152,POS-OPS-L5-0066,JOB-OPS-L5-06,Operations L5 Role 06,OPS,L5,N,0.2,7.8,2019-04-04,
ASN-007153-01,HRIS-WKR-007153,POS-HR-L3-0124,JOB-HR-L3-04,People L3 Role 04,HR,L3,Y,1.0,39.0,2022-07-31,
ASN-007154-01,HRIS-WKR-007154,POS-SAL-L4-0163,JOB-SAL-L4-01,Sales L4 Role 01,SAL,L4,Y,1.0,39.0,2018-06-05,
ASN-007155-01,HRIS-WKR-007155,POS-FIN-L5-0098,JOB-FIN-L5-02,Finance L5 Role 02,FIN,L5,Y,0.6,23.4,2018-08-19,
ASN-007155-02,HRIS-WKR-007155,POS-SAL-L4-0166,JOB-SAL-L4-04,Sales L4 Role 04,SAL,L4,N,0.4,15.6,2023-09-06,
ASN-007156-01,HRIS-WKR-007156,POS-OPS-L6-0070,JOB-OPS-L6-04,Operations L6 Role 04,OPS,L6,Y,1.0,39.0,2019-09-29,
ASN-007157-01,HRIS-WKR-007157,POS-FIN-L2-0083,JOB-FIN-L2-05,Finance L2 Role 05,FIN,L2,Y,0.8,31.2,2022-12-08,
ASN-007158-01,HRIS-WKR-007158,POS-TEC-L4-0203,JOB-TEC-L4-05,Technology L4 Role 05,TEC,L4,Y,0.6,23.4,2019-04-25,
ASN-007159-01,HRIS-WKR-007159,POS-FIN-L1-0077,JOB-FIN-L1-05,Finance L1 Role 05,FIN,L1,Y,1.0,39.0,2022-06-06,
ASN-007160-01,HRIS-WKR-007160,POS-FIN-L6-0105,JOB-FIN-L6-03,Finance L6 Role 03,FIN,L6,Y,0.8,31.2,2022-04-04,
ASN-007161-01,HRIS-WKR-007161,POS-SAL-L2-0153,JOB-SAL-L2-03,Sales L2 Role 03,SAL,L2,Y,0.6,23.4,2018-01-23,
ASN-007162-01,HRIS-WKR-007162,POS-ENG-L5-0030,JOB-ENG-L5-06,Engineering L5 Role 06,ENG,L5,Y,1.0,39.0,2018-04-10,
ASN-007163-01,HRIS-WKR-007163,POS-HR-L2-0118,JOB-HR-L2-04,People L2 Role 04,HR,L2,Y,1.0,39.0,2021-06-01,
ASN-007164-01,HRIS-WKR-007164,POS-FIN-L1-0073,JOB-FIN-L1-01,Finance L1 Role 01,FIN,L3,Y,1.0,39.0,2021-03-25,
ASN-007165-01,HRIS-WKR-007165,POS-SAL-L6-0175,JOB-SAL-L6-01,Sales L6 Role 01,SAL,L6,Y,1.0,39.0,2021-12-23,
ASN-007165-02,HRIS-WKR-007165,POS-TEC-L2-0190,JOB-TEC-L2-04,Technology L2 Role 04,TEC,L2,N,0.4,15.6,2024-06-13,
ASN-007166-01,HRIS-WKR-007166,POS-FIN-L3-0088,JOB-FIN-L3-04,Finance L3 Role 04,FIN,L3,Y,1.0,39.0,2020-01-01,
ASN-007167-01,HRIS-WKR-007167,POS-FIN-L2-0084,JOB-FIN-L2-06,Finance L2 Role 06,FIN,L2,Y,1.0,39.0,2021-10-27,
ASN-007168-01,HRIS-WKR-007168,POS-ENG-L4-0024,JOB-ENG-L4-06,Engineering L4 Role 06,ENG,L4,Y,1.0,39.0,2022-10-21,
ASN-007168-02,HRIS-WKR-007168,POS-ENG-L4-0020,JOB-ENG-L4-02,Engineering L4 Role 02,ENG,L4,N,0.3,11.7,2018-04-15,
ASN-007169-01,HRIS-WKR-007169,POS-ENG-L6-0036,JOB-ENG-L6-06,Engineering L6 Role 06,ENG,L6,Y,0.8,31.2,2022-02-13,
ASN-007170-01,HRIS-WKR-007170,POS-HR-L6-0143,JOB-HR-L6-05,People L6 Role 05,HR,L6,Y,1.0,39.0,2022-09-16,
ASN-007170-02,HRIS-WKR-007170,POS-FIN-L1-0074,JOB-FIN-L1-02,Finance L1 Role 02,FIN,L1,N,0.2,7.8,2021-08-07,
ASN-007171-01,HRIS-WKR-007171,POS-HR-L4-0131,JOB-HR-L4-05,People L4 Role 05,HR,L4,Y,1.0,39.0,2021-09-11,
ASN-007172-01,HRIS-WKR-007172,POS-FIN-L4-0092,JOB-FIN-L4-02,Finance L4 Role 02,FIN,L4,Y,1.0,39.0,2022-10-28,
ASN-007173-01,HRIS-WKR-007173,POS-TEC-L6-0215,JOB-TEC-L6-05,Technology L6 Role 05,TEC,L6,Y,0.5,19.5,2021-06-17,
ASN-007174-01,HRIS-WKR-007174,POS-FIN-L3-0085,JOB-FIN-L3-01,Finance L3 Role 01,FIN,L3,Y,1.0,39.0,2025-10-30,
ASN-007175-01,HRIS-WKR-007175,POS-SAL-L3-0162,JOB-SAL-L3-06,Sales L3 Role 06,SAL,L3,Y,1.0,39.0,2024-11-20,
ASN-007176-01,HRIS-WKR-007176,POS-OPS-L1-0041,JOB-OPS-L1-05,Operations L1 Role 05,OPS,L1,Y,1.0,39.0,2024-07-08,
ASN-007177-01,HRIS-WKR-007177,POS-FIN-L2-0084,JOB-FIN-L2-06,Finance L2 Role 06,FIN,L2,Y,1.0,39.0,2020-03-07,
ASN-007178-01,HRIS-WKR-007178,POS-ENG-L2-0008,JOB-ENG-L2-02,Engineering L2 Role 02,ENG,L4,Y,1.0,39.0,2023-11-18,
ASN-007179-01,HRIS-WKR-007179,POS-FIN-L2-0084,JOB-FIN-L2-06,Finance L2 Role 06,FIN,L2,Y,1.0,39.0,2025-04-21,
ASN-007180-01,HRIS-WKR-007180,POS-TEC-L6-0216,JOB-TEC-L6-06,Technology L6 Role 06,TEC,L6,Y,1.0,39.0,2025-10-08,
ASN-007181-01,HRIS-WKR-007181,POS-TEC-L2-0187,JOB-TEC-L2-01,Technology L2 Role 01,TEC,L1,Y,1.0,39.0,2018-04-19,
ASN-007182-01,HRIS-WKR-007182,POS-TEC-L1-0184,JOB-TEC-L1-04,Technology L1 Role 04,TEC,L1,Y,1.0,39.0,2020-10-07,
ASN-007183-01,HRIS-WKR-007183,POS-ENG-L2-0009,JOB-ENG-L2-03,Engineering L2 Role 03,ENG,L2,Y,1.0,39.0,2023-04-08,
ASN-007184-01,HRIS-WKR-007184,POS-HR-L3-0126,JOB-HR-L3-06,People L3 Role 06,HR,L3,Y,1.0,39.0,2021-04-11,
ASN-007185-01,HRIS-WKR-007185,POS-HR-L5-0135,JOB-HR-L5-03,People L5 Role 03,HR,L5,Y,1.0,39.0,2022-08-09,
ASN-007186-01,HRIS-WKR-007186,POS-SAL-L3-0158,JOB-SAL-L3-02,Sales L3 Role 02,SAL,L3,Y,1.0,39.0,2021-06-09,
ASN-007187-01,HRIS-WKR-007187,POS-FIN-L6-0107,JOB-FIN-L6-05,Finance L6 Role 05,FIN,L6,Y,1.0,39.0,2019-12-16,
ASN-007188-01,HRIS-WKR-007188,POS-SAL-L2-0151,JOB-SAL-L2-01,Sales L2 Role 01,SAL,L2,Y,1.0,39.0,2022-08-05,
ASN-007189-01,HRIS-WKR-007189,POS-FIN-L2-0084,JOB-FIN-L2-06,Finance L2 Role 06,FIN,L2,Y,0.6,23.4,2021-10-06,
ASN-007190-01,HRIS-WKR-007190,POS-HR-L6-0140,JOB-HR-L6-02,People L6 Role 02,HR,L6,Y,1.0,39.0,2023-07-20,
ASN-007191-01,HRIS-WKR-007191,POS-HR-L2-0120,JOB-HR-L2-06,People L2 Role 06,HR,L2,Y,1.0,39.0,2022-04-21,
ASN-007192-01,HRIS-WKR-007192,POS-SAL-L3-0161,JOB-SAL-L3-05,Sales L3 Role 05,SAL,L3,Y,1.0,39.0,2019-11-03,
ASN-007193-01,HRIS-WKR-007193,POS-ENG-L4-0020,JOB-ENG-L4-02,Engineering L4 Role 02,ENG,L4,Y,1.0,39.0,2023-11-22,
ASN-007194-01,HRIS-WKR-007194,POS-FIN-L6-0108,JOB-FIN-L6-06,Finance L6 Role 06,FIN,L6,Y,1.0,39.0,2024-04-14,
ASN-007195-01,HRIS-WKR-007195,POS-HR-L4-0131,JOB-HR-L4-05,People L4 Role 05,HR,L6,Y,1.0,39.0,2025-02-05,
ASN-007196-01,HRIS-WKR-007196,POS-FIN-L5-0101,JOB-FIN-L5-05,Finance L5 Role 05,FIN,L5,Y,,,2021-04-19,
ASN-007197-01,HRIS-WKR-007197,POS-HR-L6-0140,JOB-HR-L6-02,People L6 Role 02,HR,L6,Y,0.8,31.2,2018-08-14,
ASN-007198-01,HRIS-WKR-007198,POS-SAL-L1-0147,JOB-SAL-L1-03,Sales L1 Role 03,SAL,L1,Y,0.8,31.2,2018-08-19,
ASN-007199-01,HRIS-WKR-007199,POS-ENG-L5-0030,JOB-ENG-L5-06,Engineering L5 Role 06,ENG,L6,Y,1.0,39.0,2022-10-17,
ASN-007199-02,HRIS-WKR-007199,POS-HR-L4-0132,JOB-HR-L4-06,People L4 Role 06,HR,L4,N,0.4,15.6,2021-01-04,
ASN-007200-01,HRIS-WKR-007200,POS-FIN-L6-0105,JOB-FIN-L6-03,Finance L6 Role 03,FIN,L6,Y,1.0,39.0,2021-02-12,
ASN-007201-01,HRIS-WKR-007201,POS-OPS-L5-0065,JOB-OPS-L5-05,Operations L5 Role 05,OPS,L5,Y,0.5,19.5,2019-11-08,
ASN-007202-01,HRIS-WKR-007202,POS-FIN-L1-0073,JOB-FIN-L1-01,Finance L1 Role 01,FIN,L1,Y,0.8,31.2,2021-01-18,
ASN-007203-01,HRIS-WKR-007203,POS-TEC-L2-0189,JOB-TEC-L2-03,Technology L2 Role 03,TEC,L2,Y,1.0,39.0,2020-08-22,
ASN-007204-01,HRIS-WKR-007204,POS-FIN-L4-0091,JOB-FIN-L4-01,Finance L4 Role 01,FIN,L4,Y,1.0,39.0,2025-05-09,
ASN-007205-01,HRIS-WKR-007205,POS-FIN-L6-0108,JOB-FIN-L6-06,Finance L6 Role 06,FIN,L6,Y,0.6,23.4,2022-11-14,
ASN-007206-01,HRIS-WKR-007206,POS-OPS-L5-0061,JOB-OPS-L5-01,Operations L5 Role 01,OPS,L5,Y,1.0,39.0,2023-01-30,
ASN-007207-01,HRIS-WKR-007207,POS-ENG-L3-0014,JOB-ENG-L3-02,Engineering L3 Role 02,ENG,L3,Y,0.8,31.2,2022-10-18,
ASN-007207-02,HRIS-WKR-007207,POS-TEC-L6-0216,JOB-TEC-L6-06,Technology L6 Role 06,TEC,L6,N,0.4,15.6,2019-04-12,
ASN-007208-01,HRIS-WKR-007208,POS-FIN-L4-0091,JOB-FIN-L4-01,Finance L4 Role 01,FIN,L4,Y,1.0,39.0,2022-10-08,
ASN-007209-01,HRIS-WKR-007209,POS-TEC-L3-0193,JOB-TEC-L3-01,Technology L3 Role 01,TEC,L3,Y,1.0,39.0,2026-01-16,
ASN-007210-01,HRIS-WKR-007210,POS-SAL-L5-0170,JOB-SAL-L5-02,Sales L5 Role 02,SAL,L5,Y,1.0,39.0,2019-02-21,
ASN-007211-01,HRIS-WKR-007211,POS-SAL-L5-0174,JOB-SAL-L5-06,Sales L5 Role 06,SAL,L5,Y,1.0,39.0,2021-01-19,
ASN-007212-01,HRIS-WKR-007212,POS-SAL-L6-0179,JOB-SAL-L6-05,Sales L6 Role 05,SAL,L6,Y,0.8,31.2,2022-03-30,
ASN-007213-01,HRIS-WKR-007213,POS-OPS-L2-0043,JOB-OPS-L2-01,Operations L2 Role 01,OPS,L2,Y,1.0,39.0,2026-01-04,
ASN-007214-01,HRIS-WKR-007214,POS-ENG-L5-0028,JOB-ENG-L5-04,Engineering L5 Role 04,ENG,L5,Y,1.0,39.0,2020-10-02,
ASN-007214-02,HRIS-WKR-007214,POS-SAL-L1-0145,JOB-SAL-L1-01,Sales L1 Role 01,SAL,L1,N,0.2,7.8,2019-12-14,
ASN-007215-01,HRIS-WKR-007215,POS-OPS-L6-0072,JOB-OPS-L6-06,Operations L6 Role 06,OPS,L6,Y,1.0,39.0,2025-09-29,
ASN-007216-01,HRIS-WKR-007216,POS-ENG-L6-0033,JOB-ENG-L6-03,Engineering L6 Role 03,ENG,L6,Y,1.0,39.0,2020-10-04,
ASN-007217-01,HRIS-WKR-007217,POS-HR-L2-0120,JOB-HR-L2-06,People L2 Role 06,HR,L2,Y,1.0,39.0,2023-07-15,
ASN-007218-01,HRIS-WKR-007218,POS-TEC-L6-0214,JOB-TEC-L6-04,Technology L6 Role 04,TEC,L6,Y,1.0,39.0,2022-02-20,
ASN-007219-01,HRIS-WKR-007219,POS-ENG-L3-0016,JOB-ENG-L3-04,Engineering L3 Role 04,ENG,L3,Y,0.4,15.6,2019-01-04,
ASN-007220-01,HRIS-WKR-007220,POS-ENG-L4-0023,JOB-ENG-L4-05,Engineering L4 Role 05,ENG,L4,Y,1.0,39.0,2020-11-10,
ASN-007221-01,HRIS-WKR-007221,POS-HR-L3-0125,JOB-HR-L3-05,People L3 Role 05,HR,L3,Y,1.0,39.0,2023-04-09,
ASN-007221-02,HRIS-WKR-007221,POS-ENG-L1-0006,JOB-ENG-L1-06,Engineering L1 Role 06,ENG,L1,N,0.3,11.7,2020-08-23,
ASN-007222-01,HRIS-WKR-007222,POS-SAL-L2-0153,JOB-SAL-L2-03,Sales L2 Role 03,SAL,L2,Y,1.0,39.0,2025-08-03,
ASN-007223-01,HRIS-WKR-007223,POS-HR-L4-0127,JOB-HR-L4-01,People L4 Role 01,HR,L4,Y,0.8,31.2,2020-08-13,
ASN-007224-01,HRIS-WKR-007224,POS-SAL-L6-0180,JOB-SAL-L6-06,Sales L6 Role 06,SAL,L6,Y,1.0,39.0,2023-06-28,
ASN-007225-01,HRIS-WKR-007225,POS-TEC-L4-0200,JOB-TEC-L4-02,Technology L4 Role 02,TEC,L4,Y,1.0,39.0,2020-12-30,
ASN-007226-01,HRIS-WKR-007226,POS-HR-L5-0136,JOB-HR-L5-04,People L5 Role 04,HR,L5,Y,1.0,39.0,2024-01-25,
ASN-007227-01,HRIS-WKR-007227,POS-ENG-L6-0034,JOB-ENG-L6-04,Engineering L6 Role 04,ENG,L6,Y,1.0,39.0,2019-01-15,
ASN-007228-01,HRIS-WKR-007228,POS-OPS-L6-0071,JOB-OPS-L6-05,Operations L6 Role 05,OPS,L6,Y,,,2024-02-06,
ASN-007228-02,HRIS-WKR-007228,POS-OPS-L6-0072,JOB-OPS-L6-06,Operations L6 Role 06,OPS,L6,N,0.4,15.6,2021-09-16,
ASN-007229-01,HRIS-WKR-007229,POS-SAL-L2-0152,JOB-SAL-L2-02,Sales L2 Role 02,SAL,L2,Y,0.8,31.2,2019-12-26,
ASN-007229-02,HRIS-WKR-007229,POS-FIN-L6-0107,JOB-FIN-L6-05,Finance L6 Role 05,FIN,L6,N,0.2,7.8,2019-04-05,
ASN-007230-01,HRIS-WKR-007230,POS-SAL-L6-0175,JOB-SAL-L6-01,Sales L6 Role 01,SAL,L6,Y,1.0,39.0,2020-03-26,
ASN-007231-01,HRIS-WKR-007231,POS-ENG-L1-0004,JOB-ENG-L1-04,Engineering L1 Role 04,ENG,L1,Y,1.0,39.0,2021-06-15,
ASN-007232-01,HRIS-WKR-007232,POS-HR-L4-0128,JOB-HR-L4-02,People L4 Role 02,HR,L4,Y,1.0,39.0,2025-06-22,
ASN-007233-01,HRIS-WKR-007233,POS-FIN-L1-0075,JOB-FIN-L1-03,Finance L1 Role 03,FIN,L1,Y,1.0,39.0,2018-10-30,
ASN-007234-01,HRIS-WKR-007234,POS-SAL-L5-0169,JOB-SAL-L5-01,Sales L5 Role 01,SAL,L5,Y,1.0,39.0,2018-08-10,
ASN-007235-01,HRIS-WKR-007235,POS-OPS-L3-0054,JOB-OPS-L3-06,Operations L3 Role 06,OPS,L3,Y,0.6,23.4,2021-08-01,
ASN-007236-01,HRIS-WKR-007236,POS-ENG-L6-0035,JOB-ENG-L6-05,Engineering L6 Role 05,ENG,L6,Y,,,2018-08-31,
ASN-007236-02,HRIS-WKR-007236,POS-HR-L5-0134,JOB-HR-L5-02,People L5 Role 02,HR,L5,N,0.4,15.6,2021-03-18,
ASN-007237-01,HRIS-WKR-007237,POS-SAL-L5-0173,JOB-SAL-L5-05,Sales L5 Role 05,SAL,L5,Y,1.0,39.0,2020-12-14,
ASN-007238-01,HRIS-WKR-007238,POS-OPS-L4-0060,JOB-OPS-L4-06,Operations L4 Role 06,OPS,L4,Y,1.0,39.0,2021-02-26,
ASN-007239-01,HRIS-WKR-007239,POS-TEC-L6-0211,JOB-TEC-L6-01,Technology L6 Role 01,TEC,L6,Y,1.0,39.0,2025-03-31,
ASN-007240-01,HRIS-WKR-007240,POS-HR-L2-0115,JOB-HR-L2-01,People L2 Role 01,HR,L2,Y,1.0,39.0,2019-09-28,
ASN-007241-01,HRIS-WKR-007241,POS-SAL-L4-0163,JOB-SAL-L4-01,Sales L4 Role 01,SAL,L4,Y,0.8,31.2,2019-01-31,
ASN-007242-01,HRIS-WKR-007242,POS-TEC-L2-0192,JOB-TEC-L2-06,Technology L2 Role 06,TEC,L2,Y,0.8,31.2,2019-09-25,
ASN-007243-01,HRIS-WKR-007243,POS-FIN-L3-0087,JOB-FIN-L3-03,Finance L3 Role 03,FIN,L3,Y,1.0,39.0,2018-11-15,
ASN-007244-01,HRIS-WKR-007244,POS-OPS-L5-0063,JOB-OPS-L5-03,Operations L5 Role 03,OPS,L5,Y,1.0,39.0,2023-03-23,
ASN-007245-01,HRIS-WKR-007245,POS-OPS-L3-0054,JOB-OPS-L3-06,Operations L3 Role 06,OPS,L3,Y,1.0,39.0,2022-07-18,
ASN-007246-01,HRIS-WKR-007246,POS-SAL-L1-0145,JOB-SAL-L1-01,Sales L1 Role 01,SAL,L1,Y,1.0,39.0,2023-08-09,
ASN-007246-02,HRIS-WKR-007246,POS-OPS-L4-0058,JOB-OPS-L4-04,Operations L4 Role 04,OPS,L4,N,0.2,7.8,2025-09-08,
ASN-007247-01,HRIS-WKR-007247,POS-HR-L2-0118,JOB-HR-L2-04,People L2 Role 04,HR,L2,Y,1.0,39.0,2023-02-08,
ASN-007248-01,HRIS-WKR-007248,POS-TEC-L5-0209,JOB-TEC-L5-05,Technology L5 Role 05,TEC,L5,Y,0.8,31.2,2021-08-17,
ASN-007249-01,HRIS-WKR-007249,POS-TEC-L1-0185,JOB-TEC-L1-05,Technology L1 Role 05,TEC,L1,Y,0.6,23.4,2023-03-19,
ASN-007250-01,HRIS-WKR-007250,POS-TEC-L5-0210,JOB-TEC-L5-06,Technology L5 Role 06,TEC,L5,Y,1.0,39.0,2022-10-06,
ASN-007251-01,HRIS-WKR-007251,POS-HR-L4-0131,JOB-HR-L4-05,People L4 Role 05,HR,L4,Y,1.0,39.0,2021-09-09,
ASN-007252-01,HRIS-WKR-007252,POS-TEC-L5-0209,JOB-TEC-L5-05,Technology L5 Role 05,TEC,L5,Y,1.0,39.0,2024-09-20,
ASN-007253-01,HRIS-WKR-007253,POS-SAL-L3-0159,JOB-SAL-L3-03,Sales L3 Role 03,SAL,L3,Y,1.0,39.0,2022-11-25,
ASN-007254-01,HRIS-WKR-007254,POS-SAL-L6-0176,JOB-SAL-L6-02,Sales L6 Role 02,SAL,L6,Y,1.0,39.0,2024-11-19,
ASN-007255-01,HRIS-WKR-007255,POS-SAL-L2-0153,JOB-SAL-L2-03,Sales L2 Role 03,SAL,L2,Y,1.0,39.0,2025-06-08,
ASN-007256-01,HRIS-WKR-007256,POS-OPS-L1-0037,JOB-OPS-L1-01,Operations L1 Role 01,OPS,L1,Y,1.0,39.0,2022-12-21,
ASN-007257-01,HRIS-WKR-007257,POS-SAL-L3-0157,JOB-SAL-L3-01,Sales L3 Role 01,SAL,L3,Y,1.0,39.0,2019-12-03,
ASN-007258-01,HRIS-WKR-007258,POS-HR-L2-0116,JOB-HR-L2-02,People L2 Role 02,HR,L2,Y,1.0,39.0,2024-09-17,
ASN-007259-01,HRIS-WKR-007259,POS-OPS-L4-0057,JOB-OPS-L4-03,Operations L4 Role 03,OPS,L4,Y,1.0,39.0,2025-03-07,
ASN-007260-01,HRIS-WKR-007260,POS-ENG-L5-0026,JOB-ENG-L5-02,Engineering L5 Role 02,ENG,L5,Y,1.0,39.0,2025-06-20,
ASN-007261-01,HRIS-WKR-007261,POS-FIN-L1-0074,JOB-FIN-L1-02,Finance L1 Role 02,FIN,L1,Y,1.0,39.0,2023-06-18,
ASN-007262-01,HRIS-WKR-007262,POS-SAL-L5-0169,JOB-SAL-L5-01,Sales L5 Role 01,SAL,L5,Y,1.0,39.0,2020-11-20,
ASN-007262-02,HRIS-WKR-007262,POS-OPS-L5-0061,JOB-OPS-L5-01,Operations L5 Role 01,OPS,L5,N,0.2,7.8,2020-06-09,
ASN-007263-01,HRIS-WKR-007263,POS-ENG-L6-0034,JOB-ENG-L6-04,Engineering L6 Role 04,ENG,L6,Y,0.6,23.4,2019-04-09,
ASN-007264-01,HRIS-WKR-007264,POS-FIN-L5-0098,JOB-FIN-L5-02,Finance L5 Role 02,FIN,L5,Y,0.8,31.2,2024-04-20,
ASN-007265-01,HRIS-WKR-007265,POS-FIN-L4-0094,JOB-FIN-L4-04,Finance L4 Role 04,FIN,L4,Y,0.4,15.6,2022-10-17,
ASN-007266-01,HRIS-WKR-007266,POS-OPS-L3-0052,JOB-OPS-L3-04,Operations L3 Role 04,OPS,L3,Y,0.8,31.2,2022-10-05,
ASN-007267-01,HRIS-WKR-007267,POS-OPS-L1-0042,JOB-OPS-L1-06,Operations L1 Role 06,OPS,L1,Y,1.0,39.0,2024-04-23,
ASN-007268-01,HRIS-WKR-007268,POS-HR-L3-0124,JOB-HR-L3-04,People L3 Role 04,HR,L3,Y,1.0,39.0,2018-12-17,
ASN-007269-01,HRIS-WKR-007269,POS-HR-L4-0129,JOB-HR-L4-03,People L4 Role 03,HR,L4,Y,0.5,19.5,2023-08-08,
ASN-007270-01,HRIS-WKR-007270,POS-TEC-L3-0193,JOB-TEC-L3-01,Technology L3 Role 01,TEC,L3,Y,1.0,39.0,2025-01-08,
ASN-007271-01,HRIS-WKR-007271,POS-SAL-L5-0173,JOB-SAL-L5-05,Sales L5 Role 05,SAL,L5,Y,1.0,39.0,2021-09-05,
ASN-007272-01,HRIS-WKR-007272,POS-HR-L6-0143,JOB-HR-L6-05,People L6 Role 05,HR,L6,Y,1.0,39.0,2021-10-28,
ASN-007273-01,HRIS-WKR-007273,POS-OPS-L6-0069,JOB-OPS-L6-03,Operations L6 Role 03,OPS,L6,Y,0.5,19.5,2019-03-03,
ASN-007274-01,HRIS-WKR-007274,POS-SAL-L2-0152,JOB-SAL-L2-02,Sales L2 Role 02,SAL,L1,Y,1.0,39.0,2022-10-25,
ASN-007275-01,HRIS-WKR-007275,POS-ENG-L2-0007,JOB-ENG-L2-01,Engineering L2 Role 01,ENG,L2,Y,1.0,39.0,2025-07-07,
ASN-007276-01,HRIS-WKR-007276,POS-FIN-L4-0096,JOB-FIN-L4-06,Finance L4 Role 06,FIN,L4,Y,1.0,39.0,2018-07-04,
ASN-007277-01,HRIS-WKR-007277,POS-FIN-L3-0086,JOB-FIN-L3-02,Finance L3 Role 02,FIN,L3,Y,0.8,31.2,2021-06-28,
ASN-007278-01,HRIS-WKR-007278,POS-ENG-L3-0017,JOB-ENG-L3-05,Engineering L3 Role 05,ENG,L3,Y,1.0,39.0,2019-07-31,
ASN-007279-01,HRIS-WKR-007279,POS-HR-L6-0140,JOB-HR-L6-02,People L6 Role 02,HR,L6,Y,1.0,39.0,2023-07-13,
ASN-007280-01,HRIS-WKR-007280,POS-SAL-L4-0165,JOB-SAL-L4-03,Sales L4 Role 03,SAL,L4,Y,1.0,39.0,2018-01-12,
ASN-007281-01,HRIS-WKR-007281,POS-OPS-L5-0061,JOB-OPS-L5-01,Operations L5 Role 01,OPS,L5,Y,0.4,15.6,2020-06-24,
ASN-007282-01,HRIS-WKR-007282,POS-FIN-L3-0086,JOB-FIN-L3-02,Finance L3 Role 02,FIN,L3,Y,1.0,39.0,2020-01-30,
ASN-007283-01,HRIS-WKR-007283,POS-TEC-L6-0213,JOB-TEC-L6-03,Technology L6 Role 03,TEC,L6,Y,1.0,39.0,2022-05-08,
ASN-007284-01,HRIS-WKR-007284,POS-FIN-L6-0106,JOB-FIN-L6-04,Finance L6 Role 04,FIN,L6,Y,1.0,39.0,2019-05-02,
ASN-007285-01,HRIS-WKR-007285,POS-TEC-L5-0208,JOB-TEC-L5-04,Technology L5 Role 04,TEC,L5,Y,1.0,39.0,2019-09-06,
ASN-007286-01,HRIS-WKR-007286,POS-OPS-L2-0047,JOB-OPS-L2-05,Operations L2 Role 05,OPS,L2,Y,1.0,39.0,2025-12-17,
ASN-007287-01,HRIS-WKR-007287,POS-FIN-L3-0090,JOB-FIN-L3-06,Finance L3 Role 06,FIN,L3,Y,1.0,39.0,2022-06-05,
ASN-007288-01,HRIS-WKR-007288,POS-HR-L3-0123,JOB-HR-L3-03,People L3 Role 03,HR,L3,Y,1.0,39.0,2019-05-24,
ASN-007289-01,HRIS-WKR-007289,POS-SAL-L2-0153,JOB-SAL-L2-03,Sales L2 Role 03,SAL,L2,Y,1.0,39.0,2018-11-10,
ASN-007289-02,HRIS-WKR-007289,POS-OPS-L5-0062,JOB-OPS-L5-02,Operations L5 Role 02,OPS,L5,N,0.2,7.8,2020-12-08,
ASN-007290-01,HRIS-WKR-007290,POS-HR-L6-0143,JOB-HR-L6-05,People L6 Role 05,HR,L6,Y,1.0,39.0,2018-08-28,
ASN-007291-01,HRIS-WKR-007291,POS-SAL-L6-0176,JOB-SAL-L6-02,Sales L6 Role 02,SAL,L6,Y,0.6,23.4,2024-06-09,
ASN-007292-01,HRIS-WKR-007292,POS-OPS-L1-0038,JOB-OPS-L1-02,Operations L1 Role 02,OPS,L1,Y,1.0,39.0,2026-02-01,
ASN-007293-01,HRIS-WKR-007293,POS-ENG-L3-0016,JOB-ENG-L3-04,Engineering L3 Role 04,ENG,L3,Y,1.0,39.0,2022-04-12,
ASN-007294-01,HRIS-WKR-007294,POS-FIN-L2-0081,JOB-FIN-L2-03,Finance L2 Role 03,FIN,L2,Y,1.0,39.0,2018-08-25,
ASN-007295-01,HRIS-WKR-007295,POS-TEC-L2-0188,JOB-TEC-L2-02,Technology L2 Role 02,TEC,L2,Y,1.0,39.0,2023-07-05,
ASN-007295-02,HRIS-WKR-007295,POS-FIN-L5-0101,JOB-FIN-L5-05,Finance L5 Role 05,FIN,L5,N,0.2,7.8,2018-12-04,
ASN-007296-01,HRIS-WKR-007296,POS-HR-L1-0110,JOB-HR-L1-02,People L1 Role 02,HR,L1,Y,1.0,39.0,2018-04-05,
ASN-007297-01,HRIS-WKR-007297,POS-OPS-L3-0052,JOB-OPS-L3-04,Operations L3 Role 04,OPS,L3,Y,1.0,39.0,2019-03-09,
ASN-007298-01,HRIS-WKR-007298,POS-SAL-L4-0167,JOB-SAL-L4-05,Sales L4 Role 05,SAL,L4,Y,1.0,39.0,2020-06-25,
ASN-007299-01,HRIS-WKR-007299,POS-ENG-L1-0001,JOB-ENG-L1-01,Engineering L1 Role 01,ENG,L3,Y,0.5,19.5,2020-06-01,
ASN-007300-01,HRIS-WKR-007300,POS-HR-L3-0121,JOB-HR-L3-01,People L3 Role 01,HR,L3,Y,1.0,39.0,2021-07-30,
ASN-007301-01,HRIS-WKR-007301,POS-TEC-L2-0189,JOB-TEC-L2-03,Technology L2 Role 03,TEC,L2,Y,1.0,39.0,2023-09-15,
ASN-007302-01,HRIS-WKR-007302,POS-OPS-L1-0039,JOB-OPS-L1-03,Operations L1 Role 03,OPS,L1,Y,0.5,19.5,2018-05-19,
ASN-007303-01,HRIS-WKR-007303,POS-ENG-L1-0002,JOB-ENG-L1-02,Engineering L1 Role 02,ENG,L1,Y,1.0,39.0,2025-02-16,
ASN-007304-01,HRIS-WKR-007304,POS-OPS-L4-0057,JOB-OPS-L4-03,Operations L4 Role 03,OPS,L4,Y,1.0,39.0,2018-01-23,
ASN-007305-01,HRIS-WKR-007305,POS-TEC-L6-0214,JOB-TEC-L6-04,Technology L6 Role 04,TEC,L6,Y,0.8,31.2,2022-06-27,
ASN-007306-01,HRIS-WKR-007306,POS-OPS-L4-0059,JOB-OPS-L4-05,Operations L4 Role 05,OPS,L4,Y,1.0,39.0,2019-07-03,
ASN-007307-01,HRIS-WKR-007307,POS-TEC-L4-0199,JOB-TEC-L4-01,Technology L4 Role 01,TEC,L4,Y,1.0,39.0,2019-05-28,
ASN-007308-01,HRIS-WKR-007308,POS-ENG-L6-0033,JOB-ENG-L6-03,Engineering L6 Role 03,ENG,L6,Y,1.0,39.0,2023-01-04,
ASN-007309-01,HRIS-WKR-007309,POS-FIN-L2-0083,JOB-FIN-L2-05,Finance L2 Role 05,FIN,L2,Y,1.0,39.0,2022-07-17,
ASN-007310-01,HRIS-WKR-007310,POS-HR-L3-0122,JOB-HR-L3-02,People L3 Role 02,HR,L3,Y,1.0,39.0,2022-07-16,
ASN-007311-01,HRIS-WKR-007311,POS-SAL-L2-0156,JOB-SAL-L2-06,Sales L2 Role 06,SAL,L2,Y,1.0,39.0,2023-03-29,
ASN-007312-01,HRIS-WKR-007312,POS-SAL-L2-0155,JOB-SAL-L2-05,Sales L2 Role 05,SAL,L2,Y,0.6,23.4,2019-12-20,
ASN-007313-01,HRIS-WKR-007313,POS-FIN-L6-0106,JOB-FIN-L6-04,Finance L6 Role 04,FIN,L6,Y,0.4,15.6,2021-07-08,
ASN-007314-01,HRIS-WKR-007314,POS-SAL-L2-0154,JOB-SAL-L2-04,Sales L2 Role 04,SAL,L2,Y,1.0,39.0,2020-01-10,
ASN-007315-01,HRIS-WKR-007315,POS-TEC-L6-0214,JOB-TEC-L6-04,Technology L6 Role 04,TEC,L6,Y,1.0,39.0,2021-08-28,
ASN-007316-01,HRIS-WKR-007316,POS-TEC-L4-0203,JOB-TEC-L4-05,Technology L4 Role 05,TEC,L4,Y,1.0,39.0,2023-04-24,
ASN-007317-01,HRIS-WKR-007317,POS-SAL-L3-0161,JOB-SAL-L3-05,Sales L3 Role 05,SAL,L3,Y,1.0,39.0,2019-11-25,
ASN-007318-01,HRIS-WKR-007318,POS-FIN-L5-0097,JOB-FIN-L5-01,Finance L5 Role 01,FIN,L5,Y,1.0,39.0,2023-01-29,
ASN-007319-01,HRIS-WKR-007319,POS-SAL-L6-0178,JOB-SAL-L6-04,Sales L6 Role 04,SAL,L6,Y,1.0,39.0,2023-12-04,
ASN-007320-01,HRIS-WKR-007320,POS-ENG-L6-0034,JOB-ENG-L6-04,Engineering L6 Role 04,ENG,L6,Y,1.0,39.0,2022-05-18,
ASN-007321-01,HRIS-WKR-007321,POS-SAL-L6-0177,JOB-SAL-L6-03,Sales L6 Role 03,SAL,L6,Y,0.5,19.5,2024-12-09,
ASN-007322-01,HRIS-WKR-007322,POS-FIN-L4-0096,JOB-FIN-L4-06,Finance L4 Role 06,FIN,L4,Y,0.6,23.4,2021-07-11,
ASN-007323-01,HRIS-WKR-007323,POS-FIN-L5-0101,JOB-FIN-L5-05,Finance L5 Role 05,FIN,L5,Y,0.6,23.4,2023-04-24,
ASN-007324-01,HRIS-WKR-007324,POS-OPS-L2-0047,JOB-OPS-L2-05,Operations L2 Role 05,OPS,L2,Y,1.0,39.0,2025-09-20,
ASN-007324-02,HRIS-WKR-007324,POS-ENG-L5-0025,JOB-ENG-L5-01,Engineering L5 Role 01,ENG,L5,N,0.2,7.8,2024-11-13,
ASN-007325-01,HRIS-WKR-007325,POS-OPS-L4-0058,JOB-OPS-L4-04,Operations L4 Role 04,OPS,L4,Y,1.0,39.0,2022-11-13,
ASN-007326-01,HRIS-WKR-007326,POS-SAL-L5-0171,JOB-SAL-L5-03,Sales L5 Role 03,SAL,L5,Y,1.0,39.0,2024-11-23,
ASN-007326-02,HRIS-WKR-007326,POS-SAL-L6-0176,JOB-SAL-L6-02,Sales L6 Role 02,SAL,L6,N,0.2,7.8,2024-04-02,
ASN-007327-01,HRIS-WKR-007327,POS-FIN-L4-0096,JOB-FIN-L4-06,Finance L4 Role 06,FIN,L4,Y,1.0,39.0,2025-09-03,
ASN-007328-01,HRIS-WKR-007328,POS-TEC-L5-0210,JOB-TEC-L5-06,Technology L5 Role 06,TEC,L5,Y,1.0,39.0,2023-10-10,
ASN-007329-01,HRIS-WKR-007329,POS-ENG-L5-0028,JOB-ENG-L5-04,Engineering L5 Role 04,ENG,L5,Y,0.8,31.2,2022-01-12,
ASN-007330-01,HRIS-WKR-007330,POS-HR-L2-0115,JOB-HR-L2-01,People L2 Role 01,HR,L2,Y,1.0,39.0,2018-05-04,
ASN-007331-01,HRIS-WKR-007331,POS-FIN-L6-0108,JOB-FIN-L6-06,Finance L6 Role 06,FIN,L6,Y,0.4,15.6,2019-08-08,
ASN-007332-01,HRIS-WKR-007332,POS-ENG-L3-0016,JOB-ENG-L3-04,Engineering L3 Role 04,ENG,L3,Y,1.0,39.0,2024-11-08,
ASN-007333-01,HRIS-WKR-007333,POS-OPS-L4-0055,JOB-OPS-L4-01,Operations L4 Role 01,OPS,L4,Y,1.0,39.0,2020-05-26,
ASN-007334-01,HRIS-WKR-007334,POS-TEC-L6-0213,JOB-TEC-L6-03,Technology L6 Role 03,TEC,L6,Y,,,2020-08-29,
ASN-007335-01,HRIS-WKR-007335,POS-ENG-L1-0003,JOB-ENG-L1-03,Engineering L1 Role 03,ENG,L1,Y,1.0,39.0,2024-08-04,
ASN-007336-01,HRIS-WKR-007336,POS-ENG-L6-0036,JOB-ENG-L6-06,Engineering L6 Role 06,ENG,L6,Y,1.0,39.0,2021-02-17,
ASN-007337-01,HRIS-WKR-007337,POS-HR-L3-0125,JOB-HR-L3-05,People L3 Role 05,HR,L3,Y,1.0,39.0,2021-11-10,
ASN-007338-01,HRIS-WKR-007338,POS-SAL-L6-0177,JOB-SAL-L6-03,Sales L6 Role 03,SAL,L6,Y,1.0,39.0,2021-08-31,
ASN-007339-01,HRIS-WKR-007339,POS-OPS-L6-0070,JOB-OPS-L6-04,Operations L6 Role 04,OPS,L6,Y,1.0,39.0,2022-09-26,
ASN-007340-01,HRIS-WKR-007340,POS-SAL-L3-0158,JOB-SAL-L3-02,Sales L3 Role 02,SAL,L3,Y,1.0,39.0,2021-06-15,
ASN-007341-01,HRIS-WKR-007341,POS-ENG-L3-0013,JOB-ENG-L3-01,Engineering L3 Role 01,ENG,L3,Y,0.6,23.4,2022-01-31,
ASN-007342-01,HRIS-WKR-007342,POS-ENG-L3-0014,JOB-ENG-L3-02,Engineering L3 Role 02,ENG,L3,Y,1.0,39.0,2020-03-23,
ASN-007343-01,HRIS-WKR-007343,POS-SAL-L3-0157,JOB-SAL-L3-01,Sales L3 Role 01,SAL,L3,Y,,,2019-01-04,
ASN-007344-01,HRIS-WKR-007344,POS-SAL-L6-0175,JOB-SAL-L6-01,Sales L6 Role 01,SAL,L6,Y,0.8,31.2,2019-08-09,
ASN-007345-01,HRIS-WKR-007345,POS-TEC-L5-0206,JOB-TEC-L5-02,Technology L5 Role 02,TEC,L5,Y,1.0,39.0,2025-10-27,
ASN-007346-01,HRIS-WKR-007346,POS-TEC-L1-0186,JOB-TEC-L1-06,Technology L1 Role 06,TEC,L1,Y,1.0,39.0,2019-02-23,
ASN-007347-01,HRIS-WKR-007347,POS-ENG-L6-0036,JOB-ENG-L6-06,Engineering L6 Role 06,ENG,L6,Y,1.0,39.0,2021-07-25,
ASN-007348-01,HRIS-WKR-007348,POS-FIN-L2-0084,JOB-FIN-L2-06,Finance L2 Role 06,FIN,L2,Y,1.0,39.0,2018-03-20,
ASN-007349-01,HRIS-WKR-007349,POS-TEC-L6-0214,JOB-TEC-L6-04,Technology L6 Role 04,TEC,L6,Y,1.0,39.0,2018-11-25,
ASN-007350-01,HRIS-WKR-007350,POS-OPS-L5-0064,JOB-OPS-L5-04,Operations L5 Role 04,OPS,L5,Y,1.0,39.0,2020-03-10,
ASN-007351-01,HRIS-WKR-007351,POS-FIN-L6-0106,JOB-FIN-L6-04,Finance L6 Role 04,FIN,L6,Y,1.0,39.0,2021-03-01,
ASN-007352-01,HRIS-WKR-007352,POS-TEC-L2-0191,JOB-TEC-L2-05,Technology L2 Role 05,TEC,L2,Y,1.0,39.0,2022-04-20,
ASN-007352-02,HRIS-WKR-007352,POS-OPS-L1-0038,JOB-OPS-L1-02,Operations L1 Role 02,OPS,L1,N,0.2,7.8,2025-01-09,
ASN-007353-01,HRIS-WKR-007353,POS-HR-L6-0144,JOB-HR-L6-06,People L6 Role 06,HR,L6,Y,0.8,31.2,2025-09-19,
ASN-007354-01,HRIS-WKR-007354,POS-SAL-L2-0155,JOB-SAL-L2-05,Sales L2 Role 05,SAL,L2,Y,1.0,39.0,2021-04-16,
ASN-007355-01,HRIS-WKR-007355,POS-SAL-L3-0161,JOB-SAL-L3-05,Sales L3 Role 05,SAL,L3,Y,1.0,39.0,2019-12-25,
ASN-007356-01,HRIS-WKR-007356,POS-FIN-L6-0108,JOB-FIN-L6-06,Finance L6 Role 06,FIN,L6,Y,0.4,15.6,2025-03-22,
ASN-007357-01,HRIS-WKR-007357,POS-SAL-L3-0157,JOB-SAL-L3-01,Sales L3 Role 01,SAL,L3,Y,0.6,23.4,2018-11-09,
ASN-007358-01,HRIS-WKR-007358,POS-FIN-L3-0086,JOB-FIN-L3-02,Finance L3 Role 02,FIN,L3,Y,1.0,39.0,2025-07-04,
ASN-007358-02,HRIS-WKR-007358,POS-TEC-L4-0202,JOB-TEC-L4-04,Technology L4 Role 04,TEC,L4,N,0.2,7.8,2024-11-14,
ASN-007359-01,HRIS-WKR-007359,POS-FIN-L6-0103,JOB-FIN-L6-01,Finance L6 Role 01,FIN,L6,Y,0.8,31.2,2024-10-28,
ASN-007360-01,HRIS-WKR-007360,POS-FIN-L3-0087,JOB-FIN-L3-03,Finance L3 Role 03,FIN,L3,Y,0.6,23.4,2019-05-19,
ASN-007360-02,HRIS-WKR-007360,POS-OPS-L2-0047,JOB-OPS-L2-05,Operations L2 Role 05,OPS,L2,N,0.4,15.6,2018-05-03,
ASN-007361-01,HRIS-WKR-007361,POS-SAL-L5-0171,JOB-SAL-L5-03,Sales L5 Role 03,SAL,L5,Y,1.0,39.0,2021-09-10,
ASN-007362-01,HRIS-WKR-007362,POS-TEC-L6-0214,JOB-TEC-L6-04,Technology L6 Role 04,TEC,L6,Y,1.0,39.0,2024-10-29,
ASN-007363-01,HRIS-WKR-007363,POS-FIN-L2-0079,JOB-FIN-L2-01,Finance L2 Role 01,FIN,L2,Y,0.8,31.2,2024-08-25,
ASN-007364-01,HRIS-WKR-007364,POS-FIN-L4-0093,JOB-FIN-L4-03,Finance L4 Role 03,FIN,L4,Y,1.0,39.0,2024-03-18,
ASN-007365-01,HRIS-WKR-007365,POS-ENG-L4-0020,JOB-ENG-L4-02,Engineering L4 Role 02,ENG,L4,Y,0.4,15.6,2022-01-21,
ASN-007365-02,HRIS-WKR-007365,POS-TEC-L1-0183,JOB-TEC-L1-03,Technology L1 Role 03,TEC,L1,N,0.2,7.8,2022-08-01,
ASN-007366-01,HRIS-WKR-007366,POS-HR-L3-0125,JOB-HR-L3-05,People L3 Role 05,HR,L3,Y,1.0,39.0,2023-10-28,
ASN-007367-01,HRIS-WKR-007367,POS-HR-L6-0139,JOB-HR-L6-01,People L6 Role 01,HR,L6,Y,1.0,39.0,2018-04-27,
ASN-007368-01,HRIS-WKR-007368,POS-SAL-L3-0161,JOB-SAL-L3-05,Sales L3 Role 05,SAL,L3,Y,1.0,39.0,2019-07-21,
ASN-007368-02,HRIS-WKR-007368,POS-HR-L5-0136,JOB-HR-L5-04,People L5 Role 04,HR,L5,N,0.3,11.7,2019-07-26,
ASN-007369-01,HRIS-WKR-007369,POS-OPS-L2-0048,JOB-OPS-L2-06,Operations L2 Role 06,OPS,L2,Y,0.6,23.4,2022-01-29,
ASN-007370-01,HRIS-WKR-007370,POS-TEC-L1-0186,JOB-TEC-L1-06,Technology L1 Role 06,TEC,L1,Y,1.0,39.0,2022-10-14,
ASN-007371-01,HRIS-WKR-007371,POS-FIN-L6-0108,JOB-FIN-L6-06,Finance L6 Role 06,FIN,L6,Y,0.8,31.2,2023-03-06,
ASN-007372-01,HRIS-WKR-007372,POS-OPS-L5-0065,JOB-OPS-L5-05,Operations L5 Role 05,OPS,L5,Y,1.0,39.0,2020-01-23,
ASN-007373-01,HRIS-WKR-007373,POS-OPS-L1-0038,JOB-OPS-L1-02,Operations L1 Role 02,OPS,L1,Y,1.0,39.0,2021-09-28,
ASN-007374-01,HRIS-WKR-007374,POS-TEC-L1-0181,JOB-TEC-L1-01,Technology L1 Role 01,TEC,L1,Y,1.0,39.0,2024-09-30,
ASN-007375-01,HRIS-WKR-007375,POS-FIN-L3-0085,JOB-FIN-L3-01,Finance L3 Role 01,FIN,L3,Y,1.0,39.0,2018-02-26,
ASN-007376-01,HRIS-WKR-007376,POS-HR-L5-0134,JOB-HR-L5-02,People L5 Role 02,HR,L5,Y,,,2023-12-16,
ASN-007377-01,HRIS-WKR-007377,POS-OPS-L3-0049,JOB-OPS-L3-01,Operations L3 Role 01,OPS,L1,Y,1.0,39.0,2020-12-13,
ASN-007378-01,HRIS-WKR-007378,POS-ENG-L3-0013,JOB-ENG-L3-01,Engineering L3 Role 01,ENG,L3,Y,1.0,39.0,2018-11-25,
ASN-007379-01,HRIS-WKR-007379,POS-TEC-L6-0214,JOB-TEC-L6-04,Technology L6 Role 04,TEC,L6,Y,0.6,23.4,2025-08-08,
ASN-007380-01,HRIS-WKR-007380,POS-ENG-L1-0006,JOB-ENG-L1-06,Engineering L1 Role 06,ENG,L1,Y,0.5,19.5,2020-03-25,
ASN-007381-01,HRIS-WKR-007381,POS-TEC-L5-0209,JOB-TEC-L5-05,Technology L5 Role 05,TEC,L5,Y,1.0,39.0,2021-07-20,
ASN-007382-01,HRIS-WKR-007382,POS-FIN-L3-0088,JOB-FIN-L3-04,Finance L3 Role 04,FIN,L3,Y,1.0,39.0,2025-05-08,
ASN-007383-01,HRIS-WKR-007383,POS-OPS-L2-0044,JOB-OPS-L2-02,Operations L2 Role 02,OPS,L2,Y,1.0,39.0,2024-06-06,
ASN-007384-01,HRIS-WKR-007384,POS-HR-L5-0137,JOB-HR-L5-05,People L5 Role 05,HR,L5,Y,1.0,39.0,2023-10-22,
ASN-007385-01,HRIS-WKR-007385,POS-OPS-L2-0046,JOB-OPS-L2-04,Operations L2 Role 04,OPS,L2,Y,1.0,39.0,2020-05-01,
ASN-007386-01,HRIS-WKR-007386,POS-HR-L4-0127,JOB-HR-L4-01,People L4 Role 01,HR,L4,Y,0.8,31.2,2025-09-01,
ASN-007387-01,HRIS-WKR-007387,POS-TEC-L4-0203,JOB-TEC-L4-05,Technology L4 Role 05,TEC,L6,Y,1.0,39.0,2019-01-12,
ASN-007388-01,HRIS-WKR-007388,POS-TEC-L4-0203,JOB-TEC-L4-05,Technology L4 Role 05,TEC,L4,Y,1.0,39.0,2018-08-25,
ASN-007389-01,HRIS-WKR-007389,POS-SAL-L4-0166,JOB-SAL-L4-04,Sales L4 Role 04,SAL,L4,Y,1.0,39.0,2022-03-06,
ASN-007390-01,HRIS-WKR-007390,POS-TEC-L3-0194,JOB-TEC-L3-02,Technology L3 Role 02,TEC,L3,Y,1.0,39.0,2020-04-06,
ASN-007391-01,HRIS-WKR-007391,POS-HR-L1-0109,JOB-HR-L1-01,People L1 Role 01,HR,L1,Y,1.0,39.0,2019-06-07,
ASN-007392-01,HRIS-WKR-007392,POS-FIN-L6-0108,JOB-FIN-L6-06,Finance L6 Role 06,FIN,L6,Y,1.0,39.0,2023-10-09,
ASN-007393-01,HRIS-WKR-007393,POS-SAL-L4-0168,JOB-SAL-L4-06,Sales L4 Role 06,SAL,L4,Y,0.8,31.2,2020-07-31,
ASN-007394-01,HRIS-WKR-007394,POS-HR-L4-0128,JOB-HR-L4-02,People L4 Role 02,HR,L4,Y,1.0,39.0,2024-04-22,
ASN-007395-01,HRIS-WKR-007395,POS-FIN-L5-0100,JOB-FIN-L5-04,Finance L5 Role 04,FIN,L5,Y,0.8,31.2,2023-10-28,
ASN-007396-01,HRIS-WKR-007396,POS-FIN-L6-0108,JOB-FIN-L6-06,Finance L6 Role 06,FIN,L6,Y,0.8,31.2,2024-02-11,
ASN-007397-01,HRIS-WKR-007397,POS-TEC-L1-0184,JOB-TEC-L1-04,Technology L1 Role 04,TEC,L1,Y,1.0,39.0,2021-03-29,
ASN-007398-01,HRIS-WKR-007398,POS-HR-L2-0116,JOB-HR-L2-02,People L2 Role 02,HR,L2,Y,1.0,39.0,2019-12-29,
ASN-007399-01,HRIS-WKR-007399,POS-HR-L3-0124,JOB-HR-L3-04,People L3 Role 04,HR,L3,Y,1.0,39.0,2023-02-17,
ASN-007400-01,HRIS-WKR-007400,POS-HR-L1-0113,JOB-HR-L1-05,People L1 Role 05,HR,L1,Y,1.0,39.0,2025-02-24,
ASN-007401-01,HRIS-WKR-007401,POS-OPS-L5-0061,JOB-OPS-L5-01,Operations L5 Role 01,OPS,L5,Y,1.0,39.0,2021-04-27,
ASN-007402-01,HRIS-WKR-007402,POS-SAL-L5-0171,JOB-SAL-L5-03,Sales L5 Role 03,SAL,L5,Y,1.0,39.0,2025-02-10,
ASN-007402-02,HRIS-WKR-007402,POS-OPS-L1-0040,JOB-OPS-L1-04,Operations L1 Role 04,OPS,L1,N,0.2,7.8,2020-07-12,
ASN-007403-01,HRIS-WKR-007403,POS-ENG-L2-0012,JOB-ENG-L2-06,Engineering L2 Role 06,ENG,L2,Y,1.0,39.0,2024-09-28,
ASN-007403-02,HRIS-WKR-007403,POS-TEC-L2-0190,JOB-TEC-L2-04,Technology L2 Role 04,TEC,L2,N,0.2,7.8,2018-08-27,
ASN-007404-01,HRIS-WKR-007404,POS-HR-L6-0142,JOB-HR-L6-04,People L6 Role 04,HR,L6,Y,1.0,39.0,2022-05-06,
ASN-007405-01,HRIS-WKR-007405,POS-HR-L6-0141,JOB-HR-L6-03,People L6 Role 03,HR,L6,Y,1.0,39.0,2019-01-27,
ASN-007406-01,HRIS-WKR-007406,POS-OPS-L6-0069,JOB-OPS-L6-03,Operations L6 Role 03,OPS,L6,Y,1.0,39.0,2018-09-08,
ASN-007407-01,HRIS-WKR-007407,POS-HR-L5-0138,JOB-HR-L5-06,People L5 Role 06,HR,L5,Y,1.0,39.0,2020-11-03,
ASN-007408-01,HRIS-WKR-007408,POS-ENG-L3-0014,JOB-ENG-L3-02,Engineering L3 Role 02,ENG,L3,Y,1.0,39.0,2019-06-01,
ASN-007409-01,HRIS-WKR-007409,POS-OPS-L6-0071,JOB-OPS-L6-05,Operations L6 Role 05,OPS,L6,Y,0.8,31.2,2018-01-07,
ASN-007409-02,HRIS-WKR-007409,POS-ENG-L5-0026,JOB-ENG-L5-02,Engineering L5 Role 02,ENG,L5,N,0.3,11.7,2022-08-06,
ASN-007410-01,HRIS-WKR-007410,POS-HR-L1-0110,JOB-HR-L1-02,People L1 Role 02,HR,L1,Y,1.0,39.0,2025-09-02,
ASN-007411-01,HRIS-WKR-007411,POS-FIN-L5-0102,JOB-FIN-L5-06,Finance L5 Role 06,FIN,L5,Y,1.0,39.0,2019-09-10,
ASN-007411-02,HRIS-WKR-007411,POS-ENG-L6-0031,JOB-ENG-L6-01,Engineering L6 Role 01,ENG,L6,N,0.2,7.8,2019-09-13,
ASN-007412-01,HRIS-WKR-007412,POS-TEC-L5-0210,JOB-TEC-L5-06,Technology L5 Role 06,TEC,L5,Y,1.0,39.0,2025-11-19,
ASN-007412-02,HRIS-WKR-007412,POS-TEC-L1-0183,JOB-TEC-L1-03,Technology L1 Role 03,TEC,L1,N,0.2,7.8,2021-02-01,
ASN-007413-01,HRIS-WKR-007413,POS-TEC-L4-0203,JOB-TEC-L4-05,Technology L4 Role 05,TEC,L6,Y,1.0,39.0,2024-04-28,
ASN-007414-01,HRIS-WKR-007414,POS-FIN-L2-0084,JOB-FIN-L2-06,Finance L2 Role 06,FIN,L2,Y,1.0,39.0,2022-02-18,
ASN-007414-02,HRIS-WKR-007414,POS-OPS-L5-0064,JOB-OPS-L5-04,Operations L5 Role 04,OPS,L5,N,0.4,15.6,2021-02-25,
ASN-007415-01,HRIS-WKR-007415,POS-TEC-L6-0214,JOB-TEC-L6-04,Technology L6 Role 04,TEC,L6,Y,,,2025-11-16,
ASN-007416-01,HRIS-WKR-007416,POS-OPS-L4-0057,JOB-OPS-L4-03,Operations L4 Role 03,OPS,L4,Y,1.0,39.0,2022-09-30,
ASN-007417-01,HRIS-WKR-007417,POS-HR-L6-0142,JOB-HR-L6-04,People L6 Role 04,HR,L6,Y,0.5,19.5,2024-12-02,
ASN-007418-01,HRIS-WKR-007418,POS-ENG-L3-0018,JOB-ENG-L3-06,Engineering L3 Role 06,ENG,L3,Y,1.0,39.0,2022-01-09,
ASN-007419-01,HRIS-WKR-007419,POS-FIN-L5-0098,JOB-FIN-L5-02,Finance L5 Role 02,FIN,L5,Y,1.0,39.0,2022-10-09,
ASN-007420-01,HRIS-WKR-007420,POS-TEC-L1-0181,JOB-TEC-L1-01,Technology L1 Role 01,TEC,L1,Y,1.0,39.0,2019-06-28,
ASN-007421-01,HRIS-WKR-007421,POS-ENG-L4-0023,JOB-ENG-L4-05,Engineering L4 Role 05,ENG,L4,Y,0.5,19.5,2021-06-21,
ASN-007422-01,HRIS-WKR-007422,POS-HR-L4-0129,JOB-HR-L4-03,People L4 Role 03,HR,L4,Y,1.0,39.0,2024-12-15,
ASN-007423-01,HRIS-WKR-007423,POS-SAL-L3-0160,JOB-SAL-L3-04,Sales L3 Role 04,SAL,L3,Y,1.0,39.0,2022-09-24,
ASN-007424-01,HRIS-WKR-007424,POS-SAL-L6-0176,JOB-SAL-L6-02,Sales L6 Role 02,SAL,L6,Y,1.0,39.0,2022-12-16,
ASN-007425-01,HRIS-WKR-007425,POS-ENG-L3-0016,JOB-ENG-L3-04,Engineering L3 Role 04,ENG,L3,Y,1.0,39.0,2022-06-02,
ASN-007426-01,HRIS-WKR-007426,POS-FIN-L2-0081,JOB-FIN-L2-03,Finance L2 Role 03,FIN,L2,Y,1.0,39.0,2018-05-23,
ASN-007427-01,HRIS-WKR-007427,POS-HR-L4-0129,JOB-HR-L4-03,People L4 Role 03,HR,L4,Y,1.0,39.0,2026-01-16,
ASN-007428-01,HRIS-WKR-007428,POS-SAL-L5-0170,JOB-SAL-L5-02,Sales L5 Role 02,SAL,L5,Y,1.0,39.0,2026-01-28,
ASN-007428-02,HRIS-WKR-007428,POS-SAL-L3-0161,JOB-SAL-L3-05,Sales L3 Role 05,SAL,L3,N,0.2,7.8,2020-06-20,
ASN-007429-01,HRIS-WKR-007429,POS-OPS-L6-0072,JOB-OPS-L6-06,Operations L6 Role 06,OPS,L6,Y,1.0,39.0,2021-04-28,
ASN-007430-01,HRIS-WKR-007430,POS-TEC-L6-0214,JOB-TEC-L6-04,Technology L6 Role 04,TEC,L6,Y,1.0,39.0,2022-09-26,
ASN-007431-01,HRIS-WKR-007431,POS-SAL-L1-0145,JOB-SAL-L1-01,Sales L1 Role 01,SAL,L1,Y,1.0,39.0,2020-11-08,
ASN-007432-01,HRIS-WKR-007432,POS-TEC-L2-0191,JOB-TEC-L2-05,Technology L2 Role 05,TEC,L2,Y,1.0,39.0,2019-07-15,
ASN-007433-01,HRIS-WKR-007433,POS-TEC-L6-0214,JOB-TEC-L6-04,Technology L6 Role 04,TEC,L6,Y,1.0,39.0,2020-06-07,
ASN-007434-01,HRIS-WKR-007434,POS-ENG-L5-0026,JOB-ENG-L5-02,Engineering L5 Role 02,ENG,L5,Y,0.8,31.2,2025-11-03,
ASN-007435-01,HRIS-WKR-007435,POS-TEC-L1-0181,JOB-TEC-L1-01,Technology L1 Role 01,TEC,L1,Y,1.0,39.0,2020-11-01,
ASN-007436-01,HRIS-WKR-007436,POS-TEC-L5-0208,JOB-TEC-L5-04,Technology L5 Role 04,TEC,L5,Y,1.0,39.0,2022-03-19,
ASN-007437-01,HRIS-WKR-007437,POS-SAL-L4-0167,JOB-SAL-L4-05,Sales L4 Role 05,SAL,L4,Y,0.6,23.4,2024-03-30,
ASN-007438-01,HRIS-WKR-007438,POS-SAL-L5-0170,JOB-SAL-L5-02,Sales L5 Role 02,SAL,L5,Y,1.0,39.0,2018-04-18,
ASN-007439-01,HRIS-WKR-007439,POS-ENG-L2-0011,JOB-ENG-L2-05,Engineering L2 Role 05,ENG,L2,Y,1.0,39.0,2025-03-21,
ASN-007440-01,HRIS-WKR-007440,POS-SAL-L3-0162,JOB-SAL-L3-06,Sales L3 Role 06,SAL,L3,Y,0.5,19.5,2019-10-19,
ASN-007441-01,HRIS-WKR-007441,POS-TEC-L1-0182,JOB-TEC-L1-02,Technology L1 Role 02,TEC,L1,Y,0.8,31.2,2018-03-07,
ASN-007442-01,HRIS-WKR-007442,POS-TEC-L6-0214,JOB-TEC-L6-04,Technology L6 Role 04,TEC,L6,Y,1.0,39.0,2020-11-06,
ASN-007443-01,HRIS-WKR-007443,POS-HR-L2-0120,JOB-HR-L2-06,People L2 Role 06,HR,L2,Y,1.0,39.0,2024-07-03,
ASN-007443-02,HRIS-WKR-007443,POS-ENG-L1-0002,JOB-ENG-L1-02,Engineering L1 Role 02,ENG,L1,N,0.2,7.8,2024-06-03,
ASN-007444-01,HRIS-WKR-007444,POS-TEC-L1-0182,JOB-TEC-L1-02,Technology L1 Role 02,TEC,L1,Y,0.6,23.4,2021-07-24,
ASN-007445-01,HRIS-WKR-007445,POS-TEC-L2-0190,JOB-TEC-L2-04,Technology L2 Role 04,TEC,L2,Y,1.0,39.0,2025-11-27,
ASN-007446-01,HRIS-WKR-007446,POS-SAL-L6-0176,JOB-SAL-L6-02,Sales L6 Role 02,SAL,L6,Y,1.0,39.0,2023-06-22,
ASN-007447-01,HRIS-WKR-007447,POS-ENG-L4-0024,JOB-ENG-L4-06,Engineering L4 Role 06,ENG,L4,Y,0.5,19.5,2023-02-11,
ASN-007448-01,HRIS-WKR-007448,POS-OPS-L4-0059,JOB-OPS-L4-05,Operations L4 Role 05,OPS,L4,Y,1.0,39.0,2022-11-20,
ASN-007449-01,HRIS-WKR-007449,POS-SAL-L4-0166,JOB-SAL-L4-04,Sales L4 Role 04,SAL,L4,Y,1.0,39.0,2020-12-04,
ASN-007450-01,HRIS-WKR-007450,POS-TEC-L4-0201,JOB-TEC-L4-03,Technology L4 Role 03,TEC,L4,Y,1.0,39.0,2021-05-12,
ASN-007450-02,HRIS-WKR-007450,POS-ENG-L4-0019,JOB-ENG-L4-01,Engineering L4 Role 01,ENG,L4,N,0.3,11.7,2019-08-10,
ASN-007451-01,HRIS-WKR-007451,POS-OPS-L5-0066,JOB-OPS-L5-06,Operations L5 Role 06,OPS,L5,Y,1.0,39.0,2024-02-01,
ASN-007452-01,HRIS-WKR-007452,POS-OPS-L1-0040,JOB-OPS-L1-04,Operations L1 Role 04,OPS,L1,Y,0.5,19.5,2022-05-08,
ASN-007453-01,HRIS-WKR-007453,POS-SAL-L2-0153,JOB-SAL-L2-03,Sales L2 Role 03,SAL,L2,Y,1.0,39.0,2018-08-31,
ASN-007453-02,HRIS-WKR-007453,POS-TEC-L5-0207,JOB-TEC-L5-03,Technology L5 Role 03,TEC,L5,N,0.2,7.8,2018-12-31,
ASN-007454-01,HRIS-WKR-007454,POS-HR-L5-0138,JOB-HR-L5-06,People L5 Role 06,HR,L5,Y,1.0,39.0,2022-02-04,
ASN-007455-01,HRIS-WKR-007455,POS-OPS-L3-0050,JOB-OPS-L3-02,Operations L3 Role 02,OPS,L3,Y,1.0,39.0,2024-11-27,
ASN-007456-01,HRIS-WKR-007456,POS-ENG-L6-0031,JOB-ENG-L6-01,Engineering L6 Role 01,ENG,L6,Y,1.0,39.0,2020-08-18,
ASN-007457-01,HRIS-WKR-007457,POS-TEC-L1-0183,JOB-TEC-L1-03,Technology L1 Role 03,TEC,L1,Y,1.0,39.0,2021-11-14,
ASN-007458-01,HRIS-WKR-007458,POS-ENG-L3-0018,JOB-ENG-L3-06,Engineering L3 Role 06,ENG,L3,Y,1.0,39.0,2023-11-04,
ASN-007459-01,HRIS-WKR-007459,POS-HR-L4-0129,JOB-HR-L4-03,People L4 Role 03,HR,L4,Y,1.0,39.0,2021-07-21,
ASN-007460-01,HRIS-WKR-007460,POS-ENG-L3-0017,JOB-ENG-L3-05,Engineering L3 Role 05,ENG,L1,Y,0.8,31.2,2018-11-20,
ASN-007461-01,HRIS-WKR-007461,POS-TEC-L1-0183,JOB-TEC-L1-03,Technology L1 Role 03,TEC,L1,Y,1.0,39.0,2020-03-25,
ASN-007462-01,HRIS-WKR-007462,POS-TEC-L5-0205,JOB-TEC-L5-01,Technology L5 Role 01,TEC,L5,Y,0.8,31.2,2023-03-24,
ASN-007463-01,HRIS-WKR-007463,POS-SAL-L6-0178,JOB-SAL-L6-04,Sales L6 Role 04,SAL,L6,Y,1.0,39.0,2024-04-06,
ASN-007464-01,HRIS-WKR-007464,POS-SAL-L5-0171,JOB-SAL-L5-03,Sales L5 Role 03,SAL,L5,Y,1.0,39.0,2022-08-11,
ASN-007465-01,HRIS-WKR-007465,POS-OPS-L2-0047,JOB-OPS-L2-05,Operations L2 Role 05,OPS,L2,Y,1.0,39.0,2023-09-19,
ASN-007465-02,HRIS-WKR-007465,POS-TEC-L6-0216,JOB-TEC-L6-06,Technology L6 Role 06,TEC,L6,N,0.2,7.8,2020-06-06,
ASN-007466-01,HRIS-WKR-007466,POS-FIN-L6-0108,JOB-FIN-L6-06,Finance L6 Role 06,FIN,L6,Y,1.0,39.0,2025-02-20,
ASN-007467-01,HRIS-WKR-007467,POS-FIN-L1-0076,JOB-FIN-L1-04,Finance L1 Role 04,FIN,L1,Y,1.0,39.0,2022-12-22,
ASN-007468-01,HRIS-WKR-007468,POS-OPS-L4-0059,JOB-OPS-L4-05,Operations L4 Role 05,OPS,L4,Y,,,2025-10-28,
ASN-007469-01,HRIS-WKR-007469,POS-TEC-L1-0185,JOB-TEC-L1-05,Technology L1 Role 05,TEC,L1,Y,1.0,39.0,2020-06-08,
ASN-007470-01,HRIS-WKR-007470,POS-OPS-L5-0064,JOB-OPS-L5-04,Operations L5 Role 04,OPS,L5,Y,0.5,19.5,2018-09-05,
ASN-007471-01,HRIS-WKR-007471,POS-ENG-L6-0034,JOB-ENG-L6-04,Engineering L6 Role 04,ENG,L6,Y,0.8,31.2,2024-06-12,
ASN-007472-01,HRIS-WKR-007472,POS-SAL-L1-0148,JOB-SAL-L1-04,Sales L1 Role 04,SAL,L1,Y,0.4,15.6,2019-03-05,
ASN-007473-01,HRIS-WKR-007473,POS-OPS-L5-0061,JOB-OPS-L5-01,Operations L5 Role 01,OPS,L5,Y,1.0,39.0,2023-08-23,
ASN-007474-01,HRIS-WKR-007474,POS-FIN-L4-0092,JOB-FIN-L4-02,Finance L4 Role 02,FIN,L4,Y,,,2025-07-13,
ASN-007475-01,HRIS-WKR-007475,POS-TEC-L2-0191,JOB-TEC-L2-05,Technology L2 Role 05,TEC,L2,Y,1.0,39.0,2023-03-31,
ASN-007476-01,HRIS-WKR-007476,POS-SAL-L6-0177,JOB-SAL-L6-03,Sales L6 Role 03,SAL,L6,Y,1.0,39.0,2023-03-01,
ASN-007477-01,HRIS-WKR-007477,POS-TEC-L5-0207,JOB-TEC-L5-03,Technology L5 Role 03,TEC,L5,Y,0.6,23.4,2018-10-15,
ASN-007478-01,HRIS-WKR-007478,POS-FIN-L5-0101,JOB-FIN-L5-05,Finance L5 Role 05,FIN,L5,Y,1.0,39.0,2024-12-09,
ASN-007478-02,HRIS-WKR-007478,POS-SAL-L1-0147,JOB-SAL-L1-03,Sales L1 Role 03,SAL,L1,N,0.3,11.7,2020-03-31,
ASN-007479-01,HRIS-WKR-007479,POS-ENG-L6-0036,JOB-ENG-L6-06,Engineering L6 Role 06,ENG,L6,Y,,,2021-02-24,
ASN-007480-01,HRIS-WKR-007480,POS-OPS-L4-0057,JOB-OPS-L4-03,Operations L4 Role 03,OPS,L4,Y,1.0,39.0,2020-05-28,
ASN-007481-01,HRIS-WKR-007481,POS-OPS-L5-0061,JOB-OPS-L5-01,Operations L5 Role 01,OPS,L5,Y,1.0,39.0,2024-09-12,
ASN-007482-01,HRIS-WKR-007482,POS-ENG-L3-0014,JOB-ENG-L3-02,Engineering L3 Role 02,ENG,L3,Y,1.0,39.0,2019-09-18,
ASN-007483-01,HRIS-WKR-007483,POS-TEC-L5-0208,JOB-TEC-L5-04,Technology L5 Role 04,TEC,L5,Y,1.0,39.0,2022-01-01,
ASN-007484-01,HRIS-WKR-007484,POS-HR-L1-0114,JOB-HR-L1-06,People L1 Role 06,HR,L1,Y,1.0,39.0,2021-08-25,
ASN-007485-01,HRIS-WKR-007485,POS-FIN-L1-0074,JOB-FIN-L1-02,Finance L1 Role 02,FIN,L1,Y,1.0,39.0,2025-02-17,
ASN-007486-01,HRIS-WKR-007486,POS-ENG-L5-0026,JOB-ENG-L5-02,Engineering L5 Role 02,ENG,L5,Y,1.0,39.0,2018-11-08,
ASN-007487-01,HRIS-WKR-007487,POS-HR-L1-0109,JOB-HR-L1-01,People L1 Role 01,HR,L1,Y,1.0,39.0,2021-09-25,
ASN-007488-01,HRIS-WKR-007488,POS-SAL-L5-0170,JOB-SAL-L5-02,Sales L5 Role 02,SAL,L5,Y,1.0,39.0,2023-07-01,
ASN-007488-02,HRIS-WKR-007488,POS-ENG-L5-0029,JOB-ENG-L5-05,Engineering L5 Role 05,ENG,L5,N,0.3,11.7,2025-06-29,
ASN-007489-01,HRIS-WKR-007489,POS-HR-L1-0110,JOB-HR-L1-02,People L1 Role 02,HR,L1,Y,0.8,31.2,2026-01-11,
ASN-007490-01,HRIS-WKR-007490,POS-HR-L4-0129,JOB-HR-L4-03,People L4 Role 03,HR,L4,Y,0.6,23.4,2024-04-12,
ASN-007491-01,HRIS-WKR-007491,POS-TEC-L3-0197,JOB-TEC-L3-05,Technology L3 Role 05,TEC,L3,Y,1.0,39.0,2023-04-07,
ASN-007492-01,HRIS-WKR-007492,POS-HR-L5-0134,JOB-HR-L5-02,People L5 Role 02,HR,L6,Y,1.0,39.0,2023-05-23,
ASN-007493-01,HRIS-WKR-007493,POS-FIN-L6-0105,JOB-FIN-L6-03,Finance L6 Role 03,FIN,L6,Y,1.0,39.0,2023-09-20,
ASN-007494-01,HRIS-WKR-007494,POS-FIN-L4-0092,JOB-FIN-L4-02,Finance L4 Role 02,FIN,L4,Y,1.0,39.0,2022-03-08,
ASN-007495-01,HRIS-WKR-007495,POS-TEC-L3-0198,JOB-TEC-L3-06,Technology L3 Role 06,TEC,L3,Y,1.0,39.0,2018-02-02,
ASN-007496-01,HRIS-WKR-007496,POS-HR-L4-0127,JOB-HR-L4-01,People L4 Role 01,HR,L4,Y,1.0,39.0,2018-06-14,
ASN-007497-01,HRIS-WKR-007497,POS-OPS-L2-0046,JOB-OPS-L2-04,Operations L2 Role 04,OPS,L2,Y,0.6,23.4,2022-02-15,
ASN-007498-01,HRIS-WKR-007498,POS-HR-L6-0143,JOB-HR-L6-05,People L6 Role 05,HR,L6,Y,1.0,39.0,2021-06-22,
ASN-007499-01,HRIS-WKR-007499,POS-ENG-L4-0023,JOB-ENG-L4-05,Engineering L4 Role 05,ENG,L4,Y,1.0,39.0,2019-09-10,
ASN-007500-01,HRIS-WKR-007500,POS-ENG-L6-0036,JOB-ENG-L6-06,Engineering L6 Role 06,ENG,L6,Y,1.0,39.0,2022-09-01,
ASN-007501-01,HRIS-WKR-007501,POS-TEC-L2-0190,JOB-TEC-L2-04,Technology L2 Role 04,TEC,L2,Y,0.8,31.2,2018-11-25,
ASN-007502-01,HRIS-WKR-007502,POS-FIN-L2-0081,JOB-FIN-L2-03,Finance L2 Role 03,FIN,L2,Y,0.8,31.2,2024-10-08,
ASN-007503-01,HRIS-WKR-007503,POS-HR-L4-0130,JOB-HR-L4-04,People L4 Role 04,HR,L4,Y,1.0,39.0,2018-01-10,
ASN-007504-01,HRIS-WKR-007504,POS-SAL-L4-0163,JOB-SAL-L4-01,Sales L4 Role 01,SAL,L4,Y,1.0,39.0,2024-10-26,
ASN-007505-01,HRIS-WKR-007505,POS-TEC-L6-0211,JOB-TEC-L6-01,Technology L6 Role 01,TEC,L6,Y,,,2021-04-10,
ASN-007506-01,HRIS-WKR-007506,POS-TEC-L2-0189,JOB-TEC-L2-03,Technology L2 Role 03,TEC,L2,Y,1.0,39.0,2025-02-09,
ASN-007507-01,HRIS-WKR-007507,POS-ENG-L5-0029,JOB-ENG-L5-05,Engineering L5 Role 05,ENG,L5,Y,1.0,39.0,2025-10-01,
ASN-007508-01,HRIS-WKR-007508,POS-TEC-L5-0205,JOB-TEC-L5-01,Technology L5 Role 01,TEC,L5,Y,0.8,31.2,2023-12-07,
ASN-007509-01,HRIS-WKR-007509,POS-ENG-L3-0013,JOB-ENG-L3-01,Engineering L3 Role 01,ENG,L3,Y,1.0,39.0,2021-12-13,
ASN-007510-01,HRIS-WKR-007510,POS-ENG-L4-0024,JOB-ENG-L4-06,Engineering L4 Role 06,ENG,L4,Y,1.0,39.0,2023-08-14,
ASN-007511-01,HRIS-WKR-007511,POS-HR-L1-0114,JOB-HR-L1-06,People L1 Role 06,HR,L1,Y,1.0,39.0,2026-01-18,
ASN-007512-01,HRIS-WKR-007512,POS-OPS-L6-0068,JOB-OPS-L6-02,Operations L6 Role 02,OPS,L6,Y,1.0,39.0,2023-09-19,
ASN-007513-01,HRIS-WKR-007513,POS-ENG-L3-0015,JOB-ENG-L3-03,Engineering L3 Role 03,ENG,L3,Y,1.0,39.0,2018-03-09,
ASN-007513-02,HRIS-WKR-007513,POS-ENG-L6-0035,JOB-ENG-L6-05,Engineering L6 Role 05,ENG,L6,N,0.2,7.8,2025-05-10,
ASN-007514-01,HRIS-WKR-007514,POS-HR-L1-0112,JOB-HR-L1-04,People L1 Role 04,HR,L3,Y,1.0,39.0,2018-08-30,
ASN-007515-01,HRIS-WKR-007515,POS-FIN-L5-0097,JOB-FIN-L5-01,Finance L5 Role 01,FIN,L5,Y,1.0,39.0,2020-02-23,
ASN-007516-01,HRIS-WKR-007516,POS-OPS-L3-0049,JOB-OPS-L3-01,Operations L3 Role 01,OPS,L3,Y,1.0,39.0,2025-07-01,
ASN-007517-01,HRIS-WKR-007517,POS-ENG-L2-0009,JOB-ENG-L2-03,Engineering L2 Role 03,ENG,L2,Y,1.0,39.0,2018-04-22,
ASN-007518-01,HRIS-WKR-007518,POS-OPS-L6-0069,JOB-OPS-L6-03,Operations L6 Role 03,OPS,L6,Y,0.6,23.4,2018-01-12,
ASN-007519-01,HRIS-WKR-007519,POS-OPS-L6-0068,JOB-OPS-L6-02,Operations L6 Role 02,OPS,L6,Y,0.8,31.2,2025-01-11,
ASN-007520-01,HRIS-WKR-007520,POS-FIN-L2-0084,JOB-FIN-L2-06,Finance L2 Role 06,FIN,L2,Y,1.0,39.0,2019-11-30,
ASN-007521-01,HRIS-WKR-007521,POS-OPS-L4-0060,JOB-OPS-L4-06,Operations L4 Role 06,OPS,L4,Y,0.6,23.4,2019-05-23,
ASN-007522-01,HRIS-WKR-007522,POS-SAL-L3-0158,JOB-SAL-L3-02,Sales L3 Role 02,SAL,L3,Y,1.0,39.0,2020-11-21,
ASN-007522-02,HRIS-WKR-007522,POS-TEC-L4-0203,JOB-TEC-L4-05,Technology L4 Role 05,TEC,L4,N,0.4,15.6,2025-05-14,
ASN-007523-01,HRIS-WKR-007523,POS-TEC-L6-0214,JOB-TEC-L6-04,Technology L6 Role 04,TEC,L6,Y,1.0,39.0,2020-03-25,
ASN-007524-01,HRIS-WKR-007524,POS-FIN-L6-0106,JOB-FIN-L6-04,Finance L6 Role 04,FIN,L6,Y,1.0,39.0,2021-11-16,
ASN-007525-01,HRIS-WKR-007525,POS-HR-L3-0123,JOB-HR-L3-03,People L3 Role 03,HR,L3,Y,0.6,23.4,2022-09-29,
ASN-007526-01,HRIS-WKR-007526,POS-HR-L4-0128,JOB-HR-L4-02,People L4 Role 02,HR,L4,Y,1.0,39.0,2021-08-06,
ASN-007527-01,HRIS-WKR-007527,POS-OPS-L6-0068,JOB-OPS-L6-02,Operations L6 Role 02,OPS,L6,Y,0.8,31.2,2020-09-16,
ASN-007528-01,HRIS-WKR-007528,POS-HR-L6-0144,JOB-HR-L6-06,People L6 Role 06,HR,L6,Y,0.8,31.2,2021-01-01,
ASN-007529-01,HRIS-WKR-007529,POS-OPS-L6-0071,JOB-OPS-L6-05,Operations L6 Role 05,OPS,L6,Y,0.8,31.2,2019-08-16,
ASN-007530-01,HRIS-WKR-007530,POS-TEC-L5-0209,JOB-TEC-L5-05,Technology L5 Role 05,TEC,L5,Y,1.0,39.0,2021-12-15,
ASN-007531-01,HRIS-WKR-007531,POS-TEC-L4-0202,JOB-TEC-L4-04,Technology L4 Role 04,TEC,L4,Y,1.0,39.0,2019-08-29,
ASN-007532-01,HRIS-WKR-007532,POS-SAL-L5-0170,JOB-SAL-L5-02,Sales L5 Role 02,SAL,L5,Y,0.5,19.5,2019-08-03,
ASN-007533-01,HRIS-WKR-007533,POS-ENG-L4-0022,JOB-ENG-L4-04,Engineering L4 Role 04,ENG,L4,Y,1.0,39.0,2020-10-04,
ASN-007534-01,HRIS-WKR-007534,POS-ENG-L3-0017,JOB-ENG-L3-05,Engineering L3 Role 05,ENG,L3,Y,1.0,39.0,2025-06-06,
ASN-007535-01,HRIS-WKR-007535,POS-SAL-L6-0176,JOB-SAL-L6-02,Sales L6 Role 02,SAL,L6,Y,1.0,39.0,2021-09-25,
ASN-007536-01,HRIS-WKR-007536,POS-HR-L4-0132,JOB-HR-L4-06,People L4 Role 06,HR,L4,Y,,,2022-08-20,
ASN-007537-01,HRIS-WKR-007537,POS-ENG-L3-0014,JOB-ENG-L3-02,Engineering L3 Role 02,ENG,L3,Y,1.0,39.0,2023-07-29,
ASN-007538-01,HRIS-WKR-007538,POS-HR-L1-0112,JOB-HR-L1-04,People L1 Role 04,HR,L1,Y,1.0,39.0,2018-11-07,
ASN-007539-01,HRIS-WKR-007539,POS-HR-L2-0115,JOB-HR-L2-01,People L2 Role 01,HR,L2,Y,1.0,39.0,2019-08-22,
ASN-007540-01,HRIS-WKR-007540,POS-FIN-L4-0092,JOB-FIN-L4-02,Finance L4 Role 02,FIN,L4,Y,1.0,39.0,2024-10-18,
ASN-007540-02,HRIS-WKR-007540,POS-SAL-L3-0160,JOB-SAL-L3-04,Sales L3 Role 04,SAL,L3,N,0.2,7.8,2020-03-01,
ASN-007541-01,HRIS-WKR-007541,POS-ENG-L5-0026,JOB-ENG-L5-02,Engineering L5 Role 02,ENG,L5,Y,1.0,39.0,2023-04-25,
ASN-007542-01,HRIS-WKR-007542,POS-TEC-L6-0213,JOB-TEC-L6-03,Technology L6 Role 03,TEC,L6,Y,1.0,39.0,2018-06-13,
ASN-007543-01,HRIS-WKR-007543,POS-OPS-L1-0040,JOB-OPS-L1-04,Operations L1 Role 04,OPS,L1,Y,1.0,39.0,2024-10-25,
ASN-007544-01,HRIS-WKR-007544,POS-FIN-L6-0108,JOB-FIN-L6-06,Finance L6 Role 06,FIN,L4,Y,1.0,39.0,2025-11-06,
ASN-007545-01,HRIS-WKR-007545,POS-SAL-L1-0147,JOB-SAL-L1-03,Sales L1 Role 03,SAL,L1,Y,1.0,39.0,2021-08-26,
ASN-007546-01,HRIS-WKR-007546,POS-OPS-L4-0058,JOB-OPS-L4-04,Operations L4 Role 04,OPS,L4,Y,1.0,39.0,2025-06-25,
ASN-007547-01,HRIS-WKR-007547,POS-HR-L4-0132,JOB-HR-L4-06,People L4 Role 06,HR,L4,Y,0.8,31.2,2022-04-19,
ASN-007548-01,HRIS-WKR-007548,POS-OPS-L6-0068,JOB-OPS-L6-02,Operations L6 Role 02,OPS,L4,Y,1.0,39.0,2023-11-12,
ASN-007549-01,HRIS-WKR-007549,POS-SAL-L2-0156,JOB-SAL-L2-06,Sales L2 Role 06,SAL,L2,Y,1.0,39.0,2024-11-11,
ASN-007550-01,HRIS-WKR-007550,POS-TEC-L4-0199,JOB-TEC-L4-01,Technology L4 Role 01,TEC,L4,Y,1.0,39.0,2022-10-16,
ASN-007551-01,HRIS-WKR-007551,POS-TEC-L4-0201,JOB-TEC-L4-03,Technology L4 Role 03,TEC,L4,Y,1.0,39.0,2019-01-16,
ASN-007552-01,HRIS-WKR-007552,POS-SAL-L6-0179,JOB-SAL-L6-05,Sales L6 Role 05,SAL,L6,Y,0.8,31.2,2019-06-07,
ASN-007553-01,HRIS-WKR-007553,POS-HR-L2-0115,JOB-HR-L2-01,People L2 Role 01,HR,L2,Y,1.0,39.0,2018-02-21,
ASN-007554-01,HRIS-WKR-007554,POS-SAL-L5-0170,JOB-SAL-L5-02,Sales L5 Role 02,SAL,L5,Y,1.0,39.0,2024-06-25,
ASN-007555-01,HRIS-WKR-007555,POS-HR-L6-0143,JOB-HR-L6-05,People L6 Role 05,HR,L6,Y,1.0,39.0,2020-11-09,
ASN-007556-01,HRIS-WKR-007556,POS-HR-L1-0114,JOB-HR-L1-06,People L1 Role 06,HR,L1,Y,1.0,39.0,2019-03-04,
ASN-007556-02,HRIS-WKR-007556,POS-TEC-L1-0186,JOB-TEC-L1-06,Technology L1 Role 06,TEC,L1,N,0.3,11.7,2018-12-07,
ASN-007557-01,HRIS-WKR-007557,POS-OPS-L4-0059,JOB-OPS-L4-05,Operations L4 Role 05,OPS,L6,Y,0.5,19.5,2019-10-18,
ASN-007558-01,HRIS-WKR-007558,POS-OPS-L3-0050,JOB-OPS-L3-02,Operations L3 Role 02,OPS,L3,Y,1.0,39.0,2019-09-17,
ASN-007559-01,HRIS-WKR-007559,POS-TEC-L4-0202,JOB-TEC-L4-04,Technology L4 Role 04,TEC,L4,Y,1.0,39.0,2018-04-16,
ASN-007560-01,HRIS-WKR-007560,POS-ENG-L2-0007,JOB-ENG-L2-01,Engineering L2 Role 01,ENG,L2,Y,1.0,39.0,2025-07-14,
ASN-007561-01,HRIS-WKR-007561,POS-ENG-L2-0008,JOB-ENG-L2-02,Engineering L2 Role 02,ENG,L2,Y,1.0,39.0,2022-02-06,
ASN-007562-01,HRIS-WKR-007562,POS-SAL-L4-0167,JOB-SAL-L4-05,Sales L4 Role 05,SAL,L2,Y,1.0,39.0,2024-03-17,
ASN-007563-01,HRIS-WKR-007563,POS-HR-L5-0134,JOB-HR-L5-02,People L5 Role 02,HR,L5,Y,,,2019-04-16,
ASN-007564-01,HRIS-WKR-007564,POS-TEC-L5-0206,JOB-TEC-L5-02,Technology L5 Role 02,TEC,L5,Y,1.0,39.0,2021-12-19,
ASN-007565-01,HRIS-WKR-007565,POS-ENG-L1-0006,JOB-ENG-L1-06,Engineering L1 Role 06,ENG,L1,Y,1.0,39.0,2019-10-23,
ASN-007566-01,HRIS-WKR-007566,POS-TEC-L5-0208,JOB-TEC-L5-04,Technology L5 Role 04,TEC,L5,Y,1.0,39.0,2025-10-26,
ASN-007567-01,HRIS-WKR-007567,POS-OPS-L4-0058,JOB-OPS-L4-04,Operations L4 Role 04,OPS,L4,Y,1.0,39.0,2024-06-11,
ASN-007568-01,HRIS-WKR-007568,POS-TEC-L3-0196,JOB-TEC-L3-04,Technology L3 Role 04,TEC,L3,Y,1.0,39.0,2018-12-09,
ASN-007569-01,HRIS-WKR-007569,POS-HR-L2-0117,JOB-HR-L2-03,People L2 Role 03,HR,L2,Y,0.8,31.2,2019-03-02,
ASN-007570-01,HRIS-WKR-007570,POS-SAL-L6-0179,JOB-SAL-L6-05,Sales L6 Role 05,SAL,L6,Y,0.8,31.2,2018-11-06,
ASN-007571-01,HRIS-WKR-007571,POS-TEC-L1-0183,JOB-TEC-L1-03,Technology L1 Role 03,TEC,L1,Y,1.0,39.0,2018-09-02,
ASN-007572-01,HRIS-WKR-007572,POS-HR-L2-0119,JOB-HR-L2-05,People L2 Role 05,HR,L2,Y,0.8,31.2,2024-10-02,
ASN-007573-01,HRIS-WKR-007573,POS-ENG-L1-0006,JOB-ENG-L1-06,Engineering L1 Role 06,ENG,L1,Y,1.0,39.0,2024-06-03,
ASN-007574-01,HRIS-WKR-007574,POS-TEC-L3-0197,JOB-TEC-L3-05,Technology L3 Role 05,TEC,L3,Y,1.0,39.0,2018-01-25,
ASN-007575-01,HRIS-WKR-007575,POS-OPS-L4-0060,JOB-OPS-L4-06,Operations L4 Role 06,OPS,L4,Y,0.8,31.2,2018-03-05,
ASN-007576-01,HRIS-WKR-007576,POS-OPS-L3-0053,JOB-OPS-L3-05,Operations L3 Role 05,OPS,L3,Y,1.0,39.0,2025-01-03,
ASN-007577-01,HRIS-WKR-007577,POS-HR-L4-0127,JOB-HR-L4-01,People L4 Role 01,HR,L4,Y,1.0,39.0,2023-08-11,
ASN-007578-01,HRIS-WKR-007578,POS-OPS-L3-0051,JOB-OPS-L3-03,Operations L3 Role 03,OPS,L3,Y,1.0,39.0,2024-06-21,
ASN-007579-01,HRIS-WKR-007579,POS-HR-L2-0117,JOB-HR-L2-03,People L2 Role 03,HR,L2,Y,1.0,39.0,2021-03-15,
ASN-007579-02,HRIS-WKR-007579,POS-ENG-L5-0030,JOB-ENG-L5-06,Engineering L5 Role 06,ENG,L5,N,0.2,7.8,2024-11-13,
ASN-007580-01,HRIS-WKR-007580,POS-OPS-L3-0050,JOB-OPS-L3-02,Operations L3 Role 02,OPS,L1,Y,1.0,39.0,2023-06-21,
ASN-007581-01,HRIS-WKR-007581,POS-FIN-L2-0081,JOB-FIN-L2-03,Finance L2 Role 03,FIN,L2,Y,1.0,39.0,2021-01-11,
ASN-007582-01,HRIS-WKR-007582,POS-SAL-L3-0159,JOB-SAL-L3-03,Sales L3 Role 03,SAL,L3,Y,1.0,39.0,2022-03-31,
ASN-007583-01,HRIS-WKR-007583,POS-SAL-L1-0148,JOB-SAL-L1-04,Sales L1 Role 04,SAL,L1,Y,1.0,39.0,2019-01-02,
ASN-007584-01,HRIS-WKR-007584,POS-SAL-L4-0163,JOB-SAL-L4-01,Sales L4 Role 01,SAL,L4,Y,1.0,39.0,2025-07-26,
ASN-007585-01,HRIS-WKR-007585,POS-TEC-L1-0182,JOB-TEC-L1-02,Technology L1 Role 02,TEC,L1,Y,0.5,19.5,2023-05-11,
ASN-007586-01,HRIS-WKR-007586,POS-OPS-L2-0045,JOB-OPS-L2-03,Operations L2 Role 03,OPS,L2,Y,1.0,39.0,2018-03-28,
ASN-007587-01,HRIS-WKR-007587,POS-HR-L5-0133,JOB-HR-L5-01,People L5 Role 01,HR,L5,Y,0.8,31.2,2020-03-10,
ASN-007588-01,HRIS-WKR-007588,POS-TEC-L5-0210,JOB-TEC-L5-06,Technology L5 Role 06,TEC,L5,Y,1.0,39.0,2021-06-05,
ASN-007589-01,HRIS-WKR-007589,POS-HR-L3-0122,JOB-HR-L3-02,People L3 Role 02,HR,L3,Y,1.0,39.0,2022-08-27,
ASN-007590-01,HRIS-WKR-007590,POS-FIN-L2-0082,JOB-FIN-L2-04,Finance L2 Role 04,FIN,L2,Y,1.0,39.0,2020-06-07,
ASN-007591-01,HRIS-WKR-007591,POS-SAL-L3-0159,JOB-SAL-L3-03,Sales L3 Role 03,SAL,L3,Y,0.5,19.5,2023-06-06,
ASN-007592-01,HRIS-WKR-007592,POS-TEC-L5-0210,JOB-TEC-L5-06,Technology L5 Role 06,TEC,L5,Y,1.0,39.0,2020-09-06,
ASN-007592-02,HRIS-WKR-007592,POS-OPS-L6-0072,JOB-OPS-L6-06,Operations L6 Role 06,OPS,L6,N,0.3,11.7,2024-02-15,
ASN-007593-01,HRIS-WKR-007593,POS-ENG-L3-0016,JOB-ENG-L3-04,Engineering L3 Role 04,ENG,L3,Y,1.0,39.0,2019-01-30,
ASN-007594-01,HRIS-WKR-007594,POS-SAL-L6-0177,JOB-SAL-L6-03,Sales L6 Role 03,SAL,L6,Y,1.0,39.0,2019-02-18,
ASN-007595-01,HRIS-WKR-007595,POS-TEC-L2-0189,JOB-TEC-L2-03,Technology L2 Role 03,TEC,L2,Y,1.0,39.0,2025-10-02,
ASN-007596-01,HRIS-WKR-007596,POS-TEC-L6-0214,JOB-TEC-L6-04,Technology L6 Role 04,TEC,L6,Y,1.0,39.0,2018-01-03,
ASN-007597-01,HRIS-WKR-007597,POS-HR-L1-0113,JOB-HR-L1-05,People L1 Role 05,HR,L1,Y,1.0,39.0,2022-02-26,
ASN-007598-01,HRIS-WKR-007598,POS-FIN-L4-0095,JOB-FIN-L4-05,Finance L4 Role 05,FIN,L4,Y,0.6,23.4,2022-08-14,
ASN-007599-01,HRIS-WKR-007599,POS-ENG-L3-0015,JOB-ENG-L3-03,Engineering L3 Role 03,ENG,L3,Y,1.0,39.0,2025-12-28,
ASN-007600-01,HRIS-WKR-007600,POS-TEC-L3-0193,JOB-TEC-L3-01,Technology L3 Role 01,TEC,L3,Y,1.0,39.0,2025-12-04,
ASN-007601-01,HRIS-WKR-007601,POS-ENG-L3-0014,JOB-ENG-L3-02,Engineering L3 Role 02,ENG,L3,Y,1.0,39.0,2025-06-09,
ASN-007602-01,HRIS-WKR-007602,POS-SAL-L3-0157,JOB-SAL-L3-01,Sales L3 Role 01,SAL,L3,Y,1.0,39.0,2021-05-18,
ASN-007603-01,HRIS-WKR-007603,POS-HR-L3-0125,JOB-HR-L3-05,People L3 Role 05,HR,L3,Y,1.0,39.0,2019-07-19,
ASN-007604-01,HRIS-WKR-007604,POS-TEC-L3-0196,JOB-TEC-L3-04,Technology L3 Role 04,TEC,L3,Y,1.0,39.0,2021-11-21,
ASN-007605-01,HRIS-WKR-007605,POS-HR-L5-0138,JOB-HR-L5-06,People L5 Role 06,HR,L5,Y,1.0,39.0,2025-10-28,
ASN-007606-01,HRIS-WKR-007606,POS-HR-L3-0121,JOB-HR-L3-01,People L3 Role 01,HR,L3,Y,1.0,39.0,2025-07-20,
ASN-007607-01,HRIS-WKR-007607,POS-ENG-L3-0014,JOB-ENG-L3-02,Engineering L3 Role 02,ENG,L3,Y,0.4,15.6,2021-10-10,
ASN-007608-01,HRIS-WKR-007608,POS-HR-L4-0128,JOB-HR-L4-02,People L4 Role 02,HR,L4,Y,0.8,31.2,2023-01-12,
ASN-007609-01,HRIS-WKR-007609,POS-HR-L6-0142,JOB-HR-L6-04,People L6 Role 04,HR,L6,Y,1.0,39.0,2023-09-17,
ASN-007610-01,HRIS-WKR-007610,POS-OPS-L1-0039,JOB-OPS-L1-03,Operations L1 Role 03,OPS,L1,Y,1.0,39.0,2019-06-10,
ASN-007611-01,HRIS-WKR-007611,POS-SAL-L6-0178,JOB-SAL-L6-04,Sales L6 Role 04,SAL,L6,Y,1.0,39.0,2019-01-22,
ASN-007612-01,HRIS-WKR-007612,POS-TEC-L6-0213,JOB-TEC-L6-03,Technology L6 Role 03,TEC,L6,Y,1.0,39.0,2019-03-27,
ASN-007613-01,HRIS-WKR-007613,POS-OPS-L5-0064,JOB-OPS-L5-04,Operations L5 Role 04,OPS,L5,Y,1.0,39.0,2022-04-26,
ASN-007614-01,HRIS-WKR-007614,POS-SAL-L2-0155,JOB-SAL-L2-05,Sales L2 Role 05,SAL,L2,Y,1.0,39.0,2020-12-29,
ASN-007615-01,HRIS-WKR-007615,POS-OPS-L4-0056,JOB-OPS-L4-02,Operations L4 Role 02,OPS,L4,Y,1.0,39.0,2025-03-08,
ASN-007616-01,HRIS-WKR-007616,POS-FIN-L1-0073,JOB-FIN-L1-01,Finance L1 Role 01,FIN,L1,Y,1.0,39.0,2019-03-12,
ASN-007617-01,HRIS-WKR-007617,POS-FIN-L4-0094,JOB-FIN-L4-04,Finance L4 Role 04,FIN,L4,Y,1.0,39.0,2023-11-07,
ASN-007618-01,HRIS-WKR-007618,POS-TEC-L5-0207,JOB-TEC-L5-03,Technology L5 Role 03,TEC,L5,Y,0.4,15.6,2024-11-23,
ASN-007618-02,HRIS-WKR-007618,POS-OPS-L6-0067,JOB-OPS-L6-01,Operations L6 Role 01,OPS,L6,N,0.3,11.7,2025-01-26,
ASN-007619-01,HRIS-WKR-007619,POS-SAL-L6-0175,JOB-SAL-L6-01,Sales L6 Role 01,SAL,L6,Y,1.0,39.0,2018-11-29,
ASN-007620-01,HRIS-WKR-007620,POS-HR-L3-0125,JOB-HR-L3-05,People L3 Role 05,HR,L3,Y,1.0,39.0,2018-10-27,
ASN-007620-02,HRIS-WKR-007620,POS-OPS-L4-0058,JOB-OPS-L4-04,Operations L4 Role 04,OPS,L4,N,0.3,11.7,2020-08-10,
ASN-007621-01,HRIS-WKR-007621,POS-FIN-L3-0088,JOB-FIN-L3-04,Finance L3 Role 04,FIN,L3,Y,1.0,39.0,2018-04-05,
ASN-007622-01,HRIS-WKR-007622,POS-FIN-L3-0086,JOB-FIN-L3-02,Finance L3 Role 02,FIN,L3,Y,1.0,39.0,2025-12-25,
ASN-007623-01,HRIS-WKR-007623,POS-HR-L3-0124,JOB-HR-L3-04,People L3 Role 04,HR,L3,Y,1.0,39.0,2023-05-29,
ASN-007623-02,HRIS-WKR-007623,POS-FIN-L5-0099,JOB-FIN-L5-03,Finance L5 Role 03,FIN,L5,N,0.2,7.8,2021-03-20,
ASN-007624-01,HRIS-WKR-007624,POS-OPS-L4-0060,JOB-OPS-L4-06,Operations L4 Role 06,OPS,L4,Y,0.6,23.4,2025-04-21,
ASN-007625-01,HRIS-WKR-007625,POS-OPS-L5-0066,JOB-OPS-L5-06,Operations L5 Role 06,OPS,L5,Y,1.0,39.0,2022-05-14,
ASN-007626-01,HRIS-WKR-007626,POS-HR-L4-0127,JOB-HR-L4-01,People L4 Role 01,HR,L4,Y,1.0,39.0,2018-04-18,
ASN-007627-01,HRIS-WKR-007627,POS-ENG-L2-0010,JOB-ENG-L2-04,Engineering L2 Role 04,ENG,L2,Y,1.0,39.0,2019-06-04,
ASN-007628-01,HRIS-WKR-007628,POS-OPS-L4-0055,JOB-OPS-L4-01,Operations L4 Role 01,OPS,L4,Y,1.0,39.0,2024-04-26,
ASN-007629-01,HRIS-WKR-007629,POS-SAL-L4-0163,JOB-SAL-L4-01,Sales L4 Role 01,SAL,L4,Y,1.0,39.0,2023-04-27,
ASN-007630-01,HRIS-WKR-007630,POS-ENG-L5-0026,JOB-ENG-L5-02,Engineering L5 Role 02,ENG,L5,Y,,,2024-08-21,
ASN-007631-01,HRIS-WKR-007631,POS-TEC-L5-0209,JOB-TEC-L5-05,Technology L5 Role 05,TEC,L5,Y,0.8,31.2,2026-01-06,
ASN-007632-01,HRIS-WKR-007632,POS-SAL-L6-0175,JOB-SAL-L6-01,Sales L6 Role 01,SAL,L6,Y,1.0,39.0,2026-01-12,
ASN-007633-01,HRIS-WKR-007633,POS-OPS-L1-0041,JOB-OPS-L1-05,Operations L1 Role 05,OPS,L1,Y,0.5,19.5,2024-06-19,
ASN-007634-01,HRIS-WKR-007634,POS-TEC-L1-0186,JOB-TEC-L1-06,Technology L1 Role 06,TEC,L1,Y,0.8,31.2,2021-02-04,
ASN-007635-01,HRIS-WKR-007635,POS-FIN-L6-0104,JOB-FIN-L6-02,Finance L6 Role 02,FIN,L6,Y,1.0,39.0,2025-02-25,
ASN-007636-01,HRIS-WKR-007636,POS-TEC-L1-0181,JOB-TEC-L1-01,Technology L1 Role 01,TEC,L1,Y,1.0,39.0,2022-09-02,
ASN-007637-01,HRIS-WKR-007637,POS-FIN-L3-0086,JOB-FIN-L3-02,Finance L3 Role 02,FIN,L3,Y,,,2022-09-17,
ASN-007638-01,HRIS-WKR-007638,POS-OPS-L2-0048,JOB-OPS-L2-06,Operations L2 Role 06,OPS,L2,Y,1.0,39.0,2024-12-14,
ASN-007639-01,HRIS-WKR-007639,POS-ENG-L5-0028,JOB-ENG-L5-04,Engineering L5 Role 04,ENG,L5,Y,0.5,19.5,2022-03-29,
ASN-007640-01,HRIS-WKR-007640,POS-TEC-L6-0215,JOB-TEC-L6-05,Technology L6 Role 05,TEC,L6,Y,1.0,39.0,2025-06-16,
ASN-007641-01,HRIS-WKR-007641,POS-HR-L5-0134,JOB-HR-L5-02,People L5 Role 02,HR,L5,Y,1.0,39.0,2023-09-29,
ASN-007642-01,HRIS-WKR-007642,POS-TEC-L3-0194,JOB-TEC-L3-02,Technology L3 Role 02,TEC,L3,Y,1.0,39.0,2024-01-10,
ASN-007643-01,HRIS-WKR-007643,POS-TEC-L2-0189,JOB-TEC-L2-03,Technology L2 Role 03,TEC,L2,Y,1.0,39.0,2019-05-09,
ASN-007644-01,HRIS-WKR-007644,POS-HR-L5-0133,JOB-HR-L5-01,People L5 Role 01,HR,L5,Y,1.0,39.0,2024-06-16,
ASN-007645-01,HRIS-WKR-007645,POS-SAL-L4-0166,JOB-SAL-L4-04,Sales L4 Role 04,SAL,L4,Y,1.0,39.0,2022-08-13,
ASN-007646-01,HRIS-WKR-007646,POS-ENG-L2-0012,JOB-ENG-L2-06,Engineering L2 Role 06,ENG,L2,Y,1.0,39.0,2019-10-06,
ASN-007647-01,HRIS-WKR-007647,POS-SAL-L5-0174,JOB-SAL-L5-06,Sales L5 Role 06,SAL,L5,Y,1.0,39.0,2025-02-15,
ASN-007648-01,HRIS-WKR-007648,POS-OPS-L2-0046,JOB-OPS-L2-04,Operations L2 Role 04,OPS,L2,Y,0.8,31.2,2024-11-10,
ASN-007649-01,HRIS-WKR-007649,POS-FIN-L4-0093,JOB-FIN-L4-03,Finance L4 Role 03,FIN,L2,Y,1.0,39.0,2019-01-26,
ASN-007650-01,HRIS-WKR-007650,POS-ENG-L6-0034,JOB-ENG-L6-04,Engineering L6 Role 04,ENG,L6,Y,1.0,39.0,2021-10-31,
ASN-007651-01,HRIS-WKR-007651,POS-SAL-L3-0158,JOB-SAL-L3-02,Sales L3 Role 02,SAL,L3,Y,1.0,39.0,2018-01-20,
ASN-007652-01,HRIS-WKR-007652,POS-TEC-L3-0198,JOB-TEC-L3-06,Technology L3 Role 06,TEC,L3,Y,1.0,39.0,2019-01-31,
ASN-007653-01,HRIS-WKR-007653,POS-TEC-L4-0204,JOB-TEC-L4-06,Technology L4 Role 06,TEC,L4,Y,1.0,39.0,2019-01-31,
ASN-007654-01,HRIS-WKR-007654,POS-HR-L5-0138,JOB-HR-L5-06,People L5 Role 06,HR,L5,Y,,,2025-06-22,
ASN-007655-01,HRIS-WKR-007655,POS-FIN-L1-0073,JOB-FIN-L1-01,Finance L1 Role 01,FIN,L1,Y,1.0,39.0,2024-07-28,
ASN-007656-01,HRIS-WKR-007656,POS-OPS-L4-0056,JOB-OPS-L4-02,Operations L4 Role 02,OPS,L2,Y,1.0,39.0,2018-11-06,
ASN-007657-01,HRIS-WKR-007657,POS-ENG-L5-0028,JOB-ENG-L5-04,Engineering L5 Role 04,ENG,L5,Y,1.0,39.0,2021-06-23,
ASN-007658-01,HRIS-WKR-007658,POS-OPS-L4-0055,JOB-OPS-L4-01,Operations L4 Role 01,OPS,L4,Y,1.0,39.0,2018-11-11,
ASN-007659-01,HRIS-WKR-007659,POS-ENG-L2-0011,JOB-ENG-L2-05,Engineering L2 Role 05,ENG,L2,Y,1.0,39.0,2025-03-06,
ASN-007660-01,HRIS-WKR-007660,POS-ENG-L2-0009,JOB-ENG-L2-03,Engineering L2 Role 03,ENG,L2,Y,1.0,39.0,2024-07-23,
ASN-007661-01,HRIS-WKR-007661,POS-ENG-L5-0025,JOB-ENG-L5-01,Engineering L5 Role 01,ENG,L5,Y,1.0,39.0,2025-05-27,
ASN-007662-01,HRIS-WKR-007662,POS-FIN-L4-0091,JOB-FIN-L4-01,Finance L4 Role 01,FIN,L4,Y,0.8,31.2,2023-05-25,
ASN-007663-01,HRIS-WKR-007663,POS-FIN-L4-0092,JOB-FIN-L4-02,Finance L4 Role 02,FIN,L4,Y,1.0,39.0,2018-10-19,
ASN-007664-01,HRIS-WKR-007664,POS-HR-L4-0128,JOB-HR-L4-02,People L4 Role 02,HR,L4,Y,1.0,39.0,2019-12-15,
ASN-007665-01,HRIS-WKR-007665,POS-SAL-L6-0178,JOB-SAL-L6-04,Sales L6 Role 04,SAL,L6,Y,1.0,39.0,2018-08-30,
ASN-007666-01,HRIS-WKR-007666,POS-TEC-L4-0199,JOB-TEC-L4-01,Technology L4 Role 01,TEC,L4,Y,1.0,39.0,2018-08-23,
ASN-007667-01,HRIS-WKR-007667,POS-TEC-L3-0196,JOB-TEC-L3-04,Technology L3 Role 04,TEC,L3,Y,1.0,39.0,2018-07-10,
ASN-007668-01,HRIS-WKR-007668,POS-FIN-L2-0084,JOB-FIN-L2-06,Finance L2 Role 06,FIN,L2,Y,1.0,39.0,2019-06-23,
ASN-007669-01,HRIS-WKR-007669,POS-HR-L6-0143,JOB-HR-L6-05,People L6 Role 05,HR,L6,Y,1.0,39.0,2020-03-04,
ASN-007670-01,HRIS-WKR-007670,POS-SAL-L4-0166,JOB-SAL-L4-04,Sales L4 Role 04,SAL,L4,Y,1.0,39.0,2019-06-02,
ASN-007671-01,HRIS-WKR-007671,POS-ENG-L5-0029,JOB-ENG-L5-05,Engineering L5 Role 05,ENG,L5,Y,1.0,39.0,2023-02-05,
ASN-007672-01,HRIS-WKR-007672,POS-OPS-L1-0040,JOB-OPS-L1-04,Operations L1 Role 04,OPS,L3,Y,1.0,39.0,2021-04-11,
ASN-007673-01,HRIS-WKR-007673,POS-HR-L4-0127,JOB-HR-L4-01,People L4 Role 01,HR,L4,Y,0.8,31.2,2025-06-28,
ASN-007674-01,HRIS-WKR-007674,POS-OPS-L6-0071,JOB-OPS-L6-05,Operations L6 Role 05,OPS,L6,Y,1.0,39.0,2025-10-09,
ASN-007675-01,HRIS-WKR-007675,POS-TEC-L1-0183,JOB-TEC-L1-03,Technology L1 Role 03,TEC,L1,Y,0.6,23.4,2023-04-29,
ASN-007676-01,HRIS-WKR-007676,POS-HR-L4-0130,JOB-HR-L4-04,People L4 Role 04,HR,L4,Y,1.0,39.0,2025-12-11,
ASN-007677-01,HRIS-WKR-007677,POS-TEC-L3-0196,JOB-TEC-L3-04,Technology L3 Role 04,TEC,L3,Y,1.0,39.0,2021-03-29,
ASN-007678-01,HRIS-WKR-007678,POS-TEC-L6-0211,JOB-TEC-L6-01,Technology L6 Role 01,TEC,L6,Y,1.0,39.0,2023-04-13,
ASN-007679-01,HRIS-WKR-007679,POS-TEC-L5-0210,JOB-TEC-L5-06,Technology L5 Role 06,TEC,L5,Y,,,2026-01-06,
ASN-007680-01,HRIS-WKR-007680,POS-TEC-L2-0192,JOB-TEC-L2-06,Technology L2 Role 06,TEC,L2,Y,1.0,39.0,2025-02-24,
ASN-007680-02,HRIS-WKR-007680,POS-OPS-L6-0070,JOB-OPS-L6-04,Operations L6 Role 04,OPS,L6,N,0.3,11.7,2023-01-13,
ASN-007681-01,HRIS-WKR-007681,POS-HR-L3-0125,JOB-HR-L3-05,People L3 Role 05,HR,L3,Y,1.0,39.0,2019-11-08,
ASN-007682-01,HRIS-WKR-007682,POS-ENG-L6-0032,JOB-ENG-L6-02,Engineering L6 Role 02,ENG,L6,Y,1.0,39.0,2019-11-28,
ASN-007683-01,HRIS-WKR-007683,POS-SAL-L4-0168,JOB-SAL-L4-06,Sales L4 Role 06,SAL,L4,Y,1.0,39.0,2018-07-19,
ASN-007684-01,HRIS-WKR-007684,POS-FIN-L1-0078,JOB-FIN-L1-06,Finance L1 Role 06,FIN,L1,Y,0.6,23.4,2025-04-23,
ASN-007685-01,HRIS-WKR-007685,POS-FIN-L3-0086,JOB-FIN-L3-02,Finance L3 Role 02,FIN,L3,Y,1.0,39.0,2023-04-09,
ASN-007686-01,HRIS-WKR-007686,POS-SAL-L4-0168,JOB-SAL-L4-06,Sales L4 Role 06,SAL,L4,Y,1.0,39.0,2025-11-13,
ASN-007687-01,HRIS-WKR-007687,POS-SAL-L1-0148,JOB-SAL-L1-04,Sales L1 Role 04,SAL,L1,Y,1.0,39.0,2021-01-10,
ASN-007688-01,HRIS-WKR-007688,POS-HR-L6-0140,JOB-HR-L6-02,People L6 Role 02,HR,L6,Y,1.0,39.0,2021-12-27,
ASN-007689-01,HRIS-WKR-007689,POS-FIN-L1-0078,JOB-FIN-L1-06,Finance L1 Role 06,FIN,L1,Y,1.0,39.0,2022-03-30,
ASN-007690-01,HRIS-WKR-007690,POS-TEC-L3-0198,JOB-TEC-L3-06,Technology L3 Role 06,TEC,L3,Y,1.0,39.0,2019-04-23,
ASN-007691-01,HRIS-WKR-007691,POS-HR-L2-0117,JOB-HR-L2-03,People L2 Role 03,HR,L2,Y,1.0,39.0,2024-07-11,
ASN-007692-01,HRIS-WKR-007692,POS-HR-L6-0141,JOB-HR-L6-03,People L6 Role 03,HR,L6,Y,1.0,39.0,2019-02-02,
ASN-007693-01,HRIS-WKR-007693,POS-OPS-L6-0072,JOB-OPS-L6-06,Operations L6 Role 06,OPS,L6,Y,1.0,39.0,2022-07-03,
ASN-007694-01,HRIS-WKR-007694,POS-FIN-L5-0099,JOB-FIN-L5-03,Finance L5 Role 03,FIN,L5,Y,0.8,31.2,2024-10-25,
ASN-007695-01,HRIS-WKR-007695,POS-FIN-L5-0102,JOB-FIN-L5-06,Finance L5 Role 06,FIN,L5,Y,1.0,39.0,2023-06-23,
ASN-007696-01,HRIS-WKR-007696,POS-OPS-L1-0037,JOB-OPS-L1-01,Operations L1 Role 01,OPS,L1,Y,,,2020-02-06,
ASN-007697-01,HRIS-WKR-007697,POS-ENG-L6-0033,JOB-ENG-L6-03,Engineering L6 Role 03,ENG,L6,Y,0.5,19.5,2020-03-29,
ASN-007698-01,HRIS-WKR-007698,POS-OPS-L2-0043,JOB-OPS-L2-01,Operations L2 Role 01,OPS,L2,Y,1.0,39.0,2020-03-09,
ASN-007699-01,HRIS-WKR-007699,POS-OPS-L2-0046,JOB-OPS-L2-04,Operations L2 Role 04,OPS,L2,Y,,,2024-04-21,
ASN-007700-01,HRIS-WKR-007700,POS-TEC-L5-0210,JOB-TEC-L5-06,Technology L5 Role 06,TEC,L6,Y,1.0,39.0,2020-03-31,
ASN-007701-01,HRIS-WKR-007701,POS-ENG-L4-0023,JOB-ENG-L4-05,Engineering L4 Role 05,ENG,L4,Y,1.0,39.0,2022-09-05,
ASN-007701-02,HRIS-WKR-007701,POS-OPS-L1-0041,JOB-OPS-L1-05,Operations L1 Role 05,OPS,L1,N,0.4,15.6,2019-05-18,
ASN-007702-01,HRIS-WKR-007702,POS-OPS-L5-0066,JOB-OPS-L5-06,Operations L5 Role 06,OPS,L5,Y,1.0,39.0,2025-03-15,
ASN-007702-02,HRIS-WKR-007702,POS-ENG-L4-0022,JOB-ENG-L4-04,Engineering L4 Role 04,ENG,L4,N,0.2,7.8,2025-11-22,
ASN-007703-01,HRIS-WKR-007703,POS-HR-L2-0118,JOB-HR-L2-04,People L2 Role 04,HR,L2,Y,0.8,31.2,2018-08-08,
ASN-007704-01,HRIS-WKR-007704,POS-FIN-L1-0076,JOB-FIN-L1-04,Finance L1 Role 04,FIN,L1,Y,0.8,31.2,2020-08-13,
ASN-007705-01,HRIS-WKR-007705,POS-OPS-L5-0061,JOB-OPS-L5-01,Operations L5 Role 01,OPS,L5,Y,1.0,39.0,2021-04-09,
ASN-007705-02,HRIS-WKR-007705,POS-FIN-L2-0083,JOB-FIN-L2-05,Finance L2 Role 05,FIN,L2,N,0.4,15.6,2023-07-25,
ASN-007706-01,HRIS-WKR-007706,POS-TEC-L6-0211,JOB-TEC-L6-01,Technology L6 Role 01,TEC,L6,Y,1.0,39.0,2018-07-14,
ASN-007707-01,HRIS-WKR-007707,POS-SAL-L4-0165,JOB-SAL-L4-03,Sales L4 Role 03,SAL,L4,Y,1.0,39.0,2021-05-22,
ASN-007708-01,HRIS-WKR-007708,POS-HR-L3-0126,JOB-HR-L3-06,People L3 Role 06,HR,L3,Y,1.0,39.0,2024-12-27,
ASN-007709-01,HRIS-WKR-007709,POS-HR-L1-0111,JOB-HR-L1-03,People L1 Role 03,HR,L1,Y,1.0,39.0,2022-09-26,
ASN-007710-01,HRIS-WKR-007710,POS-OPS-L3-0050,JOB-OPS-L3-02,Operations L3 Role 02,OPS,L3,Y,1.0,39.0,2018-01-27,
ASN-007711-01,HRIS-WKR-007711,POS-TEC-L4-0204,JOB-TEC-L4-06,Technology L4 Role 06,TEC,L4,Y,1.0,39.0,2022-03-08,
ASN-007712-01,HRIS-WKR-007712,POS-OPS-L3-0054,JOB-OPS-L3-06,Operations L3 Role 06,OPS,L3,Y,0.6,23.4,2023-12-16,
ASN-007713-01,HRIS-WKR-007713,POS-HR-L2-0118,JOB-HR-L2-04,People L2 Role 04,HR,L2,Y,1.0,39.0,2018-02-24,
ASN-007713-02,HRIS-WKR-007713,POS-TEC-L5-0207,JOB-TEC-L5-03,Technology L5 Role 03,TEC,L5,N,0.3,11.7,2023-09-12,
ASN-007714-01,HRIS-WKR-007714,POS-ENG-L5-0026,JOB-ENG-L5-02,Engineering L5 Role 02,ENG,L5,Y,0.8,31.2,2019-03-09,
ASN-007715-01,HRIS-WKR-007715,POS-TEC-L3-0196,JOB-TEC-L3-04,Technology L3 Role 04,TEC,L3,Y,1.0,39.0,2021-05-13,
ASN-007716-01,HRIS-WKR-007716,POS-SAL-L3-0157,JOB-SAL-L3-01,Sales L3 Role 01,SAL,L3,Y,1.0,39.0,2022-11-19,
ASN-007717-01,HRIS-WKR-007717,POS-SAL-L4-0168,JOB-SAL-L4-06,Sales L4 Role 06,SAL,L4,Y,1.0,39.0,2025-03-02,
ASN-007718-01,HRIS-WKR-007718,POS-TEC-L6-0211,JOB-TEC-L6-01,Technology L6 Role 01,TEC,L6,Y,1.0,39.0,2019-10-13,
ASN-007719-01,HRIS-WKR-007719,POS-OPS-L2-0043,JOB-OPS-L2-01,Operations L2 Role 01,OPS,L2,Y,0.8,31.2,2025-02-26,
ASN-007720-01,HRIS-WKR-007720,POS-HR-L4-0127,JOB-HR-L4-01,People L4 Role 01,HR,L4,Y,1.0,39.0,2025-08-12,
ASN-007721-01,HRIS-WKR-007721,POS-OPS-L1-0041,JOB-OPS-L1-05,Operations L1 Role 05,OPS,L1,Y,1.0,39.0,2023-11-24,
ASN-007722-01,HRIS-WKR-007722,POS-HR-L3-0125,JOB-HR-L3-05,People L3 Role 05,HR,L3,Y,1.0,39.0,2024-04-23,
ASN-007722-02,HRIS-WKR-007722,POS-TEC-L5-0209,JOB-TEC-L5-05,Technology L5 Role 05,TEC,L5,N,0.4,15.6,2021-10-14,
ASN-007723-01,HRIS-WKR-007723,POS-FIN-L6-0103,JOB-FIN-L6-01,Finance L6 Role 01,FIN,L6,Y,1.0,39.0,2018-04-04,
ASN-007724-01,HRIS-WKR-007724,POS-HR-L4-0127,JOB-HR-L4-01,People L4 Role 01,HR,L4,Y,0.8,31.2,2018-03-13,
ASN-007725-01,HRIS-WKR-007725,POS-FIN-L6-0108,JOB-FIN-L6-06,Finance L6 Role 06,FIN,L6,Y,1.0,39.0,2023-08-27,
ASN-007726-01,HRIS-WKR-007726,POS-HR-L6-0141,JOB-HR-L6-03,People L6 Role 03,HR,L6,Y,1.0,39.0,2026-01-18,
ASN-007727-01,HRIS-WKR-007727,POS-OPS-L6-0067,JOB-OPS-L6-01,Operations L6 Role 01,OPS,L6,Y,0.5,19.5,2025-03-08,
ASN-007728-01,HRIS-WKR-007728,POS-OPS-L1-0040,JOB-OPS-L1-04,Operations L1 Role 04,OPS,L1,Y,0.5,19.5,2023-08-07,
ASN-007729-01,HRIS-WKR-007729,POS-SAL-L4-0168,JOB-SAL-L4-06,Sales L4 Role 06,SAL,L4,Y,0.8,31.2,2025-08-29,
ASN-007729-02,HRIS-WKR-007729,POS-FIN-L3-0089,JOB-FIN-L3-05,Finance L3 Role 05,FIN,L3,N,0.3,11.7,2023-12-06,
ASN-007730-01,HRIS-WKR-007730,POS-TEC-L6-0212,JOB-TEC-L6-02,Technology L6 Role 02,TEC,L6,Y,1.0,39.0,2026-01-29,
ASN-007731-01,HRIS-WKR-007731,POS-SAL-L4-0167,JOB-SAL-L4-05,Sales L4 Role 05,SAL,L4,Y,1.0,39.0,2021-08-25,
ASN-007732-01,HRIS-WKR-007732,POS-TEC-L2-0188,JOB-TEC-L2-02,Technology L2 Role 02,TEC,L2,Y,1.0,39.0,2023-10-18,
ASN-007733-01,HRIS-WKR-007733,POS-OPS-L5-0061,JOB-OPS-L5-01,Operations L5 Role 01,OPS,L5,Y,1.0,39.0,2025-08-04,
ASN-007734-01,HRIS-WKR-007734,POS-TEC-L1-0183,JOB-TEC-L1-03,Technology L1 Role 03,TEC,L1,Y,1.0,39.0,2020-04-16,
ASN-007735-01,HRIS-WKR-007735,POS-OPS-L3-0051,JOB-OPS-L3-03,Operations L3 Role 03,OPS,L3,Y,1.0,39.0,2022-12-13,
ASN-007736-01,HRIS-WKR-007736,POS-FIN-L1-0074,JOB-FIN-L1-02,Finance L1 Role 02,FIN,L1,Y,1.0,39.0,2023-05-28,
ASN-007737-01,HRIS-WKR-007737,POS-OPS-L4-0058,JOB-OPS-L4-04,Operations L4 Role 04,OPS,L6,Y,1.0,39.0,2023-06-11,
ASN-007737-02,HRIS-WKR-007737,POS-OPS-L4-0059,JOB-OPS-L4-05,Operations L4 Role 05,OPS,L4,N,0.2,7.8,2025-12-03,
ASN-007738-01,HRIS-WKR-007738,POS-TEC-L5-0206,JOB-TEC-L5-02,Technology L5 Role 02,TEC,L5,Y,,,2021-10-20,
ASN-007739-01,HRIS-WKR-007739,POS-FIN-L1-0075,JOB-FIN-L1-03,Finance L1 Role 03,FIN,L1,Y,,,2018-10-24,
ASN-007740-01,HRIS-WKR-007740,POS-HR-L1-0112,JOB-HR-L1-04,People L1 Role 04,HR,L1,Y,1.0,39.0,2025-10-05,
ASN-007741-01,HRIS-WKR-007741,POS-FIN-L2-0084,JOB-FIN-L2-06,Finance L2 Role 06,FIN,L2,Y,0.6,23.4,2023-04-29,
ASN-007741-02,HRIS-WKR-007741,POS-HR-L3-0125,JOB-HR-L3-05,People L3 Role 05,HR,L3,N,0.3,11.7,2025-10-21,
ASN-007742-01,HRIS-WKR-007742,POS-FIN-L5-0100,JOB-FIN-L5-04,Finance L5 Role 04,FIN,L5,Y,1.0,39.0,2023-10-05,
ASN-007743-01,HRIS-WKR-007743,POS-ENG-L2-0010,JOB-ENG-L2-04,Engineering L2 Role 04,ENG,L2,Y,1.0,39.0,2025-10-27,
ASN-007744-01,HRIS-WKR-007744,POS-HR-L6-0141,JOB-HR-L6-03,People L6 Role 03,HR,L6,Y,1.0,39.0,2022-01-13,
ASN-007744-02,HRIS-WKR-007744,POS-SAL-L5-0170,JOB-SAL-L5-02,Sales L5 Role 02,SAL,L5,N,0.2,7.8,2022-12-26,
ASN-007745-01,HRIS-WKR-007745,POS-ENG-L1-0002,JOB-ENG-L1-02,Engineering L1 Role 02,ENG,L1,Y,1.0,39.0,2022-12-10,
ASN-007746-01,HRIS-WKR-007746,POS-TEC-L3-0195,JOB-TEC-L3-03,Technology L3 Role 03,TEC,L3,Y,0.5,19.5,2020-11-22,
ASN-007747-01,HRIS-WKR-007747,POS-OPS-L1-0040,JOB-OPS-L1-04,Operations L1 Role 04,OPS,L1,Y,1.0,39.0,2020-06-29,
ASN-007748-01,HRIS-WKR-007748,POS-HR-L4-0132,JOB-HR-L4-06,People L4 Role 06,HR,L4,Y,1.0,39.0,2023-03-27,
ASN-007749-01,HRIS-WKR-007749,POS-OPS-L2-0048,JOB-OPS-L2-06,Operations L2 Role 06,OPS,L2,Y,1.0,39.0,2023-03-16,
ASN-007750-01,HRIS-WKR-007750,POS-HR-L2-0118,JOB-HR-L2-04,People L2 Role 04,HR,L2,Y,1.0,39.0,2019-06-15,
ASN-007751-01,HRIS-WKR-007751,POS-TEC-L2-0189,JOB-TEC-L2-03,Technology L2 Role 03,TEC,L2,Y,1.0,39.0,2018-05-22,
ASN-007752-01,HRIS-WKR-007752,POS-SAL-L5-0172,JOB-SAL-L5-04,Sales L5 Role 04,SAL,L5,Y,0.8,31.2,2019-11-03,
ASN-007753-01,HRIS-WKR-007753,POS-ENG-L2-0010,JOB-ENG-L2-04,Engineering L2 Role 04,ENG,L2,Y,1.0,39.0,2020-04-13,
ASN-007754-01,HRIS-WKR-007754,POS-FIN-L3-0086,JOB-FIN-L3-02,Finance L3 Role 02,FIN,L3,Y,1.0,39.0,2024-02-20,
ASN-007755-01,HRIS-WKR-007755,POS-TEC-L5-0205,JOB-TEC-L5-01,Technology L5 Role 01,TEC,L5,Y,1.0,39.0,2021-07-10,
ASN-007756-01,HRIS-WKR-007756,POS-OPS-L2-0046,JOB-OPS-L2-04,Operations L2 Role 04,OPS,L2,Y,1.0,39.0,2020-10-07,
ASN-007757-01,HRIS-WKR-007757,POS-FIN-L5-0097,JOB-FIN-L5-01,Finance L5 Role 01,FIN,L5,Y,1.0,39.0,2022-12-10,
ASN-007758-01,HRIS-WKR-007758,POS-FIN-L4-0096,JOB-FIN-L4-06,Finance L4 Role 06,FIN,L4,Y,1.0,39.0,2021-05-23,
ASN-007758-02,HRIS-WKR-007758,POS-SAL-L4-0167,JOB-SAL-L4-05,Sales L4 Role 05,SAL,L4,N,0.2,7.8,2022-07-22,
ASN-007759-01,HRIS-WKR-007759,POS-HR-L4-0131,JOB-HR-L4-05,People L4 Role 05,HR,L4,Y,1.0,39.0,2023-07-22,
ASN-007760-01,HRIS-WKR-007760,POS-OPS-L5-0064,JOB-OPS-L5-04,Operations L5 Role 04,OPS,L5,Y,1.0,39.0,2023-01-26,
ASN-007761-01,HRIS-WKR-007761,POS-OPS-L6-0067,JOB-OPS-L6-01,Operations L6 Role 01,OPS,L6,Y,1.0,39.0,2024-02-20,
ASN-007761-02,HRIS-WKR-007761,POS-FIN-L2-0079,JOB-FIN-L2-01,Finance L2 Role 01,FIN,L2,N,0.2,7.8,2020-05-13,
ASN-007762-01,HRIS-WKR-007762,POS-ENG-L1-0006,JOB-ENG-L1-06,Engineering L1 Role 06,ENG,L1,Y,1.0,39.0,2019-07-22,
ASN-007763-01,HRIS-WKR-007763,POS-SAL-L1-0149,JOB-SAL-L1-05,Sales L1 Role 05,SAL,L1,Y,1.0,39.0,2021-07-13,
ASN-007764-01,HRIS-WKR-007764,POS-SAL-L6-0178,JOB-SAL-L6-04,Sales L6 Role 04,SAL,L6,Y,1.0,39.0,2018-05-30,
ASN-007765-01,HRIS-WKR-007765,POS-ENG-L5-0029,JOB-ENG-L5-05,Engineering L5 Role 05,ENG,L5,Y,1.0,39.0,2024-11-15,
ASN-007765-02,HRIS-WKR-007765,POS-SAL-L2-0153,JOB-SAL-L2-03,Sales L2 Role 03,SAL,L2,N,0.3,11.7,2019-11-03,
ASN-007766-01,HRIS-WKR-007766,POS-OPS-L2-0044,JOB-OPS-L2-02,Operations L2 Role 02,OPS,L2,Y,1.0,39.0,2020-11-23,
ASN-007767-01,HRIS-WKR-007767,POS-OPS-L3-0054,JOB-OPS-L3-06,Operations L3 Role 06,OPS,L3,Y,1.0,39.0,2021-06-13,
ASN-007768-01,HRIS-WKR-007768,POS-OPS-L1-0040,JOB-OPS-L1-04,Operations L1 Role 04,OPS,L1,Y,1.0,39.0,2025-11-23,
ASN-007769-01,HRIS-WKR-007769,POS-ENG-L6-0034,JOB-ENG-L6-04,Engineering L6 Role 04,ENG,L6,Y,1.0,39.0,2024-03-14,
ASN-007769-02,HRIS-WKR-007769,POS-SAL-L3-0161,JOB-SAL-L3-05,Sales L3 Role 05,SAL,L3,N,0.4,15.6,2021-11-30,
ASN-007770-01,HRIS-WKR-007770,POS-OPS-L3-0054,JOB-OPS-L3-06,Operations L3 Role 06,OPS,L3,Y,1.0,39.0,2021-12-12,
ASN-007771-01,HRIS-WKR-007771,POS-FIN-L6-0106,JOB-FIN-L6-04,Finance L6 Role 04,FIN,L6,Y,1.0,39.0,2021-09-19,
ASN-007772-01,HRIS-WKR-007772,POS-HR-L3-0121,JOB-HR-L3-01,People L3 Role 01,HR,L3,Y,1.0,39.0,2021-03-01,
ASN-007773-01,HRIS-WKR-007773,POS-ENG-L4-0021,JOB-ENG-L4-03,Engineering L4 Role 03,ENG,L4,Y,1.0,39.0,2020-10-31,
ASN-007774-01,HRIS-WKR-007774,POS-ENG-L3-0018,JOB-ENG-L3-06,Engineering L3 Role 06,ENG,L3,Y,1.0,39.0,2025-05-23,
ASN-007775-01,HRIS-WKR-007775,POS-SAL-L4-0163,JOB-SAL-L4-01,Sales L4 Role 01,SAL,L4,Y,1.0,39.0,2018-09-06,
ASN-007776-01,HRIS-WKR-007776,POS-ENG-L3-0015,JOB-ENG-L3-03,Engineering L3 Role 03,ENG,L3,Y,0.8,31.2,2024-02-10,
ASN-007777-01,HRIS-WKR-007777,POS-SAL-L2-0153,JOB-SAL-L2-03,Sales L2 Role 03,SAL,L2,Y,0.6,23.4,2018-01-08,
ASN-007778-01,HRIS-WKR-007778,POS-HR-L1-0112,JOB-HR-L1-04,People L1 Role 04,HR,L1,Y,1.0,39.0,2019-01-18,
ASN-007778-02,HRIS-WKR-007778,POS-ENG-L5-0026,JOB-ENG-L5-02,Engineering L5 Role 02,ENG,L5,N,0.2,7.8,2022-07-19,
ASN-007779-01,HRIS-WKR-007779,POS-TEC-L5-0206,JOB-TEC-L5-02,Technology L5 Role 02,TEC,L5,Y,1.0,39.0,2023-06-09,
ASN-007780-01,HRIS-WKR-007780,POS-SAL-L5-0174,JOB-SAL-L5-06,Sales L5 Role 06,SAL,L5,Y,1.0,39.0,2020-05-12,
ASN-007780-02,HRIS-WKR-007780,POS-FIN-L5-0099,JOB-FIN-L5-03,Finance L5 Role 03,FIN,L5,N,0.3,11.7,2020-12-07,
ASN-007781-01,HRIS-WKR-007781,POS-OPS-L4-0060,JOB-OPS-L4-06,Operations L4 Role 06,OPS,L4,Y,1.0,39.0,2020-03-30,
ASN-007782-01,HRIS-WKR-007782,POS-FIN-L2-0083,JOB-FIN-L2-05,Finance L2 Role 05,FIN,L2,Y,1.0,39.0,2022-05-08,
ASN-007783-01,HRIS-WKR-007783,POS-FIN-L6-0106,JOB-FIN-L6-04,Finance L6 Role 04,FIN,L6,Y,1.0,39.0,2020-05-10,
ASN-007784-01,HRIS-WKR-007784,POS-FIN-L6-0108,JOB-FIN-L6-06,Finance L6 Role 06,FIN,L6,Y,1.0,39.0,2020-09-23,
ASN-007785-01,HRIS-WKR-007785,POS-SAL-L4-0163,JOB-SAL-L4-01,Sales L4 Role 01,SAL,L4,Y,0.8,31.2,2019-10-18,
ASN-007786-01,HRIS-WKR-007786,POS-TEC-L5-0210,JOB-TEC-L5-06,Technology L5 Role 06,TEC,L5,Y,1.0,39.0,2025-06-07,
ASN-007787-01,HRIS-WKR-007787,POS-ENG-L1-0005,JOB-ENG-L1-05,Engineering L1 Role 05,ENG,L1,Y,1.0,39.0,2023-05-20,
ASN-007788-01,HRIS-WKR-007788,POS-OPS-L3-0051,JOB-OPS-L3-03,Operations L3 Role 03,OPS,L3,Y,1.0,39.0,2019-01-25,
ASN-007789-01,HRIS-WKR-007789,POS-ENG-L5-0027,JOB-ENG-L5-03,Engineering L5 Role 03,ENG,L5,Y,1.0,39.0,2018-09-23,
ASN-007790-01,HRIS-WKR-007790,POS-TEC-L1-0182,JOB-TEC-L1-02,Technology L1 Role 02,TEC,L1,Y,1.0,39.0,2024-12-19,
ASN-007791-01,HRIS-WKR-007791,POS-SAL-L4-0164,JOB-SAL-L4-02,Sales L4 Role 02,SAL,L4,Y,1.0,39.0,2019-11-12,
ASN-007792-01,HRIS-WKR-007792,POS-ENG-L6-0031,JOB-ENG-L6-01,Engineering L6 Role 01,ENG,L6,Y,0.5,19.5,2022-03-27,
ASN-007792-02,HRIS-WKR-007792,POS-FIN-L2-0081,JOB-FIN-L2-03,Finance L2 Role 03,FIN,L2,N,0.2,7.8,2025-02-09,
ASN-007793-01,HRIS-WKR-007793,POS-SAL-L2-0151,JOB-SAL-L2-01,Sales L2 Role 01,SAL,L2,Y,1.0,39.0,2020-01-29,
ASN-007794-01,HRIS-WKR-007794,POS-SAL-L1-0148,JOB-SAL-L1-04,Sales L1 Role 04,SAL,L1,Y,0.8,31.2,2021-05-11,
ASN-007795-01,HRIS-WKR-007795,POS-FIN-L1-0074,JOB-FIN-L1-02,Finance L1 Role 02,FIN,L1,Y,1.0,39.0,2021-11-09,
ASN-007796-01,HRIS-WKR-007796,POS-OPS-L1-0039,JOB-OPS-L1-03,Operations L1 Role 03,OPS,L1,Y,1.0,39.0,2025-06-01,
ASN-007797-01,HRIS-WKR-007797,POS-OPS-L3-0049,JOB-OPS-L3-01,Operations L3 Role 01,OPS,L3,Y,1.0,39.0,2020-05-12,
ASN-007798-01,HRIS-WKR-007798,POS-FIN-L3-0086,JOB-FIN-L3-02,Finance L3 Role 02,FIN,L3,Y,1.0,39.0,2022-10-26,
ASN-007799-01,HRIS-WKR-007799,POS-TEC-L1-0185,JOB-TEC-L1-05,Technology L1 Role 05,TEC,L1,Y,0.8,31.2,2021-05-13,
ASN-007800-01,HRIS-WKR-007800,POS-ENG-L4-0024,JOB-ENG-L4-06,Engineering L4 Role 06,ENG,L4,Y,1.0,39.0,2023-04-20,
ASN-007801-01,HRIS-WKR-007801,POS-OPS-L2-0047,JOB-OPS-L2-05,Operations L2 Role 05,OPS,L2,Y,1.0,39.0,2018-12-13,
ASN-007802-01,HRIS-WKR-007802,POS-HR-L6-0141,JOB-HR-L6-03,People L6 Role 03,HR,L6,Y,1.0,39.0,2024-03-25,
ASN-007803-01,HRIS-WKR-007803,POS-TEC-L3-0197,JOB-TEC-L3-05,Technology L3 Role 05,TEC,L3,Y,1.0,39.0,2020-12-30,
ASN-007804-01,HRIS-WKR-007804,POS-TEC-L4-0203,JOB-TEC-L4-05,Technology L4 Role 05,TEC,L2,Y,0.8,31.2,2020-06-27,
ASN-007805-01,HRIS-WKR-007805,POS-TEC-L2-0189,JOB-TEC-L2-03,Technology L2 Role 03,TEC,L2,Y,0.5,19.5,2019-12-15,
ASN-007806-01,HRIS-WKR-007806,POS-ENG-L5-0030,JOB-ENG-L5-06,Engineering L5 Role 06,ENG,L5,Y,1.0,39.0,2023-04-25,
ASN-007807-01,HRIS-WKR-007807,POS-HR-L5-0138,JOB-HR-L5-06,People L5 Role 06,HR,L3,Y,1.0,39.0,2018-05-31,
ASN-007808-01,HRIS-WKR-007808,POS-FIN-L5-0097,JOB-FIN-L5-01,Finance L5 Role 01,FIN,L5,Y,1.0,39.0,2021-02-27,
ASN-007809-01,HRIS-WKR-007809,POS-SAL-L2-0153,JOB-SAL-L2-03,Sales L2 Role 03,SAL,L2,Y,0.6,23.4,2019-02-20,
ASN-007810-01,HRIS-WKR-007810,POS-SAL-L3-0158,JOB-SAL-L3-02,Sales L3 Role 02,SAL,L3,Y,0.8,31.2,2025-03-07,
ASN-007811-01,HRIS-WKR-007811,POS-ENG-L6-0033,JOB-ENG-L6-03,Engineering L6 Role 03,ENG,L6,Y,1.0,39.0,2019-09-01,
ASN-007812-01,HRIS-WKR-007812,POS-TEC-L4-0200,JOB-TEC-L4-02,Technology L4 Role 02,TEC,L4,Y,1.0,39.0,2024-07-20,
ASN-007813-01,HRIS-WKR-007813,POS-FIN-L4-0095,JOB-FIN-L4-05,Finance L4 Role 05,FIN,L4,Y,1.0,39.0,2025-05-14,
ASN-007814-01,HRIS-WKR-007814,POS-HR-L4-0128,JOB-HR-L4-02,People L4 Role 02,HR,L4,Y,1.0,39.0,2022-07-14,
ASN-007815-01,HRIS-WKR-007815,POS-SAL-L1-0145,JOB-SAL-L1-01,Sales L1 Role 01,SAL,L1,Y,1.0,39.0,2024-11-23,
ASN-007815-02,HRIS-WKR-007815,POS-OPS-L6-0067,JOB-OPS-L6-01,Operations L6 Role 01,OPS,L6,N,0.2,7.8,2019-09-02,
ASN-007816-01,HRIS-WKR-007816,POS-FIN-L1-0074,JOB-FIN-L1-02,Finance L1 Role 02,FIN,L1,Y,1.0,39.0,2023-10-21,
ASN-007817-01,HRIS-WKR-007817,POS-FIN-L4-0095,JOB-FIN-L4-05,Finance L4 Role 05,FIN,L4,Y,1.0,39.0,2018-02-12,
ASN-007818-01,HRIS-WKR-007818,POS-OPS-L4-0059,JOB-OPS-L4-05,Operations L4 Role 05,OPS,L4,Y,1.0,39.0,2020-05-11,
ASN-007819-01,HRIS-WKR-007819,POS-SAL-L4-0165,JOB-SAL-L4-03,Sales L4 Role 03,SAL,L4,Y,0.4,15.6,2018-01-22,
ASN-007820-01,HRIS-WKR-007820,POS-OPS-L1-0041,JOB-OPS-L1-05,Operations L1 Role 05,OPS,L1,Y,1.0,39.0,2026-01-27,
ASN-007821-01,HRIS-WKR-007821,POS-ENG-L3-0014,JOB-ENG-L3-02,Engineering L3 Role 02,ENG,L3,Y,1.0,39.0,2025-11-19,
ASN-007822-01,HRIS-WKR-007822,POS-ENG-L6-0035,JOB-ENG-L6-05,Engineering L6 Role 05,ENG,L6,Y,1.0,39.0,2022-12-05,
ASN-007823-01,HRIS-WKR-007823,POS-TEC-L1-0182,JOB-TEC-L1-02,Technology L1 Role 02,TEC,L1,Y,0.6,23.4,2023-09-02,
ASN-007824-01,HRIS-WKR-007824,POS-SAL-L1-0148,JOB-SAL-L1-04,Sales L1 Role 04,SAL,L1,Y,,,2025-10-18,
ASN-007825-01,HRIS-WKR-007825,POS-FIN-L4-0094,JOB-FIN-L4-04,Finance L4 Role 04,FIN,L4,Y,1.0,39.0,2018-11-19,
ASN-007826-01,HRIS-WKR-007826,POS-TEC-L5-0209,JOB-TEC-L5-05,Technology L5 Role 05,TEC,L5,Y,0.5,19.5,2023-03-09,
ASN-007827-01,HRIS-WKR-007827,POS-HR-L5-0133,JOB-HR-L5-01,People L5 Role 01,HR,L5,Y,1.0,39.0,2024-12-02,
ASN-007828-01,HRIS-WKR-007828,POS-HR-L5-0134,JOB-HR-L5-02,People L5 Role 02,HR,L5,Y,1.0,39.0,2022-09-02,
ASN-007828-02,HRIS-WKR-007828,POS-SAL-L3-0157,JOB-SAL-L3-01,Sales L3 Role 01,SAL,L3,N,0.2,7.8,2022-10-16,
ASN-007829-01,HRIS-WKR-007829,POS-SAL-L6-0178,JOB-SAL-L6-04,Sales L6 Role 04,SAL,L6,Y,1.0,39.0,2022-09-30,
ASN-007830-01,HRIS-WKR-007830,POS-OPS-L2-0044,JOB-OPS-L2-02,Operations L2 Role 02,OPS,L2,Y,1.0,39.0,2025-01-09,
ASN-007831-01,HRIS-WKR-007831,POS-OPS-L4-0058,JOB-OPS-L4-04,Operations L4 Role 04,OPS,L4,Y,1.0,39.0,2025-03-04,
ASN-007832-01,HRIS-WKR-007832,POS-HR-L6-0141,JOB-HR-L6-03,People L6 Role 03,HR,L6,Y,1.0,39.0,2021-04-03,
ASN-007833-01,HRIS-WKR-007833,POS-SAL-L5-0172,JOB-SAL-L5-04,Sales L5 Role 04,SAL,L5,Y,1.0,39.0,2020-11-24,
ASN-007834-01,HRIS-WKR-007834,POS-ENG-L2-0007,JOB-ENG-L2-01,Engineering L2 Role 01,ENG,L2,Y,1.0,39.0,2021-02-12,
ASN-007835-01,HRIS-WKR-007835,POS-ENG-L3-0016,JOB-ENG-L3-04,Engineering L3 Role 04,ENG,L3,Y,0.8,31.2,2019-04-18,
ASN-007836-01,HRIS-WKR-007836,POS-TEC-L2-0188,JOB-TEC-L2-02,Technology L2 Role 02,TEC,L2,Y,1.0,39.0,2021-03-18,
ASN-007836-02,HRIS-WKR-007836,POS-SAL-L4-0168,JOB-SAL-L4-06,Sales L4 Role 06,SAL,L4,N,0.4,15.6,2023-03-26,
ASN-007837-01,HRIS-WKR-007837,POS-FIN-L5-0102,JOB-FIN-L5-06,Finance L5 Role 06,FIN,L5,Y,1.0,39.0,2021-03-23,
ASN-007838-01,HRIS-WKR-007838,POS-SAL-L1-0146,JOB-SAL-L1-02,Sales L1 Role 02,SAL,L1,Y,0.5,19.5,2023-02-05,
ASN-007839-01,HRIS-WKR-007839,POS-OPS-L5-0064,JOB-OPS-L5-04,Operations L5 Role 04,OPS,L5,Y,1.0,39.0,2018-01-13,
ASN-007840-01,HRIS-WKR-007840,POS-FIN-L4-0095,JOB-FIN-L4-05,Finance L4 Role 05,FIN,L4,Y,1.0,39.0,2025-08-27,
ASN-007840-02,HRIS-WKR-007840,POS-FIN-L4-0094,JOB-FIN-L4-04,Finance L4 Role 04,FIN,L4,N,0.3,11.7,2023-03-25,
ASN-007841-01,HRIS-WKR-007841,POS-TEC-L1-0185,JOB-TEC-L1-05,Technology L1 Role 05,TEC,L1,Y,1.0,39.0,2023-03-07,
ASN-007842-01,HRIS-WKR-007842,POS-OPS-L5-0065,JOB-OPS-L5-05,Operations L5 Role 05,OPS,L5,Y,1.0,39.0,2023-11-28,
ASN-007843-01,HRIS-WKR-007843,POS-HR-L5-0134,JOB-HR-L5-02,People L5 Role 02,HR,L5,Y,1.0,39.0,2024-08-19,
ASN-007844-01,HRIS-WKR-007844,POS-FIN-L2-0082,JOB-FIN-L2-04,Finance L2 Role 04,FIN,L2,Y,1.0,39.0,2018-08-02,
ASN-007845-01,HRIS-WKR-007845,POS-ENG-L2-0012,JOB-ENG-L2-06,Engineering L2 Role 06,ENG,L2,Y,1.0,39.0,2021-12-26,
ASN-007846-01,HRIS-WKR-007846,POS-FIN-L2-0083,JOB-FIN-L2-05,Finance L2 Role 05,FIN,L4,Y,1.0,39.0,2018-07-15,
ASN-007847-01,HRIS-WKR-007847,POS-TEC-L1-0183,JOB-TEC-L1-03,Technology L1 Role 03,TEC,L1,Y,1.0,39.0,2018-07-31,
ASN-007848-01,HRIS-WKR-007848,POS-HR-L6-0141,JOB-HR-L6-03,People L6 Role 03,HR,L6,Y,1.0,39.0,2023-10-06,
ASN-007849-01,HRIS-WKR-007849,POS-HR-L5-0135,JOB-HR-L5-03,People L5 Role 03,HR,L5,Y,1.0,39.0,2024-07-30,
ASN-007850-01,HRIS-WKR-007850,POS-OPS-L4-0057,JOB-OPS-L4-03,Operations L4 Role 03,OPS,L4,Y,1.0,39.0,2019-12-17,
ASN-007851-01,HRIS-WKR-007851,POS-FIN-L4-0096,JOB-FIN-L4-06,Finance L4 Role 06,FIN,L4,Y,1.0,39.0,2020-02-02,
ASN-007852-01,HRIS-WKR-007852,POS-OPS-L5-0063,JOB-OPS-L5-03,Operations L5 Role 03,OPS,L5,Y,1.0,39.0,2019-01-02,
ASN-007853-01,HRIS-WKR-007853,POS-SAL-L3-0160,JOB-SAL-L3-04,Sales L3 Role 04,SAL,L3,Y,1.0,39.0,2022-02-25,
ASN-007854-01,HRIS-WKR-007854,POS-FIN-L6-0105,JOB-FIN-L6-03,Finance L6 Role 03,FIN,L6,Y,1.0,39.0,2020-05-03,
ASN-007855-01,HRIS-WKR-007855,POS-OPS-L4-0057,JOB-OPS-L4-03,Operations L4 Role 03,OPS,L4,Y,1.0,39.0,2020-01-27,
ASN-007856-01,HRIS-WKR-007856,POS-OPS-L4-0058,JOB-OPS-L4-04,Operations L4 Role 04,OPS,L4,Y,1.0,39.0,2022-11-21,
ASN-007857-01,HRIS-WKR-007857,POS-OPS-L5-0066,JOB-OPS-L5-06,Operations L5 Role 06,OPS,L5,Y,1.0,39.0,2022-08-14,
ASN-007858-01,HRIS-WKR-007858,POS-OPS-L3-0053,JOB-OPS-L3-05,Operations L3 Role 05,OPS,L3,Y,0.4,15.6,2019-03-26,
ASN-007859-01,HRIS-WKR-007859,POS-ENG-L3-0014,JOB-ENG-L3-02,Engineering L3 Role 02,ENG,L3,Y,1.0,39.0,2021-09-01,
ASN-007860-01,HRIS-WKR-007860,POS-OPS-L2-0048,JOB-OPS-L2-06,Operations L2 Role 06,OPS,L2,Y,1.0,39.0,2019-02-22,
ASN-007861-01,HRIS-WKR-007861,POS-FIN-L3-0086,JOB-FIN-L3-02,Finance L3 Role 02,FIN,L3,Y,1.0,39.0,2018-01-03,
ASN-007861-02,HRIS-WKR-007861,POS-OPS-L1-0039,JOB-OPS-L1-03,Operations L1 Role 03,OPS,L1,N,0.2,7.8,2018-11-30,
ASN-007862-01,HRIS-WKR-007862,POS-HR-L1-0114,JOB-HR-L1-06,People L1 Role 06,HR,L1,Y,1.0,39.0,2023-02-06,
ASN-007863-01,HRIS-WKR-007863,POS-FIN-L5-0097,JOB-FIN-L5-01,Finance L5 Role 01,FIN,L5,Y,0.8,31.2,2019-08-26,
ASN-007864-01,HRIS-WKR-007864,POS-OPS-L3-0053,JOB-OPS-L3-05,Operations L3 Role 05,OPS,L3,Y,1.0,39.0,2021-11-04,
ASN-007865-01,HRIS-WKR-007865,POS-TEC-L1-0185,JOB-TEC-L1-05,Technology L1 Role 05,TEC,L1,Y,1.0,39.0,2023-05-18,
ASN-007866-01,HRIS-WKR-007866,POS-TEC-L3-0193,JOB-TEC-L3-01,Technology L3 Role 01,TEC,L3,Y,1.0,39.0,2018-06-14,
ASN-007867-01,HRIS-WKR-007867,POS-HR-L6-0142,JOB-HR-L6-04,People L6 Role 04,HR,L6,Y,1.0,39.0,2021-01-13,
ASN-007868-01,HRIS-WKR-007868,POS-TEC-L5-0206,JOB-TEC-L5-02,Technology L5 Role 02,TEC,L5,Y,1.0,39.0,2026-01-24,
ASN-007868-02,HRIS-WKR-007868,POS-TEC-L6-0214,JOB-TEC-L6-04,Technology L6 Role 04,TEC,L6,N,0.4,15.6,2019-10-16,
ASN-007869-01,HRIS-WKR-007869,POS-ENG-L4-0024,JOB-ENG-L4-06,Engineering L4 Role 06,ENG,L4,Y,1.0,39.0,2020-09-13,
ASN-007870-01,HRIS-WKR-007870,POS-SAL-L4-0163,JOB-SAL-L4-01,Sales L4 Role 01,SAL,L4,Y,1.0,39.0,2024-07-16,
ASN-007871-01,HRIS-WKR-007871,POS-HR-L2-0115,JOB-HR-L2-01,People L2 Role 01,HR,L2,Y,1.0,39.0,2025-08-19,
ASN-007872-01,HRIS-WKR-007872,POS-HR-L4-0127,JOB-HR-L4-01,People L4 Role 01,HR,L4,Y,0.8,31.2,2022-09-07,
ASN-007873-01,HRIS-WKR-007873,POS-OPS-L4-0055,JOB-OPS-L4-01,Operations L4 Role 01,OPS,L4,Y,1.0,39.0,2020-01-25,
ASN-007874-01,HRIS-WKR-007874,POS-HR-L2-0120,JOB-HR-L2-06,People L2 Role 06,HR,L2,Y,1.0,39.0,2025-10-29,
ASN-007875-01,HRIS-WKR-007875,POS-SAL-L1-0146,JOB-SAL-L1-02,Sales L1 Role 02,SAL,L1,Y,1.0,39.0,2021-06-26,
ASN-007876-01,HRIS-WKR-007876,POS-SAL-L2-0155,JOB-SAL-L2-05,Sales L2 Role 05,SAL,L2,Y,1.0,39.0,2022-08-24,
ASN-007877-01,HRIS-WKR-007877,POS-ENG-L4-0024,JOB-ENG-L4-06,Engineering L4 Role 06,ENG,L4,Y,1.0,39.0,2021-07-16,
ASN-007878-01,HRIS-WKR-007878,POS-SAL-L1-0147,JOB-SAL-L1-03,Sales L1 Role 03,SAL,L1,Y,1.0,39.0,2021-05-11,
ASN-007878-02,HRIS-WKR-007878,POS-HR-L3-0126,JOB-HR-L3-06,People L3 Role 06,HR,L3,N,0.2,7.8,2023-08-12,
ASN-007879-01,HRIS-WKR-007879,POS-HR-L3-0124,JOB-HR-L3-04,People L3 Role 04,HR,L3,Y,1.0,39.0,2024-01-08,
ASN-007880-01,HRIS-WKR-007880,POS-TEC-L6-0211,JOB-TEC-L6-01,Technology L6 Role 01,TEC,L6,Y,1.0,39.0,2022-03-16,
ASN-007881-01,HRIS-WKR-007881,POS-ENG-L6-0031,JOB-ENG-L6-01,Engineering L6 Role 01,ENG,L6,Y,1.0,39.0,2020-08-18,
ASN-007882-01,HRIS-WKR-007882,POS-TEC-L1-0186,JOB-TEC-L1-06,Technology L1 Role 06,TEC,L1,Y,1.0,39.0,2020-09-11,
ASN-007883-01,HRIS-WKR-007883,POS-ENG-L2-0010,JOB-ENG-L2-04,Engineering L2 Role 04,ENG,L2,Y,0.8,31.2,2023-04-16,
ASN-007884-01,HRIS-WKR-007884,POS-FIN-L2-0079,JOB-FIN-L2-01,Finance L2 Role 01,FIN,L2,Y,1.0,39.0,2023-08-24,
ASN-007885-01,HRIS-WKR-007885,POS-SAL-L5-0171,JOB-SAL-L5-03,Sales L5 Role 03,SAL,L5,Y,0.6,23.4,2019-04-18,
ASN-007886-01,HRIS-WKR-007886,POS-OPS-L1-0037,JOB-OPS-L1-01,Operations L1 Role 01,OPS,L1,Y,1.0,39.0,2025-09-22,
ASN-007887-01,HRIS-WKR-007887,POS-ENG-L2-0007,JOB-ENG-L2-01,Engineering L2 Role 01,ENG,L2,Y,1.0,39.0,2024-01-02,
ASN-007887-02,HRIS-WKR-007887,POS-ENG-L5-0026,JOB-ENG-L5-02,Engineering L5 Role 02,ENG,L5,N,0.2,7.8,2021-09-13,
ASN-007888-01,HRIS-WKR-007888,POS-OPS-L4-0056,JOB-OPS-L4-02,Operations L4 Role 02,OPS,L4,Y,1.0,39.0,2023-07-19,
ASN-007888-02,HRIS-WKR-007888,POS-TEC-L2-0189,JOB-TEC-L2-03,Technology L2 Role 03,TEC,L2,N,0.4,15.6,2023-02-11,
ASN-007889-01,HRIS-WKR-007889,POS-ENG-L1-0004,JOB-ENG-L1-04,Engineering L1 Role 04,ENG,L1,Y,1.0,39.0,2023-01-08,
ASN-007889-02,HRIS-WKR-007889,POS-TEC-L2-0189,JOB-TEC-L2-03,Technology L2 Role 03,TEC,L2,N,0.2,7.8,2024-08-18,
ASN-007890-01,HRIS-WKR-007890,POS-OPS-L6-0067,JOB-OPS-L6-01,Operations L6 Role 01,OPS,L6,Y,1.0,39.0,2024-10-15,
ASN-007891-01,HRIS-WKR-007891,POS-FIN-L1-0073,JOB-FIN-L1-01,Finance L1 Role 01,FIN,L1,Y,1.0,39.0,2018-04-02,
ASN-007892-01,HRIS-WKR-007892,POS-ENG-L4-0019,JOB-ENG-L4-01,Engineering L4 Role 01,ENG,L4,Y,1.0,39.0,2020-07-23,
ASN-007893-01,HRIS-WKR-007893,POS-OPS-L4-0056,JOB-OPS-L4-02,Operations L4 Role 02,OPS,L4,Y,1.0,39.0,2021-07-07,
ASN-007894-01,HRIS-WKR-007894,POS-OPS-L4-0056,JOB-OPS-L4-02,Operations L4 Role 02,OPS,L4,Y,0.6,23.4,2024-08-12,
ASN-007895-01,HRIS-WKR-007895,POS-FIN-L1-0075,JOB-FIN-L1-03,Finance L1 Role 03,FIN,L1,Y,1.0,39.0,2023-12-14,
ASN-007896-01,HRIS-WKR-007896,POS-ENG-L3-0018,JOB-ENG-L3-06,Engineering L3 Role 06,ENG,L3,Y,1.0,39.0,2025-12-19,
ASN-007897-01,HRIS-WKR-007897,POS-HR-L1-0113,JOB-HR-L1-05,People L1 Role 05,HR,L1,Y,1.0,39.0,2019-01-13,
ASN-007898-01,HRIS-WKR-007898,POS-OPS-L5-0061,JOB-OPS-L5-01,Operations L5 Role 01,OPS,L5,Y,0.6,23.4,2018-08-07,
ASN-007899-01,HRIS-WKR-007899,POS-FIN-L6-0107,JOB-FIN-L6-05,Finance L6 Role 05,FIN,L6,Y,1.0,39.0,2023-07-15,
ASN-007900-01,HRIS-WKR-007900,POS-FIN-L3-0089,JOB-FIN-L3-05,Finance L3 Role 05,FIN,L3,Y,1.0,39.0,2024-12-01,
ASN-007901-01,HRIS-WKR-007901,POS-SAL-L6-0175,JOB-SAL-L6-01,Sales L6 Role 01,SAL,L6,Y,1.0,39.0,2022-04-06,
ASN-007902-01,HRIS-WKR-007902,POS-FIN-L2-0083,JOB-FIN-L2-05,Finance L2 Role 05,FIN,L2,Y,1.0,39.0,2021-01-12,
ASN-007903-01,HRIS-WKR-007903,POS-SAL-L3-0161,JOB-SAL-L3-05,Sales L3 Role 05,SAL,L3,Y,,,2019-08-18,
ASN-007904-01,HRIS-WKR-007904,POS-FIN-L2-0082,JOB-FIN-L2-04,Finance L2 Role 04,FIN,L2,Y,1.0,39.0,2021-08-02,
ASN-007905-01,HRIS-WKR-007905,POS-OPS-L4-0058,JOB-OPS-L4-04,Operations L4 Role 04,OPS,L4,Y,0.5,19.5,2024-04-22,
ASN-007906-01,HRIS-WKR-007906,POS-HR-L4-0130,JOB-HR-L4-04,People L4 Role 04,HR,L4,Y,1.0,39.0,2024-08-06,
ASN-007907-01,HRIS-WKR-007907,POS-FIN-L3-0087,JOB-FIN-L3-03,Finance L3 Role 03,FIN,L3,Y,1.0,39.0,2022-07-22,
ASN-007908-01,HRIS-WKR-007908,POS-FIN-L5-0102,JOB-FIN-L5-06,Finance L5 Role 06,FIN,L5,Y,1.0,39.0,2021-06-06,
ASN-007909-01,HRIS-WKR-007909,POS-SAL-L4-0165,JOB-SAL-L4-03,Sales L4 Role 03,SAL,L4,Y,1.0,39.0,2021-09-18,
ASN-007909-02,HRIS-WKR-007909,POS-ENG-L5-0029,JOB-ENG-L5-05,Engineering L5 Role 05,ENG,L5,N,0.2,7.8,2025-09-04,
ASN-007910-01,HRIS-WKR-007910,POS-HR-L1-0112,JOB-HR-L1-04,People L1 Role 04,HR,L1,Y,1.0,39.0,2024-01-28,
ASN-007910-02,HRIS-WKR-007910,POS-ENG-L5-0030,JOB-ENG-L5-06,Engineering L5 Role 06,ENG,L5,N,0.3,11.7,2020-12-08,
ASN-007911-01,HRIS-WKR-007911,POS-HR-L6-0140,JOB-HR-L6-02,People L6 Role 02,HR,L6,Y,1.0,39.0,2019-11-26,
ASN-007912-01,HRIS-WKR-007912,POS-HR-L2-0116,JOB-HR-L2-02,People L2 Role 02,HR,L2,Y,0.8,31.2,2021-03-23,
ASN-007913-01,HRIS-WKR-007913,POS-OPS-L5-0065,JOB-OPS-L5-05,Operations L5 Role 05,OPS,L5,Y,1.0,39.0,2024-09-04,
ASN-007914-01,HRIS-WKR-007914,POS-HR-L1-0112,JOB-HR-L1-04,People L1 Role 04,HR,L1,Y,1.0,39.0,2022-10-28,
ASN-007914-02,HRIS-WKR-007914,POS-HR-L3-0122,JOB-HR-L3-02,People L3 Role 02,HR,L3,N,0.2,7.8,2023-09-04,
ASN-007915-01,HRIS-WKR-007915,POS-OPS-L2-0048,JOB-OPS-L2-06,Operations L2 Role 06,OPS,L2,Y,1.0,39.0,2019-12-27,
ASN-007916-01,HRIS-WKR-007916,POS-OPS-L6-0071,JOB-OPS-L6-05,Operations L6 Role 05,OPS,L6,Y,1.0,39.0,2023-06-29,
ASN-007917-01,HRIS-WKR-007917,POS-TEC-L2-0188,JOB-TEC-L2-02,Technology L2 Role 02,TEC,L2,Y,0.8,31.2,2023-03-05,
ASN-007917-02,HRIS-WKR-007917,POS-SAL-L3-0160,JOB-SAL-L3-04,Sales L3 Role 04,SAL,L3,N,0.4,15.6,2025-05-06,
ASN-007918-01,HRIS-WKR-007918,POS-TEC-L5-0206,JOB-TEC-L5-02,Technology L5 Role 02,TEC,L6,Y,1.0,39.0,2023-10-01,
ASN-007919-01,HRIS-WKR-007919,POS-TEC-L1-0181,JOB-TEC-L1-01,Technology L1 Role 01,TEC,L1,Y,0.8,31.2,2020-09-20,
ASN-007920-01,HRIS-WKR-007920,POS-HR-L5-0136,JOB-HR-L5-04,People L5 Role 04,HR,L5,Y,0.5,19.5,2025-06-18,
ASN-007921-01,HRIS-WKR-007921,POS-TEC-L3-0197,JOB-TEC-L3-05,Technology L3 Role 05,TEC,L3,Y,,,2022-09-27,
ASN-007922-01,HRIS-WKR-007922,POS-FIN-L2-0083,JOB-FIN-L2-05,Finance L2 Role 05,FIN,L2,Y,0.8,31.2,2024-03-24,
ASN-007923-01,HRIS-WKR-007923,POS-OPS-L5-0065,JOB-OPS-L5-05,Operations L5 Role 05,OPS,L5,Y,1.0,39.0,2024-06-29,
ASN-007924-01,HRIS-WKR-007924,POS-ENG-L1-0003,JOB-ENG-L1-03,Engineering L1 Role 03,ENG,L1,Y,0.8,31.2,2021-10-19,
ASN-007925-01,HRIS-WKR-007925,POS-FIN-L3-0085,JOB-FIN-L3-01,Finance L3 Role 01,FIN,L3,Y,1.0,39.0,2019-09-30,
ASN-007926-01,HRIS-WKR-007926,POS-SAL-L3-0160,JOB-SAL-L3-04,Sales L3 Role 04,SAL,L3,Y,1.0,39.0,2018-01-01,
ASN-007927-01,HRIS-WKR-007927,POS-TEC-L6-0214,JOB-TEC-L6-04,Technology L6 Role 04,TEC,L6,Y,1.0,39.0,2025-12-15,
ASN-007928-01,HRIS-WKR-007928,POS-TEC-L3-0193,JOB-TEC-L3-01,Technology L3 Role 01,TEC,L3,Y,1.0,39.0,2019-11-28,
ASN-007928-02,HRIS-WKR-007928,POS-ENG-L1-0006,JOB-ENG-L1-06,Engineering L1 Role 06,ENG,L1,N,0.4,15.6,2022-09-24,
ASN-007929-01,HRIS-WKR-007929,POS-TEC-L4-0203,JOB-TEC-L4-05,Technology L4 Role 05,TEC,L4,Y,1.0,39.0,2022-11-23,
ASN-007930-01,HRIS-WKR-007930,POS-FIN-L6-0103,JOB-FIN-L6-01,Finance L6 Role 01,FIN,L6,Y,1.0,39.0,2023-02-02,
ASN-007931-01,HRIS-WKR-007931,POS-ENG-L1-0003,JOB-ENG-L1-03,Engineering L1 Role 03,ENG,L1,Y,0.6,23.4,2024-11-04,
ASN-007932-01,HRIS-WKR-007932,POS-TEC-L2-0190,JOB-TEC-L2-04,Technology L2 Role 04,TEC,L2,Y,1.0,39.0,2020-03-09,
ASN-007933-01,HRIS-WKR-007933,POS-FIN-L3-0085,JOB-FIN-L3-01,Finance L3 Role 01,FIN,L3,Y,1.0,39.0,2023-12-11,
ASN-007934-01,HRIS-WKR-007934,POS-OPS-L2-0043,JOB-OPS-L2-01,Operations L2 Role 01,OPS,L2,Y,1.0,39.0,2022-04-18,
ASN-007935-01,HRIS-WKR-007935,POS-OPS-L4-0057,JOB-OPS-L4-03,Operations L4 Role 03,OPS,L4,Y,1.0,39.0,2018-05-07,
ASN-007936-01,HRIS-WKR-007936,POS-ENG-L5-0029,JOB-ENG-L5-05,Engineering L5 Role 05,ENG,L5,Y,1.0,39.0,2018-02-03,
ASN-007936-02,HRIS-WKR-007936,POS-HR-L1-0114,JOB-HR-L1-06,People L1 Role 06,HR,L1,N,0.4,15.6,2024-02-24,
ASN-007937-01,HRIS-WKR-007937,POS-OPS-L4-0059,JOB-OPS-L4-05,Operations L4 Role 05,OPS,L4,Y,1.0,39.0,2021-12-08,
ASN-007938-01,HRIS-WKR-007938,POS-SAL-L5-0169,JOB-SAL-L5-01,Sales L5 Role 01,SAL,L5,Y,1.0,39.0,2026-01-27,
ASN-007939-01,HRIS-WKR-007939,POS-OPS-L3-0053,JOB-OPS-L3-05,Operations L3 Role 05,OPS,L3,Y,0.5,19.5,2023-02-02,
ASN-007940-01,HRIS-WKR-007940,POS-ENG-L5-0025,JOB-ENG-L5-01,Engineering L5 Role 01,ENG,L5,Y,0.5,19.5,2021-08-29,
ASN-007941-01,HRIS-WKR-007941,POS-ENG-L5-0030,JOB-ENG-L5-06,Engineering L5 Role 06,ENG,L5,Y,1.0,39.0,2021-01-30,
ASN-007942-01,HRIS-WKR-007942,POS-TEC-L2-0187,JOB-TEC-L2-01,Technology L2 Role 01,TEC,L2,Y,1.0,39.0,2023-04-11,
ASN-007943-01,HRIS-WKR-007943,POS-SAL-L2-0152,JOB-SAL-L2-02,Sales L2 Role 02,SAL,L2,Y,1.0,39.0,2025-11-29,
ASN-007944-01,HRIS-WKR-007944,POS-ENG-L5-0027,JOB-ENG-L5-03,Engineering L5 Role 03,ENG,L5,Y,0.8,31.2,2022-09-08,
ASN-007945-01,HRIS-WKR-007945,POS-HR-L1-0110,JOB-HR-L1-02,People L1 Role 02,HR,L1,Y,1.0,39.0,2022-10-30,
ASN-007946-01,HRIS-WKR-007946,POS-TEC-L1-0182,JOB-TEC-L1-02,Technology L1 Role 02,TEC,L1,Y,1.0,39.0,2021-05-30,
ASN-007947-01,HRIS-WKR-007947,POS-FIN-L6-0104,JOB-FIN-L6-02,Finance L6 Role 02,FIN,L6,Y,1.0,39.0,2018-10-11,
ASN-007948-01,HRIS-WKR-007948,POS-TEC-L6-0216,JOB-TEC-L6-06,Technology L6 Role 06,TEC,L6,Y,1.0,39.0,2024-11-24,
ASN-007949-01,HRIS-WKR-007949,POS-SAL-L6-0178,JOB-SAL-L6-04,Sales L6 Role 04,SAL,L6,Y,1.0,39.0,2024-06-17,
ASN-007950-01,HRIS-WKR-007950,POS-SAL-L1-0148,JOB-SAL-L1-04,Sales L1 Role 04,SAL,L1,Y,1.0,39.0,2023-09-20,
ASN-007951-01,HRIS-WKR-007951,POS-HR-L2-0119,JOB-HR-L2-05,People L2 Role 05,HR,L2,Y,1.0,39.0,2022-11-14,
ASN-007952-01,HRIS-WKR-007952,POS-OPS-L1-0040,JOB-OPS-L1-04,Operations L1 Role 04,OPS,L1,Y,1.0,39.0,2023-09-22,
ASN-007953-01,HRIS-WKR-007953,POS-FIN-L3-0089,JOB-FIN-L3-05,Finance L3 Role 05,FIN,L3,Y,1.0,39.0,2025-12-21,
ASN-007954-01,HRIS-WKR-007954,POS-HR-L5-0137,JOB-HR-L5-05,People L5 Role 05,HR,L5,Y,1.0,39.0,2021-09-02,
ASN-007954-02,HRIS-WKR-007954,POS-ENG-L3-0016,JOB-ENG-L3-04,Engineering L3 Role 04,ENG,L3,N,0.2,7.8,2022-03-09,
ASN-007955-01,HRIS-WKR-007955,POS-TEC-L6-0214,JOB-TEC-L6-04,Technology L6 Role 04,TEC,L6,Y,1.0,39.0,2024-01-21,
ASN-007955-02,HRIS-WKR-007955,POS-SAL-L6-0176,JOB-SAL-L6-02,Sales L6 Role 02,SAL,L6,N,0.2,7.8,2025-07-22,
ASN-007956-01,HRIS-WKR-007956,POS-HR-L3-0123,JOB-HR-L3-03,People L3 Role 03,HR,L3,Y,1.0,39.0,2024-02-27,
ASN-007957-01,HRIS-WKR-007957,POS-OPS-L6-0069,JOB-OPS-L6-03,Operations L6 Role 03,OPS,L6,Y,1.0,39.0,2020-03-29,
ASN-007958-01,HRIS-WKR-007958,POS-SAL-L4-0168,JOB-SAL-L4-06,Sales L4 Role 06,SAL,L4,Y,1.0,39.0,2021-10-31,
ASN-007959-01,HRIS-WKR-007959,POS-HR-L3-0125,JOB-HR-L3-05,People L3 Role 05,HR,L3,Y,0.6,23.4,2024-07-06,
ASN-007960-01,HRIS-WKR-007960,POS-TEC-L2-0189,JOB-TEC-L2-03,Technology L2 Role 03,TEC,L2,Y,0.5,19.5,2024-06-08,
ASN-007961-01,HRIS-WKR-007961,POS-FIN-L1-0078,JOB-FIN-L1-06,Finance L1 Role 06,FIN,L1,Y,1.0,39.0,2022-03-19,
ASN-007962-01,HRIS-WKR-007962,POS-OPS-L6-0068,JOB-OPS-L6-02,Operations L6 Role 02,OPS,L6,Y,1.0,39.0,2022-04-02,
ASN-007963-01,HRIS-WKR-007963,POS-OPS-L4-0055,JOB-OPS-L4-01,Operations L4 Role 01,OPS,L4,Y,0.4,15.6,2022-02-18,
ASN-007964-01,HRIS-WKR-007964,POS-FIN-L6-0107,JOB-FIN-L6-05,Finance L6 Role 05,FIN,L6,Y,1.0,39.0,2025-06-30,
ASN-007965-01,HRIS-WKR-007965,POS-FIN-L1-0076,JOB-FIN-L1-04,Finance L1 Role 04,FIN,L1,Y,1.0,39.0,2022-08-29,
ASN-007965-02,HRIS-WKR-007965,POS-ENG-L4-0021,JOB-ENG-L4-03,Engineering L4 Role 03,ENG,L4,N,0.2,7.8,2019-09-01,
ASN-007966-01,HRIS-WKR-007966,POS-TEC-L5-0210,JOB-TEC-L5-06,Technology L5 Role 06,TEC,L5,Y,1.0,39.0,2018-06-15,
ASN-007967-01,HRIS-WKR-007967,POS-HR-L5-0133,JOB-HR-L5-01,People L5 Role 01,HR,L5,Y,1.0,39.0,2019-12-23,
ASN-007968-01,HRIS-WKR-007968,POS-OPS-L1-0039,JOB-OPS-L1-03,Operations L1 Role 03,OPS,L1,Y,1.0,39.0,2020-05-09,
ASN-007969-01,HRIS-WKR-007969,POS-OPS-L3-0053,JOB-OPS-L3-05,Operations L3 Role 05,OPS,L3,Y,0.4,15.6,2022-12-11,
ASN-007970-01,HRIS-WKR-007970,POS-OPS-L1-0040,JOB-OPS-L1-04,Operations L1 Role 04,OPS,L1,Y,1.0,39.0,2020-05-31,
ASN-007971-01,HRIS-WKR-007971,POS-ENG-L4-0023,JOB-ENG-L4-05,Engineering L4 Role 05,ENG,L4,Y,1.0,39.0,2022-12-03,
ASN-007972-01,HRIS-WKR-007972,POS-ENG-L5-0026,JOB-ENG-L5-02,Engineering L5 Role 02,ENG,L5,Y,0.5,19.5,2024-11-12,
ASN-007973-01,HRIS-WKR-007973,POS-OPS-L2-0045,JOB-OPS-L2-03,Operations L2 Role 03,OPS,L2,Y,1.0,39.0,2022-11-09,
ASN-007973-02,HRIS-WKR-007973,POS-OPS-L3-0052,JOB-OPS-L3-04,Operations L3 Role 04,OPS,L3,N,0.4,15.6,2020-10-05,
ASN-007974-01,HRIS-WKR-007974,POS-TEC-L6-0216,JOB-TEC-L6-06,Technology L6 Role 06,TEC,L6,Y,1.0,39.0,2019-07-07,
ASN-007975-01,HRIS-WKR-007975,POS-HR-L5-0135,JOB-HR-L5-03,People L5 Role 03,HR,L5,Y,1.0,39.0,2021-09-14,
ASN-007976-01,HRIS-WKR-007976,POS-OPS-L3-0051,JOB-OPS-L3-03,Operations L3 Role 03,OPS,L3,Y,0.8,31.2,2018-08-29,
ASN-007977-01,HRIS-WKR-007977,POS-TEC-L6-0213,JOB-TEC-L6-03,Technology L6 Role 03,TEC,L6,Y,1.0,39.0,2025-10-03,
ASN-007978-01,HRIS-WKR-007978,POS-ENG-L3-0016,JOB-ENG-L3-04,Engineering L3 Role 04,ENG,L3,Y,1.0,39.0,2019-01-12,
ASN-007979-01,HRIS-WKR-007979,POS-OPS-L4-0058,JOB-OPS-L4-04,Operations L4 Role 04,OPS,L4,Y,0.8,31.2,2019-12-10,
ASN-007980-01,HRIS-WKR-007980,POS-TEC-L3-0193,JOB-TEC-L3-01,Technology L3 Role 01,TEC,L3,Y,0.5,19.5,2022-07-27,
ASN-007981-01,HRIS-WKR-007981,POS-TEC-L6-0212,JOB-TEC-L6-02,Technology L6 Role 02,TEC,L6,Y,1.0,39.0,2023-10-03,
ASN-007982-01,HRIS-WKR-007982,POS-SAL-L3-0160,JOB-SAL-L3-04,Sales L3 Role 04,SAL,L3,Y,0.5,19.5,2022-07-03,
ASN-007983-01,HRIS-WKR-007983,POS-TEC-L5-0209,JOB-TEC-L5-05,Technology L5 Role 05,TEC,L5,Y,0.8,31.2,2019-10-14,
ASN-007984-01,HRIS-WKR-007984,POS-TEC-L6-0216,JOB-TEC-L6-06,Technology L6 Role 06,TEC,L6,Y,0.6,23.4,2020-08-20,
ASN-007984-02,HRIS-WKR-007984,POS-ENG-L2-0009,JOB-ENG-L2-03,Engineering L2 Role 03,ENG,L2,N,0.2,7.8,2025-04-05,
ASN-007985-01,HRIS-WKR-007985,POS-FIN-L5-0097,JOB-FIN-L5-01,Finance L5 Role 01,FIN,L5,Y,0.4,15.6,2018-09-12,
ASN-007985-02,HRIS-WKR-007985,POS-OPS-L1-0039,JOB-OPS-L1-03,Operations L1 Role 03,OPS,L1,N,0.2,7.8,2019-08-05,
ASN-007986-01,HRIS-WKR-007986,POS-ENG-L4-0022,JOB-ENG-L4-04,Engineering L4 Role 04,ENG,L4,Y,1.0,39.0,2019-04-10,
ASN-007987-01,HRIS-WKR-007987,POS-FIN-L2-0079,JOB-FIN-L2-01,Finance L2 Role 01,FIN,L2,Y,1.0,39.0,2022-04-06,
ASN-007988-01,HRIS-WKR-007988,POS-TEC-L5-0205,JOB-TEC-L5-01,Technology L5 Role 01,TEC,L5,Y,1.0,39.0,2018-11-15,
ASN-007989-01,HRIS-WKR-007989,POS-HR-L5-0133,JOB-HR-L5-01,People L5 Role 01,HR,L5,Y,1.0,39.0,2020-09-13,
ASN-007990-01,HRIS-WKR-007990,POS-ENG-L3-0014,JOB-ENG-L3-02,Engineering L3 Role 02,ENG,L3,Y,,,2025-03-30,
ASN-007991-01,HRIS-WKR-007991,POS-SAL-L3-0158,JOB-SAL-L3-02,Sales L3 Role 02,SAL,L3,Y,1.0,39.0,2024-04-03,
ASN-007992-01,HRIS-WKR-007992,POS-OPS-L1-0042,JOB-OPS-L1-06,Operations L1 Role 06,OPS,L1,Y,1.0,39.0,2019-01-10,
ASN-007993-01,HRIS-WKR-007993,POS-OPS-L4-0058,JOB-OPS-L4-04,Operations L4 Role 04,OPS,L4,Y,1.0,39.0,2018-06-21,
ASN-007993-02,HRIS-WKR-007993,POS-OPS-L2-0044,JOB-OPS-L2-02,Operations L2 Role 02,OPS,L2,N,0.2,7.8,2023-07-17,
ASN-007994-01,HRIS-WKR-007994,POS-SAL-L4-0168,JOB-SAL-L4-06,Sales L4 Role 06,SAL,L4,Y,0.8,31.2,2022-11-21,
ASN-007995-01,HRIS-WKR-007995,POS-TEC-L4-0201,JOB-TEC-L4-03,Technology L4 Role 03,TEC,L4,Y,1.0,39.0,2018-02-21,
ASN-007996-01,HRIS-WKR-007996,POS-OPS-L2-0046,JOB-OPS-L2-04,Operations L2 Role 04,OPS,L2,Y,1.0,39.0,2025-05-26,
ASN-007997-01,HRIS-WKR-007997,POS-HR-L2-0118,JOB-HR-L2-04,People L2 Role 04,HR,L2,Y,1.0,39.0,2020-08-27,
ASN-007998-01,HRIS-WKR-007998,POS-SAL-L2-0152,JOB-SAL-L2-02,Sales L2 Role 02,SAL,L2,Y,1.0,39.0,2025-06-11,
ASN-007999-01,HRIS-WKR-007999,POS-ENG-L1-0002,JOB-ENG-L1-02,Engineering L1 Role 02,ENG,L1,Y,1.0,39.0,2025-08-10,
ASN-007999-02,HRIS-WKR-007999,POS-FIN-L2-0080,JOB-FIN-L2-02,Finance L2 Role 02,FIN,L2,N,0.4,15.6,2025-03-21,
ASN-008000-01,HRIS-WKR-008000,POS-ENG-L5-0029,JOB-ENG-L5-05,Engineering L5 Role 05,ENG,L5,Y,1.0,39.0,2020-05-14,
